LAND_YEAR,SPECIES_ITIS,COMMON_NAME,FLAG_FMP_SPP,TOTAL_LIVE_POUNDS,TOTAL_DOLLARS,RECORD_COUNT
1972,161731,MENHADENS,0,1107169270,18214504,131
1972,551570,"SHRIMP, NORTHERN BROWN",1,144156861,100388018,1239
1972,551680,"SHRIMP, NORTHERN WHITE",1,57764206,44302601,1253
1972,098696,"CRAB, BLUE",0,35297046,3861292,1174
1972,170335,"MULLET, STRIPED",0,28705342,2501623,455
1972,551574,"SHRIMP, NORTHERN PINK",1,19656084,15709829,501
1972,079872,"OYSTER, EASTERN",0,18260495,9755871,1043
1972,169283,"CROAKER, ATLANTIC",0,11873603,1516031,1178
1972,163996,"CATFISHES, CHANNEL",0,10966954,2677525,807
1972,168853,"SNAPPER, RED",1,7903707,4342728,1102
1972,172436,"MACKEREL, SPANISH",1,7222350,893602,425
1972,167674,GROUPERS,0,7007344,1804427,356
1972,097306,"CRAYFISHES, FRESHWATER",0,5878838,1299575,152
1972,169239,"SEATROUT, SPOTTED",0,5814009,1718235,693
1972,097648,"LOBSTER, CARIBBEAN SPINY",1,4797374,5139697,31
1972,169290,"DRUM, RED",1,3332306,733901,797
1972,095601,"SHRIMPS, PENAEOID",0,2774195,1994645,52
1972,172702,FLATFISHES,0,2582119,498787,1401
1972,163954,"FISHES, BUFFALO",0,2502766,328278,486
1972,095750,"SHRIMP, ATLANIC SEABOB",0,2158968,433742,71
1972,168612,"RUNNER, BLUE",1,2062600,102821,45
1972,914179,OSTEICHTHYES,0,2039300,160691,199
1972,098811,"CRAB, FLORIDA STONE",0,1925100,1180526,19
1972,169288,"DRUM, BLACK",0,1868396,186843,561
1972,169273,KINGFISHES,0,1653683,120358,769
1972,169243,"SEATROUT, SAND",0,1505801,108379,677
1972,172434,"MACKERELS, KING AND CERO",0,1377900,255327,59
1972,168708,"POMPANO, FLORIDA",0,1126428,1436177,273
1972,161111,LADYFISH,0,999900,34124,29
1972,169189,SHEEPSHEAD,0,904220,78631,648
1972,168609,"JACK, CREVALLE",1,902700,32526,115
1972,161702,"SHAD, AMERICAN",0,866000,25980,16
1972,168907,"SNAPPER, YELLOWTAIL",1,865500,442853,9
1972,161748,"HERRING, ATLANTIC THREAD",0,805000,27790,5
1972,169364,"DRUM, FRESHWATER",0,743005,85017,392
1972,096027,"SHRIMPS, ROCK",0,663079,232729,70
1972,161092,GARFISHES,0,549240,55311,250
1972,168559,BLUEFISH,0,547634,56421,222
1972,168848,"SNAPPER, GRAY",1,529500,164108,71
1972,168723,SCADS,0,509200,68309,7
1972,170336,"MULLET, WHITE",0,435300,37850,31
1972,169267,SPOT,0,365137,30037,250
1972,169055,GRUNTS,0,276500,44530,43
1972,164157,"CATFISHES, SEA",0,258712,18507,362
1972,168849,"SNAPPER, MUTTON",1,238100,101620,18
1972,167695,"GROUPER, GOLIATH",1,230805,22216,105
1972,081579,"VENUS, SUNRAY",0,215000,26956,2
1972,167704,"GROUPER, WARSAW",1,156800,23683,61
1972,163344,"CARP, COMMON",0,139640,5547,142
1972,173833,"TURTLE, GREEN",0,130730,32804,7
1972,161701,"HERRINGS, RIVER",0,127900,4501,12
1972,167687,"BASS, BLACK SEA",1,121200,15838,11
1972,168909,"SNAPPER, VERMILION",1,117400,52997,43
1972,168566,COBIA,1,117175,9931,135
1972,169013,MOJARRAS,0,93400,9959,37
1972,165460,BALLYHOO,0,87500,15044,2
1972,161763,"SARDINE, SPANISH",0,87200,3337,5
1972,169180,PORGIES,0,83500,13819,59
1972,168709,PERMIT,0,81600,13553,26
1972,173752,"TURTLES, SNAPPING",0,81415,21268,39
1972,095966,"SHRIMP, ROYAL RED",1,65962,39332,13
1972,173137,TRIGGERFISHES,0,62600,6264,18
1972,168790,DOLPHINFISH,0,55300,9968,8
1972,161104,BOWFIN,0,46876,2967,90
1972,168688,AMBERJACKS,0,44500,2070,29
1972,079737,"SCALLOP, BAY",0,35100,40256,4
1972,173433,FROGS,0,29336,16651,36
1972,173846,"TURTLES, SOFT-SHELL",0,26900,3012,12
1972,082369,"SQUIDS, LOLIGINIDAE",0,22160,2504,70
1972,169077,PIGFISH,0,21100,3109,25
1972,170566,HOGFISH,1,19500,4557,10
1972,097660,"LOBSTERS, SLIPPER",0,15800,8666,8
1972,168860,"SNAPPER, LANE",1,14600,3583,14
1972,047618,"SPONGES,SHEEPSWOOL",0,14300,131749,4
1972,159785,SHARKS,0,14200,821,9
1972,161088,PADDLEFISH,0,13258,901,63
1972,168546,"TILEFISH, GOLDEN",1,10200,2227,5
1972,096220,"SHRIMP, FW",0,6673,3423,9
1972,170424,BARRACUDAS,0,5400,270,5
1972,553237,ANGELFISHES,0,5400,401,29
1972,196434,"SPONGE, YELLOW",0,5000,8996,4
1972,169007,TRIPLETAIL,1,4503,508,21
1972,161064,STURGEONS,0,4000,401,5
1972,172409,"BONITO, ATLANTIC",0,3700,187,6
1972,173830,"TURTLE, LOGGERHEAD",0,2300,226,1
1972,160809,"SAWFISH, SMALLTOOTH",0,1341,67,2
1972,196436,"SPONGE, GRASS",0,800,1909,4
1972,173782,"TURTLES, PAINTED",0,700,5250,4
1972,079734,"SCALLOP, ATLANTIC CALICO",0,300,131,1
1972,163996,"CATFISHES, FORKTAIL",0,181,48,3
1972,173780,"TERRAPIN, DIAMONDBACK",0,132,49,2
1973,161731,MENHADENS,0,895913390,37256356,118
1973,551570,"SHRIMP, NORTHERN BROWN",1,92684523,88923635,1220
1973,551680,"SHRIMP, NORTHERN WHITE",1,52434845,52880941,1167
1973,098696,"CRAB, BLUE",0,43592153,5445068,1295
1973,170335,"MULLET, STRIPED",0,30182149,3202607,701
1973,551574,"SHRIMP, NORTHERN PINK",1,27057830,24383801,630
1973,169283,"CROAKER, ATLANTIC",0,16609506,1993881,1430
1973,079872,"OYSTER, EASTERN",0,14912242,9713479,866
1973,163996,"CATFISHES, CHANNEL",0,12680342,3601973,806
1973,097306,"CRAYFISHES, FRESHWATER",0,10384482,2057676,164
1973,168853,"SNAPPER, RED",1,7712788,4656717,1115
1973,169239,"SEATROUT, SPOTTED",0,7439185,2500879,830
1973,172436,"MACKEREL, SPANISH",1,6457577,1025897,513
1973,167674,GROUPERS,0,5582054,1626143,404
1973,097648,"LOBSTER, CARIBBEAN SPINY",1,5426610,5781294,72
1973,095750,"SHRIMP, ATLANIC SEABOB",0,4545400,1696968,86
1973,169290,"DRUM, RED",1,4073059,995626,886
1973,914179,OSTEICHTHYES,0,2619299,220952,238
1973,168609,"JACK, CREVALLE",1,2428300,137075,147
1973,163954,"FISHES, BUFFALO",0,2293223,313520,479
1973,172434,"MACKERELS, KING AND CERO",0,2216800,597404,71
1973,098811,"CRAB, FLORIDA STONE",0,2034100,1386147,39
1973,169243,"SEATROUT, SAND",0,2024547,155074,812
1973,169288,"DRUM, BLACK",0,1926160,212801,653
1973,095601,"SHRIMPS, PENAEOID",0,1710855,1835276,43
1973,172702,FLATFISHES,0,1692103,392771,1454
1973,161111,LADYFISH,0,1526200,76833,42
1973,169273,KINGFISHES,0,1406276,111513,757
1973,168612,"RUNNER, BLUE",1,1373700,87178,53
1973,169189,SHEEPSHEAD,0,1349568,109674,802
1973,161702,"SHAD, AMERICAN",0,1200000,46250,7
1973,169364,"DRUM, FRESHWATER",0,1049938,124482,461
1973,161748,"HERRING, ATLANTIC THREAD",0,952600,43246,8
1973,168708,"POMPANO, FLORIDA",0,947936,1129948,351
1973,096027,"SHRIMPS, ROCK",0,916500,344602,133
1973,168907,"SNAPPER, YELLOWTAIL",1,835500,508089,16
1973,169809,TILAPIAS,0,805100,96612,5
1973,170336,"MULLET, WHITE",0,609300,80738,28
1973,161092,GARFISHES,0,601164,67233,222
1973,168848,"SNAPPER, GRAY",1,557500,185424,93
1973,168559,BLUEFISH,0,530452,61962,220
1973,168723,SCADS,0,519200,79459,7
1973,172409,"BONITO, ATLANTIC",0,490567,24788,17
1973,095966,"SHRIMP, ROYAL RED",1,415429,432383,37
1973,169267,SPOT,0,402063,28537,412
1973,159785,SHARKS,0,319500,13833,21
1973,164157,"CATFISHES, SEA",0,314069,28438,417
1973,168849,"SNAPPER, MUTTON",1,258800,117461,21
1973,081579,"VENUS, SUNRAY",0,244000,33310,2
1973,169055,GRUNTS,0,238900,43706,39
1973,167695,"GROUPER, GOLIATH",1,226325,23738,143
1973,163344,"CARP, COMMON",0,188106,8015,153
1973,169013,MOJARRAS,0,185300,22444,50
1973,168909,"SNAPPER, VERMILION",1,176700,103731,52
1973,161701,"HERRINGS, RIVER",0,168300,9176,9
1973,161763,"SARDINE, SPANISH",0,154100,9242,3
1973,167704,"GROUPER, WARSAW",1,119600,21397,67
1973,168566,COBIA,1,112690,11466,151
1973,167687,"BASS, BLACK SEA",1,112300,18188,16
1973,165460,BALLYHOO,0,101800,17750,5
1973,173846,"TURTLES, SOFT-SHELL",0,92300,10616,17
1973,173752,"TURTLES, SNAPPING",0,80032,24468,32
1973,169180,PORGIES,0,70800,13700,58
1973,168790,DOLPHINFISH,0,69600,15543,16
1973,168709,PERMIT,0,65700,12546,28
1973,161104,BOWFIN,0,63967,3811,117
1973,173137,TRIGGERFISHES,0,53200,5729,35
1973,079737,"SCALLOP, BAY",0,52900,62656,3
1973,082369,"SQUIDS, LOLIGINIDAE",0,45434,6760,104
1973,168688,AMBERJACKS,0,38500,2922,39
1973,173433,FROGS,0,36274,22612,47
1973,173833,"TURTLE, GREEN",0,31400,8168,3
1973,168860,"SNAPPER, LANE",1,24900,8080,12
1973,161088,PADDLEFISH,0,21755,1777,56
1973,169077,PIGFISH,0,14600,1209,31
1973,170566,HOGFISH,1,14500,4171,9
1973,172482,SWORDFISH,1,14400,14400,1
1973,168546,"TILEFISH, GOLDEN",1,12600,3989,8
1973,553237,ANGELFISHES,0,11500,1084,31
1973,173830,"TURTLE, LOGGERHEAD",0,10200,1525,2
1973,161064,STURGEONS,0,8400,1076,8
1973,047618,"SPONGES,SHEEPSWOOL",0,6400,59535,4
1973,163996,"CATFISHES, FORKTAIL",0,5768,1667,14
1973,097660,"LOBSTERS, SLIPPER",0,5400,3743,7
1973,096220,"SHRIMP, FW",0,4700,1805,3
1973,169007,TRIPLETAIL,1,3906,331,22
1973,196434,"SPONGE, YELLOW",0,2000,8259,4
1973,196436,"SPONGE, GRASS",0,700,3313,4
1973,160809,"SAWFISH, SMALLTOOTH",0,100,42,2
1973,072555,SNAILS (CONCH),0,100,26,1
1973,170424,BARRACUDAS,0,100,5,1
1974,161731,MENHADENS,0,1080005970,39598445,110
1974,551570,"SHRIMP, NORTHERN BROWN",1,98741968,71045084,1117
1974,551680,"SHRIMP, NORTHERN WHITE",1,47257036,38907434,1158
1974,098696,"CRAB, BLUE",0,40449095,5451433,1259
1974,170335,"MULLET, STRIPED",0,27747810,3363596,601
1974,551574,"SHRIMP, NORTHERN PINK",1,26511581,21618367,646
1974,079872,"OYSTER, EASTERN",0,14877932,9795377,901
1974,169283,"CROAKER, ATLANTIC",0,14539261,1864204,1243
1974,163996,"CATFISHES, CHANNEL",0,13557546,4091134,837
1974,172436,"MACKEREL, SPANISH",1,8554436,1479971,432
1974,914179,OSTEICHTHYES,0,8253530,372459,233
1974,168853,"SNAPPER, RED",1,8108647,5429421,1004
1974,097306,"CRAYFISHES, FRESHWATER",0,7166537,2327695,150
1974,169239,"SEATROUT, SPOTTED",0,7038552,2365928,826
1974,097648,"LOBSTER, CARIBBEAN SPINY",1,6736258,8325720,68
1974,095750,"SHRIMP, ATLANIC SEABOB",0,6673801,1715689,137
1974,167674,GROUPERS,0,6443466,2161923,389
1974,172434,"MACKERELS, KING AND CERO",0,6133500,1594149,61
1974,169290,"DRUM, RED",1,4756855,1197380,868
1974,096027,"SHRIMPS, ROCK",0,2591343,951502,120
1974,098811,"CRAB, FLORIDA STONE",0,2524100,1848623,40
1974,163954,"FISHES, BUFFALO",0,2291996,337281,465
1974,169243,"SEATROUT, SAND",0,2239490,203997,843
1974,168609,"JACK, CREVALLE",1,2089100,136873,111
1974,172702,FLATFISHES,0,2063005,476040,1411
1974,161111,LADYFISH,0,1968800,87245,46
1974,169288,"DRUM, BLACK",0,1919668,273493,550
1974,168708,"POMPANO, FLORIDA",0,1245811,1565999,337
1974,161702,"SHAD, AMERICAN",0,1137600,46730,19
1974,169364,"DRUM, FRESHWATER",0,1114076,137747,420
1974,169273,KINGFISHES,0,1061281,93282,722
1974,169189,SHEEPSHEAD,0,1061017,84819,722
1974,095601,"SHRIMPS, PENAEOID",0,943853,921961,56
1974,168907,"SNAPPER, YELLOWTAIL",1,937900,577335,17
1974,169809,TILAPIAS,0,833600,100309,5
1974,161763,"SARDINE, SPANISH",0,786000,59108,9
1974,161748,"HERRING, ATLANTIC THREAD",0,731600,34980,11
1974,168723,SCADS,0,725000,110313,8
1974,168612,"RUNNER, BLUE",1,658300,59366,60
1974,170336,"MULLET, WHITE",0,606600,93411,39
1974,168848,"SNAPPER, GRAY",1,587000,205541,83
1974,168559,BLUEFISH,0,536492,58272,194
1974,161092,GARFISHES,0,527549,65675,226
1974,095966,"SHRIMP, ROYAL RED",1,408364,335424,40
1974,164157,"CATFISHES, SEA",0,295300,23483,305
1974,169267,SPOT,0,291874,23578,318
1974,169055,GRUNTS,0,258300,53306,48
1974,168849,"SNAPPER, MUTTON",1,257000,119378,19
1974,165460,BALLYHOO,0,214100,41716,3
1974,167695,"GROUPER, GOLIATH",1,190182,21703,107
1974,163344,"CARP, COMMON",0,181160,8813,163
1974,161701,"HERRINGS, RIVER",0,178800,11003,10
1974,168909,"SNAPPER, VERMILION",1,177900,106474,52
1974,168566,COBIA,1,132795,14569,133
1974,169013,MOJARRAS,0,128400,17245,38
1974,167704,"GROUPER, WARSAW",1,118200,25126,62
1974,172409,"BONITO, ATLANTIC",0,98800,7625,19
1974,173752,"TURTLES, SNAPPING",0,94236,29585,35
1974,173846,"TURTLES, SOFT-SHELL",0,81000,12150,10
1974,169180,PORGIES,0,79800,16589,60
1974,168790,DOLPHINFISH,0,69800,16937,12
1974,082369,"SQUIDS, LOLIGINIDAE",0,66530,12682,73
1974,168688,AMBERJACKS,0,57500,4393,41
1974,173137,TRIGGERFISHES,0,54000,5869,38
1974,168709,PERMIT,0,52900,11245,26
1974,167687,"BASS, BLACK SEA",1,50600,7031,11
1974,161104,BOWFIN,0,50578,3484,104
1974,172482,SWORDFISH,1,49900,85860,3
1974,173433,FROGS,0,36076,25492,35
1974,159785,SHARKS,0,25009,1927,15
1974,168860,"SNAPPER, LANE",1,19000,7362,14
1974,173833,"TURTLE, GREEN",0,17500,4368,2
1974,079737,"SCALLOP, BAY",0,16300,18426,3
1974,168546,"TILEFISH, GOLDEN",1,15000,4908,6
1974,169077,PIGFISH,0,13100,1694,18
1974,170566,HOGFISH,1,12100,3492,8
1974,096220,"SHRIMP, FW",0,10000,4150,8
1974,161088,PADDLEFISH,0,9088,806,38
1974,081579,"VENUS, SUNRAY",0,7400,2127,3
1974,047618,"SPONGES,SHEEPSWOOL",0,6600,69074,4
1974,553237,ANGELFISHES,0,6500,523,21
1974,169007,TRIPLETAIL,1,4240,347,13
1974,161064,STURGEONS,0,4200,401,4
1974,196434,"SPONGE, YELLOW",0,2000,8113,4
1974,097660,"LOBSTERS, SLIPPER",0,1800,1705,8
1974,169406,GOATFISHES,0,1400,774,2
1974,160809,"SAWFISH, SMALLTOOTH",0,1274,64,1
1974,196436,"SPONGE, GRASS",0,1200,3875,3
1974,163996,"CATFISHES, FORKTAIL",0,696,185,9
1974,169241,WEAKFISH,0,400,15,1
1974,172423,"TUNA, YELLOWFIN",1,250,13,1
1974,172451,WAHOO,1,100,42,1
1975,161731,MENHADENS,0,1196642580,35464117,129
1975,551570,"SHRIMP, NORTHERN BROWN",1,91588749,100653724,3145
1975,551680,"SHRIMP, NORTHERN WHITE",1,42869497,47395470,2298
1975,098696,"CRAB, BLUE",0,38829733,5659036,1181
1975,914179,OSTEICHTHYES,0,32313039,1003715,226
1975,170335,"MULLET, STRIPED",0,25328782,3586104,532
1975,551574,"SHRIMP, NORTHERN PINK",1,24299121,25065260,606
1975,079872,"OYSTER, EASTERN",0,19295345,10860265,841
1975,169283,"CROAKER, ATLANTIC",0,12795069,1739807,1097
1975,097306,"CRAYFISHES, FRESHWATER",0,11285332,3330942,164
1975,163996,"CATFISHES, CHANNEL",0,7759218,2630032,729
1975,168853,"SNAPPER, RED",1,7322106,5359059,910
1975,167674,GROUPERS,0,7274843,2850725,342
1975,095750,"SHRIMP, ATLANIC SEABOB",0,7015079,1754525,135
1975,169239,"SEATROUT, SPOTTED",0,6247257,2447036,756
1975,172436,"MACKEREL, SPANISH",1,6137798,1040267,416
1975,097648,"LOBSTER, CARIBBEAN SPINY",1,5089210,6837391,37
1975,169290,"DRUM, RED",1,4386827,1327145,882
1975,168609,"JACK, CREVALLE",1,2847000,201116,113
1975,163954,"FISHES, BUFFALO",0,2656166,395869,443
1975,172434,"MACKERELS, KING AND CERO",0,2622300,639693,58
1975,169243,"SEATROUT, SAND",0,2592736,267888,780
1975,098811,"CRAB, FLORIDA STONE",0,2118800,1765735,37
1975,172702,FLATFISHES,0,1890886,503910,1224
1975,096027,"SHRIMPS, ROCK",0,1780231,803736,141
1975,168612,"RUNNER, BLUE",1,1680227,170294,45
1975,161702,"SHAD, AMERICAN",0,1537600,73296,16
1975,169288,"DRUM, BLACK",0,1520860,243214,476
1975,168708,"POMPANO, FLORIDA",0,1192920,1326530,302
1975,095601,"SHRIMPS, PENAEOID",0,1172321,1417074,37
1975,169364,"DRUM, FRESHWATER",0,1134278,153566,361
1975,161111,LADYFISH,0,1002400,41841,40
1975,161748,"HERRING, ATLANTIC THREAD",0,860900,50310,14
1975,169273,KINGFISHES,0,833927,81649,627
1975,169189,SHEEPSHEAD,0,830815,81612,598
1975,168723,SCADS,0,696300,104512,8
1975,168907,"SNAPPER, YELLOWTAIL",1,675400,456254,15
1975,079734,"SCALLOP, ATLANTIC CALICO",0,548100,350475,6
1975,170336,"MULLET, WHITE",0,531900,96487,33
1975,168559,BLUEFISH,0,530941,61560,202
1975,161092,GARFISHES,0,530101,69961,275
1975,168848,"SNAPPER, GRAY",1,484500,167106,72
1975,168909,"SNAPPER, VERMILION",1,352800,215696,47
1975,168849,"SNAPPER, MUTTON",1,259500,134053,17
1975,161763,"SARDINE, SPANISH",0,248400,23287,13
1975,169055,GRUNTS,0,220700,43070,42
1975,095966,"SHRIMP, ROYAL RED",1,220693,188479,17
1975,164157,"CATFISHES, SEA",0,218650,21826,297
1975,163344,"CARP, COMMON",0,215720,9759,195
1975,169267,SPOT,0,214605,21337,259
1975,167695,"GROUPER, GOLIATH",1,208361,26372,75
1975,168709,PERMIT,0,207000,41395,25
1975,165460,BALLYHOO,0,170500,38710,4
1975,169013,MOJARRAS,0,147300,21509,31
1975,167704,"GROUPER, WARSAW",1,135000,33517,57
1975,172482,SWORDFISH,1,131000,226320,2
1975,172409,"BONITO, ATLANTIC",0,121300,6146,16
1975,168566,COBIA,1,119131,18389,111
1975,169180,PORGIES,0,108500,24828,61
1975,168790,DOLPHINFISH,0,106300,25037,14
1975,168688,AMBERJACKS,0,90900,10586,41
1975,173137,TRIGGERFISHES,0,78000,8861,40
1975,173752,"TURTLES, SNAPPING",0,58608,20830,65
1975,082369,"SQUIDS, LOLIGINIDAE",0,43790,9562,68
1975,173433,FROGS,0,41453,29891,49
1975,161104,BOWFIN,0,39349,2825,128
1975,167687,"BASS, BLACK SEA",1,39000,6622,11
1975,159785,SHARKS,0,38887,3677,52
1975,168546,"TILEFISH, GOLDEN",1,32400,9170,6
1975,168860,"SNAPPER, LANE",1,25600,11560,10
1975,170566,HOGFISH,1,18200,5430,8
1975,169809,TILAPIAS,0,16200,4386,1
1975,079737,"SCALLOP, BAY",0,13600,16027,4
1975,096220,"SHRIMP, FW",0,10200,6930,6
1975,047618,"SPONGES,SHEEPSWOOL",0,8100,72320,4
1975,161088,PADDLEFISH,0,7051,656,93
1975,097660,"LOBSTERS, SLIPPER",0,5600,5755,10
1975,169077,PIGFISH,0,4300,725,12
1975,553237,ANGELFISHES,0,3100,266,16
1975,169007,TRIPLETAIL,1,2320,184,15
1975,161064,STURGEONS,0,2200,289,4
1975,196436,"SPONGE, GRASS",0,1600,7066,3
1975,173833,"TURTLE, GREEN",0,1588,552,3
1975,172451,WAHOO,1,1400,530,3
1975,169406,GOATFISHES,0,1200,632,2
1975,196434,"SPONGE, YELLOW",0,1100,3878,3
1975,170424,BARRACUDAS,0,400,21,2
1975,163996,"CATFISHES, FORKTAIL",0,142,36,4
1975,160809,"SAWFISH, SMALLTOOTH",0,100,10,1
1976,161731,MENHADENS,0,1237950820,43967828,166
1976,551570,"SHRIMP, NORTHERN BROWN",1,127307325,157273921,4636
1976,551680,"SHRIMP, NORTHERN WHITE",1,56254654,81837209,4079
1976,098696,"CRAB, BLUE",0,36649551,6899309,977
1976,551574,"SHRIMP, NORTHERN PINK",1,22018914,31588171,1663
1976,079872,"OYSTER, EASTERN",0,21569811,16126620,771
1976,170335,"MULLET, STRIPED",0,18567096,2986031,439
1976,914179,OSTEICHTHYES,0,15092780,670495,243
1976,163996,"CATFISHES, CHANNEL",0,9421609,3358991,785
1976,172436,"MACKEREL, SPANISH",1,8341264,1466292,389
1976,169283,"CROAKER, ATLANTIC",0,8216641,1169413,914
1976,097306,"CRAYFISHES, FRESHWATER",0,7662388,2405945,130
1976,163954,"FISHES, BUFFALO",0,7073565,1242692,450
1976,167674,GROUPERS,0,6881025,3217404,318
1976,168853,"SNAPPER, RED",1,6543432,5552023,814
1976,169239,"SEATROUT, SPOTTED",0,5882517,2657781,632
1976,169290,"DRUM, RED",1,5308362,1746619,743
1976,097648,"LOBSTER, CARIBBEAN SPINY",1,4358300,6852416,23
1976,172434,"MACKERELS, KING AND CERO",0,2801300,891377,69
1976,169288,"DRUM, BLACK",0,2763381,584678,440
1976,161111,LADYFISH,0,2659700,128216,36
1976,098811,"CRAB, FLORIDA STONE",0,2451100,2195487,37
1976,172702,FLATFISHES,0,1880504,572101,1180
1976,079734,"SCALLOP, ATLANTIC CALICO",0,1842300,1223366,7
1976,169243,"SEATROUT, SAND",0,1777716,226870,665
1976,168609,"JACK, CREVALLE",1,1691100,137831,106
1976,096027,"SHRIMPS, ROCK",0,1635198,802276,431
1976,095601,"SHRIMPS, PENAEOID",0,1522912,3028522,53
1976,161763,"SARDINE, SPANISH",0,1439600,117688,13
1976,169364,"DRUM, FRESHWATER",0,1325571,186087,343
1976,161702,"SHAD, AMERICAN",0,1243149,48744,18
1976,168612,"RUNNER, BLUE",1,1139900,130476,51
1976,095750,"SHRIMP, ATLANIC SEABOB",0,1132356,302069,153
1976,168708,"POMPANO, FLORIDA",0,988242,1303999,292
1976,169189,SHEEPSHEAD,0,987249,107298,570
1976,168907,"SNAPPER, YELLOWTAIL",1,922300,704120,14
1976,163344,"CARP, COMMON",0,816721,45756,219
1976,168723,SCADS,0,771100,115125,8
1976,161092,GARFISHES,0,760648,108463,255
1976,170336,"MULLET, WHITE",0,746300,136012,60
1976,168848,"SNAPPER, GRAY",1,598300,209624,75
1976,168559,BLUEFISH,0,596839,64949,163
1976,169273,KINGFISHES,0,572259,67007,608
1976,172482,SWORDFISH,1,391400,815849,6
1976,095966,"SHRIMP, ROYAL RED",1,295583,389927,31
1976,161748,"HERRING, ATLANTIC THREAD",0,286100,12213,12
1976,168909,"SNAPPER, VERMILION",1,280400,193544,48
1976,168849,"SNAPPER, MUTTON",1,236700,143336,25
1976,164157,"CATFISHES, SEA",0,236302,25903,278
1976,169055,GRUNTS,0,207300,40974,45
1976,167695,"GROUPER, GOLIATH",1,200793,26155,89
1976,168709,PERMIT,0,161500,42558,30
1976,167704,"GROUPER, WARSAW",1,147100,38934,58
1976,165460,BALLYHOO,0,140000,43151,5
1976,168566,COBIA,1,136884,26617,104
1976,169013,MOJARRAS,0,134200,20143,37
1976,161701,"HERRINGS, RIVER",0,125000,8610,8
1976,172409,"BONITO, ATLANTIC",0,123200,6636,15
1976,169180,PORGIES,0,120400,31915,56
1976,169267,SPOT,0,112941,12350,153
1976,159785,SHARKS,0,108050,11650,45
1976,168688,AMBERJACKS,0,95600,9860,45
1976,173137,TRIGGERFISHES,0,84500,11599,40
1976,168790,DOLPHINFISH,0,83900,23187,10
1976,082369,"SQUIDS, LOLIGINIDAE",0,73229,15075,70
1976,173752,"TURTLES, SNAPPING",0,61167,26400,67
1976,168546,"TILEFISH, GOLDEN",1,53300,15839,14
1976,167687,"BASS, BLACK SEA",1,49500,10200,17
1976,168860,"SNAPPER, LANE",1,47500,20663,18
1976,173433,FROGS,0,38722,29476,57
1976,161104,BOWFIN,0,27649,1598,124
1976,161088,PADDLEFISH,0,22287,1855,91
1976,170566,HOGFISH,1,15700,5655,10
1976,079737,"SCALLOP, BAY",0,14300,23614,7
1976,097660,"LOBSTERS, SLIPPER",0,10900,11328,9
1976,096220,"SHRIMP, FW",0,10692,5909,4
1976,172402,"TUNA, LITTLE TUNNY",1,9200,460,5
1976,169077,PIGFISH,0,7200,836,21
1976,161064,STURGEONS,0,6100,1366,4
1976,553237,ANGELFISHES,0,5800,385,13
1976,047618,"SPONGES,SHEEPSWOOL",0,4600,48333,4
1976,163892,SUCKERS,0,2400,288,2
1976,072555,SNAILS (CONCH),0,2100,1820,3
1976,169007,TRIPLETAIL,1,1810,238,15
1976,163996,"CATFISHES, FORKTAIL",0,949,245,8
1976,172451,WAHOO,1,900,299,3
1976,196434,"SPONGE, YELLOW",0,700,2484,3
1976,196436,"SPONGE, GRASS",0,600,1998,2
1976,170424,BARRACUDAS,0,600,23,1
1976,161127,"EEL, AMERICAN",0,600,61,1
1976,160809,"SAWFISH, SMALLTOOTH",0,100,10,1
1977,161731,MENHADENS,0,986370795,39217823,264
1977,551570,"SHRIMP, NORTHERN BROWN",1,153051088,167141268,4613
1977,551680,"SHRIMP, NORTHERN WHITE",1,69186464,81325909,3959
1977,098696,"CRAB, BLUE",0,44525928.99999999,10413834.99999999,2429
1977,170335,"MULLET, STRIPED",0,21236413,4013047,7715
1977,079872,"OYSTER, EASTERN",0,19672751,19026011,1306
1977,163996,"CATFISHES, CHANNEL",0,10516933.99999999,3939096,1034
1977,914179,OSTEICHTHYES,0,9540747,527953.9999999999,7161
1977,167674,GROUPERS,0,5257902,3111992,5878
1977,172434,"MACKERELS, KING AND CERO",0,5216879,1768609,2015
1977,168853,"SNAPPER, RED",1,5214909,4939742,4367
1977,095750,"SHRIMP, ATLANIC SEABOB",0,5099956,1389295,241
1977,097648,"LOBSTER, CARIBBEAN SPINY",1,4843375,7899434,2058
1977,169239,"SEATROUT, SPOTTED",0,4530823,2317604,9667
1977,169283,"CROAKER, ATLANTIC",0,4503819,676114,3162
1977,169290,"DRUM, RED",1,3460298,1288780,5395
1977,098811,"CRAB, FLORIDA STONE",0,3428158,3045623,1121
1977,172436,"MACKEREL, SPANISH",1,2636377,498866,3848
1977,169288,"DRUM, BLACK",0,2125089,489050.9999999999,853
1977,551574,"SHRIMP, NORTHERN PINK",1,1671363,1849014,92
1977,161111,LADYFISH,0,1580163,67417,317
1977,172702,FLATFISHES,0,1554089,571159.9999999999,6822
1977,168609,"JACK, CREVALLE",1,1432974,116642,2396
1977,168612,"RUNNER, BLUE",1,1349975,164337,461
1977,161763,"SARDINE, SPANISH",0,947219,70478,115
1977,168708,"POMPANO, FLORIDA",0,938448,1398640,3213
1977,168559,BLUEFISH,0,933254,107964.9999999999,3023
1977,168723,SCADS,0,903199.9999999999,128851,69
1977,169189,SHEEPSHEAD,0,875012,93652,3447
1977,169243,"SEATROUT, SAND",0,786680.9999999999,124102,2199
1977,168907,"SNAPPER, YELLOWTAIL",1,762341.9999999999,669076,904
1977,168848,"SNAPPER, GRAY",1,625370,274549.9999999999,3780
1977,170336,"MULLET, WHITE",0,524079.9999999999,99432,470
1977,168909,"SNAPPER, VERMILION",1,479316.9999999999,416850.9999999999,1696
1977,079734,"SCALLOP, ATLANTIC CALICO",0,477508,333903,32
1977,169273,KINGFISHES,0,420562,55975,1733
1977,159785,SHARKS,0,303476,28583,287
1977,172409,"BONITO, ATLANTIC",0,294548.9999999999,23402,173
1977,167695,"GROUPER, GOLIATH",1,222150,42301,577
1977,169013,MOJARRAS,0,202551.99999999988,32047,543
1977,161748,"HERRING, ATLANTIC THREAD",0,190345,8988,30
1977,168849,"SNAPPER, MUTTON",1,189339,133841,1312
1977,167704,"GROUPER, WARSAW",1,183588,62667,1285
1977,165460,BALLYHOO,0,174689,52828,24
1977,169055,GRUNTS,0,164647,28298,844
1977,168688,AMBERJACKS,0,130673.9999999999,15381,1282
1977,169180,PORGIES,0,120819,37353,1785
1977,169267,SPOT,0,115783.9792027729,17354.5424610052,1435
1977,168566,COBIA,1,102309,24376,753
1977,168546,"TILEFISH, GOLDEN",1,97145,34805,307
1977,082369,"SQUIDS, LOLIGINIDAE",0,82481,22123,585
1977,168790,DOLPHINFISH,0,63647,20722,242
1977,168709,PERMIT,0,62178,22205,336
1977,173137,TRIGGERFISHES,0,59386,8671,1375
1977,095601,"SHRIMPS, PENAEOID",0,57927,87258,7
1977,079737,"SCALLOP, BAY",0,46028,57820,39
1977,170566,HOGFISH,1,32852,9717,734
1977,167687,"BASS, BLACK SEA",1,32814,7129,44
1977,097660,"LOBSTERS, SLIPPER",0,29661,56094,19
1977,163996,"CATFISHES, FORKTAIL",0,28976,1940,182
1977,095966,"SHRIMP, ROYAL RED",1,25020,42393,5
1977,096027,"SHRIMPS, ROCK",0,15247,6317,8
1977,168860,"SNAPPER, LANE",1,14967,5859,793
1977,161064,STURGEONS,0,13117,3887,18
1977,169809,TILAPIAS,0,9448,1959,22
1977,169007,TRIPLETAIL,1,6735,505,31
1977,047618,"SPONGES,SHEEPSWOOL",0,5976,70728,34
1977,169077,PIGFISH,0,5699,849,147
1977,553237,ANGELFISHES,0,4840.999999999999,455.00000000000006,81
1977,172482,SWORDFISH,1,2321,2308,3
1977,196436,"SPONGE, GRASS",0,1738,5066,28
1977,196434,"SPONGE, YELLOW",0,1050,3798,27
1977,072555,SNAILS (CONCH),0,847,870,21
1977,172451,WAHOO,1,758,253,28
1977,170424,BARRACUDAS,0,99,7,4
1978,161731,MENHADENS,0,1808626210.999999,78042932.99999999,188
1978,551570,"SHRIMP, NORTHERN BROWN",1,138818327,163312886,4658
1978,551680,"SHRIMP, NORTHERN WHITE",1,71745594,114582494,4856
1978,098696,"CRAB, BLUE",0,38743808.99999999,8693905,3410
1978,170335,"MULLET, STRIPED",0,28727237,5247807,11561
1978,079872,"OYSTER, EASTERN",0,18891433,20449453.99999999,1722
1978,163996,"CATFISHES, CHANNEL",0,9450281.91545485,3824981.3439296596,914
1978,167674,GROUPERS,0,5031153,3598954,6537
1978,097648,"LOBSTER, CARIBBEAN SPINY",1,5011398.80162696,18603125.29018012,2322
1978,168853,"SNAPPER, RED",1,4650570,5166691,4866
1978,169239,"SEATROUT, SPOTTED",0,3998327.15384615,2402719.07692308,14776
1978,095750,"SHRIMP, ATLANIC SEABOB",0,3949701,1135165,197
1978,169290,"DRUM, RED",1,3760070.52626552,1654584.76313276,6751
1978,169283,"CROAKER, ATLANTIC",0,3461754,612885.9999999999,3112
1978,098811,"CRAB, FLORIDA STONE",0,3262060,3221495,1126
1978,914179,OSTEICHTHYES,0,3247965,389547,9120
1978,169288,"DRUM, BLACK",0,2813035,783540.9999999999,1315
1978,161763,"SARDINE, SPANISH",0,2352281,193099,146
1978,551574,"SHRIMP, NORTHERN PINK",1,2300264,2135647,65
1978,161111,LADYFISH,0,2282137,180972,381
1978,168609,"JACK, CREVALLE",1,1807308,161573,2660
1978,172434,"MACKERELS, KING AND CERO",0,1745591,628085,1966
1978,172436,"MACKEREL, SPANISH",1,1704939,355946.9999999999,4120
1978,172702,FLATFISHES,0,1559719,678836,8282
1978,169243,"SEATROUT, SAND",0,1186102,219038,2286
1978,169189,SHEEPSHEAD,0,940778,121664.9999999999,5059
1978,168559,BLUEFISH,0,869392.9999999999,111452.9999999999,3950
1978,168907,"SNAPPER, YELLOWTAIL",1,830452.9999999999,825526.9999999999,905
1978,170336,"MULLET, WHITE",0,698734,148281,623
1978,168708,"POMPANO, FLORIDA",0,693430,1380587,3750
1978,168723,SCADS,0,688113,111799,86
1978,168612,"RUNNER, BLUE",1,679182,93721,337
1978,168848,"SNAPPER, GRAY",1,666160,353837,3916
1978,169273,KINGFISHES,0,578677,94175,2045
1978,161127,"EEL, AMERICAN",0,532885.9958724201,386540.9983114446,58
1978,168909,"SNAPPER, VERMILION",1,405745,381923,2043
1978,165460,BALLYHOO,0,312177,85996,33
1978,168849,"SNAPPER, MUTTON",1,223279,182857.99999999988,1404
1978,159785,SHARKS,0,214467.99999999988,22546,657
1978,167695,"GROUPER, GOLIATH",1,196832,32565,563
1978,169180,PORGIES,0,172483.99999999988,63458,2564
1978,168688,AMBERJACKS,0,166280,24640,1407
1978,169055,GRUNTS,0,140245,25291,1289
1978,167704,"GROUPER, WARSAW",1,131165.99999999988,51509,1420
1978,164157,"CATFISHES, SEA",0,109392,28521,243
1978,168566,COBIA,1,104279,30673,813
1978,169267,SPOT,0,100051.9999999999,12426,1495
1978,168790,DOLPHINFISH,0,93494,34386,310
1978,172409,"BONITO, ATLANTIC",0,87461,6892,104
1978,168546,"TILEFISH, GOLDEN",1,81886,30970,354
1978,082369,"SQUIDS, LOLIGINIDAE",0,69962,16952,619
1978,173137,TRIGGERFISHES,0,58823,10689,1514
1978,161748,"HERRING, ATLANTIC THREAD",0,55626,2423,16
1978,172482,SWORDFISH,1,54055,93908,78
1978,079737,"SCALLOP, BAY",0,48559,91075,60
1978,163996,"CATFISHES, FORKTAIL",0,38131.6591139669,2798.322624281366,123
1978,170566,HOGFISH,1,37472,19690,911
1978,097660,"LOBSTERS, SLIPPER",0,28921,69550,24
1978,079734,"SCALLOP, ATLANTIC CALICO",0,28098,41837,9
1978,167687,"BASS, BLACK SEA",1,24268,8318,220
1978,169809,TILAPIAS,0,21942,4935,17
1978,168860,"SNAPPER, LANE",1,16878,7494,972
1978,169007,TRIPLETAIL,1,8561,893,39
1978,168709,PERMIT,0,5883,1630,240
1978,172451,WAHOO,1,4346,1811,42
1978,169077,PIGFISH,0,3978,511.00000000000006,94
1978,553237,ANGELFISHES,0,2333,242.00000000000003,107
1978,170424,BARRACUDAS,0,1192,144,4
1978,161064,STURGEONS,0,877,149,12
1979,161731,MENHADENS,0,1718762576.999999,73484278,311
1979,551570,"SHRIMP, NORTHERN BROWN",1,113620375,210507345,3826
1979,551680,"SHRIMP, NORTHERN WHITE",1,51817709,119076155,3452
1979,098696,"CRAB, BLUE",0,43652938.99999999,10206916.99999999,3396
1979,170335,"MULLET, STRIPED",0,27450533.99999999,5000361,12088
1979,079872,"OYSTER, EASTERN",0,15460598.99999999,17837162,1686
1979,097306,"CRAYFISHES, FRESHWATER",0,11717491,3958648,139
1979,097648,"LOBSTER, CARIBBEAN SPINY",1,7274119.77699156,14017062.18300798,2857
1979,167674,GROUPERS,0,6720120.83426213,5399598.07639542,6749
1979,095750,"SHRIMP, ATLANIC SEABOB",0,6463256,4001363,138
1979,163996,"CATFISHES, CHANNEL",0,5994953,2625142,891
1979,169283,"CROAKER, ATLANTIC",0,5081787,863618,2744
1979,163954,"FISHES, BUFFALO",0,4977427,844736,380
1979,168853,"SNAPPER, RED",1,4501981,6145591,4381
1979,169288,"DRUM, BLACK",0,4247118,972252,1991
1979,098811,"CRAB, FLORIDA STONE",0,4197025,5365555,1105
1979,169239,"SEATROUT, SPOTTED",0,4098909.1590909096,2903037.63636364,15509
1979,914179,OSTEICHTHYES,0,3844915,443371,10182
1979,169290,"DRUM, RED",1,2770770,1519999,6652
1979,161763,"SARDINE, SPANISH",0,2691795,222252,136
1979,172436,"MACKEREL, SPANISH",1,2121969,537500,3327
1979,161111,LADYFISH,0,1979685,117167,357
1979,172434,"MACKERELS, KING AND CERO",0,1691434,995564,1808
1979,172702,FLATFISHES,0,1556892,767848.9999999999,9566
1979,168609,"JACK, CREVALLE",1,1364908,139575.99999999988,2803
1979,169243,"SEATROUT, SAND",0,1352181,291702,2144
1979,169364,"DRUM, FRESHWATER",0,1343659,220226,362
1979,551574,"SHRIMP, NORTHERN PINK",1,1172280,2280036,109
1979,168612,"RUNNER, BLUE",1,1138237,174767,457
1979,169189,SHEEPSHEAD,0,1121132,146023.99999999988,5558
1979,168723,SCADS,0,991641.9999999999,171842,155
1979,168559,BLUEFISH,0,947351,131132,4656
1979,161702,"SHAD, AMERICAN",0,868493,79002,13
1979,169273,KINGFISHES,0,810046.9999999999,149728,2489
1979,079734,"SCALLOP, ATLANTIC CALICO",0,801672.1107651244,1141115.90213523,44
1979,168907,"SNAPPER, YELLOWTAIL",1,731598,860557.9999999999,1568
1979,161092,GARFISHES,0,675051,151107,194
1979,168708,"POMPANO, FLORIDA",0,674726,1669536,3527
1979,168848,"SNAPPER, GRAY",1,673256.9999999999,449233.9999999999,5556
1979,170336,"MULLET, WHITE",0,594288.9999999999,114946.9999999999,549
1979,161748,"HERRING, ATLANTIC THREAD",0,511973,42753,85
1979,172482,SWORDFISH,1,434312,592534,127
1979,168909,"SNAPPER, VERMILION",1,395693,380347,1909
1979,163344,"CARP, COMMON",0,318296,25676,60
1979,172409,"BONITO, ATLANTIC",0,311024.9999999999,24525,257
1979,168849,"SNAPPER, MUTTON",1,217639,219384.99999999988,1738
1979,168688,AMBERJACKS,0,186737.99999999988,36362,1609
1979,169180,PORGIES,0,178147.99999999988,73145,2514
1979,167695,"GROUPER, GOLIATH",1,162760.99999999988,32800,731
1979,169055,GRUNTS,0,139919.99999999988,26904,1372
1979,165460,BALLYHOO,0,139402,43834,30
1979,167704,"GROUPER, WARSAW",1,134258.99999999988,67034,1117
1979,159785,SHARKS,0,109370,16309,820
1979,173137,TRIGGERFISHES,0,101402.9999999999,23349,1749
1979,164157,"CATFISHES, SEA",0,97203,15837,246
1979,168566,COBIA,1,93814,28121,1162
1979,173752,"TURTLES, SNAPPING",0,88293,53728,55
1979,169267,SPOT,0,87584,12519,1339
1979,168546,"TILEFISH, GOLDEN",1,76671,38238,480
1979,168790,DOLPHINFISH,0,66399,32153,287
1979,161088,PADDLEFISH,0,65000,7084,64
1979,079737,"SCALLOP, BAY",0,62095,137152.99999999988,216
1979,170566,HOGFISH,1,48094,32197,1150
1979,163996,"CATFISHES, FORKTAIL",0,47740,6392,159
1979,082369,"SQUIDS, LOLIGINIDAE",0,45378,10752,454
1979,167687,"BASS, BLACK SEA",1,37245,15416,342
1979,168860,"SNAPPER, LANE",1,34590,26831,1118
1979,173433,FROGS,0,33383,32900,33
1979,161104,BOWFIN,0,27186,2811,62
1979,172564,HARVESTFISHES,0,15311,2260,4
1979,169809,TILAPIAS,0,12994,3221,68
1979,168709,PERMIT,0,10495,3183,293
1979,082590,OCTOPUSES,0,6694,1451.999999999999,114
1979,169007,TRIPLETAIL,1,3508,1009,37
1979,172451,WAHOO,1,3405,1880,50
1979,553237,ANGELFISHES,0,2291.999999999999,272.00000000000006,69
1979,097660,"LOBSTERS, SLIPPER",0,1240,1509,19
1979,161064,STURGEONS,0,1155.999999999999,435.00000000000006,6
1979,169406,GOATFISHES,0,987,672,4
1979,169077,PIGFISH,0,831,193,25
1980,161731,MENHADENS,0,1547785790,69215165,246
1980,551570,"SHRIMP, NORTHERN BROWN",1,108054002,181514904,2837
1980,551680,"SHRIMP, NORTHERN WHITE",1,64399793,105180501,2756
1980,098696,"CRAB, BLUE",0,42862617,10612915.99999999,2533
1980,170335,"MULLET, STRIPED",0,30137898.99999999,5915864,7522
1980,079872,"OYSTER, EASTERN",0,15517423.99999999,20138817,1536
1980,095750,"SHRIMP, ATLANIC SEABOB",0,11451099,13947378,117
1980,167674,GROUPERS,0,7095105.723738721,6508946.58820807,8008
1980,169283,"CROAKER, ATLANTIC",0,6464840,1262727,2600
1980,097648,"LOBSTER, CARIBBEAN SPINY",1,6014582,12560940.90010821,2655
1980,169288,"DRUM, BLACK",0,5938040,1051426,1612
1980,163996,"CATFISHES, CHANNEL",0,5726663.22481935,2832120.0837022997,845
1980,097306,"CRAYFISHES, FRESHWATER",0,5591541,3226281,115
1980,163954,"FISHES, BUFFALO",0,5117019,920148,333
1980,168853,"SNAPPER, RED",1,4509824,7136973,6098
1980,098811,"CRAB, FLORIDA STONE",0,3770576,5389293,1183
1980,169239,"SEATROUT, SPOTTED",0,3591602,2785119.1615782096,9191
1980,914179,OSTEICHTHYES,0,3018605,546636,9065
1980,172434,"MACKERELS, KING AND CERO",0,3001601,1971020,1615
1980,161763,"SARDINE, SPANISH",0,2966714,246149.99999999988,143
1980,169290,"DRUM, RED",1,2728799,1805315,4211
1980,168609,"JACK, CREVALLE",1,2630777,362829,2143
1980,172436,"MACKEREL, SPANISH",1,1951963,521723.9999999999,3482
1980,172482,SWORDFISH,1,1847015,2812427,284
1980,168612,"RUNNER, BLUE",1,1779998,302104.9999999999,573
1980,169364,"DRUM, FRESHWATER",0,1692182,283212,303
1980,161111,LADYFISH,0,1350301,72833,285
1980,172702,FLATFISHES,0,1254367,668190.9999999999,6055
1980,551574,"SHRIMP, NORTHERN PINK",1,1213785,1919556,93
1980,169189,SHEEPSHEAD,0,1190258,172782,2999
1980,169243,"SEATROUT, SAND",0,1171929,246885.99999999988,1739
1980,168559,BLUEFISH,0,1169011,170223,2679
1980,172427,"TUNA, BLACKFIN",1,1042958,518505,20
1980,168723,SCADS,0,801604,138564.99999999988,134
1980,168848,"SNAPPER, GRAY",1,706060.9999999999,547050,4965
1980,161092,GARFISHES,0,680488,175163,166
1980,168708,"POMPANO, FLORIDA",0,639353.9999999999,1656083,3117
1980,168907,"SNAPPER, YELLOWTAIL",1,625859.5963080613,841158.3516080768,1136
1980,169273,KINGFISHES,0,602820,121228,2212
1980,170336,"MULLET, WHITE",0,498974,89065,171
1980,159785,SHARKS,0,349477,127743,883
1980,168909,"SNAPPER, VERMILION",1,278718,329221,1846
1980,163344,"CARP, COMMON",0,268589,20563,48
1980,167695,"GROUPER, GOLIATH",1,204762,53729,720
1980,168688,AMBERJACKS,0,203794.99999999988,41966,1995
1980,168849,"SNAPPER, MUTTON",1,201668,238707,1974
1980,165460,BALLYHOO,0,200078,73907,28
1980,172409,"BONITO, ATLANTIC",0,172675,19815,217
1980,169180,PORGIES,0,163341,73945,3131
1980,161127,"EEL, AMERICAN",0,120563,132612,56
1980,167704,"GROUPER, WARSAW",1,120040,64988,1565
1980,161748,"HERRING, ATLANTIC THREAD",0,116015,7748,29
1980,164157,"CATFISHES, SEA",0,109856,18460,141
1980,163996,"CATFISHES, FORKTAIL",0,105301.2034481436,12148.7038698177,166
1980,168566,COBIA,1,99583,36173,1011
1980,173137,TRIGGERFISHES,0,96529,25256,2306
1980,168790,DOLPHINFISH,0,94984,55676,374
1980,173752,"TURTLES, SNAPPING",0,80010,55926,48
1980,169267,SPOT,0,79880,11162,971
1980,169055,GRUNTS,0,69288,15382,723
1980,096027,"SHRIMPS, ROCK",0,67863,92658,3
1980,161088,PADDLEFISH,0,66578,8352,70
1980,168546,"TILEFISH, GOLDEN",1,66400,41417,529
1980,082369,"SQUIDS, LOLIGINIDAE",0,58503,14837,509
1980,172423,"TUNA, YELLOWFIN",1,51530,85632,30
1980,169013,MOJARRAS,0,49218,12643,294
1980,170566,HOGFISH,1,46650,37052,1235
1980,172418,TUNAS,0,45751,39659,46
1980,173433,FROGS,0,41318,45975,28
1980,161104,BOWFIN,0,28383,3670,62
1980,168860,"SNAPPER, LANE",1,25640,18836,631
1980,168709,PERMIT,0,23791,7813,596
1980,095966,"SHRIMP, ROYAL RED",1,22347,35448,3
1980,097660,"LOBSTERS, SLIPPER",0,21849,38002,74
1980,169809,TILAPIAS,0,18911,5275,105
1980,167687,"BASS, BLACK SEA",1,14367,5244,138
1980,079737,"SCALLOP, BAY",0,11142,29392,56
1980,172421,"TUNA, BLUEFIN",1,10957,34866,8
1980,169007,TRIPLETAIL,1,9817,1103,50
1980,081495,"CLAMS, MERCENARIA QUAHOG",0,5603,12502,4
1980,169406,GOATFISHES,0,2950,1376,9
1980,172451,WAHOO,1,2792.999999999999,1648.999999999999,46
1980,553237,ANGELFISHES,0,2584,350.00000000000006,148
1980,082590,OCTOPUSES,0,2073,1087.999999999999,120
1980,169077,PIGFISH,0,1324.999999999999,801,36
1980,161701,"HERRINGS, RIVER",0,932,55,7
1980,170424,BARRACUDAS,0,679,98,20
1980,161064,STURGEONS,0,609,509.00000000000006,27
1980,079734,"SCALLOP, ATLANTIC CALICO",0,383,1009,4
1981,161731,MENHADENS,0,1220533371,47820957.99999999,198
1981,551570,"SHRIMP, NORTHERN BROWN",1,157049142,215429096,3606
1981,551680,"SHRIMP, NORTHERN WHITE",1,69715211,127436960,3847
1981,098696,"CRAB, BLUE",0,42428159.99999999,11345064.58940209,2479
1981,170335,"MULLET, STRIPED",0,33382806.99999999,7684609,6805
1981,079872,"OYSTER, EASTERN",0,19366484,27723082,1696
1981,167674,GROUPERS,0,9825220,10276672.86041262,8537
1981,095750,"SHRIMP, ATLANIC SEABOB",0,7472728,3127688,193
1981,169288,"DRUM, BLACK",0,6519016,1306230,1573
1981,169283,"CROAKER, ATLANTIC",0,6509560,2091546,2534
1981,168853,"SNAPPER, RED",1,5325362.093999321,9087454.102348689,7165
1981,097648,"LOBSTER, CARIBBEAN SPINY",1,5299533,13032863.67562994,2390
1981,163996,"CATFISHES, CHANNEL",0,5261360.88013255,2714562.15761404,1072
1981,163954,"FISHES, BUFFALO",0,4631780,873282,344
1981,098811,"CRAB, FLORIDA STONE",0,4174825,6397092,1101
1981,161111,LADYFISH,0,4000038,263356,305
1981,172436,"MACKEREL, SPANISH",1,3709067,1172802,3165
1981,169239,"SEATROUT, SPOTTED",0,3241823,2887800.1522017997,8998
1981,914179,OSTEICHTHYES,0,3157574,459250.9999999999,9140
1981,172434,"MACKERELS, KING AND CERO",0,3073005,2516105,1408
1981,551574,"SHRIMP, NORTHERN PINK",1,2788909,3587057,154
1981,161763,"SARDINE, SPANISH",0,2780977,282942.9999999999,134
1981,169290,"DRUM, RED",1,2747934,1883315,5045
1981,097306,"CRAYFISHES, FRESHWATER",0,1985454,1517992,85
1981,168609,"JACK, CREVALLE",1,1946952,273117,1962
1981,168612,"RUNNER, BLUE",1,1561255,264998.9999999999,424
1981,169243,"SEATROUT, SAND",0,1199496,292290,1620
1981,172702,FLATFISHES,0,1196754,724433,5865
1981,172482,SWORDFISH,1,1194900,2222884,333
1981,168723,SCADS,0,1139454,189434.99999999988,130
1981,169189,SHEEPSHEAD,0,1046760,196778,2816
1981,169364,"DRUM, FRESHWATER",0,1040274,186809,320
1981,168559,BLUEFISH,0,788153.9999999999,129246,2539
1981,169273,KINGFISHES,0,594294.9999999999,134665,1804
1981,168848,"SNAPPER, GRAY",1,592447,476408.5277096246,4670
1981,168708,"POMPANO, FLORIDA",0,590744.9999999999,1498592,2721
1981,159785,SHARKS,0,579270,216924,928
1981,161092,GARFISHES,0,575924,146793,146
1981,172409,"BONITO, ATLANTIC",0,528334.9999999999,69810,183
1981,161748,"HERRING, ATLANTIC THREAD",0,492341,40468,29
1981,168546,"TILEFISH, GOLDEN",1,451320.9999999999,267789,1017
1981,168907,"SNAPPER, YELLOWTAIL",1,364743,520549.4515806553,996
1981,168909,"SNAPPER, VERMILION",1,326004,374349.8255533891,2804
1981,167704,"GROUPER, WARSAW",1,292836.9999999999,176173.2584439589,2365
1981,170336,"MULLET, WHITE",0,282444,74730,269
1981,163344,"CARP, COMMON",0,251311,21133,65
1981,168688,AMBERJACKS,0,251248,56961.2240820734,2767
1981,172427,"TUNA, BLACKFIN",1,245772,118494,24
1981,165460,BALLYHOO,0,201086,87246,28
1981,169180,PORGIES,0,189376.99999999988,90007.35830593991,3070
1981,167695,"GROUPER, GOLIATH",1,181301,70119.1734325467,628
1981,169267,SPOT,0,180687,23735,947
1981,168849,"SNAPPER, MUTTON",1,128123,162467.9249692327,1619
1981,168566,COBIA,1,118118,53139,909
1981,161127,"EEL, AMERICAN",0,114807,84809,51
1981,173137,TRIGGERFISHES,0,89860,22829,2789
1981,173752,"TURTLES, SNAPPING",0,89509,74368,53
1981,082369,"SQUIDS, LOLIGINIDAE",0,86581,21198,495
1981,163996,"CATFISHES, FORKTAIL",0,83001.1689535546,17245.890229379198,301
1981,161701,"HERRINGS, RIVER",0,82099,5159,13
1981,168790,DOLPHINFISH,0,73075,46951,358
1981,172418,TUNAS,0,68396,35261,54
1981,161088,PADDLEFISH,0,68356,8681,58
1981,164157,"CATFISHES, SEA",0,66970,13208,120
1981,169013,MOJARRAS,0,57837,13754,387
1981,097660,"LOBSTERS, SLIPPER",0,39351,70928,78
1981,168860,"SNAPPER, LANE",1,31371,35281.1091964382,686
1981,172423,"TUNA, YELLOWFIN",1,26985,28400,44
1981,172421,"TUNA, BLUEFIN",1,25940,40318,6
1981,161104,BOWFIN,0,25109,3373,50
1981,081495,"CLAMS, MERCENARIA QUAHOG",0,24626,47445,19
1981,169809,TILAPIAS,0,22700,6637,98
1981,079737,"SCALLOP, BAY",0,21928,62214,71
1981,169055,GRUNTS,0,20090,4539.761071211708,395
1981,173433,FROGS,0,18561,23662,27
1981,170566,HOGFISH,1,17053,14218.4985650794,628
1981,167687,"BASS, BLACK SEA",1,16395,5690,140
1981,553237,ANGELFISHES,0,14844,2221.999999999999,105
1981,082590,OCTOPUSES,0,12646,6251,61
1981,172451,WAHOO,1,8978,5774,81
1981,168709,PERMIT,0,5549,2036,366
1981,169007,TRIPLETAIL,1,5370,1318,55
1981,169077,PIGFISH,0,2637,2063,23
1981,169406,GOATFISHES,0,1911,1865,7
1981,161064,STURGEONS,0,850,218,9
1982,161731,MENHADENS,0,1898719512,72984889,244
1982,551570,"SHRIMP, NORTHERN BROWN",1,118681163,227047881,3987
1982,551680,"SHRIMP, NORTHERN WHITE",1,59175533,135871089,4135
1982,098696,"CRAB, BLUE",0,36945876.99999999,10737541,2655
1982,170335,"MULLET, STRIPED",0,26601547.99999999,5912973,7333
1982,079872,"OYSTER, EASTERN",0,25149561.99999999,31553308,2095
1982,167674,GROUPERS,0,12148122,12368270.11896977,9089
1982,097306,"CRAYFISHES, FRESHWATER",0,7676211,4074336,109
1982,168853,"SNAPPER, RED",1,5951850.91871737,10307433.56959161,7329
1982,163996,"CATFISHES, CHANNEL",0,5918736,2848235,797
1982,097648,"LOBSTER, CARIBBEAN SPINY",1,5912943,14061782.34210627,2516
1982,098811,"CRAB, FLORIDA STONE",0,5694454,7886432,1525
1982,095750,"SHRIMP, ATLANIC SEABOB",0,4863071,2575890,273
1982,163954,"FISHES, BUFFALO",0,4667795,874720,283
1982,169288,"DRUM, BLACK",0,4265891,1535678,1556
1982,172436,"MACKEREL, SPANISH",1,3455591,1100457,3586
1982,161111,LADYFISH,0,3294458,274250.9999999999,290
1982,169283,"CROAKER, ATLANTIC",0,2934711,1117910,2370
1982,914179,OSTEICHTHYES,0,2842037,498192,9293
1982,169239,"SEATROUT, SPOTTED",0,2816830,2519597,9628
1982,161763,"SARDINE, SPANISH",0,2788767,252321.9999999999,120
1982,169290,"DRUM, RED",1,2425176,1525695,5139
1982,172434,"MACKERELS, KING AND CERO",0,2196984,2004310,1277
1982,168609,"JACK, CREVALLE",1,1999480,342614,2034
1982,168612,"RUNNER, BLUE",1,1967272,370944.9999999999,569
1982,172702,FLATFISHES,0,1806148,1200282,6788
1982,168723,SCADS,0,1756881,325413,165
1982,161702,"SHAD, AMERICAN",0,1341917,124368,16
1982,172482,SWORDFISH,1,1315179,3042461,282
1982,169189,SHEEPSHEAD,0,1231286,224888.99999999988,3213
1982,168559,BLUEFISH,0,1168540,204588,2813
1982,551574,"SHRIMP, NORTHERN PINK",1,1060709,2510478,129
1982,169364,"DRUM, FRESHWATER",0,1042935,199132,285
1982,169243,"SEATROUT, SAND",0,1038143,290980.9999999999,1483
1982,169273,KINGFISHES,0,981474,244893.99999999988,1857
1982,161092,GARFISHES,0,921629,249648,309
1982,159785,SHARKS,0,693395.9999999999,270854,1492
1982,168708,"POMPANO, FLORIDA",0,687040,1671126,2848
1982,168848,"SNAPPER, GRAY",1,639637.9999999999,598225.5897090752,5200
1982,168907,"SNAPPER, YELLOWTAIL",1,496147.9999999999,692180.444398796,798
1982,163344,"CARP, COMMON",0,401278,37583,63
1982,168546,"TILEFISH, GOLDEN",1,399229,268295.9999999999,1263
1982,168909,"SNAPPER, VERMILION",1,358294.9999999999,422741.1862182116,2568
1982,161701,"HERRINGS, RIVER",0,352412,28846,41
1982,170336,"MULLET, WHITE",0,319354,83193,302
1982,161748,"HERRING, ATLANTIC THREAD",0,294846,14250,34
1982,172409,"BONITO, ATLANTIC",0,254115,24321,183
1982,168688,AMBERJACKS,0,239647.99999999988,76612.10842149181,2976
1982,167704,"GROUPER, WARSAW",1,230795.99999999988,150430.4809094064,2349
1982,163996,"CATFISHES, FORKTAIL",0,200467.5658511648,47393.415149216205,140
1982,169180,PORGIES,0,188582,95212,3349
1982,168849,"SNAPPER, MUTTON",1,169177,234544.2454722162,1613
1982,167695,"GROUPER, GOLIATH",1,169071,71184.26990509889,702
1982,168790,DOLPHINFISH,0,162456.99999999988,115804.9999999999,446
1982,169267,SPOT,0,137592,25183,1333
1982,165460,BALLYHOO,0,137484,57455,25
1982,168566,COBIA,1,110367,56359,1130
1982,169013,MOJARRAS,0,108683.9999999999,27837,435
1982,172418,TUNAS,0,105176,148717,53
1982,172427,"TUNA, BLACKFIN",1,100332,45824,21
1982,173752,"TURTLES, SNAPPING",0,96842,83756,52
1982,173137,TRIGGERFISHES,0,96673,32919,2939
1982,164157,"CATFISHES, SEA",0,90512,20318,139
1982,097660,"LOBSTERS, SLIPPER",0,78473,113871,151
1982,082369,"SQUIDS, LOLIGINIDAE",0,73021,18778,468
1982,161088,PADDLEFISH,0,70958,10685,69
1982,172423,"TUNA, YELLOWFIN",1,56292,91747,36
1982,169055,GRUNTS,0,54511,16349.4877260538,543
1982,173433,FROGS,0,42656,55034,49
1982,169406,GOATFISHES,0,36949,14172,12
1982,161127,"EEL, AMERICAN",0,36744,25811,14
1982,172421,"TUNA, BLUEFIN",1,31979,81498,9
1982,168709,PERMIT,0,30488,11734,492
1982,169809,TILAPIAS,0,29728,9679,89
1982,168860,"SNAPPER, LANE",1,29383,23315.362880834102,905
1982,167687,"BASS, BLACK SEA",1,25845,8412,187
1982,161104,BOWFIN,0,19622,2453,53
1982,170566,HOGFISH,1,15862,13177.484281551899,1255
1982,079737,"SCALLOP, BAY",0,12626,34815,58
1982,172486,MARLINS,0,9407,4085,8
1982,172451,WAHOO,1,8832,6273,95
1982,082590,OCTOPUSES,0,4608,2174.999999999999,99
1982,553237,ANGELFISHES,0,2886.999999999999,420,70
1982,169077,PIGFISH,0,2158,1038,19
1982,096027,"SHRIMPS, ROCK",0,1728,1438,3
1982,169007,TRIPLETAIL,1,1543,258,28
1982,161064,STURGEONS,0,802,300,6
1982,170424,BARRACUDAS,0,527,103,11
1982,072555,SNAILS (CONCH),0,393,1298,7
1983,161731,MENHADENS,0,2122726152,86026804.99999999,238
1983,551570,"SHRIMP, NORTHERN BROWN",1,96873159,188569113,3475
1983,551680,"SHRIMP, NORTHERN WHITE",1,63502206,149148315,4005
1983,098696,"CRAB, BLUE",0,40471045,13355725,2944
1983,079872,"OYSTER, EASTERN",0,29165296,37556960,1836
1983,170335,"MULLET, STRIPED",0,25616372,6442904,7056
1983,097306,"CRAYFISHES, FRESHWATER",0,10568423,4747543,182
1983,167674,GROUPERS,0,9434750,11348214.1640208,9975
1983,168853,"SNAPPER, RED",1,6840033.7712911805,11974013.16591775,7917
1983,163996,"CATFISHES, CHANNEL",0,6059356,2643475,818
1983,095750,"SHRIMP, ATLANIC SEABOB",0,5770185,2484582,348
1983,169288,"DRUM, BLACK",0,5274213,1939088,1606
1983,098811,"CRAB, FLORIDA STONE",0,4790126,7319338,1539
1983,161111,LADYFISH,0,4162381,356367.9999999999,247
1983,097648,"LOBSTER, CARIBBEAN SPINY",1,3869070,9613334.92622371,2694
1983,914179,OSTEICHTHYES,0,3809940,526322.9999999999,9600
1983,163954,"FISHES, BUFFALO",0,3481136,654124,353
1983,169239,"SEATROUT, SPOTTED",0,3324737,3040234.9899799596,9088
1983,169290,"DRUM, RED",1,3127031,1980553,5041
1983,172434,"MACKERELS, KING AND CERO",0,2831556,2564746,1274
1983,161763,"SARDINE, SPANISH",0,2676287,292586.9999999999,131
1983,172436,"MACKEREL, SPANISH",1,2265989,711230,3545
1983,168612,"RUNNER, BLUE",1,2034290,380634,468
1983,161702,"SHAD, AMERICAN",0,1811580,181153,21
1983,169189,SHEEPSHEAD,0,1676929,273903,3346
1983,168723,SCADS,0,1648409,282480,115
1983,172702,FLATFISHES,0,1632186,1099429,6647
1983,168609,"JACK, CREVALLE",1,1559073,261675,2129
1983,169364,"DRUM, FRESHWATER",0,1316701,254640,312
1983,161092,GARFISHES,0,1162990,314841,297
1983,551574,"SHRIMP, NORTHERN PINK",1,1051631,2071758,134
1983,169273,KINGFISHES,0,1010497,251178.99999999988,2054
1983,169283,"CROAKER, ATLANTIC",0,893086.9999999999,337535,1921
1983,159785,SHARKS,0,792495,353890,1722
1983,168559,BLUEFISH,0,728262.9999999999,132770,2445
1983,172482,SWORDFISH,1,722515,2065409,188
1983,168848,"SNAPPER, GRAY",1,676812.9999999999,668850.8397955507,6342
1983,169243,"SEATROUT, SAND",0,668283,207425,1642
1983,168708,"POMPANO, FLORIDA",0,533320.9999999999,1428126,2916
1983,168909,"SNAPPER, VERMILION",1,514835,643136.8544834005,2995
1983,168907,"SNAPPER, YELLOWTAIL",1,426720.5264088168,605880.5590703001,903
1983,172409,"BONITO, ATLANTIC",0,324438,27480,197
1983,168688,AMBERJACKS,0,298404,109160.6623548046,2947
1983,168546,"TILEFISH, GOLDEN",1,288613.9999999999,225569,1028
1983,161701,"HERRINGS, RIVER",0,230894,36387,31
1983,170336,"MULLET, WHITE",0,217982,52021,263
1983,161748,"HERRING, ATLANTIC THREAD",0,210486,13347,23
1983,169180,PORGIES,0,209300.99999999988,102727.7585358933,3174
1983,163344,"CARP, COMMON",0,199401,23977,80
1983,168790,DOLPHINFISH,0,190808,136588.99999999988,490
1983,167695,"GROUPER, GOLIATH",1,184980,82932.4,809
1983,168849,"SNAPPER, MUTTON",1,181442,250408.55116159792,1815
1983,169267,SPOT,0,165715.99999999988,31921,1237
1983,172423,"TUNA, YELLOWFIN",1,153157,242294,72
1983,168566,COBIA,1,132451,75213,1317
1983,169013,MOJARRAS,0,114830.9999999999,28775,338
1983,167704,"GROUPER, WARSAW",1,107462,76979.07463197541,1983
1983,097660,"LOBSTERS, SLIPPER",0,101801,164736,188
1983,164157,"CATFISHES, SEA",0,96471,16914,145
1983,172418,TUNAS,0,84579,109926,92
1983,172421,"TUNA, BLUEFIN",1,82054,206270,14
1983,169809,TILAPIAS,0,77318,22704,56
1983,168709,PERMIT,0,74171,37553,597
1983,173137,TRIGGERFISHES,0,73419,26865,3185
1983,161088,PADDLEFISH,0,71789,10757,52
1983,082369,"SQUIDS, LOLIGINIDAE",0,71201,21235,524
1983,096027,"SHRIMPS, ROCK",0,59259,25743,14
1983,169055,GRUNTS,0,42694,10797.8023042414,582
1983,173752,"TURTLES, SNAPPING",0,40273,36303,40
1983,173433,FROGS,0,35962,37744,23
1983,168860,"SNAPPER, LANE",1,22312,18924.9886339767,586
1983,161127,"EEL, AMERICAN",0,21881,14740,32
1983,079737,"SCALLOP, BAY",0,21854,74948,78
1983,172427,"TUNA, BLACKFIN",1,20904,6135,24
1983,170566,HOGFISH,1,18959,10871.4414989758,702
1983,081495,"CLAMS, MERCENARIA QUAHOG",0,14881,38992,26
1983,161104,BOWFIN,0,14418,1762,37
1983,167687,"BASS, BLACK SEA",1,11260,4672,199
1983,172451,WAHOO,1,9329,6407,105
1983,169406,GOATFISHES,0,4948,6664,6
1983,163996,"CATFISHES, FORKTAIL",0,4238,2514,21
1983,553237,ANGELFISHES,0,2898.999999999999,677,84
1983,172486,MARLINS,0,2631,2149,8
1983,072555,SNAILS (CONCH),0,1937,4496,6
1983,169007,TRIPLETAIL,1,1078.999999999999,314,32
1983,161064,STURGEONS,0,847,279,6
1983,082590,OCTOPUSES,0,807,672,42
1983,169077,PIGFISH,0,588,156,7
1983,170424,BARRACUDAS,0,154,47,6
1984,161731,MENHADENS,0,2171965280.999999,88210008,230
1984,551570,"SHRIMP, NORTHERN BROWN",1,137046717,217268208,4566
1984,551680,"SHRIMP, NORTHERN WHITE",1,84239034,161193264,5289
1984,098696,"CRAB, BLUE",0,56327282.99999999,15936425,2928
1984,079872,"OYSTER, EASTERN",0,27595759,43318339.99999999,1914
1984,170335,"MULLET, STRIPED",0,22512009,6057738,6886
1984,097306,"CRAYFISHES, FRESHWATER",0,12156664,4098675,199
1984,167674,GROUPERS,0,9250355,12676789.18494414,12126
1984,914179,OSTEICHTHYES,0,7676585,691935,9497
1984,095750,"SHRIMP, ATLANIC SEABOB",0,6764886,2734233,303
1984,169288,"DRUM, BLACK",0,5933638,1929744,2153
1984,163996,"CATFISHES, CHANNEL",0,5506715,2606964,699
1984,168853,"SNAPPER, RED",1,5382877,9927187.115490379,7768
1984,097648,"LOBSTER, CARIBBEAN SPINY",1,4420558,11071471.44217671,2461
1984,169290,"DRUM, RED",1,4334193,2827071,4880
1984,098811,"CRAB, FLORIDA STONE",0,3945552.98279038,7321593.43793295,1535
1984,161763,"SARDINE, SPANISH",0,3516990,308488,121
1984,172436,"MACKEREL, SPANISH",1,3505715,1036030.98212596,2787
1984,161111,LADYFISH,0,3439895,255754,274
1984,169239,"SEATROUT, SPOTTED",0,2599657,2545538,8149
1984,163954,"FISHES, BUFFALO",0,2087640,406724,282
1984,169189,SHEEPSHEAD,0,1507605,223160.99999999988,3357
1984,172434,"MACKERELS, KING AND CERO",0,1414213,838393.9007231446,972
1984,168609,"JACK, CREVALLE",1,1369530,195142.5126238547,2405
1984,168909,"SNAPPER, VERMILION",1,1369370.87320353,1969532.94439235,3479
1984,172702,FLATFISHES,0,1309944,926520,6667
1984,168612,"RUNNER, BLUE",1,1122157.34975871,222931.9294423814,514
1984,161092,GARFISHES,0,1119774,299673,357
1984,168723,SCADS,0,970086,135617,108
1984,169364,"DRUM, FRESHWATER",0,807188,153043,253
1984,172423,"TUNA, YELLOWFIN",1,776725,682318.9999999999,280
1984,169243,"SEATROUT, SAND",0,677391.9999999999,249049,1627
1984,159785,SHARKS,0,665533,246466.8489546946,3486
1984,172482,SWORDFISH,1,621816.4515544524,1738923.8545999,354
1984,168559,BLUEFISH,0,607464,109717,2583
1984,168688,AMBERJACKS,0,567271,256605.5604197726,3658
1984,168907,"SNAPPER, YELLOWTAIL",1,541045.9999999999,879213.353530454,889
1984,169273,KINGFISHES,0,532121,135881.99999999988,1827
1984,168708,"POMPANO, FLORIDA",0,521302,1525183,3557
1984,161748,"HERRING, ATLANTIC THREAD",0,496823,29953,25
1984,168848,"SNAPPER, GRAY",1,486876.9999999999,629524.6405377386,5447
1984,169283,"CROAKER, ATLANTIC",0,434522.9999999999,194511.99999999988,1407
1984,551574,"SHRIMP, NORTHERN PINK",1,425456,724326,75
1984,161701,"HERRINGS, RIVER",0,395701.9999999999,49326,40
1984,161702,"SHAD, AMERICAN",0,332298,33085,15
1984,168546,"TILEFISH, GOLDEN",1,320633,269192.05419152096,1378
1984,163344,"CARP, COMMON",0,238899,26644,87
1984,169180,PORGIES,0,227325.99999999988,123180.0798023245,3939
1984,170336,"MULLET, WHITE",0,180002,45974,223
1984,172421,"TUNA, BLUEFIN",1,151593.99999999988,394068.9999999999,51
1984,169267,SPOT,0,139633,31099,1247
1984,095966,"SHRIMP, ROYAL RED",1,135069,247442,14
1984,168849,"SNAPPER, MUTTON",1,126062,190567.1353748204,1922
1984,167704,"GROUPER, WARSAW",1,108871,92153.85916760401,2207
1984,082369,"SQUIDS, LOLIGINIDAE",0,104369,31135,650
1984,164157,"CATFISHES, SEA",0,101066,16431,126
1984,168566,COBIA,1,92687.27442031271,60674.8570909919,1756
1984,167695,"GROUPER, GOLIATH",1,92577,53174.09158134241,964
1984,081495,"CLAMS, MERCENARIA QUAHOG",0,86029,184309,37
1984,172409,"BONITO, ATLANTIC",0,79649.9305136352,6895.980831347631,202
1984,173137,TRIGGERFISHES,0,70160.9956705271,29141.996752895302,2557
1984,172418,TUNAS,0,70068,82531,65
1984,173752,"TURTLES, SNAPPING",0,65929,54066,30
1984,097660,"LOBSTERS, SLIPPER",0,62655,145514.99999999988,227
1984,172427,"TUNA, BLACKFIN",1,58892.106966228595,23782.7485657765,188
1984,095647,"SHRIMP, ROUGHNECK",0,54393,27660,6
1984,169055,GRUNTS,0,50763.8318936232,16709.3613567953,483
1984,161104,BOWFIN,0,48495,7121,34
1984,169809,TILAPIAS,0,45562,11389,63
1984,168860,"SNAPPER, LANE",1,36996,32320.940633245402,1722
1984,168709,PERMIT,0,33119,17728,694
1984,173433,FROGS,0,32470,55721,13
1984,161088,PADDLEFISH,0,22649,3793,42
1984,172428,"TUNA, BIGEYE",1,21722,35696,18
1984,167687,"BASS, BLACK SEA",1,21196,8613,240
1984,168790,DOLPHINFISH,0,19657.710454756598,17930.481290121,521
1984,082590,OCTOPUSES,0,17814,8743,132
1984,167763,SCAMP,1,14669,14328,14
1984,170566,HOGFISH,1,12562.0709975537,11275.4551184349,1006
1984,172486,MARLINS,0,11066,8072,13
1984,079737,"SCALLOP, BAY",0,9896,25834,37
1984,768126,"MARLIN, WHITE",1,8998,4388,11
1984,161127,"EEL, AMERICAN",0,7708,5053,18
1984,553237,ANGELFISHES,0,4847,912,213
1984,172451,WAHOO,1,4765.824426350851,4023.7259409979342,187
1984,168861,"SNAPPER, SILK",1,3788,2633,5
1984,172491,"MARLIN, BLUE",1,1870,844,5
1984,096027,"SHRIMPS, ROCK",0,1383,801,6
1984,168845,SNAPPERS,0,1302,1006,14
1984,169007,TRIPLETAIL,1,1207.999999999999,424.00000000000006,40
1984,169077,PIGFISH,0,650,310,5
1984,161064,STURGEONS,0,445,114,11
1984,170424,BARRACUDAS,0,309,48,8
1985,161731,MENHADENS,0,1949124474,67513755.99999999,335
1985,551570,"SHRIMP, NORTHERN BROWN",1,138643632,193242213,4624
1985,551680,"SHRIMP, NORTHERN WHITE",1,89074139,157182798,5674
1985,098696,"CRAB, BLUE",0,55852116,16423514.02572347,2883
1985,079872,"OYSTER, EASTERN",0,26509032,40891450.99999999,1849
1985,170335,"MULLET, STRIPED",0,19435441.99999999,5389812,7465
1985,167674,GROUPERS,0,10770262,16459685.87685692,13748
1985,097306,"CRAYFISHES, FRESHWATER",0,9824595,3581976,172
1985,095750,"SHRIMP, ATLANIC SEABOB",0,7362353,2699412,335
1985,169288,"DRUM, BLACK",0,7011194,2009091,1790
1985,169290,"DRUM, RED",1,6342733,4021262,5063
1985,914179,OSTEICHTHYES,0,5796867,611108.9999999999,9299
1985,163996,"CATFISHES, CHANNEL",0,5668900,2677549,841
1985,161763,"SARDINE, SPANISH",0,4551761,376818,125
1985,097648,"LOBSTER, CARIBBEAN SPINY",1,4051178,9767546.54857564,2448
1985,098811,"CRAB, FLORIDA STONE",0,4014756,7950640.621903391,1676
1985,168853,"SNAPPER, RED",1,4007988,8183620.06593407,6961
1985,172423,"TUNA, YELLOWFIN",1,3251004.10693539,4075106.23585894,526
1985,161111,LADYFISH,0,2960573,241892,206
1985,169239,"SEATROUT, SPOTTED",0,2344229,2359534,8598
1985,172436,"MACKEREL, SPANISH",1,2056695,673662.0022785567,2685
1985,163954,"FISHES, BUFFALO",0,1819061,341997,284
1985,169189,SHEEPSHEAD,0,1652452,253869.9999999999,3691
1985,172702,FLATFISHES,0,1626027,1171507,6821
1985,172434,"MACKERELS, KING AND CERO",0,1599602,1322568.77293389,1048
1985,168909,"SNAPPER, VERMILION",1,1395789,2196739.78968903,3259
1985,161092,GARFISHES,0,1253260,388882,369
1985,168609,"JACK, CREVALLE",1,1152145,188839.7823606845,2540
1985,172482,SWORDFISH,1,1085260.10868881,2998690.65375232,2319
1985,168612,"RUNNER, BLUE",1,1007631,201394.2809069641,465
1985,159785,SHARKS,0,914123,329835.5865643922,4449
1985,168723,SCADS,0,876443,130354,93
1985,168688,AMBERJACKS,0,832935.9999999999,412916.9999999999,4507
1985,551574,"SHRIMP, NORTHERN PINK",1,808464,1322032,105
1985,169364,"DRUM, FRESHWATER",0,761853,144471,278
1985,169243,"SEATROUT, SAND",0,627362,283907,2045
1985,169273,KINGFISHES,0,614584,181712.99999999988,1568
1985,095599,CRAB,0,589235,565446,14
1985,168559,BLUEFISH,0,567631.9999999999,114766.9999999999,2808
1985,161748,"HERRING, ATLANTIC THREAD",0,485254,39613,27
1985,168708,"POMPANO, FLORIDA",0,446018,1407284,3652
1985,168907,"SNAPPER, YELLOWTAIL",1,435833.9999999999,724642.3492168472,1329
1985,170336,"MULLET, WHITE",0,421187,120402,333
1985,168848,"SNAPPER, GRAY",1,385172,509915.449485483,5773
1985,169180,PORGIES,0,318436,192857.39208344472,4419
1985,169283,"CROAKER, ATLANTIC",0,311862,145484.99999999988,1684
1985,168546,"TILEFISH, GOLDEN",1,303867.9999999999,265877.7600634892,1275
1985,163344,"CARP, COMMON",0,197936,15548,90
1985,167699,"GROUPER, YELLOWEDGE",1,178374,242457,16
1985,172421,"TUNA, BLUEFIN",1,152894,407465,75
1985,169267,SPOT,0,152455,36792,1202
1985,168849,"SNAPPER, MUTTON",1,148017,223999.46013596398,2229
1985,167704,"GROUPER, WARSAW",1,127325.9999999999,108487.34739860709,2067
1985,081495,"CLAMS, MERCENARIA QUAHOG",0,118743,219137,36
1985,082369,"SQUIDS, LOLIGINIDAE",0,117823,38515,666
1985,164157,"CATFISHES, SEA",0,115112,23292,137
1985,167695,"GROUPER, GOLIATH",1,114715,71094,1108
1985,097660,"LOBSTERS, SLIPPER",0,111649,196077.99999999988,270
1985,161701,"HERRINGS, RIVER",0,106512,7660,24
1985,168790,DOLPHINFISH,0,101526,106121.89974512439,532
1985,168566,COBIA,1,96518,75623.4666884656,1620
1985,172409,"BONITO, ATLANTIC",0,95614,10781,168
1985,173137,TRIGGERFISHES,0,92626,45332,3120
1985,172418,TUNAS,0,84237.1930734482,98960.4291277024,120
1985,169013,MOJARRAS,0,79575,35759,582
1985,161702,"SHAD, AMERICAN",0,77960,7755,13
1985,173752,"TURTLES, SNAPPING",0,77853,72246,36
1985,163996,"CATFISHES, FORKTAIL",0,48830,8898,112
1985,168860,"SNAPPER, LANE",1,47992,44429.91108417811,1983
1985,169055,GRUNTS,0,41865,12066.467312775301,646
1985,169809,TILAPIAS,0,35508,9142,55
1985,167763,SCAMP,1,31737,35022,49
1985,082590,OCTOPUSES,0,30382,14780,135
1985,172427,"TUNA, BLACKFIN",1,28804.9988700565,18574.873446327696,172
1985,161127,"EEL, AMERICAN",0,28240,19694,28
1985,172486,MARLINS,0,24636,18143,39
1985,172428,"TUNA, BIGEYE",1,23888.108055645404,57837.694111937904,93
1985,168709,PERMIT,0,23712,14477,770
1985,768126,"MARLIN, WHITE",1,20607,12561,59
1985,170566,HOGFISH,1,20580,18357.5133148909,1081
1985,173433,FROGS,0,20183,30096,20
1985,167687,"BASS, BLACK SEA",1,15805,6607,222
1985,161088,PADDLEFISH,0,14280,2154,30
1985,164729,"HAKES, RED AND WHITE",0,13705,4357,62
1985,172491,"MARLIN, BLUE",1,11967,6145,27
1985,172451,WAHOO,1,11000,10424.6,121
1985,172564,HARVESTFISHES,0,10558,4541,13
1985,161104,BOWFIN,0,7689,884,35
1985,164732,"HAKE, WHITE",0,6978,1266,19
1985,553237,ANGELFISHES,0,6130,1811,52
1985,096027,"SHRIMPS, ROCK",0,5299,3025,8
1985,168845,SNAPPERS,0,4668,6698,14
1985,079737,"SCALLOP, BAY",0,3621,10392,23
1985,168852,"SNAPPER, BLACKFIN",1,2676,3271,8
1985,169406,GOATFISHES,0,1004,599,7
1985,169007,TRIPLETAIL,1,870,401,43
1985,168899,"SNAPPER, BLACK",1,680,1153,39
1985,169077,PIGFISH,0,325,137,10
1985,161064,STURGEONS,0,164,51,5
1986,161731,MENHADENS,0,1812746375,66755331,181
1986,551570,"SHRIMP, NORTHERN BROWN",1,159979214.9,288967656.49,15254
1986,551680,"SHRIMP, NORTHERN WHITE",1,109245083.12,218749518.15,7704
1986,098696,"CRAB, BLUE",0,53181674.0990407,14075497.47644762,49007
1986,170335,"MULLET, STRIPED",0,25842936,2925454.62,287386
1986,079872,"OYSTER, EASTERN",0,22543003.69,38088481.5,33465
1986,161732,"MENHADEN, ATLANTIC",0,18086897,99,778
1986,097306,"CRAYFISHES, FRESHWATER",0,16679824,7070150,190
1986,551574,"SHRIMP, NORTHERN PINK",1,15048875.8,2727222.2,8033
1986,095750,"SHRIMP, ATLANIC SEABOB",0,14473003,6079305,531
1986,169290,"DRUM, RED",1,14131589.48,8605672.62,40160
1986,169288,"DRUM, BLACK",0,7618472,2552568.35,3480
1986,172423,"TUNA, YELLOWFIN",1,7495384.75,5631240.57,5584
1986,167702,"GROUPER, RED",1,7417101.56241062,1973994.42231292,75433
1986,163996,"CATFISHES, CHANNEL",0,6911207,3217449,847
1986,161763,"SARDINE, SPANISH",0,6110762,216,941
1986,161111,LADYFISH,0,4480150.19554821,926.009500043474,1738
1986,168853,"SNAPPER, RED",1,3770840.0196682,5492192.6624424,30458
1986,169239,"SEATROUT, SPOTTED",0,3282133,1882283.37,241133
1986,097648,"LOBSTER, CARIBBEAN SPINY",1,3146167.6149258497,2572877.7454514997,150396
1986,172436,"MACKEREL, SPANISH",1,3096833.35216342,185149.05077693082,29940
1986,096028,"SHRIMP, ROCK",1,3086870.11,1294.3,767
1986,914179,OSTEICHTHYES,0,2486177.90495214,202735.1031490387,53916
1986,163954,"FISHES, BUFFALO",0,2219559,424330,258
1986,161702,"SHAD, AMERICAN",0,2177125,5539,650
1986,098810,"CRAB, STONE",0,1914237,1886459.32,29403
1986,159785,SHARKS,0,1902989.01125,374516.2075,36840
1986,172702,FLATFISHES,0,1799721,1368170,1652
1986,168909,"SNAPPER, VERMILION",1,1760743.82044874,1198994.03861893,4879
1986,169189,SHEEPSHEAD,0,1745838,231763.43,45812
1986,172435,"MACKEREL, KING",1,1687404.1600000001,111427,2832
1986,167760,"GROUPER, BLACK",1,1275679.54498753,442509.9380925435,46768
1986,161092,GARFISHES,0,1233793,393908,420
1986,167699,"GROUPER, YELLOWEDGE",1,1113313.9643235,858679.7201932857,1058
1986,168609,"JACK, CREVALLE",1,1087793.29444127,6783.618585459288,4880
1986,168584,JACKS,0,1000671,7870.55,9069
1986,095603,"SHRIMPS, BAIT",0,931244.86,2232.1,11933
1986,168689,"AMBERJACK, GREATER",1,911609.92,26537.98,4327
1986,167759,"GROUPER, GAG",1,873394.1905063292,275246.657278481,13770
1986,169273,KINGFISHES,0,755900,208741.38,3261
1986,172482,SWORDFISH,1,695214.1155981335,757217.0372120724,3486
1986,161748,"HERRING, ATLANTIC THREAD",0,692305,NA,99
1986,167674,GROUPERS,0,670876.9256517567,546459.0660919322,10437
1986,169243,"SEATROUT, SAND",0,596123,212408.65,8702
1986,169364,"DRUM, FRESHWATER",0,575157,109880,254
1986,168688,AMBERJACKS,0,563205,279428,318
1986,170336,"MULLET, WHITE",0,528882,8902.560000000001,4239
1986,168907,"SNAPPER, YELLOWTAIL",1,521025.10071590083,115823.24268734461,28502
1986,168612,"RUNNER, BLUE",1,508480.9186782282,41959.2154909773,396
1986,167764,"GROUPER, YELLOWFIN",1,480169.66801628855,96245.22855342251,1530
1986,168559,BLUEFISH,0,457608.83861907513,14216.5089547816,15293
1986,168708,"POMPANO, FLORIDA",0,450114.9999999999,398215.2599999999,59743
1986,168848,"SNAPPER, GRAY",1,447569.8378051226,129513.652949597,108692
1986,168791,DOLPHIN,1,417992.4,56148.8,4713
1986,167763,SCAMP,1,387411.53641544114,201141.0342003676,14271
1986,168725,"SCAD, ROUND",0,377733,179.75,325
1986,165459,BALLYHOOS,0,352931.91000000003,13011.36,821
1986,169180,PORGIES,0,350231.6549622166,45055.0159949622,9938
1986,172434,"MACKERELS, KING AND CERO",0,337603,251218,105
1986,169267,SPOT,0,300355.9999999999,7661.7,19411
1986,168546,"TILEFISH, GOLDEN",1,291687.8414558515,96318.0696947022,1599
1986,169283,"CROAKER, ATLANTIC",0,254908.6011430904,53847.200000000004,5156
1986,164157,"CATFISHES, SEA",0,253076,31433,967
1986,163344,"CARP, COMMON",0,242704,20145,92
1986,172421,"TUNA, BLUEFIN",1,241266.7113361536,529822.8,197
1986,172564,HARVESTFISHES,0,225366,108999,13
1986,167704,"GROUPER, WARSAW",1,222358.80000000002,101453.2,2721
1986,168845,SNAPPERS,0,205980.5375475792,25491.1400250417,4462
1986,172402,"TUNA, LITTLE TUNNY",1,187452,14028.960000000001,225
1986,161700,HERRINGS,0,184780,NA,255
1986,172734,"FLOUNDERS, PARALICHTHYS",0,182686,1934.65,9942
1986,168849,"SNAPPER, MUTTON",1,175577.725771933,65183.4799104209,25270
1986,098811,"CRAB, FLORIDA STONE",0,154709,79929,70
1986,168566,COBIA,1,135842.19546468862,53961.6420787883,7026
1986,167793,"PERCH, SAND",0,127540,1.2,4339
1986,167705,"GROUPER, SNOWY",1,112575.0200167269,36391.6195674901,1224
1986,095601,"SHRIMPS, PENAEOID",0,110065.61,7703.25,218
1986,168543,"TILEFISH, BLUELINE",1,109632.32,15766.800000000001,991
1986,169055,GRUNTS,0,109617.2406400966,699.4236865942031,13149
1986,167695,"GROUPER, GOLIATH",1,103780.5864209243,7106.181151536252,1807
1986,095966,"SHRIMP, ROYAL RED",1,102218.8,NA,21
1986,169809,TILAPIAS,0,96248,189.5,878
1986,160806,RAYS,0,88710,181.5,58
1986,082367,SQUIDS,0,85819,811.7,1370
1986,082369,"SQUIDS, LOLIGINIDAE",0,78972,40890,209
1986,768126,"MARLIN, WHITE",1,78691.4546223224,17483.25,360
1986,172427,"TUNA, BLACKFIN",1,74416.7667435473,43837.039526039596,1419
1986,173128,TRIGGERFISHES,0,72113.6,2061.95,1823
1986,168860,"SNAPPER, LANE",1,59215.548778421806,14935.388534700502,18290
1986,168709,PERMIT,0,49940,6944.99,3504
1986,168790,DOLPHINFISH,0,44314,38302,102
1986,169241,WEAKFISH,0,40898,843.2,1740
1986,164818,"BROTULA, BEARDED",0,40175,12287,189
1986,173752,"TURTLES, SNAPPING",0,31168,29225,20
1986,172491,"MARLIN, BLUE",1,29857.142447133898,5880.446998017558,266
1986,097660,"LOBSTERS, SLIPPER",0,29597,78112,23
1986,172486,MARLINS,0,28432,17194,20
1986,172451,WAHOO,1,26808.122796352596,8321.475370999464,468
1986,169013,MOJARRAS,0,26145.6501370747,1069.7068174487981,2150
1986,173137,TRIGGERFISHES,0,24965,10041,96
1986,170566,HOGFISH,1,24603.037441051398,3822.4796353562683,13709
1986,167686,"BASSES, MIXED SEA",0,24238.38,17,653
1986,172428,"TUNA, BIGEYE",1,20012,1714,113
1986,168861,"SNAPPER, SILK",1,19008.198602648496,3444.0372490706313,298
1986,168902,"SNAPPER, QUEEN",1,17561,25377,26
1986,097671,"LOBSTER, SPANISH",0,17358,8340.28,464
1986,161104,BOWFIN,0,14390,910,32
1986,096027,"SHRIMPS, ROCK",0,14178,7376,4
1986,169240,"SEATROUT, SILVER",0,13319,1722.2,295
1986,082590,OCTOPUSES,0,11823,401.3,323
1986,173433,FROGS,0,10529,15316,15
1986,161123,EELS,0,9170,344.95,109
1986,079737,"SCALLOP, BAY",0,7894,2362,106
1986,168852,"SNAPPER, BLACKFIN",1,5840,6139,21
1986,167706,"GROUPER, NASSAU",1,5450.584445554446,6.237662337662339,127
1986,081499,"CLAM, SOUTHERN QUAHOG",0,5447.9400000000005,17.6,125
1986,168899,"SNAPPER, BLACK",1,5210,7096,41
1986,161088,PADDLEFISH,0,3200,478,4
1986,172418,TUNAS,0,2889.75,2186.1,20
1986,167744,"GROUPER, MARBLED",1,2801,3325,16
1986,159924,"SHARK, MAKO, SHORTFIN",1,2626,1564,13
1986,169007,TRIPLETAIL,1,1806,845,29
1986,083677,CRUSTACEANS,0,1744,NA,20
1986,167698,"HIND, SPECKLED",1,1251,1420,13
1986,172401,"TUNA, SKIPJACK",1,1183.702130993131,0.5,27
1986,168680,LOOKDOWN,0,1094,NA,22
1986,169406,GOATFISHES,0,911,NA,60
1986,163996,"CATFISHES, FORKTAIL",0,900,441,6
1986,069459,"SNAIL, OTHER",0,597,NA,25
1986,172419,"TUNA, ALBACORE",1,433.5,574,4
1986,172384,CUTLASSFISHES,0,161,NA,12
1986,172502,"SPEARFISH, LONGBILL",1,140,2.4,4
1986,081496,"CLAM, NORTHERN QUAHOG",0,2.14,1.6400000000000001,5
1987,161731,MENHADENS,0,1990530261,69893599,154
1987,551570,"SHRIMP, NORTHERN BROWN",1,149225053.21,263181963.14,16905
1987,551680,"SHRIMP, NORTHERN WHITE",1,82798139.22,166559695.55,8477
1987,098696,"CRAB, BLUE",0,78459420.25,26502246.39,56595
1987,097306,"CRAYFISHES, FRESHWATER",0,24814212,10316614,235
1987,170335,"MULLET, STRIPED",0,23315539.99999999,1846015.1800000002,330097
1987,161732,"MENHADEN, ATLANTIC",0,18991187,139.3,911
1987,079872,"OYSTER, EASTERN",0,18751041.11,38630719.96,76042
1987,551574,"SHRIMP, NORTHERN PINK",1,14116728,3821982.8,7297
1987,169288,"DRUM, BLACK",0,10646141,3563009.59,6197
1987,172423,"TUNA, YELLOWFIN",1,9087570.01191957,15432176.58815789,3511
1987,095750,"SHRIMP, ATLANIC SEABOB",0,8644605,5101112,683
1987,167702,"GROUPER, RED",1,7816176.69979405,2087724.47360604,108078
1987,161763,"SARDINE, SPANISH",0,6439102,5084.6500000000005,1324
1987,163996,"CATFISHES, CHANNEL",0,6121321,2899991,784
1987,161111,LADYFISH,0,5120615,2225.08,3850
1987,169290,"DRUM, RED",1,4890597.92,5227889.83,18264
1987,914179,OSTEICHTHYES,0,4468231.4358095005,187565.34952471958,92476
1987,159785,SHARKS,0,4409809.01305194,796516.8431571188,59766
1987,097648,"LOBSTER, CARIBBEAN SPINY",1,3766393.9428933896,3491828.92461218,180389
1987,169189,SHEEPSHEAD,0,3348289,470959.71,39184
1987,169239,"SEATROUT, SPOTTED",0,3209088,1804600.65,246375
1987,168853,"SNAPPER, RED",1,3069025.02168848,5094009.90193425,29454
1987,172436,"MACKEREL, SPANISH",1,2844990.66157473,203418.4106786746,42009
1987,095647,"SHRIMP, ROUGHNECK",0,2767752,1767031,76
1987,163954,"FISHES, BUFFALO",0,2564611,488187,238
1987,098810,"CRAB, STONE",0,2305587,2314628.98,37803
1987,161702,"SHAD, AMERICAN",0,2069423,64158.04,485
1987,172702,FLATFISHES,0,1832781,1544537,1669
1987,168689,"AMBERJACK, GREATER",1,1666472.08,64135.04,6489
1987,096028,"SHRIMP, ROCK",1,1640434.12,246.05,885
1987,168909,"SNAPPER, VERMILION",1,1606477.19,1474322.1400000001,4400
1987,168609,"JACK, CREVALLE",1,1579195,2572.7400000000002,11329
1987,172482,SWORDFISH,1,1479727.53642321,2722649.79358589,4372
1987,167760,"GROUPER, BLACK",1,1236520.14556247,254539.36105089472,86236
1987,161748,"HERRING, ATLANTIC THREAD",0,1125724,189,148
1987,168907,"SNAPPER, YELLOWTAIL",1,1112633.22,450121,22338
1987,167699,"GROUPER, YELLOWEDGE",1,1093913.0583144,843302.964149288,3213
1987,168612,"RUNNER, BLUE",1,1063258.9816953,50938.6752830189,1543
1987,095603,"SHRIMPS, BAIT",0,1037427.14,1903.3500000000001,13571
1987,168725,"SCAD, ROUND",0,944857,39.7,440
1987,161092,GARFISHES,0,848981,311063,428
1987,167759,"GROUPER, GAG",1,785260.3700686947,436331.85667320905,11782
1987,167674,GROUPERS,0,758516.2732963265,759025.7301458503,17263
1987,169273,KINGFISHES,0,736235,217319.30000000002,3610
1987,168584,JACKS,0,688250,26457.65,8437
1987,169364,"DRUM, FRESHWATER",0,640406,123890,277
1987,169180,PORGIES,0,600457.4902,184901.5289999999,12972
1987,168688,AMBERJACKS,0,563236,308242,383
1987,172434,"MACKERELS, KING AND CERO",0,535340,469319,111
1987,169243,"SEATROUT, SAND",0,527541.9999999999,183994.35,10603
1987,172435,"MACKEREL, KING",1,516615.84,55156.91,3575
1987,168708,"POMPANO, FLORIDA",0,491530.9999999999,418046.31,69567
1987,168848,"SNAPPER, GRAY",1,482831.2495969991,181102.07280563182,158781
1987,168559,BLUEFISH,0,478074.9999999999,22522.5,12159
1987,168546,"TILEFISH, GOLDEN",1,463955.15298816323,317439.9179546614,1582
1987,170336,"MULLET, WHITE",0,447244.9999999999,4792.5,4070
1987,168845,SNAPPERS,0,435947.8100887198,114683.3867614219,9497
1987,172421,"TUNA, BLUEFIN",1,389390.72563350364,1983537,251
1987,172402,"TUNA, LITTLE TUNNY",1,365939,15863.83,507
1987,169267,SPOT,0,362613,9058.27,16251
1987,167763,SCAMP,1,361704.8160747663,216697.2962616822,16475
1987,168791,DOLPHIN,1,302796,89472.18000000001,4283
1987,165459,BALLYHOOS,0,291716.60000000003,16881.49,945
1987,164157,"CATFISHES, SEA",0,286338,22100.5,1265
1987,168849,"SNAPPER, MUTTON",1,260099.7151126927,111881.01273230521,40510
1987,161700,HERRINGS,0,223231,NA,106
1987,167704,"GROUPER, WARSAW",1,221834.64747580042,169984.4212807148,2354
1987,169283,"CROAKER, ATLANTIC",0,200587,60705.15,4109
1987,168543,"TILEFISH, BLUELINE",1,194542.88,36652.090000000004,1256
1987,096027,"SHRIMPS, ROCK",0,194272,184284,45
1987,172734,"FLOUNDERS, PARALICHTHYS",0,183293,4799.13,12675
1987,095966,"SHRIMP, ROYAL RED",1,177348.80000000002,223142,27
1987,163344,"CARP, COMMON",0,154851,11442,75
1987,168566,COBIA,1,149134.8324520979,61327.933771339,10607
1987,169055,GRUNTS,0,139234.8581304006,4509.056242471851,25550
1987,169809,TILAPIAS,0,138812,1080.2,727
1987,167705,"GROUPER, SNOWY",1,120055.1623076923,62827.7104483558,2844
1987,172451,WAHOO,1,95676.4853155539,58835.3354461595,3046
1987,167695,"GROUPER, GOLIATH",1,95455.54656404791,6965.1221984302365,2042
1987,172427,"TUNA, BLACKFIN",1,94620.57577315661,26812.1828820079,1143
1987,173128,TRIGGERFISHES,0,93604.16,5583.9000000000005,2210
1987,160806,RAYS,0,91964,154.8,131
1987,082369,"SQUIDS, LOLIGINIDAE",0,79011,32349,178
1987,168790,DOLPHINFISH,0,78441,69471,178
1987,098811,"CRAB, FLORIDA STONE",0,71905,52907,91
1987,095601,"SHRIMPS, PENAEOID",0,71810.16,1733.1000000000001,208
1987,082367,SQUIDS,0,71687,1671.2,1446
1987,168709,PERMIT,0,69690.3395528956,8229.28551487414,3869
1987,169013,MOJARRAS,0,68733,281.49,5434
1987,172564,HARVESTFISHES,0,63392,36333,7
1987,167793,"PERCH, SAND",0,55138,3571.3,1818
1987,768126,"MARLIN, WHITE",1,52699.125,23110,893
1987,168860,"SNAPPER, LANE",1,52470.7753366991,12537.294689374,22771
1987,172418,TUNAS,0,51212.25,66671.5,183
1987,164818,"BROTULA, BEARDED",0,43117,17324,188
1987,172486,MARLINS,0,40592,30505,27
1987,168902,"SNAPPER, QUEEN",1,39190,51113,59
1987,167686,"BASSES, MIXED SEA",0,37509.840000000004,195.1,879
1987,168861,"SNAPPER, SILK",1,37129.608421052595,4034.676837363679,701
1987,172491,"MARLIN, BLUE",1,34881,6997,241
1987,167764,"GROUPER, YELLOWFIN",1,32247.143725490198,5747.061437908496,274
1987,173137,TRIGGERFISHES,0,31558,16115,147
1987,170566,HOGFISH,1,30584.496,9377.2938,18059
1987,159924,"SHARK, MAKO, SHORTFIN",1,27615,25097,88
1987,172428,"TUNA, BIGEYE",1,19698.1115067466,11598,73
1987,169241,WEAKFISH,0,19132,884.01,839
1987,081499,"CLAM, SOUTHERN QUAHOG",0,15843.33,NA,246
1987,082590,OCTOPUSES,0,15317,2070.15,955
1987,167706,"GROUPER, NASSAU",1,13929.9,37.1,49
1987,097660,"LOBSTERS, SLIPPER",0,13224,45427,13
1987,172513,"DRIFTFISH, BLACK",0,13015,16592,28
1987,097671,"LOBSTER, SPANISH",0,12770,12809.85,540
1987,169240,"SEATROUT, SILVER",0,12392,2968.4,620
1987,160318,"SHARK, BLACKTIP",1,9594,3681,15
1987,161123,EELS,0,9224,88.10000000000001,191
1987,172409,"BONITO, ATLANTIC",0,7077,993,10
1987,159926,"SHARK, MAKO, LONGFIN",0,6557,6523,15
1987,161104,BOWFIN,0,6252,508,49
1987,159916,"SHARK, THRESHER",1,6028,4206,22
1987,083677,CRUSTACEANS,0,5417,NA,18
1987,168680,LOOKDOWN,0,5020,584.88,31
1987,168899,"SNAPPER, BLACK",1,3495,4340,51
1987,172419,"TUNA, ALBACORE",1,3100,1811,6
1987,169406,GOATFISHES,0,2636,NA,189
1987,172401,"TUNA, SKIPJACK",1,2481.25,NA,21
1987,173433,FROGS,0,2460,3265,12
1987,079737,"SCALLOP, BAY",0,2355,NA,205
1987,163996,"CATFISHES, FORKTAIL",0,1572,726,6
1987,167698,"HIND, SPECKLED",1,1346,1654,27
1987,172437,CERO,1,898,248.44,86
1987,167744,"GROUPER, MARBLED",1,830,1020,17
1987,169007,TRIPLETAIL,1,783,305,24
1987,173752,"TURTLES, SNAPPING",0,586,468,6
1987,069459,"SNAIL, OTHER",0,480,83.7,25
1987,167696,"HIND, ROCK",1,404,517,22
1987,167700,"HIND, RED",1,184,228,9
1988,161731,MENHADENS,0,1393751455,72089154,139
1988,551570,"SHRIMP, NORTHERN BROWN",1,132106773.37,246052708.1,17937
1988,098696,"CRAB, BLUE",0,79329029.75,35299701.86999999,66899
1988,551680,"SHRIMP, NORTHERN WHITE",1,70336129.18,131600116.73,8294
1988,170335,"MULLET, STRIPED",0,25313878.2,10941553.36,378854
1988,097306,"CRAYFISHES, FRESHWATER",0,19683543,8695155,242
1988,079872,"OYSTER, EASTERN",0,17813288.59,95506251.78,75288
1988,172423,"TUNA, YELLOWFIN",1,17139248.6293444,27444825.77659488,4114
1988,161732,"MENHADEN, ATLANTIC",0,16606510,2491748.45,814
1988,551574,"SHRIMP, NORTHERN PINK",1,11411237.6,31686487.71,5491
1988,169288,"DRUM, BLACK",0,10469030,3091016.35,5909
1988,159785,SHARKS,0,8033394.13560643,3625361.14524933,45823
1988,167702,"GROUPER, RED",1,5437452.010257101,6941802.95282977,136900
1988,163996,"CATFISHES, CHANNEL",0,5423263,2593616,776
1988,095750,"SHRIMP, ATLANIC SEABOB",0,5179054,2732569,523
1988,163954,"FISHES, BUFFALO",0,5111028,914675,292
1988,098810,"CRAB, STONE",0,4892681,13840879.77,42110
1988,097648,"LOBSTER, CARIBBEAN SPINY",1,4482988.19347251,12994884.60593115,265067
1988,161111,LADYFISH,0,4147993,703335.61,3667
1988,168853,"SNAPPER, RED",1,3977900.10360382,8746465.08655529,32590
1988,095647,"SHRIMP, ROUGHNECK",0,3738407,2127923,165
1988,161763,"SARDINE, SPANISH",0,3505561,338767.5999999999,1080
1988,169189,SHEEPSHEAD,0,3176412,665648.28,42905
1988,169239,"SEATROUT, SPOTTED",0,2862230,2954202.53,244434
1988,914179,OSTEICHTHYES,0,2324484.99628891,243641.2136635679,11632
1988,172436,"MACKEREL, SPANISH",1,2314938,1031412.43,29968
1988,172482,SWORDFISH,1,2168411.44799318,6956442.52973042,3567
1988,168612,"RUNNER, BLUE",1,1930791.89089795,525385.2772724486,1594
1988,168689,"AMBERJACK, GREATER",1,1904743.6800000002,838653.14,6501
1988,168725,"SCAD, ROUND",0,1882872.53,304546.5,517
1988,161748,"HERRING, ATLANTIC THREAD",0,1673491,117144.4099999999,179
1988,167699,"GROUPER, YELLOWEDGE",1,1579578.2010831,2538684.11840336,5299
1988,168909,"SNAPPER, VERMILION",1,1556011.07830012,2144794.8438692796,7098
1988,161702,"SHAD, AMERICAN",0,1485510,904676.46,1573
1988,168609,"JACK, CREVALLE",1,1461682.95684068,322026.493091403,19165
1988,096028,"SHRIMP, ROCK",1,1436082.77,1093168.15,1283
1988,079734,"SCALLOP, ATLANTIC CALICO",0,1103956.57587686,146274.2463036842,6961
1988,169364,"DRUM, FRESHWATER",0,1040455,202002,351
1988,172702,FLATFISHES,0,972593,973488,1614
1988,168688,AMBERJACKS,0,968841,580524,570
1988,095603,"SHRIMPS, BAIT",0,919419.92,6842962.14,11539
1988,168546,"TILEFISH, GOLDEN",1,866311.664,980026.2814999999,2173
1988,167760,"GROUPER, BLACK",1,863988.5988149702,1524681.01542873,82362
1988,161092,GARFISHES,0,844879,380428,438
1988,167674,GROUPERS,0,843491.8808947064,1138120.96319615,6701
1988,172564,HARVESTFISHES,0,729687,213683,35
1988,168559,BLUEFISH,0,728872,136520.21999999988,12996
1988,169180,PORGIES,0,652406.5645052893,501205.17929060356,16285
1988,167759,"GROUPER, GAG",1,649613.4326735218,1206108.6540874,12515
1988,168584,JACKS,0,623363,133644.68,8091
1988,168907,"SNAPPER, YELLOWTAIL",1,617787.6072033218,1085777.20492885,41941
1988,172435,"MACKEREL, KING",1,552017.4400000001,543911.74,1359
1988,169273,KINGFISHES,0,526655.9999999999,194348.9,3807
1988,172402,"TUNA, LITTLE TUNNY",1,507302,78427.89,343
1988,168708,"POMPANO, FLORIDA",0,492741,1328420.19,65509
1988,165459,BALLYHOOS,0,486898.96,377957.4,1425
1988,172434,"MACKERELS, KING AND CERO",0,462612,494336,135
1988,170336,"MULLET, WHITE",0,383500.9999999999,120134.83,3548
1988,096027,"SHRIMPS, ROCK",0,376924,278960,132
1988,169243,"SEATROUT, SAND",0,375036.9999999999,218223.65,10204
1988,168845,SNAPPERS,0,370335.6551800149,551889.0316508748,8999
1988,160318,"SHARK, BLACKTIP",1,325190,103655,70
1988,168848,"SNAPPER, GRAY",1,318985.6788036276,429213.35552260146,150916
1988,169267,SPOT,0,314687.9999999999,77718.2,13923
1988,172421,"TUNA, BLUEFIN",1,301286.0856781382,3984529.7508275597,150
1988,168791,DOLPHIN,1,297694.8,280406.13,4433
1988,169290,"DRUM, RED",1,291839.52,389612.77,261
1988,167763,SCAMP,1,276580.6373985086,551099.0078956089,15196
1988,098811,"CRAB, FLORIDA STONE",0,276442,148476,80
1988,167704,"GROUPER, WARSAW",1,274045.21219760954,295788.35297211155,2639
1988,095966,"SHRIMP, ROYAL RED",1,241589.7,354644.4,47
1988,172451,WAHOO,1,230390.35259701492,204368.6650348258,3178
1988,164157,"CATFISHES, SEA",0,229037,49683.090000000004,1113
1988,163344,"CARP, COMMON",0,221999,20978,82
1988,168849,"SNAPPER, MUTTON",1,206111.17271297151,337566.0705366299,39782
1988,168543,"TILEFISH, BLUELINE",1,203356.68,162103.35,1305
1988,167705,"GROUPER, SNOWY",1,177449.121755912,275696.548011706,2646
1988,168790,DOLPHINFISH,0,172273,218100,279
1988,160806,RAYS,0,171059,37538.340000000004,209
1988,169055,GRUNTS,0,166278.1514692,69002.956946213,24621
1988,172734,"FLOUNDERS, PARALICHTHYS",0,154577,165574.05000000002,11877
1988,168566,COBIA,1,143301.82243583762,149151.29907139522,10031
1988,173128,TRIGGERFISHES,0,141947.52,84875.79000000001,2884
1988,167793,"PERCH, SAND",0,132385,47603.66,4449
1988,167695,"GROUPER, GOLIATH",1,132296.1267820296,98468.4173336348,2074
1988,169283,"CROAKER, ATLANTIC",0,129481.9999999999,51055.58,4371
1988,173752,"TURTLES, SNAPPING",0,103267,77200,27
1988,172418,TUNAS,0,95792.30046343981,92413.24589083421,89
1988,168861,"SNAPPER, SILK",1,94727.6484012132,148534.684237435,1007
1988,169809,TILAPIAS,0,92737,19430.059999999998,1356
1988,095601,"SHRIMPS, PENAEOID",0,91926.77,56617.270000000004,264
1988,168709,PERMIT,0,89158,64109.170000000006,5952
1988,169013,MOJARRAS,0,84108,51200.55,1724
1988,082369,"SQUIDS, LOLIGINIDAE",0,79251,30635,179
1988,159924,"SHARK, MAKO, SHORTFIN",1,78709,56983,92
1988,082367,SQUIDS,0,77577,20981.57,1447
1988,082590,OCTOPUSES,0,74770,45663.82,1855
1988,047614,HIPPOSPONGIA,0,71497,188850.99,239
1988,161700,HERRINGS,0,68765,77016.8,117
1988,172427,"TUNA, BLACKFIN",1,64556.7110814807,32859.3974256746,1355
1988,167686,"BASSES, MIXED SEA",0,62325.24,30169.83,1392
1988,168860,"SNAPPER, LANE",1,58120.5097480702,53449.2678040631,29775
1988,173137,TRIGGERFISHES,0,54439,36699,207
1988,081499,"CLAM, SOUTHERN QUAHOG",0,37483.39,197119.2,395
1988,167764,"GROUPER, YELLOWFIN",1,36027.450462487206,55355.5198972251,150
1988,164818,"BROTULA, BEARDED",0,34719,18391,147
1988,159916,"SHARK, THRESHER",1,34073,12924,63
1988,172428,"TUNA, BIGEYE",1,32961.75,78130.8,114
1988,170566,HOGFISH,1,29977.7993432049,35490.02019531251,17020
1988,097671,"LOBSTER, SPANISH",0,28505,143091.59,481
1988,159926,"SHARK, MAKO, LONGFIN",0,23298,25101,78
1988,168902,"SNAPPER, QUEEN",1,19641,26559,33
1988,172491,"MARLIN, BLUE",1,18617.0804506506,12366.2747064424,33
1988,079737,"SCALLOP, BAY",0,18340.559999999998,41765.26,1194
1988,169240,"SEATROUT, SILVER",0,18226,17196.79,775
1988,169406,GOATFISHES,0,17488,17488,298
1988,196434,"SPONGE, YELLOW",0,16762,49738.89,193
1988,097660,"LOBSTERS, SLIPPER",0,14414,60258,19
1988,172437,CERO,1,12818,6807.09,501
1988,161123,EELS,0,12081,2657.53,233
1988,169241,WEAKFISH,0,10538,5129.77,658
1988,173433,FROGS,0,9307,12758,15
1988,159921,"SHARK, THRESHER, BIGEYE",1,8647,3479,22
1988,768126,"MARLIN, WHITE",1,8431.5,5337,13
1988,168899,"SNAPPER, BLACK",1,7962,12006,75
1988,164732,"HAKE, WHITE",0,7306,3580,15
1988,161104,BOWFIN,0,7210,1027,39
1988,172419,"TUNA, ALBACORE",1,4519,4376,25
1988,163996,"CATFISHES, FORKTAIL",0,4134,1423,8
1988,167706,"GROUPER, NASSAU",1,3663.933379310344,1320.6771034482751,45
1988,172409,"BONITO, ATLANTIC",0,3464,1026,11
1988,167698,"HIND, SPECKLED",1,3457,4874,23
1988,161127,"EEL, AMERICAN",0,2397,1118,6
1988,196436,"SPONGE, GRASS",0,2374,NA,16
1988,167744,"GROUPER, MARBLED",1,2067,2168,29
1988,169007,TRIPLETAIL,1,1792,1280,31
1988,083677,CRUSTACEANS,0,1416,NA,15
1988,069459,"SNAIL, OTHER",0,1208,NA,26
1988,172401,"TUNA, SKIPJACK",1,1055.477272727272,436.590909090909,14
1988,046861,SPONGES,0,567,784.25,8
1988,168680,LOOKDOWN,0,177.5,101.2,10
1989,161731,MENHADENS,0,1269926609,51365310,148
1989,551570,"SHRIMP, NORTHERN BROWN",1,153914451.51,253456574.83,16412
1989,551680,"SHRIMP, NORTHERN WHITE",1,56859244.8,100096929.11,8202
1989,098696,"CRAB, BLUE",0,55946346.52584905,25563557.5066415,66288
1989,097306,"CRAYFISHES, FRESHWATER",0,27977153,12749060,343
1989,170335,"MULLET, STRIPED",0,27890353.2,13600176.68999999,412038
1989,079872,"OYSTER, EASTERN",0,15822547.41999999,80342077.52,86942
1989,161732,"MENHADEN, ATLANTIC",0,15680409,3979478.54,831
1989,172423,"TUNA, YELLOWFIN",1,12320865.35700942,23309281.99324388,4927
1989,159785,SHARKS,0,11726569.62826938,6457388.21949459,65903
1989,551574,"SHRIMP, NORTHERN PINK",1,10813097.4,28400999.95,5516
1989,167702,"GROUPER, RED",1,8788832.39309399,10717592.0278616,133771
1989,161748,"HERRING, ATLANTIC THREAD",0,7457775,1939248.24,711
1989,914179,OSTEICHTHYES,0,7053025.62980934,262644.6360318892,210389
1989,079734,"SCALLOP, ATLANTIC CALICO",0,6236740,1115037.495,4675
1989,163996,"CATFISHES, CHANNEL",0,6110940,2871355,979
1989,095750,"SHRIMP, ATLANIC SEABOB",0,5576590,2331771,489
1989,169288,"DRUM, BLACK",0,5490011,2508313.0300000003,8618
1989,098810,"CRAB, STONE",0,4954909,12881250.19,47297
1989,097648,"LOBSTER, CARIBBEAN SPINY",1,4532861.00914823,13837630.10929145,315999
1989,161111,LADYFISH,0,4332905,504155.89,5951
1989,169189,SHEEPSHEAD,0,4253456,874038.46,103544
1989,163954,"FISHES, BUFFALO",0,3724063,730780,387
1989,172436,"MACKEREL, SPANISH",1,3118539,1160027.87,20938
1989,168853,"SNAPPER, RED",1,3100985.0584929097,6662190.06192671,30866
1989,095647,"SHRIMP, ROUGHNECK",0,2979969,1509497,115
1989,169239,"SEATROUT, SPOTTED",0,2571267,2424239.05,196269
1989,168725,"SCAD, ROUND",0,2562948,NA,589
1989,161763,"SARDINE, SPANISH",0,2165620,512628,945
1989,168689,"AMBERJACK, GREATER",1,2145034.32,1114071.76,6949
1989,172482,SWORDFISH,1,2141191.21696159,6146331.35960883,6074
1989,168609,"JACK, CREVALLE",1,2003398.85361892,350036.6378608091,44309
1989,168909,"SNAPPER, VERMILION",1,1661581.15592765,2067344.85778875,13120
1989,161702,"SHAD, AMERICAN",0,1531553,910336.04,933
1989,167760,"GROUPER, BLACK",1,1300198.80855006,2111538.80314565,73316
1989,169364,"DRUM, FRESHWATER",0,1151750,187561,421
1989,095603,"SHRIMPS, BAIT",0,1116805.67,3282730.19,13364
1989,096028,"SHRIMP, ROCK",1,1013475.64,623029.22,785
1989,172702,FLATFISHES,0,925772,939514,1916
1989,168907,"SNAPPER, YELLOWTAIL",1,925436.3464191572,1475535.19662113,51154
1989,167759,"GROUPER, GAG",1,852915.9768516648,1469240.5125227,17468
1989,168688,AMBERJACKS,0,828203,592489,591
1989,168612,"RUNNER, BLUE",1,774945.4075630252,208202.8844139194,1190
1989,161092,GARFISHES,0,774736,380508,490
1989,170336,"MULLET, WHITE",0,715391.1527439493,199622.52326188012,10325
1989,168584,JACKS,0,697725,111747.48,8051
1989,169180,PORGIES,0,661343.3849623073,498584.1167017793,18712
1989,172434,"MACKERELS, KING AND CERO",0,657749,702632,104
1989,169273,KINGFISHES,0,636193.9999999999,230338.0399999999,7878
1989,167674,GROUPERS,0,594319.2924833866,868252.7320880124,6652
1989,168559,BLUEFISH,0,585141.9999999999,101321.12999999989,16073
1989,167699,"GROUPER, YELLOWEDGE",1,578874.1442,586260.4126,4247
1989,168791,DOLPHIN,1,550122,450116.69,8055
1989,165459,BALLYHOOS,0,523573.62,208330.79,1465
1989,160806,RAYS,0,497523.9999999999,93881.53,392
1989,172402,"TUNA, LITTLE TUNNY",1,494326,94429.62,449
1989,168708,"POMPANO, FLORIDA",0,472962.3128981848,1095561.95673398,47830
1989,096027,"SHRIMPS, ROCK",0,459469,239930,109
1989,168546,"TILEFISH, GOLDEN",1,442660.1902738787,532499.7732816058,2368
1989,168790,DOLPHINFISH,0,404240,318967,398
1989,168848,"SNAPPER, GRAY",1,378639.0945322662,451613.978484339,153435
1989,169267,SPOT,0,341026.9999999999,61322.090000000004,15676
1989,047614,HIPPOSPONGIA,0,334779,1654079.9500000002,831
1989,164157,"CATFISHES, SEA",0,311445,41781.15,979
1989,167763,SCAMP,1,303421.4416143497,502470.65295964124,19634
1989,168845,SNAPPERS,0,288765.4497363532,418117.588938863,7129
1989,169243,"SEATROUT, SAND",0,288339.9999999999,122945.92999999989,8490
1989,095966,"SHRIMP, ROYAL RED",1,275623.93,528115.51,36
1989,172451,WAHOO,1,246653.0623826756,199448.5691952238,1863
1989,169055,GRUNTS,0,245448.5676219796,106635.5280928987,29826
1989,173128,TRIGGERFISHES,0,241043.92,135499,4593
1989,168849,"SNAPPER, MUTTON",1,240150.99754444518,311242.84260345105,45115
1989,172435,"MACKEREL, KING",1,228664.80000000002,230157.36000000002,1870
1989,167686,"BASSES, MIXED SEA",0,227662.12,107746.18000000001,2711
1989,167704,"GROUPER, WARSAW",1,223675.0629999999,227415.54599999991,2795
1989,163344,"CARP, COMMON",0,203615,24086,80
1989,172418,TUNAS,0,196577.25,260402.24000000002,229
1989,168566,COBIA,1,190396.7364982604,213630.9302407608,9608
1989,098811,"CRAB, FLORIDA STONE",0,183473,137895,133
1989,172734,"FLOUNDERS, PARALICHTHYS",0,172058,225376.83000000002,13997
1989,169290,"DRUM, RED",1,166446,224039,117
1989,172421,"TUNA, BLUEFIN",1,164201.8545833671,1707332.56389787,94
1989,167764,"GROUPER, YELLOWFIN",1,142309.873776722,228441.7328741092,95
1989,167793,"PERCH, SAND",0,127614,25624.190000000002,4419
1989,196434,"SPONGE, YELLOW",0,125913,320678.02,971
1989,160318,"SHARK, BLACKTIP",1,124926,39587,81
1989,172428,"TUNA, BIGEYE",1,117917.5711488372,303293.7673890605,558
1989,095601,"SHRIMPS, PENAEOID",0,116421.61,159270.4,216
1989,169283,"CROAKER, ATLANTIC",0,115528.9999999999,59453.22,4282
1989,159916,"SHARK, THRESHER",1,110564,39029,88
1989,169809,TILAPIAS,0,109726,27673.83,1798
1989,169013,MOJARRAS,0,107940,35913.74,5446
1989,173752,"TURTLES, SNAPPING",0,103607,84444,30
1989,168860,"SNAPPER, LANE",1,94819.8350851111,73809.45458957429,31049
1989,167695,"GROUPER, GOLIATH",1,87750.37999999999,75657.22,2023
1989,172427,"TUNA, BLACKFIN",1,86187.552918432,44909.8535095224,1547
1989,168543,"TILEFISH, BLUELINE",1,86158.88,77183.52,990
1989,167705,"GROUPER, SNOWY",1,80425.3584795256,109319.7875864631,2176
1989,173137,TRIGGERFISHES,0,79356,52026,235
1989,082367,SQUIDS,0,71142,26057.18,978
1989,168709,PERMIT,0,64936,37133.65,12894
1989,172364,OILFISH,0,63015,34969,116
1989,168670,"BUMPER, ATLANTIC",0,59462,NA,50
1989,170566,HOGFISH,1,57784.30242279421,61833.7317354241,11071
1989,553173,ANCHOVIES,0,50671,NA,28
1989,168861,"SNAPPER, SILK",1,46181.2958988764,78631.4674719101,678
1989,082369,"SQUIDS, LOLIGINIDAE",0,42805,14229,183
1989,172437,CERO,1,34522,16089.4,1134
1989,196436,"SPONGE, GRASS",0,31092,75180.77,234
1989,097671,"LOBSTER, SPANISH",0,30817,94305.67,505
1989,164818,"BROTULA, BEARDED",0,30014,16065,159
1989,159926,"SHARK, MAKO, LONGFIN",0,28540,30180,110
1989,159924,"SHARK, MAKO, SHORTFIN",1,27813,20905,79
1989,082590,OCTOPUSES,0,21634.0083798883,14087.1062849162,1894
1989,161104,BOWFIN,0,19738,3992,30
1989,081499,"CLAM, SOUTHERN QUAHOG",0,18333.34,134107.24,137
1989,169240,"SEATROUT, SILVER",0,16594,11630.67,872
1989,168899,"SNAPPER, BLACK",1,13721,23993,90
1989,172564,HARVESTFISHES,0,13082,6383,7
1989,169406,GOATFISHES,0,12760,7682.4000000000005,273
1989,172401,"TUNA, SKIPJACK",1,11691.25,3210.1000000000004,35
1989,097660,"LOBSTERS, SLIPPER",0,11045,44609,26
1989,161700,HERRINGS,0,10839,11171.82,74
1989,079737,"SCALLOP, BAY",0,10777.12,197296.16,824
1989,168902,"SNAPPER, QUEEN",1,9809,18099,40
1989,161123,EELS,0,8339,2873.9500000000003,208
1989,172419,"TUNA, ALBACORE",1,8304,7003,37
1989,169241,WEAKFISH,0,6831,1704.8400000000001,472
1989,168680,LOOKDOWN,0,6341.5,2325.57,35
1989,173433,FROGS,0,5401,8783,16
1989,046861,SPONGES,0,4576,1372.8,49
1989,167744,"GROUPER, MARBLED",1,4480,7809,30
1989,167706,"GROUPER, NASSAU",1,4171.969122807017,6238.847777777777,41
1989,169007,TRIPLETAIL,1,3533,2078,34
1989,159921,"SHARK, THRESHER, BIGEYE",1,3101,1917,13
1989,167196,SCULPINS,0,2742,2836,32
1989,172409,"BONITO, ATLANTIC",0,2040,473,11
1989,159911,"SHARK, PORBEAGLE",1,1551,521,8
1989,083677,CRUSTACEANS,0,1276,NA,32
1989,167698,"HIND, SPECKLED",1,1004,1059,24
1989,161127,"EEL, AMERICAN",0,947,450,5
1989,172384,CUTLASSFISHES,0,809,1075.7,17
1989,164729,"HAKES, RED AND WHITE",0,405,146,7
1989,164732,"HAKE, WHITE",0,348,127,3
1989,163996,"CATFISHES, FORKTAIL",0,345,185,5
1989,170424,BARRACUDAS,0,297,104,5
1989,169187,PINFISH,0,161,290.08,256
1989,081496,"CLAM, NORTHERN QUAHOG",0,0.72,3.35,6
1990,161731,MENHADENS,0,1179638170,47653064,73
1990,551570,"SHRIMP, NORTHERN BROWN",1,170133525.07,255285668.09,15607
1990,551680,"SHRIMP, NORTHERN WHITE",1,68519654,133326001.32,7394
1990,098696,"CRAB, BLUE",0,58555707.51801252,23474299.30830184,60417
1990,170335,"MULLET, STRIPED",0,29161294.79999999,15241117.40999999,481690
1990,079872,"OYSTER, EASTERN",0,12344644.97,134741100.49,86953
1990,551574,"SHRIMP, NORTHERN PINK",1,9665001.8,24930617.62,5714
1990,161732,"MENHADEN, ATLANTIC",0,9469384,2771271.05,740
1990,159785,SHARKS,0,8599197.6875383,5448199.627911651,77041
1990,172423,"TUNA, YELLOWFIN",1,7961736.80098635,17017581.12449202,3940
1990,914179,OSTEICHTHYES,0,7480375.563168771,249498.5075020617,228650
1990,097306,"CRAYFISHES, FRESHWATER",0,7351603,3853649,314
1990,098810,"CRAB, STONE",0,5967839,16244355.08,56666
1990,161111,LADYFISH,0,5797081,1441678.75,5696
1990,167702,"GROUPER, RED",1,5618605.40766151,8107295.78936856,76339
1990,169189,SHEEPSHEAD,0,3966792,921393.1,105588
1990,169288,"DRUM, BLACK",0,3797291,1690775.1600000001,8214
1990,161748,"HERRING, ATLANTIC THREAD",0,3646389,118431.68000000001,717
1990,095750,"SHRIMP, ATLANIC SEABOB",0,3516337,1385763,228
1990,097648,"LOBSTER, CARIBBEAN SPINY",1,3505109.45999853,14741377.91355935,318421
1990,168853,"SNAPPER, RED",1,2661549.46061363,5821991.33895919,26449
1990,172436,"MACKEREL, SPANISH",1,2583569,985191.21,36741
1990,168609,"JACK, CREVALLE",1,2397514.2420807597,571133.4895161849,53622
1990,095647,"SHRIMP, ROUGHNECK",0,2371989,989929,110
1990,168909,"SNAPPER, VERMILION",1,2168679.7135203397,2901003.8996744296,11215
1990,161763,"SARDINE, SPANISH",0,2120549,565416,750
1990,168612,"RUNNER, BLUE",1,1776261.929647,469617.40640582575,2060
1990,163998,"CATFISH, CHANNEL",0,1677908,1296133,366
1990,168689,"AMBERJACK, GREATER",1,1668150.6400000001,1073753.95,4230
1990,163997,"CATFISH, BLUE",0,1600130,778861,414
1990,096028,"SHRIMP, ROCK",1,1596375.49,1076649.75,745
1990,169239,"SEATROUT, SPOTTED",0,1446734,1813711.05,188387
1990,168584,JACKS,0,1403123,372469.42,7102
1990,163954,"FISHES, BUFFALO",0,1383945,312573,317
1990,167760,"GROUPER, BLACK",1,1314041.72179219,2276458.91403286,51108
1990,095603,"SHRIMPS, BAIT",0,1131027.44,4412873.84,13814
1990,167759,"GROUPER, GAG",1,994822.4465956232,1845388.83308335,13599
1990,168725,"SCAD, ROUND",0,986232,172999.75,591
1990,172482,SWORDFISH,1,983980.4679648849,2545982.47320843,4348
1990,167699,"GROUPER, YELLOWEDGE",1,906238.984668663,1025558.94855368,3301
1990,172435,"MACKEREL, KING",1,857058.8,905015.9400000001,2856
1990,172702,FLATFISHES,0,829352,922556,1455
1990,168907,"SNAPPER, YELLOWTAIL",1,799110.2164992542,1340974.1790706,49284
1990,169180,PORGIES,0,741091.4036646528,538385.4384914911,18825
1990,170336,"MULLET, WHITE",0,653121.2475576847,226520.753970204,8892
1990,168708,"POMPANO, FLORIDA",0,651123.9999999999,1367913.65,69974
1990,172434,"MACKERELS, KING AND CERO",0,639050,598991,66
1990,168791,DOLPHIN,1,634027.2000000001,442541.21,5601
1990,160806,RAYS,0,619355,95879.91,780
1990,172402,"TUNA, LITTLE TUNNY",1,592829,223327.16,550
1990,161702,"SHAD, AMERICAN",0,576433,136658.57,1287
1990,168559,BLUEFISH,0,546061.096781195,100433.4457725782,18218
1990,169273,KINGFISHES,0,535663,224176.80000000002,7812
1990,167686,"BASSES, MIXED SEA",0,523125.86,360088.95,3465
1990,161092,GARFISHES,0,487634,302299,380
1990,169364,"DRUM, FRESHWATER",0,481177,93339,283
1990,005414,"ALGAE, GREEN",0,466839,3241.71,449
1990,047614,HIPPOSPONGIA,0,452450,3020440.01,1545
1990,169267,SPOT,0,450446.9999999999,74595.56,16004
1990,169055,GRUNTS,0,446261.8238762081,209520.6946670622,25971
1990,165459,BALLYHOOS,0,442323.83,227966.84,1473
1990,168688,AMBERJACKS,0,425647,340132,351
1990,168790,DOLPHINFISH,0,399296,292275,229
1990,173128,TRIGGERFISHES,0,366092.12,228644.28,5398
1990,553173,ANCHOVIES,0,322791,NA,138
1990,167674,GROUPERS,0,320121.3870298672,469418.1624800884,5546
1990,169243,"SEATROUT, SAND",0,304981.9999999999,156691.9499999999,8246
1990,168546,"TILEFISH, GOLDEN",1,296069.5280941131,328745.53199654695,2173
1990,167763,SCAMP,1,289930.670260266,501381.0921399652,15441
1990,168849,"SNAPPER, MUTTON",1,281516.20421042363,431393.714855814,28724
1990,168845,SNAPPERS,0,279756.16207888164,462951.10501015175,5850
1990,160318,"SHARK, BLACKTIP",1,271977.91000000003,109984.6,51
1990,096027,"SHRIMPS, ROCK",0,265560,127958.5,93
1990,172421,"TUNA, BLUEFIN",1,258332.75,1889209.9500000002,235
1990,095966,"SHRIMP, ROYAL RED",1,255884.85,485732,36
1990,172413,"MACKEREL, ATLANTIC CHUB",0,254201,130,46
1990,163996,"CATFISHES, FORKTAIL",0,249498,150451,101
1990,158018,"DOLLARS, OTHER SAND",0,234815,NA,19
1990,168848,"SNAPPER, GRAY",1,234804.8609324289,319835.27629264793,101860
1990,168680,LOOKDOWN,0,214549.5,7723.27,59
1990,098811,"CRAB, FLORIDA STONE",0,210657,134870,84
1990,172734,"FLOUNDERS, PARALICHTHYS",0,192508,285846.97000000003,14646
1990,095601,"SHRIMPS, PENAEOID",0,191207.65,376532.43,949
1990,196434,"SPONGE, YELLOW",0,180858.3910252703,455018.9606592262,1415
1990,167704,"GROUPER, WARSAW",1,164881.0848532055,163256.04008987412,2129
1990,169013,MOJARRAS,0,160168.5991875423,73167.4789708869,11711
1990,168566,COBIA,1,152432.9836,188172.23040702342,9060
1990,164157,"CATFISHES, SEA",0,148694,23347.05,1219
1990,172418,TUNAS,0,145565.5,239957.2,140
1990,172427,"TUNA, BLACKFIN",1,144018.33402956292,68670.38681876611,2492
1990,168543,"TILEFISH, BLUELINE",1,136328.28,120424.6,913
1990,168861,"SNAPPER, SILK",1,134471.76057582852,205618.4163932596,696
1990,167705,"GROUPER, SNOWY",1,132597.1188818856,152005.4863767575,2023
1990,169283,"CROAKER, ATLANTIC",0,126259.9999999999,88172.12999999999,3274
1990,196436,"SPONGE, GRASS",0,123303,439146.65,523
1990,172451,WAHOO,1,118576.4066212788,108838.96311974361,2640
1990,052627,"ANEMONE, GIANT CARIBBEAN",0,106818,1149,188
1990,173137,TRIGGERFISHES,0,102389,53519,264
1990,173752,"TURTLES, SNAPPING",0,102341,70353,66
1990,169809,TILAPIAS,0,93562,66128.98,1097
1990,172364,OILFISH,0,89598,66974.18000000001,117
1990,168860,"SNAPPER, LANE",1,79354.6430685385,78500.0042733952,19018
1990,163344,"CARP, COMMON",0,73075,6301,59
1990,082367,SQUIDS,0,72486,15745.11,1179
1990,168709,PERMIT,0,72458,47114.74,17208
1990,163996,"CATFISHES, CHANNEL",0,68396,32165,12
1990,170566,HOGFISH,1,65640.8701530565,79252.5824637849,12379
1990,164029,"CATFISH, FLATHEAD",0,63651,37286,113
1990,172428,"TUNA, BIGEYE",1,60204.88424549751,156035.0570117153,330
1990,082369,"SQUIDS, LOLIGINIDAE",0,47494,19401,162
1990,168670,"BUMPER, ATLANTIC",0,45231,7066,75
1990,168902,"SNAPPER, QUEEN",1,42613.12,54723.8,51
1990,163342,MINNOWS,0,42337,3721,11
1990,167764,"GROUPER, YELLOWFIN",1,40145.2226280624,65038.5801781737,315
1990,169406,GOATFISHES,0,31990,4209.8,225
1990,167793,"PERCH, SAND",0,31221,12513.86,2870
1990,164818,"BROTULA, BEARDED",0,30832,12786,146
1990,081499,"CLAM, SOUTHERN QUAHOG",0,25201.11,160485.36000000002,182
1990,173433,FROGS,0,19782,41837,36
1990,098477,"FILECLAM, ROUGH",0,19124,58.9,176
1990,159924,"SHARK, MAKO, SHORTFIN",1,19021.510000000002,15874,66
1990,172437,CERO,1,16706,4278.2,1009
1990,074474,"SNAIL, TURBONELLA",0,16691,427.25,126
1990,098188,"HERMIT, THINSTRIPE",0,15990,41.5,180
1990,079737,"SCALLOP, BAY",0,15858.93,39723.6,577
1990,159926,"SHARK, MAKO, LONGFIN",0,14881,12400,40
1990,097671,"LOBSTER, SPANISH",0,12730,27829.12,426
1990,070088,"TURBAN, CHESTNUT",0,12510,440,67
1990,168852,"SNAPPER, BLACKFIN",1,11541.34,13116,60
1990,161326,"EEL, CONGER",0,10502,6757,6
1990,169240,"SEATROUT, SILVER",0,10468,8146.320000000001,435
1990,169187,PINFISH,0,9534.550000000001,352.58,22
1990,161104,BOWFIN,0,9178,1244,36
1990,167695,"GROUPER, GOLIATH",1,9066.98,7500.98,105
1990,167698,"HIND, SPECKLED",1,8915.172581453635,12141.7900501253,55
1990,082590,OCTOPUSES,0,8887,6101.44,765
1990,169626,"ANGELFISH, BLUE",0,8407,4638.3,635
1990,052774,"ANEMONE, RINGED",0,8269,914,66
1990,167706,"GROUPER, NASSAU",1,7903.133876363637,11611.7299127273,76
1990,172419,"TUNA, ALBACORE",1,7710,4182,33
1990,169290,"DRUM, RED",1,7572,9388,52
1990,172566,"HARVESTFISH, NORTHERN",0,6842,2689.8,16
1990,169625,"BEAUTY, ROCK",0,6723,3611.48,417
1990,169007,TRIPLETAIL,1,6363,3642,49
1990,172409,"BONITO, ATLANTIC",0,6337,2503,13
1990,169632,"ANGELFISH, GRAY",1,5874,2785.7000000000003,615
1990,052794,"ANEMONE, RED BEADED",0,5839,168.75,66
1990,051774,"CASSIOPEA, JAMAICAN",0,5634,503,76
1990,170080,"CHROMIS, BLUE",0,5216,298.65000000000003,200
1990,170568,BLUEHEAD,0,5147,1082.5,274
1990,161700,HERRINGS,0,4937,135,31
1990,157921,"URCHIN, GREEN SEA",0,4913,355.5,149
1990,172401,"TUNA, SKIPJACK",1,4845.351094894437,1080.772736999472,83
1990,167700,"HIND, RED",1,4636.1,362,23
1990,047528,"SPONGES, DEMOSPONGIAE",0,4402,705.5,246
1990,097863,"HERMIT, POLKADOTTED",0,4220,202.9,157
1990,168899,"SNAPPER, BLACK",1,4106.85,2581,38
1990,159916,"SHARK, THRESHER",1,4018.46,1548.5,14
1990,006949,"PLANT, MERMAID'S SHAVING BRUSH",0,3927,442,89
1990,095599,"CRABS, SHRIMPS, LOBSTERS",0,3869,268.26,242
1990,006409,ULOTRICHALES,0,3853,145,75
1990,052016,"CORALS, SOFT",0,3795,137,119
1990,169558,"BUTTERFLYFISH, FOUREYE",0,3781,1082.05,344
1990,161123,EELS,0,3760,3861.8,114
1990,096893,"SHRIMP, PEPPERMINT",0,3685,159.55,53
1990,173246,"COWFISH, HONEYCOMBED",0,3632,131.25,127
1990,069459,"SNAIL, OTHER",0,3602,290.7,125
1990,168857,"SNAPPER, DOG",1,3590.85,4536.7,3
1990,082703,"CRAB, HORSESHOE",0,3476,45,35
1990,157187,"STARFISH, SPINY",0,3420,142.85,182
1990,098483,"CRAB, YELLOWLINE ARROW",0,3392,79.10000000000001,251
1990,168204,FLAMEFISH,0,3250,206.25,248
1990,646513,HIGH-HAT,0,3110,191.5,268
1990,167744,"GROUPER, MARBLED",1,3088,4273,21
1990,046861,SPONGES,0,2972,4058.4,79
1990,157486,"STAR, BLACK BRITTLE",0,2889,128.81,186
1990,615846,"BURRFISH, STRIPED",0,2848,21,123
1990,157826,"URCHIN, SLATE PENCIL",0,2789,129.75,120
1990,052266,"GORGONIAN, SEA BLADES",0,2788,71,103
1990,660512,"CRAB, FURCATE SPIDER",0,2774,151,120
1990,166488,"SEAHORSE, LINED",0,2719,130,93
1990,157958,"URCHIN, ROCK BORING",0,2693,320.25,97
1990,006962,"PLANT, CAULERPA",0,2680,330,91
1990,157520,"STAR, SERPENT BRITTLE",0,2639,185,190
1990,097660,"LOBSTERS, SLIPPER",0,2570,9800,13
1990,078156,NUDIBRANCHS,0,2567,246.5,119
1990,167696,"HIND, ROCK",1,2473.8,3161.9,20
1990,052150,"CORAL, DEEPWATER",0,2450,3,33
1990,169623,"ANGELFISH, QUEEN",1,2397,2598.5,619
1990,170928,"JAWFISH, YELLOWHEAD",0,2386,1068,51
1990,169611,CHERUBFISH,0,2366,204.56,67
1990,169241,WEAKFISH,0,2264,1096.88,483
1990,006922,"PLANT, HALIMEDA",0,2189,45,58
1990,170086,"REEFFISH, PURPLE",0,2134,51,49
1990,170809,PARROTFISHES,0,1990,1396.93,218
1990,167196,SCULPINS,0,1980,1585,38
1990,157877,"URCHIN, LONG-SPINED SEA",0,1915,49,113
1990,167703,"GROUPER, MISTY",1,1798,2764,6
1990,636786,"GOBY,NEON",0,1756,20,83
1990,052830,"ANEMONE, SUN",0,1738,421.5,55
1990,169086,PORKFISH,0,1662,214.05,154
1990,170477,"WRASSE, OTHER",0,1527,319.43,176
1990,158323,"CUCUMBER, FLORIDA SEA",0,1513,166.75,69
1990,047782,"SPONGE, RED BALL",0,1479,137,97
1990,097298,"SHRIMP, BANDED CORAL",0,1477,118.58,188
1990,170484,"HOGFISH, SPANISH",1,1311,1180.42,242
1990,167806,"HAMLET, BUTTER",0,1293,546.8000000000001,440
1990,615345,BEAUGREGORY,0,1276,75.8,178
1990,079820,"FILECLAM, SPINY",0,1274,80,48
1990,171124,"BLENNY, OTHER",0,1272,122.25,148
1990,172254,"TANG, BLUE",1,1065,762.08,244
1990,098088,"CRAB, SPOTTED PORCELAIN",0,1064,36.5,105
1990,170496,"WRASSE, CREOLE",0,1026,737.19,59
1990,166704,SCORPIONFISHES,0,970,74,21
1990,614740,"PARROTFISH, STRIPED",1,949,563.97,132
1990,170483,"HOGFISH, SPOTFIN",0,871,488.92,147
1990,169314,JACKKNIFE-FISH,0,841,25,73
1990,169633,"ANGELFISH, FRENCH",1,722,1349,304
1990,170116,"DAMSELFISH, YELLOWTAIL",0,722,8.2,69
1990,082603,"OCTOPUS, COMMON",0,721,140,103
1990,173183,"FILEFISH, PLANEHEAD",0,720,8.5,98
1990,072767,"COWRIE, MEASLED",0,714,453,160
1990,164740,CUSK,0,713,534,12
1990,172250,SURGEONFISHES,0,711,562.2,52
1990,173320,"PUFFER, SHARPNOSE",0,702,40.5,189
1990,167860,"BASS, HARLEQUIN",0,690,30.45,185
1990,099074,"CRAB, NIMBLE SPRAY",0,683,19.5,68
1990,169556,"BUTTERFLYFISH, SPOTFIN",0,597,440.59000000000003,151
1990,169562,"BUTTERFLYFISH, REEF",0,573,180.24,173
1990,096424,"SHRIMP, SPOTTED CLEANER",0,516,0.75,65
1990,172384,CUTLASSFISHES,0,512,721.1,12
1990,170046,"MAJOR, SERGEANT",0,502,12.4,51
1990,168847,"SNAPPER, CUBERA",1,501.72,408.15000000000003,9
1990,164807,"EELS, CUSK",0,494,414.75,16
1990,159977,"SHARK, NURSE",1,471,220,121
1990,074182,"TULIP, TRUE",0,470,22,83
1990,083677,CRUSTACEANS,0,468,544.47,25
1990,167859,TOBACCOFISH,0,457,355.40000000000003,131
1990,170506,"WRASSE, YELLOWHEAD",0,435,24,69
1990,615416,"DAMSELFISH, BICOLOR",0,431,20.1,81
1990,167861,"BASS, CHALK",0,413,355,23
1990,157518,"STAR, SCALY BRITTLE",0,395,35,49
1990,172714,"FLOUNDERS, LEFTEYED",0,392,3,52
1990,157366,"STAR, BASKET",0,388,56,60
1990,166862,"SCORPIONFISH, REEF",0,376,7.5,81
1990,160433,"SHARK, LEMON",1,364,169,13
1990,615485,"DAMSELFISH, THREESPOT",0,344,20,80
1990,161160,"EEL, MORAYS",0,343,25,76
1990,096601,"SHRIMPS, PISTOL OR SNAPPING",0,343,21.5,73
1990,166493,"SEAHORSE, DWARF",0,329,NA,19
1990,072774,"TONGUE, FLAMINGO",0,322,7.5,17
1990,170044,DAMSELFISHES,0,315,2.5,52
1990,079779,"OYSTER, ATLANTIC THORNY",0,289,12,50
1990,170082,SUNSHINEFISH,0,288,NA,15
1990,567533,"SLUG, LETTUCE",0,285,NA,26
1990,173392,BALLOONFISH,0,280,7.5,88
1990,169563,"BUTTERFLYFISH, BANDED",0,271,56.5,111
1990,172252,"SURGEON, OCEAN",0,268,7.5,70
1990,166454,"PIPEFISH, SARGASSUM",0,265,5,15
1990,167740,"GROUPER, CONEY",1,241,219,83
1990,164593,"BATFISH, OTHER",0,236,NA,30
1990,172513,"DRIFTFISH, BLACK",0,232,98,3
1990,172253,DOCTORFISH,1,219,20,62
1990,095600,"SHRIMP, MARINE",0,214,4,24
1990,615421,"DAMSELFISH, DUSKY",0,188,3.5,39
1990,164524,"FROGFISH, OCELLATED",0,183,NA,25
1990,082607,"OCTOPUS, ATLANTIC PYGMY",0,163,40,24
1990,161189,"MORAY, BLACKEDGE",0,158,9,24
1990,098485,"CRAB, FALSE ARROW",0,151,52.5,25
1990,081579,"VENUS, SUNRAY",0,150,707.75,3
1990,622125,"SQUIRRELFISH, REEF",0,134,64,48
1990,172512,BARRELFISH,0,114,105.10000000000001,4
1990,167858,"SANDFISH, BELTED",0,111,NA,11
1990,160946,STINGRAYS,0,108,130.5,43
1990,170932,"JAWFISH, DUSKY",0,105,NA,27
1990,169539,"SPADEFISH, ATLANTIC",1,104,NA,22
1990,161188,"MORAY, SPOTTED",0,98,73,59
1990,161061,"FISHES, RAY-FINNED",0,88,28.400000000000002,4
1990,170811,"PARROTFISH, BLUE",1,86,131.5,31
1990,166972,SEAROBINS,0,86,3,25
1990,171203,"BLENNY, REDLIP",0,83,NA,24
1990,173157,"FILEFISH, WHITESPOTTED",0,82,48,35
1990,161186,"MORAY, GREEN",0,72,20,25
1990,171746,GOBIES,0,71,6,24
1990,169593,"BUTTERFLYFISH, LONGSNOUT",0,70,8,27
1990,164412,TOADFISHES,0,68,1,8
1990,167852,"BASS, LANTERN",0,67,NA,37
1990,064358,"WORM, MARINE",0,63,NA,10
1990,171423,"BLENNY, SADDLED",0,58,NA,21
1990,646776,"BUTTERFLYFISH, BANK",0,57,22.5,18
1990,161237,"MORAY, GOLDENTAIL",0,55,12.5,43
1990,169065,"GRUNT, FRENCH",0,49,NA,9
1990,074187,"CONCH, HORSE",0,47,18,26
1990,157043,"STAR, CUSHIONED",0,40,2,16
1990,170510,PUDDINGWIFE,1,39,22,21
1990,096896,"SHRIMP, CLEANER",0,36,40,11
1990,164457,CLINGFISHES,0,30,NA,4
1990,173139,"TRIGGERFISH, QUEEN",1,25,43,19
1990,169317,"DRUM, SPOTTED",0,23,25,19
1990,622109,"SQUIRRELFISH, DEEPWATER",0,20,NA,8
1990,171405,"BLENNY, SAILFIN",0,19,NA,6
1990,621035,"STINGRAY, YELLOW",0,15,NA,8
1990,170224,"HAWKFISH, REDSPOTTED",0,13,8.5,8
1990,168181,"SNAPPER, GLASSEYE",0,12,NA,9
1990,168567,"REMORAS, OTHER",0,10,3.5,9
1990,098340,"CRABS, BOX",0,10,1.5,5
1990,166411,TRUMPETFISH,0,6,NA,4
1991,161731,MENHADENS,0,1209898481,58385153,73
1991,551570,"SHRIMP, NORTHERN BROWN",1,143334636.95,254410718.24,14328
1991,551680,"SHRIMP, NORTHERN WHITE",1,70581787.38,143085182.89,6940
1991,098696,"CRAB, BLUE",0,66067965.10200657,23654168.90659392,39917
1991,170335,"MULLET, STRIPED",0,25302316.67386513,12333780.05218157,251750
1991,079872,"OYSTER, EASTERN",0,12356312.39999999,90045305.95,49160
1991,097306,"CRAYFISHES, FRESHWATER",0,11000450,5881596,361
1991,551574,"SHRIMP, NORTHERN PINK",1,9117746.4,24864887.24,6564
1991,161732,"MENHADEN, ATLANTIC",0,8983132,1737866.4,1098
1991,914179,OSTEICHTHYES,0,6974270.40225135,166664.61821003343,168637
1991,172423,"TUNA, YELLOWFIN",1,6681254.92248955,15278144.66911326,1944
1991,159785,SHARKS,0,6590114.75379013,4275711.56864921,49847
1991,167702,"GROUPER, RED",1,5908812.273034911,8091246.40839661,56903
1991,095750,"SHRIMP, ATLANIC SEABOB",0,5815070,2303298,427
1991,098810,"CRAB, STONE",0,5741991,12091275.47,55048
1991,161111,LADYFISH,0,4285684.09698257,426303.85397592286,5950
1991,097648,"LOBSTER, CARIBBEAN SPINY",1,3916420.12279002,17739338.80106177,267540
1991,172436,"MACKEREL, SPANISH",1,3441709,1379102.5,30031
1991,169189,SHEEPSHEAD,0,3248618,1038269.35,83712
1991,163954,"FISHES, BUFFALO",0,2910244,642984,402
1991,161748,"HERRING, ATLANTIC THREAD",0,2904777,65915.22,441
1991,169288,"DRUM, BLACK",0,2680054,1698232.85,6912
1991,163997,"CATFISH, BLUE",0,2243015,1073343,549
1991,168853,"SNAPPER, RED",1,2224225.53844134,4894479.9122694,18994
1991,168725,"SCAD, ROUND",0,2082035,517938.45,738
1991,169239,"SEATROUT, SPOTTED",0,2072986,2441660.46,103755
1991,168609,"JACK, CREVALLE",1,1930573.13749211,454806.2321057899,47776
1991,168909,"SNAPPER, VERMILION",1,1806236.53137495,2249105.5805882397,12637
1991,163998,"CATFISH, CHANNEL",0,1707088,958734,532
1991,161763,"SARDINE, SPANISH",0,1661332,518155.2,499
1991,172482,SWORDFISH,1,1387107.07745071,3335217.7716138996,2640
1991,168612,"RUNNER, BLUE",1,1337699.2,298894,2216
1991,172702,FLATFISHES,0,1279272,1329381,1532
1991,168689,"AMBERJACK, GREATER",1,1185719.69,708276.23,3478
1991,095647,"SHRIMP, ROUGHNECK",0,1057506,510698,37
1991,167759,"GROUPER, GAG",1,991389.7366106038,1817245.10596385,15980
1991,095603,"SHRIMPS, BAIT",0,968491.29,4765282.35,12580
1991,167760,"GROUPER, BLACK",1,935698.8622206136,1550658.05452472,42300
1991,172402,"TUNA, LITTLE TUNNY",1,852175,171243.55000000002,702
1991,168791,DOLPHIN,1,842710.8,661044.4,7028
1991,167699,"GROUPER, YELLOWEDGE",1,840386.8464555193,1132747.12907313,2388
1991,160289,"SHARK, SANDBAR",1,839558.6099999999,314425.5,2028
1991,169364,"DRUM, FRESHWATER",0,743425,148713,414
1991,169055,GRUNTS,0,714821.494507244,203911.59240885198,31858
1991,161092,GARFISHES,0,672235,435710,499
1991,168907,"SNAPPER, YELLOWTAIL",1,645106.4445449722,1161059.80723677,56627
1991,168790,DOLPHINFISH,0,615195,520709,217
1991,168584,JACKS,0,584415,82206.37,8503
1991,172434,"MACKERELS, KING AND CERO",0,583618,487496,68
1991,169273,KINGFISHES,0,579368.9999999999,245225.1499999999,5682
1991,169180,PORGIES,0,559702.8046672416,376733.4924742876,23444
1991,165459,BALLYHOOS,0,514993.53,345233.25,920
1991,168559,BLUEFISH,0,444975.9999999999,76474.81,16517
1991,047614,HIPPOSPONGIA,0,442152,1162859.76,1437
1991,168708,"POMPANO, FLORIDA",0,434780.6694431548,857213.7804517028,50482
1991,164029,"CATFISH, FLATHEAD",0,429509,192968,207
1991,161702,"SHAD, AMERICAN",0,404464.8997668997,88199.1948717949,1724
1991,172435,"MACKEREL, KING",1,393102.32,401508.11,3023
1991,163996,"CATFISHES, FORKTAIL",0,373660,153674,103
1991,167686,"BASSES, MIXED SEA",0,359721.82,164346.1,3175
1991,167763,SCAMP,1,354832.2069868014,632786.2861892727,16672
1991,169267,SPOT,0,353879,65721.37,11166
1991,098811,"CRAB, FLORIDA STONE",0,337878,195379,88
1991,173128,TRIGGERFISHES,0,332335.36,181798.9,4983
1991,170336,"MULLET, WHITE",0,317298.0589270686,90115.0682908792,3633
1991,169243,"SEATROUT, SAND",0,305187,168233.15,5666
1991,096028,"SHRIMP, ROCK",1,300121.13,257008.68,616
1991,160806,RAYS,0,290857.9999999999,46205.81,1883
1991,172421,"TUNA, BLUEFIN",1,286502.5,2565952.2800000003,156
1991,168848,"SNAPPER, GRAY",1,273094.6912938095,319103.5470596941,67213
1991,169809,TILAPIAS,0,273019.9999999999,74332.39,2196
1991,005414,"ALGAE, GREEN",0,248246,200,958
1991,168688,AMBERJACKS,0,247793,201970,282
1991,095601,"SHRIMPS, PENAEOID",0,243121.41,636688.3,971
1991,168849,"SNAPPER, MUTTON",1,240556.89436338271,353943.2704601952,23353
1991,172413,"MACKEREL, ATLANTIC CHUB",0,233093,837,126
1991,164157,"CATFISHES, SEA",0,229124,46855.03,1462
1991,172568,"BUTTERFISH,GULF",0,228831,1631.21,271
1991,196434,"SPONGE, YELLOW",0,227774.1070204775,248273.77665232052,1659
1991,167674,GROUPERS,0,212533.7636760262,327134.3370822288,2231
1991,172734,"FLOUNDERS, PARALICHTHYS",0,209665,242348.14,16871
1991,172427,"TUNA, BLACKFIN",1,207557.99999999988,72538.31,2274
1991,168680,LOOKDOWN,0,194577.25,13.65,35
1991,168546,"TILEFISH, GOLDEN",1,192008.3804839617,208813.92955623442,1246
1991,172451,WAHOO,1,190034.0380166457,157170.7271978314,2342
1991,172364,OILFISH,0,187625.99999999988,157950.87,316
1991,168709,PERMIT,0,174693,88736.91,21361
1991,160318,"SHARK, BLACKTIP",1,173469.9793693858,79074.10824747941,1895
1991,163344,"CARP, COMMON",0,172573,10632,77
1991,095966,"SHRIMP, ROYAL RED",1,171836.87,328642,17
1991,168566,COBIA,1,159001.1674576359,205527.1129937974,10146
1991,167704,"GROUPER, WARSAW",1,151535.2183759398,169000.803849624,2231
1991,169013,MOJARRAS,0,150612,56986.51,11037
1991,168543,"TILEFISH, BLUELINE",1,143711.48,114240.57,713
1991,167705,"GROUPER, SNOWY",1,138424.9709410356,167385.2313889639,2306
1991,168861,"SNAPPER, SILK",1,125216.4976808475,222261.4510279755,1349
1991,161755,"SARDINE, SCALED",0,123312,23294.4,71
1991,168845,SNAPPERS,0,117829.5531927987,165476.9912232027,2850
1991,173137,TRIGGERFISHES,0,111798,82200,233
1991,168860,"SNAPPER, LANE",1,111508.3525806387,121428.9165218433,15299
1991,169283,"CROAKER, ATLANTIC",0,110521.9999999999,60243.21,1996
1991,052627,"ANEMONE, GIANT CARIBBEAN",0,109275,5247.45,222
1991,553173,ANCHOVIES,0,98797,NA,59
1991,172428,"TUNA, BIGEYE",1,91669.475774813,247124.1456002295,236
1991,158018,"DOLLARS, OTHER SAND",0,88068,4187.2,19
1991,172418,TUNAS,0,82278,177385.74,96
1991,159924,"SHARK, MAKO, SHORTFIN",1,67991.4892521804,48189.7713620338,238
1991,173752,"TURTLES, SNAPPING",0,66208,66146,58
1991,096027,"SHRIMPS, ROCK",0,60866,49563,90
1991,167700,"HIND, RED",1,58273.840000000004,86180.75,149
1991,081499,"CLAM, SOUTHERN QUAHOG",0,55944.93,287826.9,603
1991,196436,"SPONGE, GRASS",0,52500.45558833171,NA,366
1991,170566,HOGFISH,1,51064.730440254905,66942.76934039389,8935
1991,169406,GOATFISHES,0,47981,4595.7,463
1991,167698,"HIND, SPECKLED",1,44594.18,56319.520000000004,521
1991,006409,ULOTRICHALES,0,44097,89.5,52
1991,168544,"TILEFISH, GOLDFACE",1,43103,55714.75,30
1991,082367,SQUIDS,0,40532,8607.460000000001,764
1991,070088,"TURBAN, CHESTNUT",0,36944,1302.4,241
1991,168902,"SNAPPER, QUEEN",1,36805.56,64442.450000000004,368
1991,097671,"LOBSTER, SPANISH",0,33094,65366.9,580
1991,096893,"SHRIMP, PEPPERMINT",0,29366,48.45,223
1991,169240,"SEATROUT, SILVER",0,29194,24478.170000000002,752
1991,167793,"PERCH, SAND",0,28824,11670.2,2584
1991,160502,"SHARK, BONNETHEAD",1,27773.59,NA,53
1991,159851,"SHARKS, PELAGIC",0,27698.53,3539.33,100
1991,164818,"BROTULA, BEARDED",0,27533,15498,127
1991,082369,"SQUIDS, LOLIGINIDAE",0,26851,14632,108
1991,161104,BOWFIN,0,24667,11115,49
1991,172362,ESCOLAR,0,23863,17414,14
1991,172736,"FLOUNDER, GULF",0,23772,24987.82,2847
1991,079819,"fileclam, rough",0,23076,1348.8,160
1991,169290,"DRUM, RED",1,22162,28537,50
1991,168690,"AMBERJACK, LESSER",1,21461.44,13035.69,327
1991,167687,"BASS, BLACK SEA",1,20980.399999999998,13025.810000000001,768
1991,173433,FROGS,0,20797,47139,50
1991,168691,"JACK, ALMACO",1,17724.28,14798.4,127
1991,069459,"SNAIL, OTHER",0,17652,50.800000000000004,154
1991,163537,"CARP, GRASS",0,15658,2764,36
1991,172385,"CUTLASSFISH, ATLANTIC",0,15355,11462,14
1991,082590,OCTOPUSES,0,14216.1194997684,5567.289624826308,559
1991,169187,PINFISH,0,13334.390000000001,77996.6,288
1991,172419,"TUNA, ALBACORE",1,11853,7461,37
1991,173246,"COWFISH, HONEYCOMBED",0,11479,2695.2000000000003,221
1991,169626,"ANGELFISH, BLUE",0,11319,18512,723
1991,168670,"BUMPER, ATLANTIC",0,11308,NA,29
1991,172437,CERO,1,11109,4643.88,980
1991,052774,"ANEMONE, RINGED",0,11044,935,51
1991,164729,"HAKES, RED AND WHITE",0,10479,3665,23
1991,164807,"EELS, CUSK",0,10230,5638.7,204
1991,160275,"SHARK, BULL",1,10174.800000000001,NA,183
1991,615846,"BURRFISH, STRIPED",0,10062,100.45,373
1991,167691,"BASS, ROCK SEA",1,9832.94,NA,63
1991,167744,"GROUPER, MARBLED",1,8940,11123,29
1991,159926,"SHARK, MAKO, LONGFIN",0,8837,18499,18
1991,074474,"SNAIL, TURBONELLA",0,8486,605,99
1991,161700,HERRINGS,0,8389,3082.36,56
1991,159916,"SHARK, THRESHER",1,8212,5102.51,43
1991,167764,"GROUPER, YELLOWFIN",1,7912.87212950576,7509.524626198338,257
1991,172566,"HARVESTFISH, NORTHERN",0,7545,2715.3,74
1991,098188,"HERMIT, THINSTRIPE",0,7504,26,136
1991,169554,ANGELFISHES,0,6660,1245.14,1090
1991,052794,"ANEMONE, RED BEADED",0,6584,705.5,74
1991,161123,EELS,0,6249,495.55,62
1991,168602,"POMPANO, AFRICAN",1,6142,579.5,53
1991,079737,"SCALLOP, BAY",0,5907,5071.4400000000005,73
1991,166488,"SEAHORSE, LINED",0,5742,2170.5,318
1991,169241,WEAKFISH,0,5740,1261.2,568
1991,046861,SPONGES,0,5535,8827.75,207
1991,169625,"BEAUTY, ROCK",0,5514,5107.5,347
1991,170809,PARROTFISHES,0,5133,2876.8,138
1991,169632,"ANGELFISH, GRAY",1,4814,7580.5,712
1991,095599,"CRABS, SHRIMPS, LOBSTERS",0,4094,223.75,350
1991,047528,"SPONGES, DEMOSPONGIAE",0,4027,774.02,271
1991,170568,BLUEHEAD,0,3992,2095.95,229
1991,163342,MINNOWS,0,3973,15039,23
1991,172512,BARRELFISH,0,3882.1789073444065,296.637438463078,59
1991,173245,"COWFISH, SCRAWLED",0,3782,NA,132
1991,160433,"SHARK, LEMON",1,3360.209999999999,924.83,121
1991,168852,"SNAPPER, BLACKFIN",1,3267.57,5003.34,120
1991,097863,"HERMIT, POLKADOTTED",0,3220,311,190
1991,170080,"CHROMIS, BLUE",0,3214,423.05,157
1991,172409,"BONITO, ATLANTIC",0,3171,852,4
1991,169007,TRIPLETAIL,1,3121.9284192586283,2251.999198977417,144
1991,650251,"BARRACUDA, GREAT",1,3013,1242.1000000000001,64
1991,169558,"BUTTERFLYFISH, FOUREYE",0,2980,2287.38,323
1991,051774,"CASSIOPEA, JAMAICAN",0,2859,454.5,55
1991,166704,SCORPIONFISHES,0,2806,NA,165
1991,157921,"URCHIN, GREEN SEA",0,2690,406.75,102
1991,098483,"CRAB, YELLOWLINE ARROW",0,2659,236.52,270
1991,172738,"FLOUNDER, SOUTHERN",0,2570,2947.4500000000003,118
1991,052016,"CORALS, SOFT",0,2570,NA,107
1991,660512,"CRAB, FURCATE SPIDER",0,2498,300.6,183
1991,169623,"ANGELFISH, QUEEN",1,2431,8169.4800000000005,655
1991,169539,"SPADEFISH, ATLANTIC",1,2430,839.4,269
1991,170082,SUNSHINEFISH,0,2389,19.25,56
1991,173235,BOXFISHES,0,2376,NA,39
1991,157958,"URCHIN, ROCK BORING",0,2331,596.75,64
1991,006949,"PLANT, MERMAID'S SHAVING BRUSH",0,2297,289.5,45
1991,157187,"STARFISH, SPINY",0,2277,70.75,221
1991,646513,HIGH-HAT,0,2239,406.96000000000004,217
1991,169086,PORKFISH,0,2184,685.59,185
1991,167706,"GROUPER, NASSAU",1,2147.6,2328.6,18
1991,006962,"PLANT, CAULERPA",0,2140,516,79
1991,160497,"SHARKS, HAMMERHEAD",0,2046.0800000000002,355.93000000000006,48
1991,047782,"SPONGE, RED BALL",0,1947,35,167
1991,161324,"EELS, CONGER",0,1907,372.2,14
1991,167696,"HIND, ROCK",1,1889.6000000000001,2695.46,35
1991,170086,"REEFFISH, PURPLE",0,1833,86.95,51
1991,160189,"SHARK, TIGER",1,1821.44,794.48,12
1991,173183,"FILEFISH, PLANEHEAD",0,1724,70.60000000000001,186
1991,097298,"SHRIMP, BANDED CORAL",0,1712,251.4,203
1991,168693,"RUDDERFISH, BANDED",1,1672.14,1249.2,11
1991,168899,"SNAPPER, BLACK",1,1663.782583479789,837.5409197422381,83
1991,078255,"DORIS, FLORIDA REGAL",0,1594,NA,145
1991,166493,"SEAHORSE, DWARF",0,1593,277.45,33
1991,157826,"URCHIN, SLATE PENCIL",0,1520,97,115
1991,096601,"SHRIMPS, PISTOL OR SNAPPING",0,1510,96.25,88
1991,160268,"SHARK, DUSKY",1,1480.3500000000001,639,6
1991,172714,"FLOUNDERS, LEFTEYED",0,1476,110.9,251
1991,170496,"WRASSE, CREOLE",0,1476,1307.5,82
1991,082703,"CRAB, HORSESHOE",0,1473,25.2,37
1991,052150,"CORAL, DEEPWATER",0,1461,NA,50
1991,158323,"CUCUMBER, FLORIDA SEA",0,1398,110.11,54
1991,170484,"HOGFISH, SPANISH",1,1384,1597.8600000000001,234
1991,167196,SCULPINS,0,1355,1347,30
1991,098485,"CRAB, FALSE ARROW",0,1277,545.25,101
1991,069794,"SNAIL, TOPSNAIL",0,1272,NA,32
1991,172254,"TANG, BLUE",1,1262,912.97,243
1991,168204,FLAMEFISH,0,1241,362.94,207
1991,553178,SPADEFISH,0,1240,421,20
1991,052830,"ANEMONE, SUN",0,1231,319.5,63
1991,168847,"SNAPPER, CUBERA",1,1186.404439113776,831.8512169470821,166
1991,166454,"PIPEFISH, SARGASSUM",0,1183,10.15,61
1991,170928,"JAWFISH, YELLOWHEAD",0,1136,215,58
1991,083677,CRUSTACEANS,0,1116,1285.2,108
1991,171124,"BLENNY, OTHER",0,1101,32.75,152
1991,167806,"HAMLET, BUTTER",0,1052,917.8000000000001,389
1991,157486,"STAR, BLACK BRITTLE",0,1026,95,97
1991,615345,BEAUGREGORY,0,1008,184.1,152
1991,169611,CHERUBFISH,0,989,18,48
1991,079820,"FILECLAM, SPINY",0,981,144.45000000000002,79
1991,170116,"DAMSELFISH, YELLOWTAIL",0,978,224.5,64
1991,164593,"BATFISH, OTHER",0,974,55.5,183
1991,157520,"STAR, SERPENT BRITTLE",0,971,83.15,115
1991,172401,"TUNA, SKIPJACK",1,950.75,703.4,14
1991,078156,NUDIBRANCHS,0,927,68.75,77
1991,052266,"GORGONIAN, SEA BLADES",0,923,NA,53
1991,082603,"OCTOPUS, COMMON",0,923,339,151
1991,170477,"WRASSE, OTHER",0,910,290.41,146
1991,170483,"HOGFISH, SPOTFIN",0,903,448.95,126
1991,172250,SURGEONFISHES,0,891,811.34,37
1991,167695,"GROUPER, GOLIATH",1,798,359,3
1991,636786,"GOBY,NEON",0,785,120,70
1991,169633,"ANGELFISH, FRENCH",1,767,4603,339
1991,166862,"SCORPIONFISH, REEF",0,742,107.05,114
1991,566920,TURBINIDAE,0,736,NA,9
1991,614740,"PARROTFISH, STRIPED",1,712,813.5,148
1991,157366,"STAR, BASKET",0,699,36,115
1991,074182,"TULIP, TRUE",0,686,118.75,105
1991,553237,ANGELFISHES,0,665,178,1
1991,082607,"OCTOPUS, ATLANTIC PYGMY",0,659,130.5,57
1991,072767,"COWRIE, MEASLED",0,567,668.5,93
1991,157821,"URCHINS, SEA",0,557,NA,30
1991,164412,TOADFISHES,0,551,9,109
1991,098088,"CRAB, SPOTTED PORCELAIN",0,533,52.5,51
1991,173320,"PUFFER, SHARPNOSE",0,529,126.23,135
1991,169314,JACKKNIFE-FISH,0,524,119,72
1991,079611,SCALLOPS,0,509,NA,82
1991,173283,PUFFERS,0,503,1880,42
1991,169562,"BUTTERFLYFISH, REEF",0,481,135.5,154
1991,167860,"BASS, HARLEQUIN",0,475,200.6,136
1991,157518,"STAR, SCALY BRITTLE",0,447,68,95
1991,161160,"EEL, MORAYS",0,446,217,141
1991,161189,"MORAY, BLACKEDGE",0,395,8,95
1991,170424,BARRACUDAS,0,360,228,3
1991,615485,"DAMSELFISH, THREESPOT",0,347,20.5,58
1991,099074,"CRAB, NIMBLE SPRAY",0,324,2.25,29
1991,006922,"PLANT, HALIMEDA",0,320,NA,15
1991,567533,"SLUG, LETTUCE",0,320,60.75,37
1991,615416,"DAMSELFISH, BICOLOR",0,318,20.7,87
1991,170046,"MAJOR, SERGEANT",0,304,34.5,51
1991,170503,"DICK, SLIPPERY",0,287,0.5,76
1991,159977,"SHARK, NURSE",1,274,328,118
1991,170932,"JAWFISH, DUSKY",0,271,NA,67
1991,161188,"MORAY, SPOTTED",0,267,43,66
1991,169556,"BUTTERFLYFISH, SPOTFIN",0,263,152.5,101
1991,167859,TOBACCOFISH,0,260,424,73
1991,167861,"BASS, CHALK",0,243,425,15
1991,164524,"FROGFISH, OCELLATED",0,234,5,57
1991,072774,"TONGUE, FLAMINGO",0,218,11,19
1991,156862,"STARS, OTHER SEA",0,214,NA,22
1991,079779,"OYSTER, ATLANTIC THORNY",0,212,360.5,39
1991,170506,"WRASSE, YELLOWHEAD",0,210,137,64
1991,096424,"SHRIMP, SPOTTED CLEANER",0,201,49,41
1991,157906,"URCHIN, PURPLE-SPINED SEA",0,162,NA,17
1991,167740,"GROUPER, CONEY",1,149.38,384.57,60
1991,172252,"SURGEON, OCEAN",0,142,71.75,64
1991,073236,"SNAIL, MUREX",0,138,7.2,18
1991,168857,"SNAPPER, DOG",1,136.53,237,39
1991,052541,"ANEMONE, OTHER",0,134,20.5,10
1991,169563,"BUTTERFLYFISH, BANDED",0,126,144.31,66
1991,173392,BALLOONFISH,0,118,49.5,75
1991,170044,DAMSELFISHES,0,112,30.650000000000002,25
1991,164457,CLINGFISHES,0,104,6.7,30
1991,164520,SARGASSUMFISH,0,103,45.5,17
1991,160845,SKATES,0,100,NA,28
1991,172253,DOCTORFISH,1,99,16,33
1991,160946,STINGRAYS,0,98,205.5,34
1991,157877,"URCHIN, LONG-SPINED SEA",0,93,NA,10
1991,095600,"SHRIMP, MARINE",0,88,NA,12
1991,203428,FILEFISHES,0,82,NA,13
1991,169593,"BUTTERFLYFISH, LONGSNOUT",0,80,871,23
1991,173157,"FILEFISH, WHITESPOTTED",0,79,241.5,61
1991,170510,PUDDINGWIFE,1,71,83,27
1991,157325,"STARS, BRITTLE",0,70,NA,8
1991,161237,"MORAY, GOLDENTAIL",0,69,127.5,50
1991,171203,"BLENNY, REDLIP",0,64,3.5,17
1991,170811,"PARROTFISH, BLUE",1,62,100.5,29
1991,167858,"SANDFISH, BELTED",0,56,6.25,7
1991,171423,"BLENNY, SADDLED",0,46,2,12
1991,615421,"DAMSELFISH, DUSKY",0,46,10.25,20
1991,167852,"BASS, LANTERN",0,46,1.5,18
1991,646776,"BUTTERFLYFISH, BANK",0,45,69,9
1991,170863,"PARROTFISH, REDBAND",1,43,16,16
1991,161061,"FISHES, RAY-FINNED",0,42,5,9
1991,096896,"SHRIMP, CLEANER",0,41,NA,9
1991,168176,BIGEYES,0,41,NA,3
1991,161186,"MORAY, GREEN",0,36,116,29
1991,169065,"GRUNT, FRENCH",0,35,NA,3
1991,168575,SHARKSUCKER,0,31,NA,24
1991,622125,"SQUIRRELFISH, REEF",0,31,36,15
1991,168548,"TILEFISH, SAND",1,30.48,24.080000000000002,7
1991,074187,"CONCH, HORSE",0,27,9.25,21
1991,171405,"BLENNY, SAILFIN",0,23,NA,11
1991,164740,CUSK,0,21,22,3
1991,621035,"STINGRAY, YELLOW",0,20,NA,11
1991,072743,"COWRIE, ATLANTIC DEER",0,20,7.5,11
1991,171746,GOBIES,0,20,5.5,8
1991,168196,CARDINALFISHES,0,18,NA,8
1991,157043,"STAR, CUSHIONED",0,17,NA,14
1991,169317,"DRUM, SPOTTED",0,17,7,10
1991,173139,"TRIGGERFISH, QUEEN",1,15,63.5,14
1991,181220,GRAYSBY,1,14.44,20.64,5
1991,079771,"SCALLOP, LIONS-PAW",0,14,NA,11
1991,170816,"PARROTFISH, QUEEN",1,11,NA,7
1991,170815,"PARROTFISH, PRINCESS",1,11,22,9
1991,622109,"SQUIRRELFISH, DEEPWATER",0,11,4,6
1991,173134,"FILEFISH, SCRAWLED",0,10,17.5,8
1991,173174,"DURGON, BLACK",0,9,30,4
1991,074101,"CONCH, CROWN",0,8,NA,5
1991,168567,"REMORAS, OTHER",0,4,5,4
1992,161731,MENHADENS,0,945585448,47795185,86
1992,551570,"SHRIMP, NORTHERN BROWN",1,111913291.58,208256314.92,15803
1992,551680,"SHRIMP, NORTHERN WHITE",1,73767048.88,140081395.07,6875
1992,098696,"CRAB, BLUE",0,70678340.30158208,36279905.87071433,51095
1992,097306,"CRAYFISHES, FRESHWATER",0,26744088,15996942,488
1992,170335,"MULLET, STRIPED",0,26185583.87893829,13568282.0437194,135060
1992,079872,"OYSTER, EASTERN",0,16370072.31999999,108581806.58,48074
1992,095750,"SHRIMP, ATLANIC SEABOB",0,12431864,5040437,618
1992,172423,"TUNA, YELLOWFIN",1,9413620.06688321,18580335.40466701,3838
1992,551574,"SHRIMP, NORTHERN PINK",1,9328302.8,22533189.05,6504
1992,161732,"MENHADEN, ATLANTIC",0,8490614,843017.22,990
1992,914179,OSTEICHTHYES,0,7981502.12079056,147630.0447897622,86009
1992,098810,"CRAB, STONE",0,6442930,15913614.29,61999
1992,159785,SHARKS,0,6283907.2826,4046131.0214,23017
1992,167702,"GROUPER, RED",1,5240903.10566603,7987069.5882265,41083
1992,095647,"SHRIMP, ROUGHNECK",0,4959341,1525288,80
1992,161111,LADYFISH,0,4586841.5,709476.52,6116
1992,169189,SHEEPSHEAD,0,4163006.0010520997,1227034.21043136,60365
1992,169288,"DRUM, BLACK",0,3973518.01461716,2140449.28359582,4849
1992,096028,"SHRIMP, ROCK",1,3864924.4699999997,3522676.99,1143
1992,172436,"MACKEREL, SPANISH",1,3431564.45078055,1147095.97259969,18258
1992,161748,"HERRING, ATLANTIC THREAD",0,3413274,224800.82,488
1992,168853,"SNAPPER, RED",1,3116734.45151926,6012879.65066256,8830
1992,097648,"LOBSTER, CARIBBEAN SPINY",1,3100088.06503048,12075900.62010068,197676
1992,168725,"SCAD, ROUND",0,2723696,NA,669
1992,168909,"SNAPPER, VERMILION",1,2371933.1774308896,3457151.71698607,11076
1992,163954,"FISHES, BUFFALO",0,2219518,507528,396
1992,172402,"TUNA, LITTLE TUNNY",1,2050777,1119031.11,759
1992,168609,"JACK, CREVALLE",1,1919012.71039563,478970.35225769563,40395
1992,161763,"SARDINE, SPANISH",0,1881396,456682.62,551
1992,163997,"CATFISH, BLUE",0,1691966,761990,479
1992,169239,"SEATROUT, SPOTTED",0,1667553,1819716.01,46074
1992,163998,"CATFISH, CHANNEL",0,1559894,775722,542
1992,167759,"GROUPER, GAG",1,1470309.17328579,2903302.33306673,18337
1992,096027,"SHRIMPS, ROCK",0,1365373,1264892,107
1992,172482,SWORDFISH,1,1319735.47283389,3207100.90489615,2896
1992,172702,FLATFISHES,0,1293186,1534195,1501
1992,168612,"RUNNER, BLUE",1,1186814.04546805,262062.0368618127,1513
1992,172434,"MACKERELS, KING AND CERO",0,1143083,1055120,99
1992,167699,"GROUPER, YELLOWEDGE",1,1124982.9237328,1875306.17216662,2732
1992,172435,"MACKEREL, KING",1,1062885.2,1183289.78,3532
1992,095603,"SHRIMPS, BAIT",0,1061541.03,5190599.68,13528
1992,161702,"SHAD, AMERICAN",0,941342,180031.45,1303
1992,169273,KINGFISHES,0,900389,342362.62,6554
1992,168689,"AMBERJACK, GREATER",1,841583.2381869057,562161.5995560855,11665
1992,161092,GARFISHES,0,838577,524480,586
1992,168907,"SNAPPER, YELLOWTAIL",1,792917.7835401517,1481030.03568366,35211
1992,160289,"SHARK, SANDBAR",1,737066.96,235438.2799999999,1351
1992,172413,"MACKEREL, ATLANTIC CHUB",0,628254,6.47,291
1992,167760,"GROUPER, BLACK",1,626187.387037712,1093520.05598385,28774
1992,164029,"CATFISH, FLATHEAD",0,619066,268165,182
1992,168688,AMBERJACKS,0,615169,548918,344
1992,169055,GRUNTS,0,608449.1365276817,246304.1235468018,24766
1992,169364,"DRUM, FRESHWATER",0,579114,112799,333
1992,169180,PORGIES,0,539104.5526719493,351605.8773762282,14606
1992,168584,JACKS,0,464088.6226802303,110709.4249039323,15715
1992,168708,"POMPANO, FLORIDA",0,440868.4831737584,1086737.77187608,28068
1992,165459,BALLYHOOS,0,378788.73,284848.8,872
1992,170336,"MULLET, WHITE",0,376762.30702562036,125775.40041433141,3075
1992,169243,"SEATROUT, SAND",0,371998,204797.82,4785
1992,167686,"BASSES, MIXED SEA",0,369361.24,117976.45,2336
1992,168790,DOLPHINFISH,0,360001,325766,246
1992,169267,SPOT,0,359575.9999999999,94492.81,8461
1992,047614,HIPPOSPONGIA,0,350501,770916.5,1568
1992,167763,SCAMP,1,342843.41397835774,648085.7955633354,10742
1992,173128,TRIGGERFISHES,0,341813.52,191482.18,5224
1992,169013,MOJARRAS,0,339731.9594370568,145958.5368791224,14316
1992,168559,BLUEFISH,0,333700,60265.04,10595
1992,168861,"SNAPPER, SILK",1,317633.5957078408,598810.2376576739,1237
1992,005414,"ALGAE, GREEN",0,314957,6380,1474
1992,172451,WAHOO,1,310595.1930525991,270586.2662825852,2343
1992,168791,DOLPHIN,1,292341.60000000003,297202.85000000003,2886
1992,168848,"SNAPPER, GRAY",1,286109.01985065633,403832.22921592003,53633
1992,160806,RAYS,0,270972,59671.12,770
1992,095601,"SHRIMPS, PENAEOID",0,270918.13,725224.09,818
1992,172568,"BUTTERFISH,GULF",0,262783,6385.4000000000005,374
1992,172421,"TUNA, BLUEFIN",1,247698.9881079636,2266075.18572956,442
1992,095966,"SHRIMP, ROYAL RED",1,246212.12,475288.25,23
1992,172427,"TUNA, BLACKFIN",1,241417.2679372197,95098.9897496263,1208
1992,196434,"SPONGE, YELLOW",0,239788.42885170013,246421.91171725112,2025
1992,168849,"SNAPPER, MUTTON",1,220798.6526335486,315918.7747852224,17629
1992,167674,GROUPERS,0,220756.3836509675,348478.58952537423,1265
1992,168546,"TILEFISH, GOLDEN",1,220634.3199999999,250693.7249999999,1198
1992,163996,"CATFISHES, FORKTAIL",0,213976,57525,66
1992,168566,COBIA,1,212793.33629837123,293508.7069786706,12347
1992,172364,OILFISH,0,203001.99999999988,185224.0999999999,641
1992,167705,"GROUPER, SNOWY",1,199084.3166224871,313648.1738163485,2398
1992,172418,TUNAS,0,187938.25,369890.05,41
1992,169809,TILAPIAS,0,187667,64463.1,1578
1992,160318,"SHARK, BLACKTIP",1,180725.4432359081,54750.40308977041,933
1992,158018,"DOLLARS, OTHER SAND",0,164406,1876,56
1992,163344,"CARP, COMMON",0,161737,20626,65
1992,172734,"FLOUNDERS, PARALICHTHYS",0,150467,188417.44,13859
1992,168709,PERMIT,0,145424.99999999988,110761.02,9944
1992,168543,"TILEFISH, BLUELINE",1,137822.2399999999,105941.07499999991,1658
1992,159924,"SHARK, MAKO, SHORTFIN",1,136859.9265885853,70644.59428811229,272
1992,167704,"GROUPER, WARSAW",1,131899.0851732981,154648.8869531764,1485
1992,173137,TRIGGERFISHES,0,129229,101162,257
1992,052627,"ANEMONE, GIANT CARIBBEAN",0,113801,383.25,236
1992,169283,"CROAKER, ATLANTIC",0,110056,50625.49,1850
1992,164157,"CATFISHES, SEA",0,104788,17707.850000000002,896
1992,157187,"STARFISH, SPINY",0,100529,37,301
1992,168860,"SNAPPER, LANE",1,97862.07988128821,118679.8933636507,11761
1992,196436,"SPONGE, GRASS",0,93430.9570514985,62650.991224503996,1358
1992,098811,"CRAB, FLORIDA STONE",0,87207,54778,99
1992,081499,"CLAM, SOUTHERN QUAHOG",0,86586.21,231096.87,697
1992,161104,BOWFIN,0,82303,38134,24
1992,168845,SNAPPERS,0,82242.6296165429,107783.71696786881,2951
1992,168680,LOOKDOWN,0,79355,420.21000000000004,41
1992,161700,HERRINGS,0,72625,16383,29
1992,082367,SQUIDS,0,68137,14195.45,1239
1992,173752,"TURTLES, SNAPPING",0,66731,41052,55
1992,170566,HOGFISH,1,63799.695926211105,85747.4860407919,10794
1992,166493,"SEAHORSE, DWARF",0,63035,165.5,91
1992,169290,"DRUM, RED",1,62551,85653,44
1992,082369,"SQUIDS, LOLIGINIDAE",0,58700,32024,214
1992,172428,"TUNA, BIGEYE",1,57715.6033584482,128703.7123196537,316
1992,167698,"HIND, SPECKLED",1,50366.283237518895,72568.4246142209,765
1992,168544,"TILEFISH, GOLDFACE",1,48014.2980645161,53710,23
1992,172362,ESCOLAR,0,45808,30388,18
1992,164818,"BROTULA, BEARDED",0,44647,26226,124
1992,070088,"TURBAN, CHESTNUT",0,42853,724.35,198
1992,097671,"LOBSTER, SPANISH",0,41641,92283.85,643
1992,173433,FROGS,0,41291,87399,65
1992,167744,"GROUPER, MARBLED",1,40223,50612,34
1992,169187,PINFISH,0,37521.630000000005,24891.1,685
1992,168537,TILEFISHES,0,37255,42259,12
1992,172736,"FLOUNDER, GULF",0,34965,31402.670000000002,3289
1992,074474,"SNAIL, TURBONELLA",0,33317,NA,161
1992,167691,"BASS, ROCK SEA",1,31690.08,NA,78
1992,098477,"FILECLAM, ROUGH",0,31109,152,211
1992,168902,"SNAPPER, QUEEN",1,29781.75,51079.8,116
1992,168691,"JACK, ALMACO",1,29729.55,25135.25,175
1992,167687,"BASS, BLACK SEA",1,29409.5,17037.75,639
1992,082590,OCTOPUSES,0,29286,21042.46,1298
1992,169406,GOATFISHES,0,28012,0.9,120
1992,167696,"HIND, ROCK",1,26135.9106666667,31356.978,45
1992,168670,"BUMPER, ATLANTIC",0,25202,NA,79
1992,164807,"EELS, CUSK",0,25024,19227.97,252
1992,069459,"SNAIL, OTHER",0,24682,449.57,255
1992,167700,"HIND, RED",1,19484.72,17117.6,132
1992,159851,"SHARKS, PELAGIC",0,19432.2,3222,36
1992,172385,"CUTLASSFISH, ATLANTIC",0,19109,14496,25
1992,098188,"HERMIT, THINSTRIPE",0,18710,20.25,254
1992,163537,"CARP, GRASS",0,18127,3897,32
1992,169539,"SPADEFISH, ATLANTIC",1,17739,3427.85,2225
1992,169240,"SEATROUT, SILVER",0,17173,8416.4,735
1992,168690,"AMBERJACK, LESSER",1,16715.920000000002,14187.44,270
1992,167793,"PERCH, SAND",0,16282,5002.4800000000005,796
1992,172419,"TUNA, ALBACORE",1,15489,6548,28
1992,096893,"SHRIMP, PEPPERMINT",0,15334,251.6,211
1992,052774,"ANEMONE, RINGED",0,13359,NA,45
1992,172437,CERO,1,13103,5052.67,844
1992,164729,"HAKES, RED AND WHITE",0,10459,4927,29
1992,097660,"LOBSTERS, SLIPPER",0,10147,36210,9
1992,079737,"SCALLOP, BAY",0,9898,21902.26,124
1992,079734,"SCALLOP, ATLANTIC CALICO",0,9874.47,NA,14
1992,169626,"ANGELFISH, BLUE",0,9781,3597.2000000000003,797
1992,172401,"TUNA, SKIPJACK",1,9516.25,9860.15,15
1992,163342,MINNOWS,0,9261,19961,32
1992,074075,"WHELK, LIGHTNING",0,8955,48,45
1992,159916,"SHARK, THRESHER",1,7932.320000000001,2865.62,39
1992,169554,ANGELFISHES,0,7894,1249.04,1110
1992,167706,"GROUPER, NASSAU",1,7843.247865168539,18079.5881273408,47
1992,052794,"ANEMONE, RED BEADED",0,7247,7.5,87
1992,173246,"COWFISH, HONEYCOMBED",0,7101,3108.25,153
1992,167196,SCULPINS,0,6235,6159,44
1992,615846,"BURRFISH, STRIPED",0,6047,158.9,338
1992,169625,"BEAUTY, ROCK",0,6022,520.5,408
1992,159926,"SHARK, MAKO, LONGFIN",0,5595,12761,20
1992,170080,"CHROMIS, BLUE",0,5565,20.5,212
1992,166488,"SEAHORSE, LINED",0,4937,2524,365
1992,160275,"SHARK, BULL",1,4935.89,NA,52
1992,168852,"SNAPPER, BLACKFIN",1,4899.7,7907.2699999999995,48
1992,168899,"SNAPPER, BLACK",1,4872.9000000000005,2884.17,34
1992,052266,"GORGONIAN, SEA BLADES",0,4612,NA,121
1992,046861,SPONGES,0,4553,4123.08,240
1992,173245,"COWFISH, SCRAWLED",0,4551,NA,185
1992,166704,SCORPIONFISHES,0,4208,2966,122
1992,083677,CRUSTACEANS,0,4075.999999999999,326.08,10
1992,157921,"URCHIN, GREEN SEA",0,3912,9.25,116
1992,167764,"GROUPER, YELLOWFIN",1,3850.863283582089,6975.886503198294,127
1992,168610,"JACK, HORSE-EYE",0,3548,1367,7
1992,170082,SUNSHINEFISH,0,3511,81,75
1992,006409,ULOTRICHALES,0,3345,41.77,122
1992,170928,"JAWFISH, YELLOWHEAD",0,3189,37,99
1992,074182,"TULIP, TRUE",0,3174,90.25,84
1992,160268,"SHARK, DUSKY",1,3145.57,407.34000000000003,9
1992,095599,"CRABS, SHRIMPS, LOBSTERS",0,3119,27.35,319
1992,660512,"CRAB, FURCATE SPIDER",0,3074,165,254
1992,052016,"CORALS, SOFT",0,3068,15,156
1992,173283,PUFFERS,0,3034.999999999999,1212.2,443
1992,098483,"CRAB, YELLOWLINE ARROW",0,2978,115.55,327
1992,082703,"CRAB, HORSESHOE",0,2951,NA,37
1992,171124,"BLENNY, OTHER",0,2897,42.5,249
1992,169241,WEAKFISH,0,2881,867.94,650
1992,169632,"ANGELFISH, GRAY",1,2871,2261,574
1992,168204,FLAMEFISH,0,2862,133,281
1992,169611,CHERUBFISH,0,2800,65,77
1992,047528,"SPONGES, DEMOSPONGIAE",0,2763,NA,284
1992,170568,BLUEHEAD,0,2726,112.25,237
1992,553178,SPADEFISH,0,2642,821,11
1992,646513,HIGH-HAT,0,2611,52.25,269
1992,169623,"ANGELFISH, QUEEN",1,2500,1948,791
1992,097863,"HERMIT, POLKADOTTED",0,2344,0.25,170
1992,156862,"STARS, OTHER SEA",0,2246,74.25,36
1992,169007,TRIPLETAIL,1,2137,1578.3600000000001,99
1992,047782,"SPONGE, RED BALL",0,2112,26,217
1992,170809,PARROTFISHES,0,2052.5,843.4200000000001,634
1992,169086,PORKFISH,0,2013,65.25,175
1992,168602,"POMPANO, AFRICAN",1,1999,949.3000000000001,28
1992,169207,"PORGY, RED",1,1968,1882,7
1992,157826,"URCHIN, SLATE PENCIL",0,1953,5.5,123
1992,079820,"FILECLAM, SPINY",0,1925,136,66
1992,006949,"PLANT, MERMAID'S SHAVING BRUSH",0,1923,NA,31
1992,650251,"BARRACUDA, GREAT",1,1903,816.98,65
1992,169558,"BUTTERFLYFISH, FOUREYE",0,1894,31.5,310
1992,157520,"STAR, SERPENT BRITTLE",0,1869,9,166
1992,157486,"STAR, BLACK BRITTLE",0,1727,8.75,125
1992,170116,"DAMSELFISH, YELLOWTAIL",0,1727,2,99
1992,566920,TURBINIDAE,0,1721,NA,45
1992,098485,"CRAB, FALSE ARROW",0,1705,296.75,208
1992,170086,"REEFFISH, PURPLE",0,1687,3,48
1992,078255,"DORIS, FLORIDA REGAL",0,1684,NA,158
1992,079611,SCALLOPS,0,1650,NA,132
1992,553237,ANGELFISHES,0,1618,361,2
1992,052830,"ANEMONE, SUN",0,1614,16,81
1992,168847,"SNAPPER, CUBERA",1,1604.3912027491401,2193.761466208476,60
1992,052150,"CORAL, DEEPWATER",0,1597,NA,77
1992,168858,"SNAPPER, MAHOGANY",0,1471.1100000000001,456,20
1992,170483,"HOGFISH, SPOTFIN",0,1471,33,159
1992,636786,"GOBY,NEON",0,1435,18,133
1992,164593,"BATFISH, OTHER",0,1432,107,244
1992,099074,"CRAB, NIMBLE SPRAY",0,1427,0.75,59
1992,157958,"URCHIN, ROCK BORING",0,1410,NA,44
1992,161061,"FISHES, RAY-FINNED",0,1362,NA,93
1992,170496,"WRASSE, CREOLE",0,1356,117,101
1992,170477,"WRASSE, OTHER",0,1333,32.22,166
1992,173183,"FILEFISH, PLANEHEAD",0,1213,92.5,173
1992,172714,"FLOUNDERS, LEFTEYED",0,1206,40,286
1992,170424,BARRACUDAS,0,1202,469,5
1992,006962,"PLANT, CAULERPA",0,1171,NA,67
1992,097298,"SHRIMP, BANDED CORAL",0,1164,233.4,216
1992,161123,EELS,0,1146,504.16,34
1992,051774,"CASSIOPEA, JAMAICAN",0,1140,NA,30
1992,615345,BEAUGREGORY,0,1052,32.95,154
1992,170484,"HOGFISH, SPANISH",1,1029,310,269
1992,167806,"HAMLET, BUTTER",0,971,75.5,346
1992,567533,"SLUG, LETTUCE",0,936,NA,43
1992,172254,"TANG, BLUE",1,912,92.25,242
1992,166972,SEAROBINS,0,877,33.6,184
1992,614740,"PARROTFISH, STRIPED",1,832,NA,152
1992,166862,"SCORPIONFISH, REEF",0,815,139,257
1992,169633,"ANGELFISH, FRENCH",1,800,1680,385
1992,164412,TOADFISHES,0,788,4.75,176
1992,157366,"STAR, BASKET",0,782,19,155
1992,082603,"OCTOPUS, COMMON",0,746,86,159
1992,072767,"COWRIE, MEASLED",0,737,NA,77
1992,172566,"HARVESTFISH, NORTHERN",0,721,170.66,33
1992,161324,"EELS, CONGER",0,695,1737.5,41
1992,160502,"SHARK, BONNETHEAD",1,683.88,NA,8
1992,167860,"BASS, HARLEQUIN",0,683,20.25,152
1992,167703,"GROUPER, MISTY",1,681.82,57,13
1992,161189,"MORAY, BLACKEDGE",0,627,12.5,138
1992,078156,NUDIBRANCHS,0,613,9,56
1992,098088,"CRAB, SPOTTED PORCELAIN",0,574,1.5,73
1992,160497,"SHARKS, HAMMERHEAD",0,544.23,96.25,4
1992,160189,"SHARK, TIGER",1,536.54,157.28,5
1992,166454,"PIPEFISH, SARGASSUM",0,520,2.05,88
1992,169314,JACKKNIFE-FISH,0,509,240.5,81
1992,169562,"BUTTERFLYFISH, REEF",0,502,35.75,170
1992,615485,"DAMSELFISH, THREESPOT",0,493,3.5,99
1992,052541,"ANEMONE, OTHER",0,487,NA,30
1992,006922,"PLANT, HALIMEDA",0,484,NA,20
1992,160433,"SHARK, LEMON",1,479.56,105.2,26
1992,170503,"DICK, SLIPPERY",0,468,NA,138
1992,064358,"WORM, MARINE",0,467,NA,18
1992,158323,"CUCUMBER, FLORIDA SEA",0,467,0.75,42
1992,173320,"PUFFER, SHARPNOSE",0,464,7.5,147
1992,170046,"MAJOR, SERGEANT",0,436,7,61
1992,096601,"SHRIMPS, PISTOL OR SNAPPING",0,405,12.75,97
1992,161160,"EEL, MORAYS",0,404,266.5,85
1992,203428,FILEFISHES,0,368,NA,75
1992,167859,TOBACCOFISH,0,349,27.5,89
1992,157821,"URCHINS, SEA",0,348,NA,27
1992,173235,BOXFISHES,0,348,NA,12
1992,172252,"SURGEON, OCEAN",0,337,99.25,116
1992,157518,"STAR, SCALY BRITTLE",0,325,56,80
1992,159977,"SHARK, NURSE",1,325,133,105
1992,170506,"WRASSE, YELLOWHEAD",0,313,66.5,75
1992,074187,"CONCH, HORSE",0,305,3,45
1992,079779,"OYSTER, ATLANTIC THORNY",0,300,NA,71
1992,615416,"DAMSELFISH, BICOLOR",0,297,2.5,64
1992,171405,"BLENNY, SAILFIN",0,292,NA,28
1992,171203,"BLENNY, REDLIP",0,287,NA,37
1992,082607,"OCTOPUS, ATLANTIC PYGMY",0,287,218.25,49
1992,072774,"TONGUE, FLAMINGO",0,266,0.5,39
1992,160960,"RAYS, BUTTERFLY",0,237,651,67
1992,168857,"SNAPPER, DOG",1,229.57178571428602,235.441071428571,30
1992,172250,SURGEONFISHES,0,229,90.095,44
1992,169556,"BUTTERFLYFISH, SPOTFIN",0,227,38,108
1992,181220,GRAYSBY,1,223.44,423.82,16
1992,098888,"CRAB, REDFINGER RUBBLE",0,208,77.5,64
1992,164457,CLINGFISHES,0,205,8.25,60
1992,170510,PUDDINGWIFE,1,189,4,67
1992,168548,"TILEFISH, SAND",1,177.28,120.7,10
1992,173297,"PUFFER, SOUTHERN",0,176,88.75,39
1992,169563,"BUTTERFLYFISH, BANDED",0,170,12,95
1992,172738,"FLOUNDER, SOUTHERN",0,160,184.22,35
1992,173392,BALLOONFISH,0,159,36,106
1992,172253,DOCTORFISH,1,158,156.45000000000002,34
1992,170932,"JAWFISH, DUSKY",0,156,NA,38
1992,157325,"STARS, BRITTLE",0,150,NA,12
1992,164520,SARGASSUMFISH,0,149,24.5,26
1992,158854,"TUNICATES, SEA SQUIRTS",0,144,2.5,11
1992,172512,BARRELFISH,0,144,142.26,4
1992,169593,"BUTTERFLYFISH, LONGSNOUT",0,135,12,51
1992,622125,"SQUIRRELFISH, REEF",0,134,22,50
1992,615421,"DAMSELFISH, DUSKY",0,130,1,41
1992,096424,"SHRIMP, SPOTTED CLEANER",0,122,2,31
1992,167861,"BASS, CHALK",0,106,35,16
1992,170044,DAMSELFISHES,0,103,0.5,30
1992,173157,"FILEFISH, WHITESPOTTED",0,94,66,52
1992,170224,"HAWKFISH, REDSPOTTED",0,86,4.5,37
1992,167852,"BASS, LANTERN",0,86,NA,28
1992,161188,"MORAY, SPOTTED",0,77,32,31
1992,167740,"GROUPER, CONEY",1,76,17,43
1992,157877,"URCHIN, LONG-SPINED SEA",0,76,NA,10
1992,078022,"HARES, SEA",0,75,0.5,11
1992,168207,"CARDINALFISH, TWOSPOT",0,68,4,10
1992,073236,"SNAIL, MUREX",0,61,4.75,17
1992,621035,"STINGRAY, YELLOW",0,55,14,20
1992,164524,"FROGFISH, OCELLATED",0,54,18,21
1992,068304,"POLYCHAETE, HORNED CHRISTMAS-T",0,54,15,13
1992,622109,"SQUIRRELFISH, DEEPWATER",0,53,24.5,28
1992,161186,"MORAY, GREEN",0,52,35,23
1992,161237,"MORAY, GOLDENTAIL",0,51,44.5,41
1992,167858,"SANDFISH, BELTED",0,46,NA,23
1992,170863,"PARROTFISH, REDBAND",1,46,8,12
1992,173236,"TRUNKFISHES, THREE-ANGLED",0,45,25.2,15
1992,168913,WENCHMAN,1,44.99,31,5
1992,166487,SEAHORSES,0,40,NA,14
1992,171746,GOBIES,0,39,1.5,19
1992,157043,"STAR, CUSHIONED",0,37,NA,6
1992,072743,"COWRIE, ATLANTIC DEER",0,36,3,19
1992,171423,"BLENNY, SADDLED",0,35,NA,12
1992,166211,"SOLDIERFISH, BLACKBAR",0,34,0.5,11
1992,170811,"PARROTFISH, BLUE",1,34,6,11
1992,095600,"SHRIMP, MARINE",0,33,NA,10
1992,170815,"PARROTFISH, PRINCESS",1,31,7,19
1992,096896,"SHRIMP, CLEANER",0,30,NA,16
1992,646776,"BUTTERFLYFISH, BANK",0,27,NA,4
1992,166411,TRUMPETFISH,0,27,NA,16
1992,164740,CUSK,0,27,20,4
1992,168567,"REMORAS, OTHER",0,26,17.5,16
1992,173158,"FILEFISH, ORANGESPOTTED",0,25,12,15
1992,081649,"CLAM, JEWEL BOX",0,24,NA,7
1992,169317,"DRUM, SPOTTED",0,23,NA,18
1992,169065,"GRUNT, FRENCH",0,22,NA,6
1992,168575,SHARKSUCKER,0,21,NA,19
1992,082610,"OCTOPUS, CARIBBEAN REEF",0,21,NA,8
1992,170867,"PARROTFISH, STOPLIGHT",1,20,1,12
1992,169421,"GOATFISH, SPOTTED",0,20,29,9
1992,613036,RAZORFISHES,0,19,NA,5
1992,168181,"SNAPPER, GLASSEYE",0,15,20,6
1992,099140,"SHRIMPS, MANTIS",0,15,1,8
1992,170084,"CHROMIS, BROWN",0,14,2,4
1992,079771,"SCALLOP, LIONS-PAW",0,12,NA,8
1992,173134,"FILEFISH, SCRAWLED",0,10,6,8
1992,168176,BIGEYES,0,10,NA,5
1992,167820,"BASS, PEPPERMINT",0,8,NA,7
1992,160845,SKATES,0,8,NA,6
1992,160946,STINGRAYS,0,7,NA,5
1992,173139,"TRIGGERFISH, QUEEN",1,6,14,6
1992,173174,"DURGON, BLACK",0,5,NA,5
1993,161731,MENHADENS,0,1209023149,58475598,127
1993,551570,"SHRIMP, NORTHERN BROWN",1,110468317.85,181864773.42,13500
1993,098696,"CRAB, BLUE",0,65738828.75,34945683.18999999,63497
1993,551680,"SHRIMP, NORTHERN WHITE",1,59882859.04,115495236.36,5651
1993,097306,"CRAYFISHES, FRESHWATER",0,49652948,19919117,565
1993,170335,"MULLET, STRIPED",0,30098233,16176144.45999999,103293
1993,914179,OSTEICHTHYES,0,22064080.42789128,1184054.3005552,43276
1993,079872,"OYSTER, EASTERN",0,18648516.98999999,69100635.85,41899
1993,551574,"SHRIMP, NORTHERN PINK",1,13132276.8,30742261.17,7862
1993,095750,"SHRIMP, ATLANIC SEABOB",0,10995330,3665779,506
1993,167702,"GROUPER, RED",1,7437684.418377561,11696647.68001449,31924
1993,098810,"CRAB, STONE",0,6341670,17061758.04,64091
1993,172423,"TUNA, YELLOWFIN",1,6330679.11271823,14796642.1781059,2469
1993,095647,"SHRIMP, ROUGHNECK",0,6162341,2424987,95
1993,161732,"MENHADEN, ATLANTIC",0,6112021,605114.18,734
1993,079734,"SCALLOP, ATLANTIC CALICO",0,4835601.32,5334925.96,2254
1993,169189,SHEEPSHEAD,0,4658101.402286691,1426959.14351195,52744
1993,161748,"HERRING, ATLANTIC THREAD",0,4584939.17230171,360710.60179537436,584
1993,169288,"DRUM, BLACK",0,4168998,2658057.33,4456
1993,161111,LADYFISH,0,4009953.6999999997,764630.98,4978
1993,168853,"SNAPPER, RED",1,3419293.25891271,6618004.48991255,8401
1993,168725,"SCAD, ROUND",0,3111147.38,663128.75,680
1993,097648,"LOBSTER, CARIBBEAN SPINY",1,2997007.56981924,10029134.06932683,104766
1993,168909,"SNAPPER, VERMILION",1,2722731.92454374,4177447.4581260197,10010
1993,172436,"MACKEREL, SPANISH",1,2581493.2467277097,1053496.7476966,13078
1993,159785,SHARKS,0,2486017,841115,171
1993,172435,"MACKEREL, KING",1,2093013.84,2321628.69,3446
1993,163998,"CATFISH, CHANNEL",0,1990185,892684,441
1993,163997,"CATFISH, BLUE",0,1854375,834138,374
1993,163954,"FISHES, BUFFALO",0,1848900,388379,304
1993,167759,"GROUPER, GAG",1,1751063.30698069,3565244.7483177,18401
1993,169239,"SEATROUT, SPOTTED",0,1738056,2000205.6,38510
1993,168609,"JACK, CREVALLE",1,1717550.92187089,540636.5646666802,25579
1993,161763,"SARDINE, SPANISH",0,1658619,435193.38,413
1993,168612,"RUNNER, BLUE",1,1491913.36937993,557731.9237769018,1659
1993,172702,FLATFISHES,0,1331579,1811207,1458
1993,161702,"SHAD, AMERICAN",0,1232360,235203.96999999988,603
1993,172402,"TUNA, LITTLE TUNNY",1,1183088,790008.75,590
1993,172482,SWORDFISH,1,1172063.39651305,2948334.9516785997,2062
1993,096028,"SHRIMP, ROCK",1,1079651.64,866856.0800000001,697
1993,168907,"SNAPPER, YELLOWTAIL",1,1041339.74766472,1897272.98445428,46845
1993,168689,"AMBERJACK, GREATER",1,1035205.0378841,852298.9025604603,9006
1993,095603,"SHRIMPS, BAIT",0,1030468.5,4017831.71,12333
1993,164029,"CATFISH, FLATHEAD",0,964194,433285,162
1993,172434,"MACKERELS, KING AND CERO",0,810511,669362,86
1993,167699,"GROUPER, YELLOWEDGE",1,810356.5037900128,1350988.04117798,1866
1993,159786,"SHARKS, SMALL COASTAL",0,764746.34,1051640.7,2139
1993,169055,GRUNTS,0,764431.66489832,301514.41553492483,12674
1993,161092,GARFISHES,0,757532,388174,477
1993,165459,BALLYHOOS,0,689258.93,349499.72000000003,1562
1993,169180,PORGIES,0,676530.692536276,554906.3289783293,13075
1993,160289,"SHARK, SANDBAR",1,576928.8999999999,189133.62,524
1993,095966,"SHRIMP, ROYAL RED",1,557202.95,1000671.7,27
1993,172568,"BUTTERFISH,GULF",0,544490,26535.760000000002,344
1993,158018,"DOLLARS, OTHER SAND",0,513341,868.0600000000001,136
1993,169013,MOJARRAS,0,504557.3772819472,248654.9309533468,15675
1993,168688,AMBERJACKS,0,495188,459524,261
1993,167760,"GROUPER, BLACK",1,492805.3819767936,885034.0600410951,19053
1993,169273,KINGFISHES,0,464778.9999999999,181669.30000000002,3544
1993,169364,"DRUM, FRESHWATER",0,460545,88529,281
1993,096027,"SHRIMPS, ROCK",0,449114,347866,86
1993,168708,"POMPANO, FLORIDA",0,429166,1213276.77,22549
1993,005414,"ALGAE, GREEN",0,413527,167251,1421
1993,168848,"SNAPPER, GRAY",1,375896.366581729,553195.9249848004,36128
1993,173128,TRIGGERFISHES,0,374715.12,283603.58,5624
1993,167763,SCAMP,1,365295.972124105,709987.6884725536,10795
1993,170336,"MULLET, WHITE",0,362817,115487.6,1494
1993,169243,"SEATROUT, SAND",0,359618,197320.98,2796
1993,168584,JACKS,0,326359,107945.23,5129
1993,167686,"BASSES, MIXED SEA",0,321730.54,94496.07,1974
1993,095599,"CRABS, SHRIMPS, LOBSTERS",0,317342,647764,604
1993,047614,HIPPOSPONGIA,0,307735,1046290,1623
1993,172427,"TUNA, BLACKFIN",1,304450.3509542943,237217.4361627322,1029
1993,168546,"TILEFISH, GOLDEN",1,288261.7199999999,303263.98,978
1993,168791,DOLPHIN,1,272305.2,334305.19,3374
1993,157187,"STARFISH, SPINY",0,269311,25798,248
1993,095601,"SHRIMPS, PENAEOID",0,263064.1,559719.38,722
1993,172451,WAHOO,1,260986.9064904481,237226.1028511354,1762
1993,169267,SPOT,0,249848.99999999988,73744.31,5732
1993,168849,"SNAPPER, MUTTON",1,238099.1230181066,370631.15980660735,12629
1993,168566,COBIA,1,235172.20435735202,346196.0603582308,8614
1993,196434,"SPONGE, YELLOW",0,232354.665194192,213538.41197865672,2297
1993,160318,"SHARK, BLACKTIP",1,232116.3524999999,57406.2175,463
1993,168680,LOOKDOWN,0,230796.25,16542.5,91
1993,172413,"MACKEREL, ATLANTIC CHUB",0,224679,5.4,155
1993,163996,"CATFISHES, FORKTAIL",0,224163,67993,54
1993,167674,GROUPERS,0,207658.6488887107,349306.46845574083,1075
1993,553173,ANCHOVIES,0,198346,79380.84,38
1993,168790,DOLPHINFISH,0,197147,177884,168
1993,169809,TILAPIAS,0,191741.99999999988,76531.94,1325
1993,168559,BLUEFISH,0,188380.99999999988,48871.18,7511
1993,168845,SNAPPERS,0,178148.9596905247,259004.36204338272,2107
1993,160806,RAYS,0,161653,13463.02,548
1993,173137,TRIGGERFISHES,0,160953,135285,255
1993,168861,"SNAPPER, SILK",1,144203.14819178722,266109.091729218,1102
1993,172734,"FLOUNDERS, PARALICHTHYS",0,143380,194512.22,10978
1993,163344,"CARP, COMMON",0,140493,8506,70
1993,167704,"GROUPER, WARSAW",1,137470.08712878253,180001.11681210413,1160
1993,167705,"GROUPER, SNOWY",1,131460.988,211164.3399999999,1464
1993,170333,MULLETS,0,130302,32918,142
1993,168709,PERMIT,0,129136.9999999999,121181.78,7158
1993,172418,TUNAS,0,125363.7208029197,259950.95,87
1993,172364,OILFISH,0,124865,114505.05,462
1993,196436,"SPONGE, GRASS",0,123990.2966556329,171832.6212509987,1970
1993,168860,"SNAPPER, LANE",1,107812.63002023961,125392.6476392487,8323
1993,172421,"TUNA, BLUEFIN",1,99775,838235.55,82
1993,169283,"CROAKER, ATLANTIC",0,95121,41780.880000000005,1064
1993,168543,"TILEFISH, BLUELINE",1,92561.6953200275,77608.0371274948,1261
1993,170566,HOGFISH,1,87637.29578707831,122714.205880158,7205
1993,169290,"DRUM, RED",1,85588,107244,52
1993,161755,"SARDINE, SCALED",0,84698,30264.920000000002,24
1993,172428,"TUNA, BIGEYE",1,82508.0883590198,229946.7219669652,268
1993,164157,"CATFISHES, SEA",0,75723,15709.12,830
1993,159924,"SHARK, MAKO, SHORTFIN",1,74959.50538996191,64545.102013777796,195
1993,052627,"ANEMONE, GIANT CARIBBEAN",0,68237,NA,196
1993,168902,"SNAPPER, QUEEN",1,65285.76,122443.74,131
1993,082367,SQUIDS,0,58206,15095.66,922
1993,166493,"SEAHORSE, DWARF",0,48197,1400,43
1993,173433,FROGS,0,47737,107805,34
1993,097671,"LOBSTER, SPANISH",0,46118,108531.7,644
1993,070088,"TURBAN, CHESTNUT",0,45876,NA,442
1993,081499,"CLAM, SOUTHERN QUAHOG",0,44116.67,107455.59,425
1993,082703,"CRAB, HORSESHOE",0,44114,NA,57
1993,167744,"GROUPER, MARBLED",1,43667,59308,44
1993,074474,"SNAIL, TURBONELLA",0,42117,1800,158
1993,169187,PINFISH,0,41721.850000000006,53462.25,1042
1993,164818,"BROTULA, BEARDED",0,40433,23278,133
1993,173752,"TURTLES, SNAPPING",0,36881,22542,33
1993,082590,OCTOPUSES,0,32632.3,20160.057999999997,1517
1993,082369,"SQUIDS, LOLIGINIDAE",0,31428,16132,201
1993,098477,"FILECLAM, ROUGH",0,31242,33,143
1993,169539,"SPADEFISH, ATLANTIC",1,30697,5445.81,4676
1993,172385,"CUTLASSFISH, ATLANTIC",0,30161,28597,27
1993,172736,"FLOUNDER, GULF",0,28774,26379.33,3622
1993,168690,"AMBERJACK, LESSER",1,27958.68,21211.86,413
1993,173138,"TRIGGERFISH, GRAY",1,27860,20424,67
1993,069459,"SNAIL, OTHER",0,25682,1211.75,332
1993,096893,"SHRIMP, PEPPERMINT",0,25024,14.5,402
1993,167698,"HIND, SPECKLED",1,24941.855000000003,38124.34500000001,434
1993,168670,"BUMPER, ATLANTIC",0,24569,NA,38
1993,168691,"JACK, ALMACO",1,24154.8,20726.73,201
1993,172362,ESCOLAR,0,20744,12983,25
1993,098811,"CRAB, FLORIDA STONE",0,20256,13335,67
1993,098188,"HERMIT, THINSTRIPE",0,17671,300,223
1993,079737,"SCALLOP, BAY",0,17344,15032.6,35
1993,169240,"SEATROUT, SILVER",0,17178,10870.59,765
1993,163537,"CARP, GRASS",0,17068,2815,24
1993,167687,"BASS, BLACK SEA",1,15851.94,10456.53,418
1993,172419,"TUNA, ALBACORE",1,15786,6378,24
1993,173283,PUFFERS,0,14340,3417.229999999999,903
1993,052774,"ANEMONE, RINGED",0,13265,NA,57
1993,164729,"HAKES, RED AND WHITE",0,12967,6978,28
1993,172513,"DRIFTFISH, BLACK",0,12698,15969,9
1993,167700,"HIND, RED",1,12608.0738790932,14551.1104743913,205
1993,172437,CERO,1,12514,7571.8,730
1993,083677,CRUSTACEANS,0,10565,8992.24,61
1993,168602,"POMPANO, AFRICAN",1,10197,6088.25,107
1993,173245,"COWFISH, SCRAWLED",0,9508,187.5,443
1993,157921,"URCHIN, GREEN SEA",0,8485,110,178
1993,046861,SPONGES,0,8267,14469.04,427
1993,169626,"ANGELFISH, BLUE",0,7989,1255,604
1993,167691,"BASS, ROCK SEA",1,7983.88,6323.17,56
1993,159851,"SHARKS, PELAGIC",0,7739.43,1160.67,37
1993,650251,"BARRACUDA, GREAT",1,7223,2950.17,102
1993,163342,MINNOWS,0,7130,66411,85
1993,006409,ULOTRICHALES,0,7061,5907.58,193
1993,566920,TURBINIDAE,0,6846,1271,64
1993,161700,HERRINGS,0,6299,2463,21
1993,615846,"BURRFISH, STRIPED",0,6157,NA,395
1993,164807,"EELS, CUSK",0,6035,5540.81,218
1993,169207,"PORGY, RED",1,5181,4891,50
1993,098483,"CRAB, YELLOWLINE ARROW",0,5120,638.75,346
1993,052266,"GORGONIAN, SEA BLADES",0,5103,113,193
1993,052794,"ANEMONE, RED BEADED",0,5086,83,87
1993,170424,BARRACUDAS,0,4956,2732,22
1993,160502,"SHARK, BONNETHEAD",1,4906.7,1340,19
1993,660512,"CRAB, FURCATE SPIDER",0,4789,28.25,442
1993,097863,"HERMIT, POLKADOTTED",0,4676,75.25,164
1993,168610,"JACK, HORSE-EYE",0,4510,1792.2,14
1993,169625,"BEAUTY, ROCK",0,4001,2387,305
1993,553178,SPADEFISH,0,3958,2685,10
1993,168913,WENCHMAN,1,3921.19,376.5,22
1993,159916,"SHARK, THRESHER",1,3903.6800000000003,1892.43,25
1993,167196,SCULPINS,0,3631,3080,44
1993,098485,"CRAB, FALSE ARROW",0,3569,60.25,224
1993,006962,"PLANT, CAULERPA",0,3488,604,72
1993,166487,SEAHORSES,0,3472,NA,469
1993,052016,"CORALS, SOFT",0,3329,139,244
1993,167764,"GROUPER, YELLOWFIN",1,3137.6033398821214,5606.332888015717,85
1993,157486,"STAR, BLACK BRITTLE",0,3030,NA,101
1993,157520,"STAR, SERPENT BRITTLE",0,2947,17.6,155
1993,047528,"SPONGES, DEMOSPONGIAE",0,2813,609,295
1993,161104,BOWFIN,0,2795,1170,7
1993,173246,"COWFISH, HONEYCOMBED",0,2655,NA,60
1993,052541,"ANEMONE, OTHER",0,2614,256,54
1993,166704,SCORPIONFISHES,0,2592,1301.0999999999992,64
1993,169086,PORKFISH,0,2582,98,149
1993,157826,"URCHIN, SLATE PENCIL",0,2472,15,129
1993,157958,"URCHIN, ROCK BORING",0,2267,92.5,78
1993,052150,"CORAL, DEEPWATER",0,2256,NA,67
1993,168899,"SNAPPER, BLACK",1,2237.76,2562.52,50
1993,646513,HIGH-HAT,0,2229,48,178
1993,169241,WEAKFISH,0,2146,1015.61,380
1993,167696,"HIND, ROCK",1,2110.76,2912.86,30
1993,170928,"JAWFISH, YELLOWHEAD",0,2086,NA,86
1993,161061,"FISHES, RAY-FINNED",0,2071,16,143
1993,097660,"LOBSTERS, SLIPPER",0,2006,6889,6
1993,047782,"SPONGE, RED BALL",0,1981,686,153
1993,082603,"OCTOPUS, COMMON",0,1976,24,305
1993,079611,SCALLOPS,0,1882,4,256
1993,161324,"EELS, CONGER",0,1849,3459.44,55
1993,170568,BLUEHEAD,0,1822,NA,167
1993,006949,"PLANT, MERMAID'S SHAVING BRUSH",0,1743,25,31
1993,169558,"BUTTERFLYFISH, FOUREYE",0,1710,16,226
1993,164593,"BATFISH, OTHER",0,1687,NA,331
1993,169623,"ANGELFISH, QUEEN",1,1551,1384,489
1993,173183,"FILEFISH, PLANEHEAD",0,1539,30,155
1993,166488,"SEAHORSE, LINED",0,1533,NA,97
1993,169632,"ANGELFISH, GRAY",1,1494,555,410
1993,172714,"FLOUNDERS, LEFTEYED",0,1446,NA,355
1993,171124,"BLENNY, OTHER",0,1401,4,189
1993,168852,"SNAPPER, BLACKFIN",1,1398.4299999999992,2584.25,51
1993,069794,"SNAIL, TOPSNAIL",0,1352,NA,5
1993,170086,"REEFFISH, PURPLE",0,1345,NA,23
1993,052830,"ANEMONE, SUN",0,1312,NA,72
1993,161189,"MORAY, BLACKEDGE",0,1309,NA,200
1993,161123,EELS,0,1265,2179.79,29
1993,051774,"CASSIOPEA, JAMAICAN",0,1163,337.5,31
1993,099074,"CRAB, NIMBLE SPRAY",0,1151,NA,55
1993,099140,"SHRIMPS, MANTIS",0,1125,889,25
1993,096601,"SHRIMPS, PISTOL OR SNAPPING",0,1068,NA,109
1993,170483,"HOGFISH, SPOTFIN",0,1038,1430,105
1993,636786,"GOBY,NEON",0,1036,NA,109
1993,169554,ANGELFISHES,0,1019,278.07,74
1993,169611,CHERUBFISH,0,983,150,42
1993,168204,FLAMEFISH,0,981,NA,135
1993,006922,"PLANT, HALIMEDA",0,965,NA,37
1993,167706,"GROUPER, NASSAU",1,942.82,2018.47,23
1993,078255,"DORIS, FLORIDA REGAL",0,926,169,166
1993,203428,FILEFISHES,0,907,NA,88
1993,167740,"GROUPER, CONEY",1,898.76,4545.72,26
1993,158323,"CUCUMBER, FLORIDA SEA",0,883,12,87
1993,166862,"SCORPIONFISH, REEF",0,863,10,159
1993,157366,"STAR, BASKET",0,850,5,116
1993,168847,"SNAPPER, CUBERA",1,844.4100000000001,1223,24
1993,166972,SEAROBINS,0,819,39.5,163
1993,156862,"STARS, OTHER SEA",0,815,5,27
1993,098088,"CRAB, SPOTTED PORCELAIN",0,787,NA,81
1993,163892,SUCKERS,0,783,205,4
1993,164412,TOADFISHES,0,751,NA,225
1993,097298,"SHRIMP, BANDED CORAL",0,745,NA,152
1993,169007,TRIPLETAIL,1,744,481.89,33
1993,173235,BOXFISHES,0,721,37.5,76
1993,170080,"CHROMIS, BLUE",0,713,NA,74
1993,166454,"PIPEFISH, SARGASSUM",0,693,43.75,139
1993,168738,"RUNNER, RAINBOW",1,682,506,10
1993,167690,"BASS, BANK SEA",1,677.32,229.6,6
1993,078022,"HARES, SEA",0,674,687.5,22
1993,172254,"TANG, BLUE",1,616,59,178
1993,079118,CLAMS,0,612,NA,5
1993,160497,"SHARKS, HAMMERHEAD",0,608.49,295.90000000000003,3
1993,169633,"ANGELFISH, FRENCH",1,596,442,226
1993,078156,NUDIBRANCHS,0,547,NA,94
1993,079820,"FILECLAM, SPINY",0,500,NA,17
1993,172401,"TUNA, SKIPJACK",1,496.25,680.8000000000001,8
1993,173320,"PUFFER, SHARPNOSE",0,487,1,115
1993,567533,"SLUG, LETTUCE",0,486,NA,26
1993,615345,BEAUGREGORY,0,481,NA,90
1993,163996,"CATFISHES, CHANNEL",0,476,293,9
1993,079779,"OYSTER, ATLANTIC THORNY",0,460,NA,108
1993,170484,"HOGFISH, SPANISH",1,459,NA,141
1993,202423,ANIMALIA,0,457,1062.5,5
1993,167860,"BASS, HARLEQUIN",0,442,NA,87
1993,169314,JACKKNIFE-FISH,0,429,456,65
1993,170477,"WRASSE, OTHER",0,400,NA,62
1993,170932,"JAWFISH, DUSKY",0,387,NA,144
1993,157906,"URCHIN, PURPLE-SPINED SEA",0,379,125,48
1993,160189,"SHARK, TIGER",1,371.13,161.29,4
1993,167806,"HAMLET, BUTTER",0,368,6,175
1993,614740,"PARROTFISH, STRIPED",1,350,16,74
1993,170116,"DAMSELFISH, YELLOWTAIL",0,342,NA,54
1993,170506,"WRASSE, YELLOWHEAD",0,338,3,57
1993,170809,PARROTFISHES,0,334,46.800000000000004,82
1993,615485,"DAMSELFISH, THREESPOT",0,327,NA,46
1993,615416,"DAMSELFISH, BICOLOR",0,314,NA,45
1993,064358,"WORM, MARINE",0,311,187.5,13
1993,158854,"TUNICATES, SEA SQUIRTS",0,305,20,17
1993,553237,ANGELFISHES,0,303,70,3
1993,173392,BALLOONFISH,0,285,NA,128
1993,170503,"DICK, SLIPPERY",0,277,11,66
1993,157518,"STAR, SCALY BRITTLE",0,254,50,36
1993,172738,"FLOUNDER, SOUTHERN",0,227,291.51,42
1993,170510,PUDDINGWIFE,1,213,NA,46
1993,172252,"SURGEON, OCEAN",0,207,415,58
1993,074075,"WHELK, LIGHTNING",0,206,14.5,6
1993,169562,"BUTTERFLYFISH, REEF",0,197,NA,76
1993,157325,"STARS, BRITTLE",0,195,NA,14
1993,171405,"BLENNY, SAILFIN",0,189,NA,34
1993,157821,"URCHINS, SEA",0,185,129,12
1993,072767,"COWRIE, MEASLED",0,181,34,33
1993,158309,"CUCUMBERS, OTHER SEA",0,174,105,25
1993,170046,"MAJOR, SERGEANT",0,170,NA,29
1993,172384,CUTLASSFISHES,0,169,83,3
1993,096424,"SHRIMP, SPOTTED CLEANER",0,164,42,29
1993,168857,"SNAPPER, DOG",1,161.888602941176,180.322058823529,23
1993,169556,"BUTTERFLYFISH, SPOTFIN",0,155,6,60
1993,181220,GRAYSBY,1,153.14000000000001,270.92,8
1993,159977,"SHARK, NURSE",1,145,NA,58
1993,074182,"TULIP, TRUE",0,135,18.25,44
1993,173139,"TRIGGERFISH, QUEEN",1,129,113,12
1993,164524,"FROGFISH, OCELLATED",0,114,NA,52
1993,160845,SKATES,0,113,1052,18
1993,164457,CLINGFISHES,0,113,NA,38
1993,074187,"CONCH, HORSE",0,106,NA,29
1993,161188,"MORAY, SPOTTED",0,104,NA,32
1993,170496,"WRASSE, CREOLE",0,99,NA,17
1993,167861,"BASS, CHALK",0,99,NA,11
1993,164520,SARGASSUMFISH,0,98,NA,11
1993,172566,"HARVESTFISH, NORTHERN",0,96,40.59,13
1993,160433,"SHARK, LEMON",1,92.23,14.8,7
1993,169593,"BUTTERFLYFISH, LONGSNOUT",0,91,NA,33
1993,167859,TOBACCOFISH,0,80,NA,30
1993,081649,"CLAM, JEWEL BOX",0,79,NA,15
1993,072743,"COWRIE, ATLANTIC DEER",0,73,NA,28
1993,171203,"BLENNY, REDLIP",0,70,120,22
1993,173157,"FILEFISH, WHITESPOTTED",0,69,5,41
1993,622125,"SQUIRRELFISH, REEF",0,68,NA,18
1993,160960,"RAYS, BUTTERFLY",0,64,NA,30
1993,073236,"SNAIL, MUREX",0,63,NA,13
1993,161160,"EEL, MORAYS",0,60,11.25,15
1993,167858,"SANDFISH, BELTED",0,56,NA,16
1993,082607,"OCTOPUS, ATLANTIC PYGMY",0,55,NA,11
1993,172253,DOCTORFISH,1,53,8,24
1993,169563,"BUTTERFLYFISH, BANDED",0,51,NA,34
1993,171746,GOBIES,0,47,30,9
1993,072774,"TONGUE, FLAMINGO",0,47,NA,12
1993,615421,"DAMSELFISH, DUSKY",0,45,NA,14
1993,167852,"BASS, LANTERN",0,44,NA,14
1993,160946,STINGRAYS,0,43,NA,24
1993,096896,"SHRIMP, CLEANER",0,36,NA,6
1993,172250,SURGEONFISHES,0,30,10,6
1993,166211,"SOLDIERFISH, BLACKBAR",0,29,NA,10
1993,168575,SHARKSUCKER,0,29,NA,12
1993,621035,"STINGRAY, YELLOW",0,28,NA,13
1993,171423,"BLENNY, SADDLED",0,28,NA,9
1993,170867,"PARROTFISH, STOPLIGHT",1,27,NA,11
1993,161237,"MORAY, GOLDENTAIL",0,24,NA,19
1993,168567,"REMORAS, OTHER",0,23,NA,23
1993,098888,"CRAB, REDFINGER RUBBLE",0,20,4.5,12
1993,095600,"SHRIMP, MARINE",0,20,NA,6
1993,170811,"PARROTFISH, BLUE",1,16,NA,7
1993,161186,"MORAY, GREEN",0,16,60,9
1993,173158,"FILEFISH, ORANGESPOTTED",0,15,NA,8
1993,082610,"OCTOPUS, CARIBBEAN REEF",0,14,NA,6
1993,170224,"HAWKFISH, REDSPOTTED",0,11,NA,10
1993,169317,"DRUM, SPOTTED",0,9,NA,8
1993,622109,"SQUIRRELFISH, DEEPWATER",0,8,NA,5
1993,168181,"SNAPPER, GLASSEYE",0,5,NA,3
1993,170082,SUNSHINEFISH,0,5,NA,4
1994,161731,MENHADENS,0,1700891119,82207324,150
1994,551570,"SHRIMP, NORTHERN BROWN",1,110811620.5,254229746.43,15455
1994,551680,"SHRIMP, NORTHERN WHITE",1,70175252.72,162643997.34,7800
1994,098696,"CRAB, BLUE",0,53399302.91824954,32841717.25894462,71695
1994,170335,"MULLET, STRIPED",0,26970906.69712248,17789736.22698199,87269
1994,097306,"CRAYFISHES, FRESHWATER",0,24372869,29903923,422
1994,079872,"OYSTER, EASTERN",0,20429498.70999999,57155149.5,28675
1994,914179,OSTEICHTHYES,0,15491732.68925974,1796163.76800044,36587
1994,551574,"SHRIMP, NORTHERN PINK",1,11779182.65056687,28404897.58343539,7474
1994,095750,"SHRIMP, ATLANIC SEABOB",0,8927382,3825587,575
1994,161732,"MENHADEN, ATLANTIC",0,7108084,846478.27,658
1994,098810,"CRAB, STONE",0,6125718,16813801.66,59731
1994,167702,"GROUPER, RED",1,5740726.11841157,9830526.317930179,28022
1994,169288,"DRUM, BLACK",0,5723602.77788664,4044006.51417876,4727
1994,161748,"HERRING, ATLANTIC THREAD",0,4946297.87743118,441140.5678205704,628
1994,172423,"TUNA, YELLOWFIN",1,4627390.44252317,11240550.74292499,1030
1994,169189,SHEEPSHEAD,0,4332534.09297917,1392648.89470014,41410
1994,161111,LADYFISH,0,4267011,1307656.84,7584
1994,097648,"LOBSTER, CARIBBEAN SPINY",1,3395793.73278797,14551547.53160805,91517
1994,168853,"SNAPPER, RED",1,3249831.65084722,6579684.9699213,5945
1994,172436,"MACKEREL, SPANISH",1,2711807.1222272,1139174.59000224,17237
1994,168909,"SNAPPER, VERMILION",1,2642485.74643889,4162937.15831706,8839
1994,163997,"CATFISH, BLUE",0,2448510,1153964,373
1994,161763,"SARDINE, SPANISH",0,2140642.13017751,313890.62,515
1994,163954,"FISHES, BUFFALO",0,2055273,483104,232
1994,159785,SHARKS,0,1973528,854628,201
1994,079734,"SCALLOP, ATLANTIC CALICO",0,1916268.92695565,1972398.68525232,4172
1994,168725,"SCAD, ROUND",0,1889681.13,337286.34,626
1994,169239,"SEATROUT, SPOTTED",0,1761626.34302053,1930345.75677642,32118
1994,168609,"JACK, CREVALLE",1,1697898.17889573,555152.7191406898,23655
1994,163998,"CATFISH, CHANNEL",0,1521174,753470,374
1994,167759,"GROUPER, GAG",1,1518508.85645723,3307519.61579107,14517
1994,095647,"SHRIMP, ROUGHNECK",0,1449983,570053,30
1994,172702,FLATFISHES,0,1445501,1946862,1413
1994,172402,"TUNA, LITTLE TUNNY",1,1396549,417953.18,588
1994,159786,"SHARKS, SMALL COASTAL",0,1224671.21,1717874.97,3117
1994,096027,"SHRIMPS, ROCK",0,1202491,998906,354
1994,167699,"GROUPER, YELLOWEDGE",1,1199693.44935524,2287302.8261508597,2657
1994,095603,"SHRIMPS, BAIT",0,1153369.43,4301167.47,13092
1994,168907,"SNAPPER, YELLOWTAIL",1,1144569.10800776,2147930.99229708,50158
1994,168612,"RUNNER, BLUE",1,1081680.37844682,408084.5250095123,2392
1994,160289,"SHARK, SANDBAR",1,1080363.66377338,417675.41373132676,1745
1994,172435,"MACKEREL, KING",1,978127.04,1258203.5,4363
1994,168689,"AMBERJACK, GREATER",1,850590.4273464544,811865.3256092903,7900
1994,169055,GRUNTS,0,822057.624087522,328096.9421260239,13008
1994,172568,"BUTTERFISH,GULF",0,788321,38610.1,610
1994,172434,"MACKERELS, KING AND CERO",0,751624,732313,69
1994,095599,"CRABS, SHRIMPS, LOBSTERS",0,738119,1828266.4,1090
1994,172482,SWORDFISH,1,722889.0080174488,1684947.29385706,1096
1994,161092,GARFISHES,0,715998,452512,505
1994,096028,"SHRIMP, ROCK",1,711614.47,856077.71,765
1994,165459,BALLYHOOS,0,703337.59,406626.01,2222
1994,161702,"SHAD, AMERICAN",0,676729.6214449166,181623.1139144444,773
1994,169273,KINGFISHES,0,654144.9999999999,238691.02000000002,3503
1994,005414,"ALGAE, GREEN",0,619771,429779.88,1890
1994,169180,PORGIES,0,568847.2539984513,496274.8313675577,12529
1994,169243,"SEATROUT, SAND",0,567564.4461093051,335436.9855637952,3233
1994,095966,"SHRIMP, ROYAL RED",1,535553.1868708987,1030719.46531003,48
1994,169364,"DRUM, FRESHWATER",0,532695,115362,244
1994,158018,"DOLLARS, OTHER SAND",0,521177,NA,186
1994,168708,"POMPANO, FLORIDA",0,499262.9659554769,1336494.58391252,24115
1994,164029,"CATFISH, FLATHEAD",0,476696,229240,154
1994,553173,ANCHOVIES,0,475462,766486.37,82
1994,169013,MOJARRAS,0,462932.98425605166,250614.7289648642,15336
1994,167686,"BASSES, MIXED SEA",0,436956.36,177675.87,2350
1994,167760,"GROUPER, BLACK",1,408088.941587799,776951.5359948633,15108
1994,168546,"TILEFISH, GOLDEN",1,388800.9411783045,500291.8646187703,1313
1994,168848,"SNAPPER, GRAY",1,368274.5043137179,568929.7225575466,41361
1994,095601,"SHRIMPS, PENAEOID",0,361676.22000000003,494964.04000000004,915
1994,168688,AMBERJACKS,0,358034,373531,224
1994,160318,"SHARK, BLACKTIP",1,335117.076,116014.087,739
1994,047614,HIPPOSPONGIA,0,307386,844109.39,1496
1994,168791,DOLPHIN,1,297138,436950.66000000003,3962
1994,168559,BLUEFISH,0,250974.0783891487,72884.38914261821,8186
1994,167763,SCAMP,1,250601.125929457,529671.8968108619,8208
1994,173128,TRIGGERFISHES,0,247303.16,207327.58000000002,4828
1994,196434,"SPONGE, YELLOW",0,246629,735032.03,1360
1994,170336,"MULLET, WHITE",0,245919.2398213623,88218.8146439681,1675
1994,163996,"CATFISHES, FORKTAIL",0,245417,76499,76
1994,196436,"SPONGE, GRASS",0,233775,252407.28,1171
1994,168566,COBIA,1,229979.8172067927,351459.53124976944,7616
1994,169267,SPOT,0,223385.12359048778,65544.63126632801,5997
1994,172427,"TUNA, BLACKFIN",1,199933.4262440982,91054.0269477152,1239
1994,172451,WAHOO,1,163952.91045969,167675.9867997049,1252
1994,163892,SUCKERS,0,163589,53412,50
1994,156862,"STARS, OTHER SEA",0,163322,121.3,70
1994,168849,"SNAPPER, MUTTON",1,161309.5710932888,267375.8073440196,12600
1994,168584,JACKS,0,158844,46933.81,4006
1994,163344,"CARP, COMMON",0,148983,14439,83
1994,168543,"TILEFISH, BLUELINE",1,142637.83440274693,130473.9314884445,1894
1994,169283,"CROAKER, ATLANTIC",0,137587.96118143448,106878.35321518981,1090
1994,169809,TILAPIAS,0,133356.99999999988,60829.22,1094
1994,168790,DOLPHINFISH,0,127210,117011,194
1994,157187,"STARFISH, SPINY",0,124040,1867.53,157
1994,172413,"MACKEREL, ATLANTIC CHUB",0,117144,727.5,142
1994,172734,"FLOUNDERS, PARALICHTHYS",0,110253,155955.38,8544
1994,167704,"GROUPER, WARSAW",1,109942.5603951267,151319.2136812644,878
1994,167705,"GROUPER, SNOWY",1,105302.1371217898,177480.9432076078,1535
1994,173137,TRIGGERFISHES,0,105196,92540,172
1994,169187,PINFISH,0,87647.32,88341.59,1793
1994,168860,"SNAPPER, LANE",1,87228.41500000001,109659.125,8850
1994,166493,"SEAHORSE, DWARF",0,82288,21,15
1994,167687,"BASS, BLACK SEA",1,81679.59999999999,57274.48,421
1994,164818,"BROTULA, BEARDED",0,81245,54281,113
1994,167674,GROUPERS,0,77544.1144181616,132302.9289331639,921
1994,168709,PERMIT,0,76679.57884231542,72170.5613972056,4644
1994,172421,"TUNA, BLUEFIN",1,74788.7605633803,449345.078169014,56
1994,160806,RAYS,0,74515,7178.91,338
1994,164157,"CATFISHES, SEA",0,71049,17025.1,1101
1994,052627,"ANEMONE, GIANT CARIBBEAN",0,70345,3821.1,205
1994,172364,OILFISH,0,60528,55735,293
1994,170566,HOGFISH,1,55823.27362783671,85640.0903188926,5049
1994,097671,"LOBSTER, SPANISH",0,55552,125315.86,632
1994,157987,"BISCUITS, SEA",0,55085,100,30
1994,167698,"HIND, SPECKLED",1,54470.532967581,93076.7141521197,712
1994,169406,GOATFISHES,0,54325,13598.5,36
1994,173138,"TRIGGERFISH, GRAY",1,53761,35543,126
1994,082590,OCTOPUSES,0,52654,47669.950000000004,1578
1994,159851,"SHARKS, PELAGIC",0,51829.37,13388.300000000001,165
1994,172385,"CUTLASSFISH, ATLANTIC",0,47472,39881,32
1994,082367,SQUIDS,0,47129,12556.04,851
1994,170333,MULLETS,0,46845,35848,208
1994,168691,"JACK, ALMACO",1,45648.4827877947,43570.3970873786,242
1994,169290,"DRUM, RED",1,43203,57059,42
1994,168845,SNAPPERS,0,42385.945876542006,59534.7409534364,1234
1994,168902,"SNAPPER, QUEEN",1,40855.33,67042.05,244
1994,082369,"SQUIDS, LOLIGINIDAE",0,40853,24950,211
1994,172736,"FLOUNDER, GULF",0,39838,42832.46,3469
1994,172409,"BONITO, ATLANTIC",0,38659,11593,6
1994,159924,"SHARK, MAKO, SHORTFIN",1,37757.804085213,32927.974344193804,225
1994,173433,FROGS,0,37139,39539,43
1994,168861,"SNAPPER, SILK",1,36840.5036170213,72096.1431914894,1026
1994,167764,"GROUPER, YELLOWFIN",1,35164.359313304696,62987.739055794,83
1994,164729,"HAKES, RED AND WHITE",0,34715,19217,29
1994,074474,"SNAIL, TURBONELLA",0,34694,1145.65,174
1994,172428,"TUNA, BIGEYE",1,33701.4955520945,101988.8379857896,88
1994,172418,TUNAS,0,32475.670339668402,55602.2822159321,51
1994,168690,"AMBERJACK, LESSER",1,32469.850386349,25386.8942820348,679
1994,172513,"DRIFTFISH, BLACK",0,31085,33164,19
1994,169539,"SPADEFISH, ATLANTIC",1,30882,5906.6,4168
1994,173752,"TURTLES, SNAPPING",0,30639,26146,47
1994,081499,"CLAM, SOUTHERN QUAHOG",0,28039.39,114191.77,607
1994,098477,"FILECLAM, ROUGH",0,26965,53.800000000000004,131
1994,168680,LOOKDOWN,0,25794,3085.75,136
1994,167744,"GROUPER, MARBLED",1,24839,42904,55
1994,161700,HERRINGS,0,23364,11728,18
1994,172362,ESCOLAR,0,20042,15919.25,32
1994,163342,MINNOWS,0,19917,124986,138
1994,169240,"SEATROUT, SILVER",0,19743,11704.97,713
1994,070088,"TURBAN, CHESTNUT",0,18765,57,321
1994,163537,"CARP, GRASS",0,18356,3868,23
1994,168670,"BUMPER, ATLANTIC",0,17899,NA,69
1994,173283,PUFFERS,0,17432,5041.35,697
1994,172419,"TUNA, ALBACORE",1,17057,9695,30
1994,096893,"SHRIMP, PEPPERMINT",0,16353,180.75,247
1994,553178,SPADEFISH,0,15686,6906,33
1994,046861,SPONGES,0,15024,29537.99,425
1994,098188,"HERMIT, THINSTRIPE",0,13919,76.7,286
1994,079737,"SCALLOP, BAY",0,13115,38734.25,34
1994,172437,CERO,1,12030,7092.71,680
1994,164807,"EELS, CUSK",0,11292,14181.81,212
1994,069459,"SNAIL, OTHER",0,10288,2773.5,209
1994,168693,"RUDDERFISH, BANDED",1,10092.72,6818.67,152
1994,166487,SEAHORSES,0,9935,724,339
1994,169207,"PORGY, RED",1,9868.87,9644.9,62
1994,097660,"LOBSTERS, SLIPPER",0,8620,30087,8
1994,172564,HARVESTFISHES,0,8390,4119,5
1994,160502,"SHARK, BONNETHEAD",1,7679.75,3297.6,83
1994,167691,"BASS, ROCK SEA",1,7082.360000000001,4618.049999999999,59
1994,169007,TRIPLETAIL,1,7002,4268.62,123
1994,168607,"JACK, YELLOW",0,6973,2018.82,36
1994,052774,"ANEMONE, RINGED",0,6910,33.75,50
1994,166704,SCORPIONFISHES,0,6446,2724.37,87
1994,167700,"HIND, RED",1,6414.979388448471,9921.738607021518,229
1994,098811,"CRAB, FLORIDA STONE",0,5843,17511,59
1994,173245,"COWFISH, SCRAWLED",0,5770,6,308
1994,167706,"GROUPER, NASSAU",1,5696.08,9560.15,26
1994,052266,"GORGONIAN, SEA BLADES",0,5209,153.86,124
1994,615846,"BURRFISH, STRIPED",0,4832,772,467
1994,006409,ULOTRICHALES,0,4671,1331.57,140
1994,169626,"ANGELFISH, BLUE",0,4550,1035,426
1994,168602,"POMPANO, AFRICAN",1,4231,2775.15,103
1994,157921,"URCHIN, GREEN SEA",0,4180,27.55,124
1994,052541,"ANEMONE, OTHER",0,3953,292,54
1994,052150,"CORAL, DEEPWATER",0,3928,105.33,50
1994,168913,WENCHMAN,1,3767.14,332.21,20
1994,052794,"ANEMONE, RED BEADED",0,3758,199.4,47
1994,006962,"PLANT, CAULERPA",0,3700,4223.66,88
1994,170424,BARRACUDAS,0,3671,1909,27
1994,098485,"CRAB, FALSE ARROW",0,3665,873.3000000000001,165
1994,052016,"CORALS, SOFT",0,3540,895.2,212
1994,159916,"SHARK, THRESHER",1,3394.169999999999,1438.76,22
1994,082703,"CRAB, HORSESHOE",0,3231,18,48
1994,169625,"BEAUTY, ROCK",0,3135,1010,246
1994,169086,PORKFISH,0,2900,255,139
1994,172566,"HARVESTFISH, NORTHERN",0,2806,1521.06,52
1994,161104,BOWFIN,0,2728,3527,6
1994,168544,"TILEFISH, GOLDFACE",1,2683.56,3408,15
1994,083677,CRUSTACEANS,0,2601,1396.89,17
1994,169632,"ANGELFISH, GRAY",1,2532,1249.5,378
1994,660512,"CRAB, FURCATE SPIDER",0,2511,190.6,375
1994,169241,WEAKFISH,0,2298.999999999999,1217.67,481
1994,157821,"URCHINS, SEA",0,2265,615.27,27
1994,157520,"STAR, SERPENT BRITTLE",0,2253,275.53000000000003,196
1994,566920,TURBINIDAE,0,2246,1918,29
1994,098483,"CRAB, YELLOWLINE ARROW",0,2236,866.84,274
1994,163996,"CATFISHES, CHANNEL",0,2188,1273,6
1994,167696,"HIND, ROCK",1,2164.1475625,3831.25078125,110
1994,650251,"BARRACUDA, GREAT",1,2142,878.1,43
1994,006949,"PLANT, MERMAID'S SHAVING BRUSH",0,2126,116.10000000000001,39
1994,636786,"GOBY,NEON",0,2092,73.8,125
1994,170082,SUNSHINEFISH,0,2090,8.5,23
1994,170928,"JAWFISH, YELLOWHEAD",0,1990,179,72
1994,168615,"JACK, BAR",1,1964,1837.81,18
1994,173246,"COWFISH, HONEYCOMBED",0,1923,NA,40
1994,164593,"BATFISH, OTHER",0,1917,5,317
1994,157486,"STAR, BLACK BRITTLE",0,1900,220.20000000000002,126
1994,051774,"CASSIOPEA, JAMAICAN",0,1889,827.5,47
1994,069794,"SNAIL, TOPSNAIL",0,1711,4,12
1994,646513,HIGH-HAT,0,1702,212.5,161
1994,168178,BIGEYE,0,1690,2361,12
1994,047528,"SPONGES, DEMOSPONGIAE",0,1664,658.03,210
1994,047782,"SPONGE, RED BALL",0,1604,939.75,133
1994,167800,"BASS, LONGTAIL",0,1580,1695,21
1994,160275,"SHARK, BULL",1,1517.88,824.64,17
1994,099074,"CRAB, NIMBLE SPRAY",0,1489,NA,43
1994,157826,"URCHIN, SLATE PENCIL",0,1446,139.75,80
1994,097863,"HERMIT, POLKADOTTED",0,1438,461.75,135
1994,052830,"ANEMONE, SUN",0,1433,112,59
1994,173183,"FILEFISH, PLANEHEAD",0,1427,NA,151
1994,161324,"EELS, CONGER",0,1340,1693.28,76
1994,157958,"URCHIN, ROCK BORING",0,1244,66.75,44
1994,168610,"JACK, HORSE-EYE",0,1198,1169.75,7
1994,170568,BLUEHEAD,0,1151,278.5,123
1994,166972,SEAROBINS,0,1089,2,305
1994,158323,"CUCUMBER, FLORIDA SEA",0,1065,511.58,78
1994,169611,CHERUBFISH,0,1050,NA,55
1994,170483,"HOGFISH, SPOTFIN",0,1037,684.86,103
1994,169623,"ANGELFISH, QUEEN",1,1029,972,360
1994,169554,ANGELFISHES,0,1017,316.21,92
1994,161189,"MORAY, BLACKEDGE",0,1009,249.25,206
1994,169314,JACKKNIFE-FISH,0,985,336,62
1994,169558,"BUTTERFLYFISH, FOUREYE",0,984,370.5,183
1994,161061,"FISHES, RAY-FINNED",0,951,5,25
1994,167196,SCULPINS,0,909,808,27
1994,166862,"SCORPIONFISH, REEF",0,894,29,199
1994,172401,"TUNA, SKIPJACK",1,879.6192724964411,509.98069403300906,22
1994,166488,"SEAHORSE, LINED",0,879,4,57
1994,160189,"SHARK, TIGER",1,878.48,263.15000000000003,11
1994,082603,"OCTOPUS, COMMON",0,868,121.5,203
1994,168899,"SNAPPER, BLACK",1,851.07,936.9,24
1994,166794,"SCORPIONFISH, SPINYCHEEK",0,820,853,9
1994,614740,"PARROTFISH, STRIPED",1,788,6,87
1994,098088,"CRAB, SPOTTED PORCELAIN",0,767,NA,62
1994,171124,"BLENNY, OTHER",0,749,47.25,237
1994,079118,CLAMS,0,738,125,17
1994,168204,FLAMEFISH,0,716,44.5,117
1994,164412,TOADFISHES,0,711,29,276
1994,097298,"SHRIMP, BANDED CORAL",0,698,211,143
1994,078255,"DORIS, FLORIDA REGAL",0,690,764.86,141
1994,006922,"PLANT, HALIMEDA",0,656,213,31
1994,172738,"FLOUNDER, SOUTHERN",0,624,827,46
1994,172714,"FLOUNDERS, LEFTEYED",0,623,7.62,233
1994,172512,BARRELFISH,0,621,605.21,11
1994,168684,"MOONFISH, ATLANTIC",0,619,436.40000000000003,3
1994,172254,"TANG, BLUE",1,614,186.20000000000002,145
1994,567533,"SLUG, LETTUCE",0,596,NA,44
1994,166454,"PIPEFISH, SARGASSUM",0,594,NA,177
1994,167806,"HAMLET, BUTTER",0,591,99.5,189
1994,078156,NUDIBRANCHS,0,561,24,118
1994,170496,"WRASSE, CREOLE",0,543,264,35
1994,170080,"CHROMIS, BLUE",0,542,92,68
1994,170484,"HOGFISH, SPANISH",1,532,366.97,142
1994,157366,"STAR, BASKET",0,452,411.90000000000003,105
1994,165546,NEEDLEFISHES,0,443,852.9300000000001,8
1994,079779,"OYSTER, ATLANTIC THORNY",0,435,214,96
1994,170116,"DAMSELFISH, YELLOWTAIL",0,422,171,46
1994,098519,"CRABS, CORAL SPIDER",0,421,1203,5
1994,170510,PUDDINGWIFE,1,385,34,71
1994,068076,"POLYCHAETE, FEATHER-DUSTER",0,371,NA,16
1994,079820,"FILECLAM, SPINY",0,368,2,27
1994,168852,"SNAPPER, BLACKFIN",1,358.33000000000004,666.66,57
1994,168847,"SNAPPER, CUBERA",1,351.08,397.51,6
1994,169633,"ANGELFISH, FRENCH",1,349,621,201
1994,170477,"WRASSE, OTHER",0,341,61,61
1994,096601,"SHRIMPS, PISTOL OR SNAPPING",0,338,59.82,55
1994,158854,"TUNICATES, SEA SQUIRTS",0,337,47,36
1994,169562,"BUTTERFLYFISH, REEF",0,332,151,102
1994,167860,"BASS, HARLEQUIN",0,329,58.25,85
1994,170086,"REEFFISH, PURPLE",0,328,47,24
1994,160433,"SHARK, LEMON",1,310.41,131.4,7
1994,173235,BOXFISHES,0,298,321.5,15
1994,079611,SCALLOPS,0,278,0.02,88
1994,170044,DAMSELFISHES,0,275,NA,42
1994,173320,"PUFFER, SHARPNOSE",0,274,88,93
1994,072774,"TONGUE, FLAMINGO",0,273,NA,7
1994,166170,SQUIRRELFISHES,0,265,119,10
1994,170506,"WRASSE, YELLOWHEAD",0,259,185,60
1994,099140,"SHRIMPS, MANTIS",0,219,184,5
1994,064358,"WORM, MARINE",0,213,51.61,9
1994,157325,"STARS, BRITTLE",0,204,2.5,32
1994,172252,"SURGEON, OCEAN",0,193,24,55
1994,158309,"CUCUMBERS, OTHER SEA",0,192,8,15
1994,096424,"SHRIMP, SPOTTED CLEANER",0,191,315,27
1994,072767,"COWRIE, MEASLED",0,177,1,28
1994,167859,TOBACCOFISH,0,166,53.25,41
1994,169556,"BUTTERFLYFISH, SPOTFIN",0,163,26.5,47
1994,169563,"BUTTERFLYFISH, BANDED",0,162,184,45
1994,172384,CUTLASSFISHES,0,159,190.64000000000001,7
1994,072743,"COWRIE, ATLANTIC DEER",0,157,180.5,39
1994,615345,BEAUGREGORY,0,154,70.05,50
1994,615485,"DAMSELFISH, THREESPOT",0,154,25.05,33
1994,173297,"PUFFER, SOUTHERN",0,153,6,72
1994,553237,ANGELFISHES,0,153,62,2
1994,181220,GRAYSBY,1,150.86,341.71,3
1994,164524,"FROGFISH, OCELLATED",0,149,181.70000000000002,42
1994,170503,"DICK, SLIPPERY",0,147,52.38,73
1994,161123,EELS,0,143,232.38,13
1994,173392,BALLOONFISH,0,141,NA,53
1994,170046,"MAJOR, SERGEANT",0,128,2,21
1994,615416,"DAMSELFISH, BICOLOR",0,126,94.15,26
1994,167793,"PERCH, SAND",0,126,90.14,4
1994,161188,"MORAY, SPOTTED",0,116,54,34
1994,157518,"STAR, SCALY BRITTLE",0,112,51.25,48
1994,170809,PARROTFISHES,0,106,8.72,35
1994,157877,"URCHIN, LONG-SPINED SEA",0,105,1.5,23
1994,167740,"GROUPER, CONEY",1,91,17,41
1994,159977,"SHARK, NURSE",1,87,130,40
1994,171405,"BLENNY, SAILFIN",0,86,12,17
1994,157906,"URCHIN, PURPLE-SPINED SEA",0,85,32,24
1994,167861,"BASS, CHALK",0,82,107.5,8
1994,170932,"JAWFISH, DUSKY",0,76,10,21
1994,173157,"FILEFISH, WHITESPOTTED",0,72,82,48
1994,078022,"HARES, SEA",0,71,101.5,6
1994,082607,"OCTOPUS, ATLANTIC PYGMY",0,69,126.5,19
1994,169593,"BUTTERFLYFISH, LONGSNOUT",0,66,8,24
1994,074182,"TULIP, TRUE",0,63,4.5,21
1994,095600,"SHRIMP, MARINE",0,59,56.5,16
1994,168207,"CARDINALFISH, TWOSPOT",0,57,5,3
1994,160946,STINGRAYS,0,56,56,29
1994,622125,"SQUIRRELFISH, REEF",0,53,2.5,12
1994,170815,"PARROTFISH, PRINCESS",1,50,184,18
1994,172253,DOCTORFISH,1,46,49,14
1994,171203,"BLENNY, REDLIP",0,44,NA,9
1994,073236,"SNAIL, MUREX",0,42,13.5,8
1994,079771,"SCALLOP, LIONS-PAW",0,39,47.5,25
1994,160845,SKATES,0,29,20,20
1994,161237,"MORAY, GOLDENTAIL",0,27,60,25
1994,164457,CLINGFISHES,0,25,NA,13
1994,615421,"DAMSELFISH, DUSKY",0,22,6.5,12
1994,168857,"SNAPPER, DOG",1,21.09,39.93,5
1994,161160,"EEL, MORAYS",0,21,20.04,13
1994,161186,"MORAY, GREEN",0,17,90,10
1994,169317,"DRUM, SPOTTED",0,15,NA,13
1994,168567,"REMORAS, OTHER",0,14,3.5,14
1994,203428,FILEFISHES,0,11,12,3
1994,074101,"CONCH, CROWN",0,10,0.75,5
1994,170224,"HAWKFISH, REDSPOTTED",0,7,4.04,4
1994,171200,"BLENNY, BARRED",0,7,10,4
1994,074187,"CONCH, HORSE",0,6,NA,5
1994,075281,"SNAIL, CONE",0,6,NA,5
1994,096896,"SHRIMP, CLEANER",0,6,NA,4
1994,621035,"STINGRAY, YELLOW",0,5,NA,3
1994,173158,"FILEFISH, ORANGESPOTTED",0,5,12,5
1994,167820,"BASS, PEPPERMINT",0,5,NA,4
1994,164520,SARGASSUMFISH,0,5,NA,4
1994,173139,"TRIGGERFISH, QUEEN",1,4,NA,4
1994,622109,"SQUIRRELFISH, DEEPWATER",0,4,NA,4
1995,161731,MENHADENS,0,1039736167,52188646,139
1995,551570,"SHRIMP, NORTHERN BROWN",1,126870607.129502,241062075.233231,28540
1995,551680,"SHRIMP, NORTHERN WHITE",1,75737149.22791304,170103125.86678103,11272
1995,098696,"CRAB, BLUE",0,54444264.26030568,42395546.66048042,159599
1995,079872,"OYSTER, EASTERN",0,22891914.34338851,48157021.78087591,28281
1995,170335,"MULLET, STRIPED",0,20834927.98759192,15504855.19446233,69650
1995,097306,"CRAYFISHES, FRESHWATER",0,17431001,11438222,351
1995,551574,"SHRIMP, NORTHERN PINK",1,17135061.27117393,39100550.77974119,13638
1995,914179,OSTEICHTHYES,0,9703220.98986131,2267451.99832885,27879
1995,169288,"DRUM, BLACK",0,6034225.83499258,4879532.92960596,2793
1995,167702,"GROUPER, RED",1,5477147.6149258,8887358.62244415,29297
1995,098810,"CRAB, STONE",0,5258944,16403760.47,56471
1995,169189,SHEEPSHEAD,0,4007578.67284787,1434957.95726212,47118
1995,172423,"TUNA, YELLOWFIN",1,3480546.73049365,8723534.090015449,851
1995,097648,"LOBSTER, CARIBBEAN SPINY",1,3318283.2483667,14865737.69323959,49889
1995,095750,"SHRIMP, ATLANIC SEABOB",0,2975282,1768069,472
1995,168853,"SNAPPER, RED",1,2947736.99861588,5772594.344933771,1993
1995,161111,LADYFISH,0,2756584.6570686097,1159431.07719335,10641
1995,096027,"SHRIMPS, ROCK",0,2540915,2972724,301
1995,161748,"HERRING, ATLANTIC THREAD",0,2414595,517271.59,287
1995,163997,"CATFISH, BLUE",0,2308533,1163220,481
1995,168909,"SNAPPER, VERMILION",1,2183441.88242479,3730659.55917037,6362
1995,095647,"SHRIMP, ROUGHNECK",0,2057644,1257206,56
1995,163954,"FISHES, BUFFALO",0,1849171,397156,233
1995,163998,"CATFISH, CHANNEL",0,1640101,813481,423
1995,167759,"GROUPER, GAG",1,1585989.62563638,3365276.78447029,14947
1995,172436,"MACKEREL, SPANISH",1,1505450.9115531,627360.7877279612,15133
1995,172482,SWORDFISH,1,1382312.70190101,3678297.28004435,861
1995,160289,"SHARK, SANDBAR",1,1320093.30997016,434092.2477902754,1350
1995,159786,"SHARKS, SMALL COASTAL",0,1288234.08,2465980.15,3420
1995,169283,"CROAKER, ATLANTIC",0,1199887.42180685,169472.71006230518,400
1995,159785,SHARKS,0,1194746,411990,212
1995,095603,"SHRIMPS, BAIT",0,1143448.79,3193407.7,12313
1995,169239,"SEATROUT, SPOTTED",0,1122061.25000608,1247819.70337398,38807
1995,168612,"RUNNER, BLUE",1,1119394.47901573,458418.6120488298,1345
1995,172702,FLATFISHES,0,1096762,1639379,1428
1995,172435,"MACKEREL, KING",1,1074295.16,1371320.1600000001,3037
1995,095599,"CRABS, SHRIMPS, LOBSTERS",0,1027508,2487990.3,1871
1995,161702,"SHAD, AMERICAN",0,1014652,109461.5,324
1995,096028,"SHRIMP, ROCK",1,947747.17,1096426.74,585
1995,167699,"GROUPER, YELLOWEDGE",1,916668.1894236187,1819766.30836341,1553
1995,168725,"SCAD, ROUND",0,913563.52,347378.24,290
1995,161732,"MENHADEN, ATLANTIC",0,848394,97329.8,247
1995,164029,"CATFISH, FLATHEAD",0,824920,397084,175
1995,620991,"CRAB, GOLDEN DEEPSEA",1,822284.9788235931,796767.4998482182,247
1995,168689,"AMBERJACK, GREATER",1,718365.8704094233,751895.8266335177,5408
1995,172568,"BUTTERFISH,GULF",0,688532,102689.29000000001,361
1995,051925,JELLYFISH,0,663908,NA,35
1995,161092,GARFISHES,0,638688,433970,488
1995,169055,GRUNTS,0,618956.2146130913,346162.71725356474,11834
1995,005414,"ALGAE, GREEN",0,601716,511460.63,1906
1995,172434,"MACKERELS, KING AND CERO",0,587178,539827,54
1995,168907,"SNAPPER, YELLOWTAIL",1,576873.7842329568,1057691.80647161,26956
1995,158018,"DOLLARS, OTHER SAND",0,548564,32089.15,166
1995,169180,PORGIES,0,488222.523533597,439321.28946778434,9775
1995,169273,KINGFISHES,0,473778.72406820074,192652.0797339742,3776
1995,169267,SPOT,0,471732.08130371984,53772.470768031504,3262
1995,168546,"TILEFISH, GOLDEN",1,467680.7166419524,618511.2959633479,780
1995,095966,"SHRIMP, ROYAL RED",1,453494.05,899287,24
1995,165459,BALLYHOOS,0,407305.60000000003,262451.87,1149
1995,169364,"DRUM, FRESHWATER",0,402205,81358,236
1995,169013,MOJARRAS,0,385536.219525541,249040.96332387888,13393
1995,168609,"JACK, CREVALLE",1,383484.3142016905,161937.1142149711,20029
1995,163344,"CARP, COMMON",0,376180,31612,91
1995,095601,"SHRIMPS, PENAEOID",0,365744.9699999999,552235.98,2088
1995,161763,"SARDINE, SPANISH",0,362790,76752.7,152
1995,160318,"SHARK, BLACKTIP",1,345586.5473659109,98027.12438450879,423
1995,168708,"POMPANO, FLORIDA",0,344956.4147885664,1052728.75627542,22343
1995,167760,"GROUPER, BLACK",1,318669.70040609164,643289.1151103604,14590
1995,196436,"SPONGE, GRASS",0,315593.5179466011,313889.4000022515,3420
1995,168688,AMBERJACKS,0,307639,351867,201
1995,170336,"MULLET, WHITE",0,298443.01442813163,99309.974963814,3230
1995,168559,BLUEFISH,0,296922.7154561642,90207.7143516663,10724
1995,169243,"SEATROUT, SAND",0,289892.9999999999,138222.3699999999,1967
1995,167686,"BASSES, MIXED SEA",0,277663.44,111937.29000000001,1534
1995,167763,SCAMP,1,271150.454694609,585632.6238783438,6661
1995,168790,DOLPHINFISH,0,267739,275719,193
1995,196434,"SPONGE, YELLOW",0,241255.0371332092,333220.53566782945,4161
1995,172385,"CUTLASSFISH, ATLANTIC",0,236023,66224,51
1995,168848,"SNAPPER, GRAY",1,222190.8571626037,371970.0708011586,24798
1995,168791,DOLPHIN,1,217395.6,294414.3,1734
1995,163996,"CATFISHES, FORKTAIL",0,212620,70058,100
1995,168566,COBIA,1,207099.1110602336,329896.85960998764,7075
1995,173128,TRIGGERFISHES,0,205773.84,211527.71,3534
1995,047614,HIPPOSPONGIA,0,188491,520768.68,1426
1995,157187,"STARFISH, SPINY",0,186318,6071.28,134
1995,553173,ANCHOVIES,0,168620,38939.4,55
1995,163892,SUCKERS,0,166425,52088,55
1995,172451,WAHOO,1,157188.7339912233,170257.4943418295,1120
1995,169809,TILAPIAS,0,147973.99999999988,69930.34,1326
1995,168849,"SNAPPER, MUTTON",1,108033.9715570619,185150.316086025,5716
1995,167705,"GROUPER, SNOWY",1,104199.3201494279,178075.5473872223,987
1995,172427,"TUNA, BLACKFIN",1,101544.8620844927,41536.1924824422,567
1995,172734,"FLOUNDERS, PARALICHTHYS",0,101023,161844.15,4911
1995,160806,RAYS,0,99899,11653.28,163
1995,052627,"ANEMONE, GIANT CARIBBEAN",0,99602,20100.65,151
1995,157987,"BISCUITS, SEA",0,90248,4722,79
1995,082367,SQUIDS,0,89691,31451.27,598
1995,159924,"SHARK, MAKO, SHORTFIN",1,88345.7995588492,81537.0622510898,303
1995,168861,"SNAPPER, SILK",1,87651.4269081065,172403.5296952072,1980
1995,167704,"GROUPER, WARSAW",1,84639.9775320604,121874.0048959817,463
1995,168680,LOOKDOWN,0,83009,7465.629999999999,250
1995,173137,TRIGGERFISHES,0,81007,79003,139
1995,172564,HARVESTFISHES,0,79983,6001,14
1995,167674,GROUPERS,0,79722.3647143376,137382.5031249892,482
1995,168543,"TILEFISH, BLUELINE",1,79232.6097863819,82454.21666058591,664
1995,172364,OILFISH,0,79218,82665.31,175
1995,168860,"SNAPPER, LANE",1,72178.4800473631,78341.3948797899,3972
1995,172428,"TUNA, BIGEYE",1,69773.4322650419,235708.0626676837,100
1995,172402,"TUNA, LITTLE TUNNY",1,63251.999171156196,15550.6157273104,264
1995,168690,"AMBERJACK, LESSER",1,61189.4037327952,62471.353254099995,1200
1995,074474,"SNAIL, TURBONELLA",0,60412,3476.7000000000003,167
1995,172421,"TUNA, BLUEFIN",1,59627,453090.52,40
1995,167687,"BASS, BLACK SEA",1,57768.995195788,40616.4999380464,370
1995,172413,"MACKEREL, ATLANTIC CHUB",0,56594,5401.4400000000005,73
1995,170333,MULLETS,0,53005,47766,244
1995,160497,"SHARKS, HAMMERHEAD",0,52722.38092665271,199934.0556173791,85
1995,164157,"CATFISHES, SEA",0,52244,17439.420000000002,716
1995,164818,"BROTULA, BEARDED",0,51836,46632,139
1995,173138,"TRIGGERFISH, GRAY",1,50049,25895,116
1995,168845,SNAPPERS,0,49264.7585389659,95256.0072999004,630
1995,172362,ESCOLAR,0,46923.3624439075,50208.5148015188,91
1995,163537,"CARP, GRASS",0,46356,6730,21
1995,160502,"SHARK, BONNETHEAD",1,46352.489760130804,11123.2497096573,161
1995,168691,"JACK, ALMACO",1,45907.832577319605,43362.528247422706,317
1995,168709,PERMIT,0,44681.6726166689,56847.2894675925,3369
1995,168902,"SNAPPER, QUEEN",1,41697.465394138504,78055.1920784908,237
1995,070088,"TURBAN, CHESTNUT",0,39702,4792.3,76
1995,159851,"SHARKS, PELAGIC",0,38888.91,9461.45,85
1995,167698,"HIND, SPECKLED",1,38032.5336115264,61180.8074160663,442
1995,168584,JACKS,0,37277.8996030262,15947.6325869233,2079
1995,082590,OCTOPUSES,0,37180,34830.32,938
1995,081499,"CLAM, SOUTHERN QUAHOG",0,35996.58,299335.28,708
1995,172736,"FLOUNDER, GULF",0,33775,49634.06,3060
1995,161104,BOWFIN,0,31926,41945,23
1995,160304,"SHARK, BLACKNOSE",1,31408.3596888889,10209.886666666702,176
1995,160268,"SHARK, DUSKY",1,30499.38,10564.98,33
1995,098811,"CRAB, FLORIDA STONE",0,30205,91270,98
1995,082369,"SQUIDS, LOLIGINIDAE",0,29449,19396,259
1995,170566,HOGFISH,1,27613.160578237097,48165.249401133,2392
1995,172418,TUNAS,0,26854.7665112665,52528.413030303,28
1995,173752,"TURTLES, SNAPPING",0,26158,13198,43
1995,069459,"SNAIL, OTHER",0,26150,7269.3,262
1995,169290,"DRUM, RED",1,25537,31196,37
1995,169187,PINFISH,0,24999.739999999998,104530.4499999999,2568
1995,097671,"LOBSTER, SPANISH",0,24182,63452.94,314
1995,161700,HERRINGS,0,23818,16406,23
1995,172437,CERO,1,21651,12191.87,420
1995,172513,"DRIFTFISH, BLACK",0,20661,26156,16
1995,098477,"FILECLAM, ROUGH",0,20104,3553.25,82
1995,164729,"HAKES, RED AND WHITE",0,19948,11114,38
1995,169539,"SPADEFISH, ATLANTIC",1,19935,5704.49,2372
1995,168693,"RUDDERFISH, BANDED",1,19733.68,10336,361
1995,168913,WENCHMAN,1,19227.98,4029.4700000000003,26
1995,169240,"SEATROUT, SILVER",0,18513,10707.53,547
1995,172419,"TUNA, ALBACORE",1,17499,7129.76,40
1995,098188,"HERMIT, THINSTRIPE",0,17402,2154.28,81
1995,163342,MINNOWS,0,15692,136596,196
1995,167764,"GROUPER, YELLOWFIN",1,15164.5641094452,27383.148289145396,101
1995,167744,"GROUPER, MARBLED",1,14011.54,26337.5,50
1995,164807,"EELS, CUSK",0,10677,11949.39,232
1995,046861,SPONGES,0,9731.045454545454,19885.5722727273,276
1995,166493,"SEAHORSE, DWARF",0,9726,262,3
1995,173433,FROGS,0,9520,16851,13
1995,160433,"SHARK, LEMON",1,8249.080777711915,1930.377545939537,33
1995,566920,TURBINIDAE,0,7254,5064.7,66
1995,169626,"ANGELFISH, BLUE",0,7243,31840.24,401
1995,170424,BARRACUDAS,0,6854,3193,33
1995,159916,"SHARK, THRESHER",1,6720.806457990116,2831.870164744645,22
1995,160275,"SHARK, BULL",1,6302.31,2214.41,16
1995,096893,"SHRIMP, PEPPERMINT",0,5904,1554.7,72
1995,157921,"URCHIN, GREEN SEA",0,5641,12342.2,73
1995,173283,PUFFERS,0,5566,1913.13,564
1995,097863,"HERMIT, POLKADOTTED",0,5176,1274.75,93
1995,169241,WEAKFISH,0,5046.999999999999,1343.1100000000001,340
1995,166704,SCORPIONFISHES,0,4260,3371.36,120
1995,169207,"PORGY, RED",1,4257.65,4549.4000000000005,53
1995,168670,"BUMPER, ATLANTIC",0,4130,2512.16,20
1995,052794,"ANEMONE, RED BEADED",0,4067,1349.2,42
1995,167700,"HIND, RED",1,3989.765056750128,6652.927099702898,153
1995,052774,"ANEMONE, RINGED",0,3985,331.3,31
1995,157821,"URCHINS, SEA",0,3799,6408.22,24
1995,006409,ULOTRICHALES,0,3643,6170.25,91
1995,082703,"CRAB, HORSESHOE",0,3526,1471.6000000000001,46
1995,167696,"HIND, ROCK",1,3269.3899481865283,5723.690777202072,69
1995,006962,"PLANT, CAULERPA",0,3246,4560.52,58
1995,157520,"STAR, SERPENT BRITTLE",0,3196,2528.77,171
1995,169007,TRIPLETAIL,1,2821,2213.7000000000003,166
1995,167196,SCULPINS,0,2771,2475,14
1995,167691,"BASS, ROCK SEA",1,2659.7200000000003,1958.43,17
1995,553178,SPADEFISH,0,2529,796,19
1995,169625,"BEAUTY, ROCK",0,2482,5787.5,150
1995,615846,"BURRFISH, STRIPED",0,2478,2399.5,93
1995,172566,"HARVESTFISH, NORTHERN",0,2465,1159.26,60
1995,052541,"ANEMONE, OTHER",0,2315,1006.25,58
1995,052016,"CORALS, SOFT",0,2312,4436.7,172
1995,169632,"ANGELFISH, GRAY",1,2230,8780,301
1995,168615,"JACK, BAR",1,2102,1311.21,20
1995,158323,"CUCUMBER, FLORIDA SEA",0,2031,975.64,73
1995,169086,PORKFISH,0,1965,1139,102
1995,650251,"BARRACUDA, GREAT",1,1936,1490.92,31
1995,098483,"CRAB, YELLOWLINE ARROW",0,1883,1259.04,233
1995,173246,"COWFISH, HONEYCOMBED",0,1823,1196,45
1995,047528,"SPONGES, DEMOSPONGIAE",0,1795,2429.79,150
1995,074182,"TULIP, TRUE",0,1746,490.18,30
1995,169623,"ANGELFISH, QUEEN",1,1740,10532.5,368
1995,047782,"SPONGE, RED BALL",0,1546,2839.5,104
1995,168610,"JACK, HORSE-EYE",0,1528,423.2,11
1995,170080,"CHROMIS, BLUE",0,1455,1035.25,33
1995,170082,SUNSHINEFISH,0,1382,2060,15
1995,052266,"GORGONIAN, SEA BLADES",0,1368,842.1700000000001,65
1995,078255,"DORIS, FLORIDA REGAL",0,1342,1776.53,151
1995,157486,"STAR, BLACK BRITTLE",0,1339,811,58
1995,157826,"URCHIN, SLATE PENCIL",0,1335,1138.95,56
1995,660512,"CRAB, FURCATE SPIDER",0,1254,362,79
1995,646513,HIGH-HAT,0,1178,1146,94
1995,168204,FLAMEFISH,0,1174,566.5500000000001,63
1995,172401,"TUNA, SKIPJACK",1,1149,984.45,16
1995,052830,"ANEMONE, SUN",0,1148,439,33
1995,170483,"HOGFISH, SPOTFIN",0,1133,4515,75
1995,168544,"TILEFISH, GOLDFACE",1,1094.24,1021.45,17
1995,079611,SCALLOPS,0,1080,1610.5,31
1995,169558,"BUTTERFLYFISH, FOUREYE",0,1032,1350.25,118
1995,636786,"GOBY,NEON",0,974,188.5,71
1995,156862,"STARS, OTHER SEA",0,974,5128.85,62
1995,079118,CLAMS,0,938,3049,40
1995,168602,"POMPANO, AFRICAN",1,917.994540650091,1141.429445130912,41
1995,170928,"JAWFISH, YELLOWHEAD",0,914,196.75,35
1995,168852,"SNAPPER, BLACKFIN",1,907.6750704225351,1630.2507042253521,68
1995,167800,"BASS, LONGTAIL",0,874,999.75,22
1995,172738,"FLOUNDER, SOUTHERN",0,874,1645.3500000000001,27
1995,096601,"SHRIMPS, PISTOL OR SNAPPING",0,844,431.75,40
1995,169201,"PORGY, KNOBBED",1,837.62,319.7,16
1995,098485,"CRAB, FALSE ARROW",0,836,752.25,49
1995,155469,"BRYOZOA, ECTOPROCTA",0,808,2337,42
1995,083677,CRUSTACEANS,0,746,105.60000000000001,5
1995,158309,"CUCUMBERS, OTHER SEA",0,722,3397.5,29
1995,173235,BOXFISHES,0,682,233,27
1995,006949,"PLANT, MERMAID'S SHAVING BRUSH",0,679,109.25,10
1995,170086,"REEFFISH, PURPLE",0,671,642,18
1995,006922,"PLANT, HALIMEDA",0,662,232.35,21
1995,157325,"STARS, BRITTLE",0,631,825.5,31
1995,157906,"URCHIN, PURPLE-SPINED SEA",0,629,498.75,29
1995,172254,"TANG, BLUE",1,610,742.5,99
1995,052150,"CORAL, DEEPWATER",0,609,132.97,15
1995,157958,"URCHIN, ROCK BORING",0,593,166.5,24
1995,097660,"LOBSTERS, SLIPPER",0,589,1992,7
1995,051774,"CASSIOPEA, JAMAICAN",0,583,255.25,24
1995,079779,"OYSTER, ATLANTIC THORNY",0,581,450.62,66
1995,157366,"STAR, BASKET",0,537,586,119
1995,161123,EELS,0,526.25,744.27,20
1995,097298,"SHRIMP, BANDED CORAL",0,502,274,89
1995,099074,"CRAB, NIMBLE SPRAY",0,501,6,10
1995,158854,"TUNICATES, SEA SQUIRTS",0,499,200.75,35
1995,168857,"SNAPPER, DOG",1,492.76,591.29,12
1995,074187,"CONCH, HORSE",0,491,929.85,31
1995,075281,"SNAIL, CONE",0,486,213.5,20
1995,167806,"HAMLET, BUTTER",0,438,531,119
1995,166488,"SEAHORSE, LINED",0,432,1177.5,58
1995,170568,BLUEHEAD,0,427,376.75,37
1995,161324,"EELS, CONGER",0,416,521.79,24
1995,170116,"DAMSELFISH, YELLOWTAIL",0,413,136.3,41
1995,168847,"SNAPPER, CUBERA",1,406.0669662921351,498.78277153558105,8
1995,166794,"SCORPIONFISH, SPINYCHEEK",0,406,437,15
1995,169633,"ANGELFISH, FRENCH",1,396,4029,132
1995,068076,"POLYCHAETE, FEATHER-DUSTER",0,385,1280.9,25
1995,567533,"SLUG, LETTUCE",0,360,101.2,24
1995,170496,"WRASSE, CREOLE",0,351,227,16
1995,078156,NUDIBRANCHS,0,320,173.25,26
1995,615345,BEAUGREGORY,0,311,85,26
1995,166972,SEAROBINS,0,284,1217.63,44
1995,164412,TOADFISHES,0,280,255.25,27
1995,082603,"OCTOPUS, COMMON",0,279,165,40
1995,169314,JACKKNIFE-FISH,0,267,674.75,18
1995,615485,"DAMSELFISH, THREESPOT",0,239,5,39
1995,167860,"BASS, HARLEQUIN",0,234,99.5,48
1995,614740,"PARROTFISH, STRIPED",1,227,40,41
1995,170484,"HOGFISH, SPANISH",1,215,165.45000000000002,62
1995,171124,"BLENNY, OTHER",0,212,334.25,53
1995,168899,"SNAPPER, BLACK",1,210.02,133.85,10
1995,173320,"PUFFER, SHARPNOSE",0,209,43.75,56
1995,096424,"SHRIMP, SPOTTED CLEANER",0,202,161.5,23
1995,172512,BARRELFISH,0,200,216,5
1995,078022,"HARES, SEA",0,197,228,13
1995,167793,"PERCH, SAND",0,193,144.6,6
1995,161189,"MORAY, BLACKEDGE",0,187,519.5,29
1995,051483,JELLYFISH,0,173,520,15
1995,073236,"SNAIL, MUREX",0,172,463.98,22
1995,166862,"SCORPIONFISH, REEF",0,165,86.75,37
1995,098088,"CRAB, SPOTTED PORCELAIN",0,164,135.75,17
1995,170809,PARROTFISHES,0,162,226.94,23
1995,095600,"SHRIMP, MARINE",0,159,552.5,30
1995,072767,"COWRIE, MEASLED",0,157,1,19
1995,079820,"FILECLAM, SPINY",0,150,57.75,20
1995,169563,"BUTTERFLYFISH, BANDED",0,150,277,39
1995,170477,"WRASSE, OTHER",0,148,34.5,16
1995,167690,"BASS, BANK SEA",1,137.04,68.25,7
1995,170510,PUDDINGWIFE,1,131,10,29
1995,164593,"BATFISH, OTHER",0,124,602.5,47
1995,072743,"COWRIE, ATLANTIC DEER",0,123,237.75,28
1995,170506,"WRASSE, YELLOWHEAD",0,123,41,26
1995,082607,"OCTOPUS, ATLANTIC PYGMY",0,111,335.5,40
1995,169556,"BUTTERFLYFISH, SPOTFIN",0,111,63,35
1995,172714,"FLOUNDERS, LEFTEYED",0,96,814,26
1995,157518,"STAR, SCALY BRITTLE",0,95,53,26
1995,161188,"MORAY, SPOTTED",0,94,317,18
1995,172252,"SURGEON, OCEAN",0,81,101.25,32
1995,169562,"BUTTERFLYFISH, REEF",0,79,38.5,30
1995,099140,"SHRIMPS, MANTIS",0,76,76,7
1995,173183,"FILEFISH, PLANEHEAD",0,76,1.5,12
1995,167859,TOBACCOFISH,0,74,66.75,23
1995,203428,FILEFISHES,0,72,341,15
1995,098131,"CRABS, SAND",0,71.21000000000001,181.51,18
1995,159977,"SHARK, NURSE",1,69,803,28
1995,170044,DAMSELFISHES,0,65,2,23
1995,169593,"BUTTERFLYFISH, LONGSNOUT",0,58,20,22
1995,170046,"MAJOR, SERGEANT",0,54,68.60000000000001,12
1995,173157,"FILEFISH, WHITESPOTTED",0,47,72.75,16
1995,096896,"SHRIMP, CLEANER",0,39,43,6
1995,171203,"BLENNY, REDLIP",0,38,36,10
1995,170932,"JAWFISH, DUSKY",0,38,22.5,14
1995,615416,"DAMSELFISH, BICOLOR",0,36,25.5,9
1995,167858,"SANDFISH, BELTED",0,34,102,14
1995,164524,"FROGFISH, OCELLATED",0,24,67,16
1995,171405,"BLENNY, SAILFIN",0,23,50,10
1995,171746,GOBIES,0,22,65.75,9
1995,079578,PENSHELLS,0,20,119.5,7
1995,170503,"DICK, SLIPPERY",0,20,14,8
1995,167852,"BASS, LANTERN",0,20,1,13
1995,173392,BALLOONFISH,0,20,19.5,16
1995,161237,"MORAY, GOLDENTAIL",0,17,10,11
1995,167820,"BASS, PEPPERMINT",0,16,148,5
1995,160845,SKATES,0,16,250,7
1995,165546,NEEDLEFISHES,0,13,11.3,4
1995,181220,GRAYSBY,1,7.18,7.5,4
1995,168567,"REMORAS, OTHER",0,6,23,5
1995,170815,"PARROTFISH, PRINCESS",1,6,23.5,6
1995,173297,"PUFFER, SOUTHERN",0,5,21,5
1996,161731,MENHADENS,0,1083678551,54464362,170
1996,551570,"SHRIMP, NORTHERN BROWN",1,124098166.28,222348347.25,16744
1996,098696,"CRAB, BLUE",0,62469314.97505595,38902505.57828263,127597
1996,551680,"SHRIMP, NORTHERN WHITE",1,55395215.86,125037351.81,7653
1996,079872,"OYSTER, EASTERN",0,23286877.99999999,50075070.17,21746
1996,551574,"SHRIMP, NORTHERN PINK",1,20235082.63650807,40229941.34817283,14954
1996,170335,"MULLET, STRIPED",0,15256410.65252216,12052266.60939162,35022
1996,914179,OSTEICHTHYES,0,13499024.7154141,1501405.20923205,13427
1996,097306,"CRAYFISHES, FRESHWATER",0,12727408,9884395,299
1996,095750,"SHRIMP, ATLANIC SEABOB",0,10231994,5818818,402
1996,169288,"DRUM, BLACK",0,6018399,4891831.1,1404
1996,098810,"CRAB, STONE",0,5466578,17684618.76,66930
1996,167702,"GROUPER, RED",1,5102803.29316881,9349809.942622889,8728
1996,172423,"TUNA, YELLOWFIN",1,4653696.4789968,11741612.89384038,598
1996,168853,"SNAPPER, RED",1,4336709.16131247,7918169.25858739,1316
1996,161748,"HERRING, ATLANTIC THREAD",0,3475361,659305.19,485
1996,169189,SHEEPSHEAD,0,3436073.24441606,1124234.69986796,11471
1996,097648,"LOBSTER, CARIBBEAN SPINY",1,3122190.5391394496,11768523.48818095,23085
1996,095647,"SHRIMP, ROUGHNECK",0,3026117,1876267,45
1996,163997,"CATFISH, BLUE",0,2287444,1381789,543
1996,163998,"CATFISH, CHANNEL",0,2030463,992553,514
1996,161111,LADYFISH,0,1860409.35,1346998.16,6449
1996,168909,"SNAPPER, VERMILION",1,1852641.31080699,3317943.5577372,3835
1996,159785,SHARKS,0,1671806,1839690,245
1996,096027,"SHRIMPS, ROCK",0,1651419,1386369.75,255
1996,163954,"FISHES, BUFFALO",0,1594546,341293,241
1996,167759,"GROUPER, GAG",1,1502076.14464896,3437412.00672445,6817
1996,095599,"CRABS, SHRIMPS, LOBSTERS",0,1495583,3274189.98,2428
1996,172482,SWORDFISH,1,1464881.80364038,4189448.28612924,966
1996,096028,"SHRIMP, ROCK",1,1416530.65,1267464.6600000001,927
1996,095603,"SHRIMPS, BAIT",0,1176294.88,3513714.25,12717
1996,161763,"SARDINE, SPANISH",0,1067155,132069.55,120
1996,159786,"SHARKS, SMALL COASTAL",0,1006351.58,1555126.55,2672
1996,172435,"MACKEREL, KING",1,982188.28,1133979.21,2560
1996,161702,"SHAD, AMERICAN",0,914740,103296.35,65
1996,169239,"SEATROUT, SPOTTED",0,873098.9999999999,861647.1399999999,1673
1996,164029,"CATFISH, FLATHEAD",0,844859,413817,193
1996,168689,"AMBERJACK, GREATER",1,828465.5352464172,903551.9649556148,2820
1996,095601,"SHRIMPS, PENAEOID",0,747709.04,1199484,1139
1996,161092,GARFISHES,0,738388,581118,452
1996,160289,"SHARK, SANDBAR",1,729859.4977363361,276578.86722329026,386
1996,005414,"ALGAE, GREEN",0,670183,748497.37,1529
1996,172434,"MACKERELS, KING AND CERO",0,587393,532191,42
1996,172568,"BUTTERFISH,GULF",0,586384,10845.01,102
1996,167699,"GROUPER, YELLOWEDGE",1,579816.4132217057,1302325.61553028,810
1996,169180,PORGIES,0,499911.5502018847,455193.70459148893,4900
1996,172702,FLATFISHES,0,490638,831734,1109
1996,168609,"JACK, CREVALLE",1,482356.57294918323,262340.6222136137,10393
1996,168907,"SNAPPER, YELLOWTAIL",1,481560.59183650423,869180.474635239,3558
1996,172436,"MACKEREL, SPANISH",1,461760.67485465686,238758.4537361256,1974
1996,620991,"CRAB, GOLDEN DEEPSEA",1,450299,387475.35000000003,35
1996,157187,"STARFISH, SPINY",0,446872,54005.65,169
1996,169055,GRUNTS,0,403986.0034738941,307377.5274744799,6926
1996,158019,"DOLLARS, KEYHOLE SAND",0,392085,29158,65
1996,095966,"SHRIMP, ROYAL RED",1,384264,748701,17
1996,169364,"DRUM, FRESHWATER",0,355686,104492,241
1996,169273,KINGFISHES,0,343410.8408442908,137659.7271820071,773
1996,169013,MOJARRAS,0,336311.4519863159,213237.49176021,8726
1996,160318,"SHARK, BLACKTIP",1,333749.6957107594,92543.0369321638,167
1996,163996,"CATFISHES, FORKTAIL",0,325190,105101,70
1996,168688,AMBERJACKS,0,324608,355738,196
1996,167760,"GROUPER, BLACK",1,318152.121172442,701756.5441644597,4261
1996,168790,DOLPHINFISH,0,304492,317814,185
1996,196436,"SPONGE, GRASS",0,279484.8127299875,287421.6914755917,2447
1996,167763,SCAMP,1,270196.28021014325,630245.119042267,3488
1996,168848,"SNAPPER, GRAY",1,236013.0185289375,392734.2377060065,7178
1996,168708,"POMPANO, FLORIDA",0,232140.1612465001,667074.3332423213,2825
1996,167686,"BASSES, MIXED SEA",0,230475.24,97493.85,1319
1996,158018,"DOLLARS, OTHER SAND",0,226734,34838.4,82
1996,168612,"RUNNER, BLUE",1,218655.226661408,105829.8098118224,658
1996,170336,"MULLET, WHITE",0,214886.4833753203,126191.4657768728,2153
1996,081499,"CLAM, SOUTHERN QUAHOG",0,211145.12,2305209.79,3195
1996,168566,COBIA,1,206817.7684506798,350110.1443049901,3272
1996,168546,"TILEFISH, GOLDEN",1,200693.5199999999,286202.4499999999,459
1996,172402,"TUNA, LITTLE TUNNY",1,193865.23633848282,27072.758100069197,256
1996,165459,BALLYHOOS,0,190594.52,108568.2,332
1996,196434,"SPONGE, YELLOW",0,190250.0381579543,271159.1912829826,2931
1996,169243,"SEATROUT, SAND",0,183995,102222.04000000001,835
1996,163344,"CARP, COMMON",0,169355,17709,71
1996,173128,TRIGGERFISHES,0,150742,168137.62,3103
1996,168791,DOLPHIN,1,150241.2,234574.92,1037
1996,172451,WAHOO,1,149188.6683860632,164932.161302563,567
1996,161732,"MENHADEN, ATLANTIC",0,137139,17525.99,61
1996,168559,BLUEFISH,0,132294.8709964412,51019.8565925267,1936
1996,172362,ESCOLAR,0,131057.98365440739,124326.3254816112,170
1996,163892,SUCKERS,0,130093,41911,47
1996,169809,TILAPIAS,0,121840,60652.3,1267
1996,168725,"SCAD, ROUND",0,110413.58,124655.27,174
1996,047614,HIPPOSPONGIA,0,106907,297535.36,811
1996,082590,OCTOPUSES,0,103321.9999999999,84622.9,1979
1996,168849,"SNAPPER, MUTTON",1,95374.4048539763,162382.621374838,1532
1996,074474,"SNAIL, TURBONELLA",0,93833,16749.95,163
1996,169267,SPOT,0,93301,37848.54,1232
1996,170333,MULLETS,0,86018,54687,274
1996,159924,"SHARK, MAKO, SHORTFIN",1,85895.0303150205,70938.7883975042,241
1996,172364,OILFISH,0,80531.1832229581,72408.8432229581,178
1996,173137,TRIGGERFISHES,0,79216,85701,145
1996,169283,"CROAKER, ATLANTIC",0,76842,100962.90000000001,345
1996,167705,"GROUPER, SNOWY",1,75981.0197914914,142691.8611539677,541
1996,167687,"BASS, BLACK SEA",1,70688.24,50053.130000000005,397
1996,168680,LOOKDOWN,0,69748,726.09,31
1996,156862,"STARS, OTHER SEA",0,69451,12217.75,98
1996,168690,"AMBERJACK, LESSER",1,68698.9951418745,75769.2396474635,367
1996,172427,"TUNA, BLACKFIN",1,68071.68992345211,29464.331395616402,354
1996,052627,"ANEMONE, GIANT CARIBBEAN",0,63188,20460.05,144
1996,161104,BOWFIN,0,63013,135408,38
1996,082369,"SQUIDS, LOLIGINIDAE",0,62892,38472,421
1996,167674,GROUPERS,0,58704.66,114886.01000000001,281
1996,168860,"SNAPPER, LANE",1,58613.848037411706,67016.99709338661,1416
1996,167704,"GROUPER, WARSAW",1,58027.5025995423,95131.0622196796,320
1996,164157,"CATFISHES, SEA",0,55915,27768,354
1996,098188,"HERMIT, THINSTRIPE",0,53465,8652.5,118
1996,172734,"FLOUNDERS, PARALICHTHYS",0,50963,91136.96,2172
1996,168543,"TILEFISH, BLUELINE",1,50601.0875976269,52652.702581194804,387
1996,070088,"TURBAN, CHESTNUT",0,50309,10892.76,80
1996,172421,"TUNA, BLUEFIN",1,49655.25,211087.4,48
1996,082367,SQUIDS,0,47166,10451.32,524
1996,160497,"SHARKS, HAMMERHEAD",0,45617.2848646132,11763.0885980293,67
1996,168845,SNAPPERS,0,44605.2827483198,67094.221666289,284
1996,168584,JACKS,0,43363.804664663905,27330.872049740097,911
1996,098811,"CRAB, FLORIDA STONE",0,41505,125465,117
1996,172428,"TUNA, BIGEYE",1,35297.84419371201,136765.57212981742,121
1996,169290,"DRUM, RED",1,32951,41239,53
1996,173138,"TRIGGERFISH, GRAY",1,32834,24684,98
1996,168861,"SNAPPER, SILK",1,32159.053141800698,68563.5935352941,505
1996,172736,"FLOUNDER, GULF",0,31896,54382.31,1909
1996,168691,"JACK, ALMACO",1,31822.7933159813,29646.1647319105,306
1996,167698,"HIND, SPECKLED",1,29458.8260890965,53467.3941139522,317
1996,169406,GOATFISHES,0,29434,1076.5,23
1996,159851,"SHARKS, PELAGIC",0,28194.760000000002,8593.05,60
1996,160268,"SHARK, DUSKY",1,26643.52,9621.99,38
1996,168709,PERMIT,0,24865.3203883495,42575.6705825243,1042
1996,170566,HOGFISH,1,24838.359782683903,43884.3258957915,882
1996,164818,"BROTULA, BEARDED",0,22317,13968,112
1996,172385,"CUTLASSFISH, ATLANTIC",0,21980,18561,56
1996,163537,"CARP, GRASS",0,21850,6255,23
1996,169187,PINFISH,0,21340.68,99417.32,1315
1996,164807,"EELS, CUSK",0,21216,23934.05,329
1996,168693,"RUDDERFISH, BANDED",1,20126.73,16290.75,255
1996,160806,RAYS,0,19140,2370.67,40
1996,044030,FORAMS,0,19112,20048,27
1996,097671,"LOBSTER, SPANISH",0,18993,53924.71,250
1996,167764,"GROUPER, YELLOWFIN",1,18009.005936739697,35065.8313138686,72
1996,161700,HERRINGS,0,16893,11879.08,39
1996,098477,"FILECLAM, ROUGH",0,15892,6004.1500000000005,86
1996,069459,"SNAIL, OTHER",0,15831,9358.1,210
1996,169207,"PORGY, RED",1,15567.06,15349.69,191
1996,160275,"SHARK, BULL",1,15441.51,6210.8,21
1996,164729,"HAKES, RED AND WHITE",0,15187,9824,21
1996,566920,TURBINIDAE,0,14538,5172.6,70
1996,172418,TUNAS,0,14459,25307,10
1996,074187,"CONCH, HORSE",0,14458,6572.8,51
1996,163342,MINNOWS,0,14327,117114,207
1996,046861,SPONGES,0,13667.1646516528,22780.170439878802,271
1996,173752,"TURTLES, SNAPPING",0,12763,5636,37
1996,072767,"COWRIE, MEASLED",0,12442,1191.7,15
1996,169539,"SPADEFISH, ATLANTIC",1,12370,5509.5,1123
1996,069794,"SNAIL, TOPSNAIL",0,12071,7240.4000000000005,10
1996,160304,"SHARK, BLACKNOSE",1,11670.44,4159.75,33
1996,167700,"HIND, RED",1,11283.467123760202,22335.219598965097,114
1996,172419,"TUNA, ALBACORE",1,11223.75,6161.4000000000005,30
1996,160502,"SHARK, BONNETHEAD",1,10297.12,3290.2200000000003,34
1996,168902,"SNAPPER, QUEEN",1,10069.4621909425,19236.8449816401,90
1996,157987,"BISCUITS, SEA",0,8921,1815.5,22
1996,169201,"PORGY, KNOBBED",1,8407.74,7360.1,116
1996,160310,"SHARK, SILKY",1,8117.6,3124.79,11
1996,173283,PUFFERS,0,8024,2929.8,852
1996,169240,"SEATROUT, SILVER",0,7252,6237.13,240
1996,157921,"URCHIN, GREEN SEA",0,6688,16262.35,98
1996,159916,"SHARK, THRESHER",1,6438.74,2887.81,20
1996,074075,"WHELK, LIGHTNING",0,5879,7149.7,42
1996,097863,"HERMIT, POLKADOTTED",0,5708,1685.25,89
1996,081496,"CLAM, NORTHERN QUAHOG",0,5320.58,94103.8,119
1996,082703,"CRAB, HORSESHOE",0,5048,3296.25,55
1996,166704,SCORPIONFISHES,0,5001,5002.46,128
1996,553178,SPADEFISH,0,4936,1699,24
1996,173433,FROGS,0,4857,9286,16
1996,169626,"ANGELFISH, BLUE",0,4568,36172,293
1996,157520,"STAR, SERPENT BRITTLE",0,4500,3762.7000000000003,138
1996,157821,"URCHINS, SEA",0,4415,20978.25,33
1996,167696,"HIND, ROCK",1,4413.16,8241.94,57
1996,052541,"ANEMONE, OTHER",0,4367,1394.05,56
1996,096893,"SHRIMP, PEPPERMINT",0,3689,727.45,22
1996,160433,"SHARK, LEMON",1,3534.14,1474.49,19
1996,006409,ULOTRICHALES,0,3534,13665.4,107
1996,166493,"SEAHORSE, DWARF",0,3236,381.8,7
1996,052774,"ANEMONE, RINGED",0,2769,1255.8,29
1996,173246,"COWFISH, HONEYCOMBED",0,2720,2752.9500000000003,46
1996,170424,BARRACUDAS,0,2587,1162,21
1996,097660,"LOBSTERS, SLIPPER",0,2536,9004,13
1996,052016,"CORALS, SOFT",0,2372,11031.75,148
1996,073236,"SNAIL, MUREX",0,2331,706.5,19
1996,167744,"GROUPER, MARBLED",1,2321,4716,35
1996,169632,"ANGELFISH, GRAY",1,2294,18935,261
1996,167691,"BASS, ROCK SEA",1,2283.3,2311.18,23
1996,172437,CERO,1,2210,1579.39,143
1996,169625,"BEAUTY, ROCK",0,2116,9225,152
1996,160189,"SHARK, TIGER",1,2098.8999999999987,697.54,17
1996,052794,"ANEMONE, RED BEADED",0,2088,753.85,29
1996,166155,"BREAM, RED",0,2032,1633.7,52
1996,169007,TRIPLETAIL,1,1993,1782.44,54
1996,166326,OPAH,0,1949,1545.25,9
1996,650251,"BARRACUDA, GREAT",1,1908,1492.5,39
1996,169086,PORKFISH,0,1848,3141,86
1996,006962,"PLANT, CAULERPA",0,1825,4138.34,46
1996,158309,"CUCUMBERS, OTHER SEA",0,1752,6480.85,45
1996,158323,"CUCUMBER, FLORIDA SEA",0,1705,2078.43,75
1996,006922,"PLANT, HALIMEDA",0,1691,1813.05,12
1996,169611,CHERUBFISH,0,1616,7712,40
1996,615846,"BURRFISH, STRIPED",0,1568,2762,82
1996,168913,WENCHMAN,1,1397.97,1896.5,7
1996,052266,"GORGONIAN, SEA BLADES",0,1384,3077.5,58
1996,168615,"JACK, BAR",1,1378,1059.3,22
1996,168613,"JACK, BLACK",0,1376,990,10
1996,169197,"PORGY, JOLTHEAD",1,1335.33,906.0500000000001,24
1996,168847,"SNAPPER, CUBERA",1,1328.81,1612,19
1996,169623,"ANGELFISH, QUEEN",1,1317,20524.25,313
1996,047782,"SPONGE, RED BALL",0,1310,3290.25,98
1996,158854,"TUNICATES, SEA SQUIRTS",0,1296,1869.75,50
1996,098483,"CRAB, YELLOWLINE ARROW",0,1248,1185.95,76
1996,079779,"OYSTER, ATLANTIC THORNY",0,1240,612.5,14
1996,047528,"SPONGES, DEMOSPONGIAE",0,1154,3112.25,125
1996,646513,HIGH-HAT,0,1143,2031.5,86
1996,172564,HARVESTFISHES,0,1091,596,8
1996,051774,"CASSIOPEA, JAMAICAN",0,1087,907.2,32
1996,157486,"STAR, BLACK BRITTLE",0,1054,1234.2,51
1996,168607,"JACK, YELLOW",0,1048,932.15,10
1996,170082,SUNSHINEFISH,0,1029,1006,9
1996,168852,"SNAPPER, BLACKFIN",1,1000.266789667896,2026.368634686346,25
1996,168544,"TILEFISH, GOLDFACE",1,943.48,870.4,14
1996,074182,"TULIP, TRUE",0,919,791,28
1996,168684,"MOONFISH, ATLANTIC",0,915,466.40000000000003,12
1996,168738,"RUNNER, RAINBOW",1,905,441,10
1996,072878,"SNAIL, MOON",0,896,431.7,16
1996,167196,SCULPINS,0,877,841,18
1996,157325,"STARS, BRITTLE",0,830,1257.25,35
1996,167706,"GROUPER, NASSAU",1,798.86,1162.65,3
1996,078255,"DORIS, FLORIDA REGAL",0,794,1807.5,57
1996,660512,"CRAB, FURCATE SPIDER",0,786,190.9,45
1996,052830,"ANEMONE, SUN",0,771,822,28
1996,166170,SQUIRRELFISHES,0,766,539.7,121
1996,170483,"HOGFISH, SPOTFIN",0,752,7069,43
1996,157958,"URCHIN, ROCK BORING",0,725,216.4,32
1996,169558,"BUTTERFLYFISH, FOUREYE",0,706,1320.5,96
1996,079611,SCALLOPS,0,706,1934.75,13
1996,170287,POMFRETS,0,702,393,11
1996,095600,"SHRIMP, MARINE",0,648,937.4,33
1996,157826,"URCHIN, SLATE PENCIL",0,636,369.3,29
1996,078022,"HARES, SEA",0,626,3334.75,26
1996,172738,"FLOUNDER, SOUTHERN",0,610,1085.7,19
1996,170086,"REEFFISH, PURPLE",0,579,579.4,11
1996,099074,"CRAB, NIMBLE SPRAY",0,564,486.75,13
1996,567533,"SLUG, LETTUCE",0,558,641.8000000000001,33
1996,167800,"BASS, LONGTAIL",0,539,650,18
1996,078156,NUDIBRANCHS,0,485,2953,37
1996,167793,"PERCH, SAND",0,459,413.15000000000003,12
1996,074222,"SNAIL, OLIVE",0,458,110.5,4
1996,166488,"SEAHORSE, LINED",0,450,1133.5,62
1996,168602,"POMPANO, AFRICAN",1,446.56521739130403,473.797826086957,17
1996,169633,"ANGELFISH, FRENCH",1,445,8578,135
1996,169314,JACKKNIFE-FISH,0,432,1546,31
1996,096424,"SHRIMP, SPOTTED CLEANER",0,408,266.9,23
1996,170080,"CHROMIS, BLUE",0,400,428.25,24
1996,098088,"CRAB, SPOTTED PORCELAIN",0,395,117.75,25
1996,068076,"POLYCHAETE, FEATHER-DUSTER",0,392,1672.4,32
1996,098485,"CRAB, FALSE ARROW",0,380,1404.2,42
1996,168204,FLAMEFISH,0,380,590.7,57
1996,170568,BLUEHEAD,0,373,539.75,33
1996,172254,"TANG, BLUE",1,370,1025.25,59
1996,636786,"GOBY,NEON",0,370,619.35,55
1996,006949,"PLANT, MERMAID'S SHAVING BRUSH",0,351,195.95000000000002,11
1996,168857,"SNAPPER, DOG",1,348.2372727272731,413.03363636363605,13
1996,157366,"STAR, BASKET",0,336,742.5,77
1996,172512,BARRELFISH,0,336,342.54,8
1996,079820,"FILECLAM, SPINY",0,325,79.9,17
1996,166794,"SCORPIONFISH, SPINYCHEEK",0,322,327,15
1996,099140,"SHRIMPS, MANTIS",0,315,386.75,9
1996,097298,"SHRIMP, BANDED CORAL",0,291,456.65000000000003,56
1996,615345,BEAUGREGORY,0,283,317,20
1996,082603,"OCTOPUS, COMMON",0,257,275,35
1996,171124,"BLENNY, OTHER",0,252,192.25,37
1996,170809,PARROTFISHES,0,245.26785714285703,462.257857142857,31
1996,167806,"HAMLET, BUTTER",0,242,587,70
1996,173183,"FILEFISH, PLANEHEAD",0,230,182,14
1996,170928,"JAWFISH, YELLOWHEAD",0,225,598.5,16
1996,170116,"DAMSELFISH, YELLOWTAIL",0,213,591.5,28
1996,170506,"WRASSE, YELLOWHEAD",0,195,199.75,14
1996,157518,"STAR, SCALY BRITTLE",0,186,615,25
1996,167860,"BASS, HARLEQUIN",0,179,323.5,26
1996,166972,SEAROBINS,0,150,589.5,22
1996,168899,"SNAPPER, BLACK",1,141.64000000000001,109.2,13
1996,173320,"PUFFER, SHARPNOSE",0,137,114.25,35
1996,171203,"BLENNY, REDLIP",0,134,221.5,6
1996,170484,"HOGFISH, SPANISH",1,127,511.75,49
1996,170496,"WRASSE, CREOLE",0,126,124.75,11
1996,168548,"TILEFISH, SAND",1,103.44,79.8,9
1996,170477,"WRASSE, OTHER",0,100,109,7
1996,161419,"EELS, SNAKE",0,98,120,17
1996,170815,"PARROTFISH, PRINCESS",1,93,420.5,16
1996,173392,BALLOONFISH,0,93,217,22
1996,096601,"SHRIMPS, PISTOL OR SNAPPING",0,83,191.45000000000002,31
1996,169562,"BUTTERFLYFISH, REEF",0,80,166,23
1996,169556,"BUTTERFLYFISH, SPOTFIN",0,73,228,28
1996,615416,"DAMSELFISH, BICOLOR",0,72,70.25,10
1996,614740,"PARROTFISH, STRIPED",1,72,271,20
1996,159977,"SHARK, NURSE",1,71,485,21
1996,172714,"FLOUNDERS, LEFTEYED",0,70,808.5,29
1996,172252,"SURGEON, OCEAN",0,68,56.25,15
1996,082607,"OCTOPUS, ATLANTIC PYGMY",0,66,485.5,21
1996,166862,"SCORPIONFISH, REEF",0,64,74,24
1996,172401,"TUNA, SKIPJACK",1,63.75,56.6,3
1996,203428,FILEFISHES,0,57,346.5,20
1996,161123,EELS,0,53,58.75,3
1996,168176,BIGEYES,0,49,917,3
1996,167858,"SANDFISH, BELTED",0,48,77.25,20
1996,052150,"CORAL, DEEPWATER",0,46,372,10
1996,173235,BOXFISHES,0,41,120,13
1996,169593,"BUTTERFLYFISH, LONGSNOUT",0,40,225,13
1996,164412,TOADFISHES,0,37,306.25,23
1996,169065,"GRUNT, FRENCH",0,33,35.25,3
1996,173139,"TRIGGERFISH, QUEEN",1,31,135.5,10
1996,171405,"BLENNY, SAILFIN",0,25,95.5,10
1996,161188,"MORAY, SPOTTED",0,24,84,7
1996,168850,SCHOOLMASTER,1,22.2,43,3
1996,072743,"COWRIE, ATLANTIC DEER",0,21,23.75,6
1996,170046,"MAJOR, SERGEANT",0,21,19.5,7
1996,171746,GOBIES,0,20,25.25,8
1996,169317,"DRUM, SPOTTED",0,19,116.5,10
1996,173158,"FILEFISH, ORANGESPOTTED",0,18,40,4
1996,169563,"BUTTERFLYFISH, BANDED",0,18,41.5,5
1996,170867,"PARROTFISH, STOPLIGHT",1,17,102.5,10
1996,173157,"FILEFISH, WHITESPOTTED",0,14,101,8
1996,168567,"REMORAS, OTHER",0,12,31.5,10
1996,621035,"STINGRAY, YELLOW",0,10,29.75,4
1996,622125,"SQUIRRELFISH, REEF",0,8,39,5
1996,161160,"EEL, MORAYS",0,6,42,4
1996,167740,"GROUPER, CONEY",1,5,20,4
1996,161237,"MORAY, GOLDENTAIL",0,4,46,4
1997,161731,MENHADENS,0,1370912906,71977745,158
1997,551570,"SHRIMP, NORTHERN BROWN",1,109729279.42,245862252.29,16274
1997,098696,"CRAB, BLUE",0,64100937.25,41510400.85,63156
1997,551680,"SHRIMP, NORTHERN WHITE",1,60055080,143907648.29,7389
1997,079872,"OYSTER, EASTERN",0,23971018.01,53577097.44,28449
1997,097306,"CRAYFISHES, FRESHWATER",0,22921686,12780922,347
1997,170335,"MULLET, STRIPED",0,17255792.4,12259246.19,34751
1997,914179,OSTEICHTHYES,0,13392883.4,1408812.67,1989
1997,095750,"SHRIMP, ATLANIC SEABOB",0,12666400,5591951,637
1997,551574,"SHRIMP, NORTHERN PINK",1,11518735,29498529.42,14916
1997,095647,"SHRIMP, ROUGHNECK",0,6413975,3150700,118
1997,169288,"DRUM, BLACK",0,5665023,4594512.62,1389
1997,167702,"GROUPER, RED",1,5504963.8,10020482.92,6461
1997,098810,"CRAB, STONE",0,5320305,17884691.21,65649
1997,172423,"TUNA, YELLOWFIN",1,5282062.75,13302080.59,623
1997,168853,"SNAPPER, RED",1,4813452.8,8417620.66,956
1997,169189,SHEEPSHEAD,0,3715115,1222483.71,8998
1997,161748,"HERRING, ATLANTIC THREAD",0,3566943,421817.91000000003,347
1997,163997,"CATFISH, BLUE",0,2805902,1435729,623
1997,097648,"LOBSTER, CARIBBEAN SPINY",1,2667952,10955733.33,11394
1997,159785,SHARKS,0,2360102,870020,212
1997,163998,"CATFISH, CHANNEL",0,2268433,1144017,564
1997,095599,"CRABS, SHRIMPS, LOBSTERS",0,2189165,4167308.55,2595
1997,168909,"SNAPPER, VERMILION",1,2131777.45,3788308.54,2946
1997,161111,LADYFISH,0,1892135.2000000002,854829.46,1509
1997,163954,"FISHES, BUFFALO",0,1853561,368982,283
1997,167759,"GROUPER, GAG",1,1645133.7000000002,3797193.19,6728
1997,095603,"SHRIMPS, BAIT",0,1300190.76,3571399.65,14021
1997,096027,"SHRIMPS, ROCK",0,1115218,1011645.5,492
1997,161702,"SHAD, AMERICAN",0,981460,120741.06,103
1997,172482,SWORDFISH,1,926706.67,2378532.59,533
1997,164029,"CATFISH, FLATHEAD",0,887258,430789,250
1997,161763,"SARDINE, SPANISH",0,887046,115721.49,202
1997,157187,"STARFISH, SPINY",0,854612,39136.4,147
1997,167699,"GROUPER, YELLOWEDGE",1,793314.68,1755327.63,895
1997,172435,"MACKEREL, KING",1,767884.12,959822.7000000001,2091
1997,168689,"AMBERJACK, GREATER",1,741481.7000000001,788955.4500000001,1930
1997,172568,"BUTTERFISH,GULF",0,658570,122280.26000000001,120
1997,161092,GARFISHES,0,637491,521076,491
1997,169239,"SEATROUT, SPOTTED",0,631146,701887.4400000001,1694
1997,168708,"POMPANO, FLORIDA",0,570607,1441920.52,4587
1997,159786,"SHARKS, SMALL COASTAL",0,563804.3,887742.89,1240
1997,096028,"SHRIMP, ROCK",1,549104.79,573689.4,726
1997,172436,"MACKEREL, SPANISH",1,540216,281781.17,1642
1997,172434,"MACKERELS, KING AND CERO",0,526379,528127,34
1997,160289,"SHARK, SANDBAR",1,482422.35000000003,215624.1,238
1997,172702,FLATFISHES,0,466719,772837,1059
1997,169364,"DRUM, FRESHWATER",0,452109,176061,252
1997,168609,"JACK, CREVALLE",1,436595,257259.36000000002,5542
1997,168725,"SCAD, ROUND",0,402109.31,350556.74,345
1997,081499,"CLAM, SOUTHERN QUAHOG",0,395915.62,4310784.41,5703
1997,169180,PORGIES,0,379491.61,347973.28,3355
1997,095601,"SHRIMPS, PENAEOID",0,379225.14,696933.59,1687
1997,169273,KINGFISHES,0,373149,148609.13,842
1997,172402,"TUNA, LITTLE TUNNY",1,372555,166993.14,272
1997,169055,GRUNTS,0,355629,287653.91000000003,3635
1997,167763,SCAMP,1,336869.96,784224.76,2829
1997,168546,"TILEFISH, GOLDEN",1,332017.84,367982,564
1997,095966,"SHRIMP, ROYAL RED",1,330513,712802.3,37
1997,168790,DOLPHINFISH,0,269310,245660,191
1997,168688,AMBERJACKS,0,266243,301155,172
1997,169809,TILAPIAS,0,265801,127384.23,969
1997,169013,MOJARRAS,0,237603,161023.03,7492
1997,620991,"CRAB, GOLDEN DEEPSEA",1,237406,179890.15,12
1997,196436,"SPONGE, GRASS",0,233134,249384.42,505
1997,161732,"MENHADEN, ATLANTIC",0,224340,70283.6,63
1997,168907,"SNAPPER, YELLOWTAIL",1,221889.69,415466.91000000003,1526
1997,168612,"RUNNER, BLUE",1,218591,105015.07,363
1997,168848,"SNAPPER, GRAY",1,214552.1,354601.08,4756
1997,167760,"GROUPER, BLACK",1,185781.80000000002,410442.82,1442
1997,160318,"SHARK, BLACKTIP",1,178651.44,66257.69,112
1997,168566,COBIA,1,177236.72,300956.85000000003,2014
1997,172451,WAHOO,1,166596.76,183928.9,658
1997,168543,"TILEFISH, BLUELINE",1,162936.56,139965.22,395
1997,169243,"SEATROUT, SAND",0,158944,91914.18000000001,956
1997,170336,"MULLET, WHITE",0,146804.2,83922.38,725
1997,168791,DOLPHIN,1,143833.2,161582.28,868
1997,163344,"CARP, COMMON",0,134484,13237,86
1997,172362,ESCOLAR,0,134478,115671.71,138
1997,161104,BOWFIN,0,128931,366474,35
1997,163892,SUCKERS,0,128068,39476,46
1997,167705,"GROUPER, SNOWY",1,124497.54000000001,238518.85,554
1997,051925,JELLYFISH,0,119273,17890.95,21
1997,168680,LOOKDOWN,0,114218,26915.66,37
1997,172413,"MACKEREL, ATLANTIC CHUB",0,113372,16.5,23
1997,158018,"DOLLARS, OTHER SAND",0,108627,28870.9,50
1997,167686,"BASSES, MIXED SEA",0,108214.26000000001,56099.93,1492
1997,170333,MULLETS,0,107441,80158,298
1997,196434,"SPONGE, YELLOW",0,105138,137780.13,312
1997,173128,TRIGGERFISHES,0,102531.24,110317.21,2873
1997,169267,SPOT,0,98825,34146.520000000004,1353
1997,165459,BALLYHOOS,0,98336.05,60412.01,327
1997,047614,HIPPOSPONGIA,0,92210,195312.32,508
1997,168559,BLUEFISH,0,90198,36454.76,1971
1997,172427,"TUNA, BLACKFIN",1,89851.25,53856.12,397
1997,156862,"STARS, OTHER SEA",0,88466,11948.1,81
1997,167704,"GROUPER, WARSAW",1,88456.22,153392.31,419
1997,168845,SNAPPERS,0,87428.36,129975.47,235
1997,168584,JACKS,0,82942,47359.55,1158
1997,167674,GROUPERS,0,80666.14,161244.6,267
1997,070088,"TURBAN, CHESTNUT",0,75809,15261.300000000001,113
1997,166493,"SEAHORSE, DWARF",0,74377,6234.5,26
1997,168861,"SNAPPER, SILK",1,72550.03,144194.22,445
1997,551771,ALLIGATOR,0,71555,72403,6
1997,172364,OILFISH,0,68965,63025.05,132
1997,172734,"FLOUNDERS, PARALICHTHYS",0,68692,129719.71,2674
1997,168849,"SNAPPER, MUTTON",1,66543.21,105813.99,696
1997,169283,"CROAKER, ATLANTIC",0,65411,176564.9,338
1997,168860,"SNAPPER, LANE",1,61789.17,74629.58,1290
1997,005414,"ALGAE, GREEN",0,60213,119356.45,136
1997,082590,OCTOPUSES,0,58942,55361.23,665
1997,074474,"SNAIL, TURBONELLA",0,55469,17060.6,93
1997,172736,"FLOUNDER, GULF",0,54499,99368.51000000001,2178
1997,082703,"CRAB, HORSESHOE",0,51575,7908.74,42
1997,173137,TRIGGERFISHES,0,51528,54312,122
1997,163996,"CATFISHES, FORKTAIL",0,48787,18848,53
1997,082369,"SQUIDS, LOLIGINIDAE",0,48657,29744,353
1997,167698,"HIND, SPECKLED",1,48285.64,88359.34,365
1997,167687,"BASS, BLACK SEA",1,45204.62,41887.41,399
1997,168691,"JACK, ALMACO",1,44992.44,43106.590000000004,271
1997,159851,"SHARKS, PELAGIC",0,44481.61,19430.05,77
1997,082367,SQUIDS,0,42786,13753.62,873
1997,168690,"AMBERJACK, LESSER",1,42466.68,46474.87,324
1997,159924,"SHARK, MAKO, SHORTFIN",1,41807.79,38352.35,182
1997,099084,"CRABS, FIDDLER",0,39250,15070,15
1997,098811,"CRAB, FLORIDA STONE",0,38095,139424,142
1997,172421,"TUNA, BLUEFIN",1,36942,130109.5,40
1997,052627,"ANEMONE, GIANT CARIBBEAN",0,36162,13943.7,111
1997,172385,"CUTLASSFISH, ATLANTIC",0,35846,27121,63
1997,168709,PERMIT,0,35752,42563.62,838
1997,169406,GOATFISHES,0,35082,5413.6,30
1997,098188,"HERMIT, THINSTRIPE",0,33814,15552.25,84
1997,163537,"CARP, GRASS",0,33513,6816,26
1997,069459,"SNAIL, OTHER",0,33386,9970.06,168
1997,172419,"TUNA, ALBACORE",1,33253.75,19205.25,41
1997,169207,"PORGY, RED",1,32769.78,28789.32,328
1997,097671,"LOBSTER, SPANISH",0,32390,104957.47,221
1997,169187,PINFISH,0,32116.46,173435,1780
1997,172428,"TUNA, BIGEYE",1,29946.5,97837.6,87
1997,173138,"TRIGGERFISH, GRAY",1,26695,16151,98
1997,168902,"SNAPPER, QUEEN",1,26518.54,48621.15,91
1997,169290,"DRUM, RED",1,25831,33351,97
1997,161700,HERRINGS,0,24045,17084,56
1997,170566,HOGFISH,1,23839.04,44736.8,496
1997,172409,"BONITO, ATLANTIC",0,21676,8641,7
1997,173433,FROGS,0,20746,51450,17
1997,046861,SPONGES,0,20126,29767.95,170
1997,169201,"PORGY, KNOBBED",1,18174.03,10634.79,294
1997,167744,"GROUPER, MARBLED",1,17924.86,33714,53
1997,163342,MINNOWS,0,17651,121174,228
1997,160304,"SHARK, BLACKNOSE",1,16468.72,7183.31,37
1997,164157,"CATFISHES, SEA",0,15698,7110.93,361
1997,044030,FORAMS,0,15555,11187,25
1997,164807,"EELS, CUSK",0,15219,16077.28,271
1997,160497,"SHARKS, HAMMERHEAD",0,14183.56,4236.86,25
1997,169539,"SPADEFISH, ATLANTIC",1,13802,6869.59,1164
1997,160268,"SHARK, DUSKY",1,12169.45,5470.1500000000005,29
1997,098477,"FILECLAM, ROUGH",0,11825,5640.8,69
1997,167764,"GROUPER, YELLOWFIN",1,11525.460000000001,21149.2,34
1997,173752,"TURTLES, SNAPPING",0,10449,7271,36
1997,166704,SCORPIONFISHES,0,8972,6637.05,173
1997,159916,"SHARK, THRESHER",1,8750.050000000001,4685.35,21
1997,168693,"RUDDERFISH, BANDED",1,8495.32,5951.37,184
1997,164729,"HAKES, RED AND WHITE",0,7723,6725,22
1997,052774,"ANEMONE, RINGED",0,7247,5243.9000000000005,56
1997,096893,"SHRIMP, PEPPERMINT",0,6915,2449.56,69
1997,168913,WENCHMAN,1,6488.4400000000005,1528,30
1997,164818,"BROTULA, BEARDED",0,6447,5401,87
1997,172418,TUNAS,0,6391,9999.19,23
1997,173283,PUFFERS,0,6150,3943.17,769
1997,566920,TURBINIDAE,0,5954,2512.6,41
1997,168615,"JACK, BAR",1,5650,4799.4000000000005,108
1997,169240,"SEATROUT, SILVER",0,5173,4722.9000000000005,207
1997,160275,"SHARK, BULL",1,4988.71,2111.65,16
1997,172513,"DRIFTFISH, BLACK",0,4624,6601,11
1997,168847,"SNAPPER, CUBERA",1,4462.33,6232.24,100
1997,052016,"CORALS, SOFT",0,4389,15990,109
1997,160433,"SHARK, LEMON",1,4345.07,2673.3,13
1997,052541,"ANEMONE, OTHER",0,4097,1198.45,33
1997,169626,"ANGELFISH, BLUE",0,3972,35067.38,241
1997,157821,"URCHINS, SEA",0,3968,20400.850000000002,25
1997,074187,"CONCH, HORSE",0,3900,3184.8,34
1997,079611,SCALLOPS,0,3891,4285,24
1997,157921,"URCHIN, GREEN SEA",0,3731,17002.2,49
1997,097863,"HERMIT, POLKADOTTED",0,3647,2419.85,35
1997,169196,"PORGY, GRASS",0,3597.51,1757.8700000000001,766
1997,172437,CERO,1,3472,2081.7,51
1997,097660,"LOBSTERS, SLIPPER",0,3438,11181,9
1997,167691,"BASS, ROCK SEA",1,3426.7200000000003,2698.88,35
1997,052794,"ANEMONE, RED BEADED",0,3343,1764.7,27
1997,083677,CRUSTACEANS,0,3341,2511.1,160
1997,006409,ULOTRICHALES,0,3296,13278.25,79
1997,098131,"CRABS, SAND",0,2769.78,4110.2,18
1997,170424,BARRACUDAS,0,2665,967,28
1997,168607,"JACK, YELLOW",0,2663,1620.5,45
1997,157520,"STAR, SERPENT BRITTLE",0,2595,3855.55,89
1997,006962,"PLANT, CAULERPA",0,2548,7376.75,55
1997,167700,"HIND, RED",1,2513.7400000000002,3912.98,143
1997,650251,"BARRACUDA, GREAT",1,2448,1721.5,52
1997,553178,SPADEFISH,0,2371,916,10
1997,158323,"CUCUMBER, FLORIDA SEA",0,2347,3054.8,81
1997,166326,OPAH,0,2137,2794.9,14
1997,167838,CREOLE-FISH,0,2111,2654,13
1997,172401,"TUNA, SKIPJACK",1,2086.5,1396.55,16
1997,051774,"CASSIOPEA, JAMAICAN",0,1857,2282.5,20
1997,172738,"FLOUNDER, SOUTHERN",0,1836,2213.1,384
1997,047782,"SPONGE, RED BALL",0,1755,4956,89
1997,167800,"BASS, LONGTAIL",0,1687,1938,23
1997,052266,"GORGONIAN, SEA BLADES",0,1670,3589.75,41
1997,167696,"HIND, ROCK",1,1434,2482.4500000000003,84
1997,168178,BIGEYE,0,1345,1561,32
1997,157486,"STAR, BLACK BRITTLE",0,1319,1154.3,37
1997,047528,"SPONGES, DEMOSPONGIAE",0,1305,2985.5,64
1997,098088,"CRAB, SPOTTED PORCELAIN",0,1244,1313.5,39
1997,169007,TRIPLETAIL,1,1204,1102.19,40
1997,169632,"ANGELFISH, GRAY",1,1203,10064.25,173
1997,167793,"PERCH, SAND",0,1184,994.6,12
1997,166170,SQUIRRELFISHES,0,1172,601.75,116
1997,615846,"BURRFISH, STRIPED",0,1160,2729.02,110
1997,168852,"SNAPPER, BLACKFIN",1,1124.57,1900.72,35
1997,168610,"JACK, HORSE-EYE",0,1091,383,9
1997,168544,"TILEFISH, GOLDFACE",1,1088,849,14
1997,052830,"ANEMONE, SUN",0,1076,1888,18
1997,158854,"TUNICATES, SEA SQUIRTS",0,1056,1635.75,46
1997,169086,PORKFISH,0,1027,1983.75,55
1997,166488,"SEAHORSE, LINED",0,1003,2202.37,154
1997,173246,"COWFISH, HONEYCOMBED",0,954,1068.6,41
1997,168738,"RUNNER, RAINBOW",1,947,554,19
1997,099140,"SHRIMPS, MANTIS",0,886,1069,11
1997,081496,"CLAM, NORTHERN QUAHOG",0,827.38,12032.08,45
1997,169625,"BEAUTY, ROCK",0,791,5689.35,64
1997,079118,CLAMS,0,767,3288,23
1997,173235,BOXFISHES,0,759,1054.7,56
1997,098483,"CRAB, YELLOWLINE ARROW",0,756,997.3000000000001,76
1997,646513,HIGH-HAT,0,755,1995.25,51
1997,169623,"ANGELFISH, QUEEN",1,735,16465.75,133
1997,168602,"POMPANO, AFRICAN",1,717,1298.75,20
1997,074075,"WHELK, LIGHTNING",0,695,2467.21,31
1997,160189,"SHARK, TIGER",1,681.1,278.40000000000003,6
1997,160946,STINGRAYS,0,678,2719,28
1997,078255,"DORIS, FLORIDA REGAL",0,647,1642,37
1997,068076,"POLYCHAETE, FEATHER-DUSTER",0,630,2101.1,23
1997,098485,"CRAB, FALSE ARROW",0,575,2943.5,46
1997,155469,"BRYOZOA, ECTOPROCTA",0,518,3290,39
1997,173139,"TRIGGERFISH, QUEEN",1,514,794,10
1997,157325,"STARS, BRITTLE",0,472,979.9,24
1997,157826,"URCHIN, SLATE PENCIL",0,470,286.2,27
1997,169611,CHERUBFISH,0,464,2947.5,14
1997,157366,"STAR, BASKET",0,453,1218.7,57
1997,006949,"PLANT, MERMAID'S SHAVING BRUSH",0,445,223,7
1997,158309,"CUCUMBERS, OTHER SEA",0,420,3015,24
1997,078022,"HARES, SEA",0,404,3306.5,28
1997,161324,"EELS, CONGER",0,401,514.3,39
1997,168899,"SNAPPER, BLACK",1,400.71000000000004,505.75,10
1997,168857,"SNAPPER, DOG",1,382.95,462.65000000000003,9
1997,157958,"URCHIN, ROCK BORING",0,380,290.40000000000003,20
1997,169314,JACKKNIFE-FISH,0,375,1324,15
1997,096601,"SHRIMPS, PISTOL OR SNAPPING",0,323,399.35,31
1997,006922,"PLANT, HALIMEDA",0,323,434,11
1997,168613,"JACK, BLACK",0,321,176,5
1997,203428,FILEFISHES,0,314,1203.6000000000001,50
1997,160806,RAYS,0,301,413.18,16
1997,169558,"BUTTERFLYFISH, FOUREYE",0,295,1314.75,44
1997,172714,"FLOUNDERS, LEFTEYED",0,270,2497.9,62
1997,095600,"SHRIMP, MARINE",0,261,896.6,29
1997,097298,"SHRIMP, BANDED CORAL",0,261,442.45,56
1997,166454,"PIPEFISH, SARGASSUM",0,260,289.90000000000003,18
1997,660512,"CRAB, FURCATE SPIDER",0,249,103.3,31
1997,074182,"TULIP, TRUE",0,247,699.6,29
1997,078156,NUDIBRANCHS,0,228,1204.2,34
1997,051483,JELLYFISH,0,226,3360.4,28
1997,169633,"ANGELFISH, FRENCH",1,226,5250.5,75
1997,172254,"TANG, BLUE",1,223,1052.7,33
1997,166155,"BREAM, RED",0,217,136.35,12
1997,615345,BEAUGREGORY,0,203,188,21
1997,167196,SCULPINS,0,202,206,12
1997,166794,"SCORPIONFISH, SPINYCHEEK",0,197,195,15
1997,169562,"BUTTERFLYFISH, REEF",0,196,1753.55,19
1997,096424,"SHRIMP, SPOTTED CLEANER",0,190,238.71,17
1997,173183,"FILEFISH, PLANEHEAD",0,181,199,10
1997,082603,"OCTOPUS, COMMON",0,175,449.90000000000003,28
1997,170568,BLUEHEAD,0,169,414.5,13
1997,052150,"CORAL, DEEPWATER",0,150,618.5,19
1997,172512,BARRELFISH,0,149,153.5,3
1997,166487,SEAHORSES,0,147,306,12
1997,161189,"MORAY, BLACKEDGE",0,142,188.05,30
1997,164412,TOADFISHES,0,141,489.36,58
1997,161123,EELS,0,140,151,5
1997,073236,"SNAIL, MUREX",0,138,570.5,14
1997,170484,"HOGFISH, SPANISH",1,136,1069.5,27
1997,166972,SEAROBINS,0,135,1113.7,54
1997,161419,"EELS, SNAKE",0,126,165,15
1997,168204,FLAMEFISH,0,123,181.25,22
1997,157518,"STAR, SCALY BRITTLE",0,118,306,7
1997,171124,"BLENNY, OTHER",0,117,358,26
1997,173320,"PUFFER, SHARPNOSE",0,107,793.4,16
1997,164524,"FROGFISH, OCELLATED",0,106,1409,6
1997,170483,"HOGFISH, SPOTFIN",0,103,1169.5,24
1997,173297,"PUFFER, SOUTHERN",0,103,803.2,28
1997,170503,"DICK, SLIPPERY",0,101,198.8,6
1997,170928,"JAWFISH, YELLOWHEAD",0,96,220,9
1997,170116,"DAMSELFISH, YELLOWTAIL",0,94,259.5,10
1997,167860,"BASS, HARLEQUIN",0,91,147.5,9
1997,167806,"HAMLET, BUTTER",0,87,395.5,19
1997,170506,"WRASSE, YELLOWHEAD",0,84,439.8,9
1997,164593,"BATFISH, OTHER",0,81,225.8,39
1997,170809,PARROTFISHES,0,79,632.78,11
1997,181220,GRAYSBY,1,77.88,155.45000000000002,5
1997,170080,"CHROMIS, BLUE",0,77,160.8,10
1997,171746,GOBIES,0,76,97.5,6
1997,173157,"FILEFISH, WHITESPOTTED",0,75,82.9,7
1997,167859,TOBACCOFISH,0,70,592,5
1997,636786,"GOBY,NEON",0,69,104.5,8
1997,169556,"BUTTERFLYFISH, SPOTFIN",0,67,254.75,20
1997,082607,"OCTOPUS, ATLANTIC PYGMY",0,54,1140.5,12
1997,170932,"JAWFISH, DUSKY",0,49,110.5,7
1997,160502,"SHARK, BONNETHEAD",1,45.87,21.8,3
1997,169197,"PORGY, JOLTHEAD",1,44.4,28.7,3
1997,164457,CLINGFISHES,0,42,112,6
1997,159977,"SHARK, NURSE",1,42,566,18
1997,173392,BALLOONFISH,0,41,75,9
1997,160845,SKATES,0,39,560,7
1997,170046,"MAJOR, SERGEANT",0,30,32,8
1997,166862,"SCORPIONFISH, REEF",0,29,39.2,15
1997,170477,"WRASSE, OTHER",0,29,70.9,5
1997,167858,"SANDFISH, BELTED",0,26,83.5,11
1997,614740,"PARROTFISH, STRIPED",1,25,111.5,8
1997,170811,"PARROTFISH, BLUE",1,24,276,3
1997,171405,"BLENNY, SAILFIN",0,22,54,4
1997,072767,"COWRIE, MEASLED",0,22,61.5,3
1997,170815,"PARROTFISH, PRINCESS",1,22,108.5,9
1997,172252,"SURGEON, OCEAN",0,19,15.75,11
1997,622109,"SQUIRRELFISH, DEEPWATER",0,18,85,5
1997,161160,"EEL, MORAYS",0,13,30.5,5
1997,615485,"DAMSELFISH, THREESPOT",0,13,16.7,10
1997,622125,"SQUIRRELFISH, REEF",0,12,117,6
1997,161186,"MORAY, GREEN",0,10,178.8,7
1997,621035,"STINGRAY, YELLOW",0,8,32,5
1997,079820,"FILECLAM, SPINY",0,7,9,3
1997,169563,"BUTTERFLYFISH, BANDED",0,6,21.75,4
1997,167740,"GROUPER, CONEY",1,5,18.5,5
1997,161237,"MORAY, GOLDENTAIL",0,4,43.5,4
1998,161731,MENHADENS,0,1092621574,56644470,146
1998,551570,"SHRIMP, NORTHERN BROWN",1,129946874.12,222977918.89,13157
1998,551680,"SHRIMP, NORTHERN WHITE",1,84507001.36,181749087.63,6473
1998,098696,"CRAB, BLUE",0,67578645.5,45710082.02,62372
1998,097306,"CRAYFISHES, FRESHWATER",0,21977772,14392480,425
1998,079872,"OYSTER, EASTERN",0,20559523.06,46460412.32,26661
1998,170335,"MULLET, STRIPED",0,15577220.4,8185329,31249
1998,551574,"SHRIMP, NORTHERN PINK",1,14248937.4,32413431.54,13555
1998,914179,OSTEICHTHYES,0,10267609.2,1060972.67,1449
1998,095750,"SHRIMP, ATLANIC SEABOB",0,8293917,3315230,578
1998,098810,"CRAB, STONE",0,5862244,19045307.07,63267
1998,168853,"SNAPPER, RED",1,4689314,9790619.31,1178
1998,169288,"DRUM, BLACK",0,4555144,4347660.04,1410
1998,167702,"GROUPER, RED",1,4369038.8,8136192.77,6313
1998,096027,"SHRIMPS, ROCK",0,4365273,6005319.25,582
1998,095647,"SHRIMP, ROUGHNECK",0,4268943,2016414,91
1998,172423,"TUNA, YELLOWFIN",1,3768325,9218470.77,713
1998,159785,SHARKS,0,2878692,932597,193
1998,169189,SHEEPSHEAD,0,2864606,947437.22,9054
1998,161748,"HERRING, ATLANTIC THREAD",0,2699323,257807.96,226
1998,096028,"SHRIMP, ROCK",1,2687581.71,3602682.4699999997,1135
1998,167759,"GROUPER, GAG",1,2650046.24,6158268.93,7350
1998,163998,"CATFISH, CHANNEL",0,2578433,1346112,685
1998,163997,"CATFISH, BLUE",0,2320846,1474200,720
1998,079734,"SCALLOP, ATLANTIC CALICO",0,2196390,1737671.9500000002,446
1998,097648,"LOBSTER, CARIBBEAN SPINY",1,2168202,8089687.37,10119
1998,161111,LADYFISH,0,2138581.8,788174.46,857
1998,095599,"CRABS, SHRIMPS, LOBSTERS",0,1934767,3896295.45,2639
1998,161702,"SHAD, AMERICAN",0,1869568,255488.05000000002,61
1998,168909,"SNAPPER, VERMILION",1,1732111.8900000001,3268510.3,2381
1998,163954,"FISHES, BUFFALO",0,1701526,365054,392
1998,095603,"SHRIMPS, BAIT",0,1529144.1800000002,3848366.46,13843
1998,172568,"BUTTERFISH,GULF",0,1239505,368205.02,132
1998,168725,"SCAD, ROUND",0,1004331.44,542950.45,258
1998,172482,SWORDFISH,1,965668.74,2020800.28,477
1998,164029,"CATFISH, FLATHEAD",0,883313,445506,337
1998,172434,"MACKERELS, KING AND CERO",0,846494,854442,43
1998,161763,"SARDINE, SPANISH",0,800664,124214.05,94
1998,051925,JELLYFISH,0,748524,74852.40000000001,25
1998,172435,"MACKEREL, KING",1,746349.64,813923.4500000001,1414
1998,167699,"GROUPER, YELLOWEDGE",1,687591.08,1587618.12,889
1998,168609,"JACK, CREVALLE",1,658364,337383.02,6526
1998,161092,GARFISHES,0,632896,529404,456
1998,168708,"POMPANO, FLORIDA",0,581541,1482063.18,6478
1998,172702,FLATFISHES,0,559255,933751,1129
1998,081499,"CLAM, SOUTHERN QUAHOG",0,548097.88,5041710.86,8637
1998,158019,"DOLLARS, KEYHOLE SAND",0,540700,33495.25,53
1998,168689,"AMBERJACK, GREATER",1,501733.19,559867.33,1386
1998,169364,"DRUM, FRESHWATER",0,469321,91178,315
1998,172436,"MACKEREL, SPANISH",1,460591,277662.35,1991
1998,159786,"SHARKS, SMALL COASTAL",0,430150.46,568077.26,1041
1998,157187,"STARFISH, SPINY",0,425839,11484.2,107
1998,169055,GRUNTS,0,414298,313149.51,4365
1998,160289,"SHARK, SANDBAR",1,412336.02,154152.37,220
1998,168612,"RUNNER, BLUE",1,358977,175230.06,361
1998,168907,"SNAPPER, YELLOWTAIL",1,344535.02,617767.42,1467
1998,165459,BALLYHOOS,0,327160.97000000003,200517.31,633
1998,169180,PORGIES,0,311809.21,297026.92,3081
1998,168546,"TILEFISH, GOLDEN",1,297455.72000000003,356568,457
1998,169809,TILAPIAS,0,279680,129123.57,796
1998,095966,"SHRIMP, ROYAL RED",1,274961,591643,15
1998,167760,"GROUPER, BLACK",1,252964.52000000002,562177.7000000001,1291
1998,167763,SCAMP,1,249524.82,579975.26,2666
1998,169273,KINGFISHES,0,241266,109309.64,1130
1998,169013,MOJARRAS,0,237334,163178.36000000002,6936
1998,160318,"SHARK, BLACKTIP",1,234169.15,65813.77,109
1998,172402,"TUNA, LITTLE TUNNY",1,233567,62661.47,227
1998,169239,"SEATROUT, SPOTTED",0,194719,354401.78,1740
1998,168848,"SNAPPER, GRAY",1,185034.4,314957.75,4399
1998,196434,"SPONGE, YELLOW",0,177857,262853.23,832
1998,168566,COBIA,1,177062.36000000002,313767.12,2033
1998,170336,"MULLET, WHITE",0,165637.80000000002,82857.79000000001,574
1998,172451,WAHOO,1,162910.48,181287.86000000002,462
1998,158018,"DOLLARS, OTHER SAND",0,161116,20071.9,45
1998,082367,SQUIDS,0,145755,37221.200000000004,891
1998,095601,"SHRIMPS, PENAEOID",0,142092.81,326262.19,708
1998,163892,SUCKERS,0,136290,39042,46
1998,196436,"SPONGE, GRASS",0,135106,126192.71,411
1998,566920,TURBINIDAE,0,134443,24087.7,71
1998,172362,ESCOLAR,0,129702,115766.38,148
1998,098188,"HERMIT, THINSTRIPE",0,125309,14924.300000000001,114
1998,168688,AMBERJACKS,0,125063,146653,130
1998,169267,SPOT,0,124379,39487.35,1106
1998,168680,LOOKDOWN,0,121640,47725.55,88
1998,167674,GROUPERS,0,118027.32,250163.95,286
1998,169243,"SEATROUT, SAND",0,116225,72629.73,761
1998,163344,"CARP, COMMON",0,113177,9177,106
1998,169283,"CROAKER, ATLANTIC",0,112886,232776.69,458
1998,047614,HIPPOSPONGIA,0,111626,239353.88,781
1998,168543,"TILEFISH, BLUELINE",1,109842.8,91670.79000000001,398
1998,173128,TRIGGERFISHES,0,106255.64,109822.61,3223
1998,070088,"TURBAN, CHESTNUT",0,106049,20917.63,118
1998,163996,"CATFISHES, FORKTAIL",0,102462,40010,64
1998,074474,"SNAIL, TURBONELLA",0,100709,23382.25,179
1998,168709,PERMIT,0,95972,120500.40000000001,1025
1998,167705,"GROUPER, SNOWY",1,95197.48,183682.52,578
1998,099084,"CRABS, FIDDLER",0,94230,3399,35
1998,159924,"SHARK, MAKO, SHORTFIN",1,91778.35,45936.65,130
1998,167686,"BASSES, MIXED SEA",0,90773.86,47103.58,1839
1998,167704,"GROUPER, WARSAW",1,90348.6,161599,538
1998,172413,"MACKEREL, ATLANTIC CHUB",0,90319,1510.5,39
1998,170333,MULLETS,0,86190,56468,311
1998,005414,"ALGAE, GREEN",0,79173,139419.75,172
1998,168584,JACKS,0,74088,36090.11,1341
1998,168790,DOLPHINFISH,0,73359,76871,155
1998,168849,"SNAPPER, MUTTON",1,73177.09,121775.17,684
1998,082369,"SQUIDS, LOLIGINIDAE",0,69400,37456,382
1998,172427,"TUNA, BLACKFIN",1,67807.75,38695.8,297
1998,169207,"PORGY, RED",1,66819.95,64056.950000000004,387
1998,156862,"STARS, OTHER SEA",0,55743,7892.5,102
1998,168861,"SNAPPER, SILK",1,55229.520000000004,109311.82,437
1998,172734,"FLOUNDERS, PARALICHTHYS",0,55004,111403.27,2477
1998,168559,BLUEFISH,0,54911,21706.4,2039
1998,098191,"HERMIT, TRICOLOR",0,51776,4274.8,22
1998,172364,OILFISH,0,49308,49196.65,91
1998,161732,"MENHADEN, ATLANTIC",0,48607,20161.9,29
1998,168845,SNAPPERS,0,45296.01,86839.35,147
1998,161104,BOWFIN,0,43241,123493,30
1998,167698,"HIND, SPECKLED",1,39402.04,69178.65,448
1998,173137,TRIGGERFISHES,0,39322,40740,115
1998,046861,SPONGES,0,38735,35558.090000000004,421
1998,172736,"FLOUNDER, GULF",0,36336,60357.32,1548
1998,169290,"DRUM, RED",1,35567,56848,148
1998,044030,FORAMS,0,35034,25537.75,53
1998,168691,"JACK, ALMACO",1,32003.510000000002,31808.05,261
1998,168860,"SNAPPER, LANE",1,31471.81,41990.04,799
1998,173138,"TRIGGERFISH, GRAY",1,31095,22762,100
1998,163342,MINNOWS,0,30996,156478,248
1998,168791,DOLPHIN,1,30774,43263.1,531
1998,167687,"BASS, BLACK SEA",1,30525.420000000002,24643.21,349
1998,169187,PINFISH,0,29974.03,150638.42,1361
1998,172421,"TUNA, BLUEFIN",1,29708.5,121114.8,44
1998,163537,"CARP, GRASS",0,28740,5450,36
1998,098811,"CRAB, FLORIDA STONE",0,26265,106911,137
1998,169406,GOATFISHES,0,26201,7730.14,58
1998,168690,"AMBERJACK, LESSER",1,26051.08,27087.87,317
1998,069459,"SNAIL, OTHER",0,25751,10843.91,186
1998,160806,RAYS,0,24772,3006.4900000000002,41
1998,168902,"SNAPPER, QUEEN",1,24649.24,47408.85,120
1998,553178,SPADEFISH,0,23301,9462,13
1998,172428,"TUNA, BIGEYE",1,23098.75,77787.89,82
1998,082590,OCTOPUSES,0,22045,21679.69,476
1998,169201,"PORGY, KNOBBED",1,19394.87,12196.16,311
1998,161700,HERRINGS,0,19040,12858,57
1998,172385,"CUTLASSFISH, ATLANTIC",0,18323,14160,51
1998,202423,ANIMALIA,0,16637,34800.5,185
1998,170566,HOGFISH,1,16188.58,28354.81,435
1998,098477,"FILECLAM, ROUGH",0,15692,7826.75,60
1998,159851,"SHARKS, PELAGIC",0,14155.37,5460.99,52
1998,172418,TUNAS,0,14108,27664.3,13
1998,082703,"CRAB, HORSESHOE",0,13375,6538.35,114
1998,167744,"GROUPER, MARBLED",1,13368.880000000001,24769,43
1998,164807,"EELS, CUSK",0,13304,14869.970000000001,229
1998,096893,"SHRIMP, PEPPERMINT",0,12644,3353.15,92
1998,173752,"TURTLES, SNAPPING",0,12406,6615,30
1998,160433,"SHARK, LEMON",1,12402.83,4153.28,12
1998,173433,FROGS,0,12322,28142,35
1998,173283,PUFFERS,0,11725,5195.52,1169
1998,166704,SCORPIONFISHES,0,11606,9274.050000000001,226
1998,164818,"BROTULA, BEARDED",0,11548,10091,84
1998,052627,"ANEMONE, GIANT CARIBBEAN",0,11484,4789.8,88
1998,160497,"SHARKS, HAMMERHEAD",0,11309.04,2346.63,23
1998,164157,"CATFISHES, SEA",0,10387,3649.9,152
1998,169240,"SEATROUT, SILVER",0,9504,9273.12,237
1998,097671,"LOBSTER, SPANISH",0,9332,30467.4,176
1998,169539,"SPADEFISH, ATLANTIC",1,9315,4020.83,827
1998,069794,"SNAIL, TOPSNAIL",0,8465,1212.5,22
1998,168693,"RUDDERFISH, BANDED",1,8145.04,6733.1,164
1998,073236,"SNAIL, MUREX",0,8039,1124.25,15
1998,169626,"ANGELFISH, BLUE",0,7822,58943.5,217
1998,166493,"SEAHORSE, DWARF",0,7303,802.25,27
1998,160268,"SHARK, DUSKY",1,6185.5,2528.3,12
1998,157821,"URCHINS, SEA",0,6114,20770.7,116
1998,172419,"TUNA, ALBACORE",1,5939.25,3241,23
1998,160304,"SHARK, BLACKNOSE",1,5876.92,2156.29,29
1998,169632,"ANGELFISH, GRAY",1,4520,30098.3,161
1998,157921,"URCHIN, GREEN SEA",0,4512,17871.2,67
1998,173235,BOXFISHES,0,4084,1843.65,174
1998,615846,"BURRFISH, STRIPED",0,4054,3990.34,192
1998,167838,CREOLE-FISH,0,3484,4383,19
1998,052016,"CORALS, SOFT",0,3233,9994,182
1998,172738,"FLOUNDER, SOUTHERN",0,3177,3190.7000000000003,518
1998,167696,"HIND, ROCK",1,3123.7000000000003,5442.45,53
1998,170424,BARRACUDAS,0,2922,1431,16
1998,052266,"GORGONIAN, SEA BLADES",0,2799,5051,81
1998,158854,"TUNICATES, SEA SQUIRTS",0,2774,4689,107
1998,168615,"JACK, BAR",1,2743,2458.41,58
1998,006962,"PLANT, CAULERPA",0,2672,3023.7000000000003,62
1998,047782,"SPONGE, RED BALL",0,2664,4538.35,152
1998,157520,"STAR, SERPENT BRITTLE",0,2520,4362.85,94
1998,168852,"SNAPPER, BLACKFIN",1,2518.3,4636.85,35
1998,051774,"CASSIOPEA, JAMAICAN",0,2294,1006.5,30
1998,006409,ULOTRICHALES,0,2277,9880.25,79
1998,157958,"URCHIN, ROCK BORING",0,2277,1075.2,41
1998,173246,"COWFISH, HONEYCOMBED",0,2161,1752.3,90
1998,047528,"SPONGES, DEMOSPONGIAE",0,2120,3823.25,122
1998,169197,"PORGY, JOLTHEAD",1,2112.33,987.5,68
1998,052794,"ANEMONE, RED BEADED",0,2107,1214.65,36
1998,646513,HIGH-HAT,0,2107,3032,105
1998,164729,"HAKES, RED AND WHITE",0,2068,1792,12
1998,052541,"ANEMONE, OTHER",0,1793,1021.75,41
1998,158323,"CUCUMBER, FLORIDA SEA",0,1765,969.75,101
1998,160200,"SHARK, ATLANTIC SHARPNOSE",1,1751.4,614.27,9
1998,079118,CLAMS,0,1744,7463,47
1998,203428,FILEFISHES,0,1721,1424.55,90
1998,098485,"CRAB, FALSE ARROW",0,1699,2623.3,86
1998,168847,"SNAPPER, CUBERA",1,1667.98,2228.5,45
1998,097863,"HERMIT, POLKADOTTED",0,1632,684.9,22
1998,168607,"JACK, YELLOW",0,1625,1101.75,17
1998,169623,"ANGELFISH, QUEEN",1,1594,20236,79
1998,169086,PORKFISH,0,1578,3923.35,61
1998,160189,"SHARK, TIGER",1,1545.3600000000001,258.9,4
1998,097660,"LOBSTERS, SLIPPER",0,1530,4521,6
1998,074187,"CONCH, HORSE",0,1493,1170.9,21
1998,078156,NUDIBRANCHS,0,1484,2497.1,43
1998,099140,"SHRIMPS, MANTIS",0,1473,1349,21
1998,170080,"CHROMIS, BLUE",0,1472,1679.5,19
1998,157826,"URCHIN, SLATE PENCIL",0,1466,1280.55,46
1998,095600,"SHRIMP, MARINE",0,1464,3268.65,68
1998,159916,"SHARK, THRESHER",1,1452.55,539.85,5
1998,064358,"WORM, MARINE",0,1433,8230.25,49
1998,167700,"HIND, RED",1,1362.78,2397.4,112
1998,155469,"BRYOZOA, ECTOPROCTA",0,1316,5349,106
1998,172437,CERO,1,1289,895.3100000000001,39
1998,169007,TRIPLETAIL,1,1233,1179.25,60
1998,168544,"TILEFISH, GOLDFACE",1,1230.24,1443.5,13
1998,158309,"CUCUMBERS, OTHER SEA",0,1230,5521.3,60
1998,170086,"REEFFISH, PURPLE",0,1223,1377.5,11
1998,098483,"CRAB, YELLOWLINE ARROW",0,1165,961.15,82
1998,160275,"SHARK, BULL",1,1149.53,430.3,6
1998,166787,"ROSEFISH, BLACKBELLY",0,1146,1282.16,13
1998,167764,"GROUPER, YELLOWFIN",1,1136.68,2138,23
1998,168738,"RUNNER, RAINBOW",1,996,599,14
1998,157486,"STAR, BLACK BRITTLE",0,965,634.65,43
1998,166326,OPAH,0,952,979.0500000000001,10
1998,161189,"MORAY, BLACKEDGE",0,914,897.25,67
1998,171124,"BLENNY, OTHER",0,912,1170.7,79
1998,168178,BIGEYE,0,908,933,27
1998,161324,"EELS, CONGER",0,907,1248.6200000000001,52
1998,098131,"CRABS, SAND",0,861.63,6470.54,33
1998,157906,"URCHIN, PURPLE-SPINED SEA",0,846,484.40000000000003,20
1998,068076,"POLYCHAETE, FEATHER-DUSTER",0,838,2301.2000000000003,34
1998,650251,"BARRACUDA, GREAT",1,817,447.15000000000003,26
1998,161061,"FISHES, RAY-FINNED",0,808,2781.5,56
1998,079820,"FILECLAM, SPINY",0,800,196.5,24
1998,078255,"DORIS, FLORIDA REGAL",0,796,1400,50
1998,567533,"SLUG, LETTUCE",0,762,300.90000000000003,27
1998,052150,"CORAL, DEEPWATER",0,755,1302.3500000000001,45
1998,169314,JACKKNIFE-FISH,0,754,3146.25,23
1998,168857,"SNAPPER, DOG",1,750.36,939,13
1998,166170,SQUIRRELFISHES,0,736,567.0500000000001,70
1998,172714,"FLOUNDERS, LEFTEYED",0,727,2474.3,154
1998,167691,"BASS, ROCK SEA",1,703.28,575.85,13
1998,157325,"STARS, BRITTLE",0,661,1278.3500000000001,28
1998,096601,"SHRIMPS, PISTOL OR SNAPPING",0,654,370.7,61
1998,166972,SEAROBINS,0,630,1686.5,128
1998,173183,"FILEFISH, PLANEHEAD",0,589,324.1,37
1998,166454,"PIPEFISH, SARGASSUM",0,581,403.95,55
1998,052830,"ANEMONE, SUN",0,559,680.75,21
1998,167800,"BASS, LONGTAIL",0,538,591,17
1998,166488,"SEAHORSE, LINED",0,533,1441.75,105
1998,079611,SCALLOPS,0,510,1645.64,38
1998,006949,"PLANT, MERMAID'S SHAVING BRUSH",0,509,176.45000000000002,17
1998,164412,TOADFISHES,0,492,849.7,102
1998,169241,WEAKFISH,0,478,462.35,46
1998,169625,"BEAUTY, ROCK",0,461,3335,33
1998,157366,"STAR, BASKET",0,420,755.2,70
1998,098088,"CRAB, SPOTTED PORCELAIN",0,393,375,14
1998,172401,"TUNA, SKIPJACK",1,342.5,224.4,7
1998,161160,"EEL, MORAYS",0,319,207.28,60
1998,169558,"BUTTERFLYFISH, FOUREYE",0,309,625,46
1998,098519,"CRABS, CORAL SPIDER",0,304,149.6,5
1998,157518,"STAR, SCALY BRITTLE",0,303,420,18
1998,166794,"SCORPIONFISH, SPINYCHEEK",0,286,286,12
1998,161123,EELS,0,281,458,12
1998,172512,BARRELFISH,0,276,288.2,4
1998,006922,"PLANT, HALIMEDA",0,273,325.40000000000003,18
1998,052774,"ANEMONE, RINGED",0,269,141.70000000000002,10
1998,170496,"WRASSE, CREOLE",0,268,277.85,10
1998,170287,POMFRETS,0,264,315.40000000000003,9
1998,051483,JELLYFISH,0,246,2703.5,22
1998,172254,"TANG, BLUE",1,218,699.24,44
1998,660512,"CRAB, FURCATE SPIDER",0,215,103.2,34
1998,167806,"HAMLET, BUTTER",0,215,462.75,20
1998,168176,BIGEYES,0,209,156.5,4
1998,615345,BEAUGREGORY,0,206,191.8,24
1998,164593,"BATFISH, OTHER",0,190,467.75,69
1998,097298,"SHRIMP, BANDED CORAL",0,190,243.70000000000002,24
1998,082603,"OCTOPUS, COMMON",0,184,571.85,48
1998,168602,"POMPANO, AFRICAN",1,184,299.40000000000003,9
1998,162376,"LIZARDFISH, INSHORE",0,166,435.3,21
1998,170311,"POMFRET, BIGSCALE",0,161,179.82,3
1998,170483,"HOGFISH, SPOTFIN",0,161,1692.5,15
1998,173392,BALLOONFISH,0,156,224.6,45
1998,173297,"PUFFER, SOUTHERN",0,150,493.75,27
1998,096424,"SHRIMP, SPOTTED CLEANER",0,149,277.65000000000003,15
1998,170503,"DICK, SLIPPERY",0,144,110.3,12
1998,622125,"SQUIRRELFISH, REEF",0,140,70.15,9
1998,173320,"PUFFER, SHARPNOSE",0,139,85.65,18
1998,074182,"TULIP, TRUE",0,132,494.75,33
1998,169633,"ANGELFISH, FRENCH",1,124,2351,38
1998,167690,"BASS, BANK SEA",1,115.46000000000001,76.5,6
1998,166862,"SCORPIONFISH, REEF",0,106,44.99,28
1998,172253,DOCTORFISH,1,104,172,12
1998,159977,"SHARK, NURSE",1,96,953,34
1998,172252,"SURGEON, OCEAN",0,94,90.25,23
1998,170046,"MAJOR, SERGEANT",0,80,64.5,10
1998,170815,"PARROTFISH, PRINCESS",1,80,541,4
1998,170925,"JAWFISHES, SPOTFIN",0,74,42.95,12
1998,168567,"REMORAS, OTHER",0,69,76.5,11
1998,170568,BLUEHEAD,0,68,106.60000000000001,10
1998,636786,"GOBY,NEON",0,67,64.65,12
1998,160946,STINGRAYS,0,65,971.5,33
1998,170809,PARROTFISHES,0,62,73.95,21
1998,169556,"BUTTERFLYFISH, SPOTFIN",0,49,94,13
1998,168204,FLAMEFISH,0,49,55,14
1998,170484,"HOGFISH, SPANISH",1,48,72.25,19
1998,167858,"SANDFISH, BELTED",0,46,110.5,16
1998,164457,CLINGFISHES,0,44,44,6
1998,169611,CHERUBFISH,0,44,240,3
1998,164524,"FROGFISH, OCELLATED",0,41,604.5,6
1998,082607,"OCTOPUS, ATLANTIC PYGMY",0,40,88.5,16
1998,614740,"PARROTFISH, STRIPED",1,34,117.5,9
1998,166487,SEAHORSES,0,33,23.5,12
1998,181220,GRAYSBY,1,32.86,57.45,3
1998,072743,"COWRIE, ATLANTIC DEER",0,32,23,11
1998,167798,"FLAG, SPANISH",0,30,19,6
1998,170116,"DAMSELFISH, YELLOWTAIL",0,30,59.25,5
1998,161419,"EELS, SNAKE",0,24,57,8
1998,621035,"STINGRAY, YELLOW",0,24,330,4
1998,173158,"FILEFISH, ORANGESPOTTED",0,20,12.5,5
1998,161188,"MORAY, SPOTTED",0,19,85,11
1998,169562,"BUTTERFLYFISH, REEF",0,17,38.6,9
1998,072767,"COWRIE, MEASLED",0,16,19.25,4
1998,168548,"TILEFISH, SAND",1,15.56,11.3,5
1998,167860,"BASS, HARLEQUIN",0,15,33.25,8
1998,170506,"WRASSE, YELLOWHEAD",0,14,35.6,6
1998,615416,"DAMSELFISH, BICOLOR",0,12,8.75,4
1998,171203,"BLENNY, REDLIP",0,10,21,4
1998,169563,"BUTTERFLYFISH, BANDED",0,10,19.25,7
1998,170928,"JAWFISH, YELLOWHEAD",0,9,21.5,6
1998,173139,"TRIGGERFISH, QUEEN",1,8,39,4
1998,615485,"DAMSELFISH, THREESPOT",0,8,9.3,6
1998,161186,"MORAY, GREEN",0,7,244.99,4
1998,160960,"RAYS, BUTTERFLY",0,7,82.5,6
1998,170044,DAMSELFISHES,0,6,8.75,4
1998,168575,SHARKSUCKER,0,5,16,5
1998,173157,"FILEFISH, WHITESPOTTED",0,3,12.1,3
1999,161731,MENHADENS,0,1530242489,78488966,133
1999,551570,"SHRIMP, NORTHERN BROWN",1,132373278.8,241622576.19,11373
1999,551680,"SHRIMP, NORTHERN WHITE",1,84488639.02,191096436.46,7446
1999,098696,"CRAB, BLUE",0,68990336.42,43122565.61,66607
1999,079872,"OYSTER, EASTERN",0,24014988.26,48714493.74,38747
1999,170335,"MULLET, STRIPED",0,19847598.81,13969626.57,34465
1999,097306,"CRAYFISHES, FRESHWATER",0,13226019,10479528,431
1999,914179,OSTEICHTHYES,0,9957278.26,1145511.85,1780
1999,095750,"SHRIMP, ATLANIC SEABOB",0,8016004,3337150,508
1999,167702,"GROUPER, RED",1,6839739.39,12816960.5,7230
1999,551574,"SHRIMP, NORTHERN PINK",1,6772837.8,18445638.82,8996
1999,172423,"TUNA, YELLOWFIN",1,5210677,10487899.46,485
1999,169288,"DRUM, BLACK",0,5088924,4264033.14,1503
1999,168853,"SNAPPER, RED",1,4882130.83,9577761.48,1648
1999,163954,"FISHES, BUFFALO",0,4574110,813239,485
1999,098810,"CRAB, STONE",0,4426709.98,18692108.48,61255
1999,161111,LADYFISH,0,4226835.95,1659505.67,1362
1999,163997,"CATFISH, BLUE",0,3979380,1909776,924
1999,169189,SHEEPSHEAD,0,3663407.25,1103299.46,9778
1999,161748,"HERRING, ATLANTIC THREAD",0,2727156,339728.53,387
1999,097648,"LOBSTER, CARIBBEAN SPINY",1,2698751.5,11736699.6,9242
1999,163998,"CATFISH, CHANNEL",0,2068975,1044500,530
1999,167759,"GROUPER, GAG",1,2052658.88,4856279.65,7408
1999,168909,"SNAPPER, VERMILION",1,2034292.24,3781894.5,2874
1999,079734,"SCALLOP, ATLANTIC CALICO",0,2022918,1721669.3,688
1999,095599,"CRABS, SHRIMPS, LOBSTERS",0,1824130,3672169.15,2638
1999,095603,"SHRIMPS, BAIT",0,1592524.46,4340059.09,15346
1999,160318,"SHARK, BLACKTIP",1,1504352.3900000001,469228.36,164
1999,161737,"SHAD, GIZZARD",0,1474850,141875,45
1999,172435,"MACKEREL, KING",1,1233718.65,1343290.8,1920
1999,051925,JELLYFISH,0,1097755,182,33
1999,167699,"GROUPER, YELLOWEDGE",1,1059116.17,2450972.27,899
1999,169364,"DRUM, FRESHWATER",0,999296,166739,388
1999,172482,SWORDFISH,1,925390.63,1829146.8,369
1999,172436,"MACKEREL, SPANISH",1,872355.25,439460.69,1865
1999,172434,"MACKERELS, KING AND CERO",0,840948,793061,47
1999,158019,"DOLLARS, KEYHOLE SAND",0,807780,66532,87
1999,161092,GARFISHES,0,763799,508688,568
1999,081499,"CLAM, SOUTHERN QUAHOG",0,745152.67,6728127.1,12486
1999,161702,"SHAD, AMERICAN",0,715725,74889.2,70
1999,172702,FLATFISHES,0,677045,1191561,1149
1999,096028,"SHRIMP, ROCK",1,676002.18,937193.06,812
1999,161763,"SARDINE, SPANISH",0,671073,126477.34,91
1999,168907,"SNAPPER, YELLOWTAIL",1,600876.12,1039005.84,1793
1999,168609,"JACK, CREVALLE",1,565861,289720.8,6364
1999,159786,"SHARKS, SMALL COASTAL",0,545661.08,635118.97,1246
1999,172402,"TUNA, LITTLE TUNNY",1,510180,152055.54,291
1999,172568,"BUTTERFISH,GULF",0,510171,99452.89,82
1999,096027,"SHRIMPS, ROCK",0,509417,617155.1,449
1999,168725,"SCAD, ROUND",0,504222.66000000003,294154.97000000003,160
1999,169055,GRUNTS,0,476465,330408.06,4992
1999,095647,"SHRIMP, ROUGHNECK",0,446154,285268,9
1999,168708,"POMPANO, FLORIDA",0,424568.5,1200005.84,4641
1999,168689,"AMBERJACK, GREATER",1,406632.60000000003,455284.83,1434
1999,160289,"SHARK, SANDBAR",1,394363.99,170978.75,225
1999,168546,"TILEFISH, GOLDEN",1,371556.52,495369.15,544
1999,167760,"GROUPER, BLACK",1,362569.74,823423.89,1587
1999,095966,"SHRIMP, ROYAL RED",1,298472,585330,16
1999,167763,SCAMP,1,298448.71,700617.09,2748
1999,164029,"CATFISH, FLATHEAD",0,286790,141833,342
1999,169180,PORGIES,0,281138.48,263812.75,3023
1999,157187,"STARFISH, SPINY",0,261524,107541.6,91
1999,168612,"RUNNER, BLUE",1,255383,109423.89,571
1999,161732,"MENHADEN, ATLANTIC",0,244142,98849.04000000001,175
1999,169013,MOJARRAS,0,240314.5,179265.52,6269
1999,169273,KINGFISHES,0,239522.22,121409,872
1999,196434,"SPONGE, YELLOW",0,210591,316600.38,806
1999,168848,"SNAPPER, GRAY",1,203970.57,362213.67,4841
1999,566920,TURBINIDAE,0,196650,38612.700000000004,132
1999,169243,"SEATROUT, SAND",0,194900,98792.35,826
1999,163344,"CARP, COMMON",0,194398,14581,137
1999,168688,AMBERJACKS,0,192933,216847,129
1999,159785,SHARKS,0,192203,89587,105
1999,167704,"GROUPER, WARSAW",1,190795.18,341040.24,646
1999,074474,"SNAIL, TURBONELLA",0,174460,46707.93,256
1999,168566,COBIA,1,167472.76,307750.21,1880
1999,172362,ESCOLAR,0,157026,132460.55,153
1999,170336,"MULLET, WHITE",0,155270,98884.96,735
1999,172451,WAHOO,1,150296.56,170458.67,469
1999,169239,"SEATROUT, SPOTTED",0,149591,280644.12,1275
1999,168790,DOLPHINFISH,0,141767,146537,202
1999,168680,LOOKDOWN,0,139190,58077.05,84
1999,098188,"HERMIT, THINSTRIPE",0,136609,16154.2,201
1999,169283,"CROAKER, ATLANTIC",0,133604,342956.52,634
1999,167686,"BASSES, MIXED SEA",0,126690.7,73705.38,2512
1999,095601,"SHRIMPS, PENAEOID",0,126366.40000000001,201050.59,332
1999,047614,HIPPOSPONGIA,0,126248,311624.95,872
1999,196436,"SPONGE, GRASS",0,124144,103965.16,432
1999,173128,TRIGGERFISHES,0,123244.48,132655.35,3537
1999,099084,"CRABS, FIDDLER",0,122148,54926.32,35
1999,167705,"GROUPER, SNOWY",1,118049.7,226279.45,596
1999,169809,TILAPIAS,0,117811,58586.93,566
1999,082702,"CRABS, HORSESHOE",0,110879,60315.35,162
1999,163996,"CATFISHES, FORKTAIL",0,110468,38053,92
1999,169267,SPOT,0,109565.5,40574.92,1441
1999,165459,BALLYHOOS,0,109064.69,65725.64,185
1999,168559,BLUEFISH,0,102559,37648.55,1721
1999,173138,"TRIGGERFISH, GRAY",1,102141,105582,286
1999,005414,"ALGAE, GREEN",0,95269,160508.35,259
1999,098191,"HERMIT, TRICOLOR",0,92685,15199.56,73
1999,167674,GROUPERS,0,88049.36,190169.55000000002,276
1999,172421,"TUNA, BLUEFIN",1,86004,409925.04000000004,60
1999,168584,JACKS,0,85810,44799.79,1112
1999,168861,"SNAPPER, SILK",1,85808.68000000001,163190.88,400
1999,096893,"SHRIMP, PEPPERMINT",0,83044,16284.85,204
1999,168849,"SNAPPER, MUTTON",1,82974.32,143214.04,594
1999,168543,"TILEFISH, BLUELINE",1,80439.68000000001,66277.64,319
1999,172734,"FLOUNDERS, PARALICHTHYS",0,77644.40000000001,151737.46,2755
1999,169207,"PORGY, RED",1,77580.14,75750.15000000001,575
1999,082369,"SQUIDS, LOLIGINIDAE",0,72405,42060,434
1999,170333,MULLETS,0,66758,74097,329
1999,172413,"MACKEREL, ATLANTIC CHUB",0,66012,19,20
1999,172364,OILFISH,0,65618,56849.15,111
1999,156862,"STARS, OTHER SEA",0,64965,11653.6,126
1999,172428,"TUNA, BIGEYE",1,64727,238598.37,84
1999,172427,"TUNA, BLACKFIN",1,63532,30840.82,367
1999,069459,"SNAIL, OTHER",0,59503,11496.95,152
1999,553173,ANCHOVIES,0,58803,17661.7,42
1999,166493,"SEAHORSE, DWARF",0,54036,5353.5,40
1999,161104,BOWFIN,0,54031,33199,54
1999,046861,SPONGES,0,52962,39119.11,540
1999,168860,"SNAPPER, LANE",1,49217.92,70647.78,1131
1999,098811,"CRAB, FLORIDA STONE",0,48007,165666,190
1999,163537,"CARP, GRASS",0,47137,11071,70
1999,168899,"SNAPPER, BLACK",1,46193.950000000004,82601.75,102
1999,167698,"HIND, SPECKLED",1,45956.24,84552.26,471
1999,163342,MINNOWS,0,45919,285030,335
1999,168691,"JACK, ALMACO",1,43518.61,40027.31,341
1999,082367,SQUIDS,0,41718,13197.9,778
1999,169290,"DRUM, RED",1,40202,65167,137
1999,168709,PERMIT,0,37787,48669.65,713
1999,158018,"DOLLARS, OTHER SAND",0,36173,7380.5,36
1999,167687,"BASS, BLACK SEA",1,35591.62,17066.920000000002,563
1999,159851,"SHARKS, PELAGIC",0,35570.93,17053.93,63
1999,173752,"TURTLES, SNAPPING",0,34820,35900,27
1999,159924,"SHARK, MAKO, SHORTFIN",1,34399.95,30325.07,162
1999,168791,DOLPHIN,1,32326.8,51593.840000000004,570
1999,169201,"PORGY, KNOBBED",1,31954.54,19575.350000000002,448
1999,172736,"FLOUNDER, GULF",0,31653,54771.67,1074
1999,052627,"ANEMONE, GIANT CARIBBEAN",0,29998,13013.28,154
1999,168690,"AMBERJACK, LESSER",1,29044.55,31905.43,284
1999,168615,"JACK, BAR",1,28255,23223.95,228
1999,044030,FORAMS,0,28016,17803.55,46
1999,169187,PINFISH,0,27191.75,144310.76,1331
1999,070088,"TURBAN, CHESTNUT",0,25636,5682.6,96
1999,173747,REPTILES,0,25139,56030,35
1999,553178,SPADEFISH,0,24414,10772,22
1999,160433,"SHARK, LEMON",1,23285.56,14445.08,32
1999,161700,HERRINGS,0,23159,16042,78
1999,170566,HOGFISH,1,22850.69,40401.94,437
1999,168902,"SNAPPER, QUEEN",1,19909.57,35297.88,112
1999,168913,WENCHMAN,1,17386.62,14383.76,66
1999,160275,"SHARK, BULL",1,17377.96,7715.99,26
1999,168693,"RUDDERFISH, BANDED",1,16892.8,13496.5,302
1999,164807,"EELS, CUSK",0,16740,14565.61,294
1999,164157,"CATFISHES, SEA",0,16269,6080.83,110
1999,172385,"CUTLASSFISH, ATLANTIC",0,15860,13042,67
1999,172513,"DRIFTFISH, BLACK",0,14841,22301,31
1999,168544,"TILEFISH, GOLDFACE",1,14814.16,17023.15,45
1999,160304,"SHARK, BLACKNOSE",1,14742.91,5694.6500000000005,25
1999,082590,OCTOPUSES,0,14345,12691.15,462
1999,098477,"FILECLAM, ROUGH",0,13678,6976,57
1999,164818,"BROTULA, BEARDED",0,13509,8287,52
1999,160497,"SHARKS, HAMMERHEAD",0,13502.460000000001,5607.58,24
1999,169240,"SEATROUT, SILVER",0,12522,10256.36,403
1999,096220,"SHRIMP, FW",0,12219,11519,19
1999,173283,PUFFERS,0,11526,5181.87,1383
1999,097671,"LOBSTER, SPANISH",0,10759,28479.100000000002,205
1999,164729,"HAKES, RED AND WHITE",0,10725,10777,79
1999,081496,"CLAM, NORTHERN QUAHOG",0,10417.42,60673.85,948
1999,169539,"SPADEFISH, ATLANTIC",1,9964.7,6409.78,899
1999,166704,SCORPIONFISHES,0,9776,8864.800000000001,258
1999,202423,ANIMALIA,0,8578,34746.7,197
1999,167700,"HIND, RED",1,7723.54,11393.5,169
1999,172419,"TUNA, ALBACORE",1,7405.25,4950.55,28
1999,168845,SNAPPERS,0,7170.33,11778.300000000001,133
1999,082703,"CRAB, HORSESHOE",0,6948,5534.1,91
1999,069794,"SNAIL, TOPSNAIL",0,6922,1593.2,16
1999,157821,"URCHINS, SEA",0,6803,23186.75,162
1999,173433,FROGS,0,6681,16986,15
1999,173846,"TURTLES, SOFT-SHELL",0,6433,4868,26
1999,169007,TRIPLETAIL,1,6284,5033.1,97
1999,079913,"MUSSELS, FW,PEARLS&SLUGS",0,6205,4872,10
1999,157520,"STAR, SERPENT BRITTLE",0,5934,6456.45,162
1999,167764,"GROUPER, YELLOWFIN",1,5877.16,11199.800000000001,30
1999,157921,"URCHIN, GREEN SEA",0,5606,27912.8,74
1999,169626,"ANGELFISH, BLUE",0,5463,40553.4,158
1999,160268,"SHARK, DUSKY",1,5339.1900000000005,2009.8,17
1999,563987,"SHARK, LARGE PELAGIC SPECIES",0,4944.2300000000005,1842.9,14
1999,167838,CREOLE-FISH,0,4662,5423,27
1999,167744,"GROUPER, MARBLED",1,4654.4800000000005,8211.5,39
1999,170424,BARRACUDAS,0,4525,2849,23
1999,169200,"PORGY, WHITEBONE",1,4457,3913,50
1999,172409,"BONITO, ATLANTIC",0,4327,1077,18
1999,168738,"RUNNER, RAINBOW",1,4228,2769,42
1999,169197,"PORGY, JOLTHEAD",1,4037.6800000000003,1886.3,118
1999,052016,"CORALS, SOFT",0,3689,9675.4,271
1999,168847,"SNAPPER, CUBERA",1,3493.4900000000002,5568.45,56
1999,159926,"SHARK, MAKO, LONGFIN",0,3420,2912,13
1999,160502,"SHARK, BONNETHEAD",1,3409.67,1503.75,49
1999,172738,"FLOUNDER, SOUTHERN",0,3408,5008.6,402
1999,047528,"SPONGES, DEMOSPONGIAE",0,3378,5851.75,171
1999,159916,"SHARK, THRESHER",1,3355.46,1664.8,9
1999,615846,"BURRFISH, STRIPED",0,3296,3218.8,131
1999,052266,"GORGONIAN, SEA BLADES",0,3222,6230.5,103
1999,650251,"BARRACUDA, GREAT",1,3159,2566.4500000000003,42
1999,006962,"PLANT, CAULERPA",0,3067.25,5913.6,80
1999,168852,"SNAPPER, BLACKFIN",1,3032.21,5986.6500000000005,33
1999,047782,"SPONGE, RED BALL",0,3013,4850.25,174
1999,158854,"TUNICATES, SEA SQUIRTS",0,2949,4458.1500000000005,166
1999,173235,BOXFISHES,0,2878,1611.3500000000001,125
1999,098131,"CRABS, SAND",0,2855.82,18982.64,99
1999,006409,ULOTRICHALES,0,2755,11040.15,139
1999,166155,"BREAM, RED",0,2729,2211.7000000000003,109
1999,169632,"ANGELFISH, GRAY",1,2712,18574.5,146
1999,166488,"SEAHORSE, LINED",0,2620,2785.5,152
1999,098483,"CRAB, YELLOWLINE ARROW",0,2605,2241.93,143
1999,157958,"URCHIN, ROCK BORING",0,2524,1439.3500000000001,54
1999,160200,"SHARK, ATLANTIC SHARPNOSE",1,2508.65,517,4
1999,157906,"URCHIN, PURPLE-SPINED SEA",0,2219,727.7,59
1999,158309,"CUCUMBERS, OTHER SEA",0,2176,4441.6,86
1999,052794,"ANEMONE, RED BEADED",0,2154,1420.53,34
1999,157826,"URCHIN, SLATE PENCIL",0,2093,1590.1000000000001,41
1999,098485,"CRAB, FALSE ARROW",0,2031,2615.2000000000003,99
1999,172437,CERO,1,2014,1937.79,27
1999,006949,"PLANT, MERMAID'S SHAVING BRUSH",0,1880,739.9,52
1999,173170,"TRIGGERFISH, OCEAN",1,1875,2028,4
1999,173137,TRIGGERFISHES,0,1856,2411,37
1999,098519,"CRABS, CORAL SPIDER",0,1810,2110.7,22
1999,172714,"FLOUNDERS, LEFTEYED",0,1785,3694.9500000000003,143
1999,051774,"CASSIOPEA, JAMAICAN",0,1785,993.1,51
1999,166454,"PIPEFISH, SARGASSUM",0,1650,690,77
1999,203428,FILEFISHES,0,1574,2112.7,106
1999,567533,"SLUG, LETTUCE",0,1532,999.25,55
1999,173246,"COWFISH, HONEYCOMBED",0,1497,1685,60
1999,161189,"MORAY, BLACKEDGE",0,1484,1497,122
1999,157486,"STAR, BLACK BRITTLE",0,1454,1318.65,42
1999,166170,SQUIRRELFISHES,0,1429,986.5,106
1999,158323,"CUCUMBER, FLORIDA SEA",0,1425,896.2,104
1999,168178,BIGEYE,0,1320,1304,39
1999,097863,"HERMIT, POLKADOTTED",0,1295,710.6,26
1999,161324,"EELS, CONGER",0,1280,1282.75,40
1999,167800,"BASS, LONGTAIL",0,1279,1298,38
1999,079611,SCALLOPS,0,1247,2368,39
1999,169086,PORKFISH,0,1232,2903.9500000000003,59
1999,052774,"ANEMONE, RINGED",0,1232,881.01,22
1999,169623,"ANGELFISH, QUEEN",1,1219,15481,83
1999,095600,"SHRIMP, MARINE",0,1210,2344,54
1999,646513,HIGH-HAT,0,1173,1694.75,89
1999,155469,"BRYOZOA, ECTOPROCTA",0,1147,4135.75,143
1999,079118,CLAMS,0,1141,4909.5,45
1999,172401,"TUNA, SKIPJACK",1,1139.25,1403.75,5
1999,160806,RAYS,0,1129,2237.75,35
1999,167696,"HIND, ROCK",1,1099,1892.2,67
1999,006922,"PLANT, HALIMEDA",0,1048,540.5,35
1999,172512,BARRELFISH,0,1010,1317.43,12
1999,173245,"COWFISH, SCRAWLED",0,1002,249.85,75
1999,166326,OPAH,0,993,1111.75,6
1999,168607,"JACK, YELLOW",0,955,565,20
1999,157325,"STARS, BRITTLE",0,903,1495.65,35
1999,161061,"FISHES, RAY-FINNED",0,883,3187.5,48
1999,064358,"WORM, MARINE",0,880,5154.5,44
1999,099140,"SHRIMPS, MANTIS",0,874,1320.9,23
1999,660512,"CRAB, FURCATE SPIDER",0,855,581.5,63
1999,167703,"GROUPER, MISTY",1,845,1885,3
1999,173297,"PUFFER, SOUTHERN",0,841,452.8,38
1999,167762,"GROUPER, YELLOWMOUTH",1,837,1919,7
1999,167691,"BASS, ROCK SEA",1,836.62,548.65,14
1999,164412,TOADFISHES,0,727,935.3000000000001,76
1999,068076,"POLYCHAETE, FEATHER-DUSTER",0,724,1197.15,38
1999,098178,"HERMIT, RED REEF",0,716,263.3,5
1999,171124,"BLENNY, OTHER",0,684,1064.2,45
1999,164499,GOOSEFISH,0,661,298,4
1999,173183,"FILEFISH, PLANEHEAD",0,614,385.45,38
1999,166972,SEAROBINS,0,608,3368,100
1999,157366,"STAR, BASKET",0,554,1421,104
1999,078255,"DORIS, FLORIDA REGAL",0,547,1021,65
1999,168602,"POMPANO, AFRICAN",1,544,992.7,15
1999,172418,TUNAS,0,543,390,8
1999,622125,"SQUIRRELFISH, REEF",0,518,1827.15,5
1999,161127,"EEL, AMERICAN",0,487,507,14
1999,615345,BEAUGREGORY,0,468,627.3000000000001,28
1999,082603,"OCTOPUS, COMMON",0,442,855.3000000000001,78
1999,164593,"BATFISH, OTHER",0,432,704.4,95
1999,096601,"SHRIMPS, PISTOL OR SNAPPING",0,409,138.35,27
1999,157518,"STAR, SCALY BRITTLE",0,405,740.65,28
1999,074182,"TULIP, TRUE",0,389,760.0500000000001,44
1999,173392,BALLOONFISH,0,384,295.2,53
1999,170287,POMFRETS,0,377,378,8
1999,169314,JACKKNIFE-FISH,0,376,1600,26
1999,052830,"ANEMONE, SUN",0,373,591.5,24
1999,078156,NUDIBRANCHS,0,331,378.2,25
1999,168857,"SNAPPER, DOG",1,330.47,429.7,10
1999,161932,WHITEFISHES,0,328,142,10
1999,168613,"JACK, BLACK",0,321,229,9
1999,096424,"SHRIMP, SPOTTED CLEANER",0,320,365.95,19
1999,052150,"CORAL, DEEPWATER",0,318,497.55,15
1999,168684,"MOONFISH, ATLANTIC",0,305,323,7
1999,169625,"BEAUTY, ROCK",0,258,1598.5,15
1999,169241,WEAKFISH,0,254,157.95000000000002,27
1999,170809,PARROTFISHES,0,241,284.35,24
1999,098340,"CRABS, BOX",0,232,141.65,35
1999,052541,"ANEMONE, OTHER",0,222,777.85,31
1999,161123,EELS,0,209,264.46,10
1999,167793,"PERCH, SAND",0,203,491,14
1999,082607,"OCTOPUS, ATLANTIC PYGMY",0,197,421.5,41
1999,051483,JELLYFISH,0,197,2955,25
1999,169633,"ANGELFISH, FRENCH",1,173,3568,50
1999,169558,"BUTTERFLYFISH, FOUREYE",0,170,365,35
1999,161160,"EEL, MORAYS",0,161,164.55,20
1999,172254,"TANG, BLUE",1,153,466.1,47
1999,081796,ANGELWING,0,147,300.5,16
1999,097298,"SHRIMP, BANDED CORAL",0,136,264.32,20
1999,168567,"REMORAS, OTHER",0,130,136.5,10
1999,170925,"JAWFISHES, SPOTFIN",0,129,100.10000000000001,31
1999,166487,SEAHORSES,0,123,237,34
1999,181220,GRAYSBY,1,122.86,294.40000000000003,8
1999,162376,"LIZARDFISH, INSHORE",0,113,539.6,23
1999,160946,STINGRAYS,0,112,1641,23
1999,074187,"CONCH, HORSE",0,107,525.25,23
1999,098888,"CRAB, REDFINGER RUBBLE",0,95,138.75,17
1999,171746,GOBIES,0,91,105.95,8
1999,167806,"HAMLET, BUTTER",0,85,214.75,24
1999,072767,"COWRIE, MEASLED",0,73,108.5,6
1999,173139,"TRIGGERFISH, QUEEN",1,73,147,9
1999,166862,"SCORPIONFISH, REEF",0,71,83.95,18
1999,052440,"MAT, GREEN SEA",0,71,68.9,6
1999,170046,"MAJOR, SERGEANT",0,68,66.75,9
1999,168610,"JACK, HORSE-EYE",0,65,61.5,7
1999,164457,CLINGFISHES,0,63,99.10000000000001,10
1999,159977,"SHARK, NURSE",1,59,890,32
1999,170568,BLUEHEAD,0,58,199.25,6
1999,173320,"PUFFER, SHARPNOSE",0,56,74.35000000000001,10
1999,614740,"PARROTFISH, STRIPED",1,51,153.3,10
1999,170815,"PARROTFISH, PRINCESS",1,50,231.1,13
1999,172252,"SURGEON, OCEAN",0,47,100.75,21
1999,098088,"CRAB, SPOTTED PORCELAIN",0,45,39.25,10
1999,170477,"WRASSE, OTHER",0,44,110,4
1999,167858,"SANDFISH, BELTED",0,44,223.25,19
1999,636786,"GOBY,NEON",0,44,114,3
1999,078022,"HARES, SEA",0,43,600.25,10
1999,168204,FLAMEFISH,0,37,68,10
1999,161326,"EEL, CONGER",0,37,50,3
1999,072743,"COWRIE, ATLANTIC DEER",0,37,37.800000000000004,9
1999,167798,"FLAG, SPANISH",0,31,38,10
1999,172253,DOCTORFISH,1,26,70.25,5
1999,170484,"HOGFISH, SPANISH",1,26,162.5,6
1999,170932,"JAWFISH, DUSKY",0,25,16.6,15
1999,169556,"BUTTERFLYFISH, SPOTFIN",0,22,86.5,9
1999,161188,"MORAY, SPOTTED",0,22,101.5,13
1999,161186,"MORAY, GREEN",0,14,350.90000000000003,7
1999,169563,"BUTTERFLYFISH, BANDED",0,14,50,6
1999,170928,"JAWFISH, YELLOWHEAD",0,10,45.5,3
1999,170811,"PARROTFISH, BLUE",1,9,53,4
1999,169562,"BUTTERFLYFISH, REEF",0,7,36.5,3
1999,164520,SARGASSUMFISH,0,4,13,4
1999,173134,"FILEFISH, SCRAWLED",0,3,25,3
2000,161731,MENHADENS,0,1278903198,44943177.9,2397
2000,551570,"SHRIMP, NORTHERN BROWN",1,156825371.19,361223660.385,91733
2000,551680,"SHRIMP, NORTHERN WHITE",1,110479383.21,256557202.966,130951
2000,098696,"CRAB, BLUE",0,68826073.05,47476854.185,284806
2000,079872,"OYSTER, EASTERN",0,25710519.45,52653105.034,71281
2000,170335,"MULLET, STRIPED",0,16444348.43,11448033.647,35230
2000,914179,OSTEICHTHYES,0,8795895.77,1515882.58,1922
2000,095750,"SHRIMP, ATLANIC SEABOB",0,7738545.9,4299267.99,4669
2000,167702,"GROUPER, RED",1,6707234.03,12901423.52,7777
2000,169288,"DRUM, BLACK",0,5795315.78,4112767.37,10881
2000,098810,"CRAB, STONE",0,5661769.67,23406419.2741,65051
2000,551574,"SHRIMP, NORTHERN PINK",1,5425678.91,15897926.43,7798
2000,168853,"SNAPPER, RED",1,4836368.86,9341966.305,4180
2000,172423,"TUNA, YELLOWFIN",1,4310341.68,13247020.37,2584
2000,163997,"CATFISH, BLUE",0,4218544.95,2072734.07,15245
2000,169189,SHEEPSHEAD,0,3154764.65,894526.7552,13218
2000,161748,"HERRING, ATLANTIC THREAD",0,2728972,340143.08,393
2000,163954,"FISHES, BUFFALO",0,2534830.02,418798.9,5016
2000,167759,"GROUPER, GAG",1,2257249.15,5563675.328,7533
2000,097648,"LOBSTER, CARIBBEAN SPINY",1,2090614.39,10177588.994,8707
2000,163998,"CATFISH, CHANNEL",0,1863724.47,979409.43,5437
2000,095603,"SHRIMPS, BAIT",0,1607397.22,4565288.05,14773
2000,172435,"MACKEREL, KING",1,1566228.51,1773465.31,2363
2000,095599,"CRABS, SHRIMPS, LOBSTERS",0,1557799,3643766.4699999997,2553
2000,168909,"SNAPPER, VERMILION",1,1463052.92,2756278.834,3329
2000,160318,"SHARK, BLACKTIP",1,1357362.32,431107.06,458
2000,161763,"SARDINE, SPANISH",0,1354416.1,147779.84,86
2000,158019,"DOLLARS, KEYHOLE SAND",0,1338790,133775.75,160
2000,167699,"GROUPER, YELLOWEDGE",1,1247945.33,2998769.9699999997,1476
2000,161700,HERRINGS,0,1130660,144103.07,436
2000,172482,SWORDFISH,1,970204.66,1981090.52,1444
2000,172436,"MACKEREL, SPANISH",1,910954.91,461312.63,2353
2000,168689,"AMBERJACK, GREATER",1,784240.54,862540.47,1631
2000,161737,"SHAD, GIZZARD",0,676376,66673.08,193
2000,169055,GRUNTS,0,653553.34,482524.418,5153
2000,160289,"SHARK, SANDBAR",1,609714.26,218726.58000000002,237
2000,168725,"SCAD, ROUND",0,586404.86,420454.54000000004,193
2000,081499,"CLAM, SOUTHERN QUAHOG",0,549392.47,5246148.08,10192
2000,172568,"BUTTERFISH,GULF",0,521168.3,281113.532,114
2000,201897,"GAR, ALLIGATOR",0,474882.60000000003,387486.9,1673
2000,168546,"TILEFISH, GOLDEN",1,470288.94,714142.38,871
2000,168708,"POMPANO, FLORIDA",0,465865.64,1418029.58,6456
2000,168609,"JACK, CREVALLE",1,460095.67,248176.14,5871
2000,095647,"SHRIMP, ROUGHNECK",0,433728,302285.55,49
2000,172702,FLATFISHES,0,428582,791150,846
2000,096027,"SHRIMPS, ROCK",0,402117,626491.85,266
2000,167760,"GROUPER, BLACK",1,398558.78,947715.476,2075
2000,095966,"SHRIMP, ROYAL RED",1,392200.65,867916.53,16
2000,168907,"SNAPPER, YELLOWTAIL",1,377229.26,684456.9,1363
2000,074474,"SNAIL, TURBONELLA",0,376061,94144.09,377
2000,165459,BALLYHOOS,0,373563.13,253304.36000000002,658
2000,097490,PROCAMBARUS,0,373118,647565.66,2546
2000,169364,"DRUM, FRESHWATER",0,364945.02,65459.520000000004,2993
2000,161111,LADYFISH,0,341248.79,171833.69,1367
2000,159786,"SHARKS, SMALL COASTAL",0,322488.86,681729.56,1092
2000,051925,JELLYFISH,0,300722,NA,19
2000,096028,"SHRIMP, ROCK",1,282066.7,483486.93,638
2000,170336,"MULLET, WHITE",0,273359.87,154146.22,710
2000,161092,GARFISHES,0,264177.09,226933.95,207
2000,169013,MOJARRAS,0,258841.98,196896.745,6546
2000,168680,LOOKDOWN,0,244207.06,423869.01,126
2000,098191,"HERMIT, TRICOLOR",0,240130,32071.43,211
2000,167763,SCAMP,1,227943.94,540040.78,2890
2000,172734,"FLOUNDERS, PARALICHTHYS",0,224702.33000000002,322064.2184,5343
2000,169180,PORGIES,0,203091.80000000002,190553.5475,2490
2000,169273,KINGFISHES,0,201590.87,93278.215,1074
2000,157187,"STARFISH, SPINY",0,199617,245204.85,116
2000,167686,"BASSES, MIXED SEA",0,198543.73,130337.27,2031
2000,566920,TURBINIDAE,0,190731,36907.88,131
2000,196434,"SPONGE, YELLOW",0,189181.32,250796.92,819
2000,168848,"SNAPPER, GRAY",1,186377.11000000002,337309.71,5031
2000,620991,"CRAB, GOLDEN DEEPSEA",1,182577,200433.1,22
2000,167705,"GROUPER, SNOWY",1,181259.03,362304.61,779
2000,161104,BOWFIN,0,176704.46,104544.64,1125
2000,164029,"CATFISH, FLATHEAD",0,171549.05000000002,78910.87,1493
2000,005414,"ALGAE, GREEN",0,162299.5,217250.09,256
2000,156862,"STARS, OTHER SEA",0,157088.5,401269.69,177
2000,167704,"GROUPER, WARSAW",1,153200.2,256428.11000000002,936
2000,047614,HIPPOSPONGIA,0,150678.80000000002,333192.71,901
2000,096893,"SHRIMP, PEPPERMINT",0,147092,36278.5,248
2000,169243,"SEATROUT, SAND",0,144641.37,107361.87,1290
2000,172451,WAHOO,1,143544.09,169222.22,868
2000,172362,ESCOLAR,0,141777.18,120231.85,434
2000,163892,SUCKERS,0,136752,51220,60
2000,168612,"RUNNER, BLUE",1,133944.45,55075.340000000004,771
2000,095601,"SHRIMPS, PENAEOID",0,132745.11000000002,241287.9,558
2000,168790,DOLPHINFISH,0,132390.42,134134.47,620
2000,169809,TILAPIAS,0,131304.5,64342.12,580
2000,168566,COBIA,1,129790.08,229573.863,2254
2000,158018,"DOLLARS, OTHER SAND",0,123260,21415.7,41
2000,168861,"SNAPPER, SILK",1,117195.21,230311.46,417
2000,172402,"TUNA, LITTLE TUNNY",1,113898.65000000001,32038.88,280
2000,098188,"HERMIT, THINSTRIPE",0,113509,15313.07,147
2000,161732,"MENHADEN, ATLANTIC",0,106667,18442.53,171
2000,169239,"SEATROUT, SPOTTED",0,106661.46,195695.16,1461
2000,196436,"SPONGE, GRASS",0,106152.6,98623.82,463
2000,169283,"CROAKER, ATLANTIC",0,105451.40000000001,342427.48,938
2000,168543,"TILEFISH, BLUELINE",1,103577.67,88232.66,385
2000,159785,SHARKS,0,101524.02,43161.200000000004,135
2000,168584,JACKS,0,95854.2,47189.44,1026
2000,164034,BULLHEADS,0,93991.93000000001,26193.7,476
2000,172364,OILFISH,0,88216.96,80607.27,252
2000,173138,"TRIGGERFISH, GRAY",1,87745.22,92854.55,1210
2000,172421,"TUNA, BLUEFIN",1,86219.38,448709.5,149
2000,168559,BLUEFISH,0,85222.62,31024.54,1485
2000,172385,"CUTLASSFISH, ATLANTIC",0,84285,89818,71
2000,099084,"CRABS, FIDDLER",0,84108,4486.32,23
2000,169207,"PORGY, RED",1,76956.23,78823.754,868
2000,168849,"SNAPPER, MUTTON",1,74673.74,131719.71,573
2000,163344,"CARP, COMMON",0,73738.54000000001,8770.92,614
2000,170333,MULLETS,0,71008,71264,317
2000,069459,"SNAIL, OTHER",0,68651,22503.850000000002,175
2000,169267,SPOT,0,68497.27,26739.68,1122
2000,173128,TRIGGERFISHES,0,68416.83,80549.95,2293
2000,167698,"HIND, SPECKLED",1,64205.33,118236.92,618
2000,082369,"SQUIDS, LOLIGINIDAE",0,60764,40520.8,371
2000,167674,GROUPERS,0,56290.46,127681.73,187
2000,172427,"TUNA, BLACKFIN",1,52305.48,23466.100000000002,419
2000,160806,RAYS,0,52103,11025.57,37
2000,095599,CRAB,0,51108,203931,80
2000,098811,"CRAB, FLORIDA STONE",0,50495.6,112204.65000000001,1852
2000,172428,"TUNA, BIGEYE",1,50278.75,177818.15,142
2000,082367,SQUIDS,0,47488.26,20194.4,749
2000,168860,"SNAPPER, LANE",1,47221.68,67628.1,1600
2000,168913,WENCHMAN,1,46633.9,44412.55,160
2000,046861,SPONGES,0,45790,34628.1,765
2000,161094,"GAR, LONGNOSE",0,45290.58,31590.100000000002,272
2000,167687,"BASS, BLACK SEA",1,44797.58,33169.98,515
2000,168899,"SNAPPER, BLACK",1,44063.9,81375.29000000001,372
2000,168691,"JACK, ALMACO",1,43630.86,43749.700000000004,642
2000,553178,SPADEFISH,0,42888.99,17596.8,76
2000,168690,"AMBERJACK, LESSER",1,42301.79,48174.18,295
2000,168791,DOLPHIN,1,41598.24,64145.39,598
2000,163342,MINNOWS,0,41321.14,251526.27000000002,1317
2000,172736,"FLOUNDER, GULF",0,40573.55,85846.278,990
2000,169290,"DRUM, RED",1,38084,57977,118
2000,044030,FORAMS,0,37932,18069.49,68
2000,163537,"CARP, GRASS",0,36919,5209.07,207
2000,070088,"TURBAN, CHESTNUT",0,34713,25971.77,89
2000,159851,"SHARKS, PELAGIC",0,31589.84,10414.210000000001,39
2000,169187,PINFISH,0,31452.65,165444.53,1436
2000,159924,"SHARK, MAKO, SHORTFIN",1,28578.52,25034.5,168
2000,052627,"ANEMONE, GIANT CARIBBEAN",0,28166,12491,101
2000,160433,"SHARK, LEMON",1,27419.5,10289.35,32
2000,169201,"PORGY, KNOBBED",1,27415.100000000002,19122.45,524
2000,168709,PERMIT,0,27349.25,38727.840000000004,767
2000,157987,"BISCUITS, SEA",0,24548,7255.5,20
2000,173752,"TURTLES, SNAPPING",0,23499.8,27901.760000000002,315
2000,164157,"CATFISHES, SEA",0,22292.36,7631.96,128
2000,170566,HOGFISH,1,21256.12,38783.63,570
2000,169240,"SEATROUT, SILVER",0,19743.88,17170.670000000002,366
2000,098519,"CRABS, CORAL SPIDER",0,19687,20501.25,96
2000,168615,"JACK, BAR",1,19549.2,18244.49,355
2000,164807,"EELS, CUSK",0,19170.5,21317.54,297
2000,168902,"SNAPPER, QUEEN",1,18980.68,36310.44,136
2000,082590,OCTOPUSES,0,16292.65,16365.78,420
2000,166704,SCORPIONFISHES,0,16267.94,14617.25,332
2000,172513,"DRIFTFISH, BLACK",0,15863.01,21297.75,33
2000,668671,"TURTLE, ALLIGATOR SNAPPING",0,15716,20153.97,116
2000,069794,"SNAIL, TOPSNAIL",0,15147,1912.3,11
2000,160275,"SHARK, BULL",1,14788.210000000001,4923.78,17
2000,173283,PUFFERS,0,14028.95,5736.83,1251
2000,168693,"RUDDERFISH, BANDED",1,13523.89,10182.78,277
2000,160304,"SHARK, BLACKNOSE",1,12579.5,4370.42,24
2000,163996,"CATFISHES, FORKTAIL",0,12280,9418,23
2000,164729,"HAKES, RED AND WHITE",0,11838.66,12607.98,255
2000,167764,"GROUPER, YELLOWFIN",1,11831.22,26034.600000000002,92
2000,098477,"FILECLAM, ROUGH",0,10493,5147,37
2000,168544,"TILEFISH, GOLDFACE",1,9811.65,7147.9400000000005,111
2000,169539,"SPADEFISH, ATLANTIC",1,9120.460000000001,8538.07,868
2000,168688,AMBERJACKS,0,8274,9510,23
2000,160401,"SHARK, SPINNER",1,8192.66,3074.85,7
2000,172419,"TUNA, ALBACORE",1,7739.55,8693.2,32
2000,097671,"LOBSTER, SPANISH",0,7577.3,22116.09,163
2000,202423,ANIMALIA,0,7434,34342.24,144
2000,167700,"HIND, RED",1,7238.24,12070.74,200
2000,157821,"URCHINS, SEA",0,7097,23021.62,256
2000,160310,"SHARK, SILKY",1,6466.28,1484.55,15
2000,208674,"TURTLES, NORTH AMERICAN SOFTSHELL",0,6311.5,6065.45,126
2000,157921,"URCHIN, GREEN SEA",0,6147,38549.75,58
2000,161096,"GAR, SHORTNOSE",0,6080.29,5909.03,64
2000,074187,"CONCH, HORSE",0,5945,1525.16,35
2000,159926,"SHARK, MAKO, LONGFIN",0,5654.5,4418,30
2000,052016,"CORALS, SOFT",0,5611,15826.12,405
2000,157520,"STAR, SERPENT BRITTLE",0,5588,4478.42,168
2000,169007,TRIPLETAIL,1,4922.08,4442.47,137
2000,163692,"CARP, BIGHEAD",0,4710,477.45,41
2000,172418,TUNAS,0,4543.75,14453.5,5
2000,047782,"SPONGE, RED BALL",0,4085,7262.42,333
2000,167838,CREOLE-FISH,0,3964.11,3782.75,72
2000,172434,"MACKERELS, KING AND CERO",0,3734,2442,8
2000,052266,"GORGONIAN, SEA BLADES",0,3730,6418.1,222
2000,098131,"CRABS, SAND",0,3513.15,22198.97,93
2000,082703,"CRAB, HORSESHOE",0,3497,2680.15,77
2000,168845,SNAPPERS,0,3444.4500000000003,3333.8,136
2000,173819,"SLIDER, COMMON",0,3431.5,961.65,33
2000,169196,"PORGY, GRASS",0,3262.29,1479.74,398
2000,099140,"SHRIMPS, MANTIS",0,3259,4292.36,36
2000,169197,"PORGY, JOLTHEAD",1,3235.62,1782.05,131
2000,172409,"BONITO, ATLANTIC",0,3120.65,873.8000000000001,39
2000,172738,"FLOUNDER, SOUTHERN",0,3051.71,4020.83,491
2000,047528,"SPONGES, DEMOSPONGIAE",0,3051,6324.12,176
2000,161702,"SHAD, AMERICAN",0,3049,1780.9,6
2000,006409,ULOTRICHALES,0,2874.5,6485.35,139
2000,052794,"ANEMONE, RED BEADED",0,2789,1591.3500000000001,24
2000,158323,"CUCUMBER, FLORIDA SEA",0,2718,1810.5,132
2000,158854,"TUNICATES, SEA SQUIRTS",0,2714,4463.05,169
2000,169200,"PORGY, WHITEBONE",1,2688.76,2417.21,69
2000,157486,"STAR, BLACK BRITTLE",0,2603,2581.35,63
2000,166493,"SEAHORSE, DWARF",0,2535,3724,38
2000,164818,"BROTULA, BEARDED",0,2445.4,1847.55,61
2000,170424,BARRACUDAS,0,2303.03,1383.75,32
2000,173137,TRIGGERFISHES,0,2277,2564,38
2000,072767,"COWRIE, MEASLED",0,2162,544.19,6
2000,167744,"GROUPER, MARBLED",1,2100.1,3725.1,55
2000,567533,"SLUG, LETTUCE",0,2044,2181.15,49
2000,172401,"TUNA, SKIPJACK",1,2027.5,1437.3,10
2000,168607,"JACK, YELLOW",0,2022,1212.02,22
2000,157826,"URCHIN, SLATE PENCIL",0,1881,1526.9,47
2000,052541,"ANEMONE, OTHER",0,1846,1226.25,36
2000,173183,"FILEFISH, PLANEHEAD",0,1771,678.3000000000001,96
2000,158309,"CUCUMBERS, OTHER SEA",0,1760,4095.6800000000003,84
2000,157958,"URCHIN, ROCK BORING",0,1716,786.25,40
2000,006962,"PLANT, CAULERPA",0,1682.14,4965.27,87
2000,097863,"HERMIT, POLKADOTTED",0,1629,474.74,39
2000,006949,"PLANT, MERMAID'S SHAVING BRUSH",0,1619,556.65,38
2000,168738,"RUNNER, RAINBOW",1,1531.16,660.5,41
2000,169626,"ANGELFISH, BLUE",0,1508,14662.25,141
2000,173246,"COWFISH, HONEYCOMBED",0,1497,1486.53,67
2000,166794,"SCORPIONFISH, SPINYCHEEK",0,1439.3600000000001,1610.75,56
2000,173747,REPTILES,0,1433,1116.45,10
2000,097298,"SHRIMP, BANDED CORAL",0,1411,528.9,31
2000,098483,"CRAB, YELLOWLINE ARROW",0,1373,923.95,109
2000,161061,"FISHES, RAY-FINNED",0,1345,3011.5,27
2000,650251,"BARRACUDA, GREAT",1,1335.5,1093,40
2000,098485,"CRAB, FALSE ARROW",0,1258,1836.6000000000001,120
2000,173235,BOXFISHES,0,1205,791.52,96
2000,006922,"PLANT, HALIMEDA",0,1150,742.15,52
2000,155469,"BRYOZOA, ECTOPROCTA",0,1081,6246.32,129
2000,172437,CERO,1,1062.25,902.87,43
2000,167800,"BASS, LONGTAIL",0,1059.88,1041.65,88
2000,169086,PORKFISH,0,1059,2196.3,54
2000,660512,"CRAB, FURCATE SPIDER",0,1031,335.90000000000003,81
2000,051774,"CASSIOPEA, JAMAICAN",0,1019,747.3000000000001,32
2000,167703,"GROUPER, MISTY",1,1005.36,1281.2,3
2000,172714,"FLOUNDERS, LEFTEYED",0,974,3102.75,146
2000,168847,"SNAPPER, CUBERA",1,958.6,894.85,9
2000,164159,"CATFISH, GAFFTOPSAIL",0,939.16,174.4,6
2000,079118,CLAMS,0,938,4210.29,70
2000,166326,OPAH,0,936.24,917.85,10
2000,168852,"SNAPPER, BLACKFIN",1,897.45,1617.3600000000001,30
2000,203428,FILEFISHES,0,887,2108.7200000000003,70
2000,078255,"DORIS, FLORIDA REGAL",0,844,1678.46,97
2000,157906,"URCHIN, PURPLE-SPINED SEA",0,823,624,36
2000,095600,"SHRIMP, MARINE",0,805,2231.06,65
2000,078156,NUDIBRANCHS,0,794,4264.35,30
2000,157366,"STAR, BASKET",0,783,1183.84,98
2000,052774,"ANEMONE, RINGED",0,769,593.15,8
2000,164412,TOADFISHES,0,768,763.5500000000001,105
2000,161095,"GAR, SPOTTED",0,748.12,678.0500000000001,14
2000,098088,"CRAB, SPOTTED PORCELAIN",0,746,372.45,33
2000,161324,"EELS, CONGER",0,728.4,769.2,26
2000,099074,"CRAB, NIMBLE SPRAY",0,728,585.2,19
2000,079611,SCALLOPS,0,713,2758.26,57
2000,169632,"ANGELFISH, GRAY",1,687,5039,111
2000,064358,"WORM, MARINE",0,682,4243.75,28
2000,079820,"FILECLAM, SPINY",0,653,584.6,29
2000,157518,"STAR, SCALY BRITTLE",0,639,763.3100000000001,55
2000,068076,"POLYCHAETE, FEATHER-DUSTER",0,629,1856.7,29
2000,072878,"SNAIL, MOON",0,625,589.35,8
2000,081796,ANGELWING,0,620,1754.5,27
2000,615846,"BURRFISH, STRIPED",0,592,2005.8,54
2000,166170,SQUIRRELFISHES,0,576.09,415.48,71
2000,168176,BIGEYES,0,569.8000000000001,679.5500000000001,48
2000,166454,"PIPEFISH, SARGASSUM",0,540,462.53000000000003,61
2000,096601,"SHRIMPS, PISTOL OR SNAPPING",0,535,250.43,61
2000,646513,HIGH-HAT,0,514,775.4,55
2000,167691,"BASS, ROCK SEA",1,505.04,427.8,13
2000,157325,"STARS, BRITTLE",0,505,1132.73,30
2000,078022,"HARES, SEA",0,498,1100.55,30
2000,170925,"JAWFISHES, SPOTFIN",0,452,187.8,30
2000,074182,"TULIP, TRUE",0,436,1093.55,40
2000,164593,"BATFISH, OTHER",0,431,391.45,95
2000,168178,BIGEYE,0,428.28000000000003,432.35,43
2000,159916,"SHARK, THRESHER",1,428.12,215.51,3
2000,161419,"EELS, SNAKE",0,412,328,5
2000,167696,"HIND, ROCK",1,409.46000000000004,534.6,39
2000,171124,"BLENNY, OTHER",0,392,1251.03,50
2000,169623,"ANGELFISH, QUEEN",1,376,7867.42,86
2000,082607,"OCTOPUS, ATLANTIC PYGMY",0,375,1451,46
2000,168548,"TILEFISH, SAND",1,371.84000000000003,594.4,7
2000,169314,JACKKNIFE-FISH,0,369,717.5,26
2000,168857,"SNAPPER, DOG",1,355.31,406.48,7
2000,172512,BARRELFISH,0,341,409.55,10
2000,169558,"BUTTERFLYFISH, FOUREYE",0,333,778.5500000000001,58
2000,636786,"GOBY,NEON",0,331,675.6800000000001,18
2000,161189,"MORAY, BLACKEDGE",0,326,343.2,91
2000,171746,GOBIES,0,313,704.5500000000001,20
2000,166487,SEAHORSES,0,305,652.5500000000001,46
2000,170928,"JAWFISH, YELLOWHEAD",0,303,784.5,7
2000,166488,"SEAHORSE, LINED",0,301,890.65,68
2000,172564,HARVESTFISHES,0,284,133,9
2000,166972,SEAROBINS,0,280,1229.6000000000001,78
2000,082603,"OCTOPUS, COMMON",0,261,595.7,33
2000,173157,"FILEFISH, WHITESPOTTED",0,260,145.55,27
2000,052830,"ANEMONE, SUN",0,239,449,9
2000,168602,"POMPANO, AFRICAN",1,225.48000000000002,204.15,16
2000,073236,"SNAIL, MUREX",0,222,669.9,37
2000,172254,"TANG, BLUE",1,209,653.25,53
2000,161123,EELS,0,205,194.15,13
2000,166862,"SCORPIONFISH, REEF",0,204,114.75,21
2000,051483,JELLYFISH,0,203,2912.75,13
2000,169625,"BEAUTY, ROCK",0,200,996.75,28
2000,074075,"WHELK, LIGHTNING",0,199,842,28
2000,098340,"CRABS, BOX",0,192,64.15,22
2000,168610,"JACK, HORSE-EYE",0,162.6,135.05,10
2000,167793,"PERCH, SAND",0,162,139.3,7
2000,096220,"SHRIMP, FW",0,155,225,3
2000,615345,BEAUGREGORY,0,153,180.25,21
2000,168613,"JACK, BLACK",0,128.96,78,6
2000,170568,BLUEHEAD,0,118,211.3,13
2000,168204,FLAMEFISH,0,111,145.3,25
2000,079578,PENSHELLS,0,109,327,20
2000,170287,POMFRETS,0,105,100.8,3
2000,096896,"SHRIMP, CLEANER",0,104,561,17
2000,169633,"ANGELFISH, FRENCH",1,101,2112,30
2000,171415,"BLENNY, HAIRY",0,100,62.25,25
2000,170809,PARROTFISHES,0,88.36,148.8,27
2000,181220,GRAYSBY,1,87.42,161.9,9
2000,169504,"CHUBS, SEA",0,83.08,64.85,8
2000,164524,"FROGFISH, OCELLATED",0,80,404,5
2000,170477,"WRASSE, OTHER",0,80,114.5,11
2000,096424,"SHRIMP, SPOTTED CLEANER",0,79,114.25,11
2000,170815,"PARROTFISH, PRINCESS",1,71,244.8,10
2000,173297,"PUFFER, SOUTHERN",0,70,544.5,20
2000,170932,"JAWFISH, DUSKY",0,68,104.65,13
2000,172252,"SURGEON, OCEAN",0,64,71.5,16
2000,170484,"HOGFISH, SPANISH",1,62,269.5,11
2000,169556,"BUTTERFLYFISH, SPOTFIN",0,61,126,21
2000,173392,BALLOONFISH,0,57,254.25,24
2000,170503,"DICK, SLIPPERY",0,57,512.45,10
2000,173320,"PUFFER, SHARPNOSE",0,57,65.25,22
2000,173245,"COWFISH, SCRAWLED",0,54,21.95,12
2000,167806,"HAMLET, BUTTER",0,53,84,26
2000,169065,"GRUNT, FRENCH",0,48,96,3
2000,167858,"SANDFISH, BELTED",0,30,176.5,14
2000,170046,"MAJOR, SERGEANT",0,30,35.75,7
2000,161160,"EEL, MORAYS",0,29,77.60000000000001,4
2000,161326,"EEL, CONGER",0,27.54,14.8,6
2000,159977,"SHARK, NURSE",1,27,288,13
2000,170044,DAMSELFISHES,0,27,16,4
2000,615485,"DAMSELFISH, THREESPOT",0,24,34.550000000000004,4
2000,161186,"MORAY, GREEN",0,22,443,9
2000,169563,"BUTTERFLYFISH, BANDED",0,21,51.5,8
2000,161188,"MORAY, SPOTTED",0,20,82.5,12
2000,166799,"SCORPIONFISH, LONGSNOUT",0,19.76,30,6
2000,072743,"COWRIE, ATLANTIC DEER",0,19,14.3,7
2000,167860,"BASS, HARLEQUIN",0,16,33.5,8
2000,622125,"SQUIRRELFISH, REEF",0,15,36.75,7
2000,171405,"BLENNY, SAILFIN",0,15,35.5,9
2000,169562,"BUTTERFLYFISH, REEF",0,15,46.7,8
2000,164520,SARGASSUMFISH,0,13,122.5,4
2000,615416,"DAMSELFISH, BICOLOR",0,12,12,4
2000,166825,"SCORPIONFISH, SPOTTED",0,11.44,9,3
2000,614740,"PARROTFISH, STRIPED",1,11,58.25,4
2000,164457,CLINGFISHES,0,8,19.25,3
2000,160845,SKATES,0,4,70,4
2000,168567,"REMORAS, OTHER",0,4,9,4
2001,161731,MENHADENS,0,1053975289,43108251.5,1966
2001,551570,"SHRIMP, NORTHERN BROWN",1,145180083.79,276150571.88,86010
2001,551680,"SHRIMP, NORTHERN WHITE",1,84415384.85,175261178.67,98669
2001,098696,"CRAB, BLUE",0,54466095.94,42841622.08,268400
2001,079872,"OYSTER, EASTERN",0,25690816.87,52396387.1005,71342
2001,170335,"MULLET, STRIPED",0,15888708.56,10019363.6342,33016
2001,097490,PROCAMBARUS,0,10407788,8491637.66,29627
2001,095750,"SHRIMP, ATLANIC SEABOB",0,9019842.6,4338131.23,4049
2001,551574,"SHRIMP, NORTHERN PINK",1,7384786.91,20153253.81,8675
2001,167702,"GROUPER, RED",1,6747085.07,12966459.85,7462
2001,169288,"DRUM, BLACK",0,5822128.64,3509051.51,10310
2001,098810,"CRAB, STONE",0,5711708.69,17253114.0683,58208
2001,168853,"SNAPPER, RED",1,4678293.44,10284332.12,3797
2001,914179,OSTEICHTHYES,0,3794759.01,1585831.63,1697
2001,163997,"CATFISH, BLUE",0,3787029.93,1781562.29,12906
2001,163954,"FISHES, BUFFALO",0,3298060.06,515532.95,5401
2001,167759,"GROUPER, GAG",1,3276882.34,8036509.67,7463
2001,172423,"TUNA, YELLOWFIN",1,3213296.3,9347430.31,1824
2001,169189,SHEEPSHEAD,0,2616344.11,831525.311,12322
2001,095647,"SHRIMP, ROUGHNECK",0,2405967,1442016.3,54
2001,161748,"HERRING, ATLANTIC THREAD",0,2170176.08,346203.14,231
2001,168909,"SNAPPER, VERMILION",1,1734474.75,3249520.72,3710
2001,161700,HERRINGS,0,1677096,197204.23,375
2001,158019,"DOLLARS, KEYHOLE SAND",0,1646580,159881.9,140
2001,163998,"CATFISH, CHANNEL",0,1623322.99,793620.4,5234
2001,095603,"SHRIMPS, BAIT",0,1599817.6800000002,5701045.398,14550
2001,095599,"CRABS, SHRIMPS, LOBSTERS",0,1506535,3696233.61,2409
2001,172435,"MACKEREL, KING",1,1447112.69,1782559.0899999999,2461
2001,161763,"SARDINE, SPANISH",0,1373618.84,630537.54,83
2001,161111,LADYFISH,0,1199806.05,786767.05,2360
2001,172436,"MACKEREL, SPANISH",1,1182918.55,632116.48,2070
2001,160318,"SHARK, BLACKTIP",1,1128110.83,302941.09,388
2001,172568,"BUTTERFISH,GULF",0,1105073.18,552168.3200000001,157
2001,161737,"SHAD, GIZZARD",0,1102539,107767.12,561
2001,097648,"LOBSTER, CARIBBEAN SPINY",1,1034210.9,5131787.203,6302
2001,167699,"GROUPER, YELLOWEDGE",1,850131.1,2176521.95,1422
2001,096027,"SHRIMPS, ROCK",0,737798,978112.05,279
2001,172482,SWORDFISH,1,728011.0700000001,1619487.3399999999,1130
2001,169055,GRUNTS,0,719013.56,479491.398,4397
2001,096028,"SHRIMP, ROCK",1,667598.4500000001,988723.6900000001,831
2001,169364,"DRUM, FRESHWATER",0,651560.41,106692.82,3518
2001,168689,"AMBERJACK, GREATER",1,606318.03,615688,1646
2001,160289,"SHARK, SANDBAR",1,557598.29,178752.72,254
2001,099084,"CRABS, FIDDLER",0,553200,22922,22
2001,095966,"SHRIMP, ROYAL RED",1,527413.29,1188506.54,27
2001,081499,"CLAM, SOUTHERN QUAHOG",0,509912.73000000004,4798217.51,8748
2001,168609,"JACK, CREVALLE",1,485236.91000000003,274442.13,4698
2001,168725,"SCAD, ROUND",0,472018.13,724340.5,212
2001,201897,"GAR, ALLIGATOR",0,468236.17,337795.10000000003,1227
2001,168546,"TILEFISH, GOLDEN",1,451211.48,693932.91,776
2001,172402,"TUNA, LITTLE TUNNY",1,418254.63,112631.02,303
2001,159786,"SHARKS, SMALL COASTAL",0,382888.99,814852.403,1144
2001,168680,LOOKDOWN,0,375380.74,644882.4676,143
2001,167760,"GROUPER, BLACK",1,360159.11,865593.41,1411
2001,168708,"POMPANO, FLORIDA",0,355814.96,1099151.46,3742
2001,074474,"SNAIL, TURBONELLA",0,354934,98194.1,350
2001,172702,FLATFISHES,0,341885,618880,789
2001,167763,SCAMP,1,309784.62,757896.144,3235
2001,172413,"MACKEREL, ATLANTIC CHUB",0,268037,119857.75,45
2001,169013,MOJARRAS,0,249233.83000000002,170520.26,5447
2001,169180,PORGIES,0,236346.12,214994.344,2713
2001,157187,"STARFISH, SPINY",0,223083,170727,153
2001,156862,"STARS, OTHER SEA",0,214601,862269.5,158
2001,164029,"CATFISH, FLATHEAD",0,211937.1,98409.69,1439
2001,167686,"BASSES, MIXED SEA",0,203206.05000000002,123480.32,1633
2001,168848,"SNAPPER, GRAY",1,197780.61000000002,371644.684,4751
2001,168612,"RUNNER, BLUE",1,193713.81,84543.29000000001,805
2001,098191,"HERMIT, TRICOLOR",0,192915,31321.600000000002,194
2001,168907,"SNAPPER, YELLOWTAIL",1,192098.63,364335.93,929
2001,553173,ANCHOVIES,0,181053,38549.03,94
2001,196434,"SPONGE, YELLOW",0,178183,261661.93,994
2001,167705,"GROUPER, SNOWY",1,173426.15,355863.05,730
2001,169273,KINGFISHES,0,173222.81,77424.81,1054
2001,169239,"SEATROUT, SPOTTED",0,170399.55000000002,337399.1888,1167
2001,005414,"ALGAE, GREEN",0,168576,227103.34,200
2001,158018,"DOLLARS, OTHER SAND",0,166380,22814.600000000002,45
2001,172734,"FLOUNDERS, PARALICHTHYS",0,153401.71,223452.1939,3985
2001,163892,SUCKERS,0,150764,52267,54
2001,159785,SHARKS,0,145723,44434,165
2001,167704,"GROUPER, WARSAW",1,139620.79,250609.17,948
2001,169809,TILAPIAS,0,132694.81,63813.93,485
2001,163344,"CARP, COMMON",0,132408.24,11055.89,849
2001,069459,"SNAIL, OTHER",0,124098,37303.8,203
2001,095601,"SHRIMPS, PENAEOID",0,118834.18000000001,220325.45,325
2001,165459,BALLYHOOS,0,117854.6,86376.96,307
2001,168790,DOLPHINFISH,0,111615.98,101355.28,520
2001,169243,"SEATROUT, SAND",0,111418.74,66431.8405,898
2001,163342,MINNOWS,0,109856.1,281295.3,1042
2001,047614,HIPPOSPONGIA,0,109336.81,262275.71,1037
2001,096893,"SHRIMP, PEPPERMINT",0,107655,31844.920000000002,273
2001,172451,WAHOO,1,107415.83,122934.05,638
2001,168861,"SNAPPER, SILK",1,103908.04000000001,200344.31,364
2001,168913,WENCHMAN,1,103821.95,98218.44,151
2001,170336,"MULLET, WHITE",0,103800.17,52272.75,605
2001,173128,TRIGGERFISHES,0,102773.37,117592.75,2635
2001,168559,BLUEFISH,0,100694.16,34726.75,1148
2001,167687,"BASS, BLACK SEA",1,98581.33,57982.56,565
2001,161092,GARFISHES,0,98330.65000000001,106478.99,199
2001,082367,SQUIDS,0,95406.5,55297.8,538
2001,169283,"CROAKER, ATLANTIC",0,94767.36,412413.17,776
2001,169207,"PORGY, RED",1,93725.05,105314.78,886
2001,168566,COBIA,1,91839.18000000001,175399.14,1638
2001,161732,"MENHADEN, ATLANTIC",0,86156.25,48986.73,56
2001,168543,"TILEFISH, BLUELINE",1,84113.65000000001,75246.54000000001,351
2001,172362,ESCOLAR,0,81666.22,60561.97,318
2001,046861,SPONGES,0,80922,63506.73,948
2001,168849,"SNAPPER, MUTTON",1,79591.47,138256.62,624
2001,167674,GROUPERS,0,74045.21,158816.26,163
2001,159851,"SHARKS, PELAGIC",0,71710.1,24480.5,44
2001,172364,OILFISH,0,68974.24,56835.880000000005,215
2001,163537,"CARP, GRASS",0,68926,13633.82,692
2001,173138,"TRIGGERFISH, GRAY",1,68886.78,72615.87,1013
2001,098188,"HERMIT, THINSTRIPE",0,68860,10727.17,143
2001,196436,"SPONGE, GRASS",0,68353,65432.62,296
2001,167698,"HIND, SPECKLED",1,63344.16,122679.55,653
2001,170333,MULLETS,0,62742,101491,359
2001,095599,CRAB,0,61156,284905,93
2001,172736,"FLOUNDER, GULF",0,59595.28,116681.21,1100
2001,168691,"JACK, ALMACO",1,57028.44,54420.336,688
2001,169267,SPOT,0,56049.770000000004,20960.3,918
2001,161104,BOWFIN,0,55977.71,40975.25,432
2001,082369,"SQUIDS, LOLIGINIDAE",0,54294,44053.65,428
2001,164034,BULLHEADS,0,53564.67,14252.6,184
2001,161094,"GAR, LONGNOSE",0,50381.92,27697.940000000002,380
2001,168584,JACKS,0,49797.200000000004,25334.47,559
2001,044030,FORAMS,0,48855.57,32670.65,77
2001,168860,"SNAPPER, LANE",1,47654.71,75532.115,1512
2001,052627,"ANEMONE, GIANT CARIBBEAN",0,47482,22012.7,148
2001,553178,SPADEFISH,0,45752.54,25578,71
2001,166493,"SEAHORSE, DWARF",0,45546,45342.5,72
2001,172427,"TUNA, BLACKFIN",1,40220.78,17646.98,302
2001,172421,"TUNA, BLUEFIN",1,39264.020000000004,195208.4,71
2001,168690,"AMBERJACK, LESSER",1,38746.61,43771.44,262
2001,160497,"SHARKS, HAMMERHEAD",0,38487.71,17168.46,64
2001,169201,"PORGY, KNOBBED",1,38051.53,26243.600000000002,531
2001,082590,OCTOPUSES,0,35975.06,37196.3,577
2001,168544,"TILEFISH, GOLDFACE",1,35695.24,59655.41,98
2001,079611,SCALLOPS,0,35137,127701.85,65
2001,169187,PINFISH,0,33957.840000000004,171829.47,1206
2001,168791,DOLPHIN,1,33710.47,43455.340000000004,536
2001,168615,"JACK, BAR",1,32750,26045.28,482
2001,098519,"CRABS, CORAL SPIDER",0,31489,38102.200000000004,127
2001,173752,"TURTLES, SNAPPING",0,30741.4,35214.590000000004,417
2001,166704,SCORPIONFISHES,0,29970.32,25950.62,360
2001,168899,"SNAPPER, BLACK",1,28409.86,45987.4,305
2001,159924,"SHARK, MAKO, SHORTFIN",1,27663.510000000002,25043.78,109
2001,164157,"CATFISHES, SEA",0,27491.9,11228.51,190
2001,098811,"CRAB, FLORIDA STONE",0,26589,56847.11,1116
2001,170566,HOGFISH,1,24731.4,48736.97,621
2001,168902,"SNAPPER, QUEEN",1,24308.9,44755.82,132
2001,168693,"RUDDERFISH, BANDED",1,24241.09,14809.710000000001,228
2001,160806,RAYS,0,23976,9052.02,63
2001,169290,"DRUM, RED",1,22695,35540,99
2001,164807,"EELS, CUSK",0,20901.18,24827.59,335
2001,069794,"SNAIL, TOPSNAIL",0,20685,5216.25,44
2001,160433,"SHARK, LEMON",1,20533.69,7249.2300000000005,26
2001,172434,"MACKERELS, KING AND CERO",0,19360,22385,17
2001,168845,SNAPPERS,0,16648.25,28022.18,124
2001,668671,"TURTLE, ALLIGATOR SNAPPING",0,15564.300000000001,19348.510000000002,135
2001,070088,"TURBAN, CHESTNUT",0,15534,8819.91,59
2001,173283,PUFFERS,0,14950,8063.79,1128
2001,172428,"TUNA, BIGEYE",1,14943.75,56113.5,74
2001,169240,"SEATROUT, SILVER",0,13905.42,11911.14,366
2001,097863,"HERMIT, POLKADOTTED",0,13535,4100.1,36
2001,172385,"CUTLASSFISH, ATLANTIC",0,12779,10353,56
2001,167764,"GROUPER, YELLOWFIN",1,12344.02,28724.89,58
2001,082703,"CRAB, HORSESHOE",0,12167,3670.2000000000003,47
2001,160275,"SHARK, BULL",1,10789.19,3704,22
2001,172513,"DRIFTFISH, BLACK",0,10607.25,17005.7,31
2001,208674,"TURTLES, NORTH AMERICAN SOFTSHELL",0,10418.4,9409.78,156
2001,168709,PERMIT,0,10083.050000000001,14505.9,404
2001,079819,"fileclam, rough",0,9799,4624,49
2001,169539,"SPADEFISH, ATLANTIC",1,9723.73,4513.62,803
2001,172409,"BONITO, ATLANTIC",0,9350.1,2028.75,20
2001,157821,"URCHINS, SEA",0,9291,50407.200000000004,168
2001,173819,"SLIDER, COMMON",0,9223,1822.56,56
2001,168688,AMBERJACKS,0,9127,9307,29
2001,567533,"SLUG, LETTUCE",0,8702,12882.08,88
2001,160304,"SHARK, BLACKNOSE",1,7799.99,3021.4500000000003,26
2001,164159,"CATFISH, GAFFTOPSAIL",0,7482,1571.15,57
2001,097671,"LOBSTER, SPANISH",0,7258.1,25071.83,170
2001,157921,"URCHIN, GREEN SEA",0,7048,32727.3,89
2001,202423,ANIMALIA,0,6980,39788.5,130
2001,163692,"CARP, BIGHEAD",0,6869,599.25,94
2001,650251,"BARRACUDA, GREAT",1,6750.7,2990.6,60
2001,052016,"CORALS, SOFT",0,6386,20918.32,314
2001,172419,"TUNA, ALBACORE",1,5731.91,2410.5,52
2001,159926,"SHARK, MAKO, LONGFIN",0,5541.11,4127.25,39
2001,169007,TRIPLETAIL,1,5257.66,4168.57,122
2001,098888,"CRAB, REDFINGER RUBBLE",0,4971,2654.55,18
2001,163996,"CATFISHES, FORKTAIL",0,4876,4120,18
2001,052266,"GORGONIAN, SEA BLADES",0,4435,8918.04,169
2001,157520,"STAR, SERPENT BRITTLE",0,4326,5456.95,136
2001,047782,"SPONGE, RED BALL",0,4023,7485.18,247
2001,169196,"PORGY, GRASS",0,3991.56,2000.66,421
2001,173137,TRIGGERFISHES,0,3814,4830,46
2001,167700,"HIND, RED",1,3779.87,6680.75,191
2001,164729,"HAKES, RED AND WHITE",0,3774.56,3652.2000000000003,139
2001,074075,"WHELK, LIGHTNING",0,3590,5563.25,27
2001,660512,"CRAB, FURCATE SPIDER",0,3458,1291.91,124
2001,158854,"TUNICATES, SEA SQUIRTS",0,3273,6194.27,152
2001,172738,"FLOUNDER, SOUTHERN",0,2845.14,4307.4800000000005,420
2001,158323,"CUCUMBER, FLORIDA SEA",0,2835,2409.5,139
2001,006409,ULOTRICHALES,0,2745,10079,109
2001,158309,"CUCUMBERS, OTHER SEA",0,2728,8063.91,70
2001,098178,"HERMIT, RED REEF",0,2690,1281.6000000000001,22
2001,098483,"CRAB, YELLOWLINE ARROW",0,2666,1787.05,155
2001,169626,"ANGELFISH, BLUE",0,2650,21593.55,223
2001,047528,"SPONGES, DEMOSPONGIAE",0,2647,5167.9000000000005,133
2001,167744,"GROUPER, MARBLED",1,2638.8,4291.8,47
2001,098131,"CRABS, SAND",0,2540.11,19683.99,112
2001,006962,"PLANT, CAULERPA",0,2523.5,5347.7,104
2001,169200,"PORGY, WHITEBONE",1,2488.12,1476.39,52
2001,098485,"CRAB, FALSE ARROW",0,2411,2798.76,155
2001,168852,"SNAPPER, BLACKFIN",1,2400.27,4434.41,41
2001,166825,"SCORPIONFISH, SPOTTED",0,2306.7200000000003,3456.3,9
2001,157826,"URCHIN, SLATE PENCIL",0,2279,1715.3,61
2001,169197,"PORGY, JOLTHEAD",1,1942.0900000000001,1531.65,94
2001,051774,"CASSIOPEA, JAMAICAN",0,1921,1436.6000000000001,26
2001,157486,"STAR, BLACK BRITTLE",0,1907,1986.6200000000001,73
2001,052541,"ANEMONE, OTHER",0,1899,1549.05,42
2001,161743,"HERRING, ROUND",0,1884.5,1720.95,39
2001,079118,CLAMS,0,1865,9944.08,83
2001,161096,"GAR, SHORTNOSE",0,1834,1523.8500000000001,20
2001,164818,"BROTULA, BEARDED",0,1758.72,1621.4,53
2001,168738,"RUNNER, RAINBOW",1,1639,739.9,28
2001,095600,"SHRIMP, MARINE",0,1614,5718.5,64
2001,169086,PORKFISH,0,1583,2380.05,92
2001,173235,BOXFISHES,0,1565,1791.5,130
2001,172564,HARVESTFISHES,0,1540,641,27
2001,099140,"SHRIMPS, MANTIS",0,1504,2573.4,37
2001,166170,SQUIRRELFISHES,0,1486.66,707.9,99
2001,170424,BARRACUDAS,0,1470.73,715.6,29
2001,173246,"COWFISH, HONEYCOMBED",0,1449,1608,36
2001,168847,"SNAPPER, CUBERA",1,1438.17,1184.21,16
2001,168176,BIGEYES,0,1351.16,1233.75,66
2001,157366,"STAR, BASKET",0,1294,1076,98
2001,006949,"PLANT, MERMAID'S SHAVING BRUSH",0,1221,551.6,38
2001,098088,"CRAB, SPOTTED PORCELAIN",0,1145,518.85,35
2001,173183,"FILEFISH, PLANEHEAD",0,1142,478.55,73
2001,078255,"DORIS, FLORIDA REGAL",0,1109,2009.1000000000001,106
2001,078156,NUDIBRANCHS,0,1052,3280.5,81
2001,155469,"BRYOZOA, ECTOPROCTA",0,1028,5970.02,100
2001,172418,TUNAS,0,1012.25,937.2,10
2001,167838,CREOLE-FISH,0,977.6,755.6,34
2001,160409,"SHARK, FINETOOTH",1,949.37,427,6
2001,169632,"ANGELFISH, GRAY",1,949,6996.7,157
2001,169314,JACKKNIFE-FISH,0,845,3530.5,26
2001,168204,FLAMEFISH,0,837,1322.75,65
2001,161324,"EELS, CONGER",0,834,852.45,28
2001,160946,STINGRAYS,0,812,2015.4,31
2001,157906,"URCHIN, PURPLE-SPINED SEA",0,793,605,36
2001,073236,"SNAIL, MUREX",0,790,917.9,19
2001,172714,"FLOUNDERS, LEFTEYED",0,782,5478.8,166
2001,052794,"ANEMONE, RED BEADED",0,775,485.5,14
2001,082603,"OCTOPUS, COMMON",0,766,1164.45,94
2001,168857,"SNAPPER, DOG",1,756.85,759.46,17
2001,173139,"TRIGGERFISH, QUEEN",1,751.5,662.73,15
2001,166488,"SEAHORSE, LINED",0,727,2736.5,182
2001,161095,"GAR, SPOTTED",0,716,711.6800000000001,8
2001,064358,"WORM, MARINE",0,702,4788.35,30
2001,615846,"BURRFISH, STRIPED",0,702,3120.3,82
2001,646513,HIGH-HAT,0,701,986.65,81
2001,157518,"STAR, SCALY BRITTLE",0,685,885.2,40
2001,166972,SEAROBINS,0,642,3353.6,99
2001,006922,"PLANT, HALIMEDA",0,635,691.5,27
2001,172254,"TANG, BLUE",1,630,2337.5,106
2001,167800,"BASS, LONGTAIL",0,621.2,589,68
2001,161061,"FISHES, RAY-FINNED",0,597,3466.31,43
2001,172512,BARRELFISH,0,588.4,664.65,13
2001,169558,"BUTTERFLYFISH, FOUREYE",0,568,1152.8500000000001,81
2001,169562,"BUTTERFLYFISH, REEF",0,534,1187.25,47
2001,166794,"SCORPIONFISH, SPINYCHEEK",0,526.72,572,31
2001,168178,BIGEYE,0,524.04,438.90000000000003,36
2001,164593,"BATFISH, OTHER",0,511,1236.8,127
2001,098340,"CRABS, BOX",0,498,179.4,64
2001,157325,"STARS, BRITTLE",0,497,1212.65,27
2001,097298,"SHRIMP, BANDED CORAL",0,491,916.2,64
2001,172384,CUTLASSFISHES,0,467,715,7
2001,157958,"URCHIN, ROCK BORING",0,448,207,21
2001,166454,"PIPEFISH, SARGASSUM",0,432,422.15000000000003,48
2001,161123,EELS,0,423,888.75,13
2001,170568,BLUEHEAD,0,417,783.9,27
2001,078807,CHITONS,0,402,2086,17
2001,079820,"FILECLAM, SPINY",0,401,415.05,23
2001,161189,"MORAY, BLACKEDGE",0,401,447.65000000000003,87
2001,168610,"JACK, HORSE-EYE",0,388.28000000000003,250.85,3
2001,160502,"SHARK, BONNETHEAD",1,376.69,100.75,4
2001,052774,"ANEMONE, RINGED",0,365,171.75,12
2001,164412,TOADFISHES,0,350,589.1,79
2001,203428,FILEFISHES,0,331,2095.9,54
2001,169623,"ANGELFISH, QUEEN",1,305,4706.67,121
2001,096601,"SHRIMPS, PISTOL OR SNAPPING",0,298,386.65000000000003,35
2001,168602,"POMPANO, AFRICAN",1,283.3,191.25,13
2001,636786,"GOBY,NEON",0,275,1104.9,18
2001,171124,"BLENNY, OTHER",0,259,1023.86,52
2001,169625,"BEAUTY, ROCK",0,238,1401.6000000000001,26
2001,167806,"HAMLET, BUTTER",0,237,546.5,40
2001,166487,SEAHORSES,0,230,552.15,29
2001,173320,"PUFFER, SHARPNOSE",0,224,267.6,49
2001,614740,"PARROTFISH, STRIPED",1,220,693,39
2001,172252,"SURGEON, OCEAN",0,187,307.40000000000003,34
2001,068076,"POLYCHAETE, FEATHER-DUSTER",0,181,1349.96,16
2001,169556,"BUTTERFLYFISH, SPOTFIN",0,168,350.40000000000003,24
2001,171746,GOBIES,0,168,60.9,9
2001,074182,"TULIP, TRUE",0,161,1542.6000000000001,28
2001,167696,"HIND, ROCK",1,151.45000000000002,215.45000000000002,33
2001,167793,"PERCH, SAND",0,146.28,324.15000000000003,16
2001,169633,"ANGELFISH, FRENCH",1,145,2208,69
2001,099074,"CRAB, NIMBLE SPRAY",0,143,104,12
2001,172401,"TUNA, SKIPJACK",1,142.46,68.75,4
2001,167703,"GROUPER, MISTY",1,141.6,304.3,5
2001,168613,"JACK, BLACK",0,136.24,98.4,6
2001,172437,CERO,1,130.95,120.24000000000001,11
2001,167762,"GROUPER, YELLOWMOUTH",1,128.03,264.6,4
2001,170477,"WRASSE, OTHER",0,126,267.18,15
2001,082607,"OCTOPUS, ATLANTIC PYGMY",0,112,1728,40
2001,166862,"SCORPIONFISH, REEF",0,109,126.25,19
2001,615345,BEAUGREGORY,0,107,105.4,29
2001,052830,"ANEMONE, SUN",0,105,202.52,10
2001,173297,"PUFFER, SOUTHERN",0,91,1032.5,30
2001,171423,"BLENNY, SADDLED",0,89,483.7,9
2001,170484,"HOGFISH, SPANISH",1,75,372.40000000000003,23
2001,074187,"CONCH, HORSE",0,74,513.4,19
2001,161419,"EELS, SNAKE",0,70,464,6
2001,170815,"PARROTFISH, PRINCESS",1,68,402.3,18
2001,171430,"BLENNY, BANDED",0,68,87.60000000000001,4
2001,170080,"CHROMIS, BLUE",0,68,164.15,10
2001,170046,"MAJOR, SERGEANT",0,66,81.25,19
2001,170863,"PARROTFISH, REDBAND",1,64,319.5,18
2001,173392,BALLOONFISH,0,60,278.75,27
2001,167860,"BASS, HARLEQUIN",0,57,101.5,20
2001,170809,PARROTFISHES,0,54.160000000000004,186.75,21
2001,167858,"SANDFISH, BELTED",0,52,348,15
2001,168859,"SNAPPER, CARIBBEAN RED",0,49.95,54.4,4
2001,181220,GRAYSBY,1,49.53,93.5,7
2001,169065,"GRUNT, FRENCH",0,46,69.75,9
2001,072767,"COWRIE, MEASLED",0,45,90.5,4
2001,072743,"COWRIE, ATLANTIC DEER",0,45,67.15,20
2001,079578,PENSHELLS,0,42,146.5,4
2001,621035,"STINGRAY, YELLOW",0,37,86,4
2001,164457,CLINGFISHES,0,35,100,6
2001,171405,"BLENNY, SAILFIN",0,35,79.5,8
2001,160960,"RAYS, BUTTERFLY",0,35,492,17
2001,161160,"EEL, MORAYS",0,32,49.75,7
2001,169421,"GOATFISH, SPOTTED",0,31,91.5,5
2001,161188,"MORAY, SPOTTED",0,30,155,16
2001,173157,"FILEFISH, WHITESPOTTED",0,27,19.8,4
2001,615416,"DAMSELFISH, BICOLOR",0,25,21.48,9
2001,169563,"BUTTERFLYFISH, BANDED",0,17,45.5,11
2001,159977,"SHARK, NURSE",1,13,145.5,9
2001,096424,"SHRIMP, SPOTTED CLEANER",0,13,23.5,3
2001,170044,DAMSELFISHES,0,12,12.49,4
2001,170503,"DICK, SLIPPERY",0,11,3.9,8
2001,160845,SKATES,0,11,205.5,7
2001,078022,"HARES, SEA",0,10,145,6
2001,168575,SHARKSUCKER,0,8,93.75,5
2001,170510,PUDDINGWIFE,1,6,23.5,4
2001,170811,"PARROTFISH, BLUE",1,5,28,3
2001,168567,"REMORAS, OTHER",0,5,11,3
2001,170116,"DAMSELFISH, YELLOWTAIL",0,4,10,3
2001,167859,TOBACCOFISH,0,4,8.75,4
2001,161186,"MORAY, GREEN",0,3,144,3
2002,161731,MENHADENS,0,1290348653,52101187.26,2662
2002,551570,"SHRIMP, NORTHERN BROWN",1,121244001.07,186021772.65,75054
2002,551680,"SHRIMP, NORTHERN WHITE",1,82189082.01,153669972.78,76469
2002,098696,"CRAB, BLUE",0,65968554.75,42815008.445,290787
2002,079872,"OYSTER, EASTERN",0,31463383.12,50657943.1602,76589
2002,097490,PROCAMBARUS,0,15583852.1,8061629.37,32058
2002,170335,"MULLET, STRIPED",0,12305753.65,8591603.341,31022
2002,551574,"SHRIMP, NORTHERN PINK",1,7594228.5,16385519.69,8392
2002,095750,"SHRIMP, ATLANIC SEABOB",0,7522529,2771726.85,2654
2002,167702,"GROUPER, RED",1,6796154.61,12501342.632,7794
2002,098810,"CRAB, STONE",0,5688762.77,20124952.2569,67685
2002,169288,"DRUM, BLACK",0,5631234.9,3474864.05,10450
2002,168853,"SNAPPER, RED",1,4814418.52,10685875.37,4632
2002,172423,"TUNA, YELLOWFIN",1,4248110.38,12596092.67,2553
2002,914179,OSTEICHTHYES,0,3802878.7800000003,2031296.36,1343
2002,163954,"FISHES, BUFFALO",0,3147045.36,490854.34,6057
2002,163997,"CATFISH, BLUE",0,3143195.41,1421894.71,12690
2002,167759,"GROUPER, GAG",1,3140182.13,7394157.31,7463
2002,161748,"HERRING, ATLANTIC THREAD",0,2934735.2,364883.43,292
2002,169189,SHEEPSHEAD,0,2283820.65,675321,12757
2002,168909,"SNAPPER, VERMILION",1,2016943.38,3597377.962,4545
2002,161737,"SHAD, GIZZARD",0,1835276.7000000002,210461.33000000002,999
2002,097648,"LOBSTER, CARIBBEAN SPINY",1,1738511.15,8073619.082,7815
2002,161111,LADYFISH,0,1674138.55,1149536.43,3175
2002,163998,"CATFISH, CHANNEL",0,1532791.9100000001,771233.5700000001,4563
2002,095603,"SHRIMPS, BAIT",0,1519391.96,5457954.8985,13870
2002,172435,"MACKEREL, KING",1,1441969.55,1786796.23,2658
2002,161763,"SARDINE, SPANISH",0,1433226,403426.78,88
2002,095599,"CRABS, SHRIMPS, LOBSTERS",0,1400031,3855564.14,2493
2002,172568,"BUTTERFISH,GULF",0,1216290.27,693656.9,139
2002,172436,"MACKEREL, SPANISH",1,960278.12,504892.06,3896
2002,158019,"DOLLARS, KEYHOLE SAND",0,896257,96136.93000000001,111
2002,167699,"GROUPER, YELLOWEDGE",1,868690.59,2212748.5,1565
2002,172482,SWORDFISH,1,861978.99,1819716.15,1253
2002,160318,"SHARK, BLACKTIP",1,857782.47,202595.83000000002,556
2002,161700,HERRINGS,0,842678,128419.22,578
2002,160289,"SHARK, SANDBAR",1,817343.35,218801.7,370
2002,169364,"DRUM, FRESHWATER",0,782350.89,114856.49,4025
2002,096027,"SHRIMPS, ROCK",0,777807,1078310.3,511
2002,168689,"AMBERJACK, GREATER",1,701980.0700000001,710039.78,2085
2002,201897,"GAR, ALLIGATOR",0,599670.93,416753.71,1384
2002,096028,"SHRIMP, ROCK",1,536846.23,858533.4,708
2002,168546,"TILEFISH, GOLDEN",1,530849.08,762481.28,861
2002,169055,GRUNTS,0,505154.73000000004,340539.537,3710
2002,081499,"CLAM, SOUTHERN QUAHOG",0,484162.47000000003,3720712.615,7328
2002,095647,"SHRIMP, ROUGHNECK",0,461529,162891.4,21
2002,159785,SHARKS,0,451949.67,296803.08,913
2002,172402,"TUNA, LITTLE TUNNY",1,428715.76,130532.37000000001,469
2002,159786,"SHARKS, SMALL COASTAL",0,423818.03,1183231.1475,1519
2002,566920,TURBINIDAE,0,403868,68813.95,189
2002,172702,FLATFISHES,0,395093,722869.75,3621
2002,168725,"SCAD, ROUND",0,381345.44,353630.55,163
2002,167763,SCAMP,1,353374.26,843442.408,3666
2002,168609,"JACK, CREVALLE",1,351125.7,199799.74,3887
2002,168907,"SNAPPER, YELLOWTAIL",1,318904.24,583110.54,1149
2002,167760,"GROUPER, BLACK",1,306057.16000000003,707491.89,1328
2002,095966,"SHRIMP, ROYAL RED",1,285203.61,605709.86,63
2002,168708,"POMPANO, FLORIDA",0,280313.59,932874.06,4243
2002,164029,"CATFISH, FLATHEAD",0,278437.4,118396.64,1673
2002,168680,LOOKDOWN,0,262158.41000000003,725967.8,102
2002,168612,"RUNNER, BLUE",1,253524.7,106337,1257
2002,168848,"SNAPPER, GRAY",1,230137.28,428973.602,5000
2002,074474,"SNAIL, TURBONELLA",0,224185,64550.4,259
2002,169180,PORGIES,0,223693.93,212968.12,2503
2002,095601,"SHRIMPS, PENAEOID",0,221498.31,187179.04,406
2002,169013,MOJARRAS,0,215310.31,160664.14,4861
2002,167704,"GROUPER, WARSAW",1,209103.32,379523.16000000003,1283
2002,196434,"SPONGE, YELLOW",0,199946,288921.13,1036
2002,098191,"HERMIT, TRICOLOR",0,192350,24943,191
2002,170333,MULLETS,0,188903,185736.25,1004
2002,069459,"SNAIL, OTHER",0,188199,37464.3,211
2002,099084,"CRABS, FIDDLER",0,183200,110976,25
2002,005414,"ALGAE, GREEN",0,171519.76,285393.78,230
2002,167686,"BASSES, MIXED SEA",0,164237.12,111428.01000000001,1373
2002,169809,TILAPIAS,0,149753.12,65701.06,519
2002,163344,"CARP, COMMON",0,144299.09,10766.7,1298
2002,173128,TRIGGERFISHES,0,142046.89,165368.968,3043
2002,158018,"DOLLARS, OTHER SAND",0,133047,19151.8,46
2002,169239,"SEATROUT, SPOTTED",0,131949.15,250909.89,1219
2002,169243,"SEATROUT, SAND",0,130968.33,76181.45,2238
2002,167705,"GROUPER, SNOWY",1,130728.98,255220.88,874
2002,168559,BLUEFISH,0,129407.02,39482.62,2205
2002,172734,"FLOUNDERS, PARALICHTHYS",0,128785.14,177976.2328,3360
2002,167687,"BASS, BLACK SEA",1,121230.77,69542.44,602
2002,165459,BALLYHOOS,0,121185.73,70919.74,223
2002,172362,ESCOLAR,0,119754.05,82202.84,416
2002,172451,WAHOO,1,119527.42,121697.95,811
2002,096893,"SHRIMP, PEPPERMINT",0,119500,31055.25,258
2002,163892,SUCKERS,0,118777,42685,52
2002,170336,"MULLET, WHITE",0,114608.52,57816.15,458
2002,161092,GARFISHES,0,114571.06,115165.47,246
2002,047614,HIPPOSPONGIA,0,111662,274740.3,1150
2002,168690,"AMBERJACK, LESSER",1,110233.19,111491.49,347
2002,169273,KINGFISHES,0,106575.04000000001,53841.22,1246
2002,168566,COBIA,1,104990.82,203507.294,1921
2002,169207,"PORGY, RED",1,102564.1,109668.3,1069
2002,168790,DOLPHINFISH,0,96906.52,84206.35,600
2002,157187,"STARFISH, SPINY",0,96609,91498.7,144
2002,173138,"TRIGGERFISH, GRAY",1,92999.52,98576.87,1204
2002,098188,"HERMIT, THINSTRIPE",0,92544,12541.25,125
2002,169283,"CROAKER, ATLANTIC",0,91954.35,473642.29000000004,1024
2002,196436,"SPONGE, GRASS",0,91516.6,116729.62,367
2002,046861,SPONGES,0,87806,61344.66,1000
2002,168849,"SNAPPER, MUTTON",1,86224.74,147746.51,687
2002,166493,"SEAHORSE, DWARF",0,82276,16252.75,56
2002,161104,BOWFIN,0,81679.33,66195.71,553
2002,553173,ANCHOVIES,0,78402.5,18479.73,40
2002,051925,JELLYFISH,0,71962,7196.2,19
2002,069794,"SNAIL, TOPSNAIL",0,70911,15763.7,115
2002,163537,"CARP, GRASS",0,68069.1,14249.64,967
2002,553178,SPADEFISH,0,67198.53,26845.25,292
2002,168913,WENCHMAN,1,66208.74,75476.72,137
2002,172421,"TUNA, BLUEFIN",1,65152.03,300140.15,113
2002,160497,"SHARKS, HAMMERHEAD",0,65067.99,15085.39,93
2002,172385,"CUTLASSFISH, ATLANTIC",0,63798,64239,70
2002,172364,OILFISH,0,62022.590000000004,40436.92,154
2002,172736,"FLOUNDER, GULF",0,61285.46,124882.76000000001,1172
2002,168543,"TILEFISH, BLUELINE",1,60749.86,51570.49,286
2002,161732,"MENHADEN, ATLANTIC",0,58482,14742.09,92
2002,097863,"HERMIT, POLKADOTTED",0,55350,12005.49,83
2002,167674,GROUPERS,0,54987.86,119107.89,247
2002,082369,"SQUIDS, LOLIGINIDAE",0,54388,41805.92,402
2002,168860,"SNAPPER, LANE",1,53014.26,92369.8,1770
2002,079611,SCALLOPS,0,50986,138325.98,80
2002,082367,SQUIDS,0,50574.6,28945.98,424
2002,167698,"HIND, SPECKLED",1,48713.55,86450.782,660
2002,168691,"JACK, ALMACO",1,46948.06,43602.488,731
2002,168861,"SNAPPER, SILK",1,46653.48,98149.91,215
2002,160433,"SHARK, LEMON",1,44860.22,12695.1,46
2002,169267,SPOT,0,44753.270000000004,16544.47,1296
2002,168615,"JACK, BAR",1,44553.01,35265.01,664
2002,172428,"TUNA, BIGEYE",1,44238.75,179674.05000000002,148
2002,052627,"ANEMONE, GIANT CARIBBEAN",0,41919,16946.85,131
2002,095599,CRAB,0,39381,200922,104
2002,166704,SCORPIONFISHES,0,39244.22,39529.79,328
2002,160806,RAYS,0,39235,7823.6,44
2002,161094,"GAR, LONGNOSE",0,36455.07,21264.68,334
2002,163342,MINNOWS,0,35098.340000000004,240144.88,1083
2002,082703,"CRAB, HORSESHOE",0,35017,23622.53,66
2002,172427,"TUNA, BLACKFIN",1,35006.99,20885.79,316
2002,156862,"STARS, OTHER SEA",0,34873,27926.5,113
2002,169201,"PORGY, KNOBBED",1,34815.88,21606.55,517
2002,169187,PINFISH,0,32859.64,186051.29,1243
2002,160304,"SHARK, BLACKNOSE",1,32428.7,9800.93,32
2002,044030,FORAMS,0,30515,26918.25,64
2002,160200,"SHARK, ATLANTIC SHARPNOSE",1,29697.63,16211.6,28
2002,168584,JACKS,0,29325.600000000002,17111.96,485
2002,170566,HOGFISH,1,29238.79,59668.08,628
2002,160275,"SHARK, BULL",1,28456.02,8051.4800000000005,28
2002,168791,DOLPHIN,1,25455.09,32474.34,479
2002,159851,"SHARKS, PELAGIC",0,25113.14,6383.54,23
2002,168899,"SNAPPER, BLACK",1,24176.61,38480.17,298
2002,070088,"TURBAN, CHESTNUT",0,22805,17596.600000000002,69
2002,168544,"TILEFISH, GOLDFACE",1,20996.36,32209.3,101
2002,164807,"EELS, CUSK",0,20281,23175.510000000002,380
2002,169290,"DRUM, RED",1,19997,28359.9,198
2002,172419,"TUNA, ALBACORE",1,19195.21,8548.1,99
2002,164157,"CATFISHES, SEA",0,19134,7134.6,317
2002,168709,PERMIT,0,18820.56,27333.98,276
2002,159924,"SHARK, MAKO, SHORTFIN",1,17155.010000000002,14808.6,103
2002,082590,OCTOPUSES,0,15585,16242.75,296
2002,169240,"SEATROUT, SILVER",0,12494.85,8785.59,363
2002,098519,"CRABS, CORAL SPIDER",0,12160,17428.35,77
2002,172513,"DRIFTFISH, BLACK",0,12137.59,16211.12,45
2002,168693,"RUDDERFISH, BANDED",1,12132.77,10274.960000000001,208
2002,168902,"SNAPPER, QUEEN",1,11667.65,20871.83,112
2002,173752,"TURTLES, SNAPPING",0,11125.5,9771.85,44
2002,164034,BULLHEADS,0,10883.27,2385.05,40
2002,163692,"CARP, BIGHEAD",0,10638,609.96,150
2002,097671,"LOBSTER, SPANISH",0,9817,31396.670000000002,171
2002,167764,"GROUPER, YELLOWFIN",1,9541.39,19852.65,67
2002,168845,SNAPPERS,0,9475.83,10695.47,228
2002,173283,PUFFERS,0,9342,4876.43,666
2002,079819,"fileclam, rough",0,9286,4633,61
2002,650251,"BARRACUDA, GREAT",1,8309.5,3829.67,55
2002,098811,"CRAB, FLORIDA STONE",0,8093.25,16799.1,336
2002,160946,STINGRAYS,0,7965,3100.8,200
2002,166454,"PIPEFISH, SARGASSUM",0,7121,867.2,46
2002,164729,"HAKES, RED AND WHITE",0,6901.76,6647.95,205
2002,169237,DRUMS,0,6534,3478.73,482
2002,157520,"STAR, SERPENT BRITTLE",0,6235,5278.26,184
2002,157921,"URCHIN, GREEN SEA",0,6097,29394.7,93
2002,157821,"URCHINS, SEA",0,6013,33681.31,134
2002,052016,"CORALS, SOFT",0,5635,18326.75,314
2002,169007,TRIPLETAIL,1,5583.14,4813.47,318
2002,169539,"SPADEFISH, ATLANTIC",1,5290.59,3770.89,528
2002,168688,AMBERJACKS,0,5281,5584,38
2002,098178,"HERMIT, RED REEF",0,4877,2055.25,33
2002,567533,"SLUG, LETTUCE",0,4683,8427.65,73
2002,202423,ANIMALIA,0,4588,28036,94
2002,166487,SEAHORSES,0,4215,1882,7
2002,172564,HARVESTFISHES,0,3907,2166.7,213
2002,052541,"ANEMONE, OTHER",0,3871,2793.58,43
2002,098612,"CRAB, GREEN CLINGING",0,3272,1616,22
2002,047782,"SPONGE, RED BALL",0,3266,5498.5,230
2002,157826,"URCHIN, SLATE PENCIL",0,3173,2256.15,75
2002,169200,"PORGY, WHITEBONE",1,3169,2559.65,69
2002,172738,"FLOUNDER, SOUTHERN",0,3121.4900000000002,5668.842500000001,315
2002,172418,TUNAS,0,3121,4789,11
2002,052266,"GORGONIAN, SEA BLADES",0,3009,6804,134
2002,047528,"SPONGES, DEMOSPONGIAE",0,3000,6495.2,127
2002,208674,"TURTLES, NORTH AMERICAN SOFTSHELL",0,2908.7000000000003,2340.7000000000003,36
2002,095600,"SHRIMP, MARINE",0,2855,2988.05,63
2002,167744,"GROUPER, MARBLED",1,2762.64,5178.5,61
2002,159926,"SHARK, MAKO, LONGFIN",0,2762.43,2069.5,19
2002,099140,"SHRIMPS, MANTIS",0,2603,3847.15,31
2002,157987,"BISCUITS, SEA",0,2596,2553.91,17
2002,098131,"CRABS, SAND",0,2560.02,17883.52,92
2002,173819,"SLIDER, COMMON",0,2436,998.4,42
2002,167700,"HIND, RED",1,2410.38,4025.6,252
2002,098483,"CRAB, YELLOWLINE ARROW",0,2304,1808.05,173
2002,006409,ULOTRICHALES,0,2264,6690.27,108
2002,169196,"PORGY, GRASS",0,2246.36,1257.66,172
2002,168852,"SNAPPER, BLACKFIN",1,2229.23,3856.4,52
2002,169626,"ANGELFISH, BLUE",0,2212,18194.5,265
2002,158854,"TUNICATES, SEA SQUIRTS",0,2035,3736.5,117
2002,173183,"FILEFISH, PLANEHEAD",0,1963,532.1,80
2002,169086,PORKFISH,0,1953,3026.67,145
2002,170424,BARRACUDAS,0,1805.4,1076.2,33
2002,173235,BOXFISHES,0,1798,1197.7,85
2002,158323,"CUCUMBER, FLORIDA SEA",0,1748,1252.16,122
2002,099074,"CRAB, NIMBLE SPRAY",0,1677,2765.9500000000003,28
2002,006949,"PLANT, MERMAID'S SHAVING BRUSH",0,1676,802.36,61
2002,158309,"CUCUMBERS, OTHER SEA",0,1668,4491.32,62
2002,098485,"CRAB, FALSE ARROW",0,1667,2955.2000000000003,107
2002,079118,CLAMS,0,1626,9780.77,61
2002,051774,"CASSIOPEA, JAMAICAN",0,1595,1059.7,29
2002,006962,"PLANT, CAULERPA",0,1588.25,6319.96,111
2002,169197,"PORGY, JOLTHEAD",1,1570.26,1271.13,61
2002,166794,"SCORPIONFISH, SPINYCHEEK",0,1490.8,1519.3,75
2002,660512,"CRAB, FURCATE SPIDER",0,1471,837.26,92
2002,157486,"STAR, BLACK BRITTLE",0,1463,1093.65,70
2002,161324,"EELS, CONGER",0,1399,941.9,18
2002,052774,"ANEMONE, RINGED",0,1391,1239.25,12
2002,164159,"CATFISH, GAFFTOPSAIL",0,1354,146.85,9
2002,168602,"POMPANO, AFRICAN",1,1253.03,1164.4,26
2002,173433,FROGS,0,1251,2346.75,16
2002,173246,"COWFISH, HONEYCOMBED",0,1221,1286.5,34
2002,166488,"SEAHORSE, LINED",0,1202,2694.9700000000003,183
2002,078255,"DORIS, FLORIDA REGAL",0,1113,2789.73,86
2002,173139,"TRIGGERFISH, QUEEN",1,1101.56,1347.3,23
2002,164818,"BROTULA, BEARDED",0,1078.3600000000001,981.01,55
2002,172254,"TANG, BLUE",1,1065,4619.5,195
2002,646513,HIGH-HAT,0,1051,1350.64,124
2002,167838,CREOLE-FISH,0,1049.68,710.25,54
2002,155469,"BRYOZOA, ECTOPROCTA",0,1026,5407.5,91
2002,074222,"SNAIL, OLIVE",0,999,1994.5,6
2002,615846,"BURRFISH, STRIPED",0,980,1467.25,81
2002,168738,"RUNNER, RAINBOW",1,976.72,591.9,39
2002,079820,"FILECLAM, SPINY",0,974,872.34,38
2002,167762,"GROUPER, YELLOWMOUTH",1,949.86,1780.4,12
2002,668671,"TURTLE, ALLIGATOR SNAPPING",0,887,782.01,11
2002,173245,"COWFISH, SCRAWLED",0,841,286.7,38
2002,168847,"SNAPPER, CUBERA",1,832.5,865.09,13
2002,082607,"OCTOPUS, ATLANTIC PYGMY",0,803,1340,50
2002,168176,BIGEYES,0,789.36,762.5,77
2002,064358,"WORM, MARINE",0,784,4851.6,54
2002,167691,"BASS, ROCK SEA",1,776.76,1375.6000000000001,5
2002,052794,"ANEMONE, RED BEADED",0,764,909.75,23
2002,157518,"STAR, SCALY BRITTLE",0,736,712,39
2002,172250,SURGEONFISHES,0,727,820.65,6
2002,157906,"URCHIN, PURPLE-SPINED SEA",0,684,713.03,37
2002,169632,"ANGELFISH, GRAY",1,666,5450.74,201
2002,161096,"GAR, SHORTNOSE",0,649,576.2,6
2002,167703,"GROUPER, MISTY",1,649,1099.3,4
2002,078156,NUDIBRANCHS,0,646,2485.5,33
2002,168607,"JACK, YELLOW",0,606.6,831.27,11
2002,157366,"STAR, BASKET",0,600,1433.75,75
2002,006922,"PLANT, HALIMEDA",0,595,560.79,20
2002,157325,"STARS, BRITTLE",0,588,1465.27,30
2002,172714,"FLOUNDERS, LEFTEYED",0,582,3279.2000000000003,125
2002,168857,"SNAPPER, DOG",1,578.36,406.2,17
2002,096601,"SHRIMPS, PISTOL OR SNAPPING",0,567,407.95,35
2002,166972,SEAROBINS,0,553,1528.5,60
2002,168204,FLAMEFISH,0,540,858.21,101
2002,161095,"GAR, SPOTTED",0,520.65,432.65000000000003,11
2002,167800,"BASS, LONGTAIL",0,514.8,493.2,63
2002,160189,"SHARK, TIGER",1,504.06,191.4,5
2002,169314,JACKKNIFE-FISH,0,491,1858.5,29
2002,098088,"CRAB, SPOTTED PORCELAIN",0,485,263.7,34
2002,169623,"ANGELFISH, QUEEN",1,460,6962.5,148
2002,097298,"SHRIMP, BANDED CORAL",0,455,801.14,83
2002,164412,TOADFISHES,0,451,449.81,89
2002,161189,"MORAY, BLACKEDGE",0,448,506.5,61
2002,166170,SQUIRRELFISHES,0,436.22,258.47,62
2002,172409,"BONITO, ATLANTIC",0,428,175,5
2002,157958,"URCHIN, ROCK BORING",0,409,193.43,18
2002,167696,"HIND, ROCK",1,393.76,702.4,36
2002,082603,"OCTOPUS, COMMON",0,390,536.25,55
2002,169558,"BUTTERFLYFISH, FOUREYE",0,390,718.4,89
2002,164593,"BATFISH, OTHER",0,377,711.25,91
2002,074182,"TULIP, TRUE",0,376,2068.63,36
2002,203428,FILEFISHES,0,352,2025.5,42
2002,166326,OPAH,0,311.16,332.40000000000003,6
2002,167806,"HAMLET, BUTTER",0,281,595.3000000000001,45
2002,169504,"CHUBS, SEA",0,269.28000000000003,291.2,12
2002,171124,"BLENNY, OTHER",0,248,632.98,56
2002,614740,"PARROTFISH, STRIPED",1,235,681.0500000000001,60
2002,173320,"PUFFER, SHARPNOSE",0,231,293.75,60
2002,169562,"BUTTERFLYFISH, REEF",0,230,517.26,54
2002,166862,"SCORPIONFISH, REEF",0,229,241,28
2002,615345,BEAUGREGORY,0,200,248.35,30
2002,161123,EELS,0,197,188.85,11
2002,163996,"CATFISHES, CHANNEL",0,196,56.25,4
2002,096896,"SHRIMP, CLEANER",0,195,1330.5,16
2002,172437,CERO,1,194.9,144.8,21
2002,169625,"BEAUTY, ROCK",0,192,1311.5,24
2002,164457,CLINGFISHES,0,186,164,12
2002,167858,"SANDFISH, BELTED",0,179,332,17
2002,170925,"JAWFISHES, SPOTFIN",0,176,131,61
2002,170568,BLUEHEAD,0,169,458.96000000000004,23
2002,052830,"ANEMONE, SUN",0,166,402,9
2002,169633,"ANGELFISH, FRENCH",1,162,2716,88
2002,636786,"GOBY,NEON",0,155,465.15000000000003,17
2002,172512,BARRELFISH,0,146,223.75,5
2002,172252,"SURGEON, OCEAN",0,139,221.70000000000002,58
2002,170484,"HOGFISH, SPANISH",1,118,730.12,34
2002,181220,GRAYSBY,1,112.17,287.25,11
2002,170477,"WRASSE, OTHER",0,109,132.91,28
2002,170809,PARROTFISHES,0,104.24000000000001,931.72,16
2002,170928,"JAWFISH, YELLOWHEAD",0,101,518,7
2002,166787,"ROSEFISH, BLACKBELLY",0,98,99.54,9
2002,173392,BALLOONFISH,0,97,244.75,29
2002,170080,"CHROMIS, BLUE",0,94,301,8
2002,168613,"JACK, BLACK",0,86.64,37.25,5
2002,171405,"BLENNY, SAILFIN",0,81,242,9
2002,169563,"BUTTERFLYFISH, BANDED",0,79,231.23000000000002,18
2002,170483,"HOGFISH, SPOTFIN",0,76,985,13
2002,098340,"CRABS, BOX",0,74,168.55,17
2002,051483,JELLYFISH,0,71,1226.25,7
2002,167860,"BASS, HARLEQUIN",0,67,138.25,32
2002,072743,"COWRIE, ATLANTIC DEER",0,67,102.10000000000001,19
2002,170815,"PARROTFISH, PRINCESS",1,66,345.5,20
2002,169556,"BUTTERFLYFISH, SPOTFIN",0,65,130,30
2002,170503,"DICK, SLIPPERY",0,64,396.86,9
2002,081649,"CLAM, JEWEL BOX",0,60,66,5
2002,171423,"BLENNY, SADDLED",0,55,235,9
2002,170863,"PARROTFISH, REDBAND",1,52,336.32,25
2002,072767,"COWRIE, MEASLED",0,49,48.65,4
2002,166411,TRUMPETFISH,0,44,49.5,3
2002,170046,"MAJOR, SERGEANT",0,40,45.730000000000004,20
2002,622125,"SQUIRRELFISH, REEF",0,36,82.5,14
2002,173297,"PUFFER, SOUTHERN",0,35,156.71,19
2002,172411,MACKERELS,0,34,23.3,4
2002,074187,"CONCH, HORSE",0,33,447.85,18
2002,161188,"MORAY, SPOTTED",0,28,191.96,21
2002,098888,"CRAB, REDFINGER RUBBLE",0,26,19,3
2002,170867,"PARROTFISH, STOPLIGHT",1,23,174.99,11
2002,170507,"WRASSE, CLOWN",0,20,32.58,8
2002,167793,"PERCH, SAND",0,18,25.7,4
2002,169421,"GOATFISH, SPOTTED",0,16,50.5,10
2002,164520,SARGASSUMFISH,0,13,51,10
2002,168567,"REMORAS, OTHER",0,13,31.5,9
2002,170116,"DAMSELFISH, YELLOWTAIL",0,9,35,5
2002,173137,TRIGGERFISHES,0,8,8,2
2002,168548,"TILEFISH, SAND",1,7.72,4.5,3
2002,160845,SKATES,0,6,31.88,5
2002,173157,"FILEFISH, WHITESPOTTED",0,4,17.5,4
2003,161731,MENHADENS,0,1142692077,45845725.9,2435
2003,551570,"SHRIMP, NORTHERN BROWN",1,136678868.4,180159420.04,62331
2003,551680,"SHRIMP, NORTHERN WHITE",1,93934298.61,141556981.02,85444
2003,098696,"CRAB, BLUE",0,63756186.82,46090246.054,342821
2003,079872,"OYSTER, EASTERN",0,33885509.39,61676959.14,80960
2003,170335,"MULLET, STRIPED",0,12311808.32,7858058.032,30563
2003,097490,PROCAMBARUS,0,8329915.1,4840860.04,19089
2003,551574,"SHRIMP, NORTHERN PINK",1,7486989.78,14893561.08,8108
2003,167702,"GROUPER, RED",1,5683242.63,11380291.5796,7898
2003,169288,"DRUM, BLACK",0,5366941.13,3327829.25,10235
2003,098810,"CRAB, STONE",0,4638890.42,20158645.1828,64777
2003,168853,"SNAPPER, RED",1,4445864.47,10477114.2999,4707
2003,172423,"TUNA, YELLOWFIN",1,3763551.3,11054697.4,2560
2003,095750,"SHRIMP, ATLANIC SEABOB",0,3700347,1103440.2,1302
2003,163954,"FISHES, BUFFALO",0,3323936.08,521408.31,5646
2003,914179,OSTEICHTHYES,0,3054346.87,1545453.23,901
2003,096027,"SHRIMPS, ROCK",0,2929996,4488180.95,857
2003,163997,"CATFISH, BLUE",0,2758375.43,1238708.8900000001,11618
2003,167759,"GROUPER, GAG",1,2698150.76,6872199.01,7440
2003,168909,"SNAPPER, VERMILION",1,2433801.7,4533740.8,4974
2003,169189,SHEEPSHEAD,0,2361647.48,808442.51,12350
2003,161748,"HERRING, ATLANTIC THREAD",0,2004722.82,531984.48,220
2003,161111,LADYFISH,0,1905319.76,1048512.22,3214
2003,097648,"LOBSTER, CARIBBEAN SPINY",1,1885480.32,8182226.506,8864
2003,096028,"SHRIMP, ROCK",1,1686279.56,2996036.48,1032
2003,172435,"MACKEREL, KING",1,1660387.42,1966056.1099999999,2893
2003,161763,"SARDINE, SPANISH",0,1581548,597274.49,90
2003,095603,"SHRIMPS, BAIT",0,1511904.23,5311770.162,13689
2003,172436,"MACKEREL, SPANISH",1,1473301.81,733105.83,3879
2003,161737,"SHAD, GIZZARD",0,1449789.4,181062.87,913
2003,160318,"SHARK, BLACKTIP",1,1389703.48,247930.95,1143
2003,095599,"CRABS, SHRIMPS, LOBSTERS",0,1275815,3650785.35,2462
2003,167699,"GROUPER, YELLOWEDGE",1,1263370.02,3160456.09,1894
2003,172402,"TUNA, LITTLE TUNNY",1,1104688.2,329464.64,489
2003,172568,"BUTTERFISH,GULF",0,1033119,516610.75,107
2003,168725,"SCAD, ROUND",0,898730.25,781855.28,171
2003,163998,"CATFISH, CHANNEL",0,891750.25,451774.12,3079
2003,168689,"AMBERJACK, GREATER",1,854487.09,781864,2100
2003,172482,SWORDFISH,1,735863.76,1468648.33,1203
2003,161700,HERRINGS,0,708912,118301.65000000001,561
2003,158019,"DOLLARS, KEYHOLE SAND",0,693860,90730.5,104
2003,159785,SHARKS,0,688441,313838.57,1197
2003,201897,"GAR, ALLIGATOR",0,658342.38,433598.14,1391
2003,160289,"SHARK, SANDBAR",1,647951.11,184590.14,285
2003,051483,JELLYFISH,0,632400,57469.630000000005,137
2003,169364,"DRUM, FRESHWATER",0,624136.31,88436.6,3410
2003,081499,"CLAM, SOUTHERN QUAHOG",0,584762.8,4077072.78,8372
2003,566920,TURBINIDAE,0,532859,96829.77,275
2003,168609,"JACK, CREVALLE",1,501694.78,300282.45,4281
2003,159786,"SHARKS, SMALL COASTAL",0,500564.26,1134402.25,1653
2003,169055,GRUNTS,0,479535.05,324747.058,3848
2003,168907,"SNAPPER, YELLOWTAIL",1,463155.94,831080.3300000001,1576
2003,170333,MULLETS,0,425384,281698.65,1461
2003,168546,"TILEFISH, GOLDEN",1,401369.99,598421.23,874
2003,167760,"GROUPER, BLACK",1,365229.25,896655.62,1345
2003,167763,SCAMP,1,363697.4,916707.09,4102
2003,095966,"SHRIMP, ROYAL RED",1,334479.52,689982.75,81
2003,074474,"SNAIL, TURBONELLA",0,325234,80715.6,300
2003,156862,"STARS, OTHER SEA",0,307875,191280.42,130
2003,172702,FLATFISHES,0,304822,590695.48,3277
2003,168612,"RUNNER, BLUE",1,304267.9,129279.97,1379
2003,169180,PORGIES,0,284497.36,258576.68,2445
2003,168708,"POMPANO, FLORIDA",0,260774.23,867793.495,3682
2003,169013,MOJARRAS,0,257325.93,189050.18,5234
2003,167704,"GROUPER, WARSAW",1,251073.66,475165.65,1490
2003,098191,"HERMIT, TRICOLOR",0,247364,33227,219
2003,164029,"CATFISH, FLATHEAD",0,228788.02000000002,109165.35,1696
2003,069459,"SNAIL, OTHER",0,225981,70413.81,200
2003,168680,LOOKDOWN,0,223542,462920.51,76
2003,096893,"SHRIMP, PEPPERMINT",0,222070,83019.55,365
2003,167705,"GROUPER, SNOWY",1,216390.83000000002,441670.71,996
2003,168848,"SNAPPER, GRAY",1,200455.58000000002,379530.38,4551
2003,161104,BOWFIN,0,193563.71,122104.62,960
2003,170336,"MULLET, WHITE",0,191556.11000000002,103966.6,595
2003,161092,GARFISHES,0,185201.08000000002,162532.64,237
2003,169809,TILAPIAS,0,176027.91,91198.06,706
2003,095601,"SHRIMPS, PENAEOID",0,172162.11000000002,388243.44,526
2003,098188,"HERMIT, THINSTRIPE",0,167681,18805.350000000002,149
2003,005414,"ALGAE, GREEN",0,163437.5,275898.21,225
2003,172362,ESCOLAR,0,160156.45,105433.43000000001,477
2003,173128,TRIGGERFISHES,0,157811.56,199715.23,2740
2003,163344,"CARP, COMMON",0,148252.57,12872.31,1192
2003,167687,"BASS, BLACK SEA",1,137598.91,112988.79000000001,685
2003,158018,"DOLLARS, OTHER SAND",0,124574,19895.3,43
2003,172451,WAHOO,1,123361.85,129703,662
2003,196434,"SPONGE, YELLOW",0,118442,178477.14,774
2003,169273,KINGFISHES,0,115127.06,60050.380000000005,1315
2003,168849,"SNAPPER, MUTTON",1,113035.13,194920.57,724
2003,168559,BLUEFISH,0,111350.98,33710.32,2059
2003,168566,COBIA,1,110858.22,231791.175,1886
2003,169243,"SEATROUT, SAND",0,109694.91,67902.37,1897
2003,553178,SPADEFISH,0,109497,40268.6,321
2003,165459,BALLYHOOS,0,105561.95,80274.81,145
2003,046861,SPONGES,0,105001.5,72086.34,846
2003,167686,"BASSES, MIXED SEA",0,104670.84,69227.68000000001,991
2003,169207,"PORGY, RED",1,104184.48,111450.29000000001,1073
2003,163892,SUCKERS,0,101360,38762,52
2003,196436,"SPONGE, GRASS",0,101259,125468.13,234
2003,172734,"FLOUNDERS, PARALICHTHYS",0,101129.08,146023.15,2194
2003,168543,"TILEFISH, BLUELINE",1,95842.31,75993.24,358
2003,173138,"TRIGGERFISH, GRAY",1,93960.19,102338.53,1291
2003,169283,"CROAKER, ATLANTIC",0,92134.87,516415.24,828
2003,047614,HIPPOSPONGIA,0,90709,276181.05,849
2003,069794,"SNAIL, TOPSNAIL",0,89646,24374.65,111
2003,160200,"SHARK, ATLANTIC SHARPNOSE",1,86200.47,25986.65,87
2003,169239,"SEATROUT, SPOTTED",0,85293.08,165835.2,1244
2003,172421,"TUNA, BLUEFIN",1,83996,389637.56,134
2003,167698,"HIND, SPECKLED",1,82178.21,151567.16,825
2003,099084,"CRABS, FIDDLER",0,79200,2744,13
2003,172736,"FLOUNDER, GULF",0,77666.77,164678.949,1340
2003,168690,"AMBERJACK, LESSER",1,73144.13,73732.89,368
2003,168790,DOLPHINFISH,0,71752.88,70579.09,486
2003,082369,"SQUIDS, LOLIGINIDAE",0,65247,53335.1,395
2003,052627,"ANEMONE, GIANT CARIBBEAN",0,56867,32704.65,249
2003,161732,"MENHADEN, ATLANTIC",0,54978.4,17624.510000000002,74
2003,164034,BULLHEADS,0,54873.47,15302.99,205
2003,168913,WENCHMAN,1,53099.880000000005,48899.08,138
2003,172411,MACKERELS,0,52287,28978.3,175
2003,160497,"SHARKS, HAMMERHEAD",0,52212.3,6053.314,91
2003,168860,"SNAPPER, LANE",1,50816.22,83868.015,1546
2003,160275,"SHARK, BULL",1,50053.41,11295.95,64
2003,097863,"HERMIT, POLKADOTTED",0,49286,13034.65,70
2003,159851,"SHARKS, PELAGIC",0,48099.55,12175.77,30
2003,079611,SCALLOPS,0,43453,62518.200000000004,69
2003,172364,OILFISH,0,43394.73,31615.45,120
2003,168615,"JACK, BAR",1,43206.33,38057.57,777
2003,163342,MINNOWS,0,42378.3,280119.49,1346
2003,082367,SQUIDS,0,42118.5,20017.86,348
2003,169187,PINFISH,0,40661,168302.75,1687
2003,163537,"CARP, GRASS",0,40202,8495.11,645
2003,168544,"TILEFISH, GOLDFACE",1,38037.42,54693.11,102
2003,168584,JACKS,0,36953.1,19900.68,446
2003,168691,"JACK, ALMACO",1,36342.93,30200.190000000002,690
2003,161094,"GAR, LONGNOSE",0,36052.44,25269.63,283
2003,172428,"TUNA, BIGEYE",1,33861.25,101473.68000000001,136
2003,167674,GROUPERS,0,32078.940000000002,71710.15000000001,192
2003,166493,"SEAHORSE, DWARF",0,31411,14818.6,69
2003,172427,"TUNA, BLACKFIN",1,31162.43,13812.49,258
2003,168861,"SNAPPER, SILK",1,30880.2,68237.84,199
2003,169267,SPOT,0,29557.28,9990.33,1119
2003,170566,HOGFISH,1,27955.8,60034.92,510
2003,164807,"EELS, CUSK",0,27132.5,29231.05,459
2003,168791,DOLPHIN,1,27070.41,36055.44,533
2003,169290,"DRUM, RED",1,26646,37005.5,326
2003,095599,CRAB,0,26568,87011,107
2003,168709,PERMIT,0,22727.13,32022.77,447
2003,169201,"PORGY, KNOBBED",1,21497.78,12810.720000000001,400
2003,166704,SCORPIONFISHES,0,19785.08,17671.91,392
2003,044030,FORAMS,0,19511,17748,57
2003,168684,"MOONFISH, ATLANTIC",0,18578,6008.22,16
2003,159924,"SHARK, MAKO, SHORTFIN",1,18562.77,14513.12,139
2003,160433,"SHARK, LEMON",1,17751.28,5236.6,33
2003,172385,"CUTLASSFISH, ATLANTIC",0,17483,12620,53
2003,070088,"TURBAN, CHESTNUT",0,16812,8956.94,118
2003,172419,"TUNA, ALBACORE",1,16307.75,31164,66
2003,166487,SEAHORSES,0,15729,1910.25,42
2003,098519,"CRABS, CORAL SPIDER",0,15502,19236.54,50
2003,160304,"SHARK, BLACKNOSE",1,14009.53,4930.2,33
2003,164157,"CATFISHES, SEA",0,13224.32,5391.81,388
2003,079819,"fileclam, rough",0,12784,5992.25,57
2003,208674,"TURTLES, NORTH AMERICAN SOFTSHELL",0,12587.5,9677.16,57
2003,098811,"CRAB, FLORIDA STONE",0,12270.5,43098.85,200
2003,168845,SNAPPERS,0,11302.050000000001,21881.010000000002,171
2003,082590,OCTOPUSES,0,11186.44,12916.220000000001,256
2003,169200,"PORGY, WHITEBONE",1,10912.48,9921,172
2003,070159,"SNAIL, NERITES",0,10707,4914.6,38
2003,157921,"URCHIN, GREEN SEA",0,10439,48068,113
2003,163692,"CARP, BIGHEAD",0,10389,867.29,99
2003,074075,"WHELK, LIGHTNING",0,10370,11396.5,37
2003,097671,"LOBSTER, SPANISH",0,10335.35,39179.79,129
2003,168902,"SNAPPER, QUEEN",1,9694.54,19518.37,169
2003,567533,"SLUG, LETTUCE",0,9502,13189.4,106
2003,168688,AMBERJACKS,0,9226,9576.65,38
2003,173752,"TURTLES, SNAPPING",0,9035.5,9740.58,118
2003,172513,"DRIFTFISH, BLACK",0,8549.81,12462.300000000001,30
2003,202423,ANIMALIA,0,8448,36255.48,133
2003,052541,"ANEMONE, OTHER",0,8085,3258.58,45
2003,082703,"CRAB, HORSESHOE",0,8053,11568,107
2003,168693,"RUDDERFISH, BANDED",1,7766.51,4970.32,139
2003,097660,"LOBSTERS, SLIPPER",0,7562,36295.3,50
2003,173283,PUFFERS,0,7345.5,7379.43,521
2003,170424,BARRACUDAS,0,7071.12,3598.91,55
2003,052016,"CORALS, SOFT",0,6978.5,23600.94,292
2003,006409,ULOTRICHALES,0,6459,11552.89,152
2003,668671,"TURTLE, ALLIGATOR SNAPPING",0,6097.5,6764.9800000000005,52
2003,052794,"ANEMONE, RED BEADED",0,6057,5126.05,64
2003,160946,STINGRAYS,0,5975,3926.3,260
2003,157520,"STAR, SERPENT BRITTLE",0,5970,6493.26,167
2003,167838,CREOLE-FISH,0,5260.32,3494.65,95
2003,157187,"STARFISH, SPINY",0,5235,4671.38,111
2003,650251,"BARRACUDA, GREAT",1,5233,2452.98,71
2003,169237,DRUMS,0,5165,1811.3600000000001,472
2003,047782,"SPONGE, RED BALL",0,5023,11562.81,197
2003,167764,"GROUPER, YELLOWFIN",1,4886.49,9477.2,57
2003,157826,"URCHIN, SLATE PENCIL",0,4706,4150.01,81
2003,169626,"ANGELFISH, BLUE",0,4600,33580.2,326
2003,157821,"URCHINS, SEA",0,4448,22551.53,74
2003,169539,"SPADEFISH, ATLANTIC",1,4432.59,2427.5,506
2003,172738,"FLOUNDER, SOUTHERN",0,4273.18,9393.89,249
2003,095647,"SHRIMP, ROUGHNECK",0,3961,3170,4
2003,098178,"HERMIT, RED REEF",0,3889,2307,18
2003,169197,"PORGY, JOLTHEAD",1,3775.2200000000003,2939.05,110
2003,047528,"SPONGES, DEMOSPONGIAE",0,3603,9322.03,126
2003,160806,RAYS,0,3466,1681.75,44
2003,168899,"SNAPPER, BLACK",1,3440.9500000000003,4374.5,202
2003,660512,"CRAB, FURCATE SPIDER",0,3300,1444,148
2003,164729,"HAKES, RED AND WHITE",0,3280.38,3163.5,166
2003,098612,"CRAB, GREEN CLINGING",0,3156,2117.51,35
2003,169007,TRIPLETAIL,1,3150.04,2473.8,179
2003,167700,"HIND, RED",1,3072.4700000000003,5536.86,299
2003,167744,"GROUPER, MARBLED",1,3063.3,5990,70
2003,098485,"CRAB, FALSE ARROW",0,2933,3263.1,135
2003,051774,"CASSIOPEA, JAMAICAN",0,2900,2234.8,73
2003,051925,JELLYFISH,0,2899,1899,3
2003,169196,"PORGY, GRASS",0,2886.2400000000002,2257.3,138
2003,161755,"SARDINE, SCALED",0,2846.4,276.02,7
2003,169240,"SEATROUT, SILVER",0,2714.39,1527.46,128
2003,158854,"TUNICATES, SEA SQUIRTS",0,2626,4227.97,135
2003,169086,PORKFISH,0,2400,3662.3,142
2003,168852,"SNAPPER, BLACKFIN",1,2376.52,4224.93,101
2003,158309,"CUCUMBERS, OTHER SEA",0,2341.35,10113.300000000001,65
2003,052266,"GORGONIAN, SEA BLADES",0,2330,4329.96,72
2003,173819,"SLIDER, COMMON",0,2329,587.6,38
2003,158323,"CUCUMBER, FLORIDA SEA",0,2276,2355.65,115
2003,159926,"SHARK, MAKO, LONGFIN",0,2268.31,1629.5,17
2003,172564,HARVESTFISHES,0,2251,1195.2,219
2003,078255,"DORIS, FLORIDA REGAL",0,2161,4843,98
2003,168176,BIGEYES,0,2076.8,1061.15,121
2003,099140,"SHRIMPS, MANTIS",0,2054,3251.7000000000003,42
2003,157486,"STAR, BLACK BRITTLE",0,2000,1761.65,55
2003,173183,"FILEFISH, PLANEHEAD",0,1998,529.77,99
2003,168738,"RUNNER, RAINBOW",1,1914.92,852.15,43
2003,170809,PARROTFISHES,0,1754.04,1638.76,33
2003,168847,"SNAPPER, CUBERA",1,1719.6200000000001,2153.35,24
2003,164818,"BROTULA, BEARDED",0,1674.8400000000001,1395.4,43
2003,173245,"COWFISH, SCRAWLED",0,1672,338.07,65
2003,157325,"STARS, BRITTLE",0,1668,2598.05,51
2003,098131,"CRABS, SAND",0,1663.13,10472.43,73
2003,098088,"CRAB, SPOTTED PORCELAIN",0,1501,1202.47,54
2003,160401,"SHARK, SPINNER",1,1426.14,135.25,4
2003,006962,"PLANT, CAULERPA",0,1382,6722.25,95
2003,079820,"FILECLAM, SPINY",0,1366,1344.41,45
2003,636786,"GOBY,NEON",0,1347,4102,36
2003,173235,BOXFISHES,0,1236,1693.96,65
2003,079118,CLAMS,0,1230,8237.78,55
2003,157958,"URCHIN, ROCK BORING",0,1146,857.36,24
2003,052440,"MAT, GREEN SEA",0,1127,3427.5,10
2003,006922,"PLANT, HALIMEDA",0,1069,1030.2,42
2003,006949,"PLANT, MERMAID'S SHAVING BRUSH",0,1047,696.69,40
2003,072556,"CONCH, FLORIDA FIGHTING",0,1043,6638.2,24
2003,646513,HIGH-HAT,0,1043,1480.8500000000001,141
2003,169632,"ANGELFISH, GRAY",1,1043,7319.5,172
2003,098483,"CRAB, YELLOWLINE ARROW",0,981,1057.02,72
2003,166794,"SCORPIONFISH, SPINYCHEEK",0,957.76,987.82,78
2003,078156,NUDIBRANCHS,0,930,1631.75,47
2003,074222,"SNAIL, OLIVE",0,910,2910,8
2003,167800,"BASS, LONGTAIL",0,851.76,846.75,97
2003,172714,"FLOUNDERS, LEFTEYED",0,845,5438.5,133
2003,052830,"ANEMONE, SUN",0,837,1114.28,24
2003,164412,TOADFISHES,0,834,721.64,124
2003,095600,"SHRIMP, MARINE",0,797,2612.2000000000003,59
2003,169623,"ANGELFISH, QUEEN",1,795,9027.99,170
2003,052774,"ANEMONE, RINGED",0,792,722.66,24
2003,173297,"PUFFER, SOUTHERN",0,778,949.11,45
2003,615846,"BURRFISH, STRIPED",0,750,2242.6,56
2003,064358,"WORM, MARINE",0,717,4842.88,32
2003,166326,OPAH,0,714.48,1071.03,11
2003,169314,JACKKNIFE-FISH,0,686,3617.2000000000003,31
2003,155469,"BRYOZOA, ECTOPROCTA",0,682,4730.25,70
2003,082603,"OCTOPUS, COMMON",0,672,927.99,54
2003,168204,FLAMEFISH,0,622,1005.25,87
2003,096896,"SHRIMP, CLEANER",0,594,819.5,12
2003,168178,BIGEYE,0,576.16,414.35,67
2003,170503,"DICK, SLIPPERY",0,571,889.6,41
2003,073236,"SNAIL, MUREX",0,561,1949.8700000000001,19
2003,203428,FILEFISHES,0,546,2030.5800000000002,68
2003,099074,"CRAB, NIMBLE SPRAY",0,540,1272,10
2003,096601,"SHRIMPS, PISTOL OR SNAPPING",0,528,424.08,52
2003,167696,"HIND, ROCK",1,514.48,932.9,50
2003,173433,FROGS,0,490.7,837.7,28
2003,172254,"TANG, BLUE",1,478,1819.3,87
2003,068076,"POLYCHAETE, FEATHER-DUSTER",0,462,1303.15,20
2003,157906,"URCHIN, PURPLE-SPINED SEA",0,459,622.75,21
2003,157518,"STAR, SCALY BRITTLE",0,446,477.75,14
2003,164593,"BATFISH, OTHER",0,435,957.4,99
2003,161189,"MORAY, BLACKEDGE",0,425,641.23,74
2003,166972,SEAROBINS,0,425,2138.7,57
2003,097298,"SHRIMP, BANDED CORAL",0,422,842.35,63
2003,166454,"PIPEFISH, SARGASSUM",0,422,496.96000000000004,59
2003,167703,"GROUPER, MISTY",1,414.18,928.3000000000001,6
2003,161061,"FISHES, RAY-FINNED",0,410,2409.9,47
2003,052150,"CORAL, DEEPWATER",0,384,572,22
2003,169558,"BUTTERFLYFISH, FOUREYE",0,375,717.66,90
2003,161095,"GAR, SPOTTED",0,363.84000000000003,376.39,19
2003,166170,SQUIRRELFISHES,0,357.94,189.65,55
2003,166488,"SEAHORSE, LINED",0,351,2005.46,91
2003,074101,"CONCH, CROWN",0,333,211.5,11
2003,169504,"CHUBS, SEA",0,329,67.2,21
2003,082607,"OCTOPUS, ATLANTIC PYGMY",0,315,1022,42
2003,164457,CLINGFISHES,0,308,587.25,30
2003,172512,BARRELFISH,0,292,461.8,11
2003,166787,"ROSEFISH, BLACKBELLY",0,277.35,298.84000000000003,13
2003,096424,"SHRIMP, SPOTTED CLEANER",0,277,1606.73,23
2003,172437,CERO,1,231.4,124.8,7
2003,074182,"TULIP, TRUE",0,231,850.5600000000001,35
2003,157366,"STAR, BASKET",0,228,946.5500000000001,44
2003,170568,BLUEHEAD,0,208,556.36,32
2003,172401,"TUNA, SKIPJACK",1,189.86,588.5500000000001,3
2003,173320,"PUFFER, SHARPNOSE",0,189,271.49,49
2003,081496,"CLAM, NORTHERN QUAHOG",0,178.79,5054.81,37
2003,171124,"BLENNY, OTHER",0,178,611,51
2003,168602,"POMPANO, AFRICAN",1,156.66,283.12,11
2003,079578,PENSHELLS,0,154,2313.25,7
2003,169625,"BEAUTY, ROCK",0,154,1197.25,26
2003,169633,"ANGELFISH, FRENCH",1,153,2368,88
2003,170080,"CHROMIS, BLUE",0,147,470,13
2003,170928,"JAWFISH, YELLOWHEAD",0,145,728.75,7
2003,169562,"BUTTERFLYFISH, REEF",0,144,301.05,34
2003,078022,"HARES, SEA",0,139,319.5,4
2003,160502,"SHARK, BONNETHEAD",1,139,61.5,3
2003,161123,EELS,0,132,183.33,4
2003,169556,"BUTTERFLYFISH, SPOTFIN",0,131,316.25,38
2003,074187,"CONCH, HORSE",0,128,358.5,12
2003,167806,"HAMLET, BUTTER",0,128,239.5,31
2003,171423,"BLENNY, SADDLED",0,126,608,10
2003,168610,"JACK, HORSE-EYE",0,125.60000000000001,62.300000000000004,6
2003,166862,"SCORPIONFISH, REEF",0,117,137.70000000000002,21
2003,167858,"SANDFISH, BELTED",0,111,201,18
2003,614740,"PARROTFISH, STRIPED",1,110,328.5,40
2003,081649,"CLAM, JEWEL BOX",0,100,227.6,10
2003,172252,"SURGEON, OCEAN",0,91,248.85,36
2003,170477,"WRASSE, OTHER",0,88,136.94,20
2003,170484,"HOGFISH, SPANISH",1,78,575.46,32
2003,167860,"BASS, HARLEQUIN",0,72,134.6,29
2003,161160,"EEL, MORAYS",0,69,196.38,22
2003,098888,"CRAB, REDFINGER RUBBLE",0,61,58.5,7
2003,615345,BEAUGREGORY,0,60,107.85000000000001,17
2003,168850,SCHOOLMASTER,1,52.17,61.550000000000004,3
2003,173392,BALLOONFISH,0,50,84.25,28
2003,160845,SKATES,0,43,93.25,4
2003,072743,"COWRIE, ATLANTIC DEER",0,40,103.95,14
2003,072767,"COWRIE, MEASLED",0,39,142.71,5
2003,621035,"STINGRAY, YELLOW",0,39,265.46,5
2003,098340,"CRABS, BOX",0,38,63.410000000000004,15
2003,173139,"TRIGGERFISH, QUEEN",1,35,40.7,3
2003,170506,"WRASSE, YELLOWHEAD",0,34,67,3
2003,170920,JAWFISHES,0,34,53.5,3
2003,161188,"MORAY, SPOTTED",0,34,216.5,14
2003,168858,"SNAPPER, MAHOGANY",0,32.19,55.800000000000004,4
2003,171430,"BLENNY, BANDED",0,31,84,6
2003,170046,"MAJOR, SERGEANT",0,31,53.94,9
2003,169065,"GRUNT, FRENCH",0,28,59.25,7
2003,173137,TRIGGERFISHES,0,26,15,3
2003,168567,"REMORAS, OTHER",0,26,76,14
2003,181220,GRAYSBY,1,23.990000000000002,61.9,9
2003,168548,"TILEFISH, SAND",1,22.400000000000002,12.25,5
2003,622125,"SQUIRRELFISH, REEF",0,20,51,9
2003,169563,"BUTTERFLYFISH, BANDED",0,19,67.5,10
2003,615416,"DAMSELFISH, BICOLOR",0,18,17.5,3
2003,168575,SHARKSUCKER,0,18,190,14
2003,161419,"EELS, SNAKE",0,15,102,7
2003,167793,"PERCH, SAND",0,14,142.5,6
2003,173157,"FILEFISH, WHITESPOTTED",0,13,34.5,4
2003,171203,"BLENNY, REDLIP",0,11,17.5,3
2003,169317,"DRUM, SPOTTED",0,11,89.5,3
2003,079779,"OYSTER, ATLANTIC THORNY",0,11,38.58,5
2003,170116,"DAMSELFISH, YELLOWTAIL",0,9,17.25,4
2003,170507,"WRASSE, CLOWN",0,6,9.9,4
2003,169421,"GOATFISH, SPOTTED",0,6,22,4
2003,161237,"MORAY, GOLDENTAIL",0,6,41,3
2004,161731,MENHADENS,0,1023166461,44901054.98,2418
2004,551570,"SHRIMP, NORTHERN BROWN",1,120536511.01,153516123.56,49490
2004,551680,"SHRIMP, NORTHERN WHITE",1,104258878.23,166945677.58,84315
2004,098696,"CRAB, BLUE",0,56875392.98,40014347.1315,314980
2004,079872,"OYSTER, EASTERN",0,32972684.32,57121846.72,77355
2004,170335,"MULLET, STRIPED",0,12389544.73,7976537.53,29376
2004,551574,"SHRIMP, NORTHERN PINK",1,12352313.66,23263790.35,9586
2004,097490,PROCAMBARUS,0,8465710.6,4750982.22,20678
2004,167702,"GROUPER, RED",1,6649701.23,12998137.958,7728
2004,169288,"DRUM, BLACK",0,5181870.98,3516751.7800000003,10839
2004,168853,"SNAPPER, RED",1,4441371.82,11107745.102,4878
2004,172423,"TUNA, YELLOWFIN",1,3597623.0300000003,11964250.93,2311
2004,051925,JELLYFISH,0,3334177.8,271113.566,208
2004,161748,"HERRING, ATLANTIC THREAD",0,3183130.27,433798.13,229
2004,167759,"GROUPER, GAG",1,3069897.41,7650603.55,7016
2004,163954,"FISHES, BUFFALO",0,2898214.83,494390.05,5071
2004,163997,"CATFISH, BLUE",0,2879224.38,1301754.77,10823
2004,098810,"CRAB, STONE",0,2724588.06,23972053.6921,66548
2004,914179,OSTEICHTHYES,0,2713501.39,1463689.74,926
2004,097648,"LOBSTER, CARIBBEAN SPINY",1,2356552.05,10483316.39,7929
2004,095750,"SHRIMP, ATLANIC SEABOB",0,2177550,650151.66,607
2004,168909,"SNAPPER, VERMILION",1,2137053.42,4050602.32,4621
2004,161763,"SARDINE, SPANISH",0,2118235,322975.75,121
2004,172435,"MACKEREL, KING",1,2101169,2339682.86,2818
2004,169189,SHEEPSHEAD,0,1805850.4300000002,571871.6900000001,11491
2004,096027,"SHRIMPS, ROCK",0,1599944.74,1199000.3900000001,733
2004,163998,"CATFISH, CHANNEL",0,1518220.25,724180.67,4360
2004,161111,LADYFISH,0,1462794.97,709438.53,2250
2004,095603,"SHRIMPS, BAIT",0,1355122.24,4738944.4535,11622
2004,095599,"CRABS, SHRIMPS, LOBSTERS",0,1330641,3623086.06,2244
2004,161737,"SHAD, GIZZARD",0,1200187.3,169012.01,695
2004,172436,"MACKEREL, SPANISH",1,1137001.84,687397.085,3854
2004,167699,"GROUPER, YELLOWEDGE",1,1028263.29,2542222.44,1240
2004,160318,"SHARK, BLACKTIP",1,1024589.27,197977.37,813
2004,158019,"DOLLARS, KEYHOLE SAND",0,970265,104298.40000000001,125
2004,096028,"SHRIMP, ROCK",1,864621.98,868236.04,839
2004,168689,"AMBERJACK, GREATER",1,861332.53,773031.8,1905
2004,168725,"SCAD, ROUND",0,853169.1,914776.46,156
2004,161700,HERRINGS,0,850156,124997.73,558
2004,172568,"BUTTERFISH,GULF",0,813614.3,463872.448,78
2004,566920,TURBINIDAE,0,697615,110804.53,294
2004,099084,"CRABS, FIDDLER",0,639520,12793.4,29
2004,159785,SHARKS,0,631526.39,391261.77,1320
2004,158018,"DOLLARS, OTHER SAND",0,593498,71063.98,101
2004,172482,SWORDFISH,1,577852.09,1413194.7,1074
2004,201897,"GAR, ALLIGATOR",0,532261.4,470969.7,1060
2004,160289,"SHARK, SANDBAR",1,490396.92,129448.885,246
2004,168907,"SNAPPER, YELLOWTAIL",1,476111.53,989513.48,1710
2004,098191,"HERMIT, TRICOLOR",0,470606,62927.75,304
2004,168546,"TILEFISH, GOLDEN",1,464239.16000000003,665845.28,693
2004,159786,"SHARKS, SMALL COASTAL",0,446069.36,955244.12,1246
2004,168612,"RUNNER, BLUE",1,434544.14,180495.02,1476
2004,169364,"DRUM, FRESHWATER",0,427244.64,62282.630000000005,2596
2004,169055,GRUNTS,0,416503.17,288399.36,3078
2004,170333,MULLETS,0,383868,285834.05,1245
2004,095966,"SHRIMP, ROYAL RED",1,383114,769161.4500000001,91
2004,167760,"GROUPER, BLACK",1,371909.81,910087.38,1362
2004,167763,SCAMP,1,371049.5,925299.625,3954
2004,074474,"SNAIL, TURBONELLA",0,369627.25,90545.19,352
2004,168609,"JACK, CREVALLE",1,340649.46,205676.15,3121
2004,172702,FLATFISHES,0,307337,587237.65,3131
2004,098188,"HERMIT, THINSTRIPE",0,305167,39679.85,223
2004,096893,"SHRIMP, PEPPERMINT",0,303985,117507.44,389
2004,081499,"CLAM, SOUTHERN QUAHOG",0,290207.18,2111185.32,5113
2004,169013,MOJARRAS,0,266021.19,193887.85,4942
2004,164029,"CATFISH, FLATHEAD",0,265780.85,127965.58,1846
2004,168848,"SNAPPER, GRAY",1,229468.06,441168.918,4770
2004,169180,PORGIES,0,219704.19,206821.17,2367
2004,095601,"SHRIMPS, PENAEOID",0,217950.06,727713.55,1228
2004,168708,"POMPANO, FLORIDA",0,213139.35,763985.33,1839
2004,168677,"SCAD, BIGEYE",0,212333.25,984967,47
2004,168849,"SNAPPER, MUTTON",1,202278.38,346404.4,901
2004,196434,"SPONGE, YELLOW",0,196770,316489.53,624
2004,172402,"TUNA, LITTLE TUNNY",1,196547.26,60595.58,341
2004,074107,"NASSA, BRUISED",0,195628,20147.8,49
2004,167705,"GROUPER, SNOWY",1,182392.77,373312.23,706
2004,172413,"MACKEREL, ATLANTIC CHUB",0,170769,81245.45,43
2004,167704,"GROUPER, WARSAW",1,166574.45,311767.17,886
2004,005414,"ALGAE, GREEN",0,151988,332379.3,256
2004,172421,"TUNA, BLUEFIN",1,146168,573870.04,226
2004,169273,KINGFISHES,0,145698.9,83298.81,941
2004,172451,WAHOO,1,144307.52,144804.66,718
2004,172362,ESCOLAR,0,142496.91,89994,461
2004,161092,GARFISHES,0,137104.54,128109.33,190
2004,047614,HIPPOSPONGIA,0,132121.5,505647.13,800
2004,168790,DOLPHINFISH,0,131942.93,123611.49,492
2004,170336,"MULLET, WHITE",0,131074.48,70495.71,542
2004,168559,BLUEFISH,0,130964.53,34231.31,1790
2004,173128,TRIGGERFISHES,0,129848.09,162126.23,2443
2004,168543,"TILEFISH, BLUELINE",1,129764.36,106814.62,295
2004,163344,"CARP, COMMON",0,117128.43000000001,10296.15,866
2004,169207,"PORGY, RED",1,114008.67,118023.67,1043
2004,163892,SUCKERS,0,109858,43095,43
2004,167698,"HIND, SPECKLED",1,101822.06,200401.43,545
2004,168566,COBIA,1,99860.90000000001,209647.28,1739
2004,161732,"MENHADEN, ATLANTIC",0,93254.5,20300.510000000002,82
2004,169809,TILAPIAS,0,93189.08,63167.76,544
2004,553178,SPADEFISH,0,92726.66,34543.4,164
2004,069459,"SNAIL, OTHER",0,90866,24893.96,131
2004,173138,"TRIGGERFISH, GRAY",1,86559.12,87170.89,1121
2004,172734,"FLOUNDERS, PARALICHTHYS",0,85612.65000000001,125967.62000000001,2184
2004,161104,BOWFIN,0,85291.28,57569.200000000004,672
2004,168544,"TILEFISH, GOLDFACE",1,84590.76,111841.8,140
2004,052627,"ANEMONE, GIANT CARIBBEAN",0,83886,51146.19,294
2004,046861,SPONGES,0,78845,83720.08,590
2004,167686,"BASSES, MIXED SEA",0,76104.69,48400.33,590
2004,069794,"SNAIL, TOPSNAIL",0,75580,18956.25,71
2004,169283,"CROAKER, ATLANTIC",0,74852.86,438393.96,688
2004,160200,"SHARK, ATLANTIC SHARPNOSE",1,73831.81,25453.84,112
2004,172736,"FLOUNDER, GULF",0,71771.5,136608.25,1427
2004,169239,"SEATROUT, SPOTTED",0,70074.29000000001,138501.2368,816
2004,164034,BULLHEADS,0,68370.93000000001,20658.06,200
2004,168690,"AMBERJACK, LESSER",1,67749.54000000001,73554.90000000001,269
2004,160409,"SHARK, FINETOOTH",1,67162.47,24304.95,49
2004,070088,"TURBAN, CHESTNUT",0,65762,10846.01,109
2004,169243,"SEATROUT, SAND",0,65561.9,35191.33,1127
2004,168913,WENCHMAN,1,64313.96,51616.55,109
2004,160497,"SHARKS, HAMMERHEAD",0,58291.04,9478.300000000001,82
2004,196436,"SPONGE, GRASS",0,55922,69819.48,237
2004,159851,"SHARKS, PELAGIC",0,54131.630000000005,53273.66,84
2004,167674,GROUPERS,0,50314.24,117495.62,155
2004,172364,OILFISH,0,47423.14,35875.29,142
2004,172385,"CUTLASSFISH, ATLANTIC",0,46009,38706,55
2004,082367,SQUIDS,0,43933,23989.4,248
2004,169187,PINFISH,0,43885.38,250114.80000000002,1941
2004,082369,"SQUIDS, LOLIGINIDAE",0,43842,40001.8,357
2004,168791,DOLPHIN,1,43448.41,70633.2,399
2004,168615,"JACK, BAR",1,43138.91,30738.23,703
2004,168860,"SNAPPER, LANE",1,42483.19,70969.27,1382
2004,163342,MINNOWS,0,41016.72,275580.44,1414
2004,163537,"CARP, GRASS",0,40554.44,8081.52,533
2004,161094,"GAR, LONGNOSE",0,38213.05,22635.13,354
2004,052794,"ANEMONE, RED BEADED",0,36776,33925.85,120
2004,044030,FORAMS,0,36187,36893.5,104
2004,098612,"CRAB, GREEN CLINGING",0,35794,19286.02,117
2004,095599,CRAB,0,35651,193035,114
2004,168861,"SNAPPER, SILK",1,34373.8,79037.99,299
2004,169290,"DRUM, RED",1,32532,49564,250
2004,169201,"PORGY, KNOBBED",1,32023.850000000002,16145.49,327
2004,157187,"STARFISH, SPINY",0,31734,44999.700000000004,134
2004,052484,"CORALLIMORPH, FLORIDA",0,29879,54287.5,36
2004,167687,"BASS, BLACK SEA",1,29492.23,19703.45,541
2004,160275,"SHARK, BULL",1,28932.84,6115.81,75
2004,168691,"JACK, ALMACO",1,27746.86,23939.29,509
2004,163692,"CARP, BIGHEAD",0,26687,2180.4,135
2004,170566,HOGFISH,1,25286.99,58327.5,476
2004,172513,"DRIFTFISH, BLACK",0,25001.37,34296.35,43
2004,168584,JACKS,0,24192.95,14300.347,312
2004,165459,BALLYHOOS,0,22451.13,26524.87,87
2004,159924,"SHARK, MAKO, SHORTFIN",1,21732.33,17006.7,123
2004,098519,"CRABS, CORAL SPIDER",0,21255,20128.170000000002,82
2004,164157,"CATFISHES, SEA",0,21035.600000000002,6537.56,242
2004,082590,OCTOPUSES,0,20750.38,20212.8872,484
2004,166493,"SEAHORSE, DWARF",0,19018,19204.72,93
2004,079819,"fileclam, rough",0,17719,8807.630000000001,96
2004,172419,"TUNA, ALBACORE",1,17365.91,8388.75,93
2004,172427,"TUNA, BLACKFIN",1,17307.260000000002,9581.4,176
2004,097671,"LOBSTER, SPANISH",0,14670.44,66213.26,154
2004,160806,RAYS,0,14545.48,6156.24,31
2004,168709,PERMIT,0,14385.75,18568.77,230
2004,166704,SCORPIONFISHES,0,14140.68,11126.48,272
2004,169267,SPOT,0,12679.4,7067.07,587
2004,164807,"EELS, CUSK",0,12384,13857.59,236
2004,168845,SNAPPERS,0,11252.18,21884.69,117
2004,567533,"SLUG, LETTUCE",0,10657,12588.36,145
2004,173819,"SLIDER, COMMON",0,10353.5,10739.6,67
2004,169200,"PORGY, WHITEBONE",1,9521.800000000001,10057.89,212
2004,072961,"EYE, SHARK",0,9458.050000000001,15872.5765,19
2004,082703,"CRAB, HORSESHOE",0,9431,8859.7,116
2004,172428,"TUNA, BIGEYE",1,9300,40734.05,56
2004,157921,"URCHIN, GREEN SEA",0,9214,42445.200000000004,100
2004,168670,"BUMPER, ATLANTIC",0,8524,4803.8,263
2004,160304,"SHARK, BLACKNOSE",1,8443.9,2439.38,25
2004,168899,"SNAPPER, BLACK",1,8438.42,12790.57,206
2004,168902,"SNAPPER, QUEEN",1,7901.610000000001,15924.4,143
2004,097660,"LOBSTERS, SLIPPER",0,7213,38945.85,14
2004,098485,"CRAB, FALSE ARROW",0,7190,5558,160
2004,173752,"TURTLES, SNAPPING",0,6999.5,7771.2300000000005,88
2004,167700,"HIND, RED",1,6949.41,12113.65,289
2004,157520,"STAR, SERPENT BRITTLE",0,6820,7360.6900000000005,165
2004,163691,"CARP, SILVER",0,6570,358.18,71
2004,052541,"ANEMONE, OTHER",0,6515,2847.81,43
2004,157821,"URCHINS, SEA",0,6497,38010.01,72
2004,169539,"SPADEFISH, ATLANTIC",1,6459.9800000000005,3324.94,541
2004,167764,"GROUPER, YELLOWFIN",1,6257.81,14636.4,56
2004,064358,"WORM, MARINE",0,6194,20834.8,49
2004,052433,"ANEMONE, SUN ZOANTHID",0,6193,2749,16
2004,052016,"CORALS, SOFT",0,6169,20698.48,267
2004,169197,"PORGY, JOLTHEAD",1,5622.74,4325.24,138
2004,170424,BARRACUDAS,0,5489.72,3325.51,51
2004,160433,"SHARK, LEMON",1,5434.21,1190.82,12
2004,168688,AMBERJACKS,0,5405,6212.1,38
2004,172738,"FLOUNDER, SOUTHERN",0,5383.4800000000005,11292.64,182
2004,169406,GOATFISHES,0,5054,12257.73,15
2004,070159,"SNAIL, NERITES",0,4643,2547.7000000000003,20
2004,202423,ANIMALIA,0,4515,25970.43,103
2004,169626,"ANGELFISH, BLUE",0,4446,36295.1,310
2004,068304,"POLYCHAETE, HORNED CHRISTMAS-T",0,4335,12299,46
2004,164729,"HAKES, RED AND WHITE",0,4287.24,4348.66,175
2004,157826,"URCHIN, SLATE PENCIL",0,4162,3507.56,95
2004,006409,ULOTRICHALES,0,4052,12134.65,180
2004,173283,PUFFERS,0,3936,1956.97,314
2004,168852,"SNAPPER, BLACKFIN",1,3787.32,7326.25,86
2004,098131,"CRABS, SAND",0,3771.96,23805.63,123
2004,668671,"TURTLE, ALLIGATOR SNAPPING",0,3760,4156.7,29
2004,158323,"CUCUMBER, FLORIDA SEA",0,3715,3119.73,136
2004,167744,"GROUPER, MARBLED",1,3660.36,7655.1500000000005,82
2004,168693,"RUDDERFISH, BANDED",1,3629.3,2468.21,114
2004,157486,"STAR, BLACK BRITTLE",0,3541,3020.05,59
2004,052266,"GORGONIAN, SEA BLADES",0,3421,8060.1500000000005,103
2004,167838,CREOLE-FISH,0,3418.12,1772.9,118
2004,097298,"SHRIMP, BANDED CORAL",0,3354,1478.22,78
2004,169240,"SEATROUT, SILVER",0,3336.64,2526.2000000000003,69
2004,098178,"HERMIT, RED REEF",0,3296,1046.6,27
2004,006962,"PLANT, CAULERPA",0,3242,7783.46,116
2004,099140,"SHRIMPS, MANTIS",0,3201,5478.5,33
2004,169007,TRIPLETAIL,1,3194.26,2772.31,187
2004,156862,"STARS, OTHER SEA",0,3160,9859.42,109
2004,615846,"BURRFISH, STRIPED",0,3134,4285.55,115
2004,006949,"PLANT, MERMAID'S SHAVING BRUSH",0,3132,3036.7000000000003,84
2004,208674,"TURTLES, NORTH AMERICAN SOFTSHELL",0,3000,2363.39,44
2004,072556,"CONCH, FLORIDA FIGHTING",0,2985,14358.14,24
2004,074075,"WHELK, LIGHTNING",0,2964,4017.5,30
2004,047782,"SPONGE, RED BALL",0,2875,7633.39,161
2004,660512,"CRAB, FURCATE SPIDER",0,2823,2232.82,116
2004,650251,"BARRACUDA, GREAT",1,2801.5,1803.92,82
2004,078156,NUDIBRANCHS,0,2795,4603.97,41
2004,161095,"GAR, SPOTTED",0,2792.64,1790.95,8
2004,051774,"CASSIOPEA, JAMAICAN",0,2636,2120.85,74
2004,169632,"ANGELFISH, GRAY",1,2527,17335.74,179
2004,173297,"PUFFER, SOUTHERN",0,2457,2250.11,75
2004,098483,"CRAB, YELLOWLINE ARROW",0,2402,2642.85,156
2004,172411,MACKERELS,0,2379,1585,24
2004,160946,STINGRAYS,0,2343,3481.25,126
2004,047528,"SPONGES, DEMOSPONGIAE",0,2251,6746.76,99
2004,160189,"SHARK, TIGER",1,2235.12,673.5,5
2004,173183,"FILEFISH, PLANEHEAD",0,2183,1698.03,117
2004,172564,HARVESTFISHES,0,2027,1167.8,122
2004,073236,"SNAIL, MUREX",0,1994,2624.53,26
2004,158854,"TUNICATES, SEA SQUIRTS",0,1787,3299.85,101
2004,163996,"CATFISHES, CHANNEL",0,1723,262.65,38
2004,157325,"STARS, BRITTLE",0,1677,2444.54,51
2004,098811,"CRAB, FLORIDA STONE",0,1548.1000000000001,3564.87,85
2004,168178,BIGEYE,0,1519.64,1299.3500000000001,69
2004,079611,SCALLOPS,0,1518,2285.75,30
2004,158309,"CUCUMBERS, OTHER SEA",0,1477,6903.07,56
2004,168857,"SNAPPER, DOG",1,1442.22,875.65,27
2004,173245,"COWFISH, SCRAWLED",0,1439,1322.75,56
2004,169086,PORKFISH,0,1411,2596.36,121
2004,052774,"ANEMONE, RINGED",0,1390,1033.63,20
2004,168847,"SNAPPER, CUBERA",1,1376.41,1550.0900000000001,25
2004,097863,"HERMIT, POLKADOTTED",0,1347,306.75,11
2004,169196,"PORGY, GRASS",0,1292.05,824.45,119
2004,173235,BOXFISHES,0,1289,1071.1,61
2004,096601,"SHRIMPS, PISTOL OR SNAPPING",0,1286,726.35,84
2004,098088,"CRAB, SPOTTED PORCELAIN",0,1134,742.25,57
2004,168176,BIGEYES,0,1121.96,579.17,95
2004,169237,DRUMS,0,1112,437.21000000000004,150
2004,006922,"PLANT, HALIMEDA",0,1073,958.07,62
2004,167800,"BASS, LONGTAIL",0,1058.52,1043.15,120
2004,172401,"TUNA, SKIPJACK",1,1055.75,599.2,8
2004,078255,"DORIS, FLORIDA REGAL",0,966,2661.5,84
2004,099074,"CRAB, NIMBLE SPRAY",0,966,1602.3,22
2004,166454,"PIPEFISH, SARGASSUM",0,937,1628.1200000000001,74
2004,636786,"GOBY,NEON",0,877,3387.96,35
2004,095600,"SHRIMP, MARINE",0,875,2495.55,46
2004,166794,"SCORPIONFISH, SPINYCHEEK",0,869.5600000000001,852.5500000000001,57
2004,166326,OPAH,0,864.76,904.75,7
2004,079118,CLAMS,0,844,5573.9000000000005,53
2004,155469,"BRYOZOA, ECTOPROCTA",0,817,4554,61
2004,072743,"COWRIE, ATLANTIC DEER",0,805,687.5500000000001,38
2004,172714,"FLOUNDERS, LEFTEYED",0,787.5,3182.14,160
2004,173246,"COWFISH, HONEYCOMBED",0,772,892.25,34
2004,164412,TOADFISHES,0,770,642.0500000000001,87
2004,157958,"URCHIN, ROCK BORING",0,760,616.7,25
2004,079820,"FILECLAM, SPINY",0,712,659.6,22
2004,052830,"ANEMONE, SUN",0,692,1275,19
2004,169623,"ANGELFISH, QUEEN",1,685,10184,150
2004,169504,"CHUBS, SEA",0,684.2,281.6,8
2004,052440,"MAT, GREEN SEA",0,662,1847.13,23
2004,646513,HIGH-HAT,0,638,1011.75,103
2004,164457,CLINGFISHES,0,637,1624,37
2004,203428,FILEFISHES,0,613,1673.3400000000001,64
2004,075281,"SNAIL, CONE",0,612,352,11
2004,168607,"JACK, YELLOW",0,610.95,384.3,6
2004,081649,"CLAM, JEWEL BOX",0,600,1991.5,18
2004,074187,"CONCH, HORSE",0,545,2438.25,15
2004,161061,"FISHES, RAY-FINNED",0,533,2330.98,44
2004,167762,"GROUPER, YELLOWMOUTH",1,522.86,1452.9,10
2004,166972,SEAROBINS,0,519,2680.65,92
2004,166488,"SEAHORSE, LINED",0,495,2444.5,68
2004,164818,"BROTULA, BEARDED",0,489.88,398.95,37
2004,078807,CHITONS,0,477,1861.5,23
2004,173139,"TRIGGERFISH, QUEEN",1,461.24,518.9,7
2004,166170,SQUIRRELFISHES,0,451.24,279.6,53
2004,169314,JACKKNIFE-FISH,0,445,2265.5,39
2004,052150,"CORAL, DEEPWATER",0,443,1001.5,19
2004,082603,"OCTOPUS, COMMON",0,431,958.37,45
2004,051483,JELLYFISH,0,429,4571.75,20
2004,167696,"HIND, ROCK",1,385.86,589.0500000000001,36
2004,171124,"BLENNY, OTHER",0,374,1076.97,56
2004,082607,"OCTOPUS, ATLANTIC PYGMY",0,357,1037.4,41
2004,168610,"JACK, HORSE-EYE",0,354.72,167.05,14
2004,096424,"SHRIMP, SPOTTED CLEANER",0,351,1574.5,36
2004,168204,FLAMEFISH,0,331,613,56
2004,161189,"MORAY, BLACKEDGE",0,329,706.23,41
2004,172512,BARRELFISH,0,328,687.7,5
2004,166787,"ROSEFISH, BLACKBELLY",0,305,392.38,18
2004,173320,"PUFFER, SHARPNOSE",0,289,487.40000000000003,40
2004,171746,GOBIES,0,284,761.5,12
2004,164593,"BATFISH, OTHER",0,281,1057.4,73
2004,172254,"TANG, BLUE",1,265,933.9,71
2004,170477,"WRASSE, OTHER",0,240,451.95,26
2004,169558,"BUTTERFLYFISH, FOUREYE",0,227,507.05,58
2004,172437,CERO,1,208.5,258.09000000000003,13
2004,168738,"RUNNER, RAINBOW",1,207.76,100.60000000000001,8
2004,167806,"HAMLET, BUTTER",0,206,566.5,51
2004,074182,"TULIP, TRUE",0,204,571.7,15
2004,157366,"STAR, BASKET",0,200,941.75,47
2004,168602,"POMPANO, AFRICAN",1,199.65,331.88,4
2004,157518,"STAR, SCALY BRITTLE",0,190,199.5,10
2004,168613,"JACK, BLACK",0,188.24,82,6
2004,170568,BLUEHEAD,0,176,483.21000000000004,15
2004,157906,"URCHIN, PURPLE-SPINED SEA",0,168,293.6,16
2004,170503,"DICK, SLIPPERY",0,160,660,12
2004,167793,"PERCH, SAND",0,158.52,281.86,17
2004,078022,"HARES, SEA",0,153,454.5,8
2004,166487,SEAHORSES,0,151,413.07,21
2004,161160,"EEL, MORAYS",0,143,423.45,22
2004,074101,"CONCH, CROWN",0,139,122.65,13
2004,079779,"OYSTER, ATLANTIC THORNY",0,139,91.5,4
2004,172418,TUNAS,0,131,105,3
2004,169625,"BEAUTY, ROCK",0,121,798.5,15
2004,169562,"BUTTERFLYFISH, REEF",0,118,313.35,37
2004,159977,"SHARK, NURSE",1,112,1358.97,16
2004,079578,PENSHELLS,0,105,852.45,8
2004,166862,"SCORPIONFISH, REEF",0,104,181,23
2004,161188,"MORAY, SPOTTED",0,104,400,20
2004,173149,"FILEFISH, PYGMY",0,100,35.43,5
2004,169633,"ANGELFISH, FRENCH",1,94,1496,54
2004,170809,PARROTFISHES,0,76.04,80.25,7
2004,168548,"TILEFISH, SAND",1,72.2,38.84,12
2004,168680,LOOKDOWN,0,69,719.2,13
2004,074222,"SNAIL, OLIVE",0,67,259.8,4
2004,168196,CARDINALFISHES,0,65,168.3,10
2004,170484,"HOGFISH, SPANISH",1,62,219.65,18
2004,181220,GRAYSBY,1,60.92,157.15,14
2004,096896,"SHRIMP, CLEANER",0,60,128,7
2004,169556,"BUTTERFLYFISH, SPOTFIN",0,58,154.75,22
2004,170080,"CHROMIS, BLUE",0,57,160.75,8
2004,167860,"BASS, HARLEQUIN",0,56,123.12,20
2004,173392,BALLOONFISH,0,54,472.75,15
2004,621035,"STINGRAY, YELLOW",0,52,419.5,15
2004,170925,"JAWFISHES, SPOTFIN",0,49,97,14
2004,162376,"LIZARDFISH, INSHORE",0,42,351.25,16
2004,164524,"FROGFISH, OCELLATED",0,36,107.64,8
2004,615345,BEAUGREGORY,0,36,35.4,13
2004,161186,"MORAY, GREEN",0,36,179,8
2004,169065,"GRUNT, FRENCH",0,35,107,5
2004,172253,DOCTORFISH,1,33,194,12
2004,172252,"SURGEON, OCEAN",0,32,83.5,16
2004,161123,EELS,0,25,22.5,5
2004,161419,"EELS, SNAKE",0,24,116,7
2004,072767,"COWRIE, MEASLED",0,24,96.5,7
2004,170815,"PARROTFISH, PRINCESS",1,21,165.75,5
2004,170046,"MAJOR, SERGEANT",0,20,36,6
2004,168575,SHARKSUCKER,0,20,168,11
2004,168567,"REMORAS, OTHER",0,17,70.5,11
2004,170814,"PARROTFISH, RAINBOW",1,15,178,10
2004,173137,TRIGGERFISHES,0,14,17,2
2004,169563,"BUTTERFLYFISH, BANDED",0,13,44.25,7
2004,160951,"STINGRAY, SOUTHERN",1,13,82,5
2004,170224,"HAWKFISH, REDSPOTTED",0,8,23,3
2005,161731,MENHADENS,0,815416792,32909162.95,1808
2005,551680,"SHRIMP, NORTHERN WHITE",1,99792585.45,170647735.37,54194
2005,551570,"SHRIMP, NORTHERN BROWN",1,94509507.04,148913469.74,41183
2005,098696,"CRAB, BLUE",0,50072109.19,37957505.42,253839
2005,079872,"OYSTER, EASTERN",0,31307170.18,56621989.21,71691
2005,097490,PROCAMBARUS,0,15275295.9,8404988.22,25237
2005,551574,"SHRIMP, NORTHERN PINK",1,10488378.9,20427422.36,7881
2005,170335,"MULLET, STRIPED",0,8388696.05,6122155.5,23809
2005,167702,"GROUPER, RED",1,6345038.25,13288115.41,6470
2005,169288,"DRUM, BLACK",0,4566062.9,3694957.13,7902
2005,168853,"SNAPPER, RED",1,4188255.38,11557416.9,4458
2005,163954,"FISHES, BUFFALO",0,3719196.63,629732.67,5752
2005,163997,"CATFISH, BLUE",0,3278617.33,1475961.38,11156
2005,167759,"GROUPER, GAG",1,2718264.92,7156541.105,5870
2005,172423,"TUNA, YELLOWFIN",1,2643979.58,8820867.02,1764
2005,095750,"SHRIMP, ATLANIC SEABOB",0,2264522,836032.8200000001,706
2005,098810,"CRAB, STONE",0,2068796.77,19058472.746,57988
2005,161748,"HERRING, ATLANTIC THREAD",0,1970925.6400000001,258879.55000000002,154
2005,172435,"MACKEREL, KING",1,1958249.7000000002,2391995.2800000003,2403
2005,161111,LADYFISH,0,1922670.53,1021628.54,2777
2005,168909,"SNAPPER, VERMILION",1,1870131.77,3765889.959,4020
2005,914179,OSTEICHTHYES,0,1753650.1099999999,1229308.58,680
2005,097648,"LOBSTER, CARIBBEAN SPINY",1,1739798.8599999999,8445732.237,7357
2005,172436,"MACKEREL, SPANISH",1,1668552.07,960095.06,3151
2005,169189,SHEEPSHEAD,0,1501856.1400000001,532826.15,9713
2005,095603,"SHRIMPS, BAIT",0,1329239.48,4988307.8136,11709
2005,095599,"CRABS, SHRIMPS, LOBSTERS",0,1236880,3693512.15,2177
2005,161737,"SHAD, GIZZARD",0,1172394,472443.77,643
2005,163998,"CATFISH, CHANNEL",0,1138679.2,553237.73,3640
2005,168725,"SCAD, ROUND",0,1045943.75,1130788.18,83
2005,096027,"SHRIMPS, ROCK",0,1014618,862679.24,314
2005,161763,"SARDINE, SPANISH",0,1005613,637582.4500000001,47
2005,158019,"DOLLARS, KEYHOLE SAND",0,959210,66005.34,107
2005,566920,TURBINIDAE,0,952399,129145.45,435
2005,167699,"GROUPER, YELLOWEDGE",1,911155.15,2354025.07,1069
2005,160318,"SHARK, BLACKTIP",1,874034.0800000001,284746.02,607
2005,161700,HERRINGS,0,842191,166294.27,660
2005,099084,"CRABS, FIDDLER",0,794750,142785,21
2005,098191,"HERMIT, TRICOLOR",0,765372,94496.33,338
2005,168689,"AMBERJACK, GREATER",1,662920.65,638888.5,1658
2005,172482,SWORDFISH,1,617089.78,1392703.24,1031
2005,168546,"TILEFISH, GOLDEN",1,576007.38,949067.14,573
2005,170333,MULLETS,0,541944,354615.62,1638
2005,168907,"SNAPPER, YELLOWTAIL",1,540762.23,1205085.46,2147
2005,159786,"SHARKS, SMALL COASTAL",0,529233.77,1161854.08,1344
2005,160289,"SHARK, SANDBAR",1,508901.01,168295.80000000002,291
2005,169364,"DRUM, FRESHWATER",0,478180.07,64889.36,2781
2005,172568,"BUTTERFISH,GULF",0,474087.5,289041.66000000003,54
2005,096028,"SHRIMP, ROCK",1,453683.05,468402.88,492
2005,167763,SCAMP,1,357873.08,933025.84,3382
2005,096893,"SHRIMP, PEPPERMINT",0,352407,141836.51,577
2005,201897,"GAR, ALLIGATOR",0,338375.38,244000.76,619
2005,158018,"DOLLARS, OTHER SAND",0,324372,54635.67,95
2005,169055,GRUNTS,0,305638.27,244211.29,2350
2005,074474,"SNAIL, TURBONELLA",0,304902,79871.84,228
2005,172402,"TUNA, LITTLE TUNNY",1,304462.75,100094,280
2005,169180,PORGIES,0,277868.27,235068.71,2031
2005,164029,"CATFISH, FLATHEAD",0,271318.26,130419.93000000001,1968
2005,095601,"SHRIMPS, PENAEOID",0,247493.69,937780.13,1315
2005,172702,FLATFISHES,0,247159,509849.83,2738
2005,095966,"SHRIMP, ROYAL RED",1,245792,616733,43
2005,168609,"JACK, CREVALLE",1,243563.56,155306.91,3171
2005,168848,"SNAPPER, GRAY",1,238840.39,466979.79000000004,4355
2005,168612,"RUNNER, BLUE",1,238795.49,111539.13,1044
2005,168723,SCADS,0,228996,107704.3,24
2005,051925,JELLYFISH,0,218376.5,21837.5,14
2005,167760,"GROUPER, BLACK",1,217697.31,556546.8895,1228
2005,161104,BOWFIN,0,212958.59,206728.09,1293
2005,081499,"CLAM, SOUTHERN QUAHOG",0,212772.52000000002,1737040.98,4123
2005,074107,"NASSA, BRUISED",0,207900,33110,53
2005,168708,"POMPANO, FLORIDA",0,207077.19,736733.3,2477
2005,069459,"SNAIL, OTHER",0,200143,39645.21,197
2005,169013,MOJARRAS,0,188075.31,142330.68,3650
2005,167705,"GROUPER, SNOWY",1,184059.13,401221.39,600
2005,196434,"SPONGE, YELLOW",0,176125.6,250740.07,1210
2005,167704,"GROUPER, WARSAW",1,161493.07,332666.03,671
2005,161092,GARFISHES,0,154582.88,133243.81,211
2005,168849,"SNAPPER, MUTTON",1,144310.81,265599.6,944
2005,168559,BLUEFISH,0,140765.34,41523.63,1960
2005,047614,HIPPOSPONGIA,0,131264.6,408262.76,1502
2005,169809,TILAPIAS,0,130257.71,76993.2,457
2005,160275,"SHARK, BULL",1,117828.36,38386.950000000004,144
2005,172451,WAHOO,1,117776.55,131326.05,555
2005,160200,"SHARK, ATLANTIC SHARPNOSE",1,116725.41,59566.5,155
2005,163344,"CARP, COMMON",0,112730.44,10092.44,1143
2005,164034,BULLHEADS,0,111356.01000000001,29906.82,241
2005,173128,TRIGGERFISHES,0,101061.33,129131.174,1968
2005,005414,"ALGAE, GREEN",0,100249,216798.06,185
2005,170336,"MULLET, WHITE",0,99244.91,63706,517
2005,196436,"SPONGE, GRASS",0,98938.40000000001,127256.34,807
2005,172421,"TUNA, BLUEFIN",1,96416.92,395987.94,143
2005,168543,"TILEFISH, BLUELINE",1,94422.14,82812.28,294
2005,167698,"HIND, SPECKLED",1,88999.5,181246.27,503
2005,172362,ESCOLAR,0,87890.03,56821.44,353
2005,168566,COBIA,1,87476.28,191872.80000000002,1418
2005,159785,SHARKS,0,81671.3,169960.32,594
2005,161732,"MENHADEN, ATLANTIC",0,77714,25066.8,137
2005,163892,SUCKERS,0,76911,30202,44
2005,160497,"SHARKS, HAMMERHEAD",0,75514.53,23677.24,103
2005,169273,KINGFISHES,0,75407.81,42729.46,853
2005,169283,"CROAKER, ATLANTIC",0,72828.33,441194.39,641
2005,169207,"PORGY, RED",1,72492.6,72678.147,979
2005,169243,"SEATROUT, SAND",0,68606.5,36326.69,926
2005,169239,"SEATROUT, SPOTTED",0,67392.28,131978.03,969
2005,070088,"TURBAN, CHESTNUT",0,65947,16390.03,204
2005,172736,"FLOUNDER, GULF",0,65608.01,134721.76,1518
2005,052627,"ANEMONE, GIANT CARIBBEAN",0,63355,41536.29,278
2005,168913,WENCHMAN,1,63300.340000000004,61629.85,59
2005,160304,"SHARK, BLACKNOSE",1,60893.82,22657.95,84
2005,098612,"CRAB, GREEN CLINGING",0,58186,27603.75,164
2005,098188,"HERMIT, THINSTRIPE",0,53074,11234.35,93
2005,169290,"DRUM, RED",1,52898,78111.5,305
2005,046861,SPONGES,0,52138,53503.65,396
2005,172734,"FLOUNDERS, PARALICHTHYS",0,51410.39,102520.16,1382
2005,553178,SPADEFISH,0,50992,19765.79,128
2005,163537,"CARP, GRASS",0,50087.68,9735.630000000001,676
2005,167687,"BASS, BLACK SEA",1,49046.590000000004,37143.93,609
2005,173138,"TRIGGERFISH, GRAY",1,45485.96,46609.31,845
2005,169187,PINFISH,0,43806.63,223121.74,1656
2005,168690,"AMBERJACK, LESSER",1,43785.840000000004,51798.700000000004,152
2005,168584,JACKS,0,40674.700000000004,53431.37,398
2005,098519,"CRABS, CORAL SPIDER",0,40210,30834.05,78
2005,168860,"SNAPPER, LANE",1,40058.8,75426.42,1260
2005,082369,"SQUIDS, LOLIGINIDAE",0,39680,36947.15,337
2005,159851,"SHARKS, PELAGIC",0,38201.43,38819.89,72
2005,163342,MINNOWS,0,35488.46,195806.75,942
2005,168544,"TILEFISH, GOLDFACE",1,34771.520000000004,51856.15,68
2005,160401,"SHARK, SPINNER",1,33898.46,12437.73,46
2005,095599,CRAB,0,31857,147374,97
2005,168615,"JACK, BAR",1,31286.03,24101.841,559
2005,168790,DOLPHINFISH,0,31270,34007.65,311
2005,052484,"CORALLIMORPH, FLORIDA",0,29479,54336,69
2005,172428,"TUNA, BIGEYE",1,29052,124775.56,96
2005,169539,"SPADEFISH, ATLANTIC",1,28860.850000000002,12103.14,518
2005,159924,"SHARK, MAKO, SHORTFIN",1,28110.5,21749.600000000002,143
2005,169406,GOATFISHES,0,26919,67342,27
2005,168861,"SNAPPER, SILK",1,26467.3,61957.340000000004,271
2005,167674,GROUPERS,0,25938.41,58749.68,122
2005,172364,OILFISH,0,25419.760000000002,18967.21,101
2005,044030,FORAMS,0,22494,27215,63
2005,160806,RAYS,0,22472.760000000002,12732.54,56
2005,160433,"SHARK, LEMON",1,22172.59,6260.9000000000005,36
2005,163692,"CARP, BIGHEAD",0,22029,1837.89,176
2005,168791,DOLPHIN,1,21650.86,35692.64,371
2005,161094,"GAR, LONGNOSE",0,20734.61,10883.11,298
2005,165459,BALLYHOOS,0,20584.2,18693.63,79
2005,082367,SQUIDS,0,20526.600000000002,11737.18,288
2005,170566,HOGFISH,1,20194.100000000002,48361.86,386
2005,168709,PERMIT,0,19620.94,26495.14,361
2005,172385,"CUTLASSFISH, ATLANTIC",0,19388,17722,54
2005,168691,"JACK, ALMACO",1,18738.97,17085.71,303
2005,052794,"ANEMONE, RED BEADED",0,15390,11657.34,86
2005,164157,"CATFISHES, SEA",0,15168.800000000001,6082.6500000000005,267
2005,095647,"SHRIMP, ROUGHNECK",0,14804,7289,3
2005,172427,"TUNA, BLACKFIN",1,14489.78,10538.81,174
2005,082590,OCTOPUSES,0,14027.95,14573.61,250
2005,082703,"CRAB, HORSESHOE",0,13863,13343.800000000001,149
2005,079819,"fileclam, rough",0,13209,6587.67,96
2005,168902,"SNAPPER, QUEEN",1,13179.73,29070.77,110
2005,172419,"TUNA, ALBACORE",1,12840.66,4720.8,64
2005,157921,"URCHIN, GREEN SEA",0,12818,57623.57,128
2005,168670,"BUMPER, ATLANTIC",0,12785,8654.9,371
2005,172411,MACKERELS,0,11594,8977.9,59
2005,567533,"SLUG, LETTUCE",0,11021,10779.800000000001,128
2005,097660,"LOBSTERS, SLIPPER",0,9756,47285.25,10
2005,168845,SNAPPERS,0,9434.85,19615.44,62
2005,172738,"FLOUNDER, SOUTHERN",0,8924.52,19136.83,239
2005,650251,"BARRACUDA, GREAT",1,8837.5,6632.81,109
2005,169267,SPOT,0,8301.97,3677.78,611
2005,157520,"STAR, SERPENT BRITTLE",0,8227,6796.05,189
2005,070159,"SNAIL, NERITES",0,7510,3249.25,25
2005,097671,"LOBSTER, SPANISH",0,7459.8,29956.920000000002,114
2005,074075,"WHELK, LIGHTNING",0,7416,10930.5,62
2005,164807,"EELS, CUSK",0,7152,7606.57,182
2005,169201,"PORGY, KNOBBED",1,6929.54,4495.22,147
2005,166493,"SEAHORSE, DWARF",0,6906,15976.9,55
2005,098178,"HERMIT, RED REEF",0,6823,1936.44,24
2005,169197,"PORGY, JOLTHEAD",1,6816.09,6586.75,182
2005,169200,"PORGY, WHITEBONE",1,6806.4800000000005,6838.1900000000005,123
2005,166704,SCORPIONFISHES,0,6805.26,5914.08,187
2005,064358,"WORM, MARINE",0,6694,24525.75,45
2005,167764,"GROUPER, YELLOWFIN",1,6676.04,17093.8,33
2005,157821,"URCHINS, SEA",0,6586,39589,55
2005,098485,"CRAB, FALSE ARROW",0,6525,5036,158
2005,006949,"PLANT, MERMAID'S SHAVING BRUSH",0,6416,7383.58,93
2005,052541,"ANEMONE, OTHER",0,5893,5673.02,52
2005,164729,"HAKES, RED AND WHITE",0,5437.8,6140.72,116
2005,172513,"DRIFTFISH, BLACK",0,5213.92,6963.95,31
2005,052774,"ANEMONE, RINGED",0,5073,4850.35,21
2005,157486,"STAR, BLACK BRITTLE",0,5067,2538.65,66
2005,168688,AMBERJACKS,0,4770,5103.95,23
2005,052016,"CORALS, SOFT",0,4768,19335.600000000002,223
2005,202423,ANIMALIA,0,4739,26459.33,81
2005,163691,"CARP, SILVER",0,4662,6.01,43
2005,161095,"GAR, SPOTTED",0,4617.77,3150.3,15
2005,167686,"BASSES, MIXED SEA",0,4508.78,3342.5,169
2005,047782,"SPONGE, RED BALL",0,4154,12295.25,154
2005,158323,"CUCUMBER, FLORIDA SEA",0,3985,3629.5,170
2005,168684,"MOONFISH, ATLANTIC",0,3980,1597.15,11
2005,168899,"SNAPPER, BLACK",1,3978.63,5562.36,143
2005,099140,"SHRIMPS, MANTIS",0,3870,7523.35,40
2005,169240,"SEATROUT, SILVER",0,3778.2400000000002,2767.31,69
2005,006962,"PLANT, CAULERPA",0,3759,13449.4,77
2005,168693,"RUDDERFISH, BANDED",1,3712.29,2383.98,105
2005,169237,DRUMS,0,3596,1703.31,243
2005,167744,"GROUPER, MARBLED",1,3427.96,6996.05,71
2005,156862,"STARS, OTHER SEA",0,3420,13079.35,96
2005,168852,"SNAPPER, BLACKFIN",1,3409.9300000000003,6954,59
2005,052150,"CORAL, DEEPWATER",0,3276,3909.5,29
2005,173297,"PUFFER, SOUTHERN",0,3243,1675.63,157
2005,006409,ULOTRICHALES,0,3201,6262.8,98
2005,047528,"SPONGES, DEMOSPONGIAE",0,3190,9612.36,93
2005,170424,BARRACUDAS,0,3004.17,1813.7,25
2005,169196,"PORGY, GRASS",0,2930.96,2106.28,103
2005,097863,"HERMIT, POLKADOTTED",0,2911,752.1,16
2005,615846,"BURRFISH, STRIPED",0,2890,2616.56,119
2005,157826,"URCHIN, SLATE PENCIL",0,2866,2541,59
2005,096601,"SHRIMPS, PISTOL OR SNAPPING",0,2849,1090.8,85
2005,173183,"FILEFISH, PLANEHEAD",0,2832,1001.89,190
2005,173747,REPTILES,0,2663.2000000000003,744.96,25
2005,167700,"HIND, RED",1,2481.23,3940.8,211
2005,098088,"CRAB, SPOTTED PORCELAIN",0,2425,1795.95,101
2005,161061,"FISHES, RAY-FINNED",0,2282.6,2209.04,22
2005,072556,"CONCH, FLORIDA FIGHTING",0,2267,11055.95,21
2005,051774,"CASSIOPEA, JAMAICAN",0,2250,1722.7,51
2005,660512,"CRAB, FURCATE SPIDER",0,2219,1341.5,207
2005,173235,BOXFISHES,0,2170,766.88,186
2005,074101,"CONCH, CROWN",0,2060,823.95,24
2005,158854,"TUNICATES, SEA SQUIRTS",0,2055,3968.92,100
2005,052266,"GORGONIAN, SEA BLADES",0,2000,5500.1500000000005,81
2005,160946,STINGRAYS,0,1979,5444.95,108
2005,169626,"ANGELFISH, BLUE",0,1958,17770.9,285
2005,157187,"STARFISH, SPINY",0,1917,3511.55,105
2005,157958,"URCHIN, ROCK BORING",0,1851,1866.05,24
2005,079611,SCALLOPS,0,1808,1490.55,35
2005,172564,HARVESTFISHES,0,1752,1035.5,103
2005,098131,"CRABS, SAND",0,1657.99,12597.85,64
2005,163996,"CATFISHES, CHANNEL",0,1625,368.25,38
2005,157325,"STARS, BRITTLE",0,1544,3152.2400000000002,37
2005,078156,NUDIBRANCHS,0,1513,2265.05,58
2005,166487,SEAHORSES,0,1484,4597.7,205
2005,073236,"SNAIL, MUREX",0,1437,1851.4,18
2005,079820,"FILECLAM, SPINY",0,1422,978.7,33
2005,173246,"COWFISH, HONEYCOMBED",0,1421,1201.15,86
2005,052440,"MAT, GREEN SEA",0,1401,4199.5,19
2005,069794,"SNAIL, TOPSNAIL",0,1374,509.35,8
2005,160189,"SHARK, TIGER",1,1241.27,433.22,8
2005,164740,CUSK,0,1196,1386.7,26
2005,169086,PORKFISH,0,1166,2492.55,100
2005,157518,"STAR, SCALY BRITTLE",0,1159,1419,10
2005,074222,"SNAIL, OLIVE",0,1152,1782.68,16
2005,158309,"CUCUMBERS, OTHER SEA",0,1117,7301.55,40
2005,052433,"ANEMONE, SUN ZOANTHID",0,1045,2904,16
2005,006922,"PLANT, HALIMEDA",0,1029.5,2283.4,53
2005,173752,"TURTLES, SNAPPING",0,993,841.64,13
2005,052830,"ANEMONE, SUN",0,947,2047,22
2005,172714,"FLOUNDERS, LEFTEYED",0,936,2867.18,222
2005,051483,JELLYFISH,0,889,10632.75,15
2005,079118,CLAMS,0,842,5770.2,36
2005,173283,PUFFERS,0,836.75,991.57,97
2005,095600,"SHRIMP, MARINE",0,812,2024.95,45
2005,098888,"CRAB, REDFINGER RUBBLE",0,799,189.75,6
2005,172409,"BONITO, ATLANTIC",0,791,420,3
2005,168857,"SNAPPER, DOG",1,786.49,971.46,21
2005,099074,"CRAB, NIMBLE SPRAY",0,780,1435.25,21
2005,208674,"TURTLES, NORTH AMERICAN SOFTSHELL",0,766,609.53,17
2005,082607,"OCTOPUS, ATLANTIC PYGMY",0,755,1330.68,74
2005,168847,"SNAPPER, CUBERA",1,744.26,1018.45,17
2005,166488,"SEAHORSE, LINED",0,742,5683.2,117
2005,167800,"BASS, LONGTAIL",0,740.4,774.3000000000001,86
2005,169007,TRIPLETAIL,1,719.34,805.5,73
2005,166326,OPAH,0,679,847,4
2005,167838,CREOLE-FISH,0,673.92,416.8,53
2005,072767,"COWRIE, MEASLED",0,671,88,7
2005,646513,HIGH-HAT,0,655,1501.3500000000001,93
2005,098811,"CRAB, FLORIDA STONE",0,648.75,1777.25,49
2005,169314,JACKKNIFE-FISH,0,642,3109.5,28
2005,636786,"GOBY,NEON",0,639,1910.5,26
2005,172401,"TUNA, SKIPJACK",1,637,143.3,3
2005,167762,"GROUPER, YELLOWMOUTH",1,574.66,1275.15,8
2005,155469,"BRYOZOA, ECTOPROCTA",0,545,4037.25,46
2005,169632,"ANGELFISH, GRAY",1,541,4592.95,115
2005,166454,"PIPEFISH, SARGASSUM",0,512,1028.56,51
2005,164412,TOADFISHES,0,488,344.19,123
2005,172567,BUTTERFISH,0,475,241.9,47
2005,166794,"SCORPIONFISH, SPINYCHEEK",0,467.72,431.6,39
2005,168178,BIGEYE,0,465.28000000000003,286.1,37
2005,166170,SQUIRRELFISHES,0,464.74,274.8,38
2005,097298,"SHRIMP, BANDED CORAL",0,457,547.9,67
2005,173433,FROGS,0,446,1036.5,9
2005,166972,SEAROBINS,0,440,2002.69,97
2005,098483,"CRAB, YELLOWLINE ARROW",0,424,709.75,58
2005,161096,"GAR, SHORTNOSE",0,404.82,260.3,13
2005,172254,"TANG, BLUE",1,374,1455.95,79
2005,168176,BIGEYES,0,362.36,256.15,40
2005,171124,"BLENNY, OTHER",0,360,1057.03,62
2005,173137,TRIGGERFISHES,0,360,108,8
2005,169623,"ANGELFISH, QUEEN",1,337,4405.25,133
2005,168680,LOOKDOWN,0,330,2582.4,27
2005,169558,"BUTTERFLYFISH, FOUREYE",0,326,927.2,36
2005,173245,"COWFISH, SCRAWLED",0,283,297.2,29
2005,078255,"DORIS, FLORIDA REGAL",0,279,1146.75,38
2005,164593,"BATFISH, OTHER",0,252,586,74
2005,164818,"BROTULA, BEARDED",0,239.08,193.5,28
2005,167696,"HIND, ROCK",1,234.5,335.15000000000003,37
2005,168204,FLAMEFISH,0,234,400.45,43
2005,173139,"TRIGGERFISH, QUEEN",1,201,118.95,4
2005,203428,FILEFISHES,0,199,893.02,32
2005,172437,CERO,1,191.8,116.46000000000001,18
2005,157906,"URCHIN, PURPLE-SPINED SEA",0,190,262.5,10
2005,070298,"CONCH, OTHER",0,189,614.97,21
2005,074182,"TULIP, TRUE",0,183,665.62,25
2005,096424,"SHRIMP, SPOTTED CLEANER",0,178,345.75,11
2005,173320,"PUFFER, SHARPNOSE",0,171,298.47,52
2005,171746,GOBIES,0,170,412.7,8
2005,074187,"CONCH, HORSE",0,168,753.99,22
2005,168607,"JACK, YELLOW",0,166,98.25,7
2005,172418,TUNAS,0,165,257,3
2005,166787,"ROSEFISH, BLACKBELLY",0,159,196,3
2005,166862,"SCORPIONFISH, REEF",0,150,124.05,28
2005,157366,"STAR, BASKET",0,115,609.25,27
2005,167806,"HAMLET, BUTTER",0,107,261.75,26
2005,168738,"RUNNER, RAINBOW",1,105.76,41.5,5
2005,170568,BLUEHEAD,0,103,284.3,13
2005,170477,"WRASSE, OTHER",0,100,103.35000000000001,29
2005,082603,"OCTOPUS, COMMON",0,100,483.90000000000003,28
2005,169625,"BEAUTY, ROCK",0,100,457.25,16
2005,170815,"PARROTFISH, PRINCESS",1,96,335.5,20
2005,171423,"BLENNY, SADDLED",0,93,314,7
2005,161189,"MORAY, BLACKEDGE",0,91,133,26
2005,169562,"BUTTERFLYFISH, REEF",0,90,193.05,26
2005,171405,"BLENNY, SAILFIN",0,78,481,7
2005,169633,"ANGELFISH, FRENCH",1,69,1156.5,41
2005,172252,"SURGEON, OCEAN",0,67,104,20
2005,172253,DOCTORFISH,1,56,253.5,10
2005,079578,PENSHELLS,0,55,854.5,6
2005,168548,"TILEFISH, SAND",1,54.88,33.8,12
2005,098340,"CRABS, BOX",0,53,69.75,17
2005,168610,"JACK, HORSE-EYE",0,51.92,19.8,6
2005,072878,"SNAIL, MOON",0,51,29.2,6
2005,167793,"PERCH, SAND",0,49.74,125.5,6
2005,167860,"BASS, HARLEQUIN",0,45,89.95,13
2005,161188,"MORAY, SPOTTED",0,45,243.5,12
2005,173392,BALLOONFISH,0,40,214.5,14
2005,621035,"STINGRAY, YELLOW",0,39,545,17
2005,072743,"COWRIE, ATLANTIC DEER",0,38,59.15,10
2005,168602,"POMPANO, AFRICAN",1,36.5,79.38,4
2005,082610,"OCTOPUS, CARIBBEAN REEF",0,34,103.60000000000001,4
2005,169556,"BUTTERFLYFISH, SPOTFIN",0,31,113.75,10
2005,615345,BEAUGREGORY,0,30,58.800000000000004,8
2005,170812,"PARROTFISH, MIDNIGHT",1,26,211,11
2005,170046,"MAJOR, SERGEANT",0,25,29,10
2005,161419,"EELS, SNAKE",0,22,68,9
2005,168575,SHARKSUCKER,0,21,193.75,12
2005,170814,"PARROTFISH, RAINBOW",1,20,207,3
2005,164457,CLINGFISHES,0,20,39.7,8
2005,181220,GRAYSBY,1,17.28,28.2,5
2005,169563,"BUTTERFLYFISH, BANDED",0,17,53.5,9
2005,097651,"LOBSTER, SPOTTED SPINY",0,15,109,3
2005,072961,"EYE, SHARK",0,14,106.3,4
2005,161160,"EEL, MORAYS",0,13.8,41.9,9
2005,170809,PARROTFISHES,0,13.24,32.6,6
2005,167740,"GROUPER, CONEY",1,12.18,86,3
2005,079779,"OYSTER, ATLANTIC THORNY",0,12,39,4
2005,168567,"REMORAS, OTHER",0,7,43.5,7
2005,160951,"STINGRAY, SOUTHERN",1,7,80,7
2005,161186,"MORAY, GREEN",0,7,198.86,6
2005,159977,"SHARK, NURSE",1,5,145,5
2005,170484,"HOGFISH, SPANISH",1,4,8.85,3
2005,170932,"JAWFISH, DUSKY",0,3,2.6,3
2006,161731,MENHADENS,0,958012500,38276381.1,1771
2006,551570,"SHRIMP, NORTHERN BROWN",1,141651379.65,176452833.52,38220
2006,551680,"SHRIMP, NORTHERN WHITE",1,133116022,189391826.49,68457
2006,098696,"CRAB, BLUE",0,67309778.15,42699379.3088,266230
2006,079872,"OYSTER, EASTERN",0,32078935.2,66681979.24,82139
2006,170335,"MULLET, STRIPED",0,12210317.45,9039050.366,28270
2006,167702,"GROUPER, RED",1,5879407.33,13927843.47,6139
2006,551574,"SHRIMP, NORTHERN PINK",1,4836280.86,10997821,3628
2006,168853,"SNAPPER, RED",1,4681519.02,13259203.26,4744
2006,169288,"DRUM, BLACK",0,4208920.09,3412167.21,6363
2006,163954,"FISHES, BUFFALO",0,3742925.26,671249,5346
2006,163997,"CATFISH, BLUE",0,3296233.01,1607804.46,10828
2006,097648,"LOBSTER, CARIBBEAN SPINY",1,2820613.7800000003,15828513.058,9094
2006,172423,"TUNA, YELLOWFIN",1,2488490.86,8288422.47,1452
2006,161763,"SARDINE, SPANISH",0,2248835.58,374674.755,72
2006,098810,"CRAB, STONE",0,2189836.22,21734812.761,57516
2006,172435,"MACKEREL, KING",1,2123523.46,2523060.872,3188
2006,161111,LADYFISH,0,1777533.94,1063076.29,2971
2006,168909,"SNAPPER, VERMILION",1,1765062.7000000002,4087165.7,3855
2006,095750,"SHRIMP, ATLANIC SEABOB",0,1696739.5,767239.96,406
2006,914179,OSTEICHTHYES,0,1641585.4300000002,574366.06,854
2006,097490,PROCAMBARUS,0,1467577.4,1289429.19,4007
2006,172436,"MACKEREL, SPANISH",1,1460718.73,819446.371,4066
2006,158019,"DOLLARS, KEYHOLE SAND",0,1451171,183433.57,132
2006,167759,"GROUPER, GAG",1,1438931.6600000001,4149754.82,5510
2006,095603,"SHRIMPS, BAIT",0,1301814.38,5807330.77,11254
2006,160318,"SHARK, BLACKTIP",1,1145090.8900000001,356138.98,713
2006,163998,"CATFISH, CHANNEL",0,1124602.29,568143.62,3134
2006,566920,TURBINIDAE,0,1045135,109947.06,516
2006,095599,"CRABS, SHRIMPS, LOBSTERS",0,1042344,3095218.41,2127
2006,169189,SHEEPSHEAD,0,973385.0800000001,465587.19,7839
2006,161737,"SHAD, GIZZARD",0,882860,642326.42,364
2006,161700,HERRINGS,0,828263,162921.5,593
2006,098191,"HERMIT, TRICOLOR",0,826601,93071,377
2006,167699,"GROUPER, YELLOWEDGE",1,815264.9500000001,2244462.26,1070
2006,168725,"SCAD, ROUND",0,716400.25,467360.5,115
2006,160289,"SHARK, SANDBAR",1,666508.79,185632.80000000002,388
2006,172568,"BUTTERFISH,GULF",0,621754,218624.65,33
2006,168689,"AMBERJACK, GREATER",1,557629.61,614996.482,1404
2006,168907,"SNAPPER, YELLOWTAIL",1,543067.93,1324837.3900000001,1973
2006,172564,HARVESTFISHES,0,542301,137393.24,153
2006,099084,"CRABS, FIDDLER",0,542000,16260,24
2006,159786,"SHARKS, SMALL COASTAL",0,539864.31,1359015.319,1646
2006,096893,"SHRIMP, PEPPERMINT",0,524824,226280.45,694
2006,172482,SWORDFISH,1,502519.49,1012568.39,901
2006,201897,"GAR, ALLIGATOR",0,499469.89,384490.97000000003,735
2006,161748,"HERRING, ATLANTIC THREAD",0,462206.60000000003,62832.19,44
2006,169364,"DRUM, FRESHWATER",0,445866.46,68178.53,2769
2006,170333,MULLETS,0,409970,315711.55,1209
2006,168609,"JACK, CREVALLE",1,381824.98,264468.46,3068
2006,095601,"SHRIMPS, PENAEOID",0,378841.7,1290843.1,1764
2006,172402,"TUNA, LITTLE TUNNY",1,372197.3,121712.15000000001,501
2006,168708,"POMPANO, FLORIDA",0,341557.95,1075764.3,2378
2006,164029,"CATFISH, FLATHEAD",0,324914.32,160726.84,2514
2006,096028,"SHRIMP, ROCK",1,315215.51,524521.95,285
2006,160200,"SHARK, ATLANTIC SHARPNOSE",1,300315.86,132141.19,286
2006,158018,"DOLLARS, OTHER SAND",0,299344,59434.03,89
2006,074474,"SNAIL, TURBONELLA",0,297654,69418.84,220
2006,168546,"TILEFISH, GOLDEN",1,297200.91000000003,471553.63,518
2006,169013,MOJARRAS,0,285465.81,226622.69,4952
2006,095966,"SHRIMP, ROYAL RED",1,284396,838645.65,42
2006,163692,"CARP, BIGHEAD",0,258805,25144.27,852
2006,167763,SCAMP,1,249612.59,709815.91,3142
2006,169180,PORGIES,0,247117.86000000002,252995.09,1825
2006,172702,FLATFISHES,0,203282,425541.95,2090
2006,168848,"SNAPPER, GRAY",1,203073.99,431460.546,4207
2006,167705,"GROUPER, SNOWY",1,172053.67,396124.26,650
2006,096027,"SHRIMPS, ROCK",0,170150,299818.85000000003,144
2006,159785,SHARKS,0,169915,462742.7,882
2006,069459,"SNAIL, OTHER",0,159857,31054.75,142
2006,167760,"GROUPER, BLACK",1,159033.87,456280.96,1039
2006,163344,"CARP, COMMON",0,156594.02,20657.31,1220
2006,168677,"SCAD, BIGEYE",0,153201.68,43893.96,24
2006,160275,"SHARK, BULL",1,148505.41,46692.950000000004,204
2006,168849,"SNAPPER, MUTTON",1,141137.36000000002,285098.01,878
2006,161104,BOWFIN,0,139575.16,156506.99,1043
2006,167704,"GROUPER, WARSAW",1,138820.79,308142.76,623
2006,081499,"CLAM, SOUTHERN QUAHOG",0,132637.77,1088834.22,2782
2006,196434,"SPONGE, YELLOW",0,131249,225795.91,627
2006,172451,WAHOO,1,130653.06,127864.84,563
2006,168559,BLUEFISH,0,129629.72,44035.700000000004,1976
2006,168612,"RUNNER, BLUE",1,126087.05,73540.53,898
2006,168543,"TILEFISH, BLUELINE",1,124577.43000000001,102634.04000000001,295
2006,196436,"SPONGE, GRASS",0,115988,138399.49,505
2006,074107,"NASSA, BRUISED",0,113850,23924,39
2006,005414,"ALGAE, GREEN",0,112813,339728.5,169
2006,156862,"STARS, OTHER SEA",0,110369,545239.9,105
2006,172734,"FLOUNDERS, PARALICHTHYS",0,109951.58,180432.69,1344
2006,160304,"SHARK, BLACKNOSE",1,107751.14,41193.75,174
2006,169207,"PORGY, RED",1,102859.31,113803.38,1046
2006,170336,"MULLET, WHITE",0,98643,54055.3,493
2006,172362,ESCOLAR,0,95562.16,67611.75,331
2006,169809,TILAPIAS,0,90880.68000000001,63946.49,556
2006,047614,HIPPOSPONGIA,0,87314,304794.49,875
2006,169283,"CROAKER, ATLANTIC",0,85038.88,538661.1,696
2006,168566,COBIA,1,80975.83,164235.64,1358
2006,082367,SQUIDS,0,79840.85,36651.43,169
2006,169055,GRUNTS,0,79066.08,67381.5475,1276
2006,163537,"CARP, GRASS",0,69814,13383.61,856
2006,070088,"TURBAN, CHESTNUT",0,69373,15594.95,265
2006,161092,GARFISHES,0,66338.47,110209.45,150
2006,169273,KINGFISHES,0,66225.29000000001,50599.07,817
2006,167698,"HIND, SPECKLED",1,65213.310000000005,146459.1,455
2006,173128,TRIGGERFISHES,0,59712.57,75255.404,1787
2006,163892,SUCKERS,0,58933,25504,50
2006,098612,"CRAB, GREEN CLINGING",0,57111,32358.8,195
2006,172428,"TUNA, BIGEYE",1,54961.630000000005,188299.03,99
2006,160497,"SHARKS, HAMMERHEAD",0,53606.05,19639.49,89
2006,160401,"SHARK, SPINNER",1,53463.24,20280.3,47
2006,052627,"ANEMONE, GIANT CARIBBEAN",0,53390,36279.28,264
2006,553178,SPADEFISH,0,53234,20149.15,57
2006,169243,"SEATROUT, SAND",0,51664.1,34754.270000000004,1043
2006,168860,"SNAPPER, LANE",1,49479.68,97038.36,1569
2006,169187,PINFISH,0,48366.65,251390.63,1979
2006,052484,"CORALLIMORPH, FLORIDA",0,45780,94606.25,96
2006,160409,"SHARK, FINETOOTH",1,44910.98,29815.95,47
2006,172736,"FLOUNDER, GULF",0,44704.83,98271.55,1113
2006,169239,"SEATROUT, SPOTTED",0,44562.14,91818.7,555
2006,046861,SPONGES,0,44560.3,39283.18,320
2006,168584,JACKS,0,43388.9,33607.43,457
2006,168690,"AMBERJACK, LESSER",1,40576.62,48083.22,173
2006,168790,DOLPHINFISH,0,40346.01,38370.41,319
2006,168913,WENCHMAN,1,40135.94,26719,25
2006,044030,FORAMS,0,38850,60037,63
2006,159851,"SHARKS, PELAGIC",0,35767.35,9465.42,56
2006,172421,"TUNA, BLUEFIN",1,35295,138783.4,56
2006,160433,"SHARK, LEMON",1,33501.78,8956.85,54
2006,173138,"TRIGGERFISH, GRAY",1,32749.5,30109.03,779
2006,168791,DOLPHIN,1,32345.04,53277.16,304
2006,169290,"DRUM, RED",1,32324,46706,194
2006,161732,"MENHADEN, ATLANTIC",0,32159.5,10794.5,54
2006,172385,"CUTLASSFISH, ATLANTIC",0,31879,23749,67
2006,168615,"JACK, BAR",1,29669.99,24024.21,605
2006,168845,SNAPPERS,0,29556.31,57780.98,109
2006,168544,"TILEFISH, GOLDFACE",1,28711.36,41310.700000000004,45
2006,098519,"CRABS, CORAL SPIDER",0,27438,26377.600000000002,91
2006,167687,"BASS, BLACK SEA",1,26237.3,26025.88,251
2006,167674,GROUPERS,0,25392.66,58960.020000000004,127
2006,161094,"GAR, LONGNOSE",0,23754.8,13026.5,343
2006,168670,"BUMPER, ATLANTIC",0,22945,16525.010000000002,570
2006,098485,"CRAB, FALSE ARROW",0,21723,12315.53,224
2006,163342,MINNOWS,0,20615.12,139032.86000000002,757
2006,095599,CRAB,0,20257,81767,102
2006,082369,"SQUIDS, LOLIGINIDAE",0,20231.5,20900.75,286
2006,164034,BULLHEADS,0,18427.920000000002,3638.2200000000003,34
2006,160806,RAYS,0,17733.100000000002,2849.63,31
2006,172364,OILFISH,0,17251.71,15423.15,50
2006,079819,"fileclam, rough",0,16923,7981.5,96
2006,169267,SPOT,0,16722.55,6695.93,768
2006,168861,"SNAPPER, SILK",1,16510.31,41184.18,207
2006,169539,"SPADEFISH, ATLANTIC",1,15856.6,14009.31,515
2006,170566,HOGFISH,1,15747.87,41205.93,322
2006,159924,"SHARK, MAKO, SHORTFIN",1,15713.27,15119.79,86
2006,160189,"SHARK, TIGER",1,15123.35,4658.7300000000005,32
2006,168691,"JACK, ALMACO",1,15072.130000000001,15737.11,242
2006,166493,"SEAHORSE, DWARF",0,14707,21381.350000000002,253
2006,052794,"ANEMONE, RED BEADED",0,14226,12683,61
2006,168709,PERMIT,0,13676.2,23608.81,259
2006,082703,"CRAB, HORSESHOE",0,13403,15757.29,105
2006,052541,"ANEMONE, OTHER",0,11913,3980.5,43
2006,172419,"TUNA, ALBACORE",1,11522.59,4103.85,43
2006,164157,"CATFISHES, SEA",0,11183.31,4211.62,214
2006,095600,"SHRIMP, MARINE",0,10962,2882.82,44
2006,169240,"SEATROUT, SILVER",0,10762.06,7789.58,174
2006,567533,"SLUG, LETTUCE",0,10583,11884.9,109
2006,164807,"EELS, CUSK",0,9979,10951.800000000001,208
2006,157921,"URCHIN, GREEN SEA",0,9814,32209.25,122
2006,172427,"TUNA, BLACKFIN",1,9688.12,6342.9800000000005,151
2006,163691,"CARP, SILVER",0,9019,694.3000000000001,52
2006,157821,"URCHINS, SEA",0,8775,61106.950000000004,46
2006,169077,PIGFISH,0,8687,44018,63
2006,070159,"SNAIL, NERITES",0,8520,2577.5,14
2006,098188,"HERMIT, THINSTRIPE",0,6968,4764.05,61
2006,168899,"SNAPPER, BLACK",1,6429.26,8593.68,214
2006,168902,"SNAPPER, QUEEN",1,6207.46,14732.2,81
2006,169200,"PORGY, WHITEBONE",1,6184.4800000000005,7661.1,132
2006,166704,SCORPIONFISHES,0,6049.8,6175.71,199
2006,168852,"SNAPPER, BLACKFIN",1,6046.3,13140.9,48
2006,158323,"CUCUMBER, FLORIDA SEA",0,5752,3894.66,207
2006,172738,"FLOUNDER, SOUTHERN",0,5648,14033.86,191
2006,169007,TRIPLETAIL,1,5372.07,5712.35,150
2006,157520,"STAR, SERPENT BRITTLE",0,5347,5405.55,171
2006,052774,"ANEMONE, RINGED",0,5293,4558.3,18
2006,173297,"PUFFER, SOUTHERN",0,5152,2204.3,236
2006,097671,"LOBSTER, SPANISH",0,5072.4000000000005,14200.89,155
2006,650251,"BARRACUDA, GREAT",1,4829.6,3818.65,84
2006,098178,"HERMIT, RED REEF",0,4756,1402.49,33
2006,170424,BARRACUDAS,0,4677.55,3873.75,38
2006,052016,"CORALS, SOFT",0,4521,16332.04,222
2006,172409,"BONITO, ATLANTIC",0,4425,2211,12
2006,169197,"PORGY, JOLTHEAD",1,4260.7300000000005,4048.33,115
2006,047782,"SPONGE, RED BALL",0,4077,11957.73,172
2006,169237,DRUMS,0,3944,1836.1000000000001,412
2006,173183,"FILEFISH, PLANEHEAD",0,3921,1237.55,238
2006,164729,"HAKES, RED AND WHITE",0,3889.76,3560.2000000000003,96
2006,169201,"PORGY, KNOBBED",1,3783.34,3446.2000000000003,116
2006,615846,"BURRFISH, STRIPED",0,3575,3746.7000000000003,160
2006,173235,BOXFISHES,0,3541,1128.5,196
2006,161095,"GAR, SPOTTED",0,3472.66,2148.3,65
2006,168688,AMBERJACKS,0,3469,4571.45,30
2006,172513,"DRIFTFISH, BLACK",0,3379.9500000000003,4556.75,17
2006,097298,"SHRIMP, BANDED CORAL",0,3373.2000000000003,1450.54,58
2006,168693,"RUDDERFISH, BANDED",1,3217.06,2865.19,108
2006,006962,"PLANT, CAULERPA",0,3075,7661.5,61
2006,078022,"HARES, SEA",0,3058,3909.5,23
2006,006409,ULOTRICHALES,0,3039,8044.08,99
2006,051774,"CASSIOPEA, JAMAICAN",0,2913,1983.8500000000001,61
2006,202423,ANIMALIA,0,2901,17296.7,55
2006,173747,REPTILES,0,2900.5,1111.4,53
2006,078156,NUDIBRANCHS,0,2844,4583.4000000000005,63
2006,165460,BALLYHOO,0,2733,18477,26
2006,097863,"HERMIT, POLKADOTTED",0,2714,1312.92,19
2006,167744,"GROUPER, MARBLED",1,2612.7000000000003,6330.6,38
2006,074222,"SNAIL, OLIVE",0,2549,1027.5,16
2006,074075,"WHELK, LIGHTNING",0,2255,2589.5,36
2006,072556,"CONCH, FLORIDA FIGHTING",0,2244,9390.7,27
2006,098088,"CRAB, SPOTTED PORCELAIN",0,2233,1281.09,97
2006,052266,"GORGONIAN, SEA BLADES",0,2218,6295.76,94
2006,052150,"CORAL, DEEPWATER",0,2215,1776.75,16
2006,660512,"CRAB, FURCATE SPIDER",0,2095,1009.35,182
2006,173245,"COWFISH, SCRAWLED",0,2073,1280.7,95
2006,157826,"URCHIN, SLATE PENCIL",0,2071,1474.5,48
2006,099140,"SHRIMPS, MANTIS",0,1990,2964.15,61
2006,098131,"CRABS, SAND",0,1869.41,10819.210000000001,40
2006,099074,"CRAB, NIMBLE SPRAY",0,1816,2665.9,42
2006,167793,"PERCH, SAND",0,1768.94,3289.17,25
2006,158309,"CUCUMBERS, OTHER SEA",0,1753,6597.5,58
2006,157958,"URCHIN, ROCK BORING",0,1733,1604.45,35
2006,157486,"STAR, BLACK BRITTLE",0,1722,967.09,32
2006,096601,"SHRIMPS, PISTOL OR SNAPPING",0,1699,770.95,185
2006,169626,"ANGELFISH, BLUE",0,1633,17290.6,190
2006,158854,"TUNICATES, SEA SQUIRTS",0,1613,2595.1,69
2006,098811,"CRAB, FLORIDA STONE",0,1608.6000000000001,4133.45,79
2006,006949,"PLANT, MERMAID'S SHAVING BRUSH",0,1580,931.95,50
2006,168857,"SNAPPER, DOG",1,1513.09,1010.44,33
2006,160946,STINGRAYS,0,1509,10105.550000000001,70
2006,169632,"ANGELFISH, GRAY",1,1475,15031.5,115
2006,047528,"SPONGES, DEMOSPONGIAE",0,1473,4524.25,61
2006,167700,"HIND, RED",1,1456.4,2566.42,185
2006,172714,"FLOUNDERS, LEFTEYED",0,1398,2294.21,279
2006,052830,"ANEMONE, SUN",0,1373,2440.75,22
2006,052433,"ANEMONE, SUN ZOANTHID",0,1344,2107,27
2006,079820,"FILECLAM, SPINY",0,1304,1127.4,28
2006,073236,"SNAIL, MUREX",0,1291,1692.32,22
2006,166487,SEAHORSES,0,1278,3168.25,145
2006,168178,BIGEYE,0,1248.8,826.95,35
2006,172437,CERO,1,1238.3500000000001,448.15000000000003,35
2006,157187,"STARFISH, SPINY",0,1194,1855.8500000000001,64
2006,173246,"COWFISH, HONEYCOMBED",0,1186,982.85,77
2006,166488,"SEAHORSE, LINED",0,1181,6787,154
2006,169086,PORKFISH,0,1172,2546.79,103
2006,636786,"GOBY,NEON",0,1164,5490.64,20
2006,166170,SQUIRRELFISHES,0,1120.04,585.58,18
2006,168847,"SNAPPER, CUBERA",1,1075.81,1417.01,19
2006,163996,"CATFISHES, CHANNEL",0,1062,305.3,27
2006,098483,"CRAB, YELLOWLINE ARROW",0,1061,1128.6200000000001,87
2006,173752,"TURTLES, SNAPPING",0,1053,1892.5,9
2006,164412,TOADFISHES,0,973,644.1,244
2006,164593,"BATFISH, OTHER",0,969,881.65,134
2006,166972,SEAROBINS,0,951,1437.65,181
2006,164818,"BROTULA, BEARDED",0,949.08,909.35,31
2006,074101,"CONCH, CROWN",0,925,510.3,13
2006,169196,"PORGY, GRASS",0,905.21,839,64
2006,208674,"TURTLES, NORTH AMERICAN SOFTSHELL",0,861,579.25,34
2006,168607,"JACK, YELLOW",0,844,464.25,49
2006,170568,BLUEHEAD,0,832,641.95,19
2006,646513,HIGH-HAT,0,826,1689.9,100
2006,161419,"EELS, SNAKE",0,778,792,9
2006,082590,OCTOPUSES,0,765.97,997.97,41
2006,079118,CLAMS,0,713,2154.33,31
2006,006922,"PLANT, HALIMEDA",0,692,826.4,28
2006,167764,"GROUPER, YELLOWFIN",1,688.91,1838.65,16
2006,167800,"BASS, LONGTAIL",0,627.6800000000001,650.75,74
2006,168680,LOOKDOWN,0,614.15,6039.84,33
2006,171746,GOBIES,0,611,1365.69,17
2006,157325,"STARS, BRITTLE",0,595,1337,30
2006,051483,JELLYFISH,0,592,8362.25,17
2006,161061,"FISHES, RAY-FINNED",0,583,3284.3,98
2006,166454,"PIPEFISH, SARGASSUM",0,575,658.39,96
2006,170080,"CHROMIS, BLUE",0,557,1364.68,7
2006,166794,"SCORPIONFISH, SPINYCHEEK",0,552.76,557.85,27
2006,079611,SCALLOPS,0,546,483.81,22
2006,171124,"BLENNY, OTHER",0,469,1030.15,61
2006,169623,"ANGELFISH, QUEEN",1,466,7238.360000000001,129
2006,082607,"OCTOPUS, ATLANTIC PYGMY",0,432,637.7,70
2006,172418,TUNAS,0,431.25,943.5,4
2006,173320,"PUFFER, SHARPNOSE",0,431,462.95,111
2006,169314,JACKKNIFE-FISH,0,431,2738,21
2006,203428,FILEFISHES,0,421,1487.1000000000001,45
2006,173283,PUFFERS,0,399,785.15,54
2006,157906,"URCHIN, PURPLE-SPINED SEA",0,365,620,16
2006,161189,"MORAY, BLACKEDGE",0,361,615.25,57
2006,052440,"MAT, GREEN SEA",0,355.75,1393.25,21
2006,161160,"EEL, MORAYS",0,351.7,308.5,33
2006,172254,"TANG, BLUE",1,338,2842.77,59
2006,157518,"STAR, SCALY BRITTLE",0,291,293.51,12
2006,168204,FLAMEFISH,0,290,585.88,48
2006,170477,"WRASSE, OTHER",0,279,400.90000000000003,37
2006,169625,"BEAUTY, ROCK",0,271,1627.78,18
2006,164740,CUSK,0,270,303.25,10
2006,170920,JAWFISHES,0,222,604.15,19
2006,155469,"BRYOZOA, ECTOPROCTA",0,220,1832,26
2006,169558,"BUTTERFLYFISH, FOUREYE",0,212,550.8000000000001,39
2006,168610,"JACK, HORSE-EYE",0,195.76,145.35,8
2006,167696,"HIND, ROCK",1,172.26,328.28000000000003,36
2006,167806,"HAMLET, BUTTER",0,167,499.09000000000003,33
2006,169562,"BUTTERFLYFISH, REEF",0,153,378.65000000000003,21
2006,173392,BALLOONFISH,0,150,1049.33,31
2006,170046,"MAJOR, SERGEANT",0,140,200.85,10
2006,172250,SURGEONFISHES,0,140,237,7
2006,078255,"DORIS, FLORIDA REGAL",0,120,480.5,26
2006,167703,"GROUPER, MISTY",1,118.60000000000001,277.6,6
2006,621035,"STINGRAY, YELLOW",0,116,1421.47,35
2006,074187,"CONCH, HORSE",0,115,501.25,25
2006,074182,"TULIP, TRUE",0,111,265.75,20
2006,172735,"FLOUNDER, SUMMER",0,110,327.5,9
2006,172252,"SURGEON, OCEAN",0,109,379.75,24
2006,169633,"ANGELFISH, FRENCH",1,108,2240,42
2006,157366,"STAR, BASKET",0,103,540,21
2006,082603,"OCTOPUS, COMMON",0,94,348.85,28
2006,168602,"POMPANO, AFRICAN",1,94,171,3
2006,168738,"RUNNER, RAINBOW",1,86.76,48.300000000000004,10
2006,166862,"SCORPIONFISH, REEF",0,77,98.95,21
2006,170496,"WRASSE, CREOLE",0,76,279.98,4
2006,168176,BIGEYES,0,50.4,48.4,15
2006,170506,"WRASSE, YELLOWHEAD",0,50,97.05,12
2006,098888,"CRAB, REDFINGER RUBBLE",0,49,20,21
2006,161123,EELS,0,47.42,45.01,13
2006,181220,GRAYSBY,1,43.47,98.02,13
2006,615345,BEAUGREGORY,0,42,109.17,6
2006,170809,PARROTFISHES,0,41.12,80,4
2006,168567,"REMORAS, OTHER",0,38,78.25,15
2006,170484,"HOGFISH, SPANISH",1,37,252,8
2006,170507,"WRASSE, CLOWN",0,36,106.73,9
2006,167860,"BASS, HARLEQUIN",0,35,92.59,8
2006,169556,"BUTTERFLYFISH, SPOTFIN",0,34,72.75,12
2006,160951,"STINGRAY, SOUTHERN",1,34,1257.68,7
2006,098340,"CRABS, BOX",0,30,10.5,8
2006,166787,"ROSEFISH, BLACKBELLY",0,28.5,38.6,3
2006,170932,"JAWFISH, DUSKY",0,27,49,10
2006,170503,"DICK, SLIPPERY",0,27,136.75,6
2006,167858,"SANDFISH, BELTED",0,23,127,8
2006,169563,"BUTTERFLYFISH, BANDED",0,22,65,4
2006,161186,"MORAY, GREEN",0,19,725,6
2006,168548,"TILEFISH, SAND",1,17.92,12.3,6
2006,614740,"PARROTFISH, STRIPED",1,17,107.7,6
2006,173139,"TRIGGERFISH, QUEEN",1,16.32,163.20000000000002,7
2006,171423,"BLENNY, SADDLED",0,14,50.02,6
2006,171405,"BLENNY, SAILFIN",0,14,32.6,4
2006,168575,SHARKSUCKER,0,12,67.5,12
2006,173157,"FILEFISH, WHITESPOTTED",0,8,87,5
2006,161188,"MORAY, SPOTTED",0,7,23.75,3
2006,622125,"SQUIRRELFISH, REEF",0,6,24,4
2007,161731,MENHADENS,0,1005300801,62100151.01,2214
2007,551570,"SHRIMP, NORTHERN BROWN",1,115969349.77,174462986.69,43017
2007,551680,"SHRIMP, NORTHERN WHITE",1,101747685.25,174266443.62,63626
2007,098696,"CRAB, BLUE",0,58931972.77,46656961.2144,300584
2007,079872,"OYSTER, EASTERN",0,32155090.24,68946282.45,94026
2007,097490,PROCAMBARUS,0,16022804.7,9123658.12,24876
2007,170335,"MULLET, STRIPED",0,8550876.43,5193634.629,23400
2007,167702,"GROUPER, RED",1,4227355.39,10704067.96,5332
2007,169288,"DRUM, BLACK",0,4219376.9,3503922.5,7567
2007,163954,"FISHES, BUFFALO",0,3870607.3,1631044.29,5529
2007,163997,"CATFISH, BLUE",0,3818347.2199999997,1906277.51,10147
2007,168853,"SNAPPER, RED",1,3086169.64,9828577.68,3230
2007,172423,"TUNA, YELLOWFIN",1,3045376.5,10202339.893,1764
2007,551574,"SHRIMP, NORTHERN PINK",1,2956505.54,6183198.18,2636
2007,098810,"CRAB, STONE",0,2724974.34,24016067.399,57356
2007,168909,"SNAPPER, VERMILION",1,2390393.5300000003,5346569.11,3263
2007,914179,OSTEICHTHYES,0,1987991.03,865625.66,915
2007,172435,"MACKEREL, KING",1,1953107.58,2862312.38,3154
2007,097648,"LOBSTER, CARIBBEAN SPINY",1,1880091.67,13382798.626,9327
2007,099084,"CRABS, FIDDLER",0,1558000,46740,24
2007,095750,"SHRIMP, ATLANIC SEABOB",0,1520282.5,582761.76,587
2007,095603,"SHRIMPS, BAIT",0,1485586.01,6878116.26,13147
2007,051925,JELLYFISH,0,1480320,171899.4,188
2007,158019,"DOLLARS, KEYHOLE SAND",0,1456511,140497.95,109
2007,169189,SHEEPSHEAD,0,1388607.6,519131.05,8137
2007,167759,"GROUPER, GAG",1,1365281.38,4410788.67,4584
2007,160318,"SHARK, BLACKTIP",1,1324582.46,372585.49,745
2007,161111,LADYFISH,0,1216926.6,952814.03,2869
2007,095599,"CRABS, SHRIMPS, LOBSTERS",0,1104059,3302641.38,2233
2007,161700,HERRINGS,0,1058537,197160.41,1078
2007,172568,"BUTTERFISH,GULF",0,1024196,371115.15,32
2007,167699,"GROUPER, YELLOWEDGE",1,1002053.91,3119641.02,1191
2007,172436,"MACKEREL, SPANISH",1,979709.02,696606.74,3790
2007,566920,TURBINIDAE,0,959736,130710.09,667
2007,168725,"SCAD, ROUND",0,813688.5,551271.65,83
2007,098191,"HERMIT, TRICOLOR",0,742675,98319.35,365
2007,172482,SWORDFISH,1,741249.29,1531144.15,1184
2007,172564,HARVESTFISHES,0,732170,185259.11000000002,244
2007,161737,"SHAD, GIZZARD",0,724956,134139.99,497
2007,163998,"CATFISH, CHANNEL",0,694628.15,385109.66000000003,2738
2007,158018,"DOLLARS, OTHER SAND",0,595632,81269.35,97
2007,168689,"AMBERJACK, GREATER",1,587401.59,642261.02,1180
2007,201897,"GAR, ALLIGATOR",0,577530.99,497815.06,801
2007,096893,"SHRIMP, PEPPERMINT",0,524479,236956.07,838
2007,169364,"DRUM, FRESHWATER",0,498768.94,77265.16,2765
2007,163692,"CARP, BIGHEAD",0,354810,35803.92,1258
2007,168708,"POMPANO, FLORIDA",0,331544.02,1019336.7,2189
2007,167763,SCAMP,1,320802.96,986445.03,2713
2007,168546,"TILEFISH, GOLDEN",1,320584.44,536044.95,466
2007,168907,"SNAPPER, YELLOWTAIL",1,317628.09,767163.24,1638
2007,168609,"JACK, CREVALLE",1,310012.67,211958.22,2843
2007,095966,"SHRIMP, ROYAL RED",1,300129,821025.85,43
2007,172402,"TUNA, LITTLE TUNNY",1,287048,74279.56,347
2007,169013,MOJARRAS,0,271751.59,222057.18,4317
2007,164029,"CATFISH, FLATHEAD",0,269235.03,140895.12,2199
2007,096027,"SHRIMPS, ROCK",0,255984,355725.7,161
2007,169180,PORGIES,0,248771.14,247548.96,1376
2007,168612,"RUNNER, BLUE",1,246177.78,143558.91,855
2007,096028,"SHRIMP, ROCK",1,226616.46,348173.65,283
2007,095601,"SHRIMPS, PENAEOID",0,225449.77000000002,706794.12,1104
2007,160289,"SHARK, SANDBAR",1,215395.99,49961.97,100
2007,163344,"CARP, COMMON",0,209823.76,44601.03,1337
2007,069459,"SNAIL, OTHER",0,198672,35643.49,166
2007,160275,"SHARK, BULL",1,190443.91,54284.9,143
2007,161092,GARFISHES,0,183159.98,215835.35,310
2007,172702,FLATFISHES,0,182425,383174.46,2540
2007,074107,"NASSA, BRUISED",0,181550,40125,84
2007,167705,"GROUPER, SNOWY",1,177857.27,474238.08,742
2007,081499,"CLAM, SOUTHERN QUAHOG",0,175000.76,1345629.32,3650
2007,074474,"SNAIL, TURBONELLA",0,172540,43022.92,164
2007,160409,"SHARK, FINETOOTH",1,159975.52,145548.1,216
2007,168559,BLUEFISH,0,155497.34,49038.62,2251
2007,196436,"SPONGE, GRASS",0,149953,172395.89,291
2007,168848,"SNAPPER, GRAY",1,149553.52,323747.27,3069
2007,169207,"PORGY, RED",1,147579.88,157917.58000000002,850
2007,168791,DOLPHIN,1,139171.66,273439.22000000003,496
2007,196434,"SPONGE, YELLOW",0,131810.72,218926.16,378
2007,168543,"TILEFISH, BLUELINE",1,129539.05,112971.12,219
2007,070088,"TURBAN, CHESTNUT",0,127834,23330,470
2007,172362,ESCOLAR,0,122778.02,91138.13,412
2007,163537,"CARP, GRASS",0,121982.56,23987.34,1028
2007,172451,WAHOO,1,119311.59,123825.888,671
2007,161748,"HERRING, ATLANTIC THREAD",0,112236.8,22726.79,29
2007,005414,"ALGAE, GREEN",0,112091,323074,195
2007,167760,"GROUPER, BLACK",1,110444.63,340877.63,683
2007,168790,DOLPHINFISH,0,109540.82,117056.37,337
2007,172734,"FLOUNDERS, PARALICHTHYS",0,107759.85,190116.33000000002,1450
2007,170333,MULLETS,0,101088,172044.93,401
2007,169055,GRUNTS,0,99939.66,93956.87,1469
2007,168849,"SNAPPER, MUTTON",1,99299.59,203781.85,584
2007,047614,HIPPOSPONGIA,0,89903.68000000001,367528.35000000003,555
2007,167704,"GROUPER, WARSAW",1,89185.95,198918.67,373
2007,169809,TILAPIAS,0,86816.40000000001,53016.950000000004,395
2007,156862,"STARS, OTHER SEA",0,86141,401801.95,132
2007,170336,"MULLET, WHITE",0,84393.3,55299.91,398
2007,169283,"CROAKER, ATLANTIC",0,83053.76,510316.4,1011
2007,167698,"HIND, SPECKLED",1,81193.93000000001,222014.76,425
2007,161104,BOWFIN,0,76263.33,83790.8,411
2007,164034,BULLHEADS,0,76146,21644.06,177
2007,169243,"SEATROUT, SAND",0,75036.8,47342.200000000004,1582
2007,169187,PINFISH,0,73202.34,297570.71,2481
2007,168566,COBIA,1,72814.59,184197.42,1242
2007,172421,"TUNA, BLUEFIN",1,72358.16,324055.48,122
2007,169273,KINGFISHES,0,68962.65,58064.29,1362
2007,159786,"SHARKS, SMALL COASTAL",0,66132.11,476292.37,479
2007,172428,"TUNA, BIGEYE",1,58202.25,153041.46,151
2007,553178,SPADEFISH,0,58197,26106.4,172
2007,173128,TRIGGERFISHES,0,56858.55,73142.55,1396
2007,160200,"SHARK, ATLANTIC SHARPNOSE",1,54802.08,26859.4,466
2007,052484,"CORALLIMORPH, FLORIDA",0,52889,136169.5,79
2007,165459,BALLYHOOS,0,52678.43,46582.92,140
2007,160433,"SHARK, LEMON",1,52575.36,13146.65,42
2007,161732,"MENHADEN, ATLANTIC",0,52080.25,13538.76,52
2007,046861,SPONGES,0,51932,54771.090000000004,383
2007,169239,"SEATROUT, SPOTTED",0,51233.950000000004,101627.81,429
2007,159785,SHARKS,0,50804,82084.6,208
2007,166493,"SEAHORSE, DWARF",0,48467,19595.65,182
2007,168615,"JACK, BAR",1,45932.53,37233.44,554
2007,168913,WENCHMAN,1,40956.36,25537.75,22
2007,052627,"ANEMONE, GIANT CARIBBEAN",0,39484,32142.05,220
2007,173138,"TRIGGERFISH, GRAY",1,38486.4,33925.8,425
2007,098612,"CRAB, GREEN CLINGING",0,37426,21216.850000000002,136
2007,172736,"FLOUNDER, GULF",0,36984.23,81404.37,904
2007,082367,SQUIDS,0,36866,21079.68,313
2007,168584,JACKS,0,36480,21746.7,335
2007,167687,"BASS, BLACK SEA",1,34961.63,30498.88,348
2007,160497,"SHARKS, HAMMERHEAD",0,32769.95,22324.685,49
2007,168691,"JACK, ALMACO",1,30568.15,30612.33,353
2007,161094,"GAR, LONGNOSE",0,30122.88,31254.43,436
2007,172419,"TUNA, ALBACORE",1,29852.58,11587.41,79
2007,168860,"SNAPPER, LANE",1,28696.16,60243.89,1219
2007,169267,SPOT,0,27029.82,10951.48,1081
2007,168690,"AMBERJACK, LESSER",1,26702.2,34020.15,132
2007,169290,"DRUM, RED",1,26440,39539.1,119
2007,160304,"SHARK, BLACKNOSE",1,25696.43,11087.7,73
2007,160401,"SHARK, SPINNER",1,24353.98,8366.25,26
2007,163342,MINNOWS,0,24176.760000000002,169744.28,813
2007,082703,"CRAB, HORSESHOE",0,24081,32627.350000000002,171
2007,168670,"BUMPER, ATLANTIC",0,24075,16621.07,659
2007,168861,"SNAPPER, SILK",1,23249.58,64026.28,237
2007,169539,"SPADEFISH, ATLANTIC",1,22999.65,10710.74,566
2007,159924,"SHARK, MAKO, SHORTFIN",1,21526.41,17950.2,103
2007,098519,"CRABS, CORAL SPIDER",0,21225,20496.55,77
2007,169406,GOATFISHES,0,20959,7632.25,15
2007,163892,SUCKERS,0,20626,8757,30
2007,044030,FORAMS,0,20335,30335.5,45
2007,172364,OILFISH,0,18448.21,17436.45,75
2007,170566,HOGFISH,1,17951.29,50841.65,279
2007,169077,PIGFISH,0,16927,122487,93
2007,169240,"SEATROUT, SILVER",0,16401.9,11566.460000000001,272
2007,164157,"CATFISHES, SEA",0,15645.56,4981.42,402
2007,082369,"SQUIDS, LOLIGINIDAE",0,15602,14969.800000000001,222
2007,567533,"SLUG, LETTUCE",0,15002,16139,130
2007,157921,"URCHIN, GREEN SEA",0,14431,55938.55,148
2007,163691,"CARP, SILVER",0,14149,986.8000000000001,89
2007,172385,"CUTLASSFISH, ATLANTIC",0,13127,10334,42
2007,168845,SNAPPERS,0,13124.42,24417.3,89
2007,052794,"ANEMONE, RED BEADED",0,12671,10119,56
2007,168709,PERMIT,0,12350,18066.850000000002,156
2007,098188,"HERMIT, THINSTRIPE",0,11355,4659.45,47
2007,164807,"EELS, CUSK",0,11286,13188.65,209
2007,074075,"WHELK, LIGHTNING",0,11258,11872.5,46
2007,079819,"fileclam, rough",0,11180,5643.5,78
2007,169200,"PORGY, WHITEBONE",1,10896.4,14010.95,108
2007,052541,"ANEMONE, OTHER",0,10239,5201.55,37
2007,078156,NUDIBRANCHS,0,9375,8303.55,92
2007,172427,"TUNA, BLACKFIN",1,9101.58,6362.16,134
2007,160806,RAYS,0,8925,2708.05,21
2007,169237,DRUMS,0,8898,4296.46,537
2007,170424,BARRACUDAS,0,8620.42,5164.6,42
2007,172513,"DRIFTFISH, BLACK",0,8181.81,11052.25,21
2007,098178,"HERMIT, RED REEF",0,8105,1578.5,19
2007,168902,"SNAPPER, QUEEN",1,7987.46,19634.33,91
2007,168852,"SNAPPER, BLACKFIN",1,7429.25,19119.58,85
2007,167764,"GROUPER, YELLOWFIN",1,6691.88,17515.05,36
2007,165460,BALLYHOO,0,6335,28074,20
2007,159851,"SHARKS, PELAGIC",0,6288.41,1692.05,11
2007,157821,"URCHINS, SEA",0,6195,34097.9,89
2007,072556,"CONCH, FLORIDA FIGHTING",0,6047,24953.850000000002,28
2007,052016,"CORALS, SOFT",0,5944,22058.850000000002,257
2007,098811,"CRAB, FLORIDA STONE",0,5705,15528.75,233
2007,615846,"BURRFISH, STRIPED",0,5696,4610.4000000000005,275
2007,167744,"GROUPER, MARBLED",1,5597.92,11911.95,87
2007,168693,"RUDDERFISH, BANDED",1,5391.8,3920.4,95
2007,047782,"SPONGE, RED BALL",0,5006,16053.23,237
2007,072961,"EYE, SHARK",0,4964,1158.5,15
2007,070159,"SNAIL, NERITES",0,4790,1551.8,16
2007,098485,"CRAB, FALSE ARROW",0,4626,4061.2000000000003,201
2007,064358,"WORM, MARINE",0,4532,18145.75,39
2007,650251,"BARRACUDA, GREAT",1,4485.25,5579.35,83
2007,097671,"LOBSTER, SPANISH",0,4462.8,18780.100000000002,123
2007,160946,STINGRAYS,0,4284,28341.2,160
2007,095599,CRAB,0,4271,17356,80
2007,047528,"SPONGES, DEMOSPONGIAE",0,4197,14098.25,157
2007,166488,"SEAHORSE, LINED",0,4190,15445,423
2007,172738,"FLOUNDER, SOUTHERN",0,4149.71,10076.24,174
2007,166704,SCORPIONFISHES,0,3953,4496.63,194
2007,168176,BIGEYES,0,3853.28,680.5500000000001,28
2007,157520,"STAR, SERPENT BRITTLE",0,3806,3659.55,134
2007,160189,"SHARK, TIGER",1,3729.37,901.0500000000001,7
2007,202423,ANIMALIA,0,3617,23338.5,69
2007,006962,"PLANT, CAULERPA",0,3611,11753.25,113
2007,006409,ULOTRICHALES,0,3545.13,10941.35,120
2007,158323,"CUCUMBER, FLORIDA SEA",0,3500,2300.56,145
2007,098088,"CRAB, SPOTTED PORCELAIN",0,3466,1955.15,84
2007,158854,"TUNICATES, SEA SQUIRTS",0,3356,6272.04,113
2007,098131,"CRABS, SAND",0,3197.4900000000002,32959.4,80
2007,169197,"PORGY, JOLTHEAD",1,3060.2200000000003,2764.13,87
2007,052433,"ANEMONE, SUN ZOANTHID",0,2954,4257.75,20
2007,157958,"URCHIN, ROCK BORING",0,2925,2491.5,40
2007,172409,"BONITO, ATLANTIC",0,2779,1934.5,12
2007,168688,AMBERJACKS,0,2556,2481.65,61
2007,051774,"CASSIOPEA, JAMAICAN",0,2438,2158.4,52
2007,052266,"GORGONIAN, SEA BLADES",0,2360,7654.6500000000005,128
2007,169201,"PORGY, KNOBBED",1,2234.9,1504.46,60
2007,099140,"SHRIMPS, MANTIS",0,2183,4235.8,64
2007,169007,TRIPLETAIL,1,2148.16,2428.8,77
2007,164729,"HAKES, RED AND WHITE",0,2089.04,1942.75,70
2007,078255,"DORIS, FLORIDA REGAL",0,2088,2707.6,55
2007,172512,BARRELFISH,0,2043,4780.39,21
2007,173297,"PUFFER, SOUTHERN",0,1961,1190.15,87
2007,075281,"SNAIL, CONE",0,1822,543.5,15
2007,079820,"FILECLAM, SPINY",0,1812,1664.0900000000001,29
2007,157826,"URCHIN, SLATE PENCIL",0,1784,1368.8700000000001,47
2007,164412,TOADFISHES,0,1627,1645.65,335
2007,167700,"HIND, RED",1,1612.7,3531.56,132
2007,157187,"STARFISH, SPINY",0,1611,2909.35,61
2007,078022,"HARES, SEA",0,1610,4695.5,19
2007,074101,"CONCH, CROWN",0,1603,1438.3,42
2007,660512,"CRAB, FURCATE SPIDER",0,1593,997.25,139
2007,070298,"CONCH, OTHER",0,1590,257.65,16
2007,167674,GROUPERS,0,1515.97,5411.25,97
2007,173235,BOXFISHES,0,1432,938.6,98
2007,074222,"SNAIL, OLIVE",0,1427,725.95,34
2007,157906,"URCHIN, PURPLE-SPINED SEA",0,1350,2012.5,43
2007,169626,"ANGELFISH, BLUE",0,1320,14416.99,132
2007,157486,"STAR, BLACK BRITTLE",0,1247,740.44,46
2007,052774,"ANEMONE, RINGED",0,1241,1049,14
2007,169196,"PORGY, GRASS",0,1229.88,957.6,60
2007,636786,"GOBY,NEON",0,1209,3031.62,31
2007,167686,"BASSES, MIXED SEA",0,1198.2,775.88,125
2007,173183,"FILEFISH, PLANEHEAD",0,1174,744.4,151
2007,158309,"CUCUMBERS, OTHER SEA",0,1169.7,4123.5,69
2007,168847,"SNAPPER, CUBERA",1,1103.97,1828.26,23
2007,170568,BLUEHEAD,0,1086,546.48,18
2007,168857,"SNAPPER, DOG",1,1080.95,788.75,23
2007,172411,MACKERELS,0,1074,947.1,13
2007,168178,BIGEYE,0,1052.4,387.73,42
2007,168899,"SNAPPER, BLACK",1,1051.17,1345.5,50
2007,157325,"STARS, BRITTLE",0,1045,2856.2000000000003,32
2007,160845,SKATES,0,1010,214.6,4
2007,082590,OCTOPUSES,0,1009.5,1257.15,39
2007,163996,"CATFISHES, CHANNEL",0,1004,319.75,25
2007,166326,OPAH,0,990,1201.75,9
2007,099074,"CRAB, NIMBLE SPRAY",0,983,1741.5,19
2007,006922,"PLANT, HALIMEDA",0,956,782.35,32
2007,006949,"PLANT, MERMAID'S SHAVING BRUSH",0,937,693.95,27
2007,081649,"CLAM, JEWEL BOX",0,906,2146.5,41
2007,172714,"FLOUNDERS, LEFTEYED",0,899,2659.32,211
2007,052150,"CORAL, DEEPWATER",0,894,3686.5,31
2007,173245,"COWFISH, SCRAWLED",0,845,739.85,67
2007,173747,REPTILES,0,833,234.39000000000001,23
2007,096601,"SHRIMPS, PISTOL OR SNAPPING",0,802,598.65,136
2007,166487,SEAHORSES,0,793,1490,114
2007,073236,"SNAIL, MUREX",0,769,1609.16,24
2007,168738,"RUNNER, RAINBOW",1,758.32,364.45,23
2007,095600,"SHRIMP, MARINE",0,743,1781.1000000000001,46
2007,166454,"PIPEFISH, SARGASSUM",0,719,1314.65,59
2007,172437,CERO,1,667.2,502.44,16
2007,082607,"OCTOPUS, ATLANTIC PYGMY",0,652,979.3000000000001,117
2007,098483,"CRAB, YELLOWLINE ARROW",0,651,749.35,54
2007,052830,"ANEMONE, SUN",0,648,1838.1000000000001,20
2007,164593,"BATFISH, OTHER",0,647,529.15,132
2007,097863,"HERMIT, POLKADOTTED",0,587,286.5,6
2007,171124,"BLENNY, OTHER",0,572,824.2,85
2007,157518,"STAR, SCALY BRITTLE",0,531,557.75,5
2007,079118,CLAMS,0,513,3346,31
2007,167800,"BASS, LONGTAIL",0,493.36,503.7,67
2007,170080,"CHROMIS, BLUE",0,490,990.25,8
2007,166972,SEAROBINS,0,485,1546.8,118
2007,155469,"BRYOZOA, ECTOPROCTA",0,484,3391,44
2007,173283,PUFFERS,0,482,558.8000000000001,66
2007,051483,JELLYFISH,0,461,2124.75,12
2007,052440,"MAT, GREEN SEA",0,454,1960.05,17
2007,169086,PORKFISH,0,446,1003.58,44
2007,161123,EELS,0,431.32,336.904,10
2007,166794,"SCORPIONFISH, SPINYCHEEK",0,414.96000000000004,484.15000000000003,30
2007,161061,"FISHES, RAY-FINNED",0,394,2094.5,67
2007,097298,"SHRIMP, BANDED CORAL",0,389,488.67,34
2007,169623,"ANGELFISH, QUEEN",1,388,5223,93
2007,164818,"BROTULA, BEARDED",0,346.56,335.2,22
2007,167696,"HIND, ROCK",1,343.38,630.36,30
2007,172254,"TANG, BLUE",1,324,1484.74,50
2007,203428,FILEFISHES,0,291,2071.55,42
2007,074187,"CONCH, HORSE",0,280.5,1333.25,25
2007,079611,SCALLOPS,0,278,1618.6100000000001,26
2007,166862,"SCORPIONFISH, REEF",0,262,342,26
2007,157366,"STAR, BASKET",0,256,877,36
2007,167838,CREOLE-FISH,0,251.68,153,19
2007,169314,JACKKNIFE-FISH,0,249,1259.5,20
2007,208674,"TURTLES, NORTH AMERICAN SOFTSHELL",0,247,175.6,12
2007,161419,"EELS, SNAKE",0,244,275,11
2007,166170,SQUIRRELFISHES,0,242.70000000000002,69.25,12
2007,169625,"BEAUTY, ROCK",0,218,1221.44,22
2007,169632,"ANGELFISH, GRAY",1,212,1746,75
2007,097651,"LOBSTER, SPOTTED SPINY",0,198,999,7
2007,098888,"CRAB, REDFINGER RUBBLE",0,181,48.65,46
2007,168204,FLAMEFISH,0,175,578.75,26
2007,173320,"PUFFER, SHARPNOSE",0,167,218.95000000000002,42
2007,169558,"BUTTERFLYFISH, FOUREYE",0,166,390.18,30
2007,168680,LOOKDOWN,0,154.75,1341.82,18
2007,082603,"OCTOPUS, COMMON",0,150,721.25,22
2007,646513,HIGH-HAT,0,146,279.78000000000003,31
2007,171746,GOBIES,0,140,181.25,7
2007,166787,"ROSEFISH, BLACKBELLY",0,135.6,203.46,12
2007,644844,PIPEFISHES,0,126,221.75,9
2007,096220,"SHRIMP, FW",0,120,225,10
2007,170082,SUNSHINEFISH,0,112,148,7
2007,167793,"PERCH, SAND",0,106.14,474.55,10
2007,170086,"REEFFISH, PURPLE",0,106,158,4
2007,171430,"BLENNY, BANDED",0,104,272,22
2007,170477,"WRASSE, OTHER",0,100,1041.55,29
2007,074182,"TULIP, TRUE",0,99,387.95,22
2007,167703,"GROUPER, MISTY",1,92.04,168.25,5
2007,096424,"SHRIMP, SPOTTED CLEANER",0,89,140.75,12
2007,170925,"JAWFISHES, SPOTFIN",0,86,131.3,18
2007,161189,"MORAY, BLACKEDGE",0,82,166.75,26
2007,167806,"HAMLET, BUTTER",0,77,232.5,20
2007,079578,PENSHELLS,0,71,1218,10
2007,173392,BALLOONFISH,0,68,347.54,26
2007,621035,"STINGRAY, YELLOW",0,63,706.51,20
2007,172252,"SURGEON, OCEAN",0,60,438,6
2007,173137,TRIGGERFISHES,0,57,57,2
2007,170815,"PARROTFISH, PRINCESS",1,56,301,17
2007,172250,SURGEONFISHES,0,56,87,4
2007,170116,"DAMSELFISH, YELLOWTAIL",0,48,101.76,10
2007,171165,"BLENNY, FLORIDA",0,48,89,6
2007,169556,"BUTTERFLYFISH, SPOTFIN",0,47,125,13
2007,170046,"MAJOR, SERGEANT",0,45,67,4
2007,169633,"ANGELFISH, FRENCH",1,41,596.47,22
2007,167858,"SANDFISH, BELTED",0,40,343,11
2007,169562,"BUTTERFLYFISH, REEF",0,39,75.5,11
2007,167860,"BASS, HARLEQUIN",0,38,97.27,8
2007,170484,"HOGFISH, SPANISH",1,32,196.5,11
2007,170503,"DICK, SLIPPERY",0,31,74.75,6
2007,170809,PARROTFISHES,0,27.04,208.5,4
2007,615416,"DAMSELFISH, BICOLOR",0,21,36.25,3
2007,169563,"BUTTERFLYFISH, BANDED",0,19,58.25,9
2007,098340,"CRABS, BOX",0,18,39.25,7
2007,161160,"EEL, MORAYS",0,14,144,12
2007,168575,SHARKSUCKER,0,14,58.25,14
2007,164457,CLINGFISHES,0,14,46.25,7
2008,161731,MENHADENS,0,930568156,64553319.05,1740
2008,551680,"SHRIMP, NORTHERN WHITE",1,101603457.93,206612111.67,56957
2008,551570,"SHRIMP, NORTHERN BROWN",1,82958431.2,146407691.49,28579
2008,098696,"CRAB, BLUE",0,52176605.19,42197780.33,252191
2008,079872,"OYSTER, EASTERN",0,22315055.82,61762495.7844,73380
2008,097490,PROCAMBARUS,0,16134551.5,9795353.25,23795
2008,170335,"MULLET, STRIPED",0,10371224.03,5856303.02,24539
2008,167702,"GROUPER, RED",1,5558882.34,13425154.58,5431
2008,551574,"SHRIMP, NORTHERN PINK",1,5372502.34,10216228.34,2763
2008,169288,"DRUM, BLACK",0,4092252.04,3278626.06,8217
2008,163954,"FISHES, BUFFALO",0,3257653.13,637765.14,4732
2008,163997,"CATFISH, BLUE",0,3116995.71,1510891.7,8796
2008,098810,"CRAB, STONE",0,2939352.74,17852771.228,41075
2008,168909,"SNAPPER, VERMILION",1,2814200.18,6654359.355,3823
2008,914179,OSTEICHTHYES,0,2664834.66,984359.38,1343
2008,168853,"SNAPPER, RED",1,2464402.25,8251417.53,2906
2008,161763,"SARDINE, SPANISH",0,2166963,434614.4,70
2008,172435,"MACKEREL, KING",1,2156059.62,3102676.45,3159
2008,097648,"LOBSTER, CARIBBEAN SPINY",1,1670105.81,10623147.509,7405
2008,172423,"TUNA, YELLOWFIN",1,1633683.57,5902660.5,1133
2008,161700,HERRINGS,0,1524941.5,311774.18,1481
2008,161111,LADYFISH,0,1485809.3,1160913.76,3291
2008,167759,"GROUPER, GAG",1,1479601.57,4910125.75,4744
2008,169189,SHEEPSHEAD,0,1471482.51,549877.1900000001,8492
2008,095603,"SHRIMPS, BAIT",0,1445832.8599999999,6777350.6581,13396
2008,095750,"SHRIMP, ATLANIC SEABOB",0,1394452.5,553710.01,472
2008,172436,"MACKEREL, SPANISH",1,1299512.28,882643.85,4500
2008,158019,"DOLLARS, KEYHOLE SAND",0,1252573,243841.1,96
2008,161748,"HERRING, ATLANTIC THREAD",0,1094475.16,205266.4,86
2008,161737,"SHAD, GIZZARD",0,960872,221992.56,520
2008,167699,"GROUPER, YELLOWEDGE",1,933036.1,2964358.3200000003,1089
2008,566920,TURBINIDAE,0,862792,91001.90000000001,791
2008,098191,"HERMIT, TRICOLOR",0,832914,136227.3,465
2008,095599,"CRABS, SHRIMPS, LOBSTERS",0,828568,3236212.55,2110
2008,099084,"CRABS, FIDDLER",0,816675,96552,38
2008,172568,"BUTTERFISH,GULF",0,779138,256787.28,49
2008,096893,"SHRIMP, PEPPERMINT",0,774466,285027.25,1234
2008,163998,"CATFISH, CHANNEL",0,617968.53,355030.3,2315
2008,172482,SWORDFISH,1,609546.42,1309517.04,903
2008,172564,HARVESTFISHES,0,575213,202943.13,193
2008,201897,"GAR, ALLIGATOR",0,532029.62,447053.62,741
2008,169364,"DRUM, FRESHWATER",0,525117.3200000001,81558.14,2350
2008,168725,"SCAD, ROUND",0,520316.75,408610.77,140
2008,160318,"SHARK, BLACKTIP",1,448158.10000000003,173460.77,556
2008,168689,"AMBERJACK, GREATER",1,433632.57,508960.46,1302
2008,074474,"SNAIL, TURBONELLA",0,390310,101189.8,198
2008,164029,"CATFISH, FLATHEAD",0,347597.94,172403.44,2078
2008,168907,"SNAPPER, YELLOWTAIL",1,332802.18,797685.24,1197
2008,168546,"TILEFISH, GOLDEN",1,327488.73,549175.14,545
2008,167763,SCAMP,1,323032.73,1031271.24,2847
2008,168708,"POMPANO, FLORIDA",0,309126.7,871748.91,2112
2008,161104,BOWFIN,0,289066.86,331744.44,1215
2008,081499,"CLAM, SOUTHERN QUAHOG",0,281807.59,1834673.63,4030
2008,168609,"JACK, CREVALLE",1,276721.42,206855.55000000002,2468
2008,163692,"CARP, BIGHEAD",0,275407.79,27659.83,1259
2008,169180,PORGIES,0,261109.34,282980.66000000003,1526
2008,169013,MOJARRAS,0,260717.2,213380.30000000002,4091
2008,159785,SHARKS,0,260678,322356.60000000003,468
2008,158018,"DOLLARS, OTHER SAND",0,242279,48994.11,73
2008,163344,"CARP, COMMON",0,239840.12,52770.03,1155
2008,069459,"SNAIL, OTHER",0,228779,36879.22,322
2008,074107,"NASSA, BRUISED",0,212208,43131,93
2008,168791,DOLPHIN,1,210823.88,450571.73,404
2008,169055,GRUNTS,0,204759.30000000002,171627.01,2013
2008,167705,"GROUPER, SNOWY",1,200250.54,518446.91000000003,694
2008,160275,"SHARK, BULL",1,186408.38,64546.310000000005,202
2008,168559,BLUEFISH,0,184802.77,63296.21,2358
2008,095601,"SHRIMPS, PENAEOID",0,183553.92,629516.3200000001,1251
2008,172702,FLATFISHES,0,181863,398125.01,2232
2008,095966,"SHRIMP, ROYAL RED",1,169439.6,557345.1,34
2008,070088,"TURBAN, CHESTNUT",0,168639,23613.7,710
2008,168543,"TILEFISH, BLUELINE",1,165645.89,136312.87,266
2008,096027,"SHRIMPS, ROCK",0,164890,217177.92,165
2008,168612,"RUNNER, BLUE",1,156344.6,97035.07,915
2008,168848,"SNAPPER, GRAY",1,150491.13,323060.95,3191
2008,169207,"PORGY, RED",1,143144.13,156661.373,917
2008,096028,"SHRIMP, ROCK",1,140297.96,273477.37,271
2008,161092,GARFISHES,0,137823.8,160199.85,238
2008,160401,"SHARK, SPINNER",1,119340.47,47674.36,137
2008,170336,"MULLET, WHITE",0,117433.95,66444.62,301
2008,196436,"SPONGE, GRASS",0,114290,156418.59,224
2008,172734,"FLOUNDERS, PARALICHTHYS",0,97808.84,169765.13,1451
2008,172451,WAHOO,1,95589.05,113355.49,401
2008,170333,MULLETS,0,93233,131799.85,366
2008,167704,"GROUPER, WARSAW",1,89860.57,228999.80000000002,270
2008,168615,"JACK, BAR",1,88476.08,74830.32,906
2008,172402,"TUNA, LITTLE TUNNY",1,85668.5,36669.83,385
2008,005414,"ALGAE, GREEN",0,83206,214704.1,155
2008,196434,"SPONGE, YELLOW",0,82956,129132.59,444
2008,172362,ESCOLAR,0,80727.2,59807.98,276
2008,169283,"CROAKER, ATLANTIC",0,80077.05,509736.4,807
2008,553178,SPADEFISH,0,78133.77,34706.75,158
2008,163537,"CARP, GRASS",0,76862,14541.85,905
2008,164034,BULLHEADS,0,71094.31,23025.21,191
2008,165459,BALLYHOOS,0,68990.62,69650.2,206
2008,168566,COBIA,1,68254.13,171242.615,1229
2008,169243,"SEATROUT, SAND",0,66187.22,53096.55,1307
2008,167760,"GROUPER, BLACK",1,65557.73,206039.59,581
2008,160200,"SHARK, ATLANTIC SHARPNOSE",1,62413.950000000004,45526.1,480
2008,169273,KINGFISHES,0,61516.72,44362.8,1290
2008,169239,"SEATROUT, SPOTTED",0,60510.16,121756.67,475
2008,167687,"BASS, BLACK SEA",1,59607.93,52444.1,433
2008,172421,"TUNA, BLUEFIN",1,54884.73,241620,86
2008,553173,ANCHOVIES,0,54228,14848.4,18
2008,047614,HIPPOSPONGIA,0,53575.29,189334.34,488
2008,168849,"SNAPPER, MUTTON",1,51020.12,105747.75,476
2008,169809,TILAPIAS,0,49956.090000000004,29813.32,368
2008,173128,TRIGGERFISHES,0,49451.97,69524.68000000001,1476
2008,168790,DOLPHINFISH,0,49447.57,52270.35,232
2008,082367,SQUIDS,0,47984,13918.9,196
2008,169539,"SPADEFISH, ATLANTIC",1,45967.8,19740.06,802
2008,168913,WENCHMAN,1,44425.79,21787.45,28
2008,169187,PINFISH,0,42903.58,253228.38,2124
2008,098612,"CRAB, GREEN CLINGING",0,42201,22989.850000000002,206
2008,167698,"HIND, SPECKLED",1,41232.54,101889.86,358
2008,161732,"MENHADEN, ATLANTIC",0,39285.75,16646.27,63
2008,046861,SPONGES,0,38284,56654.73,400
2008,172736,"FLOUNDER, GULF",0,38255.85,105852.292,872
2008,168670,"BUMPER, ATLANTIC",0,34651,21253.91,666
2008,052484,"CORALLIMORPH, FLORIDA",0,34124,88046,95
2008,160806,RAYS,0,32601,4641.47,11
2008,163342,MINNOWS,0,31895.760000000002,157685.55000000002,688
2008,169290,"DRUM, RED",1,31260,47349.25,84
2008,168544,"TILEFISH, GOLDFACE",1,30660,48326.55,66
2008,173138,"TRIGGERFISH, GRAY",1,27361.36,25387.66,363
2008,052627,"ANEMONE, GIANT CARIBBEAN",0,26948,24784.850000000002,214
2008,161094,"GAR, LONGNOSE",0,26496.25,13757.06,471
2008,163892,SUCKERS,0,26330,12490,37
2008,172385,"CUTLASSFISH, ATLANTIC",0,25703,16626.5,41
2008,082703,"CRAB, HORSESHOE",0,25673,31443,220
2008,160497,"SHARKS, HAMMERHEAD",0,25669.83,8433.515000000001,57
2008,159786,"SHARKS, SMALL COASTAL",0,25532.29,198100.37,375
2008,168860,"SNAPPER, LANE",1,25348.88,53747.83,1370
2008,160433,"SHARK, LEMON",1,25186.8,7355.43,59
2008,169267,SPOT,0,25162.75,9804.24,1094
2008,168690,"AMBERJACK, LESSER",1,24126.38,32018.05,104
2008,168691,"JACK, ALMACO",1,24122.47,26770.45,330
2008,170566,HOGFISH,1,24090.31,77303.63,336
2008,160189,"SHARK, TIGER",1,23274.350000000002,7762.75,71
2008,168584,JACKS,0,23194.9,14554.94,210
2008,172428,"TUNA, BIGEYE",1,21181.25,42485.020000000004,61
2008,168861,"SNAPPER, SILK",1,18944.13,47985.05,183
2008,172738,"FLOUNDER, SOUTHERN",0,17997.45,41823.93,314
2008,098519,"CRABS, CORAL SPIDER",0,17210,19833,107
2008,168709,PERMIT,0,16150.66,21229.57,197
2008,098178,"HERMIT, RED REEF",0,15914,3578.3,30
2008,169240,"SEATROUT, SILVER",0,14936.300000000001,12233.800000000001,234
2008,160304,"SHARK, BLACKNOSE",1,14861.7,6159,73
2008,157921,"URCHIN, GREEN SEA",0,14579,63809.6,202
2008,169077,PIGFISH,0,14352,124900,63
2008,082590,OCTOPUSES,0,14005.470000000001,15454.82,215
2008,168902,"SNAPPER, QUEEN",1,13478.470000000001,31141.91,110
2008,079819,"fileclam, rough",0,13344,6044.1,103
2008,159924,"SHARK, MAKO, SHORTFIN",1,13258.86,11664.300000000001,70
2008,044030,FORAMS,0,13250,18902.5,42
2008,168693,"RUDDERFISH, BANDED",1,12861.880000000001,8377.45,149
2008,097671,"LOBSTER, SPANISH",0,12848.2,34832.31,163
2008,098485,"CRAB, FALSE ARROW",0,12763,6799.4800000000005,266
2008,082369,"SQUIDS, LOLIGINIDAE",0,12263,13642.2,206
2008,160409,"SHARK, FINETOOTH",1,12110.39,4788.2,60
2008,567533,"SLUG, LETTUCE",0,12089,10750.75,102
2008,172419,"TUNA, ALBACORE",1,11802.32,4610.1500000000005,43
2008,070159,"SNAIL, NERITES",0,11748,5650.87,35
2008,164157,"CATFISHES, SEA",0,11675.95,4245.72,168
2008,051925,JELLYFISH,0,11000,1210,2
2008,164807,"EELS, CUSK",0,10902.17,12180.65,203
2008,167686,"BASSES, MIXED SEA",0,10661.53,10732.85,160
2008,169200,"PORGY, WHITEBONE",1,10612,14728.9,98
2008,074075,"WHELK, LIGHTNING",0,10208,10690.75,35
2008,052541,"ANEMONE, OTHER",0,9771,2099.4,51
2008,160289,"SHARK, SANDBAR",1,8736.15,2554.3,9
2008,172364,OILFISH,0,8659.58,9234.300000000001,54
2008,098188,"HERMIT, THINSTRIPE",0,8264,4585.95,89
2008,166493,"SEAHORSE, DWARF",0,8020,14285.75,83
2008,169237,DRUMS,0,7995,4869.62,588
2008,167744,"GROUPER, MARBLED",1,7769.12,16719.35,75
2008,615846,"BURRFISH, STRIPED",0,7457,5278.25,535
2008,166704,SCORPIONFISHES,0,7027.5,7092.34,255
2008,168607,"JACK, YELLOW",0,6741.5,3831,153
2008,157821,"URCHINS, SEA",0,6632,35750.35,83
2008,052433,"ANEMONE, SUN ZOANTHID",0,6524,2545.5,16
2008,097660,"LOBSTERS, SLIPPER",0,6250,8973.6,3
2008,160946,STINGRAYS,0,6164,40771.64,159
2008,163691,"CARP, SILVER",0,6060,46.75,39
2008,052016,"CORALS, SOFT",0,5783,23202.25,257
2008,160310,"SHARK, SILKY",1,5712.9000000000005,1644,8
2008,164729,"HAKES, RED AND WHITE",0,5589,5247.42,61
2008,052794,"ANEMONE, RED BEADED",0,5557,3895.1,65
2008,158323,"CUCUMBER, FLORIDA SEA",0,5260,3006.25,235
2008,172427,"TUNA, BLACKFIN",1,5168.25,4132.9,51
2008,072556,"CONCH, FLORIDA FIGHTING",0,5002,14388.2,24
2008,161738,"SHAD, THREADFIN",0,4931,946.1,61
2008,172513,"DRIFTFISH, BLACK",0,4685.31,6263.2,19
2008,047528,"SPONGES, DEMOSPONGIAE",0,4492,15063.75,169
2008,047782,"SPONGE, RED BALL",0,4460,13943.18,236
2008,170424,BARRACUDAS,0,4264.37,3413.8,47
2008,157520,"STAR, SERPENT BRITTLE",0,4178,4339.67,147
2008,072961,"EYE, SHARK",0,4068,1043.75,6
2008,074222,"SNAIL, OLIVE",0,3795,2686.7000000000003,38
2008,078156,NUDIBRANCHS,0,3777,3745.55,196
2008,166488,"SEAHORSE, LINED",0,3771,13765.07,613
2008,202423,ANIMALIA,0,3564,21672.41,83
2008,165460,BALLYHOO,0,3424,18877,34
2008,168852,"SNAPPER, BLACKFIN",1,3410.4900000000002,8068.6500000000005,68
2008,098088,"CRAB, SPOTTED PORCELAIN",0,3405,2092.5,86
2008,095599,CRAB,0,3346,13458,46
2008,157906,"URCHIN, PURPLE-SPINED SEA",0,3213,4846,65
2008,052266,"GORGONIAN, SEA BLADES",0,3175,11442.56,146
2008,098811,"CRAB, FLORIDA STONE",0,3071,9220.99,208
2008,079779,"OYSTER, ATLANTIC THORNY",0,3006,444,3
2008,006409,ULOTRICHALES,0,2994,7915.34,112
2008,650251,"BARRACUDA, GREAT",1,2909,2515.25,55
2008,173183,"FILEFISH, PLANEHEAD",0,2878,2379.41,245
2008,167674,GROUPERS,0,2801.42,5322.25,45
2008,064358,"WORM, MARINE",0,2762,11560.75,22
2008,158854,"TUNICATES, SEA SQUIRTS",0,2732,6308.6,87
2008,006962,"PLANT, CAULERPA",0,2708,7260,73
2008,172512,BARRELFISH,0,2650.2000000000003,7069.07,40
2008,097863,"HERMIT, POLKADOTTED",0,2570,1022.5,12
2008,169197,"PORGY, JOLTHEAD",1,2569.15,1735.05,100
2008,173246,"COWFISH, HONEYCOMBED",0,2533,1041.17,219
2008,167764,"GROUPER, YELLOWFIN",1,2463.59,6139.35,24
2008,099140,"SHRIMPS, MANTIS",0,2318,5555.8,76
2008,168688,AMBERJACKS,0,2251,3378.05,23
2008,051774,"CASSIOPEA, JAMAICAN",0,2248,2196.5,39
2008,158309,"CUCUMBERS, OTHER SEA",0,2118,3385,50
2008,079820,"FILECLAM, SPINY",0,2108,1533,31
2008,169201,"PORGY, KNOBBED",1,2089.94,1770.3500000000001,74
2008,173235,BOXFISHES,0,2027,1174.53,188
2008,167700,"HIND, RED",1,1994.91,4450.59,92
2008,660512,"CRAB, FURCATE SPIDER",0,1970,895.9,164
2008,163996,"CATFISHES, CHANNEL",0,1923,605.4300000000001,53
2008,164412,TOADFISHES,0,1816,1558.0900000000001,403
2008,098131,"CRABS, SAND",0,1764.96,9265.62,97
2008,169196,"PORGY, GRASS",0,1764.68,929.8000000000001,77
2008,157958,"URCHIN, ROCK BORING",0,1749,1404.15,67
2008,172714,"FLOUNDERS, LEFTEYED",0,1685,2706.15,381
2008,169626,"ANGELFISH, BLUE",0,1672,18228.25,216
2008,006949,"PLANT, MERMAID'S SHAVING BRUSH",0,1604,1356.46,41
2008,161061,"FISHES, RAY-FINNED",0,1588,4239.29,74
2008,168684,"MOONFISH, ATLANTIC",0,1569,4178.25,7
2008,173283,PUFFERS,0,1553.6000000000001,1160.48,106
2008,074101,"CONCH, CROWN",0,1509,1094,48
2008,157826,"URCHIN, SLATE PENCIL",0,1450,1012.9200000000001,40
2008,159851,"SHARKS, PELAGIC",0,1425.58,656.4,8
2008,173245,"COWFISH, SCRAWLED",0,1405,1282.48,118
2008,169086,PORKFISH,0,1374,2860.75,79
2008,160845,SKATES,0,1367,612.2,3
2008,078255,"DORIS, FLORIDA REGAL",0,1340,3523.25,66
2008,157486,"STAR, BLACK BRITTLE",0,1331,856.6,56
2008,157187,"STARFISH, SPINY",0,1330,2369.7000000000003,115
2008,172409,"BONITO, ATLANTIC",0,1308.95,655.1,15
2008,164593,"BATFISH, OTHER",0,1270,860.57,380
2008,156862,"STARS, OTHER SEA",0,1269,7782.6500000000005,75
2008,168845,SNAPPERS,0,1264.2,3359.15,41
2008,167793,"PERCH, SAND",0,1240.76,1373.1000000000001,14
2008,203428,FILEFISHES,0,1229,1403.27,78
2008,172411,MACKERELS,0,1151,635.3000000000001,10
2008,173747,REPTILES,0,1121,238.20000000000002,18
2008,168738,"RUNNER, RAINBOW",1,1084,929.1,36
2008,006922,"PLANT, HALIMEDA",0,1074,1150.38,40
2008,082607,"OCTOPUS, ATLANTIC PYGMY",0,1059,1201.2,194
2008,099074,"CRAB, NIMBLE SPRAY",0,1049,1318.5,29
2008,081649,"CLAM, JEWEL BOX",0,1003,2377.5,26
2008,079118,CLAMS,0,942,5533.5,36
2008,097298,"SHRIMP, BANDED CORAL",0,915,745.4,41
2008,052440,"MAT, GREEN SEA",0,907,1938,34
2008,096601,"SHRIMPS, PISTOL OR SNAPPING",0,903,601.37,151
2008,095600,"SHRIMP, MARINE",0,896,1434.6000000000001,44
2008,170928,"JAWFISH, YELLOWHEAD",0,833,2582.5,17
2008,169007,TRIPLETAIL,1,829,1018.1,64
2008,636786,"GOBY,NEON",0,808,2756.25,45
2008,096896,"SHRIMP, CLEANER",0,799,837.75,4
2008,078022,"HARES, SEA",0,752,1083.25,18
2008,168857,"SNAPPER, DOG",1,682.35,590.85,24
2008,098483,"CRAB, YELLOWLINE ARROW",0,677,751.75,56
2008,208674,"TURTLES, NORTH AMERICAN SOFTSHELL",0,674,592.9,12
2008,168847,"SNAPPER, CUBERA",1,621.53,1055.46,16
2008,157325,"STARS, BRITTLE",0,616,1938.05,23
2008,169314,JACKKNIFE-FISH,0,607,3516,41
2008,166454,"PIPEFISH, SARGASSUM",0,580,1168.83,75
2008,166487,SEAHORSES,0,518,1298.83,148
2008,082603,"OCTOPUS, COMMON",0,512,485.8,41
2008,167800,"BASS, LONGTAIL",0,501.40000000000003,571.75,65
2008,166972,SEAROBINS,0,483,1596.98,213
2008,166794,"SCORPIONFISH, SPINYCHEEK",0,481.52,486.85,41
2008,169632,"ANGELFISH, GRAY",1,468,4212.2,107
2008,171124,"BLENNY, OTHER",0,458,528.9,76
2008,164818,"BROTULA, BEARDED",0,457.32,332.7,24
2008,052150,"CORAL, DEEPWATER",0,414,2069.8,15
2008,157366,"STAR, BASKET",0,404,2711.1,48
2008,052774,"ANEMONE, RINGED",0,394,320.58,20
2008,172254,"TANG, BLUE",1,377,1594.7,74
2008,155469,"BRYOZOA, ECTOPROCTA",0,364,2690.5,42
2008,168899,"SNAPPER, BLACK",1,358.53000000000003,671.2,10
2008,097651,"LOBSTER, SPOTTED SPINY",0,333,5678,5
2008,052830,"ANEMONE, SUN",0,329,672,13
2008,173752,"TURTLES, SNAPPING",0,301,416,7
2008,169623,"ANGELFISH, QUEEN",1,298,3619,92
2008,096424,"SHRIMP, SPOTTED CLEANER",0,291,680.5,29
2008,646513,HIGH-HAT,0,284,661.2,64
2008,167696,"HIND, ROCK",1,252.23000000000002,517.5,36
2008,168680,LOOKDOWN,0,245,2255.05,19
2008,168204,FLAMEFISH,0,243,503.7,44
2008,161189,"MORAY, BLACKEDGE",0,243,406.63,75
2008,173320,"PUFFER, SHARPNOSE",0,234,104.12,95
2008,168178,BIGEYE,0,218.92000000000002,333.75,28
2008,171430,"BLENNY, BANDED",0,208,741.35,22
2008,078807,CHITONS,0,206,932.5,12
2008,098340,"CRABS, BOX",0,195,101.45,17
2008,644844,PIPEFISHES,0,185,361.33,19
2008,079611,SCALLOPS,0,183,1012,33
2008,068076,"POLYCHAETE, FEATHER-DUSTER",0,166,1710.5,8
2008,168548,"TILEFISH, SAND",1,157.70000000000002,103.4,13
2008,171405,"BLENNY, SAILFIN",0,150,171.65,32
2008,166862,"SCORPIONFISH, REEF",0,149,146.75,32
2008,166170,SQUIRRELFISHES,0,143.28,197.70000000000002,28
2008,157518,"STAR, SCALY BRITTLE",0,134,109,4
2008,170046,"MAJOR, SERGEANT",0,129,128.25,13
2008,171746,GOBIES,0,124,611,10
2008,170080,"CHROMIS, BLUE",0,123,404.5,11
2008,164457,CLINGFISHES,0,118,118,24
2008,173392,BALLOONFISH,0,111,275.75,27
2008,621035,"STINGRAY, YELLOW",0,110,1197,26
2008,074182,"TULIP, TRUE",0,104,290.45,19
2008,169558,"BUTTERFLYFISH, FOUREYE",0,102,280.7,27
2008,168176,BIGEYES,0,101.36,103.25,17
2008,172401,"TUNA, SKIPJACK",1,101.25,143.5,3
2008,172437,CERO,1,99.65,76.87,7
2008,079578,PENSHELLS,0,91,195.86,31
2008,170809,PARROTFISHES,0,90.74,151.99,17
2008,170477,"WRASSE, OTHER",0,87,148.75,31
2008,167838,CREOLE-FISH,0,85.4,140.8,7
2008,172252,"SURGEON, OCEAN",0,85,375.5,22
2008,072743,"COWRIE, ATLANTIC DEER",0,83,171,6
2008,170925,"JAWFISHES, SPOTFIN",0,81,72.5,41
2008,098888,"CRAB, REDFINGER RUBBLE",0,81,23.7,25
2008,082610,"OCTOPUS, CARIBBEAN REEF",0,80,355.5,17
2008,170815,"PARROTFISH, PRINCESS",1,80,259,9
2008,161419,"EELS, SNAKE",0,78,78,11
2008,074187,"CONCH, HORSE",0,71,369,23
2008,072774,"TONGUE, FLAMINGO",0,60,69.5,5
2008,072878,"SNAIL, MOON",0,60,44.75,3
2008,167860,"BASS, HARLEQUIN",0,55,156.5,9
2008,167806,"HAMLET, BUTTER",0,50,136.75,28
2008,169633,"ANGELFISH, FRENCH",1,50,981.5,36
2008,169556,"BUTTERFLYFISH, SPOTFIN",0,47,141.75,14
2008,170568,BLUEHEAD,0,47,135.8,6
2008,170484,"HOGFISH, SPANISH",1,44,260,24
2008,170506,"WRASSE, YELLOWHEAD",0,44,144.75,5
2008,169625,"BEAUTY, ROCK",0,43,347,16
2008,160951,"STINGRAY, SOUTHERN",1,40,2185,8
2008,169562,"BUTTERFLYFISH, REEF",0,40,85.65,8
2008,170507,"WRASSE, CLOWN",0,38,67.95,6
2008,638337,"BLENNY, GLASS",0,33,68,7
2008,168602,"POMPANO, AFRICAN",1,31.96,78.19,3
2008,161160,"EEL, MORAYS",0,29,45.5,18
2008,072767,"COWRIE, MEASLED",0,24,23,5
2008,169563,"BUTTERFLYFISH, BANDED",0,23,90.8,7
2008,169241,WEAKFISH,0,21,36.7,4
2008,173297,"PUFFER, SOUTHERN",0,19,102.75,11
2008,162376,"LIZARDFISH, INSHORE",0,16,274.75,9
2008,070298,"CONCH, OTHER",0,16,12.3,10
2008,161324,"EELS, CONGER",0,15,82.5,4
2008,171423,"BLENNY, SADDLED",0,12,16,6
2008,051483,JELLYFISH,0,11,173.5,2
2008,615345,BEAUGREGORY,0,10,42,5
2008,161188,"MORAY, SPOTTED",0,8,45.5,3
2008,170867,"PARROTFISH, STOPLIGHT",1,6,16.5,5
2008,161186,"MORAY, GREEN",0,5,220,3
2009,161731,MENHADENS,0,1002473372,60584065.23,2071
2009,551570,"SHRIMP, NORTHERN BROWN",1,121849132.6,141611739.29,30482
2009,551680,"SHRIMP, NORTHERN WHITE",1,115384560.57,157332246.72,65715
2009,098696,"CRAB, BLUE",0,63125002.27,46528547.2476,311704
2009,079872,"OYSTER, EASTERN",0,23358620.16,73369932.9608,105481
2009,097490,PROCAMBARUS,0,19406207.7,15808694.58,35563
2009,170335,"MULLET, STRIPED",0,11181274.21,5962100.8571,25635
2009,551574,"SHRIMP, NORTHERN PINK",1,5766721.08,10742042.23,4126
2009,169288,"DRUM, BLACK",0,4941669.85,3811630.5300000003,10292
2009,167702,"GROUPER, RED",1,4355691.71,10414803.79,5841
2009,168909,"SNAPPER, VERMILION",1,3793171.19,8236859.59,5271
2009,163954,"FISHES, BUFFALO",0,2879493.76,560941.01,4107
2009,172435,"MACKEREL, KING",1,2851887.1,3464111.02,3869
2009,098810,"CRAB, STONE",0,2634536.0700000003,17290177.993,45694
2009,168853,"SNAPPER, RED",1,2500791.75,7982523.42,3280
2009,914179,OSTEICHTHYES,0,2465537.66,1138574.96,1358
2009,172423,"TUNA, YELLOWFIN",1,2462304.85,7792381.7,1524
2009,097648,"LOBSTER, CARIBBEAN SPINY",1,2453802.39,7407163.971,6465
2009,163997,"CATFISH, BLUE",0,2188503.79,1072980.49,8241
2009,172436,"MACKEREL, SPANISH",1,1815727.32,948298.13,3552
2009,095603,"SHRIMPS, BAIT",0,1580720.1,7506871.0505,15015
2009,169189,SHEEPSHEAD,0,1520357.01,637527.9728,8880
2009,161763,"SARDINE, SPANISH",0,1374850,203275.9,68
2009,161700,HERRINGS,0,1343827,289847.98,1653
2009,161737,"SHAD, GIZZARD",0,1318282,248315.36000000002,798
2009,172568,"BUTTERFISH,GULF",0,1301221.6,383099.04,79
2009,167699,"GROUPER, YELLOWEDGE",1,958161.49,2833239.5700000003,1215
2009,158019,"DOLLARS, KEYHOLE SAND",0,925287,96783,106
2009,099084,"CRABS, FIDDLER",0,876422.21,78488.02,242
2009,095599,"CRABS, SHRIMPS, LOBSTERS",0,875641,3320957.55,2030
2009,161748,"HERRING, ATLANTIC THREAD",0,864863.84,129791.6,64
2009,172482,SWORDFISH,1,858830.46,1774069.8,1120
2009,161111,LADYFISH,0,858478.77,444109.89,2259
2009,167759,"GROUPER, GAG",1,840294.87,2798223.9699999997,4343
2009,096893,"SHRIMP, PEPPERMINT",0,738584,235520.61000000002,1381
2009,168907,"SNAPPER, YELLOWTAIL",1,685743.9400000001,1496094.1208,1942
2009,566920,TURBINIDAE,0,669770,78333.59,835
2009,098191,"HERMIT, TRICOLOR",0,637187,96503.55,356
2009,169364,"DRUM, FRESHWATER",0,613635.02,95772.71,2414
2009,168689,"AMBERJACK, GREATER",1,595816.12,635683.9,1261
2009,163998,"CATFISH, CHANNEL",0,571332.02,326182.67,2422
2009,168546,"TILEFISH, GOLDEN",1,504392.88,755880.89,561
2009,160318,"SHARK, BLACKTIP",1,495229.64,138041.6,554
2009,095750,"SHRIMP, ATLANIC SEABOB",0,489657.5,185613.68,213
2009,201897,"GAR, ALLIGATOR",0,484539.08,394262.27,762
2009,168725,"SCAD, ROUND",0,432480.5,310650.95,87
2009,169180,PORGIES,0,358937.47000000003,379945.24,1670
2009,169055,GRUNTS,0,342141.63,270220.96,2552
2009,168609,"JACK, CREVALLE",1,333043.64,237640.79,2453
2009,164029,"CATFISH, FLATHEAD",0,316245.61,161234.82,2013
2009,163692,"CARP, BIGHEAD",0,308657,30921.62,1360
2009,172564,HARVESTFISHES,0,306705,159846.9,143
2009,167763,SCAMP,1,295224.46,966723.56,2939
2009,168791,DOLPHIN,1,295004.78,464871.52,691
2009,081499,"CLAM, SOUTHERN QUAHOG",0,283492.67,1906752.35,4871
2009,168708,"POMPANO, FLORIDA",0,274470.67,755244.64,2017
2009,095966,"SHRIMP, ROYAL RED",1,273822,765157.9500000001,24
2009,172402,"TUNA, LITTLE TUNNY",1,267835.33,88206.3,530
2009,159785,SHARKS,0,263072.75,263059.7,268
2009,169207,"PORGY, RED",1,244568.24,269478.52,1246
2009,074103,NASSARIUS,0,233215,38841.3,90
2009,158018,"DOLLARS, OTHER SAND",0,213748,56629.5,68
2009,095601,"SHRIMPS, PENAEOID",0,206514.6,690722.33,1288
2009,169013,MOJARRAS,0,198227.33000000002,159649.53,3673
2009,167705,"GROUPER, SNOWY",1,185889.35,436607.45,801
2009,168848,"SNAPPER, GRAY",1,180843.32,372509.33,3642
2009,096028,"SHRIMP, ROCK",1,174231.52,199249.45,260
2009,168559,BLUEFISH,0,170270.17,58823.164000000004,2081
2009,161104,BOWFIN,0,158463.41,92819.84,412
2009,074474,"SNAIL, TURBONELLA",0,156955,40009,78
2009,172734,"FLOUNDERS, PARALICHTHYS",0,154987.7,264917.59,2072
2009,172702,FLATFISHES,0,153399,345247.76,2370
2009,070088,"TURBAN, CHESTNUT",0,150696,18750.16,598
2009,160275,"SHARK, BULL",1,147429.64,41919.5,164
2009,070159,"SNAIL, NERITES",0,144303,30487.03,94
2009,168677,"SCAD, BIGEYE",0,135998.75,20430,19
2009,167687,"BASS, BLACK SEA",1,126356.87000000001,136145.88,861
2009,163344,"CARP, COMMON",0,124586.90000000001,14987.94,1106
2009,069459,"SNAIL, OTHER",0,120379.47,17258.1,424
2009,172451,WAHOO,1,120062.2,127078.88,539
2009,167704,"GROUPER, WARSAW",1,118754.65000000001,300525.09,380
2009,161092,GARFISHES,0,113622.90000000001,145622.4,194
2009,168543,"TILEFISH, BLUELINE",1,112558.99,88825.87,268
2009,069794,"SNAIL, TOPSNAIL",0,111956,33900.87,56
2009,172362,ESCOLAR,0,110722.45,79389.05,333
2009,169809,TILAPIAS,0,107619.55,55300.66,416
2009,161732,"MENHADEN, ATLANTIC",0,105945.5,21700.95,77
2009,074107,"NASSA, BRUISED",0,99500,16162,52
2009,005414,"ALGAE, GREEN",0,91165,224965.17,158
2009,163537,"CARP, GRASS",0,88692,16921.170000000002,827
2009,196436,"SPONGE, GRASS",0,88292.04000000001,94943.31,140
2009,553178,SPADEFISH,0,86578.52,38057.14,142
2009,169283,"CROAKER, ATLANTIC",0,86453.1,557841.45,814
2009,168790,DOLPHINFISH,0,80272.96,74215.25,330
2009,169239,"SEATROUT, SPOTTED",0,79182.77,173324.5,910
2009,168612,"RUNNER, BLUE",1,75860.42,45724.61,662
2009,169273,KINGFISHES,0,71048.58,53137.15,1112
2009,047614,HIPPOSPONGIA,0,69982,196984.23,405
2009,170333,MULLETS,0,69413,157802.44,322
2009,167698,"HIND, SPECKLED",1,68759.82,149405.75,505
2009,170336,"MULLET, WHITE",0,67213,45896.64,431
2009,168615,"JACK, BAR",1,66865.21,57703.36,967
2009,169243,"SEATROUT, SAND",0,65489.04,47912.66,1561
2009,071935,CERITHIDEA,0,64265,11135.4,68
2009,168566,COBIA,1,62150.200000000004,158917.98,1191
2009,172736,"FLOUNDER, GULF",0,61374.19,165184.693,1362
2009,166493,"SEAHORSE, DWARF",0,59491,17545.75,109
2009,156862,"STARS, OTHER SEA",0,58611,245330.75,130
2009,173128,TRIGGERFISHES,0,58580.31,85678.112,1586
2009,196434,"SPONGE, YELLOW",0,54397.04,79632.59,250
2009,098612,"CRAB, GREEN CLINGING",0,52761,45985.69,253
2009,168584,JACKS,0,51105,30558.8,799
2009,164034,BULLHEADS,0,47174.67,16575.65,137
2009,168690,"AMBERJACK, LESSER",1,46477.81,56625.58,92
2009,168849,"SNAPPER, MUTTON",1,41745.83,88933.08,399
2009,172421,"TUNA, BLUEFIN",1,41075,149842,62
2009,167760,"GROUPER, BLACK",1,39699.76,125375.76000000001,426
2009,169187,PINFISH,0,39609.36,235170.68,2132
2009,082367,SQUIDS,0,37810.75,20336.43,170
2009,168691,"JACK, ALMACO",1,37732.36,38523.04,527
2009,168860,"SNAPPER, LANE",1,35902.75,79539.28,2015
2009,172385,"CUTLASSFISH, ATLANTIC",0,35409,27169,59
2009,169290,"DRUM, RED",1,35290,55728.8,119
2009,172428,"TUNA, BIGEYE",1,32833.63,126442.01000000001,83
2009,052627,"ANEMONE, GIANT CARIBBEAN",0,32671,36802.020000000004,261
2009,170566,HOGFISH,1,32066.54,100996.34,390
2009,161094,"GAR, LONGNOSE",0,30780.96,15559.4,517
2009,168913,WENCHMAN,1,30446.14,13713.4,32
2009,160433,"SHARK, LEMON",1,30081.54,6905.35,36
2009,172419,"TUNA, ALBACORE",1,29260.34,29227.600000000002,64
2009,160200,"SHARK, ATLANTIC SHARPNOSE",1,27610.920000000002,11202.35,364
2009,163892,SUCKERS,0,26548,15287,32
2009,096027,"SHRIMPS, ROCK",0,24200,25078.850000000002,64
2009,163342,MINNOWS,0,23861.16,190169.89,812
2009,160401,"SHARK, SPINNER",1,23451.15,6728.05,33
2009,168670,"BUMPER, ATLANTIC",0,23407,11628.25,359
2009,095599,CRAB,0,23268,99051,97
2009,082703,"CRAB, HORSESHOE",0,23184,26916.100000000002,250
2009,165459,BALLYHOOS,0,21862.170000000002,11834.15,13
2009,046861,SPONGES,0,21813.920000000002,27094.06,220
2009,082369,"SQUIDS, LOLIGINIDAE",0,21379,19066.3,218
2009,095600,"SHRIMP, MARINE",0,21123,34484.86,58
2009,206947,"CRABS, HERMIT",0,20079,7165.25,177
2009,173138,"TRIGGERFISH, GRAY",1,19475.88,20512.420000000002,354
2009,168861,"SNAPPER, SILK",1,19181.2,47266.54,191
2009,159924,"SHARK, MAKO, SHORTFIN",1,18037.11,14874.050000000001,80
2009,169077,PIGFISH,0,16896,87524,71
2009,052484,"CORALLIMORPH, FLORIDA",0,16360,50850.44,131
2009,169267,SPOT,0,16022.15,7893.85,814
2009,169240,"SEATROUT, SILVER",0,15538.9,12525.27,214
2009,160304,"SHARK, BLACKNOSE",1,15309.6,6431.2,53
2009,167686,"BASSES, MIXED SEA",0,14958.74,12655.9,195
2009,172738,"FLOUNDER, SOUTHERN",0,14909.7,40625.43,278
2009,160497,"SHARKS, HAMMERHEAD",0,14727.050000000001,3924.73,36
2009,164157,"CATFISHES, SEA",0,14638.69,5914.1500000000005,238
2009,168709,PERMIT,0,14371.75,18735.79,240
2009,169200,"PORGY, WHITEBONE",1,14245.04,18751.75,115
2009,098519,"CRABS, CORAL SPIDER",0,13327,13214.050000000001,45
2009,157921,"URCHIN, GREEN SEA",0,13093,48653.25,215
2009,172364,OILFISH,0,12419.59,11534.7,68
2009,160289,"SHARK, SANDBAR",1,12197.25,3779.5,6
2009,082590,OCTOPUSES,0,11745,14369.11,263
2009,168693,"RUDDERFISH, BANDED",1,11649.19,8494.15,207
2009,168845,SNAPPERS,0,11594.45,37913.6,84
2009,052541,"ANEMONE, OTHER",0,11573,4516.4000000000005,57
2009,166170,SQUIRRELFISHES,0,11496.2,1879.534,18
2009,168902,"SNAPPER, QUEEN",1,10382.1,24674.7,136
2009,567533,"SLUG, LETTUCE",0,9912,11240.4,108
2009,159786,"SHARKS, SMALL COASTAL",0,9889.08,104862.17,182
2009,169539,"SPADEFISH, ATLANTIC",1,9674.7,4416.86,650
2009,052433,"ANEMONE, SUN ZOANTHID",0,9548,68105.6,12
2009,172427,"TUNA, BLACKFIN",1,9233.02,6123.58,129
2009,052794,"ANEMONE, RED BEADED",0,9042,7979.42,84
2009,164807,"EELS, CUSK",0,8453.4,10446.800000000001,223
2009,169007,TRIPLETAIL,1,8086.4800000000005,8085.43,229
2009,159851,"SHARKS, PELAGIC",0,7948.05,6196.27,22
2009,079819,"fileclam, rough",0,7802,3336.17,73
2009,044030,FORAMS,0,7455,9555.45,20
2009,072556,"CONCH, FLORIDA FIGHTING",0,7167,12372,58
2009,160189,"SHARK, TIGER",1,7019.55,2151.11,13
2009,098188,"HERMIT, THINSTRIPE",0,6726,3596.08,76
2009,168607,"JACK, YELLOW",0,6618.5,6180.85,74
2009,074075,"WHELK, LIGHTNING",0,6521,6807.25,42
2009,160946,STINGRAYS,0,6293,12682.69,229
2009,047528,"SPONGES, DEMOSPONGIAE",0,6112,32037.05,275
2009,615846,"BURRFISH, STRIPED",0,5984,4570.49,533
2009,097863,"HERMIT, POLKADOTTED",0,5791,664.26,15
2009,166704,SCORPIONFISHES,0,5690,5161.79,366
2009,098194,"HERMIT, STAREYE",0,5689,1970.68,20
2009,098178,"HERMIT, RED REEF",0,5669,1319.3,25
2009,167744,"GROUPER, MARBLED",1,5642.76,11538.15,58
2009,170424,BARRACUDAS,0,5241.25,4652.85,54
2009,098485,"CRAB, FALSE ARROW",0,4963,1953.32,307
2009,167691,"BASS, ROCK SEA",1,4867.5,5732.5,24
2009,165460,BALLYHOO,0,4764,25570,23
2009,052016,"CORALS, SOFT",0,4642,21462,210
2009,047782,"SPONGE, RED BALL",0,4595,17014.25,258
2009,157821,"URCHINS, SEA",0,4580,28916.55,69
2009,064358,"WORM, MARINE",0,4460,17153.5,38
2009,169237,DRUMS,0,4371,2288.4500000000003,512
2009,169197,"PORGY, JOLTHEAD",1,4369.33,3313.82,105
2009,172512,BARRELFISH,0,4312.3,10198.19,32
2009,161738,"SHAD, THREADFIN",0,4275,445,31
2009,158323,"CUCUMBER, FLORIDA SEA",0,4262,3150.05,329
2009,660512,"CRAB, FURCATE SPIDER",0,4238,1702.76,327
2009,164729,"HAKES, RED AND WHITE",0,4096.16,3955.3,112
2009,169196,"PORGY, GRASS",0,3727.52,1751.58,131
2009,167674,GROUPERS,0,3588.1800000000003,9559.4,112
2009,052774,"ANEMONE, RINGED",0,3562,3547.2000000000003,16
2009,074222,"SNAIL, OLIVE",0,3414,2838.9,72
2009,160310,"SHARK, SILKY",1,3409.75,1110.44,12
2009,202423,ANIMALIA,0,3127,22296.75,92
2009,069948,TEGULA,0,3124,310.40000000000003,66
2009,099140,"SHRIMPS, MANTIS",0,3084,6109.93,72
2009,157520,"STAR, SERPENT BRITTLE",0,3042,4215.95,149
2009,168738,"RUNNER, RAINBOW",1,2991,2710.6,54
2009,160806,RAYS,0,2923,1273.4,29
2009,173283,PUFFERS,0,2842,2109.59,178
2009,098131,"CRABS, SAND",0,2803.07,15144.51,73
2009,052266,"GORGONIAN, SEA BLADES",0,2801,9001,145
2009,172413,"MACKEREL, ATLANTIC CHUB",0,2740,780.5,16
2009,078156,NUDIBRANCHS,0,2704,4113.04,216
2009,158854,"TUNICATES, SEA SQUIRTS",0,2598,5939.1900000000005,114
2009,097671,"LOBSTER, SPANISH",0,2586.6,3904.938,220
2009,098088,"CRAB, SPOTTED PORCELAIN",0,2508,1381.75,107
2009,650251,"BARRACUDA, GREAT",1,2499.6,3809.82,99
2009,636786,"GOBY,NEON",0,2463,6934,80
2009,172418,TUNAS,0,2260,3653,8
2009,051774,"CASSIOPEA, JAMAICAN",0,2181,3519.9,37
2009,173245,"COWFISH, SCRAWLED",0,2142,703.1,196
2009,006962,"PLANT, CAULERPA",0,2091.5,7809.45,90
2009,169201,"PORGY, KNOBBED",1,2045.1000000000001,2211.28,59
2009,074101,"CONCH, CROWN",0,2034,1108.24,56
2009,167764,"GROUPER, YELLOWFIN",1,1962.43,5121.47,35
2009,168688,AMBERJACKS,0,1962,2819.8,19
2009,098811,"CRAB, FLORIDA STONE",0,1955,5229.08,167
2009,167700,"HIND, RED",1,1923.99,3694.1,133
2009,172513,"DRIFTFISH, BLACK",0,1861.47,2529.5,21
2009,157906,"URCHIN, PURPLE-SPINED SEA",0,1860,4391.25,46
2009,166488,"SEAHORSE, LINED",0,1786,7240.76,398
2009,168852,"SNAPPER, BLACKFIN",1,1739.38,3730.35,50
2009,164412,TOADFISHES,0,1728,620.69,380
2009,172714,"FLOUNDERS, LEFTEYED",0,1688,2080.28,390
2009,169626,"ANGELFISH, BLUE",0,1656,21790.37,224
2009,203428,FILEFISHES,0,1595,751.2,117
2009,168847,"SNAPPER, CUBERA",1,1522.06,2303.5,18
2009,097298,"SHRIMP, BANDED CORAL",0,1511,1438.01,61
2009,099074,"CRAB, NIMBLE SPRAY",0,1427,1520.54,45
2009,173246,"COWFISH, HONEYCOMBED",0,1353,767.1800000000001,161
2009,079820,"FILECLAM, SPINY",0,1294,747,25
2009,160409,"SHARK, FINETOOTH",1,1265.13,444.40000000000003,27
2009,006409,ULOTRICHALES,0,1189.58,5994.06,100
2009,082603,"OCTOPUS, COMMON",0,1178,803.1,100
2009,164818,"BROTULA, BEARDED",0,1178,999,62
2009,157187,"STARFISH, SPINY",0,1176,2293.14,116
2009,169086,PORKFISH,0,1162,2153.01,64
2009,163996,"CATFISHES, CHANNEL",0,1157,456.1,40
2009,157325,"STARS, BRITTLE",0,1138,3432.5,34
2009,173235,BOXFISHES,0,1044,1009.9200000000001,112
2009,006922,"PLANT, HALIMEDA",0,1038,901.76,25
2009,006949,"PLANT, MERMAID'S SHAVING BRUSH",0,981.5,884.3000000000001,38
2009,157958,"URCHIN, ROCK BORING",0,974,834.5500000000001,39
2009,171746,GOBIES,0,973,1529,38
2009,172409,"BONITO, ATLANTIC",0,950.15,510.3,16
2009,164593,"BATFISH, OTHER",0,927,366.8,310
2009,098483,"CRAB, YELLOWLINE ARROW",0,897,1373.6000000000001,83
2009,166487,SEAHORSES,0,881,3293.8,277
2009,157486,"STAR, BLACK BRITTLE",0,873,1009.5600000000001,49
2009,168680,LOOKDOWN,0,868,13196.15,39
2009,169632,"ANGELFISH, GRAY",1,829,9981.25,144
2009,096601,"SHRIMPS, PISTOL OR SNAPPING",0,746,426.88,126
2009,158309,"CUCUMBERS, OTHER SEA",0,730.5,3020.7000000000003,55
2009,078022,"HARES, SEA",0,729,1687,31
2009,078255,"DORIS, FLORIDA REGAL",0,694,1911.95,66
2009,079118,CLAMS,0,685,4560.5,48
2009,173747,REPTILES,0,665,198.65,25
2009,052150,"CORAL, DEEPWATER",0,660,3010.5,36
2009,173183,"FILEFISH, PLANEHEAD",0,642,591.73,109
2009,181220,GRAYSBY,1,627.0500000000001,1969.4,10
2009,166454,"PIPEFISH, SARGASSUM",0,627,1185.55,76
2009,171124,"BLENNY, OTHER",0,622,974.59,99
2009,157366,"STAR, BASKET",0,608,2634.5,50
2009,073236,"SNAIL, MUREX",0,563,618.25,11
2009,009309,BRYOPSIDALES,0,561,1520.25,35
2009,167800,"BASS, LONGTAIL",0,557.84,746.65,47
2009,155469,"BRYOZOA, ECTOPROCTA",0,547,4815.5,58
2009,157826,"URCHIN, SLATE PENCIL",0,522,362.14,47
2009,157518,"STAR, SCALY BRITTLE",0,498,534,12
2009,164457,CLINGFISHES,0,498,532.25,69
2009,167696,"HIND, ROCK",1,472.73,890.7,56
2009,168178,BIGEYE,0,456.92,752.3000000000001,79
2009,166326,OPAH,0,453.8,494,6
2009,081649,"CLAM, JEWEL BOX",0,445,932,31
2009,052440,"MAT, GREEN SEA",0,434,1043,18
2009,646513,HIGH-HAT,0,431,1287.38,63
2009,096424,"SHRIMP, SPOTTED CLEANER",0,414,829.21,36
2009,172401,"TUNA, SKIPJACK",1,399.25,216.5,7
2009,098200,"HERMIT, GIANT",0,385,232.96,20
2009,161123,EELS,0,376.2,338.1,10
2009,082607,"OCTOPUS, ATLANTIC PYGMY",0,362,982.4,95
2009,169314,JACKKNIFE-FISH,0,360,2595.4,42
2009,644844,PIPEFISHES,0,348,496.3,59
2009,074182,"TULIP, TRUE",0,329,634.5,44
2009,168857,"SNAPPER, DOG",1,318.51,333.95,15
2009,170925,"JAWFISHES, SPOTFIN",0,310,164.41,145
2009,170928,"JAWFISH, YELLOWHEAD",0,296,672.5,12
2009,168176,BIGEYES,0,291,333.8,33
2009,170568,BLUEHEAD,0,279,441.25,20
2009,166972,SEAROBINS,0,260,614.8100000000001,127
2009,171165,"BLENNY, FLORIDA",0,249,503.25,19
2009,168602,"POMPANO, AFRICAN",1,245.32,223.3,12
2009,096421,"SHRIMP, PEDERSON CLEANER",0,245,481.15000000000003,15
2009,171433,"BLENNY, MARBLED",0,244,197.5,15
2009,161189,"MORAY, BLACKEDGE",0,243,335.35,97
2009,166862,"SCORPIONFISH, REEF",0,228,226,41
2009,169623,"ANGELFISH, QUEEN",1,217,4042,97
2009,168204,FLAMEFISH,0,213,394.71000000000004,27
2009,097651,"LOBSTER, SPOTTED SPINY",0,213,1037.5,10
2009,074187,"CONCH, HORSE",0,212,681.45,42
2009,172254,"TANG, BLUE",1,208,747.14,43
2009,166794,"SCORPIONFISH, SPINYCHEEK",0,204.88,199,17
2009,164740,CUSK,0,198,220.3,7
2009,078807,CHITONS,0,190,1205.64,17
2009,161061,"FISHES, RAY-FINNED",0,186,1755.53,43
2009,170082,SUNSHINEFISH,0,182,246,7
2009,166787,"ROSEFISH, BLACKBELLY",0,176.6,166.22,18
2009,070298,"CONCH, OTHER",0,165,52.9,12
2009,098340,"CRABS, BOX",0,140,122.9,23
2009,169633,"ANGELFISH, FRENCH",1,139,2513,63
2009,079611,SCALLOPS,0,127,907.03,18
2009,168899,"SNAPPER, BLACK",1,124.32000000000001,206.75,12
2009,072878,"SNAIL, MOON",0,114,69.85000000000001,11
2009,072961,"EYE, SHARK",0,112,119.8,6
2009,169558,"BUTTERFLYFISH, FOUREYE",0,105,495.75,18
2009,168196,CARDINALFISHES,0,93,29.400000000000002,21
2009,098888,"CRAB, REDFINGER RUBBLE",0,87,111.4,30
2009,615345,BEAUGREGORY,0,85,170,9
2009,170086,"REEFFISH, PURPLE",0,84,235,3
2009,079578,PENSHELLS,0,80,885.5,23
2009,172990,"SOLES, NAKED AND FRINGED",0,74,26.2,45
2009,157987,"BISCUITS, SEA",0,72,1017,7
2009,172735,"FLOUNDER, SUMMER",0,71.57000000000001,150.14000000000001,5
2009,170477,"WRASSE, OTHER",0,71,64.49,29
2009,082610,"OCTOPUS, CARIBBEAN REEF",0,70,343.25,15
2009,052830,"ANEMONE, SUN",0,68,234.01,10
2009,170506,"WRASSE, YELLOWHEAD",0,68,131,9
2009,168548,"TILEFISH, SAND",1,67.54,56,13
2009,172437,CERO,1,66.3,65.24,6
2009,170503,"DICK, SLIPPERY",0,53,292.8,13
2009,169625,"BEAUTY, ROCK",0,52,152.5,13
2009,173320,"PUFFER, SHARPNOSE",0,52,87.62,29
2009,096896,"SHRIMP, CLEANER",0,49,451.3,7
2009,169241,WEAKFISH,0,48,79,6
2009,170483,"HOGFISH, SPOTFIN",0,47,719.5,12
2009,161186,"MORAY, GREEN",0,43,413.5,7
2009,171423,"BLENNY, SADDLED",0,35,36.5,3
2009,160960,"RAYS, BUTTERFLY",0,33,1633.5,14
2009,169562,"BUTTERFLYFISH, REEF",0,32,149.25,16
2009,169556,"BUTTERFLYFISH, SPOTFIN",0,32,131,17
2009,167806,"HAMLET, BUTTER",0,32,126.5,15
2009,079779,"OYSTER, ATLANTIC THORNY",0,30,409,6
2009,172252,"SURGEON, OCEAN",0,30,163.5,12
2009,161160,"EEL, MORAYS",0,29,418,6
2009,162376,"LIZARDFISH, INSHORE",0,29,62.5,9
2009,072767,"COWRIE, MEASLED",0,29,110.47,4
2009,173392,BALLOONFISH,0,27,72.7,21
2009,621035,"STINGRAY, YELLOW",0,26,284.5,17
2009,170046,"MAJOR, SERGEANT",0,26,30.48,5
2009,167860,"BASS, HARLEQUIN",0,26,70.25,14
2009,072743,"COWRIE, ATLANTIC DEER",0,23,71.5,5
2009,173297,"PUFFER, SOUTHERN",0,23,90.51,16
2009,170484,"HOGFISH, SPANISH",1,21,165.5,14
2009,168575,SHARKSUCKER,0,19,45,15
2009,172253,DOCTORFISH,1,18,55.2,6
2009,170809,PARROTFISHES,0,17.2,53.21,8
2009,170510,PUDDINGWIFE,1,17,66.23,10
2009,168567,"REMORAS, OTHER",0,16,12.700000000000001,11
2009,072774,"TONGUE, FLAMINGO",0,16,8.15,3
2009,167793,"PERCH, SAND",0,15,178,3
2009,172250,SURGEONFISHES,0,15,33,5
2009,161188,"MORAY, SPOTTED",0,13,82.5,8
2009,166211,"SOLDIERFISH, BLACKBAR",0,13,23.5,3
2009,173391,PORCUPINEFISH,0,12,45.2,6
2009,638337,"BLENNY, GLASS",0,12,43,3
2009,170932,"JAWFISH, DUSKY",0,12,30.2,7
2009,169563,"BUTTERFLYFISH, BANDED",0,11,43.5,7
2009,170507,"WRASSE, CLOWN",0,11,22.75,4
2009,167858,"SANDFISH, BELTED",0,11,103,9
2009,160951,"STINGRAY, SOUTHERN",1,9,218.5,7
2009,164524,"FROGFISH, OCELLATED",0,3,70,3
2010,161731,MENHADENS,0,753371248,51723442.17,1493
2010,551680,"SHRIMP, NORTHERN WHITE",1,90838630.55,171689550.31,48923
2010,551570,"SHRIMP, NORTHERN BROWN",1,72216263.28,135825572.11,18332
2010,098696,"CRAB, BLUE",0,41390378.14,41434967.488,215482
2010,079872,"OYSTER, EASTERN",0,16896869.53,55127575.93,79540
2010,097490,PROCAMBARUS,0,14609386.9,14013998.33,32890
2010,170335,"MULLET, STRIPED",0,8600019.48,4921693.01,22364
2010,551574,"SHRIMP, NORTHERN PINK",1,8080120.16,14712219,4912
2010,169288,"DRUM, BLACK",0,4635073.54,3921482.24,8126
2010,167702,"GROUPER, RED",1,3470137.22,8947544.41,4122
2010,168853,"SNAPPER, RED",1,3319537.27,10340966.08,4162
2010,097648,"LOBSTER, CARIBBEAN SPINY",1,3105650.79,19123529.312,9072
2010,163954,"FISHES, BUFFALO",0,2826693.68,576037.68,3963
2010,098810,"CRAB, STONE",0,2476749.65,22451951.085,51530
2010,163997,"CATFISH, BLUE",0,2412781.84,1129588.38,8115
2010,172435,"MACKEREL, KING",1,2262617.92,3148922.86,2543
2010,914179,OSTEICHTHYES,0,2205309.95,517745.34,1142
2010,168909,"SNAPPER, VERMILION",1,2101213.77,5074279.9666,4155
2010,161763,"SARDINE, SPANISH",0,1999817,300378.76,60
2010,099084,"CRABS, FIDDLER",0,1507304,125225.2,213
2010,161111,LADYFISH,0,1459061.9,745287.65,2482
2010,169189,SHEEPSHEAD,0,1349318.08,610069.8,7932
2010,172436,"MACKEREL, SPANISH",1,1251654.42,831090.68,3339
2010,095603,"SHRIMPS, BAIT",0,1238993.25,6140789.23,12713
2010,161748,"HERRING, ATLANTIC THREAD",0,1156848,179247.38,46
2010,095750,"SHRIMP, ATLANIC SEABOB",0,1068851,393317.23,217
2010,158019,"DOLLARS, KEYHOLE SAND",0,1022732,147437.89,99
2010,095599,"CRABS, SHRIMPS, LOBSTERS",0,972484,3772080.14,1858
2010,096893,"SHRIMP, PEPPERMINT",0,866834,261387.32,872
2010,161700,HERRINGS,0,858385.3,192280.37,926
2010,160318,"SHARK, BLACKTIP",1,843255.63,215302.4,884
2010,172423,"TUNA, YELLOWFIN",1,656232.36,2227425.05,473
2010,168725,"SCAD, ROUND",0,652261.75,428491.10000000003,62
2010,172402,"TUNA, LITTLE TUNNY",1,584012.79,179329.79,369
2010,167759,"GROUPER, GAG",1,582080.11,2106987.11,3199
2010,169364,"DRUM, FRESHWATER",0,535536.18,85621.86,2281
2010,163998,"CATFISH, CHANNEL",0,525583.6900000001,294454,2305
2010,167699,"GROUPER, YELLOWEDGE",1,524737.14,1707674.4,565
2010,168689,"AMBERJACK, GREATER",1,520882.25,546099.6900000001,682
2010,566920,TURBINIDAE,0,471720,55072.5,510
2010,096028,"SHRIMP, ROCK",1,453674.18,601761.9,322
2010,098191,"HERMIT, TRICOLOR",0,453319,74432.90000000001,295
2010,201897,"GAR, ALLIGATOR",0,447482.69,355178.61,758
2010,168907,"SNAPPER, YELLOWTAIL",1,364230.37,968100.99,1028
2010,163692,"CARP, BIGHEAD",0,361370.55,36388.25,1315
2010,172482,SWORDFISH,1,359554.9,820186.12,445
2010,161737,"SHAD, GIZZARD",0,317018,89496.16,224
2010,168609,"JACK, CREVALLE",1,300112.03,207113.59,1639
2010,170336,"MULLET, WHITE",0,297085.41000000003,118238.12,701
2010,074103,NASSARIUS,0,293391,45824.520000000004,147
2010,095966,"SHRIMP, ROYAL RED",1,275776,743154.65,48
2010,164029,"CATFISH, FLATHEAD",0,254922.27000000002,126659,1927
2010,168546,"TILEFISH, GOLDEN",1,243130.95,493312.41000000003,319
2010,169809,TILAPIAS,0,239723.38,118931.02,495
2010,169055,GRUNTS,0,233143.53,194097.21,2048
2010,169013,MOJARRAS,0,232697.05000000002,180783.42,2489
2010,169187,PINFISH,0,228405.37,245708.99,1456
2010,169180,PORGIES,0,227053.27000000002,260138.61000000002,1072
2010,161104,BOWFIN,0,198245.33000000002,126447.82,570
2010,096027,"SHRIMPS, ROCK",0,197408,231958.15,115
2010,069794,"SNAIL, TOPSNAIL",0,186550,55759.24,84
2010,167763,SCAMP,1,184407.55000000002,638488.71,1977
2010,169207,"PORGY, RED",1,178858.36000000002,213490.1736,967
2010,172568,"BUTTERFISH,GULF",0,169847.25,52494.200000000004,34
2010,167687,"BASS, BLACK SEA",1,168785.5,156762.65,957
2010,163344,"CARP, COMMON",0,162664.27,29155.2,1051
2010,160275,"SHARK, BULL",1,152997.48,40040.65,120
2010,081499,"CLAM, SOUTHERN QUAHOG",0,149812.83000000002,948791.4400000001,3031
2010,095601,"SHRIMPS, PENAEOID",0,149494.39,530934.95,834
2010,169283,"CROAKER, ATLANTIC",0,146873.56,600553.8200000001,518
2010,071935,CERITHIDEA,0,145444,26640.68,152
2010,172564,HARVESTFISHES,0,124067,43714.6,22
2010,070159,"SNAIL, NERITES",0,123642,34281.42,70
2010,160401,"SHARK, SPINNER",1,108091.27,28013.5,118
2010,168677,"SCAD, BIGEYE",0,103154,15911.35,21
2010,172734,"FLOUNDERS, PARALICHTHYS",0,102394.57,199457.75,1285
2010,167705,"GROUPER, SNOWY",1,101940.89,266427.56,443
2010,168848,"SNAPPER, GRAY",1,101362.7,255567.867,2263
2010,172702,FLATFISHES,0,101163,223080.7,1144
2010,163537,"CARP, GRASS",0,100600.79000000001,18407,942
2010,047614,HIPPOSPONGIA,0,83965,227488.89,388
2010,168708,"POMPANO, FLORIDA",0,83090.38,290287.94,962
2010,005414,"ALGAE, GREEN",0,83020,205568.89,132
2010,168559,BLUEFISH,0,81755.67,28940.84,1233
2010,168566,COBIA,1,81637.62,260380.44,1148
2010,159785,SHARKS,0,80191.40000000001,107515.85,205
2010,172362,ESCOLAR,0,80106.29000000001,55560.1,138
2010,169243,"SEATROUT, SAND",0,79848.93000000001,51895.6,937
2010,196434,"SPONGE, YELLOW",0,73224,93934.13,337
2010,161732,"MENHADEN, ATLANTIC",0,70377,26575,89
2010,168584,JACKS,0,67202.8,38265.450000000004,415
2010,167704,"GROUPER, WARSAW",1,64571.46,141730.6,292
2010,170333,MULLETS,0,60709,180735.7,287
2010,169239,"SEATROUT, SPOTTED",0,59836.6,132533.92,654
2010,172736,"FLOUNDER, GULF",0,55554.75,150344.23,1399
2010,098612,"CRAB, GREEN CLINGING",0,55225,51314.1,233
2010,161092,GARFISHES,0,53082.97,68963.9,211
2010,168849,"SNAPPER, MUTTON",1,51262.450000000004,104707.97,355
2010,196436,"SPONGE, GRASS",0,49934,65717.02,90
2010,169290,"DRUM, RED",1,46002,79957.97,160
2010,172421,"TUNA, BLUEFIN",1,45152,214767.6,76
2010,070088,"TURBAN, CHESTNUT",0,43896,7739.860000000001,115
2010,173128,TRIGGERFISHES,0,43430.49,64783.66,1293
2010,169273,KINGFISHES,0,40925.65,35375.07,670
2010,168612,"RUNNER, BLUE",1,39276.200000000004,22615.420000000002,365
2010,168615,"JACK, BAR",1,37050.22,33599.49,542
2010,170566,HOGFISH,1,34779.29,119871.06,341
2010,206947,"CRABS, HERMIT",0,34689,7050.8,166
2010,095600,"SHRIMP, MARINE",0,34611,36613.61,44
2010,167691,"BASS, ROCK SEA",1,33548.58,38180.9,106
2010,168543,"TILEFISH, BLUELINE",1,33069.57,39741.3,113
2010,082367,SQUIDS,0,32969.85,14118.75,173
2010,168861,"SNAPPER, SILK",1,32637.62,89683.58,203
2010,168913,WENCHMAN,1,31620,15702.75,17
2010,082369,"SQUIDS, LOLIGINIDAE",0,30396,27730.600000000002,269
2010,163691,"CARP, SILVER",0,28484.63,3916.9,123
2010,553178,SPADEFISH,0,28139,12850.9,39
2010,168691,"JACK, ALMACO",1,27895.25,28302.89,370
2010,168690,"AMBERJACK, LESSER",1,26996.3,35391.700000000004,70
2010,163892,SUCKERS,0,26337,14325,40
2010,167760,"GROUPER, BLACK",1,24992.66,83257.5,265
2010,082590,OCTOPUSES,0,22945.9,27143.760000000002,432
2010,052627,"ANEMONE, GIANT CARIBBEAN",0,21808,31653.350000000002,193
2010,168791,DOLPHIN,1,19684.32,33376.65,194
2010,163342,MINNOWS,0,19561.12,110205.81,411
2010,082703,"CRAB, HORSESHOE",0,19454,25078.53,246
2010,167698,"HIND, SPECKLED",1,18385.13,46498.57,253
2010,172451,WAHOO,1,18277.81,26671.86,200
2010,161094,"GAR, LONGNOSE",0,17583.98,7982,364
2010,168860,"SNAPPER, LANE",1,17266.29,42559.0368,1135
2010,165459,BALLYHOOS,0,16968.83,14774.25,48
2010,069459,"SNAIL, OTHER",0,16791,5843.17,141
2010,098188,"HERMIT, THINSTRIPE",0,16556,3492.07,51
2010,160200,"SHARK, ATLANTIC SHARPNOSE",1,15000.82,5319.3,170
2010,168693,"RUDDERFISH, BANDED",1,14888.01,11888.65,266
2010,166493,"SEAHORSE, DWARF",0,12737,25128.7,98
2010,172419,"TUNA, ALBACORE",1,12705.24,4763,23
2010,172738,"FLOUNDER, SOUTHERN",0,12363.710000000001,30224.41,279
2010,157921,"URCHIN, GREEN SEA",0,11961,37439.85,175
2010,098811,"CRAB, FLORIDA STONE",0,11849,49536.5,173
2010,173138,"TRIGGERFISH, GRAY",1,11695.6,13054.050000000001,270
2010,052484,"CORALLIMORPH, FLORIDA",0,11535,27302.600000000002,105
2010,046861,SPONGES,0,11021,23237.48,94
2010,169539,"SPADEFISH, ATLANTIC",1,10817.33,6006.43,451
2010,160806,RAYS,0,10684,1672.66,29
2010,052541,"ANEMONE, OTHER",0,9913,1931.3,34
2010,164157,"CATFISHES, SEA",0,9848.74,4888.22,161
2010,172428,"TUNA, BIGEYE",1,9757.5,28911.29,39
2010,047528,"SPONGES, DEMOSPONGIAE",0,9706,60661.28,236
2010,168670,"BUMPER, ATLANTIC",0,8691,4896.85,269
2010,169077,PIGFISH,0,8560,69578,48
2010,164729,"HAKES, RED AND WHITE",0,8433.28,11210.65,90
2010,169197,"PORGY, JOLTHEAD",1,8081.99,4721.2,236
2010,173747,REPTILES,0,8055.3,2228.4,46
2010,052794,"ANEMONE, RED BEADED",0,8038,7392.39,57
2010,172385,"CUTLASSFISH, ATLANTIC",0,7931,8534.5,41
2010,159924,"SHARK, MAKO, SHORTFIN",1,7906.13,6887.25,28
2010,170424,BARRACUDAS,0,7638,5920.05,64
2010,079819,"fileclam, rough",0,7471.5,3100.92,52
2010,164034,BULLHEADS,0,7421.14,2577.75,19
2010,172364,OILFISH,0,7256.26,7377.75,32
2010,052016,"CORALS, SOFT",0,7140,38199.08,192
2010,169240,"SEATROUT, SILVER",0,7038.5,4897.62,72
2010,169267,SPOT,0,6861.05,7147.72,420
2010,160497,"SHARKS, HAMMERHEAD",0,6167.43,3702.8,8
2010,567533,"SLUG, LETTUCE",0,6155,6073.82,88
2010,097863,"HERMIT, POLKADOTTED",0,5513,1117.05,17
2010,168537,TILEFISHES,0,5252,8451,11
2010,168790,DOLPHINFISH,0,5210,7478.1,64
2010,044030,FORAMS,0,5070,6508.5,14
2010,172437,CERO,1,5064.5,12221.43,23
2010,157906,"URCHIN, PURPLE-SPINED SEA",0,5052,31934.5,67
2010,172567,BUTTERFISH,0,4864,2906.2000000000003,109
2010,160433,"SHARK, LEMON",1,4637.04,1865.3,6
2010,073236,"SNAIL, MUREX",0,4627,16033.75,18
2010,650251,"BARRACUDA, GREAT",1,4442,3329.36,70
2010,164807,"EELS, CUSK",0,4335,5716.95,144
2010,168902,"SNAPPER, QUEEN",1,4037.94,8804,90
2010,072556,"CONCH, FLORIDA FIGHTING",0,3942,6802.5,31
2010,160946,STINGRAYS,0,3934,23099,98
2010,168709,PERMIT,0,3746.9,4618.25,88
2010,172427,"TUNA, BLACKFIN",1,3665.76,4307.26,64
2010,158323,"CUCUMBER, FLORIDA SEA",0,3530,2461.3,190
2010,052774,"ANEMONE, RINGED",0,3447,3498.75,15
2010,173283,PUFFERS,0,3372.5,2016.8,172
2010,166704,SCORPIONFISHES,0,3320.5,3621.38,166
2010,168899,"SNAPPER, BLACK",1,3236.13,6810,9
2010,098088,"CRAB, SPOTTED PORCELAIN",0,3199,2078.96,121
2010,168845,SNAPPERS,0,3155.84,8643.3,53
2010,202423,ANIMALIA,0,3153,20034.4,45
2010,047782,"SPONGE, RED BALL",0,3133,10746.5,152
2010,172513,"DRIFTFISH, BLACK",0,3087.6800000000003,4957.45,20
2010,615846,"BURRFISH, STRIPED",0,3038,2602.4500000000003,188
2010,173433,FROGS,0,3016,6340,52
2010,158854,"TUNICATES, SEA SQUIRTS",0,2954,7320.95,106
2010,052266,"GORGONIAN, SEA BLADES",0,2939,15042.52,120
2010,165460,BALLYHOO,0,2914,16505,13
2010,660512,"CRAB, FURCATE SPIDER",0,2880,1308.2,210
2010,074222,"SNAIL, OLIVE",0,2682,1667.3,52
2010,167686,"BASSES, MIXED SEA",0,2666.68,3011.65,121
2010,099140,"SHRIMPS, MANTIS",0,2536,7065,63
2010,074101,"CONCH, CROWN",0,2411,1364.4,39
2010,167674,GROUPERS,0,2285.58,6319.9000000000005,54
2010,168852,"SNAPPER, BLACKFIN",1,2285.5,5256.58,40
2010,169237,DRUMS,0,2066,1055.49,256
2010,096601,"SHRIMPS, PISTOL OR SNAPPING",0,2036,976.94,64
2010,074075,"WHELK, LIGHTNING",0,1996,2893,49
2010,157520,"STAR, SERPENT BRITTLE",0,1992,2269.26,102
2010,169201,"PORGY, KNOBBED",1,1865.95,2136.13,46
2010,006949,"PLANT, MERMAID'S SHAVING BRUSH",0,1833,1003.07,75
2010,167764,"GROUPER, YELLOWFIN",1,1747.65,4359.3,25
2010,006962,"PLANT, CAULERPA",0,1730.04,6962.38,80
2010,172409,"BONITO, ATLANTIC",0,1725,1317,9
2010,006922,"PLANT, HALIMEDA",0,1682,1544,50
2010,098205,"HERMIT, ORANGECLAW",0,1660,195.15,13
2010,096424,"SHRIMP, SPOTTED CLEANER",0,1612,938.9200000000001,16
2010,098131,"CRABS, SAND",0,1503.8500000000001,9182.29,41
2010,166170,SQUIRRELFISHES,0,1459.3600000000001,2856.8044,13
2010,156862,"STARS, OTHER SEA",0,1445,8021.25,105
2010,157187,"STARFISH, SPINY",0,1407,3130.15,102
2010,169626,"ANGELFISH, BLUE",0,1383,16859.85,143
2010,098485,"CRAB, FALSE ARROW",0,1321,662.44,81
2010,168847,"SNAPPER, CUBERA",1,1217.83,2123.77,25
2010,051774,"CASSIOPEA, JAMAICAN",0,1159,1156.5,24
2010,097671,"LOBSTER, SPANISH",0,1154.93,2876.25,75
2010,167700,"HIND, RED",1,1152.45,2643.66,80
2010,098483,"CRAB, YELLOWLINE ARROW",0,1142,1318.7,95
2010,078156,NUDIBRANCHS,0,1090,1621.43,45
2010,168680,LOOKDOWN,0,1079,9651.050000000001,35
2010,166454,"PIPEFISH, SARGASSUM",0,1048,1486.8500000000001,68
2010,098610,"CRAB, RED-RIDGED CLINGING",0,1018,769.95,19
2010,157958,"URCHIN, ROCK BORING",0,1008,790.35,39
2010,009309,BRYOPSIDALES,0,986,1169.5,34
2010,166488,"SEAHORSE, LINED",0,983,4599.5,146
2010,636786,"GOBY,NEON",0,964,2092.5,44
2010,173245,"COWFISH, SCRAWLED",0,939,320.55,61
2010,006409,ULOTRICHALES,0,923.37,9699.42,182
2010,157325,"STARS, BRITTLE",0,885,2975.15,30
2010,157826,"URCHIN, SLATE PENCIL",0,864,670.3000000000001,35
2010,161096,"GAR, SHORTNOSE",0,863.5,653.75,7
2010,157486,"STAR, BLACK BRITTLE",0,769.6,576,30
2010,172714,"FLOUNDERS, LEFTEYED",0,700,762.29,116
2010,079118,CLAMS,0,642,5422,20
2010,173246,"COWFISH, HONEYCOMBED",0,612,475.8,49
2010,158309,"CUCUMBERS, OTHER SEA",0,606,3766.1,50
2010,159786,"SHARKS, SMALL COASTAL",0,603.26,10033.6,11
2010,079820,"FILECLAM, SPINY",0,581,532,21
2010,168857,"SNAPPER, DOG",1,559.67,867.25,21
2010,168738,"RUNNER, RAINBOW",1,559,501.95,16
2010,161095,"GAR, SPOTTED",0,551.62,364.8,4
2010,099074,"CRAB, NIMBLE SPRAY",0,512,566.75,32
2010,075281,"SNAIL, CONE",0,502,64.25,3
2010,164818,"BROTULA, BEARDED",0,490,432.15000000000003,42
2010,173183,"FILEFISH, PLANEHEAD",0,485,420.48,41
2010,157821,"URCHINS, SEA",0,485,447.40000000000003,14
2010,203428,FILEFISHES,0,456,1241.8500000000001,56
2010,169200,"PORGY, WHITEBONE",1,453.24,513,21
2010,168602,"POMPANO, AFRICAN",1,440.21000000000004,946.9300000000001,11
2010,171124,"BLENNY, OTHER",0,432,732.75,56
2010,164457,CLINGFISHES,0,408,446.6,74
2010,098178,"HERMIT, RED REEF",0,403,162.84,9
2010,169086,PORKFISH,0,387,1863.75,29
2010,644844,PIPEFISHES,0,380,860.35,31
2010,173752,"TURTLES, SNAPPING",0,380,848.62,6
2010,166487,SEAHORSES,0,372,487,65
2010,169623,"ANGELFISH, QUEEN",1,368,5628,72
2010,161061,"FISHES, RAY-FINNED",0,364,1583.95,29
2010,074182,"TULIP, TRUE",0,338,1038.1,26
2010,098194,"HERMIT, STAREYE",0,328,101.75,11
2010,208674,"TURTLES, NORTH AMERICAN SOFTSHELL",0,327,270.35,19
2010,169314,JACKKNIFE-FISH,0,320,1844.5,25
2010,078255,"DORIS, FLORIDA REGAL",0,320,2041.5,39
2010,097298,"SHRIMP, BANDED CORAL",0,307,462.52,33
2010,169007,TRIPLETAIL,1,292.65000000000003,580.6800000000001,24
2010,167800,"BASS, LONGTAIL",0,279.64,289.75,32
2010,164412,TOADFISHES,0,275,628.25,87
2010,168178,BIGEYE,0,274.08,473.8,43
2010,164593,"BATFISH, OTHER",0,261,795.7,60
2010,166972,SEAROBINS,0,257,843.45,67
2010,181220,GRAYSBY,1,256.84000000000003,703.6518,7
2010,172254,"TANG, BLUE",1,256,817,27
2010,168204,FLAMEFISH,0,256,306.75,24
2010,168176,BIGEYES,0,252.15,275.91,37
2010,096220,"SHRIMP, FW",0,250,1322,36
2010,166794,"SCORPIONFISH, SPINYCHEEK",0,247.52,271.3,25
2010,078022,"HARES, SEA",0,247,594.5,26
2010,081649,"CLAM, JEWEL BOX",0,240,502,21
2010,169632,"ANGELFISH, GRAY",1,236,1848,51
2010,078807,CHITONS,0,235,779.5,21
2010,169196,"PORGY, GRASS",0,232.25,181.20000000000002,42
2010,167696,"HIND, ROCK",1,227.95000000000002,636.58,34
2010,166862,"SCORPIONFISH, REEF",0,221,200.05,40
2010,171746,GOBIES,0,192,176.94,9
2010,052150,"CORAL, DEEPWATER",0,191,779,7
2010,155469,"BRYOZOA, ECTOPROCTA",0,185,1959.5,28
2010,170928,"JAWFISH, YELLOWHEAD",0,167,335,7
2010,171433,"BLENNY, MARBLED",0,167,125.53,18
2010,072878,"SNAIL, MOON",0,165,110.5,13
2010,098200,"HERMIT, GIANT",0,149,126.12,17
2010,161189,"MORAY, BLACKEDGE",0,149,182.9,31
2010,157366,"STAR, BASKET",0,148,427.75,44
2010,098340,"CRABS, BOX",0,144,198.5,14
2010,646513,HIGH-HAT,0,125,322.5,24
2010,172250,SURGEONFISHES,0,121,190.55,12
2010,098888,"CRAB, REDFINGER RUBBLE",0,117,237.8,31
2010,166882,LIONFISHES,0,110,615,28
2010,157518,"STAR, SCALY BRITTLE",0,109,105.5,7
2010,170568,BLUEHEAD,0,107,291,12
2010,082607,"OCTOPUS, ATLANTIC PYGMY",0,101,321.65000000000003,23
2010,082603,"OCTOPUS, COMMON",0,100,79.03,12
2010,074187,"CONCH, HORSE",0,93,515.2,37
2010,172512,BARRELFISH,0,84,150.75,4
2010,170925,"JAWFISHES, SPOTFIN",0,75,147.9,31
2010,169633,"ANGELFISH, FRENCH",1,71,1061,29
2010,170503,"DICK, SLIPPERY",0,66,144.6,10
2010,079578,PENSHELLS,0,62,870.5,12
2010,161188,"MORAY, SPOTTED",0,61,536,5
2010,615345,BEAUGREGORY,0,60,119.25,13
2010,719026,"CORALLIMORPH, DISCOSOMA",0,59,148,4
2010,170809,PARROTFISHES,0,51.04,37.25,7
2010,072743,"COWRIE, ATLANTIC DEER",0,51,92.60000000000001,10
2010,173235,BOXFISHES,0,49,98.5,3
2010,161419,"EELS, SNAKE",0,46,66,11
2010,170046,"MAJOR, SERGEANT",0,44,85.33,8
2010,173320,"PUFFER, SHARPNOSE",0,40,49.4,12
2010,171165,"BLENNY, FLORIDA",0,38,114.5,10
2010,096421,"SHRIMP, PEDERSON CLEANER",0,35,84.06,6
2010,173236,"TRUNKFISHES, THREE-ANGLED",0,34,14.8,14
2010,172252,"SURGEON, OCEAN",0,31,86.5,6
2010,169563,"BUTTERFLYFISH, BANDED",0,28,58.5,6
2010,169625,"BEAUTY, ROCK",0,24,114,12
2010,169558,"BUTTERFLYFISH, FOUREYE",0,23,30.5,5
2010,172990,"SOLES, NAKED AND FRINGED",0,21,17.55,13
2010,169556,"BUTTERFLYFISH, SPOTFIN",0,18,87,10
2010,171423,"BLENNY, SADDLED",0,18,42,7
2010,169562,"BUTTERFLYFISH, REEF",0,18,33.99,5
2010,173297,"PUFFER, SOUTHERN",0,17,141.75,7
2010,167858,"SANDFISH, BELTED",0,16,200.5,9
2010,168575,SHARKSUCKER,0,15,104,6
2010,167806,"HAMLET, BUTTER",0,15,32,7
2010,082610,"OCTOPUS, CARIBBEAN REEF",0,15,85.5,9
2010,160951,"STINGRAY, SOUTHERN",1,11,321,7
2010,161160,"EEL, MORAYS",0,9,99,7
2010,162376,"LIZARDFISH, INSHORE",0,8,93.5,5
2010,173391,PORCUPINEFISH,0,6,45,3
2010,172253,DOCTORFISH,1,4,10,3
2010,168567,"REMORAS, OTHER",0,3,4,3
2010,171056,"STARGAZER, SOUTHERN",0,3,32.5,3
2011,161731,MENHADENS,0,1399654192,92939246,2316
2011,551570,"SHRIMP, NORTHERN BROWN",1,116979534.91,199618414.53,34402
2011,551680,"SHRIMP, NORTHERN WHITE",1,89188616.03,206913135.88,61273
2011,098696,"CRAB, BLUE",0,55715800.65,48958662.22,285292
2011,079872,"OYSTER, EASTERN",0,22576548.15,65261384.9,114904
2011,170335,"MULLET, STRIPED",0,14033033.88,10145516,28270
2011,097490,PROCAMBARUS,0,9611501.85,9930856.96,22091
2011,551574,"SHRIMP, NORTHERN PINK",1,6601354.14,14004819.13,4525
2011,169288,"DRUM, BLACK",0,5681429.44,4358859.93,10678
2011,167702,"GROUPER, RED",1,5593727.37,15038652.1,5026
2011,163997,"CATFISH, BLUE",0,3771713.2,1952346.99,10867
2011,168853,"SNAPPER, RED",1,3562086.86,11430676.27,4895
2011,914179,OSTEICHTHYES,0,3558442.06,1630311.31,1469
2011,168909,"SNAPPER, VERMILION",1,3141431.08,8122361.738,5968
2011,051925,JELLYFISH,0,3007000,285884.5,80
2011,163954,"FISHES, BUFFALO",0,2871114.84,615707.87,4422
2011,097648,"LOBSTER, CARIBBEAN SPINY",1,2650651.76,17374497.986,10045
2011,172435,"MACKEREL, KING",1,2547655.18,3797206.29,3051
2011,098810,"CRAB, STONE",0,2499233.01,21946973.577,51149
2011,099084,"CRABS, FIDDLER",0,1857073.5,159612.51,110
2011,096028,"SHRIMP, ROCK",1,1538856.06,2169211.13,564
2011,172423,"TUNA, YELLOWFIN",1,1471824.25,5379603.39,701
2011,172436,"MACKEREL, SPANISH",1,1319905.45,933232.24,4413
2011,158019,"DOLLARS, KEYHOLE SAND",0,1311116,550464.85,112
2011,095603,"SHRIMPS, BAIT",0,1258238.47,6601784.58,13172
2011,169189,SHEEPSHEAD,0,1249149.15,637879.55,9060
2011,566920,TURBINIDAE,0,1115586,151549.47,727
2011,096027,"SHRIMPS, ROCK",0,1099277,1628345.9500000002,187
2011,172568,"BUTTERFISH,GULF",0,1037421,261443.05000000002,93
2011,168725,"SCAD, ROUND",0,950845,630996.5,149
2011,161111,LADYFISH,0,915855.85,556351.13,2175
2011,095599,"CRABS, SHRIMPS, LOBSTERS",0,907925,3483122.19,1879
2011,096893,"SHRIMP, PEPPERMINT",0,885154,241015.12,797
2011,161748,"HERRING, ATLANTIC THREAD",0,871267,123043.63,63
2011,161737,"SHAD, GIZZARD",0,827516.1,150192.66,424
2011,098191,"HERMIT, TRICOLOR",0,802890,101407.2,381
2011,163998,"CATFISH, CHANNEL",0,742274.42,442290.43,2662
2011,161700,HERRINGS,0,705321,180517.89,661
2011,167699,"GROUPER, YELLOWEDGE",1,647406.93,2184740.82,723
2011,172482,SWORDFISH,1,620198.8200000001,1724125.2000000002,651
2011,163692,"CARP, BIGHEAD",0,537367,54738.9,1409
2011,169364,"DRUM, FRESHWATER",0,511602.61,79838.07,2386
2011,160318,"SHARK, BLACKTIP",1,502293.79000000004,138098.5,635
2011,168689,"AMBERJACK, GREATER",1,497775.71,586482.29,562
2011,201897,"GAR, ALLIGATOR",0,461464.53,364850.74,979
2011,169055,GRUNTS,0,431594.60000000003,368694.47000000003,2451
2011,168907,"SNAPPER, YELLOWTAIL",1,429604.27,1172093.972,1328
2011,167687,"BASS, BLACK SEA",1,417658.75,379846.0764,1709
2011,167759,"GROUPER, GAG",1,371522.19,1444568.6099999999,2643
2011,169180,PORGIES,0,370533.45,420523.36,1497
2011,159785,SHARKS,0,368597,349773.3,433
2011,168546,"TILEFISH, GOLDEN",1,356837.08,773378.92,386
2011,161104,BOWFIN,0,336938.94,219970.92,1235
2011,164029,"CATFISH, FLATHEAD",0,329299.74,164656.84,2488
2011,095750,"SHRIMP, ATLANIC SEABOB",0,304998.52,133355.84,180
2011,095966,"SHRIMP, ROYAL RED",1,302245,1105237.55,52
2011,095601,"SHRIMPS, PENAEOID",0,289593.71,1154618.684,2818
2011,169207,"PORGY, RED",1,273650.5,327512.6696,1314
2011,074103,NASSARIUS,0,242429,33627.5,117
2011,172702,FLATFISHES,0,240693,544935.1,2087
2011,161732,"MENHADEN, ATLANTIC",0,233755.15,46942.79,197
2011,160275,"SHARK, BULL",1,199848.39,50972.26,251
2011,163537,"CARP, GRASS",0,196708.23,32853.270000000004,1092
2011,163344,"CARP, COMMON",0,193926.98,32582.82,1187
2011,168848,"SNAPPER, GRAY",1,181665.16,433377.82,2510
2011,172413,"MACKEREL, ATLANTIC CHUB",0,177731,39630.700000000004,50
2011,172734,"FLOUNDERS, PARALICHTHYS",0,176129.02,310914.06,1930
2011,071935,CERITHIDEA,0,175957,19319.98,189
2011,167763,SCAMP,1,169594.13,603064.856,2339
2011,167705,"GROUPER, SNOWY",1,157238.96,459682.91000000003,570
2011,172564,HARVESTFISHES,0,151556,59535,31
2011,165459,BALLYHOOS,0,146784.54,94914.85,165
2011,070159,"SNAIL, NERITES",0,142377,20208.9,68
2011,081499,"CLAM, SOUTHERN QUAHOG",0,138025.71,915813.43,2804
2011,169283,"CROAKER, ATLANTIC",0,126336,676059.88,691
2011,170336,"MULLET, WHITE",0,123359.6,65476.29,613
2011,168559,BLUEFISH,0,120324.63,37600.020000000004,1377
2011,172567,BUTTERFISH,0,119540,45666.450000000004,284
2011,161092,GARFISHES,0,109590.06,117361.72,241
2011,095600,"SHRIMP, MARINE",0,101898,142607.08000000002,64
2011,098612,"CRAB, GREEN CLINGING",0,100474,75559.55,301
2011,169013,MOJARRAS,0,96924.40000000001,82977.95,2216
2011,072561,"CONCH, HAWKWING",0,95977,9641.5,11
2011,160401,"SHARK, SPINNER",1,94152.86,27694.65,168
2011,168849,"SNAPPER, MUTTON",1,90299.15000000001,206363.19,492
2011,173128,TRIGGERFISHES,0,88320.33,142949.978,1694
2011,553178,SPADEFISH,0,81298,36830.950000000004,87
2011,169809,TILAPIAS,0,80154.45,51129.71,277
2011,168791,DOLPHIN,1,79717.08,193845.58000000002,412
2011,082367,SQUIDS,0,78164.3,25059.95,310
2011,172736,"FLOUNDER, GULF",0,77875.01,190380.8126,2182
2011,172402,"TUNA, LITTLE TUNNY",1,75142.96,36387.24,634
2011,167704,"GROUPER, WARSAW",1,74056,171226.9004,345
2011,168708,"POMPANO, FLORIDA",0,73507.38,250083.96,873
2011,169243,"SEATROUT, SAND",0,71456.58,50831.69,1494
2011,170333,MULLETS,0,69925,169948.85,421
2011,160200,"SHARK, ATLANTIC SHARPNOSE",1,68144.23,24581.420000000002,570
2011,168566,COBIA,1,68118.08,219241.5,1213
2011,168677,"SCAD, BIGEYE",0,67647.5,18654.15,58
2011,168615,"JACK, BAR",1,64343.67,61356.57,737
2011,169187,PINFISH,0,62081.200000000004,151642.61000000002,1231
2011,172451,WAHOO,1,61754.12,86937.63,313
2011,172362,ESCOLAR,0,59043.62,58982.5,128
2011,005414,"ALGAE, GREEN",0,58226,151745.35,108
2011,169239,"SEATROUT, SPOTTED",0,57378,137100.13,523
2011,206947,"CRABS, HERMIT",0,57042,9843.69,120
2011,168609,"JACK, CREVALLE",1,55771.81,43309.04,1035
2011,168861,"SNAPPER, SILK",1,53220.55,169866.51,322
2011,168612,"RUNNER, BLUE",1,52866.19,31536.47,659
2011,169273,KINGFISHES,0,51220.590000000004,42053.25,968
2011,170566,HOGFISH,1,45220.63,171182.09,389
2011,167760,"GROUPER, BLACK",1,43443.23,153505.7,381
2011,196436,"SPONGE, GRASS",0,43040,55864.33,62
2011,168543,"TILEFISH, BLUELINE",1,42475.520000000004,45228,134
2011,168670,"BUMPER, ATLANTIC",0,42084,26658.9,692
2011,070088,"TURBAN, CHESTNUT",0,39968,5211.91,87
2011,196434,"SPONGE, YELLOW",0,37255,58171.41,90
2011,168691,"JACK, ALMACO",1,36343.04,37786.294,356
2011,169290,"DRUM, RED",1,35223,72250.6,139
2011,168913,WENCHMAN,1,34539.62,19101.05,58
2011,082369,"SQUIDS, LOLIGINIDAE",0,34415,25627.65,265
2011,069794,"SNAIL, TOPSNAIL",0,31132,9160.5,32
2011,168790,DOLPHINFISH,0,30340.18,37408.700000000004,155
2011,098188,"HERMIT, THINSTRIPE",0,30071,5517.51,58
2011,172419,"TUNA, ALBACORE",1,29863.420000000002,11974.44,29
2011,167698,"HIND, SPECKLED",1,28920.07,78846.1276,363
2011,047614,HIPPOSPONGIA,0,27660,83431.6,98
2011,160433,"SHARK, LEMON",1,27567.87,6827.1500000000005,48
2011,161094,"GAR, LONGNOSE",0,23938.33,12333.14,366
2011,160189,"SHARK, TIGER",1,23732.84,7521.74,48
2011,082590,OCTOPUSES,0,23309.9,34070.23,485
2011,172364,OILFISH,0,23285.57,20674.5,67
2011,098811,"CRAB, FLORIDA STONE",0,22436.8,90795.40000000001,232
2011,163892,SUCKERS,0,21010,11446,31
2011,167686,"BASSES, MIXED SEA",0,20509.39,23882.994,206
2011,052627,"ANEMONE, GIANT CARIBBEAN",0,20188,29465.95,217
2011,160497,"SHARKS, HAMMERHEAD",0,19874.22,4377.37,37
2011,164034,BULLHEADS,0,17989.16,6866.07,31
2011,163342,MINNOWS,0,16959.81,132052.29,525
2011,163691,"CARP, SILVER",0,16940.36,1905.82,78
2011,082703,"CRAB, HORSESHOE",0,15911,18191.350000000002,205
2011,173138,"TRIGGERFISH, GRAY",1,15897.4,18171.19,299
2011,052484,"CORALLIMORPH, FLORIDA",0,15331,36974.25,148
2011,166493,"SEAHORSE, DWARF",0,14695,23736.7,90
2011,172385,"CUTLASSFISH, ATLANTIC",0,14523,15215.25,57
2011,168584,JACKS,0,14410.5,10030.9,329
2011,168860,"SNAPPER, LANE",1,14288.53,29627.042800000003,1136
2011,168902,"SNAPPER, QUEEN",1,13981.87,36785.950000000004,162
2011,169240,"SEATROUT, SILVER",0,13947,15755.630000000001,259
2011,169237,DRUMS,0,13577,4463.1500000000005,426
2011,168693,"RUDDERFISH, BANDED",1,13403.24,13149.2,181
2011,046861,SPONGES,0,13081,25437.77,93
2011,172738,"FLOUNDER, SOUTHERN",0,13035.27,32945.07,286
2011,169197,"PORGY, JOLTHEAD",1,12290.26,7720.91,292
2011,098276,"CRABS, BRACHYURA",0,12219.6,5497.63,45
2011,160289,"SHARK, SANDBAR",1,12143.04,4398.45,23
2011,169267,SPOT,0,12121.75,6345.7300000000005,708
2011,166170,SQUIRRELFISHES,0,11977,1690.8,6
2011,157921,"URCHIN, GREEN SEA",0,11778,29966.7,188
2011,159924,"SHARK, MAKO, SHORTFIN",1,10889.32,10439.85,51
2011,169406,GOATFISHES,0,10705,3505.65,26
2011,052541,"ANEMONE, OTHER",0,10618,3168.9,29
2011,170424,BARRACUDAS,0,10553.2,9201.95,81
2011,168852,"SNAPPER, BLACKFIN",1,10241.77,29021.31,123
2011,172427,"TUNA, BLACKFIN",1,10022.15,6711.41,100
2011,169077,PIGFISH,0,9925,83922,64
2011,172421,"TUNA, BLUEFIN",1,9557.5,49469.44,16
2011,164157,"CATFISHES, SEA",0,9086.5,4001.7000000000003,239
2011,098519,"CRABS, CORAL SPIDER",0,8675,8799,36
2011,069459,"SNAIL, OTHER",0,8302.95,4014.54,88
2011,159786,"SHARKS, SMALL COASTAL",0,8209.49,135028.25,213
2011,082607,"OCTOPUS, ATLANTIC PYGMY",0,8075,1174.46,26
2011,169201,"PORGY, KNOBBED",1,7849.49,7053.34,94
2011,079819,"fileclam, rough",0,7621,3971.3,73
2011,173283,PUFFERS,0,7543.25,3990,446
2011,052794,"ANEMONE, RED BEADED",0,7088,6692.62,68
2011,168537,TILEFISHES,0,6867,10830,5
2011,052440,"MAT, GREEN SEA",0,6764,19526.100000000002,11
2011,168690,"AMBERJACK, LESSER",1,6414.25,7043.35,37
2011,074075,"WHELK, LIGHTNING",0,6401,7381,92
2011,157906,"URCHIN, PURPLE-SPINED SEA",0,6207,41812,63
2011,172411,MACKERELS,0,5963,3040.7000000000003,21
2011,096220,"SHRIMP, FW",0,5211.1,7137.25,45
2011,160304,"SHARK, BLACKNOSE",1,5146.68,1779.4,24
2011,052016,"CORALS, SOFT",0,5033,19332,190
2011,167674,GROUPERS,0,4843,11723.45,65
2011,157520,"STAR, SERPENT BRITTLE",0,4807,7368.01,137
2011,164807,"EELS, CUSK",0,4748,5832.1,124
2011,160946,STINGRAYS,0,4690,37163.89,166
2011,072556,"CONCH, FLORIDA FIGHTING",0,4673.5,6233.05,42
2011,006949,"PLANT, MERMAID'S SHAVING BRUSH",0,4535,3678.1,65
2011,169539,"SPADEFISH, ATLANTIC",1,4429.25,7825.27,412
2011,158323,"CUCUMBER, FLORIDA SEA",0,4304,4022.44,110
2011,047528,"SPONGES, DEMOSPONGIAE",0,4080,15339.75,247
2011,168845,SNAPPERS,0,3930.64,11195.273000000001,62
2011,166704,SCORPIONFISHES,0,3884.8,5277.981000000001,128
2011,098178,"HERMIT, RED REEF",0,3819,1246.17,13
2011,173433,FROGS,0,3680,9042.050000000001,49
2011,173747,REPTILES,0,3658,1224.27,49
2011,615846,"BURRFISH, STRIPED",0,3563,3637.2000000000003,145
2011,636786,"GOBY,NEON",0,3479,8014.27,63
2011,168899,"SNAPPER, BLACK",1,3404.79,8349.75,16
2011,074222,"SNAIL, OLIVE",0,3106,4257.99,46
2011,202423,ANIMALIA,0,3102,24103,53
2011,051774,"CASSIOPEA, JAMAICAN",0,2857,3654,32
2011,052433,"ANEMONE, SUN ZOANTHID",0,2789,525.5,13
2011,167700,"HIND, RED",1,2706.81,7978.91,72
2011,009309,BRYOPSIDALES,0,2689,4901.75,91
2011,166488,"SEAHORSE, LINED",0,2684,13167,204
2011,160806,RAYS,0,2654,566.75,16
2011,160409,"SHARK, FINETOOTH",1,2607.26,1030.4,42
2011,660512,"CRAB, FURCATE SPIDER",0,2595.1,1475.54,130
2011,098088,"CRAB, SPOTTED PORCELAIN",0,2559,2313.09,112
2011,169626,"ANGELFISH, BLUE",0,2402,32461.8,232
2011,165460,BALLYHOO,0,2381,12982,21
2011,567533,"SLUG, LETTUCE",0,2323,1943.75,53
2011,168684,"MOONFISH, ATLANTIC",0,2237,505.5,7
2011,169196,"PORGY, GRASS",0,2217.7200000000003,695.45,130
2011,073236,"SNAIL, MUREX",0,2198,2228.85,24
2011,650251,"BARRACUDA, GREAT",1,2177,2085.85,52
2011,047782,"SPONGE, RED BALL",0,2170,7198.8,148
2011,164729,"HAKES, RED AND WHITE",0,2166.76,2048.3,62
2011,158854,"TUNICATES, SEA SQUIRTS",0,2115,6851,92
2011,169007,TRIPLETAIL,1,1964.3400000000001,2235.87,90
2011,159851,"SHARKS, PELAGIC",0,1898.57,1797.2,11
2011,167744,"GROUPER, MARBLED",1,1892.72,4927.05,46
2011,099140,"SHRIMPS, MANTIS",0,1858,5635.5,66
2011,097671,"LOBSTER, SPANISH",0,1846,3556.2000000000003,61
2011,172428,"TUNA, BIGEYE",1,1743.75,8460,8
2011,163996,"CATFISHES, CHANNEL",0,1717,697.9,26
2011,052266,"GORGONIAN, SEA BLADES",0,1704,6421.5,99
2011,098131,"CRABS, SAND",0,1696.5900000000001,14228.58,61
2011,157325,"STARS, BRITTLE",0,1653,3025.8,31
2011,169556,"BUTTERFLYFISH, SPOTFIN",0,1598,3424.91,14
2011,157821,"URCHINS, SEA",0,1524,2408.4500000000003,23
2011,097298,"SHRIMP, BANDED CORAL",0,1518,1199.48,39
2011,168847,"SNAPPER, CUBERA",1,1499.01,2062.2088,23
2011,169200,"PORGY, WHITEBONE",1,1486,1428.5,21
2011,167764,"GROUPER, YELLOWFIN",1,1448.28,4330.9,15
2011,173246,"COWFISH, HONEYCOMBED",0,1414,1149.3,83
2011,172512,BARRELFISH,0,1394.4,3816.11,20
2011,074101,"CONCH, CROWN",0,1388,688.25,32
2011,098170,PAGURISTES ERYTHROPS,0,1370,520.44,12
2011,097863,"HERMIT, POLKADOTTED",0,1336,737.4,26
2011,168740,"JACK, BLUNTNOSE",0,1328,857.8000000000001,111
2011,098483,"CRAB, YELLOWLINE ARROW",0,1307,1364.9,86
2011,006922,"PLANT, HALIMEDA",0,1304,1115.25,44
2011,173183,"FILEFISH, PLANEHEAD",0,1250,2183.28,88
2011,157187,"STARFISH, SPINY",0,1226,1745.25,99
2011,168688,AMBERJACKS,0,1223,1542.05,9
2011,156862,"STARS, OTHER SEA",0,1203,6937.85,99
2011,078156,NUDIBRANCHS,0,1140,1283,38
2011,157826,"URCHIN, SLATE PENCIL",0,1099,1232.95,54
2011,170928,"JAWFISH, YELLOWHEAD",0,1070,2626.5,24
2011,169086,PORKFISH,0,1061,2412.85,58
2011,164818,"BROTULA, BEARDED",0,1001,783.25,41
2011,169632,"ANGELFISH, GRAY",1,996,9941,119
2011,158309,"CUCUMBERS, OTHER SEA",0,981,3774.4,48
2011,157486,"STAR, BLACK BRITTLE",0,978,735.65,29
2011,157958,"URCHIN, ROCK BORING",0,960,765,33
2011,166454,"PIPEFISH, SARGASSUM",0,926,1231.8,43
2011,168680,LOOKDOWN,0,914.5,8507.25,34
2011,171124,"BLENNY, OTHER",0,836,1893.3500000000001,63
2011,161096,"GAR, SHORTNOSE",0,804.64,846.4,3
2011,173752,"TURTLES, SNAPPING",0,726,1366.9,7
2011,172437,CERO,1,697,869.0500000000001,13
2011,168857,"SNAPPER, DOG",1,691.24,862.71,19
2011,169314,JACKKNIFE-FISH,0,633,3763.04,55
2011,078022,"HARES, SEA",0,607,4478.35,34
2011,166487,SEAHORSES,0,606,1180,50
2011,167800,"BASS, LONGTAIL",0,602.54,987.26,46
2011,099074,"CRAB, NIMBLE SPRAY",0,572,738.13,38
2011,096601,"SHRIMPS, PISTOL OR SNAPPING",0,556,761.57,34
2011,098888,"CRAB, REDFINGER RUBBLE",0,546,640.25,45
2011,169623,"ANGELFISH, QUEEN",1,535,9249.82,118
2011,006962,"PLANT, CAULERPA",0,532.6,4396.88,77
2011,168607,"JACK, YELLOW",0,532,527.5,8
2011,167703,"GROUPER, MISTY",1,515.52,474.1,15
2011,208674,"TURTLES, NORTH AMERICAN SOFTSHELL",0,505,436.55,19
2011,072878,"SNAIL, MOON",0,484,346.7,20
2011,161738,"SHAD, THREADFIN",0,478,76,5
2011,052774,"ANEMONE, RINGED",0,471,466,13
2011,098194,"HERMIT, STAREYE",0,462,471.25,7
2011,644844,PIPEFISHES,0,447,1455.8500000000001,52
2011,172401,"TUNA, SKIPJACK",1,439.77,273,6
2011,166787,"ROSEFISH, BLACKBELLY",0,386.1,652.9300000000001,11
2011,051483,JELLYFISH,0,386,7946,6
2011,168204,FLAMEFISH,0,378,696.25,37
2011,169183,"PORGY, LONGSPINE",1,376.29,515.75,6
2011,096424,"SHRIMP, SPOTTED CLEANER",0,376,443.3,31
2011,098485,"CRAB, FALSE ARROW",0,374,930.5500000000001,44
2011,161061,"FISHES, RAY-FINNED",0,352,3234.1,30
2011,164457,CLINGFISHES,0,334,405.75,44
2011,167696,"HIND, ROCK",1,333.83,834.8728,37
2011,006409,ULOTRICHALES,0,316.22,10101.5,171
2011,168602,"POMPANO, AFRICAN",1,311,823.4300000000001,10
2011,166326,OPAH,0,305,527,5
2011,646513,HIGH-HAT,0,296,623.1,51
2011,170568,BLUEHEAD,0,284,688.04,24
2011,168858,"SNAPPER, MAHOGANY",0,270.84000000000003,643.15,11
2011,172409,"BONITO, ATLANTIC",0,269.2,117.5,13
2011,173245,"COWFISH, SCRAWLED",0,268,625.5,23
2011,164412,TOADFISHES,0,267,817.8000000000001,62
2011,078807,CHITONS,0,265,951.0600000000001,19
2011,168738,"RUNNER, RAINBOW",1,264,255,17
2011,052460,CORALLIMORPHARIA,0,262,320.5,7
2011,170287,POMFRETS,0,261,254.70000000000002,8
2011,168548,"TILEFISH, SAND",1,255.68,451,7
2011,074187,"CONCH, HORSE",0,254,1046.5,71
2011,172254,"TANG, BLUE",1,244,722.47,31
2011,164593,"BATFISH, OTHER",0,242,1168.3500000000001,48
2011,098614,MITHRACULUS RUBER,0,235,451.2,6
2011,172714,"FLOUNDERS, LEFTEYED",0,232,1666.6000000000001,75
2011,166882,LIONFISHES,0,231,875.23,34
2011,161419,"EELS, SNAKE",0,220,235,8
2011,155469,"BRYOZOA, ECTOPROCTA",0,220,2653,21
2011,171405,"BLENNY, SAILFIN",0,218,620,13
2011,166972,SEAROBINS,0,218,734.5500000000001,38
2011,169558,"BUTTERFLYFISH, FOUREYE",0,213,448.81,32
2011,168176,BIGEYES,0,207.88,233.1644,25
2011,203428,FILEFISHES,0,204,872.85,30
2011,719026,"CORALLIMORPH, DISCOSOMA",0,201,280,6
2011,098200,"HERMIT, GIANT",0,186,196.44,27
2011,074182,"TULIP, TRUE",0,183,553.4,23
2011,173235,BOXFISHES,0,172,116.35000000000001,18
2011,170080,"CHROMIS, BLUE",0,171,332.5,11
2011,098610,"CRAB, RED-RIDGED CLINGING",0,170,308.38,6
2011,171430,"BLENNY, BANDED",0,167,319.90000000000003,26
2011,173320,"PUFFER, SHARPNOSE",0,163,185.35,40
2011,170046,"MAJOR, SERGEANT",0,153,183,5
2011,169625,"BEAUTY, ROCK",0,136,713.5,22
2011,082610,"OCTOPUS, CARIBBEAN REEF",0,128,505.5,14
2011,168709,PERMIT,0,123,178.15,17
2011,170477,"WRASSE, OTHER",0,114,241.5,14
2011,157518,"STAR, SCALY BRITTLE",0,111,107.75,7
2011,173297,"PUFFER, SOUTHERN",0,108,323.5,24
2011,079578,PENSHELLS,0,104,1447.5,14
2011,078255,"DORIS, FLORIDA REGAL",0,103,607,25
2011,167806,"HAMLET, BUTTER",0,103,293.63,18
2011,172735,"FLOUNDER, SUMMER",0,101.5,233,7
2011,171165,"BLENNY, FLORIDA",0,99,408,14
2011,072743,"COWRIE, ATLANTIC DEER",0,99,215.53,16
2011,161123,EELS,0,96,48,5
2011,096421,"SHRIMP, PEDERSON CLEANER",0,91,188.56,11
2011,157366,"STAR, BASKET",0,89,321.5,29
2011,082603,"OCTOPUS, COMMON",0,75,811.2,21
2011,161189,"MORAY, BLACKEDGE",0,74,272.1,13
2011,170507,"WRASSE, CLOWN",0,70,98.5,12
2011,172252,"SURGEON, OCEAN",0,68,284.96,10
2011,169562,"BUTTERFLYFISH, REEF",0,67,132.64000000000001,14
2011,172253,DOCTORFISH,1,66,214,6
2011,169633,"ANGELFISH, FRENCH",1,65,1236.4,38
2011,167860,"BASS, HARLEQUIN",0,64,204.63,13
2011,171746,GOBIES,0,61,112.76,10
2011,170932,"JAWFISH, DUSKY",0,54,138,5
2011,171433,"BLENNY, MARBLED",0,53,65,12
2011,170503,"DICK, SLIPPERY",0,46,161.20000000000002,14
2011,166862,"SCORPIONFISH, REEF",0,45,51.5,16
2011,169563,"BUTTERFLYFISH, BANDED",0,44,91.3,15
2011,615345,BEAUGREGORY,0,42,51,12
2011,161160,"EEL, MORAYS",0,35,244.5,17
2011,170484,"HOGFISH, SPANISH",1,35,95.60000000000001,11
2011,173139,"TRIGGERFISH, QUEEN",1,32,128,6
2011,161188,"MORAY, SPOTTED",0,31,162.5,10
2011,170815,"PARROTFISH, PRINCESS",1,30,159,7
2011,098605,MITHRACULUS,0,29,18,3
2011,052830,"ANEMONE, SUN",0,25,62,3
2011,169317,"DRUM, SPOTTED",0,18,220,7
2011,171203,"BLENNY, REDLIP",0,18,73.5,8
2011,621035,"STINGRAY, YELLOW",0,13,130.5,10
2011,167858,"SANDFISH, BELTED",0,12,225,6
2011,160951,"STINGRAY, SOUTHERN",1,11,780,7
2011,075281,"SNAIL, CONE",0,9,64.5,5
2011,164524,"FROGFISH, OCELLATED",0,7,39,5
2011,161186,"MORAY, GREEN",0,6,190,4
2011,164518,FROGFISHES,0,6,33,6
2011,164520,SARGASSUMFISH,0,6,9,4
2011,161237,"MORAY, GOLDENTAIL",0,3,44.5,3
2012,161731,MENHADENS,0,1102356411,85851276.23,2147
2012,551680,"SHRIMP, NORTHERN WHITE",1,103929028.66,196560370.41,62255
2012,551570,"SHRIMP, NORTHERN BROWN",1,103841364.26,187243313.8,32327
2012,098696,"CRAB, BLUE",0,55712862.42,54144057.7,295191
2012,079872,"OYSTER, EASTERN",0,24370095.43,76223251.57,123630
2012,170335,"MULLET, STRIPED",0,12048195.15,8499929.36,28610
2012,097490,PROCAMBARUS,0,6851838,8328858.69,17811
2012,167702,"GROUPER, RED",1,6129731.68,16706110.975,5054
2012,169288,"DRUM, BLACK",0,5898771.28,4859441,12426
2012,914179,OSTEICHTHYES,0,5219491.97,1513437.47,1616
2012,551574,"SHRIMP, NORTHERN PINK",1,5068699.83,11549238.14,3826
2012,168853,"SNAPPER, RED",1,4034210.12,13677352,4926
2012,163997,"CATFISH, BLUE",0,3928937.62,2006168.52,11339
2012,163954,"FISHES, BUFFALO",0,2831289.18,822763.62,4350
2012,172423,"TUNA, YELLOWFIN",1,2762879.55,10195998.45,1531
2012,161748,"HERRING, ATLANTIC THREAD",0,2708557,360480.63,252
2012,172435,"MACKEREL, KING",1,2531194.4,4014889.86,3442
2012,098810,"CRAB, STONE",0,2456519.43,22346954.87,54457
2012,168909,"SNAPPER, VERMILION",1,2433088.72,6575015.214,5870
2012,099084,"CRABS, FIDDLER",0,1790372,157971.36000000002,86
2012,161737,"SHAD, GIZZARD",0,1684345.5,326945.66000000003,872
2012,097648,"LOBSTER, CARIBBEAN SPINY",1,1677584.13,9704521.82,8203
2012,172436,"MACKEREL, SPANISH",1,1652246.98,1382686.6600000001,6279
2012,095603,"SHRIMPS, BAIT",0,1405429.4100000001,7015652.0012,14006
2012,172482,SWORDFISH,1,1258183.87,3209741.35,1136
2012,566920,TURBINIDAE,0,1242843,155230.18,858
2012,095750,"SHRIMP, ATLANIC SEABOB",0,1213570,486726.99,585
2012,098191,"HERMIT, TRICOLOR",0,1188706,128190.55,476
2012,161111,LADYFISH,0,1118847.18,833841.09,3197
2012,169189,SHEEPSHEAD,0,1072208.24,587706.75,9880
2012,158019,"DOLLARS, KEYHOLE SAND",0,1071900,567018.9,108
2012,163998,"CATFISH, CHANNEL",0,1061397.49,585648.75,3317
2012,096893,"SHRIMP, PEPPERMINT",0,1042709,292085.52,930
2012,095599,"CRABS, SHRIMPS, LOBSTERS",0,1026145,4030191.5,1939
2012,172568,"BUTTERFISH,GULF",0,980230.8,298024.36,153
2012,051925,JELLYFISH,0,960360,89132.7,93
2012,161763,"SARDINE, SPANISH",0,958657,146269,50
2012,167699,"GROUPER, YELLOWEDGE",1,791053.84,2940581.37,888
2012,167687,"BASS, BLACK SEA",1,659376.78,678457.618,2670
2012,167759,"GROUPER, GAG",1,620540.22,2468724.558,3277
2012,169055,GRUNTS,0,571682.24,513305.714,3040
2012,160318,"SHARK, BLACKTIP",1,541250.38,127342.93000000001,715
2012,161700,HERRINGS,0,455864,166349.06,404
2012,169364,"DRUM, FRESHWATER",0,448591.69,71854.77,2215
2012,163692,"CARP, BIGHEAD",0,444799.36,46037.68,1301
2012,201897,"GAR, ALLIGATOR",0,427431.18,352269.17,895
2012,168907,"SNAPPER, YELLOWTAIL",1,395972.44,1129403.37,1192
2012,169207,"PORGY, RED",1,389291.07,483458.574,1685
2012,095600,"SHRIMP, MARINE",0,385509,331285.28,93
2012,159785,SHARKS,0,384655,289103.25,559
2012,168546,"TILEFISH, GOLDEN",1,372592.97000000003,864873.49,464
2012,095601,"SHRIMPS, PENAEOID",0,366562.01,1451424.8757,3876
2012,095966,"SHRIMP, ROYAL RED",1,358467,1182094.35,79
2012,160275,"SHARK, BULL",1,329707.74,77880.93000000001,397
2012,168689,"AMBERJACK, GREATER",1,301757.99,362639.63,338
2012,167763,SCAMP,1,293976.35000000003,1082541.48,2820
2012,169180,PORGIES,0,276404.5,315875.456,1385
2012,070159,"SNAIL, NERITES",0,271461,49758.520000000004,75
2012,074103,NASSARIUS,0,262046,39793.5,131
2012,164029,"CATFISH, FLATHEAD",0,251376.52000000002,130911.68000000001,2249
2012,168725,"SCAD, ROUND",0,241197,174453.25,82
2012,172567,BUTTERFISH,0,237966,86092.17,426
2012,071935,CERITHIDEA,0,234542,22928.3,177
2012,161104,BOWFIN,0,209832.37,161183.05000000002,1177
2012,167705,"GROUPER, SNOWY",1,198951.96,584742.88,701
2012,168677,"SCAD, BIGEYE",0,193642,39845.8,65
2012,172702,FLATFISHES,0,186232,460728.03,1875
2012,172402,"TUNA, LITTLE TUNNY",1,186026.16,70148.082,830
2012,169809,TILAPIAS,0,184432.24,106908.15000000001,484
2012,161732,"MENHADEN, ATLANTIC",0,182413,38461.6,229
2012,172362,ESCOLAR,0,168600.24,151230.76,308
2012,168848,"SNAPPER, GRAY",1,168551.02,408236.4298,2964
2012,168559,BLUEFISH,0,167552.82,67602.93000000001,1882
2012,169283,"CROAKER, ATLANTIC",0,137619.36000000002,777747.01,678
2012,163344,"CARP, COMMON",0,130833.24,18233.97,1097
2012,081499,"CLAM, SOUTHERN QUAHOG",0,127321.07,773227.17,2978
2012,169013,MOJARRAS,0,126854.37000000001,133737.06,2635
2012,172734,"FLOUNDERS, PARALICHTHYS",0,125459.34,255876.1,1950
2012,163537,"CARP, GRASS",0,118943.35,23634.71,938
2012,098612,"CRAB, GREEN CLINGING",0,117182,76533.82,322
2012,167704,"GROUPER, WARSAW",1,105884.2,276918.82,374
2012,168609,"JACK, CREVALLE",1,104768.61,71569.85,1932
2012,069794,"SNAIL, TOPSNAIL",0,102600,30657.5,67
2012,160200,"SHARK, ATLANTIC SHARPNOSE",1,99218.61,34789.520000000004,971
2012,170333,MULLETS,0,94254,213694,425
2012,096027,"SHRIMPS, ROCK",0,94060.73,109405.55,127
2012,168612,"RUNNER, BLUE",1,93814.18000000001,64424.35,984
2012,172451,WAHOO,1,93248.06,128563.508,576
2012,168543,"TILEFISH, BLUELINE",1,91098.48,107857.47,217
2012,160806,RAYS,0,90402,17517.49,39
2012,169239,"SEATROUT, SPOTTED",0,84278.24,203822.66,908
2012,168849,"SNAPPER, MUTTON",1,82402.34,192100.75,435
2012,168615,"JACK, BAR",1,81906.32,78125.736,1050
2012,070088,"TURBAN, CHESTNUT",0,79652,10844.29,123
2012,167691,"BASS, ROCK SEA",1,74370.04000000001,114473.75,201
2012,168670,"BUMPER, ATLANTIC",0,72524,49675.590000000004,1025
2012,082590,OCTOPUSES,0,72088.90000000001,121370.13,954
2012,161092,GARFISHES,0,71978.93000000001,85199.1,138
2012,172421,"TUNA, BLUEFIN",1,71397.35,377153.55,125
2012,168708,"POMPANO, FLORIDA",0,68101.25,248864.39,1194
2012,160401,"SHARK, SPINNER",1,67161.73,16866.9,78
2012,165459,BALLYHOOS,0,66363.13,61199.270000000004,97
2012,173128,TRIGGERFISHES,0,63091.4,105694.03,1027
2012,172736,"FLOUNDER, GULF",0,59814.75,162287.456,1814
2012,170336,"MULLET, WHITE",0,58588,39356.55,382
2012,206947,"CRABS, HERMIT",0,57168,10527.1,116
2012,196434,"SPONGE, YELLOW",0,57013,89217.89,84
2012,168861,"SNAPPER, SILK",1,54359.630000000005,159310.29,315
2012,168566,COBIA,1,53357.55,143421.803,1001
2012,167760,"GROUPER, BLACK",1,51606.08,183304.61000000002,451
2012,167698,"HIND, SPECKLED",1,50548.76,139441.735,556
2012,168791,DOLPHIN,1,48700.96,115437.454,475
2012,168691,"JACK, ALMACO",1,47844.840000000004,57186.83,596
2012,172419,"TUNA, ALBACORE",1,45036.41,21761.850000000002,73
2012,005414,"ALGAE, GREEN",0,43623,109965.3,94
2012,169290,"DRUM, RED",1,43620,87943.35,250
2012,169243,"SEATROUT, SAND",0,43104.82,32791.79,1419
2012,170566,HOGFISH,1,42669.33,166887.63,429
2012,168584,JACKS,0,42021.020000000004,35595.35,632
2012,096028,"SHRIMP, ROCK",1,41708,57903.8,158
2012,196436,"SPONGE, GRASS",0,41062,53939.08,45
2012,163342,MINNOWS,0,38976.92,192971.7,644
2012,082369,"SQUIDS, LOLIGINIDAE",0,38815,24162.03,332
2012,161095,"GAR, SPOTTED",0,37715.840000000004,26314.5,13
2012,168790,DOLPHINFISH,0,35587.19,52642.9,321
2012,553178,SPADEFISH,0,34842,15959.2,73
2012,169187,PINFISH,0,34642.36,126408.11,1222
2012,169273,KINGFISHES,0,32996.1,36395.28,892
2012,168913,WENCHMAN,1,31756.81,22391.41,42
2012,160433,"SHARK, LEMON",1,31131.83,8405.57,73
2012,172364,OILFISH,0,31056.87,26560.75,80
2012,083677,CRUSTACEANS,0,30261,10591,4
2012,160189,"SHARK, TIGER",1,30045.12,8755.15,83
2012,047614,HIPPOSPONGIA,0,30002,103930.61,100
2012,168860,"SNAPPER, LANE",1,29056.12,59844.047,1591
2012,172738,"FLOUNDER, SOUTHERN",0,28584.68,69826.05,461
2012,168902,"SNAPPER, QUEEN",1,26502.15,68470.978,222
2012,098811,"CRAB, FLORIDA STONE",0,24379.7,106428.96,351
2012,169406,GOATFISHES,0,24155,7917.6,33
2012,168693,"RUDDERFISH, BANDED",1,22658.62,15761.9,386
2012,163691,"CARP, SILVER",0,22522.4,3007.8,92
2012,163892,SUCKERS,0,22214,13740,24
2012,159924,"SHARK, MAKO, SHORTFIN",1,22094.28,20677.73,114
2012,074075,"WHELK, LIGHTNING",0,20398,20458.75,66
2012,172427,"TUNA, BLACKFIN",1,20130.36,16430.299,264
2012,164157,"CATFISHES, SEA",0,20110,6947.51,525
2012,172428,"TUNA, BIGEYE",1,19351.25,52886.6,78
2012,172513,"DRIFTFISH, BLACK",0,19243.23,27408.75,37
2012,098519,"CRABS, CORAL SPIDER",0,19215,16211.5,47
2012,082367,SQUIDS,0,18467.850000000002,6740.25,162
2012,160508,"SHARK, HAMMERHEAD, SCALLOPED",1,18264.600000000002,5939.31,69
2012,052627,"ANEMONE, GIANT CARIBBEAN",0,17959,24403.89,148
2012,169267,SPOT,0,17814.27,11027.06,782
2012,052484,"CORALLIMORPH, FLORIDA",0,17433,46066,190
2012,157921,"URCHIN, GREEN SEA",0,17103,51609.450000000004,250
2012,169240,"SEATROUT, SILVER",0,16796.8,18585.65,334
2012,168607,"JACK, YELLOW",0,15631.02,17288.24,105
2012,161755,"SARDINE, SCALED",0,15536.08,5290.59,32
2012,164034,BULLHEADS,0,15354.36,5687.95,45
2012,082703,"CRAB, HORSESHOE",0,15312,23677.75,204
2012,161094,"GAR, LONGNOSE",0,14119.61,8711.85,254
2012,052541,"ANEMONE, OTHER",0,13941,2681.75,35
2012,169197,"PORGY, JOLTHEAD",1,13800.23,9600.93,376
2012,046861,SPONGES,0,12690,28044.7,93
2012,166493,"SEAHORSE, DWARF",0,12364,30824.75,116
2012,172385,"CUTLASSFISH, ATLANTIC",0,12044,9979.4,71
2012,168740,"JACK, BLUNTNOSE",0,11551,7806.75,418
2012,098188,"HERMIT, THINSTRIPE",0,11541,3042.05,62
2012,173283,PUFFERS,0,11000.6,6484,664
2012,044030,FORAMS,0,10785,19504,36
2012,052794,"ANEMONE, RED BEADED",0,10218,39094.8,120
2012,173138,"TRIGGERFISH, GRAY",1,8997.14,10659,164
2012,173747,REPTILES,0,8797.800000000001,3553.7000000000003,82
2012,158323,"CUCUMBER, FLORIDA SEA",0,8584,7768.95,178
2012,098205,"HERMIT, ORANGECLAW",0,7229,684.1,22
2012,169077,PIGFISH,0,7148,62627.5,75
2012,079819,"fileclam, rough",0,7116,3473.65,67
2012,567533,"SLUG, LETTUCE",0,7085,3602.35,88
2012,069459,"SNAIL, OTHER",0,7076,3221.8,71
2012,160946,STINGRAYS,0,6750,53964.700000000004,185
2012,168899,"SNAPPER, BLACK",1,6523.79,16679.5,23
2012,159786,"SHARKS, SMALL COASTAL",0,6487.63,134151.99,215
2012,052016,"CORALS, SOFT",0,6423,25955,201
2012,167674,GROUPERS,0,6352.64,14738.7,54
2012,098088,"CRAB, SPOTTED PORCELAIN",0,5940,6369.35,127
2012,159851,"SHARKS, PELAGIC",0,5837.64,4601.9400000000005,28
2012,169007,TRIPLETAIL,1,5534.86,7857.12,133
2012,168690,"AMBERJACK, LESSER",1,5492,6013.8,52
2012,047528,"SPONGES, DEMOSPONGIAE",0,5324,20787.3,295
2012,160304,"SHARK, BLACKNOSE",1,4834.16,1917.15,50
2012,072556,"CONCH, FLORIDA FIGHTING",0,4829,5168.75,57
2012,167686,"BASSES, MIXED SEA",0,4540.68,4327.5,138
2012,164729,"HAKES, RED AND WHITE",0,4506.88,5350.95,82
2012,168852,"SNAPPER, BLACKFIN",1,4449.47,11829.6,85
2012,166704,SCORPIONFISHES,0,4308,6558.9000000000005,154
2012,157520,"STAR, SERPENT BRITTLE",0,4055,5274.67,162
2012,650251,"BARRACUDA, GREAT",1,3965.4,4868.6500000000005,121
2012,169201,"PORGY, KNOBBED",1,3822.14,3380.8,100
2012,170424,BARRACUDAS,0,3797.9300000000003,3214.75,78
2012,168845,SNAPPERS,0,3743.79,10457.685,60
2012,615846,"BURRFISH, STRIPED",0,3734,3684.75,159
2012,165460,BALLYHOO,0,3733,18906,22
2012,074222,"SNAIL, OLIVE",0,3606,3616.1,45
2012,157906,"URCHIN, PURPLE-SPINED SEA",0,3416,19191.5,55
2012,158309,"CUCUMBERS, OTHER SEA",0,3367,9217.9,72
2012,169237,DRUMS,0,3263,1481.6100000000001,376
2012,047782,"SPONGE, RED BALL",0,3262,11136.550000000001,179
2012,636786,"GOBY,NEON",0,3213,7650,68
2012,173433,FROGS,0,3185,7808.75,59
2012,098483,"CRAB, YELLOWLINE ARROW",0,2936,3466.55,118
2012,164807,"EELS, CUSK",0,2867,3827.5,113
2012,168680,LOOKDOWN,0,2610.7000000000003,25215.68,125
2012,660512,"CRAB, FURCATE SPIDER",0,2515,1377.4,147
2012,078156,NUDIBRANCHS,0,2408,2789.55,54
2012,158854,"TUNICATES, SEA SQUIRTS",0,2389,7388.35,89
2012,169539,"SPADEFISH, ATLANTIC",1,2341.7000000000003,7201.2300000000005,329
2012,006949,"PLANT, MERMAID'S SHAVING BRUSH",0,2286,1472.75,59
2012,157486,"STAR, BLACK BRITTLE",0,2269,2438.94,63
2012,098131,"CRABS, SAND",0,2192.1,15179.58,83
2012,009309,BRYOPSIDALES,0,2162,4194.35,92
2012,157187,"STARFISH, SPINY",0,2101,3889.4,108
2012,169086,PORKFISH,0,2049,6230.5,75
2012,006922,"PLANT, HALIMEDA",0,2006,1569.2,43
2012,166488,"SEAHORSE, LINED",0,1864,8502.3,213
2012,173246,"COWFISH, HONEYCOMBED",0,1857,1445.1000000000001,86
2012,052266,"GORGONIAN, SEA BLADES",0,1837,7465.25,88
2012,169626,"ANGELFISH, BLUE",0,1795,27360,231
2012,097863,"HERMIT, POLKADOTTED",0,1638,511.1,27
2012,098485,"CRAB, FALSE ARROW",0,1565,1527.8500000000001,79
2012,160409,"SHARK, FINETOOTH",1,1527.57,417.95,7
2012,168178,BIGEYE,0,1488.84,2042.05,37
2012,168684,"MOONFISH, ATLANTIC",0,1469,1096.65,17
2012,157958,"URCHIN, ROCK BORING",0,1463,1645.2,54
2012,169632,"ANGELFISH, GRAY",1,1448,12961,175
2012,167744,"GROUPER, MARBLED",1,1441.43,3888.75,34
2012,098178,"HERMIT, RED REEF",0,1414,526.4,10
2012,163996,"CATFISHES, CHANNEL",0,1382,605.2,53
2012,097671,"LOBSTER, SPANISH",0,1350.74,7622.2300000000005,61
2012,172512,BARRELFISH,0,1329.5,3041.75,18
2012,073236,"SNAIL, MUREX",0,1305,1523.25,22
2012,098170,PAGURISTES ERYTHROPS,0,1269,480.8,13
2012,168709,PERMIT,0,1264.8,2429.4500000000003,64
2012,156862,"STARS, OTHER SEA",0,1256,8552.5,115
2012,074101,"CONCH, CROWN",0,1249,426.75,22
2012,202423,ANIMALIA,0,1204,8334.1,41
2012,157325,"STARS, BRITTLE",0,1133,2376.1,27
2012,172437,CERO,1,1132.45,1619.6000000000001,23
2012,051774,"CASSIOPEA, JAMAICAN",0,1128,1516.7,29
2012,167690,"BASS, BANK SEA",1,1121,1356.5,3
2012,168847,"SNAPPER, CUBERA",1,1116.84,2716.23,16
2012,172254,"TANG, BLUE",1,1107,5132,92
2012,052774,"ANEMONE, RINGED",0,1057,1080.5,4
2012,096601,"SHRIMPS, PISTOL OR SNAPPING",0,1030,936.1,44
2012,167764,"GROUPER, YELLOWFIN",1,1024.58,3212.05,17
2012,157826,"URCHIN, SLATE PENCIL",0,1018,928.2,48
2012,172409,"BONITO, ATLANTIC",0,1009,729.5,14
2012,169200,"PORGY, WHITEBONE",1,984.16,1041,14
2012,098888,"CRAB, REDFINGER RUBBLE",0,937,982.7,44
2012,168204,FLAMEFISH,0,927,1501,53
2012,646513,HIGH-HAT,0,924,1688,58
2012,099140,"SHRIMPS, MANTIS",0,917,2917.4,43
2012,173235,BOXFISHES,0,865,273,45
2012,169196,"PORGY, GRASS",0,847.62,385.1,106
2012,169314,JACKKNIFE-FISH,0,809,3589.5,70
2012,167700,"HIND, RED",1,806.5,2476.64,84
2012,166454,"PIPEFISH, SARGASSUM",0,780,1872,78
2012,173183,"FILEFISH, PLANEHEAD",0,765,2369.9,59
2012,167800,"BASS, LONGTAIL",0,737.04,1005.2,63
2012,078255,"DORIS, FLORIDA REGAL",0,669,2442.25,44
2012,099074,"CRAB, NIMBLE SPRAY",0,667,886.6,41
2012,072878,"SNAIL, MOON",0,662,445,13
2012,157821,"URCHINS, SEA",0,655,972,17
2012,079118,CLAMS,0,604,5617,23
2012,166882,LIONFISHES,0,572.4,2948.7000000000003,74
2012,169623,"ANGELFISH, QUEEN",1,572,11114.5,133
2012,006962,"PLANT, CAULERPA",0,568.5,6617.75,91
2012,168688,AMBERJACKS,0,555,726.63,4
2012,161061,"FISHES, RAY-FINNED",0,509,3639.5,33
2012,170568,BLUEHEAD,0,503,7239.5,28
2012,006409,ULOTRICHALES,0,495.23,12995.53,146
2012,166487,SEAHORSES,0,493,1141.75,68
2012,168857,"SNAPPER, DOG",1,481.68,648.63,24
2012,172714,"FLOUNDERS, LEFTEYED",0,471,1780.3500000000001,99
2012,166170,SQUIRRELFISHES,0,467.14,1348.91,14
2012,168548,"TILEFISH, SAND",1,452.85,922.504,33
2012,166787,"ROSEFISH, BLACKBELLY",0,452.1,933.23,15
2012,155469,"BRYOZOA, ECTOPROCTA",0,439,4789.5,41
2012,078022,"HARES, SEA",0,425,2696,30
2012,167696,"HIND, ROCK",1,414.22,1177.32,44
2012,168602,"POMPANO, AFRICAN",1,411.5,957.9,20
2012,097298,"SHRIMP, BANDED CORAL",0,408,653.75,33
2012,164412,TOADFISHES,0,397,1146,90
2012,644844,PIPEFISHES,0,379,1695.7,41
2012,164593,"BATFISH, OTHER",0,369,576.15,58
2012,171124,"BLENNY, OTHER",0,358,564.2,52
2012,096424,"SHRIMP, SPOTTED CLEANER",0,345,478.40000000000003,30
2012,169241,WEAKFISH,0,329,217.20000000000002,13
2012,169558,"BUTTERFLYFISH, FOUREYE",0,324,745.98,39
2012,166883,"LIONFISH, RED",0,317.76,815.9,7
2012,168723,SCADS,0,315,150.70000000000002,3
2012,208674,"TURTLES, NORTH AMERICAN SOFTSHELL",0,310,311.95,18
2012,074187,"CONCH, HORSE",0,287,1353,33
2012,168850,SCHOOLMASTER,1,283.05,659.5,6
2012,098200,"HERMIT, GIANT",0,263,293.25,25
2012,173752,"TURTLES, SNAPPING",0,241.9,345.76,10
2012,168858,"SNAPPER, MAHOGANY",0,239.76,639.25,12
2012,169625,"BEAUTY, ROCK",0,232,1058,25
2012,098614,MITHRACULUS RUBER,0,219,404.40000000000003,3
2012,081649,"CLAM, JEWEL BOX",0,217,467.5,31
2012,166972,SEAROBINS,0,205,559.6,55
2012,167762,"GROUPER, YELLOWMOUTH",1,202.09,729.84,12
2012,167703,"GROUPER, MISTY",1,188.8,488,14
2012,170928,"JAWFISH, YELLOWHEAD",0,182,474.5,10
2012,170925,"JAWFISHES, SPOTFIN",0,166,201.95000000000002,42
2012,078807,CHITONS,0,157,1154.8,13
2012,082607,"OCTOPUS, ATLANTIC PYGMY",0,145,1320.7,39
2012,173297,"PUFFER, SOUTHERN",0,139,474.5,33
2012,171165,"BLENNY, FLORIDA",0,125,449,19
2012,167806,"HAMLET, BUTTER",0,124,455.5,23
2012,173139,"TRIGGERFISH, QUEEN",1,118.76,136.70000000000002,7
2012,170311,"POMFRET, BIGSCALE",0,117,105.2,5
2012,167793,"PERCH, SAND",0,104.22,174.5,5
2012,161419,"EELS, SNAKE",0,104,132,11
2012,074182,"TULIP, TRUE",0,103,532.95,19
2012,168738,"RUNNER, RAINBOW",1,102,142,10
2012,098610,"CRAB, RED-RIDGED CLINGING",0,97,240,4
2012,171430,"BLENNY, BANDED",0,94,219.1,20
2012,172250,SURGEONFISHES,0,92.8,122.75,4
2012,170287,POMFRETS,0,83,88,4
2012,157366,"STAR, BASKET",0,81,229,30
2012,169633,"ANGELFISH, FRENCH",1,81,1302,42
2012,203428,FILEFISHES,0,80,147,24
2012,161160,"EEL, MORAYS",0,74,616,28
2012,172735,"FLOUNDER, SUMMER",0,70,187.1,5
2012,169556,"BUTTERFLYFISH, SPOTFIN",0,68,169.47,14
2012,164457,CLINGFISHES,0,68,93.5,12
2012,161738,"SHAD, THREADFIN",0,68,27.400000000000002,4
2012,168176,BIGEYES,0,66,100.75,16
2012,082603,"OCTOPUS, COMMON",0,66,497.5,15
2012,173320,"PUFFER, SHARPNOSE",0,64,40.4,22
2012,169562,"BUTTERFLYFISH, REEF",0,62,120.72,15
2012,170116,"DAMSELFISH, YELLOWTAIL",0,62,205,6
2012,170503,"DICK, SLIPPERY",0,62,1497.5,5
2012,072961,"EYE, SHARK",0,61,115.67,7
2012,166862,"SCORPIONFISH, REEF",0,50,52.75,7
2012,161188,"MORAY, SPOTTED",0,50,131,10
2012,075281,"SNAIL, CONE",0,50,54.5,6
2012,052830,"ANEMONE, SUN",0,50,117,4
2012,173391,PORCUPINEFISH,0,48,38.5,5
2012,170815,"PARROTFISH, PRINCESS",1,47,565,7
2012,171746,GOBIES,0,47,122,9
2012,170484,"HOGFISH, SPANISH",1,43,295,12
2012,079578,PENSHELLS,0,43,591,12
2012,051483,JELLYFISH,0,42,427,4
2012,169563,"BUTTERFLYFISH, BANDED",0,38,115.48,13
2012,615345,BEAUGREGORY,0,30,50,4
2012,172253,DOCTORFISH,1,30,70.5,4
2012,621035,"STINGRAY, YELLOW",0,27,262,14
2012,161123,EELS,0,23,13.75,4
2012,079771,"SCALLOP, LIONS-PAW",0,20,415,4
2012,170477,"WRASSE, OTHER",0,19,77.4,12
2012,173383,"BURRFISHES, SPINY BOXFISHES",0,19,36.550000000000004,6
2012,173392,BALLOONFISH,0,18,160.5,6
2012,157518,"STAR, SCALY BRITTLE",0,17,53.5,4
2012,072743,"COWRIE, ATLANTIC DEER",0,17,60.15,9
2012,170809,PARROTFISHES,0,16,87.75,5
2012,170867,"PARROTFISH, STOPLIGHT",1,15,402.92,3
2012,181220,GRAYSBY,1,14.620000000000001,35.15,6
2012,161189,"MORAY, BLACKEDGE",0,14,29.5,5
2012,170507,"WRASSE, CLOWN",0,13,63.5,4
2012,170814,"PARROTFISH, RAINBOW",1,12,348,4
2012,167852,"BASS, LANTERN",0,11,41.5,6
2012,170811,"PARROTFISH, BLUE",1,11,333,3
2012,167858,"SANDFISH, BELTED",0,11,122.5,5
2012,161186,"MORAY, GREEN",0,8,240,6
2013,161731,MENHADENS,0,971096848,90596221.45,2144
2013,551570,"SHRIMP, NORTHERN BROWN",1,105984188.63,244765675.33,33325
2013,551680,"SHRIMP, NORTHERN WHITE",1,86992841.61,230636777.36,67001
2013,098696,"CRAB, BLUE",0,47215590.44,62129432.9,310511
2013,079872,"OYSTER, EASTERN",0,21054363.49,76564651.94,81514
2013,097490,PROCAMBARUS,0,19674730.2,16489519.73,33462
2013,170335,"MULLET, STRIPED",0,13701777.37,13260893.08,34234
2013,169288,"DRUM, BLACK",0,5660428.42,5097931,13258
2013,168853,"SNAPPER, RED",1,5483810.94,21040157.02,4863
2013,167702,"GROUPER, RED",1,5403468.94,16356719.138,4649
2013,551574,"SHRIMP, NORTHERN PINK",1,5260355.54,13699088.75,3534
2013,163997,"CATFISH, BLUE",0,3266238.27,1597976.69,9261
2013,097648,"LOBSTER, CARIBBEAN SPINY",1,2915059.93,24145112.2475,13346
2013,163954,"FISHES, BUFFALO",0,2735882.58,586912.06,4356
2013,099084,"CRABS, FIDDLER",0,2431300,199937.6,266
2013,172435,"MACKEREL, KING",1,2358937.47,4446543.15,3316
2013,095750,"SHRIMP, ATLANIC SEABOB",0,1976975.3,1262612.17,755
2013,172423,"TUNA, YELLOWFIN",1,1904371.81,7085200.4,1359
2013,098810,"CRAB, STONE",0,1767740.1099999999,22411568.356,52368
2013,169189,SHEEPSHEAD,0,1696630.55,888599.73,11080
2013,161737,"SHAD, GIZZARD",0,1693072,338561.91000000003,839
2013,161748,"HERRING, ATLANTIC THREAD",0,1636837.12,267524.26,279
2013,095603,"SHRIMPS, BAIT",0,1583690.27,7504061.393,13831
2013,168909,"SNAPPER, VERMILION",1,1423777.9100000001,4040389.916,4696
2013,161111,LADYFISH,0,1407300.37,1076428.88,3952
2013,566920,TURBINIDAE,0,1366799,203805.48,1016
2013,098191,"HERMIT, TRICOLOR",0,1342150,157274.98,533
2013,172436,"MACKEREL, SPANISH",1,1333219.48,1332642.3900000001,7081
2013,163998,"CATFISH, CHANNEL",0,1089187.64,982456.97,2914
2013,161700,HERRINGS,0,1074567,313722,747
2013,096893,"SHRIMP, PEPPERMINT",0,1043624,287336.41000000003,887
2013,914179,OSTEICHTHYES,0,990268.24,962471.56,1325
2013,158019,"DOLLARS, KEYHOLE SAND",0,929845,247121.1,103
2013,172482,SWORDFISH,1,896985.89,2829264.3200000003,840
2013,095599,"CRABS, SHRIMPS, LOBSTERS",0,881638,3521258.25,1835
2013,167699,"GROUPER, YELLOWEDGE",1,783035.2000000001,3037000.83,676
2013,160318,"SHARK, BLACKTIP",1,738944.7000000001,199245.23,757
2013,168725,"SCAD, ROUND",0,704456.48,461258.7,129
2013,167759,"GROUPER, GAG",1,692901.47,2874286.8200000003,3222
2013,161763,"SARDINE, SPANISH",0,656062,113119,95
2013,169055,GRUNTS,0,590875.14,590578.93,2870
2013,167687,"BASS, BLACK SEA",1,531274.66,545588.06,2111
2013,161104,BOWFIN,0,494397.59,333769.62,1322
2013,169364,"DRUM, FRESHWATER",0,494344.83,82564.07,2241
2013,201897,"GAR, ALLIGATOR",0,459013.57,381199.02,1112
2013,168689,"AMBERJACK, GREATER",1,458567.11,641320.97,585
2013,095601,"SHRIMPS, PENAEOID",0,455956.59,1772037.02,3812
2013,158018,"DOLLARS, OTHER SAND",0,441292,64390.5,65
2013,168546,"TILEFISH, GOLDEN",1,435393.43,1080079.74,401
2013,168907,"SNAPPER, YELLOWTAIL",1,394152.88,1007303.67,1039
2013,160275,"SHARK, BULL",1,385850.94,105902.05,353
2013,163692,"CARP, BIGHEAD",0,367477.09,38179.48,1351
2013,168677,"SCAD, BIGEYE",0,350577,72033.65000000001,102
2013,096028,"SHRIMP, ROCK",1,318209,779022.96,316
2013,167763,SCAMP,1,293386.43,1122985.33,2416
2013,095600,"SHRIMP, MARINE",0,281079,373095.49,74
2013,096027,"SHRIMPS, ROCK",0,256558,533447.25,193
2013,168559,BLUEFISH,0,256359.55000000002,94851.24,2824
2013,172568,"BUTTERFISH,GULF",0,254722,98463.55,113
2013,169207,"PORGY, RED",1,249341.91,318288.078,1592
2013,074103,NASSARIUS,0,244455,34716.15,106
2013,071935,CERITHIDEA,0,244293,25304.86,210
2013,168609,"JACK, CREVALLE",1,238846.71,172143.51,3783
2013,069794,"SNAIL, TOPSNAIL",0,228861,65976.25,95
2013,164029,"CATFISH, FLATHEAD",0,224660.92,124859.34,2048
2013,095966,"SHRIMP, ROYAL RED",1,223282.6,678323.25,66
2013,161732,"MENHADEN, ATLANTIC",0,214398.38,46961.32,350
2013,169809,TILAPIAS,0,199751.01,113715.40000000001,516
2013,081499,"CLAM, SOUTHERN QUAHOG",0,196269.4,1121437.48,3090
2013,157187,"STARFISH, SPINY",0,190940,331819.61,112
2013,098612,"CRAB, GREEN CLINGING",0,185898.9,127762.38,495
2013,160200,"SHARK, ATLANTIC SHARPNOSE",1,172480.75,87274.8,1260
2013,169013,MOJARRAS,0,170845.95,181270.06,3414
2013,172567,BUTTERFISH,0,161888,69639.85,348
2013,168708,"POMPANO, FLORIDA",0,160176.23,588749.84,1622
2013,168612,"RUNNER, BLUE",1,158713.97,96447.87,1391
2013,169180,PORGIES,0,156740.13,180905.67,1052
2013,161092,GARFISHES,0,155859.96,179632.93,222
2013,169267,SPOT,0,149209.43,33178.840000000004,849
2013,165459,BALLYHOOS,0,148314.6,138567.42,179
2013,169283,"CROAKER, ATLANTIC",0,144582.54,850078.73,490
2013,163344,"CARP, COMMON",0,138476.64,15726.59,1295
2013,168848,"SNAPPER, GRAY",1,134324.76,338771.5,2866
2013,163537,"CARP, GRASS",0,133249,25869.33,1115
2013,169187,PINFISH,0,130631.38,165184.79,1479
2013,167705,"GROUPER, SNOWY",1,128098.86,405927.19,474
2013,167704,"GROUPER, WARSAW",1,121811.67,361408.14,445
2013,172402,"TUNA, LITTLE TUNNY",1,112756.19,50004.41,671
2013,168849,"SNAPPER, MUTTON",1,111405.95,260064.81,435
2013,172734,"FLOUNDERS, PARALICHTHYS",0,108365.92,227413.78,1726
2013,070159,"SNAIL, NERITES",0,100957,17707.09,84
2013,160409,"SHARK, FINETOOTH",1,99137.48,80295.3,103
2013,160401,"SHARK, SPINNER",1,98309.17,29220.05,163
2013,172451,WAHOO,1,97528.99,149808.372,519
2013,168615,"JACK, BAR",1,89356.5,102356.46,1010
2013,169273,KINGFISHES,0,88772.65000000001,155765.47,1012
2013,170336,"MULLET, WHITE",0,85840.7,57206.33,622
2013,172362,ESCOLAR,0,85506.92,85961.45,254
2013,170333,MULLETS,0,84185,216975.63,492
2013,168566,COBIA,1,82174.18000000001,281707.2,1336
2013,082590,OCTOPUSES,0,73540.85,115731.45,831
2013,169239,"SEATROUT, SPOTTED",0,70141.36,169234.52,1047
2013,168584,JACKS,0,69813.76,46967.66,897
2013,082367,SQUIDS,0,63819.43,22022.83,178
2013,172702,FLATFISHES,0,63772,174888.32,1225
2013,172736,"FLOUNDER, GULF",0,62273.68,166095.45,1984
2013,196434,"SPONGE, YELLOW",0,61921,98859.67,76
2013,167760,"GROUPER, BLACK",1,61466.130000000005,236681.66,406
2013,167691,"BASS, ROCK SEA",1,56793.4,73171.5,127
2013,173128,TRIGGERFISHES,0,56389.15,101074.26000000001,1269
2013,070088,"TURBAN, CHESTNUT",0,56074,12021.14,131
2013,168543,"TILEFISH, BLUELINE",1,54990.47,77117.52,162
2013,168670,"BUMPER, ATLANTIC",0,52255,29489.43,1076
2013,168791,DOLPHIN,1,51915.5,121332.07,359
2013,158323,"CUCUMBER, FLORIDA SEA",0,47960,33407.51,289
2013,163342,MINNOWS,0,47763.26,175816.49,596
2013,164157,"CATFISHES, SEA",0,46532.5,21317.03,537
2013,172419,"TUNA, ALBACORE",1,44993.39,23839.55,89
2013,169290,"DRUM, RED",1,44907,92415,274
2013,169406,GOATFISHES,0,42164,14699.5,27
2013,167698,"HIND, SPECKLED",1,40915.9,127070.784,489
2013,047614,HIPPOSPONGIA,0,40528,145622.84,144
2013,206947,"CRABS, HERMIT",0,37890,11781.9,116
2013,553178,SPADEFISH,0,37205,20702.75,208
2013,196436,"SPONGE, GRASS",0,35591,39991.090000000004,35
2013,005414,"ALGAE, GREEN",0,35445,85627.8,89
2013,168691,"JACK, ALMACO",1,32410.4,43637.1,436
2013,650251,"BARRACUDA, GREAT",1,31202.95,36460.57,167
2013,169243,"SEATROUT, SAND",0,31176.7,23419.28,875
2013,082369,"SQUIDS, LOLIGINIDAE",0,30289,32380.11,347
2013,168861,"SNAPPER, SILK",1,29971.78,79799.53,247
2013,082703,"CRAB, HORSESHOE",0,27651,34848.35,292
2013,168790,DOLPHINFISH,0,27460.91,36617.75,171
2013,168693,"RUDDERFISH, BANDED",1,25066.5,17401.21,331
2013,168913,WENCHMAN,1,23945.52,16630.1,49
2013,170566,HOGFISH,1,23818.41,96973.1,312
2013,172513,"DRIFTFISH, BLACK",0,23540.54,31993,34
2013,168860,"SNAPPER, LANE",1,23340.06,57281.913,1348
2013,166493,"SEAHORSE, DWARF",0,22624,36485.55,126
2013,052440,"MAT, GREEN SEA",0,22460,3320.42,29
2013,172421,"TUNA, BLUEFIN",1,21190,120410,38
2013,159924,"SHARK, MAKO, SHORTFIN",1,21157.64,26098.13,92
2013,168690,"AMBERJACK, LESSER",1,20575.27,28231.13,62
2013,052541,"ANEMONE, OTHER",0,20215,3926.75,38
2013,157921,"URCHIN, GREEN SEA",0,19885,54443.9,265
2013,163892,SUCKERS,0,19777,13216,31
2013,159786,"SHARKS, SMALL COASTAL",0,18800.57,42438.86,147
2013,172385,"CUTLASSFISH, ATLANTIC",0,17698,21705,72
2013,172364,OILFISH,0,17561.47,17520.600000000002,78
2013,052484,"CORALLIMORPH, FLORIDA",0,17520,46828.75,165
2013,098276,"CRABS, BRACHYURA",0,17374,15918.5,105
2013,161755,"SARDINE, SCALED",0,17297.2,2688.44,19
2013,052794,"ANEMONE, RED BEADED",0,17274,49511.4,218
2013,160189,"SHARK, TIGER",1,17042.94,9358.08,43
2013,168607,"JACK, YELLOW",0,16175.9,8737.75,286
2013,098188,"HERMIT, THINSTRIPE",0,16004,3032.65,55
2013,069459,"SNAIL, OTHER",0,14639,13641.5,32
2013,169197,"PORGY, JOLTHEAD",1,13735.630000000001,10867.49,329
2013,172428,"TUNA, BIGEYE",1,13570,36859.270000000004,58
2013,169240,"SEATROUT, SILVER",0,13153.220000000001,12906.67,161
2013,098088,"CRAB, SPOTTED PORCELAIN",0,13009,9900.300000000001,181
2013,167686,"BASSES, MIXED SEA",0,12994.26,12593.12,145
2013,047528,"SPONGES, DEMOSPONGIAE",0,12390.75,26450.5,365
2013,098205,"HERMIT, ORANGECLAW",0,11646,1583.25,38
2013,172738,"FLOUNDER, SOUTHERN",0,11448.380000000001,27648.95,379
2013,172427,"TUNA, BLACKFIN",1,10790.52,13907.66,169
2013,098811,"CRAB, FLORIDA STONE",0,10584.7,52560.96,231
2013,052016,"CORALS, SOFT",0,10458,34112.6,330
2013,160433,"SHARK, LEMON",1,10444.460000000001,5171.5,32
2013,567533,"SLUG, LETTUCE",0,10366,6833.5,102
2013,161094,"GAR, LONGNOSE",0,10066.61,4981.12,228
2013,044030,FORAMS,0,9960,17062,22
2013,073236,"SNAIL, MUREX",0,9919,15880.75,24
2013,173747,REPTILES,0,9913.7,4188.24,83
2013,074075,"WHELK, LIGHTNING",0,9693,11804.75,28
2013,173283,PUFFERS,0,9401.1,7467.95,499
2013,079819,"fileclam, rough",0,8329,6087.9000000000005,78
2013,046861,SPONGES,0,8272,27807.23,76
2013,157520,"STAR, SERPENT BRITTLE",0,7978,9686.42,252
2013,166488,"SEAHORSE, LINED",0,7770,14571,241
2013,074107,"NASSA, BRUISED",0,7718,1329.5,5
2013,006949,"PLANT, MERMAID'S SHAVING BRUSH",0,7172,6749.9000000000005,97
2013,168902,"SNAPPER, QUEEN",1,7130.62,21756.15,101
2013,170424,BARRACUDAS,0,6920.610000000001,6622.85,170
2013,173138,"TRIGGERFISH, GRAY",1,6906.78,9537.81,204
2013,167674,GROUPERS,0,6848.4800000000005,19478.9,45
2013,169539,"SPADEFISH, ATLANTIC",1,6816.25,18458.5,513
2013,009309,BRYOPSIDALES,0,6795,11045.5,113
2013,168740,"JACK, BLUNTNOSE",0,6513,4994.7,438
2013,164034,BULLHEADS,0,6483.01,1179.52,14
2013,160502,"SHARK, BONNETHEAD",1,6433,14060.17,47
2013,169237,DRUMS,0,6345,1956.3,264
2013,160515,"SHARK, HAMMERHEAD, GREAT",1,6328.3,2205.15,25
2013,098519,"CRABS, CORAL SPIDER",0,6217,2059.5,6
2013,169007,TRIPLETAIL,1,6011.7300000000005,13988.15,164
2013,074222,"SNAIL, OLIVE",0,5068,4238.02,63
2013,157906,"URCHIN, PURPLE-SPINED SEA",0,5034,31056.63,76
2013,161095,"GAR, SPOTTED",0,4829.32,2443.9,10
2013,098483,"CRAB, YELLOWLINE ARROW",0,4673,5036.35,180
2013,096220,"SHRIMP, FW",0,4634,3521.35,19
2013,169196,"PORGY, GRASS",0,4553.28,3437.4500000000003,282
2013,097863,"HERMIT, POLKADOTTED",0,4353,790.9200000000001,34
2013,168852,"SNAPPER, BLACKFIN",1,4281.67,12241.7,56
2013,157325,"STARS, BRITTLE",0,4241,5125.1,49
2013,660512,"CRAB, FURCATE SPIDER",0,4098,2639.23,169
2013,078156,NUDIBRANCHS,0,4003,4361.55,46
2013,172437,CERO,1,3954.1,6779.75,31
2013,166704,SCORPIONFISHES,0,3931.1,5840.01,166
2013,169077,PIGFISH,0,3773,23998,46
2013,047782,"SPONGE, RED BALL",0,3769,11030,229
2013,072556,"CONCH, FLORIDA FIGHTING",0,3677,5047.67,32
2013,615846,"BURRFISH, STRIPED",0,3513,4459.5,167
2013,168684,"MOONFISH, ATLANTIC",0,3481.5,2635.7000000000003,14
2013,098131,"CRABS, SAND",0,3413.87,18060.3,110
2013,164807,"EELS, CUSK",0,3307,4073.25,123
2013,636786,"GOBY,NEON",0,3138,7328.35,100
2013,169201,"PORGY, KNOBBED",1,3104.4700000000003,2471.88,73
2013,173433,FROGS,0,3060,7546.6,43
2013,160304,"SHARK, BLACKNOSE",1,2920.91,11826.15,40
2013,099140,"SHRIMPS, MANTIS",0,2901,11439.1,78
2013,160946,STINGRAYS,0,2856,33692.45,178
2013,158854,"TUNICATES, SEA SQUIRTS",0,2796,6045.1,78
2013,172512,BARRELFISH,0,2706,6544.1500000000005,25
2013,172411,MACKERELS,0,2706,1785.3,9
2013,168709,PERMIT,0,2703.65,4801.6,134
2013,170080,"CHROMIS, BLUE",0,2670,5975.5,44
2013,164729,"HAKES, RED AND WHITE",0,2639.12,2998.15,52
2013,166487,SEAHORSES,0,2572,1903.98,71
2013,169626,"ANGELFISH, BLUE",0,2510,42571.75,262
2013,052266,"GORGONIAN, SEA BLADES",0,2472,7818.5,96
2013,157486,"STAR, BLACK BRITTLE",0,2309,2108.75,83
2013,158309,"CUCUMBERS, OTHER SEA",0,2301,5527,66
2013,006922,"PLANT, HALIMEDA",0,2068,1693.8,57
2013,168680,LOOKDOWN,0,2042,23575.100000000002,99
2013,173246,"COWFISH, HONEYCOMBED",0,1977,1480.45,74
2013,097671,"LOBSTER, SPANISH",0,1941.5,6531.4400000000005,57
2013,161061,"FISHES, RAY-FINNED",0,1931,9513,15
2013,098178,"HERMIT, RED REEF",0,1902,930.03,29
2013,098485,"CRAB, FALSE ARROW",0,1809,1975.15,92
2013,052433,"ANEMONE, SUN ZOANTHID",0,1753,1212,12
2013,172254,"TANG, BLUE",1,1753,6839.75,149
2013,157958,"URCHIN, ROCK BORING",0,1733,1670.3,70
2013,006962,"PLANT, CAULERPA",0,1713,13803,81
2013,202423,ANIMALIA,0,1674,4360.85,59
2013,074378,"SNAIL, MARGINELLA",0,1577,1115.4,14
2013,165460,BALLYHOO,0,1564,9200,16
2013,074101,"CONCH, CROWN",0,1555,2881.4,153
2013,169200,"PORGY, WHITEBONE",1,1477,2071.5,21
2013,006409,ULOTRICHALES,0,1440.05,19565,166
2013,051774,"CASSIOPEA, JAMAICAN",0,1389,2038,36
2013,167764,"GROUPER, YELLOWFIN",1,1370.79,4728.25,17
2013,169632,"ANGELFISH, GRAY",1,1345,17003.5,181
2013,172564,HARVESTFISHES,0,1301,2649.7000000000003,19
2013,156862,"STARS, OTHER SEA",0,1295,8738.25,102
2013,098170,PAGURISTES ERYTHROPS,0,1294,381.75,10
2013,168845,SNAPPERS,0,1201.49,2208.3,44
2013,157826,"URCHIN, SLATE PENCIL",0,1192,1055.75,69
2013,169623,"ANGELFISH, QUEEN",1,1180,21314.53,224
2013,646513,HIGH-HAT,0,1098,2048.5,64
2013,096601,"SHRIMPS, PISTOL OR SNAPPING",0,1085,1113.8,69
2013,098168,PAGURISTES PUNCTICEPS,0,1082,134.06,7
2013,166882,LIONFISHES,0,1028.2,6257.110000000001,99
2013,644844,PIPEFISHES,0,1023,2279.25,58
2013,173183,"FILEFISH, PLANEHEAD",0,997,1616.8500000000001,73
2013,173752,"TURTLES, SNAPPING",0,990.4,2345.2000000000003,23
2013,169275,"KINGFISH, GULF",0,975,1123.2,17
2013,168847,"SNAPPER, CUBERA",1,963.34,1725.46,17
2013,157518,"STAR, SCALY BRITTLE",0,919,980.5,8
2013,097298,"SHRIMP, BANDED CORAL",0,914,1543.5,59
2013,167700,"HIND, RED",1,908.74,2220.42,99
2013,169086,PORKFISH,0,878,3416.5,77
2013,074182,"TULIP, TRUE",0,870,1748.3500000000001,20
2013,098888,"CRAB, REDFINGER RUBBLE",0,856,2369.25,44
2013,079118,CLAMS,0,798,7901.5,24
2013,160806,RAYS,0,792,1963.55,30
2013,167762,"GROUPER, YELLOWMOUTH",1,758.24,2597.8,13
2013,166170,SQUIRRELFISHES,0,755.8000000000001,979.08,26
2013,168178,BIGEYE,0,754.28,788.1,26
2013,168738,"RUNNER, RAINBOW",1,749,1454,24
2013,166454,"PIPEFISH, SARGASSUM",0,730,1537,53
2013,169314,JACKKNIFE-FISH,0,707,4618.5,53
2013,099074,"CRAB, NIMBLE SPRAY",0,694,1093,34
2013,069948,TEGULA,0,682,186.04,10
2013,096424,"SHRIMP, SPOTTED CLEANER",0,633,312,14
2013,166883,"LIONFISH, RED",0,628.28,1078.8072,18
2013,168602,"POMPANO, AFRICAN",1,626.45,1277.31,27
2013,168857,"SNAPPER, DOG",1,618.21,718.5500000000001,20
2013,157821,"URCHINS, SEA",0,609,855.5,24
2013,078255,"DORIS, FLORIDA REGAL",0,604,1991,58
2013,166787,"ROSEFISH, BLACKBELLY",0,592.3000000000001,949.78,20
2013,208674,"TURTLES, NORTH AMERICAN SOFTSHELL",0,583,753.89,28
2013,173235,BOXFISHES,0,583,449,47
2013,164593,"BATFISH, OTHER",0,581,937.75,75
2013,170568,BLUEHEAD,0,569,1440.75,41
2013,163996,"CATFISHES, CHANNEL",0,569,346.75,18
2013,157366,"STAR, BASKET",0,549,1503.5,67
2013,098614,MITHRACULUS RUBER,0,537,414.75,17
2013,168204,FLAMEFISH,0,527,1203.75,48
2013,172714,"FLOUNDERS, LEFTEYED",0,498,1228.5,94
2013,170928,"JAWFISH, YELLOWHEAD",0,473,1679,27
2013,171124,"BLENNY, OTHER",0,468,1136.7,55
2013,164412,TOADFISHES,0,460,701.3000000000001,77
2013,167800,"BASS, LONGTAIL",0,456.12,568.42,41
2013,098610,"CRAB, RED-RIDGED CLINGING",0,427,300,11
2013,166794,"SCORPIONFISH, SPINYCHEEK",0,392.64,376.05,23
2013,079820,"FILECLAM, SPINY",0,389,578,15
2013,166862,"SCORPIONFISH, REEF",0,373,638,48
2013,173245,"COWFISH, SCRAWLED",0,371,524.9,34
2013,078022,"HARES, SEA",0,357,958,36
2013,167696,"HIND, ROCK",1,342.53000000000003,936.38,36
2013,168196,CARDINALFISHES,0,319,423,16
2013,168537,TILEFISHES,0,302,553,7
2013,171405,"BLENNY, SAILFIN",0,287,887,13
2013,155469,"BRYOZOA, ECTOPROCTA",0,283,2772.5,35
2013,078807,CHITONS,0,278,1897.5,20
2013,168548,"TILEFISH, SAND",1,276.25,329.08,34
2013,169625,"BEAUTY, ROCK",0,273,1720.75,43
2013,169558,"BUTTERFLYFISH, FOUREYE",0,273,723.75,47
2013,098200,"HERMIT, GIANT",0,272,317.90000000000003,22
2013,168176,BIGEYES,0,268,410.75,28
2013,170082,SUNSHINEFISH,0,249,356.90000000000003,9
2013,719026,"CORALLIMORPH, DISCOSOMA",0,227,524,7
2013,168850,SCHOOLMASTER,1,207.57,335.75,9
2013,166972,SEAROBINS,0,194,1111.5,45
2013,052150,"CORAL, DEEPWATER",0,185,734,6
2013,203428,FILEFISHES,0,184,473.2,34
2013,079611,SCALLOPS,0,180,1414.75,21
2013,172252,"SURGEON, OCEAN",0,177,1252.5,30
2013,167793,"PERCH, SAND",0,174.06,620.75,17
2013,171165,"BLENNY, FLORIDA",0,173,365.5,23
2013,070298,"CONCH, OTHER",0,161,56.4,5
2013,168544,"TILEFISH, GOLDFACE",1,157.63,252.12,6
2013,172735,"FLOUNDER, SUMMER",0,155,360.75,6
2013,169633,"ANGELFISH, FRENCH",1,155,3346.5,74
2013,170484,"HOGFISH, SPANISH",1,152,880,39
2013,170116,"DAMSELFISH, YELLOWTAIL",0,152,586,12
2013,082603,"OCTOPUS, COMMON",0,148.20000000000002,2246.4,50
2013,164457,CLINGFISHES,0,148,226,25
2013,096421,"SHRIMP, PEDERSON CLEANER",0,148,342.25,21
2013,072743,"COWRIE, ATLANTIC DEER",0,139,212,21
2013,012303,CORALLINACEAE,0,132,489,7
2013,161419,"EELS, SNAKE",0,126,129,11
2013,161160,"EEL, MORAYS",0,124,433.7,47
2013,052830,"ANEMONE, SUN",0,117,70,5
2013,081649,"CLAM, JEWEL BOX",0,112,230,27
2013,082607,"OCTOPUS, ATLANTIC PYGMY",0,112,762.5,23
2013,173139,"TRIGGERFISH, QUEEN",1,105.36,157,7
2013,082610,"OCTOPUS, CARIBBEAN REEF",0,105,459,12
2013,167860,"BASS, HARLEQUIN",0,105,268.25,20
2013,172250,SURGEONFISHES,0,103,209.70000000000002,9
2013,072767,"COWRIE, MEASLED",0,100,106,17
2013,074187,"CONCH, HORSE",0,92,479.95,21
2013,170477,"WRASSE, OTHER",0,88,268,20
2013,095599,CRAB,0,88,153,5
2013,173170,"TRIGGERFISH, OCEAN",1,85.72,181.38,5
2013,170925,"JAWFISHES, SPOTFIN",0,85,129.5,30
2013,170046,"MAJOR, SERGEANT",0,81,153,9
2013,170503,"DICK, SLIPPERY",0,77,452.1,24
2013,169065,"GRUNT, FRENCH",0,72,172,8
2013,079578,PENSHELLS,0,72,1619,6
2013,170086,"REEFFISH, PURPLE",0,71,235.5,5
2013,171746,GOBIES,0,71,247.5,14
2013,173391,PORCUPINEFISH,0,68,683.25,17
2013,167806,"HAMLET, BUTTER",0,67,238.5,30
2013,072961,"EYE, SHARK",0,64,424.25,7
2013,169556,"BUTTERFLYFISH, SPOTFIN",0,54,169,18
2013,173297,"PUFFER, SOUTHERN",0,52,333.5,30
2013,169562,"BUTTERFLYFISH, REEF",0,50,118.5,23
2013,171433,"BLENNY, MARBLED",0,44,62.75,11
2013,173320,"PUFFER, SHARPNOSE",0,44,76.95,12
2013,171423,"BLENNY, SADDLED",0,42,106,10
2013,161189,"MORAY, BLACKEDGE",0,41,39.75,13
2013,097297,"SHRIMP, GOLDEN CORAL",0,38,147.75,7
2013,072774,"TONGUE, FLAMINGO",0,37,32.25,6
2013,168858,"SNAPPER, MAHOGANY",0,36.63,86.3,3
2013,621035,"STINGRAY, YELLOW",0,36,459,13
2013,181220,GRAYSBY,1,34.14,92.10000000000001,7
2013,568342,"COWRIE, ATLANTIC GRAY",0,34,54,4
2013,615345,BEAUGREGORY,0,32,100.05,9
2013,173392,BALLOONFISH,0,28,106.5,18
2013,170507,"WRASSE, CLOWN",0,27,95,9
2013,615416,"DAMSELFISH, BICOLOR",0,27,47.5,3
2013,170932,"JAWFISH, DUSKY",0,26,24.25,7
2013,169563,"BUTTERFLYFISH, BANDED",0,19,137,14
2013,167858,"SANDFISH, BELTED",0,18,108,10
2013,161186,"MORAY, GREEN",0,18,765,14
2013,161188,"MORAY, SPOTTED",0,16,84,8
2013,173383,"BURRFISHES, SPINY BOXFISHES",0,15,30,5
2013,170496,"WRASSE, CREOLE",0,15,32,4
2013,170863,"PARROTFISH, REDBAND",1,14,228,5
2013,170811,"PARROTFISH, BLUE",1,13,163,7
2013,170815,"PARROTFISH, PRINCESS",1,12,142.5,7
2013,613036,RAZORFISHES,0,11,17.75,3
2013,160951,"STINGRAY, SOUTHERN",1,11,2000,6
2013,075281,"SNAIL, CONE",0,11,39,5
2013,170809,PARROTFISHES,0,9,137,5
2013,079779,"OYSTER, ATLANTIC THORNY",0,6,95.75,5
2013,166411,TRUMPETFISH,0,6,49,4
2013,169421,"GOATFISH, SPOTTED",0,5,20,4
2013,171415,"BLENNY, HAIRY",0,5,7,3
2013,168567,"REMORAS, OTHER",0,4,13,4
2014,161731,MENHADENS,0,848342171,80336295.31,2126
2014,551570,"SHRIMP, NORTHERN BROWN",1,106382984.42,292745991.04,68060
2014,551680,"SHRIMP, NORTHERN WHITE",1,94064332.09,235186822.73,87357
2014,098696,"CRAB, BLUE",0,51632297.68,79655966.09,351411
2014,079872,"OYSTER, EASTERN",0,18650752.44,93050252.08,98400
2014,170335,"MULLET, STRIPED",0,14967456.55,11398394.46,31129
2014,097490,PROCAMBARUS,0,13052783.2,16141506.16,30451
2014,551574,"SHRIMP, NORTHERN PINK",1,8432318.56,27810133.3,5037
2014,167702,"GROUPER, RED",1,6500123.55,21042429.364,5306
2014,168853,"SNAPPER, RED",1,5693623,23096057.818,5121
2014,169288,"DRUM, BLACK",0,5201770.93,5178320.41,17228
2014,051925,JELLYFISH,0,5198963.95,483743.4,236
2014,163997,"CATFISH, BLUE",0,3407901.81,1838655.1800000002,10305
2014,172435,"MACKEREL, KING",1,3081321.79,5471994.677,4122
2014,163954,"FISHES, BUFFALO",0,2781028.08,668651.8200000001,4248
2014,095750,"SHRIMP, ATLANIC SEABOB",0,2390043.18,1328403.4100000001,628
2014,097648,"LOBSTER, CARIBBEAN SPINY",1,2281580.59,23939861.355,13794
2014,161748,"HERRING, ATLANTIC THREAD",0,2241539.48,372770.64,307
2014,158019,"DOLLARS, KEYHOLE SAND",0,1803100,488674.25,138
2014,098810,"CRAB, STONE",0,1774553.69,25023611.6311,52770
2014,168909,"SNAPPER, VERMILION",1,1746852.74,4901027.764,5381
2014,095603,"SHRIMPS, BAIT",0,1694964.21,8539473.44,13592
2014,161700,HERRINGS,0,1653547.7000000002,397674.26,1492
2014,172423,"TUNA, YELLOWFIN",1,1608148.4,6069645.06,1078
2014,161111,LADYFISH,0,1499506.15,1089447.08,3789
2014,169189,SHEEPSHEAD,0,1461172.76,802281.02,10572
2014,098191,"HERMIT, TRICOLOR",0,1304435,143096.04,617
2014,566920,TURBINIDAE,0,1155894,163651.4,859
2014,161763,"SARDINE, SPANISH",0,1081454,201758.5,89
2014,684690,"SHRIMP,FARFANTEPENAEUS",0,957248.22,3818697.68,15442
2014,161737,"SHAD, GIZZARD",0,900145.2000000001,368662.56,435
2014,167699,"GROUPER, YELLOWEDGE",1,897796.65,3577555.21,800
2014,163998,"CATFISH, CHANNEL",0,860998.21,559735.33,2628
2014,096893,"SHRIMP, PEPPERMINT",0,858560,231375.95,910
2014,914179,OSTEICHTHYES,0,853728.29,386150.45,1394
2014,172436,"MACKEREL, SPANISH",1,841068.98,893437.7000000001,5884
2014,167759,"GROUPER, GAG",1,685689.8200000001,2893668.724,3547
2014,095601,"SHRIMPS, PENAEOID",0,652259.35,2731970.48,4063
2014,160318,"SHARK, BLACKTIP",1,594835.74,201289.09,580
2014,161104,BOWFIN,0,563235.86,412904,1482
2014,169364,"DRUM, FRESHWATER",0,533935.6900000001,96989.98,1953
2014,163692,"CARP, BIGHEAD",0,518659,53481.05,1403
2014,096028,"SHRIMP, ROCK",1,502085.3,1361828.01,456
2014,168546,"TILEFISH, GOLDEN",1,501917.94,1308607.24,471
2014,096027,"SHRIMPS, ROCK",0,498226.32,1361061.4,314
2014,201897,"GAR, ALLIGATOR",0,485222.76,408850.95,999
2014,168689,"AMBERJACK, GREATER",1,483072.35000000003,697602.38,816
2014,168907,"SNAPPER, YELLOWTAIL",1,466968.04000000004,1363269.2425,1164
2014,172482,SWORDFISH,1,423841.02,1280163.15,587
2014,158018,"DOLLARS, OTHER SAND",0,386525,60582.75,72
2014,160275,"SHARK, BULL",1,356126.95,135945.67,340
2014,168609,"JACK, CREVALLE",1,344065.64,230557.21,3438
2014,172568,"BUTTERFISH,GULF",0,341403,121279.45,70
2014,168725,"SCAD, ROUND",0,319070,215976.85,63
2014,164029,"CATFISH, FLATHEAD",0,284029.24,159968.7,1706
2014,169207,"PORGY, RED",1,276452.03,352386.853,1576
2014,095600,"SHRIMP, MARINE",0,272157,433925.55,73
2014,161732,"MENHADEN, ATLANTIC",0,256780,54058.78,245
2014,099084,"CRABS, FIDDLER",0,256174,16117.4,18
2014,169055,GRUNTS,0,245611.95,255107.255,2164
2014,095966,"SHRIMP, ROYAL RED",1,236728.4,736575.48,54
2014,168677,"SCAD, BIGEYE",0,213321.13,40215.6,69
2014,169013,MOJARRAS,0,209186.24,202757.48,3551
2014,168559,BLUEFISH,0,209085.69,91235.1,2405
2014,167687,"BASS, BLACK SEA",1,205636.2,225748.374,910
2014,071935,CERITHIDEA,0,205186,24334.010000000002,261
2014,169180,PORGIES,0,203006.22,245973.92,1097
2014,168848,"SNAPPER, GRAY",1,198897,547336.092,3579
2014,167763,SCAMP,1,194930,756929.8954,2596
2014,074103,NASSARIUS,0,186845,21178.5,105
2014,167705,"GROUPER, SNOWY",1,182365.41,605826.55,580
2014,098612,"CRAB, GREEN CLINGING",0,174642,111026.95,493
2014,169187,PINFISH,0,165690.51,153784.77,1394
2014,169809,TILAPIAS,0,164857.42,98344.35,572
2014,163344,"CARP, COMMON",0,153306.96,18223.29,1160
2014,069794,"SNAIL, TOPSNAIL",0,135685,36316.05,49
2014,168849,"SNAPPER, MUTTON",1,129382.73,321259.926,481
2014,168584,JACKS,0,127757.66,81979.97,1387
2014,160200,"SHARK, ATLANTIC SHARPNOSE",1,124315.3,58874.3,989
2014,172451,WAHOO,1,120467.22,169192.19,433
2014,172734,"FLOUNDERS, PARALICHTHYS",0,119243.36,320342.87,1972
2014,172413,"MACKEREL, ATLANTIC CHUB",0,117044,26841.75,30
2014,163537,"CARP, GRASS",0,107563.5,21139.45,889
2014,168612,"RUNNER, BLUE",1,105207.37,66553.33,1325
2014,169283,"CROAKER, ATLANTIC",0,101698.77,709469.13,2767
2014,170336,"MULLET, WHITE",0,95754.51,82041.52,648
2014,168708,"POMPANO, FLORIDA",0,91716.42,370345.05,1481
2014,167704,"GROUPER, WARSAW",1,89501.18000000001,280560.39,460
2014,165459,BALLYHOOS,0,88871.12,70659.65000000001,50
2014,168615,"JACK, BAR",1,88685.62,106193.013,981
2014,170333,MULLETS,0,87782.85,201607.75,2289
2014,160401,"SHARK, SPINNER",1,82381.17,33270.9,107
2014,172362,ESCOLAR,0,81969.78,74336.22,215
2014,167698,"HIND, SPECKLED",1,80790.93000000001,259260.995,536
2014,196434,"SPONGE, YELLOW",0,80173.96,126510.29000000001,170
2014,168543,"TILEFISH, BLUELINE",1,78866.78,96894.32,211
2014,168566,COBIA,1,78396.94,254760.342,1433
2014,168607,"JACK, YELLOW",0,71239.5,45245.88,647
2014,167760,"GROUPER, BLACK",1,61043.55,249934.23,473
2014,163342,MINNOWS,0,60524.18,134536.91,268
2014,169290,"DRUM, RED",1,57350,119503.65000000001,206
2014,163691,"CARP, SILVER",0,56569.5,7752.63,107
2014,172736,"FLOUNDER, GULF",0,51445.35,141759.419,1588
2014,172402,"TUNA, LITTLE TUNNY",1,48124.08,19718.45,644
2014,169239,"SEATROUT, SPOTTED",0,46884.200000000004,130327.81,1037
2014,082590,OCTOPUSES,0,46570.61,85857.05,365
2014,047614,HIPPOSPONGIA,0,46276.74,187234.82,228
2014,082367,SQUIDS,0,45483.75,19312.68,199
2014,169406,GOATFISHES,0,44950,15765.5,27
2014,196436,"SPONGE, GRASS",0,43591.8,76165.51,84
2014,168791,DOLPHIN,1,41295.14,90967.56,319
2014,168691,"JACK, ALMACO",1,40044.36,54409.23,577
2014,070088,"TURBAN, CHESTNUT",0,38407.6,4635.86,101
2014,170566,HOGFISH,1,37100.1,158068.648,433
2014,169243,"SEATROUT, SAND",0,36952.49,25030.96,788
2014,081499,"CLAM, SOUTHERN QUAHOG",0,34280.090000000004,212907.5,706
2014,005414,"ALGAE, GREEN",0,32473,83280.5,76
2014,169267,SPOT,0,31947.21,10696.09,658
2014,168670,"BUMPER, ATLANTIC",0,31490,16966.61,801
2014,168861,"SNAPPER, SILK",1,31024.52,95369.436,217
2014,168860,"SNAPPER, LANE",1,30231.65,67939.8086,1776
2014,650251,"BARRACUDA, GREAT",1,28269.24,41898.06,161
2014,098276,"CRABS, BRACHYURA",0,27116,8668,84
2014,172419,"TUNA, ALBACORE",1,26673.68,15531.6,64
2014,070159,"SNAIL, NERITES",0,26433,4721.93,100
2014,172421,"TUNA, BLUEFIN",1,25281.75,118011,50
2014,161755,"SARDINE, SCALED",0,25247.760000000002,9909.57,41
2014,169273,KINGFISHES,0,24511.170000000002,22892.15,953
2014,168902,"SNAPPER, QUEEN",1,23990.88,78009.11,140
2014,082369,"SQUIDS, LOLIGINIDAE",0,23552.8,28703.98,1361
2014,168790,DOLPHINFISH,0,23139.4,31051.100000000002,244
2014,172702,FLATFISHES,0,23082,51488.48,954
2014,172427,"TUNA, BLACKFIN",1,23067.54,32388.89,198
2014,169197,"PORGY, JOLTHEAD",1,22819.73,25291.508,412
2014,553178,SPADEFISH,0,22636,13167.4,127
2014,173138,"TRIGGERFISH, GRAY",1,22597.350000000002,41381.81,793
2014,082703,"CRAB, HORSESHOE",0,21502,27949.25,242
2014,172385,"CUTLASSFISH, ATLANTIC",0,21008.260000000002,18615.05,174
2014,168913,WENCHMAN,1,20798.07,9507.25,36
2014,160189,"SHARK, TIGER",1,20693.03,10786.9,46
2014,163892,SUCKERS,0,20304,11481.25,106
2014,052541,"ANEMONE, OTHER",0,20004,5294.85,33
2014,164157,"CATFISHES, SEA",0,19115,11114.550000000001,487
2014,098519,"CRABS, CORAL SPIDER",0,18612,18610.5,50
2014,173128,TRIGGERFISHES,0,18088.36,32533.657,636
2014,052440,"MAT, GREEN SEA",0,17724.75,4243.65,39
2014,173747,REPTILES,0,17512.600000000002,8078.63,64
2014,172567,BUTTERFISH,0,16611,11430.2,419
2014,161061,"FISHES, RAY-FINNED",0,14632,35688.5,19
2014,157921,"URCHIN, GREEN SEA",0,14583,43677.85,244
2014,052794,"ANEMONE, RED BEADED",0,14296,32980.7,194
2014,168693,"RUDDERFISH, BANDED",1,13821.18,11173.634,348
2014,159924,"SHARK, MAKO, SHORTFIN",1,12085.14,12670.25,60
2014,046861,SPONGES,0,11872,26086.79,85
2014,160502,"SHARK, BONNETHEAD",1,11747,14211.25,57
2014,168709,PERMIT,0,11719.7,16925.97,236
2014,206947,"CRABS, HERMIT",0,11664,3613.65,73
2014,170424,BARRACUDAS,0,11394.48,14819.800000000001,275
2014,161092,GARFISHES,0,11222.2,13303.76,52
2014,044030,FORAMS,0,10860,19601,24
2014,172738,"FLOUNDER, SOUTHERN",0,10771.31,33104.35,320
2014,172364,OILFISH,0,10496.84,9943.82,52
2014,169201,"PORGY, KNOBBED",1,10111.39,10741.74,182
2014,168852,"SNAPPER, BLACKFIN",1,10047.01,28161.33,58
2014,169240,"SEATROUT, SILVER",0,9499.2,9992.210000000001,168
2014,098088,"CRAB, SPOTTED PORCELAIN",0,9389.5,9410.2,181
2014,157958,"URCHIN, ROCK BORING",0,9074,8296.65,132
2014,161094,"GAR, LONGNOSE",0,8912.15,4748.96,200
2014,172513,"DRIFTFISH, BLACK",0,8642.130000000001,13995.4,31
2014,172428,"TUNA, BIGEYE",1,8636.25,20960.5,40
2014,158323,"CUCUMBER, FLORIDA SEA",0,8447,5925.1500000000005,219
2014,159786,"SHARKS, SMALL COASTAL",0,8205.4,16791.47,59
2014,098188,"HERMIT, THINSTRIPE",0,8010,3297.9500000000003,54
2014,160946,STINGRAYS,0,7227.82,43960.99,328
2014,167700,"HIND, RED",1,7203.99,23245.39,87
2014,157821,"URCHINS, SEA",0,7198,6883.25,67
2014,052016,"CORALS, SOFT",0,6796,24357.75,283
2014,173433,FROGS,0,6646,16589.12,71
2014,157826,"URCHIN, SLATE PENCIL",0,6559,6198.05,86
2014,047528,"SPONGES, DEMOSPONGIAE",0,6444,17921,332
2014,160508,"SHARK, HAMMERHEAD, SCALLOPED",1,5617.64,3244.7000000000003,25
2014,166493,"SEAHORSE, DWARF",0,5590,25943.54,131
2014,164034,BULLHEADS,0,5287.2,1184.6000000000001,23
2014,095599,"CRABS, SHRIMPS, LOBSTERS",0,5008,14646.85,90
2014,660512,"CRAB, FURCATE SPIDER",0,5001,3614.9,160
2014,052484,"CORALLIMORPH, FLORIDA",0,4976,13288.5,84
2014,168178,BIGEYE,0,4751.08,15685.35,44
2014,164159,"CATFISH, GAFFTOPSAIL",0,4693.26,3154.79,197
2014,097863,"HERMIT, POLKADOTTED",0,4643,669.9,28
2014,157187,"STARFISH, SPINY",0,4631,2614.5,111
2014,167686,"BASSES, MIXED SEA",0,4538.1,4828.8,78
2014,157520,"STAR, SERPENT BRITTLE",0,4484,5648.85,191
2014,160304,"SHARK, BLACKNOSE",1,4403.1500000000005,6586.55,24
2014,567533,"SLUG, LETTUCE",0,4292,4073,61
2014,069459,"SNAIL, OTHER",0,4222,724.75,14
2014,074075,"WHELK, LIGHTNING",0,4209,4520.25,15
2014,169077,PIGFISH,0,4139.74,26069.25,167
2014,157906,"URCHIN, PURPLE-SPINED SEA",0,4022,19625.8,89
2014,168690,"AMBERJACK, LESSER",1,3942.61,4671.5,57
2014,169539,"SPADEFISH, ATLANTIC",1,3915.15,4469.86,432
2014,098483,"CRAB, YELLOWLINE ARROW",0,3867,4487.54,172
2014,164807,"EELS, CUSK",0,3839.88,4411.29,103
2014,160806,RAYS,0,3832,1449.15,50
2014,098205,"HERMIT, ORANGECLAW",0,3809,650.6,15
2014,047782,"SPONGE, RED BALL",0,3715,11003.5,234
2014,096220,"SHRIMP, FW",0,3671,10392,7
2014,098614,MITHRACULUS RUBER,0,3621,2893.25,54
2014,006949,"PLANT, MERMAID'S SHAVING BRUSH",0,3415,2850.65,92
2014,202423,ANIMALIA,0,3394,4848.6,47
2014,172512,BARRELFISH,0,3319.5,8603.75,33
2014,160433,"SHARK, LEMON",1,3246.94,1734.55,21
2014,098477,"FILECLAM, ROUGH",0,3243,2779.7000000000003,35
2014,074222,"SNAIL, OLIVE",0,3182,2267.55,53
2014,098178,"HERMIT, RED REEF",0,3107,1298.75,21
2014,615846,"BURRFISH, STRIPED",0,3102,2564.85,197
2014,078156,NUDIBRANCHS,0,2955,3917.5,30
2014,157486,"STAR, BLACK BRITTLE",0,2884,2429.25,101
2014,173283,PUFFERS,0,2736.6,4529.1500000000005,120
2014,168537,TILEFISHES,0,2570.4,4707,10
2014,166704,SCORPIONFISHES,0,2557.35,3870.83,115
2014,098131,"CRABS, SAND",0,2516.76,15304.53,125
2014,006922,"PLANT, HALIMEDA",0,2484,2412.7000000000003,52
2014,169196,"PORGY, GRASS",0,2359.13,1097.8,167
2014,165629,KILLIFISHES,0,2237.89,49749.020000000004,603
2014,170080,"CHROMIS, BLUE",0,2232,5655,33
2014,099140,"SHRIMPS, MANTIS",0,2203.84,7171.360000000001,150
2014,165460,BALLYHOO,0,2194.94,14975.75,102
2014,006409,ULOTRICHALES,0,2124.93,29824.43,185
2014,163996,"CATFISHES, CHANNEL",0,2074,824.6,97
2014,166488,"SEAHORSE, LINED",0,2033,9001,192
2014,161095,"GAR, SPOTTED",0,1980.91,1597.6000000000001,10
2014,636786,"GOBY,NEON",0,1936,5226,50
2014,079611,SCALLOPS,0,1885,1948,16
2014,168845,SNAPPERS,0,1883.63,6028.87,87
2014,161096,"GAR, SHORTNOSE",0,1875.74,1368.9,13
2014,167691,"BASS, ROCK SEA",1,1853.6000000000001,1734.4,30
2014,169086,PORKFISH,0,1827,7112.5,67
2014,072556,"CONCH, FLORIDA FIGHTING",0,1793,1774.75,22
2014,168688,AMBERJACKS,0,1762,2564.25,8
2014,157325,"STARS, BRITTLE",0,1762,2237.25,40
2014,169626,"ANGELFISH, BLUE",0,1755,33498,256
2014,169623,"ANGELFISH, QUEEN",1,1717,33691,283
2014,098485,"CRAB, FALSE ARROW",0,1595,2578.4,74
2014,168847,"SNAPPER, CUBERA",1,1583.75,2706.1,26
2014,074101,"CONCH, CROWN",0,1575,1071.5,87
2014,170928,"JAWFISH, YELLOWHEAD",0,1566,4540.5,31
2014,009309,BRYOPSIDALES,0,1517,2802.05,52
2014,167762,"GROUPER, YELLOWMOUTH",1,1497.54,5104.3,17
2014,169632,"ANGELFISH, GRAY",1,1465,19496,227
2014,169007,TRIPLETAIL,1,1444.74,2382.48,51
2014,096601,"SHRIMPS, PISTOL OR SNAPPING",0,1434,1381.8500000000001,86
2014,166882,LIONFISHES,0,1399.15,7040.9000000000005,104
2014,168680,LOOKDOWN,0,1389,20608.600000000002,107
2014,052266,"GORGONIAN, SEA BLADES",0,1376,6447,71
2014,169237,DRUMS,0,1362,550.47,215
2014,097671,"LOBSTER, SPANISH",0,1360,2509.25,57
2014,173183,"FILEFISH, PLANEHEAD",0,1352.5,978,87
2014,646513,HIGH-HAT,0,1264,2884.5,75
2014,173752,"TURTLES, SNAPPING",0,1230.1000000000001,2420.93,16
2014,166170,SQUIRRELFISHES,0,1152.3,1480.22,108
2014,166787,"ROSEFISH, BLACKBELLY",0,1148.95,1723.21,22
2014,052433,"ANEMONE, SUN ZOANTHID",0,1146,1135,14
2014,173235,BOXFISHES,0,1123,728.65,93
2014,051774,"CASSIOPEA, JAMAICAN",0,1042,2795.5,28
2014,156862,"STARS, OTHER SEA",0,1028,4697.5,67
2014,098811,"CRAB, FLORIDA STONE",0,1027,3500.53,101
2014,172254,"TANG, BLUE",1,1024,6251.91,123
2014,158854,"TUNICATES, SEA SQUIRTS",0,1021,1993.6000000000001,49
2014,167764,"GROUPER, YELLOWFIN",1,996.96,3973.5,22
2014,098170,PAGURISTES ERYTHROPS,0,985,294.90000000000003,14
2014,172409,"BONITO, ATLANTIC",0,962.52,686.6,17
2014,173245,"COWFISH, SCRAWLED",0,923,600.5,39
2014,208674,"TURTLES, NORTH AMERICAN SOFTSHELL",0,835,663.2,25
2014,069948,TEGULA,0,801,260.48,23
2014,169314,JACKKNIFE-FISH,0,783,4938.5,56
2014,006962,"PLANT, CAULERPA",0,738,6806,72
2014,167674,GROUPERS,0,725.58,2481.6,31
2014,158309,"CUCUMBERS, OTHER SEA",0,724,2764.5,47
2014,051483,JELLYFISH,0,721,11787,16
2014,173246,"COWFISH, HONEYCOMBED",0,719.5,674.1,30
2014,073236,"SNAIL, MUREX",0,713,783.25,8
2014,172714,"FLOUNDERS, LEFTEYED",0,698,809.75,60
2014,082603,"OCTOPUS, COMMON",0,687,4516.5,122
2014,172411,MACKERELS,0,676,1020.4,11
2014,098194,"HERMIT, STAREYE",0,674,136.70000000000002,8
2014,098610,"CRAB, RED-RIDGED CLINGING",0,638,622,16
2014,164729,"HAKES, RED AND WHITE",0,621.76,624.4,40
2014,172437,CERO,1,621.5,730.63,36
2014,644844,PIPEFISHES,0,618,907,45
2014,167703,"GROUPER, MISTY",1,607.34,1903.3,11
2014,169200,"PORGY, WHITEBONE",1,591.2,879.25,6
2014,169625,"BEAUTY, ROCK",0,550,3010,42
2014,161160,"EEL, MORAYS",0,533.7,944.45,56
2014,166487,SEAHORSES,0,508,2257,54
2014,170568,BLUEHEAD,0,501,1487.5,31
2014,164412,TOADFISHES,0,487,607.0500000000001,46
2014,099074,"CRAB, NIMBLE SPRAY",0,466,828.5,34
2014,168204,FLAMEFISH,0,464,1351.5,36
2014,168602,"POMPANO, AFRICAN",1,456.38,979.45,23
2014,167696,"HIND, ROCK",1,447.38,1445.63,62
2014,166972,SEAROBINS,0,434,1241,54
2014,164593,"BATFISH, OTHER",0,427,646.5,43
2014,169633,"ANGELFISH, FRENCH",1,421,7780,133
2014,166454,"PIPEFISH, SARGASSUM",0,418,1398.5,56
2014,168857,"SNAPPER, DOG",1,414.7,625.7,17
2014,169558,"BUTTERFLYFISH, FOUREYE",0,390,1135.5,44
2014,074187,"CONCH, HORSE",0,371,1900,12
2014,171165,"BLENNY, FLORIDA",0,367,651.5,35
2014,097298,"SHRIMP, BANDED CORAL",0,365,1195,66
2014,171405,"BLENNY, SAILFIN",0,356,992.5,20
2014,171124,"BLENNY, OTHER",0,354,604.5,43
2014,166862,"SCORPIONFISH, REEF",0,339,347,29
2014,082607,"OCTOPUS, ATLANTIC PYGMY",0,312.5,1503.75,42
2014,167800,"BASS, LONGTAIL",0,301.52,361.5,30
2014,170932,"JAWFISH, DUSKY",0,277,228.5,33
2014,168899,"SNAPPER, BLACK",1,276.39,559.75,11
2014,078255,"DORIS, FLORIDA REGAL",0,253,1416,38
2014,168548,"TILEFISH, SAND",1,251.57,331.502,32
2014,098200,"HERMIT, GIANT",0,247,861.65,32
2014,078022,"HARES, SEA",0,225,2530.5,32
2014,157366,"STAR, BASKET",0,221,1330.5,51
2014,172252,"SURGEON, OCEAN",0,214,2003.56,42
2014,096421,"SHRIMP, PEDERSON CLEANER",0,212,309.75,33
2014,166883,"LIONFISH, RED",0,205.25,624.9,31
2014,098888,"CRAB, REDFINGER RUBBLE",0,204,1141.5,28
2014,171746,GOBIES,0,204,550,31
2014,170477,"WRASSE, OTHER",0,199,436.75,35
2014,096424,"SHRIMP, SPOTTED CLEANER",0,193,762,24
2014,173139,"TRIGGERFISH, QUEEN",1,158.72,795.5,14
2014,155469,"BRYOZOA, ECTOPROCTA",0,150,1708.5,16
2014,168738,"RUNNER, RAINBOW",1,145.96,287,10
2014,164457,CLINGFISHES,0,140,139,25
2014,170484,"HOGFISH, SPANISH",1,137,863,38
2014,167860,"BASS, HARLEQUIN",0,131,309.75,20
2014,161188,"MORAY, SPOTTED",0,131,334.5,35
2014,170046,"MAJOR, SERGEANT",0,129,229.5,8
2014,157518,"STAR, SCALY BRITTLE",0,128,131.25,6
2014,167806,"HAMLET, BUTTER",0,120,624.25,47
2014,166794,"SCORPIONFISH, SPINYCHEEK",0,116.96000000000001,191.75,17
2014,168850,SCHOOLMASTER,1,113.89,277.5,8
2014,072561,"CONCH, HAWKWING",0,112,40,7
2014,169562,"BUTTERFLYFISH, REEF",0,109,322.5,24
2014,072743,"COWRIE, ATLANTIC DEER",0,105,182.85,20
2014,167852,"BASS, LANTERN",0,105,280,14
2014,167793,"PERCH, SAND",0,104.88,166,8
2014,168684,"MOONFISH, ATLANTIC",0,99,53.5,6
2014,161324,"EELS, CONGER",0,97,106.75,5
2014,081649,"CLAM, JEWEL BOX",0,78,124.5,21
2014,052774,"ANEMONE, RINGED",0,59,125.75,5
2014,173320,"PUFFER, SHARPNOSE",0,59,47,11
2014,168176,BIGEYES,0,54.7,86.23,14
2014,173297,"PUFFER, SOUTHERN",0,41,291,13
2014,621035,"STINGRAY, YELLOW",0,40,541,29
2014,173170,"TRIGGERFISH, OCEAN",1,37.01,64.65,5
2014,170811,"PARROTFISH, BLUE",1,37,1046,13
2014,170086,"REEFFISH, PURPLE",0,33,142.5,6
2014,161189,"MORAY, BLACKEDGE",0,32,32,5
2014,169556,"BUTTERFLYFISH, SPOTFIN",0,31,110.5,17
2014,172250,SURGEONFISHES,0,31,152,10
2014,170116,"DAMSELFISH, YELLOWTAIL",0,30,174,9
2014,615345,BEAUGREGORY,0,29,133.25,12
2014,171433,"BLENNY, MARBLED",0,27,35,7
2014,169563,"BUTTERFLYFISH, BANDED",0,26,87.5,15
2014,181220,GRAYSBY,1,25.650000000000002,74.98,13
2014,203428,FILEFISHES,0,24,162.75,18
2014,170507,"WRASSE, CLOWN",0,21,196,11
2014,170867,"PARROTFISH, STOPLIGHT",1,21,496,12
2014,170920,JAWFISHES,0,18,23,3
2014,173392,BALLOONFISH,0,16,70.5,8
2014,170809,PARROTFISHES,0,15,80,4
2014,161186,"MORAY, GREEN",0,14,825,9
2014,168567,"REMORAS, OTHER",0,13,29.25,11
2014,168196,CARDINALFISHES,0,12,23,6
2014,170863,"PARROTFISH, REDBAND",1,9,130.5,6
2014,170510,PUDDINGWIFE,1,8,172.25,7
2014,167858,"SANDFISH, BELTED",0,8,14.5,6
2014,097297,"SHRIMP, GOLDEN CORAL",0,7,26,4
2014,614740,"PARROTFISH, STRIPED",1,6,63.5,3
2014,171203,"BLENNY, REDLIP",0,5,31,5
2014,097651,"LOBSTER, SPOTTED SPINY",0,4,29,4
2014,172253,DOCTORFISH,1,3,9,3
2015,161731,MENHADENS,0,894483266,85476073.6,2220
2015,551570,"SHRIMP, NORTHERN BROWN",1,97221890.7,151407882.96,48294
2015,551680,"SHRIMP, NORTHERN WHITE",1,82047826.17,145167206.06,67052
2015,098696,"CRAB, BLUE",0,52596595.92,74524981.39,363992
2015,079872,"OYSTER, EASTERN",0,17427986.63,99330200.04,98407
2015,170335,"MULLET, STRIPED",0,10691095.48,7355634.62,28006
2015,551574,"SHRIMP, NORTHERN PINK",1,7404117.09,18085333.344,5017
2015,168853,"SNAPPER, RED",1,6791229.29,27598411.245,5537
2015,169288,"DRUM, BLACK",0,6179822.99,5999952.37,17308
2015,167702,"GROUPER, RED",1,5557858.82,18785597.423,5140
2015,097490,PROCAMBARUS,0,5460568.7,6850997.08,18745
2015,083677,CRUSTACEANS,0,4637261,93420.42,87
2015,163997,"CATFISH, BLUE",0,3631795.96,2051209.8,10963
2015,163954,"FISHES, BUFFALO",0,3291732.91,752687.76,4414
2015,097648,"LOBSTER, CARIBBEAN SPINY",1,2793949.4,21928521.635,13531
2015,098810,"CRAB, STONE",0,2472154.38,31641684.2319,59556
2015,172435,"MACKEREL, KING",1,2376596.2800000003,4093942.9,3206
2015,095603,"SHRIMPS, BAIT",0,1829506.2000000002,8915115.145,14245
2015,161748,"HERRING, ATLANTIC THREAD",0,1411645.3,286465.83,320
2015,161111,LADYFISH,0,1360216.75,988290.91,3585
2015,168909,"SNAPPER, VERMILION",1,1352127.98,3885864.668,4783
2015,161763,"SARDINE, SPANISH",0,1336590,248399.66,79
2015,158019,"DOLLARS, KEYHOLE SAND",0,1155375,258286.30000000002,131
2015,095750,"SHRIMP, ATLANIC SEABOB",0,1144480.25,661324.48,507
2015,163998,"CATFISH, CHANNEL",0,1105360.19,845554.72,3035
2015,684690,"SHRIMP,FARFANTEPENAEUS",0,1103308.89,4291131.49,16288
2015,169189,SHEEPSHEAD,0,1100697.63,623866.36,10994
2015,172436,"MACKEREL, SPANISH",1,1070715.64,1160956.95,5758
2015,172423,"TUNA, YELLOWFIN",1,1050400.97,4265287.35,710
2015,096893,"SHRIMP, PEPPERMINT",0,1036030,262899.26,972
2015,161700,HERRINGS,0,1020883.58,259558.08000000002,1438
2015,566920,TURBINIDAE,0,933816,165847.92,779
2015,098191,"HERMIT, TRICOLOR",0,931721,120116.41,451
2015,160318,"SHARK, BLACKTIP",1,895655.8,307786.9,937
2015,914179,OSTEICHTHYES,0,876860.24,407160.91000000003,1529
2015,167699,"GROUPER, YELLOWEDGE",1,841364.51,3422479.69,718
2015,161737,"SHAD, GIZZARD",0,833474.1,354709.44,669
2015,201897,"GAR, ALLIGATOR",0,772066.4400000001,581550.28,1228
2015,095601,"SHRIMPS, PENAEOID",0,744922.9400000001,1858756.7000000002,2931
2015,167759,"GROUPER, GAG",1,636014.72,2772804.602,3050
2015,168546,"TILEFISH, GOLDEN",1,536253.3,1491042.55,505
2015,168907,"SNAPPER, YELLOWTAIL",1,504192.73000000004,1481881.1,1334
2015,168689,"AMBERJACK, GREATER",1,456928.87,672106.68,639
2015,163692,"CARP, BIGHEAD",0,456534.04000000004,49296.21,1514
2015,169364,"DRUM, FRESHWATER",0,455943.42,76656.88,1739
2015,168609,"JACK, CREVALLE",1,405412.92,294994.25,3844
2015,172568,"BUTTERFISH,GULF",0,384478,131904.9,127
2015,160275,"SHARK, BULL",1,379065.39,141108.1,382
2015,161104,BOWFIN,0,370539.98,295157.11,1426
2015,095600,"SHRIMP, MARINE",0,318632,517478.60000000003,68
2015,168725,"SCAD, ROUND",0,316031.39,243593.80000000002,98
2015,168677,"SCAD, BIGEYE",0,285437.2,49835.700000000004,75
2015,074103,NASSARIUS,0,282165,38759.5,132
2015,161732,"MENHADEN, ATLANTIC",0,268305.64,73302.58,222
2015,096028,"SHRIMP, ROCK",1,258766.5,503468.39,263
2015,172482,SWORDFISH,1,246002.78,623249.79,470
2015,096027,"SHRIMPS, ROCK",0,242682.71,421599.16000000003,274
2015,158018,"DOLLARS, OTHER SAND",0,239923,37467.39,42
2015,071935,CERITHIDEA,0,235340,27941.45,207
2015,164029,"CATFISH, FLATHEAD",0,232574.31,129865.1,1704
2015,169055,GRUNTS,0,230265.2,263519.9582,2060
2015,169207,"PORGY, RED",1,214305.95,283439.325,1442
2015,172402,"TUNA, LITTLE TUNNY",1,207055.84,70960.59,699
2015,167763,SCAMP,1,206603.84,818472.9400000001,2383
2015,160200,"SHARK, ATLANTIC SHARPNOSE",1,192446.23,92714.214,914
2015,163344,"CARP, COMMON",0,180525.73,19926.22,1340
2015,095966,"SHRIMP, ROYAL RED",1,180130.6,732819.2000000001,31
2015,163691,"CARP, SILVER",0,179354.64,27252.9,248
2015,169013,MOJARRAS,0,168541.01,158092.27,3847
2015,168848,"SNAPPER, GRAY",1,164783.96,440082.838,3622
2015,172734,"FLOUNDERS, PARALICHTHYS",0,142995.97,407951.36,2953
2015,167687,"BASS, BLACK SEA",1,128546.42,164931.13,1087
2015,167705,"GROUPER, SNOWY",1,123851.35,437717.69,526
2015,165459,BALLYHOOS,0,123811.74,86492.65000000001,79
2015,163537,"CARP, GRASS",0,123799,24659.24,1026
2015,168849,"SNAPPER, MUTTON",1,123255.03,312518.27,515
2015,169180,PORGIES,0,116606.44,143438.06,862
2015,169809,TILAPIAS,0,111255.45,66556.78,351
2015,169283,"CROAKER, ATLANTIC",0,99526.94,738184.53,2826
2015,168559,BLUEFISH,0,99179.43000000001,46268.9,1992
2015,172413,"MACKEREL, ATLANTIC CHUB",0,98496.75,23962.100000000002,27
2015,098612,"CRAB, GREEN CLINGING",0,94092,58427,339
2015,168708,"POMPANO, FLORIDA",0,89883.55,366111.25,1332
2015,168584,JACKS,0,89586.43000000001,59805.56,1015
2015,070088,"TURBAN, CHESTNUT",0,88712,15761.29,180
2015,168612,"RUNNER, BLUE",1,83082.25,56667.72,1388
2015,169187,PINFISH,0,79865.3,175722.30000000002,1858
2015,170336,"MULLET, WHITE",0,78762.96,87388.74,901
2015,168615,"JACK, BAR",1,77719.42,94839.90000000001,1232
2015,170333,MULLETS,0,74045.31,185409.78,2094
2015,168566,COBIA,1,70160.69,229042.253,1305
2015,196434,"SPONGE, YELLOW",0,65341,97075.48,136
2015,167704,"GROUPER, WARSAW",1,62956.200000000004,205659.38,342
2015,168670,"BUMPER, ATLANTIC",0,62327,31888.21,992
2015,167698,"HIND, SPECKLED",1,62212.69,215475.11000000002,485
2015,172362,ESCOLAR,0,60727.72,54980.1,174
2015,160401,"SHARK, SPINNER",1,60142.5,25809.8,93
2015,168543,"TILEFISH, BLUELINE",1,56200.4,78155.46,157
2015,167760,"GROUPER, BLACK",1,54362.58,227402.2,423
2015,173138,"TRIGGERFISH, GRAY",1,47491.44,91601.11,1605
2015,168860,"SNAPPER, LANE",1,45980.21,102591.446,2150
2015,047614,HIPPOSPONGIA,0,45269,189763.71,196
2015,172736,"FLOUNDER, GULF",0,44763.85,137117.38,1912
2015,172451,WAHOO,1,42915.67,74837.5,281
2015,157187,"STARFISH, SPINY",0,42798,4307.35,117
2015,169290,"DRUM, RED",1,41931,97767.3,652
2015,082367,SQUIDS,0,35594.13,18656.510000000002,278
2015,163342,MINNOWS,0,35367.72,120166.24,286
2015,169239,"SEATROUT, SPOTTED",0,34937.49,94588.86,1266
2015,167691,"BASS, ROCK SEA",1,34078.51,33613.15,184
2015,650251,"BARRACUDA, GREAT",1,33417.93,51385.090000000004,163
2015,172419,"TUNA, ALBACORE",1,32177.45,17790.05,69
2015,169267,SPOT,0,29880.54,8110.26,734
2015,169273,KINGFISHES,0,29360.77,30872.8,990
2015,170566,HOGFISH,1,28394.95,127260.122,425
2015,082703,"CRAB, HORSESHOE",0,28246,34897.5,319
2015,070159,"SNAIL, NERITES",0,27779,4821.7300000000005,67
2015,172702,FLATFISHES,0,26578,66200.03,888
2015,168791,DOLPHIN,1,24226.07,58471.786,360
2015,160189,"SHARK, TIGER",1,23520.82,12347.25,58
2015,081499,"CLAM, SOUTHERN QUAHOG",0,23371.86,190974.24,117
2015,074107,"NASSA, BRUISED",0,22966,2654.8,13
2015,172567,BUTTERFISH,0,22337,15026.76,334
2015,168861,"SNAPPER, SILK",1,21666.670000000002,70797.67,237
2015,164157,"CATFISHES, SEA",0,21662.5,8354.75,511
2015,166493,"SEAHORSE, DWARF",0,21297,48490.75,118
2015,172738,"FLOUNDER, SOUTHERN",0,19863.81,59682.49,505
2015,161092,GARFISHES,0,19282.91,20945.850000000002,92
2015,157921,"URCHIN, GREEN SEA",0,18951,43185.75,274
2015,168790,DOLPHINFISH,0,18684.68,32959.21,199
2015,168607,"JACK, YELLOW",0,18599.32,14750.65,167
2015,046861,SPONGES,0,18400,34370.06,86
2015,169197,"PORGY, JOLTHEAD",1,18137.69,22972.005,430
2015,169243,"SEATROUT, SAND",0,18030.23,11719.68,694
2015,168691,"JACK, ALMACO",1,17571.39,24980.035,314
2015,098276,"CRABS, BRACHYURA",0,17548,12198.050000000001,90
2015,196436,"SPONGE, GRASS",0,17016,40458.450000000004,39
2015,172427,"TUNA, BLACKFIN",1,16407.53,17201.412,174
2015,082590,OCTOPUSES,0,16279.1,38145.42,217
2015,052794,"ANEMONE, RED BEADED",0,16121,49792.520000000004,127
2015,082369,"SQUIDS, LOLIGINIDAE",0,14753.95,19507.24,582
2015,069459,"SNAIL, OTHER",0,14569,25959.14,147
2015,173433,FROGS,0,13543,33407.5,147
2015,158323,"CUCUMBER, FLORIDA SEA",0,13194,12183.300000000001,211
2015,160433,"SHARK, LEMON",1,13134.720000000001,6444.07,37
2015,163892,SUCKERS,0,12960.42,8059.610000000001,58
2015,168913,WENCHMAN,1,12901.32,6489.75,33
2015,157518,"STAR, SCALY BRITTLE",0,12090,12079.75,33
2015,160515,"SHARK, HAMMERHEAD, GREAT",1,11858.83,5325.49,41
2015,172428,"TUNA, BIGEYE",1,11718.75,56902.75,47
2015,169201,"PORGY, KNOBBED",1,11270.48,7657.9980000000005,285
2015,168693,"RUDDERFISH, BANDED",1,11080,8725.79,312
2015,160946,STINGRAYS,0,11006,25612.100000000002,390
2015,098088,"CRAB, SPOTTED PORCELAIN",0,10603,9725.95,188
2015,164159,"CATFISH, GAFFTOPSAIL",0,10460.34,4153.27,209
2015,168902,"SNAPPER, QUEEN",1,10377.03,33474.73,94
2015,052541,"ANEMONE, OTHER",0,9756,4399.9000000000005,20
2015,169240,"SEATROUT, SILVER",0,9475.85,8625.31,107
2015,044030,FORAMS,0,9255,16764.25,24
2015,157520,"STAR, SERPENT BRITTLE",0,9148,10264.35,192
2015,202423,ANIMALIA,0,8511,12610,90
2015,164034,BULLHEADS,0,8147.3,1447.29,16
2015,172421,"TUNA, BLUEFIN",1,8035.25,35391,16
2015,098188,"HERMIT, THINSTRIPE",0,7869,2261.15,33
2015,159924,"SHARK, MAKO, SHORTFIN",1,7635.83,8619.9,42
2015,157325,"STARS, BRITTLE",0,7477,9169.35,58
2015,072556,"CONCH, FLORIDA FIGHTING",0,7332,7576.25,75
2015,161755,"SARDINE, SCALED",0,7127,2535.9,7
2015,168852,"SNAPPER, BLACKFIN",1,6976.9000000000005,21476.3,51
2015,006949,"PLANT, MERMAID'S SHAVING BRUSH",0,6949,5792.3,118
2015,170424,BARRACUDAS,0,6716.41,9608.300000000001,177
2015,047528,"SPONGES, DEMOSPONGIAE",0,6562,21337.5,254
2015,166882,LIONFISHES,0,6387.28,28041.2902,240
2015,172385,"CUTLASSFISH, ATLANTIC",0,6233.62,7109.59,102
2015,161094,"GAR, LONGNOSE",0,6026.01,3123.94,134
2015,006922,"PLANT, HALIMEDA",0,5979,5563.45,86
2015,051938,CORALS,0,5748,19654.25,226
2015,168709,PERMIT,0,5325,7268.33,145
2015,169077,PIGFISH,0,5220.21,48677.5,253
2015,157906,"URCHIN, PURPLE-SPINED SEA",0,5134,25148.75,47
2015,009309,BRYOPSIDALES,0,5051,4578.8,94
2015,172364,OILFISH,0,4910.5,5051.5,35
2015,168845,SNAPPERS,0,4742.53,14268.69,82
2015,172513,"DRIFTFISH, BLACK",0,4718.61,8802.25,24
2015,051925,JELLYFISH,0,4675,4055.75,3
2015,168690,"AMBERJACK, LESSER",1,4645.84,5091.18,53
2015,078156,NUDIBRANCHS,0,4573,4875.75,46
2015,166704,SCORPIONFISHES,0,4483.05,7234,143
2015,169200,"PORGY, WHITEBONE",1,4481,7487.7,57
2015,095599,"CRABS, SHRIMPS, LOBSTERS",0,4294,5988.09,113
2015,098131,"CRABS, SAND",0,3902.7200000000003,26431.15,138
2015,206947,"CRABS, HERMIT",0,3872.7000000000003,1980.01,75
2015,157958,"URCHIN, ROCK BORING",0,3720,3216.25,93
2015,074075,"WHELK, LIGHTNING",0,3674,3871,10
2015,097863,"HERMIT, POLKADOTTED",0,3647,652.25,28
2015,157486,"STAR, BLACK BRITTLE",0,3611,4077.27,113
2015,099140,"SHRIMPS, MANTIS",0,3583.65,11498.25,175
2015,166488,"SEAHORSE, LINED",0,3500,19339.5,379
2015,160508,"SHARK, HAMMERHEAD, SCALLOPED",1,3371.26,1833.16,21
2015,567533,"SLUG, LETTUCE",0,3338,3098.9500000000003,64
2015,079819,"fileclam, rough",0,3172,2407.25,47
2015,074222,"SNAIL, OLIVE",0,3154,1691,53
2015,098614,MITHRACULUS RUBER,0,3128,1652.65,49
2015,172512,BARRELFISH,0,3113.8,9240.07,28
2015,164807,"EELS, CUSK",0,2973,4424.7,91
2015,047782,"SPONGE, RED BALL",0,2926,8927.75,168
2015,615846,"BURRFISH, STRIPED",0,2922,3014.85,160
2015,169539,"SPADEFISH, ATLANTIC",1,2745.8,4389.4800000000005,413
2015,165629,KILLIFISHES,0,2586.31,48232.11,440
2015,173283,PUFFERS,0,2504.75,4163.71,244
2015,156862,"STARS, OTHER SEA",0,2191,10071.25,89
2015,157821,"URCHINS, SEA",0,2079,4160.75,38
2015,006409,ULOTRICHALES,0,1984.74,47029.25,198
2015,052266,"GORGONIAN, SEA BLADES",0,1977,5743,67
2015,168680,LOOKDOWN,0,1966,20225.3,118
2015,172735,"FLOUNDER, SUMMER",0,1934,5702,21
2015,173747,REPTILES,0,1933.5,588.19,35
2015,660512,"CRAB, FURCATE SPIDER",0,1903,2008.2,162
2015,095647,"SHRIMP, ROUGHNECK",0,1812.3700000000001,4956.87,5
2015,168602,"POMPANO, AFRICAN",1,1794.4,3565.65,58
2015,160806,RAYS,0,1682,3139.25,61
2015,073236,"SNAIL, MUREX",0,1598,1948.75,17
2015,169007,TRIPLETAIL,1,1417.8600000000001,3984.86,124
2015,098483,"CRAB, YELLOWLINE ARROW",0,1373,1388.15,136
2015,082603,"OCTOPUS, COMMON",0,1363,3699.5,126
2015,167686,"BASSES, MIXED SEA",0,1344.6000000000001,1063.7,57
2015,160502,"SHARK, BONNETHEAD",1,1315.6200000000001,10464.07,15
2015,098485,"CRAB, FALSE ARROW",0,1258,2151.2,63
2015,169196,"PORGY, GRASS",0,1229.53,858.3000000000001,78
2015,167762,"GROUPER, YELLOWMOUTH",1,1227.25,4264.05,22
2015,173183,"FILEFISH, PLANEHEAD",0,1161,1024.75,68
2015,166170,SQUIRRELFISHES,0,1156.4,1159.38,143
2015,006962,"PLANT, CAULERPA",0,1151,7677.5,86
2015,069794,"SNAIL, TOPSNAIL",0,1150,722,7
2015,169632,"ANGELFISH, GRAY",1,1119,15373.84,183
2015,098811,"CRAB, FLORIDA STONE",0,1111.5,3697.44,119
2015,096601,"SHRIMPS, PISTOL OR SNAPPING",0,1066,1139.65,76
2015,167764,"GROUPER, YELLOWFIN",1,1040.95,3770.4300000000003,14
2015,167674,GROUPERS,0,1031.88,2723.75,21
2015,169626,"ANGELFISH, BLUE",0,1028,17921.27,172
2015,168847,"SNAPPER, CUBERA",1,1027.3,2597.28,20
2015,167744,"GROUPER, MARBLED",1,1025.42,2750.55,24
2015,074101,"CONCH, CROWN",0,985,1059.95,57
2015,173245,"COWFISH, SCRAWLED",0,980,618,42
2015,082379,"SQUID, ATLANTIC BRIEF",0,939.5,1417,61
2015,074187,"CONCH, HORSE",0,938,3531.75,20
2015,157826,"URCHIN, SLATE PENCIL",0,919,678,60
2015,164729,"HAKES, RED AND WHITE",0,887.6800000000001,1543,29
2015,168178,BIGEYE,0,763.4,1550.3500000000001,36
2015,164593,"BATFISH, OTHER",0,756,919.5,74
2015,012303,CORALLINACEAE,0,733,839.5,16
2015,163996,"CATFISHES, CHANNEL",0,707,320.40000000000003,28
2015,169237,DRUMS,0,655,344.28000000000003,172
2015,169086,PORKFISH,0,632,2112,47
2015,169623,"ANGELFISH, QUEEN",1,627,12071.92,122
2015,644844,PIPEFISHES,0,622,1242,70
2015,173246,"COWFISH, HONEYCOMBED",0,621,742.25,34
2015,158854,"TUNICATES, SEA SQUIRTS",0,616,1471.5,40
2015,167700,"HIND, RED",1,598.75,1643.3,87
2015,166454,"PIPEFISH, SARGASSUM",0,598,1332,53
2015,646513,HIGH-HAT,0,584,1318.8,48
2015,208674,"TURTLES, NORTH AMERICAN SOFTSHELL",0,583.5,563.6,24
2015,167793,"PERCH, SAND",0,582.1,2459.1,21
2015,158309,"CUCUMBERS, OTHER SEA",0,549,2077.8,36
2015,172254,"TANG, BLUE",1,544,3237.1,78
2015,099074,"CRAB, NIMBLE SPRAY",0,536,1358,7
2015,166787,"ROSEFISH, BLACKBELLY",0,525.2,1180.66,23
2015,166972,SEAROBINS,0,521,827,50
2015,079611,SCALLOPS,0,499,2325.05,20
2015,052484,"CORALLIMORPH, FLORIDA",0,496,1906.5,14
2015,097660,"LOBSTERS, SLIPPER",0,482,274.75,56
2015,166326,OPAH,0,469,576.3000000000001,9
2015,172437,CERO,1,441.62,592.3100000000001,21
2015,168899,"SNAPPER, BLACK",1,440.55,1427.75,9
2015,168548,"TILEFISH, SAND",1,425.82,668.4,31
2015,168857,"SNAPPER, DOG",1,413.79,844.51,19
2015,168684,"MOONFISH, ATLANTIC",0,401,112.60000000000001,5
2015,098888,"CRAB, REDFINGER RUBBLE",0,387,501.5,43
2015,166862,"SCORPIONFISH, REEF",0,377,301.25,34
2015,097298,"SHRIMP, BANDED CORAL",0,352,471.25,45
2015,169633,"ANGELFISH, FRENCH",1,351,6554.2,86
2015,167696,"HIND, ROCK",1,338.57,1041.71,55
2015,098200,"HERMIT, GIANT",0,338,549.75,28
2015,079820,"FILECLAM, SPINY",0,333,487,15
2015,052150,"CORAL, DEEPWATER",0,327,635,3
2015,161419,"EELS, SNAKE",0,316.5,316.5,11
2015,168858,"SNAPPER, MAHOGANY",0,314.91,1032.63,5
2015,171124,"BLENNY, OTHER",0,313,365.11,36
2015,173235,BOXFISHES,0,310,626.7,41
2015,169203,"PORGY, LITTLEHEAD",0,250.94,148.8,5
2015,096421,"SHRIMP, PEDERSON CLEANER",0,248,317,20
2015,051483,JELLYFISH,0,248,3148,17
2015,170477,"WRASSE, OTHER",0,243,601,33
2015,078022,"HARES, SEA",0,237,1628.5,25
2015,171165,"BLENNY, FLORIDA",0,228,247.5,35
2015,169314,JACKKNIFE-FISH,0,227,1775,37
2015,157366,"STAR, BASKET",0,223,672.5,49
2015,636786,"GOBY,NEON",0,220,706.5,13
2015,172252,"SURGEON, OCEAN",0,193,2512.08,25
2015,167800,"BASS, LONGTAIL",0,185.96,230.3,29
2015,166487,SEAHORSES,0,170,723.5,23
2015,169625,"BEAUTY, ROCK",0,165,849.5,34
2015,164412,TOADFISHES,0,163,323,30
2015,168204,FLAMEFISH,0,150,242.5,29
2015,082607,"OCTOPUS, ATLANTIC PYGMY",0,148,645.5,21
2015,166794,"SCORPIONFISH, SPINYCHEEK",0,143.52,138.75,15
2015,173320,"PUFFER, SHARPNOSE",0,143,163,16
2015,170287,POMFRETS,0,140.18,234.8,6
2015,072743,"COWRIE, ATLANTIC DEER",0,137,217.4,23
2015,168738,"RUNNER, RAINBOW",1,125.84,153,11
2015,173139,"TRIGGERFISH, QUEEN",1,98.68,279.5,8
2015,170568,BLUEHEAD,0,97,292,12
2015,173752,"TURTLES, SNAPPING",0,95,115.05,6
2015,096424,"SHRIMP, SPOTTED CLEANER",0,92,176,10
2015,167806,"HAMLET, BUTTER",0,86,153,20
2015,164457,CLINGFISHES,0,83,96.5,15
2015,078255,"DORIS, FLORIDA REGAL",0,83,478,17
2015,168859,"SNAPPER, CARIBBEAN RED",0,79.8,338.7,4
2015,161324,"EELS, CONGER",0,79,85,5
2015,155469,"BRYOZOA, ECTOPROCTA",0,77,965,10
2015,173170,"TRIGGERFISH, OCEAN",1,76.73,111.64,4
2015,170080,"CHROMIS, BLUE",0,71,240,7
2015,173391,PORCUPINEFISH,0,68,229.57,17
2015,168610,"JACK, HORSE-EYE",0,63.7,63.22,4
2015,181220,GRAYSBY,1,63.42,130.99,22
2015,171746,GOBIES,0,61,71.25,12
2015,081649,"CLAM, JEWEL BOX",0,59,114,12
2015,161188,"MORAY, SPOTTED",0,58,220,20
2015,072557,"CONCH, MILK",0,55,61.5,3
2015,170928,"JAWFISH, YELLOWHEAD",0,55,287.5,12
2015,079578,PENSHELLS,0,51,1066,9
2015,161123,EELS,0,50,194.3,4
2015,621035,"STINGRAY, YELLOW",0,49,357,19
2015,082610,"OCTOPUS, CARIBBEAN REEF",0,35,179,18
2015,170925,"JAWFISHES, SPOTFIN",0,33,89.5,16
2015,173297,"PUFFER, SOUTHERN",0,32,305.25,5
2015,169558,"BUTTERFLYFISH, FOUREYE",0,31,169,9
2015,170484,"HOGFISH, SPANISH",1,31,700,5
2015,173178,FILEFISHES,0,31,299.5,14
2015,173236,"TRUNKFISHES, THREE-ANGLED",0,29,71,13
2015,168176,BIGEYES,0,28.75,32.5,8
2015,170809,PARROTFISHES,0,27,68.95,8
2015,170503,"DICK, SLIPPERY",0,25,240.5,9
2015,161189,"MORAY, BLACKEDGE",0,24,54,8
2015,097651,"LOBSTER, SPOTTED SPINY",0,23,313,5
2015,169556,"BUTTERFLYFISH, SPOTFIN",0,23,74,12
2015,169562,"BUTTERFLYFISH, REEF",0,22,57.5,9
2015,172714,"FLOUNDERS, LEFTEYED",0,22,82,3
2015,169563,"BUTTERFLYFISH, BANDED",0,21,75.5,9
2015,170811,"PARROTFISH, BLUE",1,20,793,8
2015,161186,"MORAY, GREEN",0,19,1440,10
2015,160951,"STINGRAY, SOUTHERN",1,18,445,4
2015,170815,"PARROTFISH, PRINCESS",1,14,94,8
2015,167858,"SANDFISH, BELTED",0,13,52.5,5
2015,173392,BALLOONFISH,0,11,41.5,7
2015,168567,"REMORAS, OTHER",0,11,22.5,11
2015,622125,"SQUIRRELFISH, REEF",0,9,43,8
2015,170867,"PARROTFISH, STOPLIGHT",1,7,100,5
2015,160846,SKATES,0,5,280,5
2015,170506,"WRASSE, YELLOWHEAD",0,5,28,3
2016,161731,MENHADENS,0,677880897,80466681,1944
2016,551680,"SHRIMP, NORTHERN WHITE",1,108117068.84,202900637.87,89332
2016,551570,"SHRIMP, NORTHERN BROWN",1,77294374.39,150522491.35,42947
2016,098696,"CRAB, BLUE",0,51965807.41,65522470.37,331268
2016,079872,"OYSTER, EASTERN",0,16981330.53,93461672.62,108137
2016,097490,PROCAMBARUS,0,13572257,12372763.75,26739
2016,170335,"MULLET, STRIPED",0,11253501.97,8242596.028,28898
2016,551574,"SHRIMP, NORTHERN PINK",1,7644740.85,18144633.06,5404
2016,168853,"SNAPPER, RED",1,6660367.67,26934214.644,6421
2016,169288,"DRUM, BLACK",0,6037320.23,6164899.69,17628
2016,167702,"GROUPER, RED",1,5210093.38,17803367.574,4938
2016,163997,"CATFISH, BLUE",0,3652845.0300000003,2017371.26,11997
2016,163954,"FISHES, BUFFALO",0,3016872.48,951472.21,4330
2016,172435,"MACKEREL, KING",1,2686759.71,5071822.98,3780
2016,098810,"CRAB, STONE",0,2615021.86,25645050.6602,58308
2016,161748,"HERRING, ATLANTIC THREAD",0,2470806.06,497597.5,371
2016,161111,LADYFISH,0,2256653.53,1780176.3599999999,3989
2016,097648,"LOBSTER, CARIBBEAN SPINY",1,2221782.65,18109558.62,11574
2016,914179,OSTEICHTHYES,0,1930479.4500000002,534033.61,1433
2016,095750,"SHRIMP, ATLANIC SEABOB",0,1609567,911680.78,547
2016,161763,"SARDINE, SPANISH",0,1607054,293969.36,93
2016,168909,"SNAPPER, VERMILION",1,1565634.56,4426826.193,5455
2016,172423,"TUNA, YELLOWFIN",1,1535028.67,5640268.12,888
2016,095603,"SHRIMPS, BAIT",0,1472074.43,7321847.35,12992
2016,158019,"DOLLARS, KEYHOLE SAND",0,1404468,949258.25,101
2016,172436,"MACKEREL, SPANISH",1,1232699.56,1218253.3,6603
2016,684690,"SHRIMP,FARFANTEPENAEUS",0,1123313.53,4458604.34,17825
2016,169189,SHEEPSHEAD,0,1122448.96,676296.74,10465
2016,163998,"CATFISH, CHANNEL",0,1097272.19,766919.3,2896
2016,167759,"GROUPER, GAG",1,1076987.97,4697975.1,3531
2016,161700,HERRINGS,0,1064087.75,272876.45,1285
2016,098191,"HERMIT, TRICOLOR",0,1056298,137242.45,454
2016,161737,"SHAD, GIZZARD",0,1033059,315338.75,771
2016,566920,TURBINIDAE,0,984924,164050.83000000002,663
2016,167699,"GROUPER, YELLOWEDGE",1,829777.38,3356797.45,753
2016,095601,"SHRIMPS, PENAEOID",0,796817.71,1760731.96,2627
2016,168725,"SCAD, ROUND",0,714759.89,482549.45,152
2016,096893,"SHRIMP, PEPPERMINT",0,705722,197096.35,654
2016,095600,"SHRIMP, MARINE",0,627193,1272715.88,84
2016,172568,"BUTTERFISH,GULF",0,577592,204519.5,42
2016,160318,"SHARK, BLACKTIP",1,572702.4500000001,202789.39,578
2016,169364,"DRUM, FRESHWATER",0,489423.64,82169.43000000001,1828
2016,201897,"GAR, ALLIGATOR",0,444783.82,353001.46,903
2016,168689,"AMBERJACK, GREATER",1,437102.09,725852.28,808
2016,168609,"JACK, CREVALLE",1,434520.2,331078.27,4038
2016,168546,"TILEFISH, GOLDEN",1,414608.4,1177723.21,444
2016,161732,"MENHADEN, ATLANTIC",0,350643.67,99406.29000000001,319
2016,167763,SCAMP,1,333938.2,1313557.409,2734
2016,168907,"SNAPPER, YELLOWTAIL",1,317793.84,900615.05,1135
2016,172482,SWORDFISH,1,314519.11,802814.71,465
2016,163692,"CARP, BIGHEAD",0,302728,31230.77,1188
2016,161104,BOWFIN,0,287466.10000000003,319631.45,786
2016,168677,"SCAD, BIGEYE",0,284989,42841.65,52
2016,169013,MOJARRAS,0,280624.32,258316.06,4631
2016,096028,"SHRIMP, ROCK",1,264799.8,673136.5700000001,296
2016,168559,BLUEFISH,0,246384.67,91794.24,2359
2016,158018,"DOLLARS, OTHER SAND",0,246304,40688.6,58
2016,168708,"POMPANO, FLORIDA",0,243111.26,868558.91,1524
2016,164029,"CATFISH, FLATHEAD",0,212078.52000000002,116672.78,1797
2016,169055,GRUNTS,0,204641.86000000002,234536.712,1963
2016,095966,"SHRIMP, ROYAL RED",1,200085,750811,50
2016,160275,"SHARK, BULL",1,197726.30000000002,60959.55,230
2016,165459,BALLYHOOS,0,195270.93,116825.5,77
2016,160200,"SHARK, ATLANTIC SHARPNOSE",1,175624.67,90033.42,908
2016,169180,PORGIES,0,167560.22,207836.56,1247
2016,169207,"PORGY, RED",1,163207.12,217189.366,1446
2016,167687,"BASS, BLACK SEA",1,162013.69,182614.96,1365
2016,170336,"MULLET, WHITE",0,157915.9,129729.08,1169
2016,096027,"SHRIMPS, ROCK",0,156591.01,359188.69,169
2016,168848,"SNAPPER, GRAY",1,156190.67,426801.354,3595
2016,169809,TILAPIAS,0,153015.25,84938.24,695
2016,071935,CERITHIDEA,0,149655,18251.07,171
2016,172734,"FLOUNDERS, PARALICHTHYS",0,144546.74,432758.86,3500
2016,074103,NASSARIUS,0,139268,13236.800000000001,69
2016,163537,"CARP, GRASS",0,136550.84,27465.96,939
2016,169283,"CROAKER, ATLANTIC",0,120021.95,873098.9400000001,3710
2016,163344,"CARP, COMMON",0,112490.04000000001,12128.73,1145
2016,167705,"GROUPER, SNOWY",1,111781.73,409507.92,556
2016,098612,"CRAB, GREEN CLINGING",0,96683,59347.1,286
2016,172402,"TUNA, LITTLE TUNNY",1,96304.66,57285.450000000004,923
2016,168615,"JACK, BAR",1,95132.59,109342.88,1524
2016,168612,"RUNNER, BLUE",1,94820.68000000001,62064.81,1407
2016,160401,"SHARK, SPINNER",1,91654.16,44578.700000000004,149
2016,169187,PINFISH,0,83583.47,187995.9,1773
2016,163342,MINNOWS,0,83514.52,200767.36000000002,321
2016,172362,ESCOLAR,0,82116.57,70354.01,207
2016,196434,"SPONGE, YELLOW",0,78551.1,120718.55,124
2016,168849,"SNAPPER, MUTTON",1,78145.67,200819.036,549
2016,168584,JACKS,0,77128.16,51702.58,709
2016,168670,"BUMPER, ATLANTIC",0,75518,33000.29,1036
2016,168566,COBIA,1,75255.35,280568.43,1400
2016,074107,"NASSA, BRUISED",0,71655,7267.55,66
2016,169267,SPOT,0,71192.3,20946.95,771
2016,170333,MULLETS,0,68677.41,205896.81,2240
2016,169290,"DRUM, RED",1,68461.6,171998.66,1235
2016,169239,"SEATROUT, SPOTTED",0,65241.3,199475.44,1900
2016,172451,WAHOO,1,63251.04,91876.78,396
2016,070088,"TURBAN, CHESTNUT",0,62567,8950.58,105
2016,173138,"TRIGGERFISH, GRAY",1,59094.520000000004,111246.79000000001,1947
2016,172413,"MACKEREL, ATLANTIC CHUB",0,57510,11818.7,23
2016,163691,"CARP, SILVER",0,56819,8773.050000000001,112
2016,082367,SQUIDS,0,53982.74,33204.840000000004,241
2016,167760,"GROUPER, BLACK",1,53786.020000000004,226443.85,495
2016,167704,"GROUPER, WARSAW",1,52616.33,168875.56,355
2016,172419,"TUNA, ALBACORE",1,51073.69,28510,72
2016,168543,"TILEFISH, BLUELINE",1,50893.75,81632.27,157
2016,167698,"HIND, SPECKLED",1,50332.62,169056.64,532
2016,169273,KINGFISHES,0,40949.62,43372.06,1175
2016,160189,"SHARK, TIGER",1,36682.840000000004,18761.86,66
2016,168860,"SNAPPER, LANE",1,34729.68,82369.78,2171
2016,164157,"CATFISHES, SEA",0,34497,11578.06,483
2016,047614,HIPPOSPONGIA,0,34184,158517.07,157
2016,172736,"FLOUNDER, GULF",0,34072.3,107073.26000000001,1485
2016,070159,"SNAIL, NERITES",0,32658,5562.7,68
2016,166882,LIONFISHES,0,32380.29,158126.34,564
2016,172738,"FLOUNDER, SOUTHERN",0,31125.29,100345.97,639
2016,170566,HOGFISH,1,30746.28,139180.19,464
2016,168861,"SNAPPER, SILK",1,27733.12,87282.61,272
2016,164034,BULLHEADS,0,26319.9,4518.75,25
2016,052440,"MAT, GREEN SEA",0,26258.75,8162.58,41
2016,168680,LOOKDOWN,0,25202,30691.65,185
2016,168902,"SNAPPER, QUEEN",1,23898.19,81809.57,112
2016,168913,WENCHMAN,1,22969.23,10432.5,32
2016,168691,"JACK, ALMACO",1,22198.93,32600.802,440
2016,169197,"PORGY, JOLTHEAD",1,20975.77,25718.49,496
2016,082703,"CRAB, HORSESHOE",0,20762,30156.2,250
2016,161092,GARFISHES,0,20522,25004.8,60
2016,172702,FLATFISHES,0,20196,56409.8,818
2016,160433,"SHARK, LEMON",1,19954.84,8565.05,26
2016,172567,BUTTERFISH,0,19839,14090.800000000001,442
2016,098276,"CRABS, BRACHYURA",0,19331,19479.53,142
2016,166493,"SEAHORSE, DWARF",0,18381,51039.75,107
2016,553178,SPADEFISH,0,18315,13171.35,192
2016,169243,"SEATROUT, SAND",0,17921.12,14989.29,781
2016,172427,"TUNA, BLACKFIN",1,16956.3,19306.013,218
2016,157921,"URCHIN, GREEN SEA",0,15830.35,29335.670000000002,244
2016,046861,SPONGES,0,15692.75,35917.9,49
2016,052794,"ANEMONE, RED BEADED",0,15465,49630.25,121
2016,082369,"SQUIDS, LOLIGINIDAE",0,15132.050000000001,16503.07,501
2016,160806,RAYS,0,14977.2,8099.55,52
2016,082590,OCTOPUSES,0,14672.65,29497.77,421
2016,167691,"BASS, ROCK SEA",1,14660.08,15432.550000000001,125
2016,172385,"CUTLASSFISH, ATLANTIC",0,13739.92,13664.91,174
2016,069459,"SNAIL, OTHER",0,13555,29183.08,270
2016,196436,"SPONGE, GRASS",0,12817,34029.11,45
2016,169007,TRIPLETAIL,1,12208.050000000001,40048.31,350
2016,172428,"TUNA, BIGEYE",1,11395.75,56934.6,59
2016,052541,"ANEMONE, OTHER",0,10914,2989,23
2016,172513,"DRIFTFISH, BLACK",0,10843.29,29034,29
2016,170424,BARRACUDAS,0,10659.49,15702.54,230
2016,044030,FORAMS,0,10425,20042,21
2016,099084,"CRABS, FIDDLER",0,10000,360,4
2016,168693,"RUDDERFISH, BANDED",1,9915.04,8093.68,253
2016,164807,"EELS, CUSK",0,9721,11451.19,114
2016,158323,"CUCUMBER, FLORIDA SEA",0,9515,8855.300000000001,190
2016,169077,PIGFISH,0,9207.66,81168.5,310
2016,169201,"PORGY, KNOBBED",1,9095.86,8725.37,375
2016,098088,"CRAB, SPOTTED PORCELAIN",0,8542,6755.1,154
2016,168790,DOLPHINFISH,0,8532,10861,170
2016,157520,"STAR, SERPENT BRITTLE",0,7951.4000000000005,10262.2,152
2016,169200,"PORGY, WHITEBONE",1,7759,13356.75,95
2016,206947,"CRABS, HERMIT",0,7457,5921.2,100
2016,074075,"WHELK, LIGHTNING",0,7342,8022.5,39
2016,081499,"CLAM, SOUTHERN QUAHOG",0,7211.53,56471.75,72
2016,650251,"BARRACUDA, GREAT",1,7112.32,9579.550000000001,191
2016,157518,"STAR, SCALY BRITTLE",0,6883,6949,23
2016,169539,"SPADEFISH, ATLANTIC",1,6838.05,4404.39,484
2016,168709,PERMIT,0,6668.6500000000005,12704.95,153
2016,164159,"CATFISH, GAFFTOPSAIL",0,6507.29,12294.380000000001,155
2016,099140,"SHRIMPS, MANTIS",0,6443.77,23048.350000000002,264
2016,159924,"SHARK, MAKO, SHORTFIN",1,6371.04,8687.26,31
2016,047528,"SPONGES, DEMOSPONGIAE",0,6201,20246.2,226
2016,157325,"STARS, BRITTLE",0,6086,8276.45,47
2016,168791,DOLPHIN,1,5927.84,14237.958,197
2016,078156,NUDIBRANCHS,0,5744,7542,53
2016,173433,FROGS,0,5560,12353.65,68
2016,160515,"SHARK, HAMMERHEAD, GREAT",1,5504.78,1797.0715,45
2016,051938,CORALS,0,5445,23398.5,215
2016,159851,"SHARKS, PELAGIC",0,5341.25,95122.75,109
2016,166704,SCORPIONFISHES,0,5046.79,8411.54,161
2016,173283,PUFFERS,0,4995.2,4975.78,328
2016,006949,"PLANT, MERMAID'S SHAVING BRUSH",0,4834,2564.03,92
2016,079819,"fileclam, rough",0,4760,3806.25,62
2016,160508,"SHARK, HAMMERHEAD, SCALLOPED",1,4544.39,2249.7336,64
2016,168852,"SNAPPER, BLACKFIN",1,4046.84,11502.2,79
2016,165460,BALLYHOO,0,4039.12,22715,138
2016,047782,"SPONGE, RED BALL",0,3934,9051.5,145
2016,168544,"TILEFISH, GOLDFACE",1,3914.4,9367.300000000001,14
2016,098811,"CRAB, FLORIDA STONE",0,3901.9500000000003,6052.4800000000005,106
2016,072556,"CONCH, FLORIDA FIGHTING",0,3887,6325.05,80
2016,157187,"STARFISH, SPINY",0,3848,15577.45,188
2016,567533,"SLUG, LETTUCE",0,3670,3185.05,73
2016,157821,"URCHINS, SEA",0,3646,31122.33,34
2016,173747,REPTILES,0,3489.8,2592.53,41
2016,172364,OILFISH,0,3342.67,3069,23
2016,161094,"GAR, LONGNOSE",0,3299.1,1774.08,114
2016,167674,GROUPERS,0,3230.64,10211.54,25
2016,073236,"SNAIL, MUREX",0,3086,2579.25,29
2016,006922,"PLANT, HALIMEDA",0,3057,2409.46,65
2016,169240,"SEATROUT, SILVER",0,3037,3918.33,87
2016,168690,"AMBERJACK, LESSER",1,3027.19,3897.6,56
2016,168899,"SNAPPER, BLACK",1,2988.2200000000003,9166,20
2016,098188,"HERMIT, THINSTRIPE",0,2987,1607.93,27
2016,160946,STINGRAYS,0,2948.6,2208.25,250
2016,095599,"CRABS, SHRIMPS, LOBSTERS",0,2834,8074.25,80
2016,009309,BRYOPSIDALES,0,2673,1739.9,87
2016,615846,"BURRFISH, STRIPED",0,2611,2134,140
2016,006409,ULOTRICHALES,0,2600.16,47122.25,129
2016,074222,"SNAIL, OLIVE",0,2540,1386.4,53
2016,170809,PARROTFISHES,0,2494,478.05,14
2016,095647,"SHRIMP, ROUGHNECK",0,2324,4086.75,5
2016,161755,"SARDINE, SCALED",0,2208.4,3510.33,30
2016,165629,KILLIFISHES,0,2159.65,48428.22,455
2016,168602,"POMPANO, AFRICAN",1,2035.14,5302.82,66
2016,157486,"STAR, BLACK BRITTLE",0,1997,2440.25,84
2016,052266,"GORGONIAN, SEA BLADES",0,1957,5186.5,87
2016,157958,"URCHIN, ROCK BORING",0,1904,1390.3,71
2016,168607,"JACK, YELLOW",0,1822.56,1972.55,40
2016,074101,"CONCH, CROWN",0,1807,1699.25,54
2016,172437,CERO,1,1768.01,1866.66,31
2016,156862,"STARS, OTHER SEA",0,1763,5549.4000000000005,70
2016,168845,SNAPPERS,0,1704.74,4464.32,117
2016,167764,"GROUPER, YELLOWFIN",1,1674.22,5643.59,29
2016,660512,"CRAB, FURCATE SPIDER",0,1554,2500.2000000000003,151
2016,167744,"GROUPER, MARBLED",1,1542.26,4246.75,36
2016,168847,"SNAPPER, CUBERA",1,1502.06,2988,28
2016,173183,"FILEFISH, PLANEHEAD",0,1502,1391.2,74
2016,202423,ANIMALIA,0,1491,16442.6,45
2016,157906,"URCHIN, PURPLE-SPINED SEA",0,1464,7819,19
2016,166488,"SEAHORSE, LINED",0,1388,6738.04,173
2016,172512,BARRELFISH,0,1329,3773.94,21
2016,098131,"CRABS, SAND",0,1285.94,10898.54,71
2016,006962,"PLANT, CAULERPA",0,1227.75,9275.300000000001,137
2016,099074,"CRAB, NIMBLE SPRAY",0,1144,183.54,27
2016,098485,"CRAB, FALSE ARROW",0,1122,914.25,41
2016,169632,"ANGELFISH, GRAY",1,1075,13819.5,147
2016,082379,"SQUID, ATLANTIC BRIEF",0,1052,1764,95
2016,208674,"TURTLES, NORTH AMERICAN SOFTSHELL",0,1014,952.39,17
2016,166170,SQUIRRELFISHES,0,1012.78,850.19,102
2016,096601,"SHRIMPS, PISTOL OR SNAPPING",0,1002,1028.4,65
2016,166787,"ROSEFISH, BLACKBELLY",0,976.77,1626.52,28
2016,644844,PIPEFISHES,0,972,2540.25,104
2016,167686,"BASSES, MIXED SEA",0,954.78,1163.26,66
2016,098483,"CRAB, YELLOWLINE ARROW",0,950,2399.4,111
2016,167762,"GROUPER, YELLOWMOUTH",1,912.5600000000001,3754.91,13
2016,169196,"PORGY, GRASS",0,869.13,707.4300000000001,77
2016,169626,"ANGELFISH, BLUE",0,835,14063.51,139
2016,079611,SCALLOPS,0,732,752,14
2016,097863,"HERMIT, POLKADOTTED",0,726,282.5,36
2016,082603,"OCTOPUS, COMMON",0,690.5,1879.25,73
2016,167700,"HIND, RED",1,679.96,2070.84,98
2016,012303,CORALLINACEAE,0,679,1726.25,16
2016,169237,DRUMS,0,677,398.69,158
2016,172254,"TANG, BLUE",1,676,3487.44,81
2016,051774,"CASSIOPEA, JAMAICAN",0,656,1006.9,21
2016,169623,"ANGELFISH, QUEEN",1,618,13553.95,96
2016,166862,"SCORPIONFISH, REEF",0,617,487.25,34
2016,158309,"CUCUMBERS, OTHER SEA",0,601,4489,42
2016,168857,"SNAPPER, DOG",1,597.87,693.73,17
2016,169086,PORKFISH,0,586,4594.1,33
2016,097671,"LOBSTER, SPANISH",0,569.1,2998.5,15
2016,051483,JELLYFISH,0,564,6006.5,7
2016,070298,"CONCH, OTHER",0,564,990.15,12
2016,158854,"TUNICATES, SEA SQUIRTS",0,560,4876.7,34
2016,157826,"URCHIN, SLATE PENCIL",0,536,410.34000000000003,42
2016,173235,BOXFISHES,0,535,400,48
2016,166454,"PIPEFISH, SARGASSUM",0,511,1019.5,27
2016,170080,"CHROMIS, BLUE",0,493,1837,19
2016,169314,JACKKNIFE-FISH,0,478,3909.1,45
2016,166487,SEAHORSES,0,444,2008.5,48
2016,096421,"SHRIMP, PEDERSON CLEANER",0,417,922.6,25
2016,170928,"JAWFISH, YELLOWHEAD",0,398,1730,19
2016,098888,"CRAB, REDFINGER RUBBLE",0,369,1866.4,45
2016,167696,"HIND, ROCK",1,364.02,951.91,92
2016,167793,"PERCH, SAND",0,338.96,1275.63,25
2016,173246,"COWFISH, HONEYCOMBED",0,338,522.5,12
2016,097660,"LOBSTERS, SLIPPER",0,335,357.75,19
2016,646513,HIGH-HAT,0,333,794.5,33
2016,052484,"CORALLIMORPH, FLORIDA",0,316,1747,11
2016,079820,"FILECLAM, SPINY",0,316,1132.2,19
2016,164729,"HAKES, RED AND WHITE",0,313.12,293.25,18
2016,166972,SEAROBINS,0,272,1475.5,29
2016,173752,"TURTLES, SNAPPING",0,267.9,569.35,14
2016,171165,"BLENNY, FLORIDA",0,237,618.5,35
2016,172252,"SURGEON, OCEAN",0,235,1269.04,25
2016,074187,"CONCH, HORSE",0,231,189,24
2016,636786,"GOBY,NEON",0,230,664.5,17
2016,168684,"MOONFISH, ATLANTIC",0,229,110.2,20
2016,169633,"ANGELFISH, FRENCH",1,222,5288.99,40
2016,171124,"BLENNY, OTHER",0,213,446.6,15
2016,167806,"HAMLET, BUTTER",0,205,607.8000000000001,31
2016,079118,CLAMS,0,200,6074,20
2016,078022,"HARES, SEA",0,196,920,13
2016,082607,"OCTOPUS, ATLANTIC PYGMY",0,187,945,34
2016,173391,PORCUPINEFISH,0,181,315,21
2016,167703,"GROUPER, MISTY",1,179.15,386.74,5
2016,169625,"BEAUTY, ROCK",0,169,1073,32
2016,072743,"COWRIE, ATLANTIC DEER",0,161,249.5,23
2016,173245,"COWFISH, SCRAWLED",0,160,408.90000000000003,17
2016,168204,FLAMEFISH,0,148,344.3,27
2016,167800,"BASS, LONGTAIL",0,143.72,163.5,15
2016,074182,"TULIP, TRUE",0,143,665.45,24
2016,098200,"HERMIT, GIANT",0,137,310,18
2016,168176,BIGEYES,0,135.5,190.5,17
2016,181220,GRAYSBY,1,125.60000000000001,306,41
2016,170568,BLUEHEAD,0,122,393,12
2016,164593,"BATFISH, OTHER",0,116,194,11
2016,168548,"TILEFISH, SAND",1,113.01,205.46,20
2016,097298,"SHRIMP, BANDED CORAL",0,112,180.5,27
2016,168738,"RUNNER, RAINBOW",1,109.66,157.5,10
2016,161123,EELS,0,108.5,94,4
2016,098170,PAGURISTES ERYTHROPS,0,105,144,5
2016,170477,"WRASSE, OTHER",0,100,594.5,24
2016,166794,"SCORPIONFISH, SPINYCHEEK",0,98.8,99.75,19
2016,169558,"BUTTERFLYFISH, FOUREYE",0,98,298,15
2016,161188,"MORAY, SPOTTED",0,97,172,33
2016,157366,"STAR, BASKET",0,96,411,29
2016,173139,"TRIGGERFISH, QUEEN",1,93.16,322.90000000000003,12
2016,052774,"ANEMONE, RINGED",0,91,84.5,4
2016,171433,"BLENNY, MARBLED",0,76,101.25,10
2016,164412,TOADFISHES,0,76,795.5,23
2016,621035,"STINGRAY, YELLOW",0,74,578,38
2016,164457,CLINGFISHES,0,71,126,12
2016,173178,FILEFISHES,0,68,475.25,20
2016,078255,"DORIS, FLORIDA REGAL",0,53,118,13
2016,173128,TRIGGERFISHES,0,52.68,161.5,15
2016,168850,SCHOOLMASTER,1,52.06,134.6,6
2016,096424,"SHRIMP, SPOTTED CLEANER",0,46,108,16
2016,072561,"CONCH, HAWKWING",0,42,132.5,7
2016,170863,"PARROTFISH, REDBAND",1,38,102.5,6
2016,173170,"TRIGGERFISH, OCEAN",1,37.36,55.15,5
2016,161160,"EEL, MORAYS",0,37,342,21
2016,173297,"PUFFER, SOUTHERN",0,37,254.1,17
2016,171746,GOBIES,0,37,104.5,6
2016,169556,"BUTTERFLYFISH, SPOTFIN",0,35,147.70000000000002,21
2016,172253,DOCTORFISH,1,34,100.5,7
2016,173392,BALLOONFISH,0,33,125.5,15
2016,173320,"PUFFER, SHARPNOSE",0,30,20,7
2016,168196,CARDINALFISHES,0,29,41,6
2016,170046,"MAJOR, SERGEANT",0,27,39,3
2016,168567,"REMORAS, OTHER",0,23,38,4
2016,172250,SURGEONFISHES,0,22,69.5,10
2016,167858,"SANDFISH, BELTED",0,19,158,5
2016,170811,"PARROTFISH, BLUE",1,19,329,11
2016,082610,"OCTOPUS, CARIBBEAN REEF",0,19,163,13
2016,169562,"BUTTERFLYFISH, REEF",0,17,48.4,8
2016,170814,"PARROTFISH, RAINBOW",1,12,277,5
2016,203428,FILEFISHES,0,11,16.5,1
2016,098340,"CRABS, BOX",0,11,102.5,8
2016,161186,"MORAY, GREEN",0,7,327,6
2016,170815,"PARROTFISH, PRINCESS",1,5,40,4
2016,160951,"STINGRAY, SOUTHERN",1,5,1408,3
2017,161731,MENHADENS,0,694525455,69369845.6,1644
2017,551680,"SHRIMP, NORTHERN WHITE",1,107621314.11,211785867.32,76741
2017,551570,"SHRIMP, NORTHERN BROWN",1,89470389.03,161859612.71,45289
2017,098696,"CRAB, BLUE",0,54642305.36,69543750.21,314208
2017,079872,"OYSTER, EASTERN",0,18054758.48,111070373.01,106415
2017,551574,"SHRIMP, NORTHERN PINK",1,14985597.81,35317023.52,7381
2017,170335,"MULLET, STRIPED",0,9130940.58,6335596.35,23905
2017,097490,PROCAMBARUS,0,8572449.6,12102102.23,24251
2017,168853,"SNAPPER, RED",1,6879936.32,28351406.812,6670
2017,169288,"DRUM, BLACK",0,5465610.78,5648649.01,17426
2017,163997,"CATFISH, BLUE",0,3990483.58,2063012.85,11832
2017,167702,"GROUPER, RED",1,3860708.98,14082500.73,4445
2017,161748,"HERRING, ATLANTIC THREAD",0,2800301.92,591207.9,432
2017,163954,"FISHES, BUFFALO",0,2797875.56,632666.35,4329
2017,172435,"MACKEREL, KING",1,2782539.86,5185208.71,3750
2017,914179,OSTEICHTHYES,0,2736362.75,637584.61,1529
2017,095600,"SHRIMP, MARINE",0,2722669,2342410.45,155
2017,098810,"CRAB, STONE",0,2182785.28,24914070.7859,55289
2017,168909,"SNAPPER, VERMILION",1,1612855.57,4494302.808,6042
2017,095603,"SHRIMPS, BAIT",0,1435057.63,7338734.44,12357
2017,097648,"LOBSTER, CARIBBEAN SPINY",1,1421294.08,12248122.45,8898
2017,172423,"TUNA, YELLOWFIN",1,1340073.58,4939742.73,943
2017,096893,"SHRIMP, PEPPERMINT",0,1306315,352049.73,1078
2017,158019,"DOLLARS, KEYHOLE SAND",0,1282718,639417,102
2017,083677,CRUSTACEANS,0,1264127,304594,47
2017,168725,"SCAD, ROUND",0,1191522.03,763728.25,148
2017,161111,LADYFISH,0,1164429.75,976074.29,4097
2017,161737,"SHAD, GIZZARD",0,1159608,577105.8200000001,657
2017,161700,HERRINGS,0,1119548.73,349917.10000000003,878
2017,566920,TURBINIDAE,0,1032761,140609.28,671
2017,684690,"SHRIMP,FARFANTEPENAEUS",0,1021996.87,4199578.91,15695
2017,169189,SHEEPSHEAD,0,977386.9400000001,653437.71,9814
2017,098191,"HERMIT, TRICOLOR",0,835472,101710.85,353
2017,161763,"SARDINE, SPANISH",0,807228,142005.45,52
2017,167699,"GROUPER, YELLOWEDGE",1,787412.84,3216968.79,707
2017,163998,"CATFISH, CHANNEL",0,747286.39,545911.1,2617
2017,160318,"SHARK, BLACKTIP",1,728507.87,281173.4,828
2017,168907,"SNAPPER, YELLOWTAIL",1,687627.1,1944225.5899999999,1830
2017,172436,"MACKEREL, SPANISH",1,629178.16,671643.16,5063
2017,201897,"GAR, ALLIGATOR",0,625498.3200000001,458663.94,992
2017,095750,"SHRIMP, ATLANIC SEABOB",0,587455,228873.36000000002,430
2017,167759,"GROUPER, GAG",1,576964.88,2572316.935,2947
2017,168546,"TILEFISH, GOLDEN",1,472422.3,1362330.35,524
2017,168689,"AMBERJACK, GREATER",1,453730.01,784006.2000000001,834
2017,168609,"JACK, CREVALLE",1,445367.61,351908.06,3633
2017,169364,"DRUM, FRESHWATER",0,439722.9,75257.58,1817
2017,172482,SWORDFISH,1,422643.47000000003,1241072.93,472
2017,163692,"CARP, BIGHEAD",0,387552.8,44943.31,1252
2017,172568,"BUTTERFISH,GULF",0,380260,133276.4,25
2017,161755,"SARDINE, SCALED",0,306828.7,69254.61,208
2017,096027,"SHRIMPS, ROCK",0,302581,738073.55,202
2017,169013,MOJARRAS,0,258058.98,254608.81,4710
2017,164029,"CATFISH, FLATHEAD",0,238510.21,136780.8,1749
2017,160275,"SHARK, BULL",1,232507.80000000002,90005.55,306
2017,095601,"SHRIMPS, PENAEOID",0,225772.69,705493.8,1049
2017,161104,BOWFIN,0,222907.32,177724.29,1010
2017,169055,GRUNTS,0,210011.31,226990.42,1977
2017,158018,"DOLLARS, OTHER SAND",0,207920,37534.25,43
2017,096028,"SHRIMP, ROCK",1,207254.57,598128.23,225
2017,095966,"SHRIMP, ROYAL RED",1,204339,750161.35,48
2017,167763,SCAMP,1,190951.74,784671.682,2221
2017,163537,"CARP, GRASS",0,166780,33041.28,1067
2017,168559,BLUEFISH,0,154649.31,58688.9,2095
2017,167687,"BASS, BLACK SEA",1,153449.74,172485.57,1362
2017,071935,CERITHIDEA,0,149997,16983.91,160
2017,168848,"SNAPPER, GRAY",1,136854.35,381882.872,3391
2017,169180,PORGIES,0,127828.47,158584.45,1123
2017,172402,"TUNA, LITTLE TUNNY",1,126827.16,71145.08,870
2017,168849,"SNAPPER, MUTTON",1,125729.65000000001,344143.42,559
2017,169283,"CROAKER, ATLANTIC",0,123537.39,787300.75,3441
2017,169207,"PORGY, RED",1,119764.76000000001,156704.73,1406
2017,163691,"CARP, SILVER",0,117300,23801.54,168
2017,160200,"SHARK, ATLANTIC SHARPNOSE",1,115267.73,56112.3,827
2017,168677,"SCAD, BIGEYE",0,115041.55,21186.5,69
2017,169809,TILAPIAS,0,108377.22,68211.61,568
2017,172734,"FLOUNDERS, PARALICHTHYS",0,106676.75,338720.29,2440
2017,163344,"CARP, COMMON",0,105850.5,12586.970000000001,1110
2017,074107,"NASSA, BRUISED",0,104234,10702.35,71
2017,167705,"GROUPER, SNOWY",1,101017.69,386665.96,499
2017,160806,RAYS,0,100331,35231.75,131
2017,098612,"CRAB, GREEN CLINGING",0,97828,54081.200000000004,295
2017,170333,MULLETS,0,96476.59,233237.13,2010
2017,161732,"MENHADEN, ATLANTIC",0,93218.75,48604.75,99
2017,168708,"POMPANO, FLORIDA",0,89609.44,379720.75,1586
2017,172413,"MACKEREL, ATLANTIC CHUB",0,88384,20574.03,28
2017,170336,"MULLET, WHITE",0,88171.96,94500.73,973
2017,099084,"CRABS, FIDDLER",0,87364.52,9181.01,19
2017,168612,"RUNNER, BLUE",1,86530.7,66482.85,1418
2017,169290,"DRUM, RED",1,86153,224278.53,1313
2017,169187,PINFISH,0,86028.91,226541.27000000002,2437
2017,169239,"SEATROUT, SPOTTED",0,77562.81,309038.76,1355
2017,070088,"TURBAN, CHESTNUT",0,76628,10829.89,120
2017,160409,"SHARK, FINETOOTH",1,75002.76,51027.85,153
2017,168566,COBIA,1,73461.27,273873.41000000003,1411
2017,168543,"TILEFISH, BLUELINE",1,72302.21,116156.79000000001,182
2017,074103,NASSARIUS,0,66312,6683.7,40
2017,196434,"SPONGE, YELLOW",0,64336,132812.15,101
2017,168615,"JACK, BAR",1,63141.060000000005,68602.53,1171
2017,173138,"TRIGGERFISH, GRAY",1,62645.17,123499.31,1838
2017,167698,"HIND, SPECKLED",1,60986.31,213510.432,440
2017,160189,"SHARK, TIGER",1,60927.05,18945.15,97
2017,160401,"SHARK, SPINNER",1,60499.31,39017.4,105
2017,163342,MINNOWS,0,57858.28,136556.59,253
2017,168670,"BUMPER, ATLANTIC",0,56539,28674.3,748
2017,166882,LIONFISHES,0,54774.57,260210.49000000002,844
2017,167704,"GROUPER, WARSAW",1,51806.630000000005,176052.43,339
2017,172451,WAHOO,1,51018.57,94706.66,303
2017,167760,"GROUPER, BLACK",1,46753.090000000004,204930.38,421
2017,172736,"FLOUNDER, GULF",0,43999.590000000004,153028.74,1516
2017,168860,"SNAPPER, LANE",1,42615.32,107573.23,2377
2017,168584,JACKS,0,41316.46,28276.03,585
2017,172362,ESCOLAR,0,39282.93,34952.75,164
2017,169273,KINGFISHES,0,37704.97,44208.42,1123
2017,172419,"TUNA, ALBACORE",1,37546.31,28780,62
2017,069459,"SNAIL, OTHER",0,36928.55,33629.04,302
2017,098276,"CRABS, BRACHYURA",0,35679.35,26649.420000000002,160
2017,082367,SQUIDS,0,31619.2,23212.75,248
2017,161092,GARFISHES,0,31502.82,34309.9,74
2017,169197,"PORGY, JOLTHEAD",1,31305.66,47975.6,490
2017,553178,SPADEFISH,0,30775.3,24575.4,213
2017,047614,HIPPOSPONGIA,0,25873,131455.23,122
2017,172567,BUTTERFISH,0,25401,21780.25,393
2017,074075,"WHELK, LIGHTNING",0,24941,9821.75,34
2017,160433,"SHARK, LEMON",1,23577,7694.1500000000005,48
2017,164157,"CATFISHES, SEA",0,23392.2,10706.53,616
2017,168861,"SNAPPER, SILK",1,20547.170000000002,64997.61,236
2017,172738,"FLOUNDER, SOUTHERN",0,19311.58,67818.95,537
2017,082703,"CRAB, HORSESHOE",0,19170,23623.3,192
2017,168691,"JACK, ALMACO",1,18991.59,28913.64,352
2017,165459,BALLYHOOS,0,18918.13,12443,8
2017,172428,"TUNA, BIGEYE",1,18818.75,93499.47,95
2017,052794,"ANEMONE, RED BEADED",0,18625,66755.3,142
2017,170566,HOGFISH,1,17838.39,80522.29000000001,329
2017,157921,"URCHIN, GREEN SEA",0,16715,39122.65,238
2017,172513,"DRIFTFISH, BLACK",0,16543.05,35118.75,46
2017,169267,SPOT,0,16405.43,5605.22,617
2017,168680,LOOKDOWN,0,16109,22522.2,131
2017,168709,PERMIT,0,15767.95,32089.46,158
2017,172427,"TUNA, BLACKFIN",1,15457.14,19575.692000000003,233
2017,082590,OCTOPUSES,0,14720.89,38980.43,318
2017,650251,"BARRACUDA, GREAT",1,14162.58,11033.06,197
2017,169243,"SEATROUT, SAND",0,13593.77,13310.28,781
2017,081499,"CLAM, SOUTHERN QUAHOG",0,13347.66,115665.77,134
2017,172421,"TUNA, BLUEFIN",1,12589.130000000001,52396.6,22
2017,172702,FLATFISHES,0,12046,32776.85,647
2017,166493,"SEAHORSE, DWARF",0,11911,31265.75,121
2017,206947,"CRABS, HERMIT",0,11807,7779.6,134
2017,170424,BARRACUDAS,0,11684.07,19912.37,216
2017,169201,"PORGY, KNOBBED",1,11349.710000000001,13763.43,374
2017,168913,WENCHMAN,1,11296.47,5194.75,21
2017,070159,"SNAIL, NERITES",0,10747,2005.3,19
2017,196436,"SPONGE, GRASS",0,10733,28765.66,56
2017,168791,DOLPHIN,1,10200.9,25248.65,269
2017,082369,"SQUIDS, LOLIGINIDAE",0,9983.15,11689.25,412
2017,160515,"SHARK, HAMMERHEAD, GREAT",1,9980.51,6986.1900000000005,55
2017,173433,FROGS,0,9566,23852.25,148
2017,161094,"GAR, LONGNOSE",0,9527.85,4678.83,182
2017,169007,TRIPLETAIL,1,9036,32333.82,225
2017,098088,"CRAB, SPOTTED PORCELAIN",0,8919.25,5110.46,152
2017,168693,"RUDDERFISH, BANDED",1,8721.16,7565.724,255
2017,167691,"BASS, ROCK SEA",1,8543.2,10348,84
2017,159851,"SHARKS, PELAGIC",0,8541.45,135287.54,191
2017,172385,"CUTLASSFISH, ATLANTIC",0,8295.880000000001,9844.5,153
2017,168899,"SNAPPER, BLACK",1,8178.08,27949.64,43
2017,161738,"SHAD, THREADFIN",0,7944,964.25,141
2017,169077,PIGFISH,0,6869.38,71199.35,270
2017,072556,"CONCH, FLORIDA FIGHTING",0,6623,9983.5,81
2017,095599,"CRABS, SHRIMPS, LOBSTERS",0,5907,6881.1500000000005,73
2017,169275,"KINGFISH, GULF",0,5785,11515.050000000001,7
2017,167858,"SANDFISH, BELTED",0,5637,1233.5,11
2017,052541,"ANEMONE, OTHER",0,5503,5714,22
2017,168607,"JACK, YELLOW",0,5441.8,7388.76,63
2017,159924,"SHARK, MAKO, SHORTFIN",1,5299.95,6411.2,32
2017,169539,"SPADEFISH, ATLANTIC",1,4865.84,4533.49,509
2017,168852,"SNAPPER, BLACKFIN",1,4798.6500000000005,13224.35,51
2017,046861,SPONGES,0,4743,99658.95,62
2017,098131,"CRABS, SAND",0,4405.53,35972.89,159
2017,051938,CORALS,0,4284,22540.5,208
2017,168902,"SNAPPER, QUEEN",1,4282.96,15612.45,55
2017,168790,DOLPHINFISH,0,4234,6253.91,148
2017,052440,"MAT, GREEN SEA",0,4207.25,1006.0400000000001,11
2017,164159,"CATFISH, GAFFTOPSAIL",0,4205.36,6762.1,111
2017,047528,"SPONGES, DEMOSPONGIAE",0,4167,13554.5,166
2017,169200,"PORGY, WHITEBONE",1,3927.36,7347.75,83
2017,160508,"SHARK, HAMMERHEAD, SCALLOPED",1,3869.4,2064.17,23
2017,079819,"fileclam, rough",0,3814,2969.6,51
2017,158323,"CUCUMBER, FLORIDA SEA",0,3771,2878.65,153
2017,172364,OILFISH,0,3704.23,3783.5,32
2017,157906,"URCHIN, PURPLE-SPINED SEA",0,3376,25574.440000000002,24
2017,168845,SNAPPERS,0,3368.9,12792.5,85
2017,172566,"HARVESTFISH, NORTHERN",0,3367,1437.3500000000001,19
2017,173747,REPTILES,0,3364,3602.63,56
2017,078156,NUDIBRANCHS,0,3344,3576.44,43
2017,567533,"SLUG, LETTUCE",0,3246,1403.5,29
2017,168602,"POMPANO, AFRICAN",1,3239.6,6066.3,97
2017,169237,DRUMS,0,2968,2081.81,187
2017,166704,SCORPIONFISHES,0,2862.58,5606.16,149
2017,052433,"ANEMONE, SUN ZOANTHID",0,2773,3129.5,10
2017,047782,"SPONGE, RED BALL",0,2735,10288.5,105
2017,098485,"CRAB, FALSE ARROW",0,2647,1247.9,59
2017,157821,"URCHINS, SEA",0,2597,15085.98,28
2017,165460,BALLYHOO,0,2596.5,14610,81
2017,202423,ANIMALIA,0,2540,38365.39,59
2017,099140,"SHRIMPS, MANTIS",0,2483.8,11754.5,147
2017,615846,"BURRFISH, STRIPED",0,2453,2253.8,129
2017,160946,STINGRAYS,0,2409.38,23697.54,193
2017,073236,"SNAIL, MUREX",0,2381,1934.9,18
2017,168690,"AMBERJACK, LESSER",1,2376.57,3525,34
2017,097298,"SHRIMP, BANDED CORAL",0,2376,1926.98,21
2017,172437,CERO,1,2370.75,4858.01,43
2017,164807,"EELS, CUSK",0,2224,3595.4,89
2017,166488,"SEAHORSE, LINED",0,2142,10540.5,184
2017,098483,"CRAB, YELLOWLINE ARROW",0,2027,2761.4500000000003,111
2017,172512,BARRELFISH,0,2011.14,5631.9000000000005,37
2017,157520,"STAR, SERPENT BRITTLE",0,1970,2602.9,150
2017,168847,"SNAPPER, CUBERA",1,1969.45,3585.4300000000003,36
2017,169240,"SEATROUT, SILVER",0,1910.7,3310.53,47
2017,167703,"GROUPER, MISTY",1,1861.06,779.6,7
2017,660512,"CRAB, FURCATE SPIDER",0,1854.5,5502.8,129
2017,165629,KILLIFISHES,0,1852.9,41457.14,463
2017,173283,PUFFERS,0,1752.01,3529.9300000000003,283
2017,169196,"PORGY, GRASS",0,1628.25,1426.13,107
2017,173183,"FILEFISH, PLANEHEAD",0,1601.75,1174.75,77
2017,167686,"BASSES, MIXED SEA",0,1557.5900000000001,1912.6100000000001,56
2017,009309,BRYOPSIDALES,0,1495,5081.1500000000005,38
2017,168544,"TILEFISH, GOLDFACE",1,1472.8,3147.77,7
2017,074222,"SNAIL, OLIVE",0,1363,1294.1000000000001,30
2017,157187,"STARFISH, SPINY",0,1360,10572.550000000001,149
2017,169632,"ANGELFISH, GRAY",1,1324,16854.1,158
2017,098811,"CRAB, FLORIDA STONE",0,1306.1000000000001,4824.53,129
2017,097660,"LOBSTERS, SLIPPER",0,1271,520.5,56
2017,074101,"CONCH, CROWN",0,1260,748.25,19
2017,097671,"LOBSTER, SPANISH",0,1201.8,1602.2,14
2017,006962,"PLANT, CAULERPA",0,1171.5,9034.5,101
2017,006409,ULOTRICHALES,0,1119.3500000000001,23863,80
2017,164729,"HAKES, RED AND WHITE",0,1111.02,1486.5,36
2017,052266,"GORGONIAN, SEA BLADES",0,1110,2681.9,74
2017,169626,"ANGELFISH, BLUE",0,1101,17965.3,182
2017,157826,"URCHIN, SLATE PENCIL",0,1081,998.4,54
2017,098188,"HERMIT, THINSTRIPE",0,1030,635.8000000000001,23
2017,051774,"CASSIOPEA, JAMAICAN",0,1017,1896.75,20
2017,167793,"PERCH, SAND",0,1015.36,4984.6900000000005,46
2017,156862,"STARS, OTHER SEA",0,988,1854.3,35
2017,166454,"PIPEFISH, SARGASSUM",0,969,1876.75,79
2017,006949,"PLANT, MERMAID'S SHAVING BRUSH",0,966,741.86,28
2017,166787,"ROSEFISH, BLACKBELLY",0,960.74,1796.63,46
2017,006922,"PLANT, HALIMEDA",0,929,996.5600000000001,26
2017,644844,PIPEFISHES,0,927,2363.5,92
2017,169623,"ANGELFISH, QUEEN",1,922,17625.41,157
2017,166862,"SCORPIONFISH, REEF",0,922,567.75,64
2017,157486,"STAR, BLACK BRITTLE",0,876,1988.64,32
2017,166487,SEAHORSES,0,785,3381,92
2017,078022,"HARES, SEA",0,772,1584.5,34
2017,160502,"SHARK, BONNETHEAD",1,763,3055,7
2017,170809,PARROTFISHES,0,756,348.6,6
2017,173245,"COWFISH, SCRAWLED",0,751,626.3000000000001,55
2017,167744,"GROUPER, MARBLED",1,726.88,2103.5,20
2017,172401,"TUNA, SKIPJACK",1,691.73,573.59,7
2017,173752,"TURTLES, SNAPPING",0,690,1690.9,18
2017,172254,"TANG, BLUE",1,664,3403.55,63
2017,157958,"URCHIN, ROCK BORING",0,655,549.5,19
2017,079611,SCALLOPS,0,648,2903.5,29
2017,166972,SEAROBINS,0,600,2713,47
2017,208674,"TURTLES, NORTH AMERICAN SOFTSHELL",0,590,609.75,30
2017,082379,"SQUID, ATLANTIC BRIEF",0,584.5,1552,73
2017,167696,"HIND, ROCK",1,584.1,1964.8,66
2017,069948,TEGULA,0,578,148.73,5
2017,074182,"TULIP, TRUE",0,570,897.25,25
2017,098200,"HERMIT, GIANT",0,546,723.75,38
2017,636786,"GOBY,NEON",0,541,1578.65,31
2017,082603,"OCTOPUS, COMMON",0,540,834.5,60
2017,168850,SCHOOLMASTER,1,530.58,1407,11
2017,173246,"COWFISH, HONEYCOMBED",0,525,367.5,36
2017,172714,"FLOUNDERS, LEFTEYED",0,512,1004,10
2017,167700,"HIND, RED",1,493.09000000000003,1343.59,89
2017,158309,"CUCUMBERS, OTHER SEA",0,472,3449,32
2017,168857,"SNAPPER, DOG",1,460.45,522.1,19
2017,166170,SQUIRRELFISHES,0,458,423.01,94
2017,167762,"GROUPER, YELLOWMOUTH",1,450.29,1549.6000000000001,9
2017,096601,"SHRIMPS, PISTOL OR SNAPPING",0,439,467.05,56
2017,097863,"HERMIT, POLKADOTTED",0,418,599,10
2017,157325,"STARS, BRITTLE",0,415,914,21
2017,169633,"ANGELFISH, FRENCH",1,396,6384.1,78
2017,098888,"CRAB, REDFINGER RUBBLE",0,393,1607,50
2017,172735,"FLOUNDER, SUMMER",0,385,534.75,8
2017,170080,"CHROMIS, BLUE",0,338,1156,9
2017,166794,"SCORPIONFISH, SPINYCHEEK",0,328.64,399.04,30
2017,163996,"CATFISHES, CHANNEL",0,287,182.23,13
2017,181220,GRAYSBY,1,284.37,968.5,29
2017,164524,"FROGFISH, OCELLATED",0,256,2636,45
2017,072561,"CONCH, HAWKWING",0,254,116.25,6
2017,171124,"BLENNY, OTHER",0,251,352.40000000000003,22
2017,646513,HIGH-HAT,0,247,561,40
2017,169086,PORKFISH,0,226,919.8000000000001,26
2017,167674,GROUPERS,0,222.36,1286.75,23
2017,079118,CLAMS,0,220,3157,18
2017,096421,"SHRIMP, PEDERSON CLEANER",0,218,662,23
2017,167764,"GROUPER, YELLOWFIN",1,213.5,720.1,8
2017,164034,BULLHEADS,0,211,56.45,8
2017,164412,TOADFISHES,0,205,743.5,63
2017,173297,"PUFFER, SOUTHERN",0,202,1195.2,20
2017,167800,"BASS, LONGTAIL",0,198.28,235.69,28
2017,012303,CORALLINACEAE,0,195,750,4
2017,170928,"JAWFISH, YELLOWHEAD",0,193,1037,9
2017,173235,BOXFISHES,0,191,257,16
2017,169314,JACKKNIFE-FISH,0,190,1734.4,33
2017,168738,"RUNNER, RAINBOW",1,182.04,236.1,10
2017,169203,"PORGY, LITTLEHEAD",0,171.64000000000001,460.64,19
2017,173170,"TRIGGERFISH, OCEAN",1,169.82,296.85,14
2017,169625,"BEAUTY, ROCK",0,155,1036.57,18
2017,168548,"TILEFISH, SAND",1,152.54,212.4,33
2017,170477,"WRASSE, OTHER",0,139,148,18
2017,173320,"PUFFER, SHARPNOSE",0,136,101,17
2017,164593,"BATFISH, OTHER",0,132.5,576.25,21
2017,168178,BIGEYE,0,126.72,145,25
2017,082607,"OCTOPUS, ATLANTIC PYGMY",0,126,1421.25,39
2017,168204,FLAMEFISH,0,121,311.6,23
2017,169241,WEAKFISH,0,116.3,222.55,12
2017,157366,"STAR, BASKET",0,115,359.75,27
2017,171165,"BLENNY, FLORIDA",0,97,280.5,26
2017,168176,BIGEYES,0,91.4,142.5,14
2017,078255,"DORIS, FLORIDA REGAL",0,89,158.75,21
2017,170568,BLUEHEAD,0,87,269.5,7
2017,168684,"MOONFISH, ATLANTIC",0,79,46.5,20
2017,169558,"BUTTERFLYFISH, FOUREYE",0,79,218.4,16
2017,170815,"PARROTFISH, PRINCESS",1,77,93,7
2017,172250,SURGEONFISHES,0,70,696,14
2017,164457,CLINGFISHES,0,63,168,15
2017,157987,"BISCUITS, SEA",0,60,1193.8500000000001,8
2017,164818,"BROTULA, BEARDED",0,56.44,41.87,6
2017,167806,"HAMLET, BUTTER",0,49,138,16
2017,173139,"TRIGGERFISH, QUEEN",1,46.76,91.9,6
2017,074187,"CONCH, HORSE",0,44,292,9
2017,173178,FILEFISHES,0,44,194.5,14
2017,171746,GOBIES,0,43,136.6,8
2017,164518,FROGFISHES,0,40,435,3
2017,166155,"BREAM, RED",0,39,46.45,8
2017,164520,SARGASSUMFISH,0,37,66.5,6
2017,161160,"EEL, MORAYS",0,34,271,13
2017,169556,"BUTTERFLYFISH, SPOTFIN",0,33,114.2,13
2017,082610,"OCTOPUS, CARIBBEAN REEF",0,30,186,19
2017,099074,"CRAB, NIMBLE SPRAY",0,29,48.75,12
2017,096424,"SHRIMP, SPOTTED CLEANER",0,29,222.5,6
2017,161189,"MORAY, BLACKEDGE",0,28,97,12
2017,098340,"CRABS, BOX",0,24,532,8
2017,615345,BEAUGREGORY,0,23,53.6,5
2017,157518,"STAR, SCALY BRITTLE",0,22,91.98,4
2017,621035,"STINGRAY, YELLOW",0,18,208,9
2017,614740,"PARROTFISH, STRIPED",1,17,58,10
2017,170116,"DAMSELFISH, YELLOWTAIL",0,17,72,7
2017,160845,SKATES,0,16.75,18.38,2
2017,170925,"JAWFISHES, SPOTFIN",0,16,52,7
2017,161188,"MORAY, SPOTTED",0,14,56,11
2017,169563,"BUTTERFLYFISH, BANDED",0,14,76.8,6
2017,170506,"WRASSE, YELLOWHEAD",0,14,40.9,4
2017,160846,SKATES,0,9,738.5,9
2017,169562,"BUTTERFLYFISH, REEF",0,8,20,7
2017,160951,"STINGRAY, SOUTHERN",1,7,85.5,5
2018,161731,MENHADENS,0,857053364,90531152.09,2065
2018,551570,"SHRIMP, NORTHERN BROWN",1,111222416.7,177021288.31,46114
2018,551680,"SHRIMP, NORTHERN WHITE",1,80733514.38,157287341.67,61191
2018,098696,"CRAB, BLUE",0,53343947.63,76644671.14,306762
2018,551574,"SHRIMP, NORTHERN PINK",1,16884019.71,39022228.67,7931
2018,079872,"OYSTER, EASTERN",0,15655655.37,104207229.89,87388
2018,097490,PROCAMBARUS,0,11177671,12548800.38,25795
2018,170335,"MULLET, STRIPED",0,7964631.3100000005,5512503.81,19913
2018,168853,"SNAPPER, RED",1,6847569.83,28967497.922,6319
2018,169288,"DRUM, BLACK",0,4235681.81,4362264.63,13384
2018,163997,"CATFISH, BLUE",0,3699046,2487808.06,10233
2018,172435,"MACKEREL, KING",1,2917124.9699999997,5578669.7,3263
2018,167702,"GROUPER, RED",1,2749079.16,11146191.48,3948
2018,163954,"FISHES, BUFFALO",0,2638751.27,602000.87,3772
2018,097648,"LOBSTER, CARIBBEAN SPINY",1,2449498.94,18330833.47,9628
2018,161748,"HERRING, ATLANTIC THREAD",0,2261679.04,485108.24,292
2018,161111,LADYFISH,0,1931355.3,1458087.1400000001,3425
2018,098810,"CRAB, STONE",0,1851803.85,27630090.368,50677
2018,161763,"SARDINE, SPANISH",0,1779755.3,393031.24,78
2018,096893,"SHRIMP, PEPPERMINT",0,1750236,439424.65,1096
2018,169189,SHEEPSHEAD,0,1641957.2000000002,984122.38,7985
2018,161700,HERRINGS,0,1587711.3,427001.55,1210
2018,161737,"SHAD, GIZZARD",0,1488754.6,680355.48,1052
2018,168909,"SNAPPER, VERMILION",1,1399415.77,3994353.983,5292
2018,095603,"SHRIMPS, BAIT",0,1363296.69,6945413.93,11758
2018,914179,OSTEICHTHYES,0,1188780.29,469514.66000000003,1441
2018,172436,"MACKEREL, SPANISH",1,1150890.26,849415.85,4786
2018,160318,"SHARK, BLACKTIP",1,1135513.3,444907.69,1262
2018,684690,"SHRIMP,FARFANTEPENAEUS",0,1042167.24,4242545.2,15435
2018,566920,TURBINIDAE,0,1039494,139445.01,642
2018,095600,"SHRIMP, MARINE",0,901529,898861.8,99
2018,172423,"TUNA, YELLOWFIN",1,888710.17,3530216.23,661
2018,163998,"CATFISH, CHANNEL",0,814634.25,641731.03,2511
2018,167699,"GROUPER, YELLOWEDGE",1,759924.23,3304085.98,672
2018,168725,"SCAD, ROUND",0,747965.39,498928,85
2018,098191,"HERMIT, TRICOLOR",0,692125,73250.7,330
2018,158019,"DOLLARS, KEYHOLE SAND",0,597382,56669.5,78
2018,201897,"GAR, ALLIGATOR",0,595992.49,434702.8,995
2018,167759,"GROUPER, GAG",1,579566.09,2779848.52,2684
2018,168907,"SNAPPER, YELLOWTAIL",1,532941.99,1752815.0899999999,1605
2018,169364,"DRUM, FRESHWATER",0,505926.09,106120.88,1616
2018,095750,"SHRIMP, ATLANIC SEABOB",0,469966.73,203164.36000000002,204
2018,099084,"CRABS, FIDDLER",0,446438,58216.08,154
2018,095601,"SHRIMPS, PENAEOID",0,401906.89,1318987.76,1377
2018,168689,"AMBERJACK, GREATER",1,325840.79,587149.67,493
2018,168546,"TILEFISH, GOLDEN",1,324393.37,878758.9400000001,401
2018,163692,"CARP, BIGHEAD",0,298536,30551.52,1041
2018,168609,"JACK, CREVALLE",1,289950.26,233866.19,2968
2018,161755,"SARDINE, SCALED",0,271747.16000000003,58143.9,159
2018,164029,"CATFISH, FLATHEAD",0,259860.9,149884.82,1423
2018,161104,BOWFIN,0,249998.91,259219.2,977
2018,169013,MOJARRAS,0,249767.99,240634.64,4062
2018,172482,SWORDFISH,1,247676.75,643584.39,384
2018,160275,"SHARK, BULL",1,212867.65,78999.2,282
2018,172568,"BUTTERFISH,GULF",0,194203.19,68022.14,34
2018,169055,GRUNTS,0,191051.6,232419.348,1658
2018,167687,"BASS, BLACK SEA",1,186491.28,244115.288,891
2018,095966,"SHRIMP, ROYAL RED",1,181872,721506.8,40
2018,160401,"SHARK, SPINNER",1,176543.61000000002,79936,282
2018,168677,"SCAD, BIGEYE",0,172079.24,27869.350000000002,68
2018,167763,SCAMP,1,168197.35,757644.71,2159
2018,163691,"CARP, SILVER",0,166471,27535.690000000002,114
2018,169283,"CROAKER, ATLANTIC",0,162576.01,1305846.24,4247
2018,163537,"CARP, GRASS",0,152152.32,33270.1,1004
2018,172567,BUTTERFISH,0,149659,76103.35,415
2018,169207,"PORGY, RED",1,140760.09,203108.85,1460
2018,170336,"MULLET, WHITE",0,139661.69,112633.25,1019
2018,168849,"SNAPPER, MUTTON",1,138751.77,372085.88,591
2018,096027,"SHRIMPS, ROCK",0,132322,189314.2,165
2018,071935,CERITHIDEA,0,132066,15731.66,126
2018,160200,"SHARK, ATLANTIC SHARPNOSE",1,128602,72155.29000000001,793
2018,168559,BLUEFISH,0,127170.68000000001,56367.85,1625
2018,168708,"POMPANO, FLORIDA",0,119438.7,472767.53,1576
2018,163344,"CARP, COMMON",0,114383.45,12419,1081
2018,168848,"SNAPPER, GRAY",1,111893.46,337935.403,2815
2018,170333,MULLETS,0,110707.34,232355.85,1991
2018,161732,"MENHADEN, ATLANTIC",0,109752,50943.46,113
2018,167705,"GROUPER, SNOWY",1,104156.49,432214.02,429
2018,168612,"RUNNER, BLUE",1,101891.13,62149.19,1068
2018,172734,"FLOUNDERS, PARALICHTHYS",0,94894.14,281659.19,1850
2018,169239,"SEATROUT, SPOTTED",0,92608.84,290666.27,1111
2018,096028,"SHRIMP, ROCK",1,92266.96,112211.65000000001,144
2018,169187,PINFISH,0,89816.81,234121.33000000002,2567
2018,169809,TILAPIAS,0,87515.49,54610.020000000004,440
2018,196434,"SPONGE, YELLOW",0,81058.56,170789.05000000002,107
2018,074103,NASSARIUS,0,77962,9125.1,54
2018,160409,"SHARK, FINETOOTH",1,77241.40000000001,60488.75,201
2018,169290,"DRUM, RED",1,76518.64,185104.35,1118
2018,169180,PORGIES,0,76140.86,96067.56,718
2018,168543,"TILEFISH, BLUELINE",1,75905.22,129254.26000000001,155
2018,074107,"NASSA, BRUISED",0,75100,10060,25
2018,167698,"HIND, SPECKLED",1,71526.18000000001,296042.69,348
2018,098612,"CRAB, GREEN CLINGING",0,66389,36911.05,202
2018,173138,"TRIGGERFISH, GRAY",1,64655.05,130930.83,1517
2018,070088,"TURBAN, CHESTNUT",0,63048,7511.66,107
2018,161092,GARFISHES,0,61322.090000000004,69850.85,133
2018,168615,"JACK, BAR",1,59101.270000000004,68931.817,1148
2018,047614,HIPPOSPONGIA,0,57705,394389.47000000003,160
2018,069459,"SNAIL, OTHER",0,46015.6,53628.53,260
2018,172451,WAHOO,1,45658.11,69163.54000000001,248
2018,168670,"BUMPER, ATLANTIC",0,45171,20852.69,683
2018,168913,WENCHMAN,1,43835.13,26793.45,44
2018,168861,"SNAPPER, SILK",1,42858.020000000004,154094.38,304
2018,168566,COBIA,1,40968.22,141077.84,969
2018,167704,"GROUPER, WARSAW",1,40968.13,146941.47,283
2018,082369,"SQUIDS, LOLIGINIDAE",0,40256.55,40792.6,799
2018,167760,"GROUPER, BLACK",1,39858.87,187038.31,365
2018,172736,"FLOUNDER, GULF",0,39009.54,140683.64,1356
2018,160189,"SHARK, TIGER",1,38008.07,17506.57,75
2018,172362,ESCOLAR,0,34917.270000000004,30067.86,117
2018,163342,MINNOWS,0,33525.64,96039.12,234
2018,161738,"SHAD, THREADFIN",0,32793,8752.95,163
2018,160433,"SHARK, LEMON",1,32245.65,14470.25,61
2018,169273,KINGFISHES,0,30415.79,37247.020000000004,889
2018,169267,SPOT,0,30057.72,7259.4400000000005,573
2018,172402,"TUNA, LITTLE TUNNY",1,28035.3,23788.95,465
2018,553178,SPADEFISH,0,27270.7,21848.55,245
2018,166882,LIONFISHES,0,26935.45,133310.37,523
2018,168860,"SNAPPER, LANE",1,26435.36,72099.08,1743
2018,052794,"ANEMONE, RED BEADED",0,25945,138183.5,140
2018,168584,JACKS,0,23429.010000000002,14203.9,415
2018,160515,"SHARK, HAMMERHEAD, GREAT",1,22749.99,5872.71,91
2018,164157,"CATFISHES, SEA",0,21480.850000000002,9712.14,703
2018,168791,DOLPHIN,1,21348.3,52354.37,337
2018,082367,SQUIDS,0,21261.95,15250.5,243
2018,165459,BALLYHOOS,0,21038.75,23063.03,25
2018,196436,"SPONGE, GRASS",0,20950,59708.68,67
2018,172428,"TUNA, BIGEYE",1,20779.41,105852.17,61
2018,168691,"JACK, ALMACO",1,20080.14,30096.02,378
2018,169243,"SEATROUT, SAND",0,16851.33,15694.5,821
2018,170424,BARRACUDAS,0,16793.16,34032.93,196
2018,169197,"PORGY, JOLTHEAD",1,16760.63,27296.02,379
2018,005414,"ALGAE, GREEN",0,16623,56156.3,44
2018,172427,"TUNA, BLACKFIN",1,15943.86,17562.22,173
2018,172702,FLATFISHES,0,15412,45542.200000000004,752
2018,166493,"SEAHORSE, DWARF",0,15323,41250,114
2018,172738,"FLOUNDER, SOUTHERN",0,15279.99,52666.16,420
2018,172419,"TUNA, ALBACORE",1,15039.37,11356,47
2018,157921,"URCHIN, GREEN SEA",0,14475,8635.44,179
2018,098276,"CRABS, BRACHYURA",0,13279,26550.100000000002,140
2018,082703,"CRAB, HORSESHOE",0,13082,20112.100000000002,142
2018,170566,HOGFISH,1,11004.16,50817.735,205
2018,206947,"CRABS, HERMIT",0,10817,18114.98,76
2018,161094,"GAR, LONGNOSE",0,10541.03,4522,152
2018,173433,FROGS,0,10395,27693,72
2018,160806,RAYS,0,9703,4841.03,99
2018,081499,"CLAM, SOUTHERN QUAHOG",0,9481.87,72632.36,56
2018,169201,"PORGY, KNOBBED",1,9289.22,10156.66,269
2018,052440,"MAT, GREEN SEA",0,9023,2975.77,20
2018,167691,"BASS, ROCK SEA",1,8872.42,10579.5,58
2018,168790,DOLPHINFISH,0,8705.6,13685.11,205
2018,159851,"SHARKS, PELAGIC",0,8673.74,170028.30000000002,232
2018,650251,"BARRACUDA, GREAT",1,8649.35,11142.380000000001,134
2018,172385,"CUTLASSFISH, ATLANTIC",0,8455.64,9673.5,177
2018,172513,"DRIFTFISH, BLACK",0,8335.93,14142.75,34
2018,172421,"TUNA, BLUEFIN",1,7937.5,34653.5,14
2018,168852,"SNAPPER, BLACKFIN",1,7924.54,25838.100000000002,67
2018,169539,"SPADEFISH, ATLANTIC",1,7664.55,4678.53,572
2018,072556,"CONCH, FLORIDA FIGHTING",0,7247,8006,73
2018,074075,"WHELK, LIGHTNING",0,6979,7412.25,48
2018,168693,"RUDDERFISH, BANDED",1,6927.34,5911.52,252
2018,098088,"CRAB, SPOTTED PORCELAIN",0,6565,4822.8,138
2018,168902,"SNAPPER, QUEEN",1,6459.71,24307.75,102
2018,169237,DRUMS,0,6296,2933.1,145
2018,169007,TRIPLETAIL,1,6155.89,22455.84,301
2018,082590,OCTOPUSES,0,5999.58,20737.13,228
2018,047782,"SPONGE, RED BALL",0,5681,7629.5,90
2018,047528,"SPONGES, DEMOSPONGIAE",0,5493,13167,93
2018,172564,HARVESTFISHES,0,5297,17246.55,26
2018,051938,CORALS,0,5111,16147,116
2018,172437,CERO,1,5100.95,3301.6,46
2018,098131,"CRABS, SAND",0,4764,37760.43,139
2018,172409,"BONITO, ATLANTIC",0,4704.5,2414.6,11
2018,099140,"SHRIMPS, MANTIS",0,4580.2300000000005,18620.14,302
2018,168709,PERMIT,0,4536.6900000000005,8727.98,117
2018,615846,"BURRFISH, STRIPED",0,4281,3324.75,183
2018,169275,"KINGFISH, GULF",0,4159,5640.6,13
2018,169077,PIGFISH,0,3917.4,40457.5,199
2018,157821,"URCHINS, SEA",0,3843,29024.63,48
2018,160946,STINGRAYS,0,3663.66,9585.67,168
2018,046861,SPONGES,0,3357,24398.25,55
2018,098485,"CRAB, FALSE ARROW",0,3200,935.9,29
2018,169200,"PORGY, WHITEBONE",1,3198.28,6839.4400000000005,72
2018,164159,"CATFISH, GAFFTOPSAIL",0,3194.62,1828.53,82
2018,095599,"CRABS, SHRIMPS, LOBSTERS",0,3177,4175.37,77
2018,166704,SCORPIONFISHES,0,3071.6800000000003,6098.6900000000005,127
2018,164807,"EELS, CUSK",0,2858.8,4680.08,79
2018,168899,"SNAPPER, BLACK",1,2725.05,8570.53,22
2018,168690,"AMBERJACK, LESSER",1,2618.32,3939.34,29
2018,168607,"JACK, YELLOW",0,2600.6,2922.65,34
2018,660512,"CRAB, FURCATE SPIDER",0,2578,4332.6,125
2018,018063,DICOTYLEDONS,0,2406,2214,13
2018,173283,PUFFERS,0,2394.5,3499.7000000000003,262
2018,168602,"POMPANO, AFRICAN",1,2387.79,6161.01,92
2018,165460,BALLYHOO,0,2372.46,14112,62
2018,078156,NUDIBRANCHS,0,2310,2265.1,21
2018,168680,LOOKDOWN,0,2261.06,1950.95,149
2018,172566,"HARVESTFISH, NORTHERN",0,2251,2445.6,26
2018,553173,ANCHOVIES,0,2232,1026.4,8
2018,156862,"STARS, OTHER SEA",0,2197,4187.1,63
2018,567533,"SLUG, LETTUCE",0,2153,1537.98,39
2018,158323,"CUCUMBER, FLORIDA SEA",0,1955,1324.02,100
2018,166488,"SEAHORSE, LINED",0,1920,7560.5,193
2018,052266,"GORGONIAN, SEA BLADES",0,1875,4634,44
2018,097660,"LOBSTERS, SLIPPER",0,1840,525.6,37
2018,079819,"fileclam, rough",0,1826,1338,28
2018,168684,"MOONFISH, ATLANTIC",0,1816,791.2,45
2018,165629,KILLIFISHES,0,1790.53,41245.38,333
2018,173747,REPTILES,0,1775,3614.38,22
2018,173183,"FILEFISH, PLANEHEAD",0,1707,929,66
2018,009309,BRYOPSIDALES,0,1691,1769.65,22
2018,159924,"SHARK, MAKO, SHORTFIN",1,1684.67,1497,11
2018,006962,"PLANT, CAULERPA",0,1660.5,14577,104
2018,074222,"SNAIL, OLIVE",0,1597,987.2,20
2018,169240,"SEATROUT, SILVER",0,1498.5,1181.2,29
2018,164729,"HAKES, RED AND WHITE",0,1478.28,1642.65,39
2018,157906,"URCHIN, PURPLE-SPINED SEA",0,1447,10315.99,15
2018,168178,BIGEYE,0,1427.16,810.4,51
2018,173245,"COWFISH, SCRAWLED",0,1377,1377.4,92
2018,168847,"SNAPPER, CUBERA",1,1355.32,2756.0080000000003,32
2018,070159,"SNAIL, NERITES",0,1345,186.75,4
2018,098483,"CRAB, YELLOWLINE ARROW",0,1332,2323.05,121
2018,170809,PARROTFISHES,0,1272,187.45000000000002,9
2018,166454,"PIPEFISH, SARGASSUM",0,1272,2359.5,64
2018,157520,"STAR, SERPENT BRITTLE",0,1235,1483.05,91
2018,172512,BARRELFISH,0,1138.9,2722.7000000000003,25
2018,168857,"SNAPPER, DOG",1,1096.68,1278.04,15
2018,052484,"CORALLIMORPH, FLORIDA",0,1082,3535,14
2018,172401,"TUNA, SKIPJACK",1,1060.63,1500,5
2018,006409,ULOTRICHALES,0,1032,19731.7,74
2018,082379,"SQUID, ATLANTIC BRIEF",0,968,3023,51
2018,168544,"TILEFISH, GOLDFACE",1,962.08,1822.2,6
2018,098188,"HERMIT, THINSTRIPE",0,960,251.5,18
2018,157187,"STARFISH, SPINY",0,953,9786.62,106
2018,166487,SEAHORSES,0,952,4474.5,113
2018,167700,"HIND, RED",1,951.69,3824.9300000000003,45
2018,160502,"SHARK, BONNETHEAD",1,920.65,10211,17
2018,172254,"TANG, BLUE",1,869,4985.8,68
2018,096601,"SHRIMPS, PISTOL OR SNAPPING",0,848,821.15,61
2018,169632,"ANGELFISH, GRAY",1,847,9293.800000000001,130
2018,098178,"HERMIT, RED REEF",0,833,683.5,8
2018,074182,"TULIP, TRUE",0,804,730.75,17
2018,167793,"PERCH, SAND",0,784.19,2538.59,113
2018,051774,"CASSIOPEA, JAMAICAN",0,738,1118.16,16
2018,166862,"SCORPIONFISH, REEF",0,733,479.25,43
2018,168845,SNAPPERS,0,726.97,1638.25,69
2018,167744,"GROUPER, MARBLED",1,698.5600000000001,2022,11
2018,644844,PIPEFISHES,0,694,1537,78
2018,158854,"TUNICATES, SEA SQUIRTS",0,683,10200.5,34
2018,169196,"PORGY, GRASS",0,614.02,459.35,51
2018,167764,"GROUPER, YELLOWFIN",1,609.82,1989.3,12
2018,167686,"BASSES, MIXED SEA",0,608.24,778.04,47
2018,052541,"ANEMONE, OTHER",0,580,2126,5
2018,161095,"GAR, SPOTTED",0,579.72,328.48,5
2018,646513,HIGH-HAT,0,579,795.25,41
2018,167703,"GROUPER, MISTY",1,567.22,440.7,8
2018,074101,"CONCH, CROWN",0,565,165,6
2018,078022,"HARES, SEA",0,561,756,14
2018,166794,"SCORPIONFISH, SPINYCHEEK",0,545.44,747.6,24
2018,160845,SKATES,0,543,231.65,3
2018,157325,"STARS, BRITTLE",0,520,1279.75,16
2018,169626,"ANGELFISH, BLUE",0,517,7854.2,113
2018,164593,"BATFISH, OTHER",0,505,982.35,42
2018,636786,"GOBY,NEON",0,465,1225.75,21
2018,157826,"URCHIN, SLATE PENCIL",0,457,678.91,17
2018,164412,TOADFISHES,0,452,850.95,53
2018,169203,"PORGY, LITTLEHEAD",0,440.56,914.15,32
2018,006949,"PLANT, MERMAID'S SHAVING BRUSH",0,439,183.95000000000002,17
2018,166972,SEAROBINS,0,435,1527,28
2018,097671,"LOBSTER, SPANISH",0,428,1174.5,26
2018,173170,"TRIGGERFISH, OCEAN",1,407.5,1080.9,17
2018,006922,"PLANT, HALIMEDA",0,406,461.75,9
2018,082603,"OCTOPUS, COMMON",0,387,505.5,48
2018,070298,"CONCH, OTHER",0,351,328,7
2018,171124,"BLENNY, OTHER",0,340,269.5,24
2018,169623,"ANGELFISH, QUEEN",1,339,6660.1,83
2018,166170,SQUIRRELFISHES,0,319.29,331.2,85
2018,157486,"STAR, BLACK BRITTLE",0,317,716.02,17
2018,171746,GOBIES,0,312,182.25,5
2018,163996,"CATFISHES, CHANNEL",0,309,197.3,15
2018,167696,"HIND, ROCK",1,307.03000000000003,758.32,78
2018,166787,"ROSEFISH, BLACKBELLY",0,304.7,655.85,16
2018,157958,"URCHIN, ROCK BORING",0,293,329.5,10
2018,169086,PORKFISH,0,282,1657.5,27
2018,167762,"GROUPER, YELLOWMOUTH",1,276,896.9300000000001,9
2018,172252,"SURGEON, OCEAN",0,245,1533,19
2018,167674,GROUPERS,0,242.57,1189.65,13
2018,098811,"CRAB, FLORIDA STONE",0,237.8,600.74,23
2018,168204,FLAMEFISH,0,231,302,30
2018,155469,"BRYOZOA, ECTOPROCTA",0,221,2592.44,11
2018,208674,"TURTLES, NORTH AMERICAN SOFTSHELL",0,216.5,267.75,12
2018,081649,"CLAM, JEWEL BOX",0,202,266.5,17
2018,158309,"CUCUMBERS, OTHER SEA",0,202,1934.75,20
2018,173752,"TURTLES, SNAPPING",0,184.6,359.6,5
2018,078255,"DORIS, FLORIDA REGAL",0,182,234,19
2018,169633,"ANGELFISH, FRENCH",1,179,4317,72
2018,168548,"TILEFISH, SAND",1,172.48,252.79,28
2018,167800,"BASS, LONGTAIL",0,158.36,323.42,19
2018,096421,"SHRIMP, PEDERSON CLEANER",0,158,404,14
2018,170080,"CHROMIS, BLUE",0,151,476,10
2018,097298,"SHRIMP, BANDED CORAL",0,140,261.4,26
2018,171165,"BLENNY, FLORIDA",0,138,138,28
2018,079118,CLAMS,0,136,420,13
2018,168738,"RUNNER, RAINBOW",1,129.84,187.25,21
2018,173391,PORCUPINEFISH,0,128,563,21
2018,169314,JACKKNIFE-FISH,0,124,946,23
2018,157366,"STAR, BASKET",0,119,361,29
2018,098888,"CRAB, REDFINGER RUBBLE",0,111,660,28
2018,173235,BOXFISHES,0,108,309.5,7
2018,173246,"COWFISH, HONEYCOMBED",0,106,61,4
2018,169065,"GRUNT, FRENCH",0,98,437,7
2018,052460,CORALLIMORPHARIA,0,98,740.5,4
2018,052150,"CORAL, DEEPWATER",0,97,333.5,5
2018,172714,"FLOUNDERS, LEFTEYED",0,97,223,9
2018,168858,"SNAPPER, MAHOGANY",0,89.91,162.75,5
2018,164457,CLINGFISHES,0,87,105,23
2018,098200,"HERMIT, GIANT",0,87,264.75,15
2018,170568,BLUEHEAD,0,86,270.2,14
2018,169625,"BEAUTY, ROCK",0,80,505.25,17
2018,082610,"OCTOPUS, CARIBBEAN REEF",0,71,341,29
2018,173139,"TRIGGERFISH, QUEEN",1,64.91,436.25,9
2018,082607,"OCTOPUS, ATLANTIC PYGMY",0,62,105,7
2018,161160,"EEL, MORAYS",0,59.6,165.51,19
2018,173320,"PUFFER, SHARPNOSE",0,59,76,9
2018,181220,GRAYSBY,1,55.04,119.47,21
2018,099074,"CRAB, NIMBLE SPRAY",0,54,91,9
2018,169558,"BUTTERFLYFISH, FOUREYE",0,53,158,14
2018,173128,TRIGGERFISHES,0,46.12,78,4
2018,169556,"BUTTERFLYFISH, SPOTFIN",0,46,144.5,18
2018,169562,"BUTTERFLYFISH, REEF",0,40,145.8,13
2018,168176,BIGEYES,0,39.7,53.730000000000004,23
2018,164520,SARGASSUMFISH,0,39,190,3
2018,169563,"BUTTERFLYFISH, BANDED",0,35,130,11
2018,614740,"PARROTFISH, STRIPED",1,33,47.5,11
2018,173178,FILEFISHES,0,31,277.5,10
2018,173297,"PUFFER, SOUTHERN",0,30.25,186,8
2018,074187,"CONCH, HORSE",0,30,96,13
2018,160951,"STINGRAY, SOUTHERN",1,29,296,5
2018,096424,"SHRIMP, SPOTTED CLEANER",0,21,94,7
2018,167806,"HAMLET, BUTTER",0,20,83.8,12
2018,170484,"HOGFISH, SPANISH",1,18,95.75,8
2018,161188,"MORAY, SPOTTED",0,17,37,7
2018,160846,SKATES,0,14,155,4
2018,167858,"SANDFISH, BELTED",0,13,37.800000000000004,4
2018,170863,"PARROTFISH, REDBAND",1,10,20.5,6
2018,161189,"MORAY, BLACKEDGE",0,10,34,4
2018,173134,"FILEFISH, SCRAWLED",0,9,105,5
2018,173392,BALLOONFISH,0,7,23,5
2018,170867,"PARROTFISH, STOPLIGHT",1,6,18,5
2018,168207,"CARDINALFISH, TWOSPOT",0,5,11.9,5
2018,170510,PUDDINGWIFE,1,4,11.05,3
2018,170116,"DAMSELFISH, YELLOWTAIL",0,3,11,3
2019,161731,MENHADENS,0,744106914.88,74814058.09,1935
2019,551680,"SHRIMP, NORTHERN WHITE",1,102886582.71,204704034.15,70838
2019,551570,"SHRIMP, NORTHERN BROWN",1,64275198.12,120973804.14,33187
2019,098696,"CRAB, BLUE",0,52692193.73,73655525.03,317554
2019,079872,"OYSTER, EASTERN",0,14624143.17,93420550.84,81095
2019,551574,"SHRIMP, NORTHERN PINK",1,10607120.39,26207483.96,6060
2019,097490,PROCAMBARUS,0,10063742.1,14339927.31,26278
2019,168853,"SNAPPER, RED",1,7506936.66,32181472.754,6303
2019,170335,"MULLET, STRIPED",0,6840088.82,4764179.28,17509
2019,169288,"DRUM, BLACK",0,5152737.97,5686046.73,14966
2019,161748,"HERRING, ATLANTIC THREAD",0,4876876.88,1011842.09,483
2019,163997,"CATFISH, BLUE",0,3851373.7800000003,1960896.51,10131
2019,163954,"FISHES, BUFFALO",0,2768405.42,568488.5700000001,3483
2019,172435,"MACKEREL, KING",1,2635226.2800000003,5248809.15,3121
2019,167702,"GROUPER, RED",1,2364789.2800000003,10630060.28,3708
2019,161700,HERRINGS,0,1889971.49,498708.96,1118
2019,914179,OSTEICHTHYES,0,1870075.1400000001,499741.10000000003,1298
2019,098810,"CRAB, STONE",0,1807539.1600000001,27234733.5437,51378
2019,095600,"SHRIMP, MARINE",0,1538539,1185637.25,133
2019,095603,"SHRIMPS, BAIT",0,1449971.19,7568235.05,11898
2019,161111,LADYFISH,0,1364219.26,1074887.31,2918
2019,169189,SHEEPSHEAD,0,1327040.95,818469.11,7184
2019,566920,TURBINIDAE,0,1314306,193073.80000000002,786
2019,168909,"SNAPPER, VERMILION",1,1306418.85,3809334.3157,4929
2019,097648,"LOBSTER, CARIBBEAN SPINY",1,1284187.8599999999,9973968.86,6822
2019,684690,"SHRIMP,FARFANTEPENAEUS",0,1144710.02,4809614.3100000005,16728
2019,096893,"SHRIMP, PEPPERMINT",0,1135206,313728.8,954
2019,161737,"SHAD, GIZZARD",0,1108578.1,204797.13,763
2019,167699,"GROUPER, YELLOWEDGE",1,984166.74,4759790.55,820
2019,172436,"MACKEREL, SPANISH",1,895490.39,772042.99,3788
2019,098191,"HERMIT, TRICOLOR",0,855825,85015.87,418
2019,158019,"DOLLARS, KEYHOLE SAND",0,844024,224548,95
2019,163998,"CATFISH, CHANNEL",0,834231.0700000001,558517.39,2735
2019,083677,CRUSTACEANS,0,723011,269721.13,28
2019,167759,"GROUPER, GAG",1,626525.09,3224184.8798,2672
2019,095750,"SHRIMP, ATLANIC SEABOB",0,576531.87,213930.87,253
2019,201897,"GAR, ALLIGATOR",0,572993.42,475421.38,1104
2019,172423,"TUNA, YELLOWFIN",1,551773.39,2294358.09,426
2019,169364,"DRUM, FRESHWATER",0,545704.36,82419.76,1693
2019,168907,"SNAPPER, YELLOWTAIL",1,490576.78,1495125.2357,1323
2019,095601,"SHRIMPS, PENAEOID",0,394851.24,1406504.81,1492
2019,168689,"AMBERJACK, GREATER",1,361238.75,659462.9500000001,577
2019,168546,"TILEFISH, GOLDEN",1,329892.37,975055.64,478
2019,168609,"JACK, CREVALLE",1,314054.52,260874.02000000002,2633
2019,164029,"CATFISH, FLATHEAD",0,313380.54,170130.87,1618
2019,099084,"CRABS, FIDDLER",0,297530,38970.54,165
2019,161763,"SARDINE, SPANISH",0,287168.56,72449.1,30
2019,160318,"SHARK, BLACKTIP",1,261553.23,200031.7,718
2019,163692,"CARP, BIGHEAD",0,245319.21,24040.93,930
2019,161104,BOWFIN,0,241425.9,261182.55000000002,953
2019,172482,SWORDFISH,1,230940.21,565200.4500000001,315
2019,169013,MOJARRAS,0,227837.05000000002,248112.63,3523
2019,071935,CERITHIDEA,0,179284,24876.81,137
2019,168708,"POMPANO, FLORIDA",0,172963.19,667793.3,1184
2019,163342,MINNOWS,0,172420.24,110825.03,328
2019,168615,"JACK, BAR",1,172185.91,164536.76,1507
2019,169055,GRUNTS,0,154864.95,201512.21,1386
2019,168543,"TILEFISH, BLUELINE",1,145143.63,265613.33,306
2019,169283,"CROAKER, ATLANTIC",0,142728.16,1348144.83,4600
2019,169207,"PORGY, RED",1,142342.07,215243.212,1737
2019,160409,"SHARK, FINETOOTH",1,139097,120392.55,234
2019,167763,SCAMP,1,131108.03,622517.24,1973
2019,167687,"BASS, BLACK SEA",1,130582.1,160424.06,522
2019,172734,"FLOUNDERS, PARALICHTHYS",0,127763.29000000001,384204.51,2345
2019,170333,MULLETS,0,126728.02,362710.73,2846
2019,074107,"NASSA, BRUISED",0,118655,11111.6,39
2019,168848,"SNAPPER, GRAY",1,114162.62,370578.237,2831
2019,163537,"CARP, GRASS",0,112533,21706.69,825
2019,074103,NASSARIUS,0,112216,13714.9,78
2019,168559,BLUEFISH,0,111795.73,41306.31,1216
2019,163344,"CARP, COMMON",0,111643,13517.880000000001,937
2019,167705,"GROUPER, SNOWY",1,110670.99,497177.5,454
2019,163691,"CARP, SILVER",0,104230.40000000001,22179.38,142
2019,169809,TILAPIAS,0,102123.5,69620.44,329
2019,160275,"SHARK, BULL",1,100964.54000000001,49186.65,221
2019,098612,"CRAB, GREEN CLINGING",0,99459,55183.5,280
2019,168612,"RUNNER, BLUE",1,96025.14,56658.23,857
2019,096027,"SHRIMPS, ROCK",0,94318.11,156095.6,202
2019,161093,"GARS, SLENDER",0,93861.21,101600.75,123
2019,168725,"SCAD, ROUND",0,93279.75,101750.45,47
2019,169187,PINFISH,0,92914.33,291406.61,2053
2019,161732,"MENHADEN, ATLANTIC",0,83057.95,30087.86,87
2019,170336,"MULLET, WHITE",0,80011.40000000001,90018.11,909
2019,167698,"HIND, SPECKLED",1,77011.1,338830.11,327
2019,161755,"SARDINE, SCALED",0,76316.74,17988.2,64
2019,169290,"DRUM, RED",1,76229.14,193558.31,1307
2019,160189,"SHARK, TIGER",1,74961.84,36425.49,78
2019,160200,"SHARK, ATLANTIC SHARPNOSE",1,68530.56,41314.5,472
2019,173138,"TRIGGERFISH, GRAY",1,62373.020000000004,135785.275,1489
2019,168849,"SNAPPER, MUTTON",1,59199.75,171002.785,472
2019,172427,"TUNA, BLACKFIN",1,58923,97571.842,229
2019,047614,HIPPOSPONGIA,0,52306.4,297629.29,165
2019,160433,"SHARK, LEMON",1,51358.97,24243.25,69
2019,168670,"BUMPER, ATLANTIC",0,50726,29881.95,500
2019,160845,SKATES,0,48652,12992.85,56
2019,169239,"SEATROUT, SPOTTED",0,47751.770000000004,167217.38,947
2019,070088,"TURBAN, CHESTNUT",0,45585,9278.800000000001,72
2019,172567,BUTTERFISH,0,43225,35361.5,279
2019,168566,COBIA,1,43022.75,164266.865,988
2019,167704,"GROUPER, WARSAW",1,39888.58,153891.23,240
2019,196434,"SPONGE, YELLOW",0,39242,84015.90000000001,89
2019,168791,DOLPHIN,1,37095,77185.19,436
2019,172736,"FLOUNDER, GULF",0,34719.020000000004,127607.84,965
2019,052794,"ANEMONE, RED BEADED",0,34072,167164.7,226
2019,005414,"ALGAE, GREEN",0,33472,76028.5,63
2019,167760,"GROUPER, BLACK",1,32449.83,154229.79,295
2019,172402,"TUNA, LITTLE TUNNY",1,32220.82,30616.65,479
2019,168861,"SNAPPER, SILK",1,31992.5,113245.83,327
2019,160515,"SHARK, HAMMERHEAD, GREAT",1,30390.36,16515.31,100
2019,165459,BALLYHOOS,0,29301.88,25702.5,12
2019,168691,"JACK, ALMACO",1,29186.06,50417.7668,617
2019,160401,"SHARK, SPINNER",1,28533.010000000002,23071.100000000002,104
2019,169273,KINGFISHES,0,28472.83,33653.9,782
2019,553178,SPADEFISH,0,28279,18019.8,171
2019,098276,"CRABS, BRACHYURA",0,26663,51066.5,87
2019,166882,LIONFISHES,0,25921.440000000002,129912.69,368
2019,172362,ESCOLAR,0,24424.02,22028.5,77
2019,168860,"SNAPPER, LANE",1,24299.99,64468.7331,1712
2019,172451,WAHOO,1,22416.66,39305.16,209
2019,070159,"SNAIL, NERITES",0,21469,3473.35,20
2019,169180,PORGIES,0,21461.29,29341.170000000002,302
2019,069459,"SNAIL, OTHER",0,18492,32118.100000000002,264
2019,096028,"SHRIMP, ROCK",1,17820,26800.75,29
2019,168902,"SNAPPER, QUEEN",1,16439.170000000002,65320.33,138
2019,160946,STINGRAYS,0,16099.49,62495.69,310
2019,081499,"CLAM, SOUTHERN QUAHOG",0,15932.82,113721.99,101
2019,172419,"TUNA, ALBACORE",1,15205.89,11433,33
2019,169243,"SEATROUT, SAND",0,14035.32,15182.57,545
2019,082703,"CRAB, HORSESHOE",0,13982,18206.74,150
2019,164157,"CATFISHES, SEA",0,13887.300000000001,5928.82,399
2019,172738,"FLOUNDER, SOUTHERN",0,13844.95,55441.11,496
2019,159851,"SHARKS, PELAGIC",0,13130.470000000001,273611.73,312
2019,169197,"PORGY, JOLTHEAD",1,12924.66,26428.483,390
2019,169007,TRIPLETAIL,1,12909.960000000001,48839.14,340
2019,157921,"URCHIN, GREEN SEA",0,12688,43726.71,155
2019,168709,PERMIT,0,12639.15,22608.41,73
2019,082590,OCTOPUSES,0,12296.18,33138.55,212
2019,082369,"SQUIDS, LOLIGINIDAE",0,12065.77,17506.75,982
2019,082367,SQUIDS,0,11810,11473.9,137
2019,172702,FLATFISHES,0,11729,42714.3,483
2019,166493,"SEAHORSE, DWARF",0,11455,30847.350000000002,104
2019,170566,HOGFISH,1,10595.27,52835.96,217
2019,167691,"BASS, ROCK SEA",1,10234.14,10183.95,97
2019,052440,"MAT, GREEN SEA",0,9882.5,2196.82,28
2019,167700,"HIND, RED",1,9742.75,42595.04,54
2019,168693,"RUDDERFISH, BANDED",1,9435.94,8134.74,226
2019,161094,"GAR, LONGNOSE",0,8971.14,3124.87,130
2019,172385,"CUTLASSFISH, ATLANTIC",0,8253,9761.25,238
2019,196436,"SPONGE, GRASS",0,7613,21586.34,30
2019,169539,"SPADEFISH, ATLANTIC",1,7086.3,6883.47,419
2019,169267,SPOT,0,7070.92,5135.9800000000005,281
2019,072556,"CONCH, FLORIDA FIGHTING",0,6710,11593,72
2019,650251,"BARRACUDA, GREAT",1,6593.33,10072.9422,198
2019,047528,"SPONGES, DEMOSPONGIAE",0,6098,21363,106
2019,172513,"DRIFTFISH, BLACK",0,5869.61,14063.25,51
2019,168677,"SCAD, BIGEYE",0,5785.5,1615.8500000000001,32
2019,098088,"CRAB, SPOTTED PORCELAIN",0,5507,4488.3,110
2019,095599,"CRABS, SHRIMPS, LOBSTERS",0,5446,8088.1500000000005,98
2019,172428,"TUNA, BIGEYE",1,5256.25,27758.75,23
2019,098485,"CRAB, FALSE ARROW",0,5077,1556.25,37
2019,099140,"SHRIMPS, MANTIS",0,4928.41,20257.45,538
2019,168852,"SNAPPER, BLACKFIN",1,4849.68,14196.550000000001,74
2019,082379,"SQUID, ATLANTIC BRIEF",0,4804.41,13972.53,237
2019,206947,"CRABS, HERMIT",0,4709,4476.5,56
2019,168684,"MOONFISH, ATLANTIC",0,4683,1443.25,30
2019,069794,"SNAIL, TOPSNAIL",0,4624,478,5
2019,172421,"TUNA, BLUEFIN",1,4608.75,16624.23,8
2019,170424,BARRACUDAS,0,4563.12,10052.800000000001,93
2019,567533,"SLUG, LETTUCE",0,4409,3111.15,43
2019,098131,"CRABS, SAND",0,4196.6900000000005,25946.93,81
2019,168584,JACKS,0,4040.94,2823.63,63
2019,161092,GARFISHES,0,3910,6873.5,28
2019,168607,"JACK, YELLOW",0,3752.2000000000003,4406.91,48
2019,157906,"URCHIN, PURPLE-SPINED SEA",0,3712,32598.58,18
2019,160806,RAYS,0,3608.5,8331.9,25
2019,166704,SCORPIONFISHES,0,3566.69,8669.75,120
2019,018063,DICOTYLEDONS,0,3381,3528,26
2019,166488,"SEAHORSE, LINED",0,3317,12552.9,173
2019,172714,"FLOUNDERS, LEFTEYED",0,3266.4,9193.45,164
2019,166170,SQUIRRELFISHES,0,2927.02,4195.47,181
2019,164807,"EELS, CUSK",0,2878.5,5102.1500000000005,55
2019,173819,"SLIDER, COMMON",0,2753,3328.2000000000003,31
2019,047782,"SPONGE, RED BALL",0,2659,6201.8,72
2019,156862,"STARS, OTHER SEA",0,2545,11161.5,70
2019,173283,PUFFERS,0,2497.25,3246.27,176
2019,615846,"BURRFISH, STRIPED",0,2444,3098.75,125
2019,078156,NUDIBRANCHS,0,2357,2750.3,24
2019,164729,"HAKES, RED AND WHITE",0,2340.96,4252.75,52
2019,168602,"POMPANO, AFRICAN",1,2328.7000000000003,7330.07,77
2019,169240,"SEATROUT, SILVER",0,2241,2618.75,45
2019,051938,CORALS,0,2224,5238.5,74
2019,173183,"FILEFISH, PLANEHEAD",0,2183,1897.5,93
2019,079819,"fileclam, rough",0,2179,1677.2,28
2019,052266,"GORGONIAN, SEA BLADES",0,2085,4492,59
2019,660512,"CRAB, FURCATE SPIDER",0,1984,1490,80
2019,169201,"PORGY, KNOBBED",1,1950.77,2740.601,170
2019,168690,"AMBERJACK, LESSER",1,1945.41,3514.2000000000003,38
2019,159924,"SHARK, MAKO, SHORTFIN",1,1868.73,1709,13
2019,172568,"BUTTERFISH,GULF",0,1849,1209.15,12
2019,052016,"CORALS, SOFT",0,1820,5485,62
2019,165629,KILLIFISHES,0,1795.06,39843.53,406
2019,158323,"CUCUMBER, FLORIDA SEA",0,1783,2842.6,91
2019,159977,"SHARK, NURSE",1,1758.1100000000001,989.85,9
2019,051774,"CASSIOPEA, JAMAICAN",0,1695,3588.8,23
2019,046861,SPONGES,0,1683,17641.25,38
2019,097671,"LOBSTER, SPANISH",0,1671,4144,42
2019,168847,"SNAPPER, CUBERA",1,1647.78,4299.71,38
2019,167703,"GROUPER, MISTY",1,1544.5900000000001,455,7
2019,169237,DRUMS,0,1510.26,344.7,52
2019,161095,"GAR, SPOTTED",0,1448.93,2039.5,4
2019,164159,"CATFISH, GAFFTOPSAIL",0,1439.73,737.45,48
2019,098188,"HERMIT, THINSTRIPE",0,1415,1081.3,19
2019,052484,"CORALLIMORPH, FLORIDA",0,1387,4711.5,16
2019,169200,"PORGY, WHITEBONE",1,1315.32,3098.1,40
2019,157821,"URCHINS, SEA",0,1312,12408.12,16
2019,173245,"COWFISH, SCRAWLED",0,1294,2225.1,87
2019,167793,"PERCH, SAND",0,1283.04,5721.1,66
2019,157187,"STARFISH, SPINY",0,1264,13644,82
2019,168790,DOLPHINFISH,0,1239.6000000000001,4292.75,59
2019,172735,"FLOUNDER, SUMMER",0,1188,1908.73,7
2019,158854,"TUNICATES, SEA SQUIRTS",0,1170,17834.100000000002,45
2019,553139,OPHIDIIFORMES,0,1161.5,3086,23
2019,006949,"PLANT, MERMAID'S SHAVING BRUSH",0,1146,1282.9,31
2019,168913,WENCHMAN,1,1136.53,705,9
2019,169238,SEATROUTS,0,1120.06,1061.2,52
2019,167764,"GROUPER, YELLOWFIN",1,1102.1200000000001,4184.75,9
2019,157520,"STAR, SERPENT BRITTLE",0,1096,2146.53,68
2019,168845,SNAPPERS,0,1078.3700000000001,3031.43,83
2019,169632,"ANGELFISH, GRAY",1,1005,13280.800000000001,146
2019,169086,PORKFISH,0,1004,2527.9500000000003,49
2019,009309,BRYOPSIDALES,0,977,1597.2,18
2019,098483,"CRAB, YELLOWLINE ARROW",0,972,1710,91
2019,096601,"SHRIMPS, PISTOL OR SNAPPING",0,948,1297.1000000000001,68
2019,172437,CERO,1,928.4,2840.93,17
2019,006409,ULOTRICHALES,0,918.6,19653.75,88
2019,172512,BARRELFISH,0,908.2,2830.5,19
2019,169626,"ANGELFISH, BLUE",0,901,15633.800000000001,167
2019,052541,"ANEMONE, OTHER",0,861,2776.5,4
2019,006962,"PLANT, CAULERPA",0,860.5,9832.2,83
2019,167674,GROUPERS,0,810.94,3099.6,20
2019,165460,BALLYHOO,0,789.07,7257.8,48
2019,166787,"ROSEFISH, BLACKBELLY",0,788.9,1651.33,54
2019,172566,"HARVESTFISH, NORTHERN",0,778,460.2,7
2019,157486,"STAR, BLACK BRITTLE",0,744,2352.34,28
2019,074222,"SNAIL, OLIVE",0,731,631.6,21
2019,166794,"SCORPIONFISH, SPINYCHEEK",0,713.8000000000001,1825.75,37
2019,163996,"CATFISHES, CHANNEL",0,699,398.05,28
2019,168680,LOOKDOWN,0,690,869.9,65
2019,157325,"STARS, BRITTLE",0,663,3934.25,26
2019,078022,"HARES, SEA",0,642,2231.25,20
2019,166454,"PIPEFISH, SARGASSUM",0,629,1235,48
2019,644844,PIPEFISHES,0,621,1852.7,72
2019,157826,"URCHIN, SLATE PENCIL",0,616,693.8000000000001,25
2019,167686,"BASSES, MIXED SEA",0,614.95,780.176,62
2019,164818,"BROTULA, BEARDED",0,598.6800000000001,1142,15
2019,167744,"GROUPER, MARBLED",1,532.38,1566,14
2019,166862,"SCORPIONFISH, REEF",0,449,392.25,33
2019,051483,JELLYFISH,0,421,6070.8,10
2019,169623,"ANGELFISH, QUEEN",1,412,10006.2,94
2019,164593,"BATFISH, OTHER",0,390,1588.1000000000001,40
2019,171124,"BLENNY, OTHER",0,389,614.5,25
2019,646513,HIGH-HAT,0,379,590,54
2019,168899,"SNAPPER, BLACK",1,368.52,953.25,12
2019,169196,"PORGY, GRASS",0,354.76,322.63,47
2019,166972,SEAROBINS,0,347,3364.5,31
2019,173246,"COWFISH, HONEYCOMBED",0,344,500,13
2019,172254,"TANG, BLUE",1,338,1771.7,71
2019,074187,"CONCH, HORSE",0,312,1854.5,4
2019,167696,"HIND, ROCK",1,311.94,1046.16,53
2019,074101,"CONCH, CROWN",0,309,246,11
2019,082603,"OCTOPUS, COMMON",0,306,659.5,50
2019,169633,"ANGELFISH, FRENCH",1,304,12100.1,55
2019,097298,"SHRIMP, BANDED CORAL",0,301,526.66,35
2019,052433,"ANEMONE, SUN ZOANTHID",0,295,585,3
2019,074075,"WHELK, LIGHTNING",0,293,921.5,43
2019,098888,"CRAB, REDFINGER RUBBLE",0,292,783,31
2019,157958,"URCHIN, ROCK BORING",0,288,173.5,7
2019,168544,"TILEFISH, GOLDFACE",1,275.84000000000003,780.75,11
2019,636786,"GOBY,NEON",0,274,616.25,26
2019,158309,"CUCUMBERS, OTHER SEA",0,269,555,13
2019,052460,CORALLIMORPHARIA,0,262,1627,4
2019,171165,"BLENNY, FLORIDA",0,239,945.35,34
2019,168857,"SNAPPER, DOG",1,230.1,575.3000000000001,10
2019,167762,"GROUPER, YELLOWMOUTH",1,218,847.15,11
2019,169203,"PORGY, LITTLEHEAD",0,214.73000000000002,539.14,30
2019,098610,"CRAB, RED-RIDGED CLINGING",0,209,121,9
2019,168204,FLAMEFISH,0,201,300.90000000000003,38
2019,168610,"JACK, HORSE-EYE",0,196,69.10000000000001,4
2019,169314,JACKKNIFE-FISH,0,177,1623,34
2019,168738,"RUNNER, RAINBOW",1,174.64000000000001,225.1,21
2019,168178,BIGEYE,0,173.56,229.3,28
2019,164412,TOADFISHES,0,169,1130.4,33
2019,168176,BIGEYES,0,136.3,122.28,36
2019,169077,PIGFISH,0,132.46,1006.5,59
2019,155469,"BRYOZOA, ECTOPROCTA",0,131,2043,13
2019,168548,"TILEFISH, SAND",1,128.24,177.13,27
2019,082610,"OCTOPUS, CARIBBEAN REEF",0,116,709.5,31
2019,167800,"BASS, LONGTAIL",0,114.96000000000001,234.05,21
2019,166155,"BREAM, RED",0,107,196.8,14
2019,097863,"HERMIT, POLKADOTTED",0,98,94.5,6
2019,170086,"REEFFISH, PURPLE",0,97,139,7
2019,098200,"HERMIT, GIANT",0,94,736.5,15
2019,173235,BOXFISHES,0,94,459.5,9
2019,096421,"SHRIMP, PEDERSON CLEANER",0,93,156.75,11
2019,164457,CLINGFISHES,0,87,259,15
2019,157366,"STAR, BASKET",0,85,159,25
2019,173170,"TRIGGERFISH, OCEAN",1,82.08,141.70000000000002,7
2019,006922,"PLANT, HALIMEDA",0,77,85.4,7
2019,172990,"SOLES, NAKED AND FRINGED",0,76,394.75,18
2019,167838,CREOLE-FISH,0,74.8,118.25,11
2019,173391,PORCUPINEFISH,0,73,437,14
2019,171430,"BLENNY, BANDED",0,71,111,25
2019,170477,"WRASSE, OTHER",0,71,196,10
2019,157518,"STAR, SCALY BRITTLE",0,69,70,3
2019,161061,"FISHES, RAY-FINNED",0,67,362.05,9
2019,173320,"PUFFER, SHARPNOSE",0,60,197,13
2019,166487,SEAHORSES,0,60,759,26
2019,181220,GRAYSBY,1,59.19,195.29,18
2019,096424,"SHRIMP, SPOTTED CLEANER",0,57,210.25,14
2019,168850,SCHOOLMASTER,1,56.94,131.05,4
2019,168613,"JACK, BLACK",0,52.76,88.10000000000001,3
2019,161189,"MORAY, BLACKEDGE",0,49,151,11
2019,173139,"TRIGGERFISH, QUEEN",1,43.68,88.25,3
2019,169558,"BUTTERFLYFISH, FOUREYE",0,40,91,10
2019,097297,"SHRIMP, GOLDEN CORAL",0,36,98.5,6
2019,173178,FILEFISHES,0,35,68,5
2019,161160,"EEL, MORAYS",0,33,175.5,12
2019,078255,"DORIS, FLORIDA REGAL",0,33,116.5,8
2019,169625,"BEAUTY, ROCK",0,33,223,9
2019,157987,"BISCUITS, SEA",0,33,599.4,5
2019,173297,"PUFFER, SOUTHERN",0,31,298.7,13
2019,170809,PARROTFISHES,0,28,145.6,7
2019,621035,"STINGRAY, YELLOW",0,27,242,13
2019,206956,MAJOIDEA,0,27,68,5
2019,082607,"OCTOPUS, ATLANTIC PYGMY",0,26,175,6
2019,168858,"SNAPPER, MAHOGANY",0,25.53,78.5,4
2019,203428,FILEFISHES,0,25,358.25,9
2019,169556,"BUTTERFLYFISH, SPOTFIN",0,24,82,13
2019,168567,"REMORAS, OTHER",0,24,254,4
2019,172252,"SURGEON, OCEAN",0,20,108.75,8
2019,167858,"SANDFISH, BELTED",0,20,55.800000000000004,4
2019,168196,CARDINALFISHES,0,19,12,5
2019,160951,"STINGRAY, SOUTHERN",1,18,5454,8
2019,160502,"SHARK, BONNETHEAD",1,18,4526,9
2019,173392,BALLOONFISH,0,15,55,8
2019,170483,"HOGFISH, SPOTFIN",0,13,309.75,6
2019,167806,"HAMLET, BUTTER",0,10,33,6
2019,170484,"HOGFISH, SPANISH",1,8,46.75,5
2019,169563,"BUTTERFLYFISH, BANDED",0,7,33.5,3
2020,161731,MENHADENS,0,626280289.86,69670795.23,1713
2020,551680,"SHRIMP, NORTHERN WHITE",1,92328366.79,174829537.29,54368
2020,551570,"SHRIMP, NORTHERN BROWN",1,64452882.99,128564412.83,31947
2020,098696,"CRAB, BLUE",0,49490903.71,78902815.81,311080
2020,079872,"OYSTER, EASTERN",0,13441098.95,62248314.7,65187
2020,551574,"SHRIMP, NORTHERN PINK",1,10830657.17,24566168.2,5972
2020,097490,PROCAMBARUS,0,8298968.5,11485755.92,13787
2020,168853,"SNAPPER, RED",1,7286593.93,30970775.7,5994
2020,170335,"MULLET, STRIPED",0,6086669.67,3640296.43,14746
2020,202423,ANIMALIA,0,3739683,791982,47
2020,163954,"FISHES, BUFFALO",0,3280314.49,690488.16,3884
2020,163997,"CATFISH, BLUE",0,3065670.13,1608554.8,9834
2020,083677,CRUSTACEANS,0,2742500,196725,29
2020,169288,"DRUM, BLACK",0,2532414.0700000003,3068143.28,9062
2020,167702,"GROUPER, RED",1,2484731.29,12023000.244,3462
2020,172435,"MACKEREL, KING",1,2178965.68,4398387.698,2717
2020,095603,"SHRIMPS, BAIT",0,2093294.63,7634434.786,12600
2020,161700,HERRINGS,0,2031888.03,587679.38,1868
2020,161748,"HERRING, ATLANTIC THREAD",0,1879415.8599999999,447721.18,211
2020,098810,"CRAB, STONE",0,1805360.03,25919781.7145,45125
2020,095600,"SHRIMP, MARINE",0,1641596,1374926.5,129
2020,566920,TURBINIDAE,0,1506932,229841.14,841
2020,684690,"SHRIMP,FARFANTEPENAEUS",0,1360862.8,5941701.69,18252
2020,161111,LADYFISH,0,1229224.27,1064062.37,2621
2020,161737,"SHAD, GIZZARD",0,1095421,209401,708
2020,097648,"LOBSTER, CARIBBEAN SPINY",1,929974.02,6536056.55,4601
2020,172567,BUTTERFISH,0,929822,277129.2,226
2020,168909,"SNAPPER, VERMILION",1,838818.38,2575916.52,4298
2020,096893,"SHRIMP, PEPPERMINT",0,794436,281913.75,1007
2020,098191,"HERMIT, TRICOLOR",0,748088.5,73216.79000000001,383
2020,160318,"SHARK, BLACKTIP",1,726446.27,448640,953
2020,167699,"GROUPER, YELLOWEDGE",1,709701.42,3447134.97,718
2020,163998,"CATFISH, CHANNEL",0,704380.51,391034.22000000003,1947
2020,914179,OSTEICHTHYES,0,701972.76,384247.35000000003,1578
2020,161763,"SARDINE, SPANISH",0,660057,168737.45,36
2020,169189,SHEEPSHEAD,0,537157.88,390589.5,5411
2020,169364,"DRUM, FRESHWATER",0,535446.0700000001,81771.91,1899
2020,158019,"DOLLARS, KEYHOLE SAND",0,531781,48747.75,65
2020,172436,"MACKEREL, SPANISH",1,523239.85000000003,533017.38,3248
2020,201897,"GAR, ALLIGATOR",0,516965.71,470631.79000000004,1057
2020,167759,"GROUPER, GAG",1,509248.87,2827145.854,2585
2020,099084,"CRABS, FIDDLER",0,444868,52182.020000000004,129
2020,172423,"TUNA, YELLOWFIN",1,423455.32,1634943.25,314
2020,164029,"CATFISH, FLATHEAD",0,359341.26,182812.16,1931
2020,168609,"JACK, CREVALLE",1,340279.53,262384.98,2460
2020,168689,"AMBERJACK, GREATER",1,311484.43,606098.526,859
2020,161104,BOWFIN,0,285866.93,260249.97,1345
2020,160275,"SHARK, BULL",1,284171.51,165248.89,309
2020,172482,SWORDFISH,1,276945.39,661875.15,312
2020,168546,"TILEFISH, GOLDEN",1,275902.93,797793.8200000001,506
2020,095750,"SHRIMP, ATLANIC SEABOB",0,258509,153089,201
2020,095601,"SHRIMPS, PENAEOID",0,250333.64,1028257.8,1048
2020,163342,MINNOWS,0,242028.99,124740.12,289
2020,169013,MOJARRAS,0,237113.97,243666.18,3433
2020,163692,"CARP, BIGHEAD",0,221298,23286.71,943
2020,169187,PINFISH,0,214362.25,372960.7,2277
2020,168907,"SNAPPER, YELLOWTAIL",1,211741.33000000002,631243.74,870
2020,169283,"CROAKER, ATLANTIC",0,198527.2,1397203.05,4535
2020,095966,"SHRIMP, ROYAL RED",1,190767,667921.5,57
2020,098612,"CRAB, GREEN CLINGING",0,168669,89227.32,476
2020,071935,CERITHIDEA,0,166494,20743.25,150
2020,170333,MULLETS,0,160438.7,428241.27,3163
2020,168725,"SCAD, ROUND",0,156765.4,185578.77,89
2020,096027,"SHRIMPS, ROCK",0,141421.44,233686.05000000002,271
2020,172402,"TUNA, LITTLE TUNNY",1,135810.98,89469.84,602
2020,070159,"SNAIL, NERITES",0,134029,13243.970000000001,57
2020,163537,"CARP, GRASS",0,130474.49,24948.32,1019
2020,168708,"POMPANO, FLORIDA",0,126983.34,480901.43,1156
2020,167763,SCAMP,1,124864.6,660602.782,1906
2020,169207,"PORGY, RED",1,124485.02,188326.043,1594
2020,169809,TILAPIAS,0,121236.8,79974.18000000001,530
2020,169055,GRUNTS,0,116286.78,147212.15,1407
2020,163344,"CARP, COMMON",0,109340.06,13232.470000000001,1034
2020,167705,"GROUPER, SNOWY",1,105746.89,499829.59,407
2020,168543,"TILEFISH, BLUELINE",1,102352.46,190137.9068,251
2020,168559,BLUEFISH,0,94217.38,45419.97,1168
2020,168913,WENCHMAN,1,93336.8,82712.95,26
2020,074103,NASSARIUS,0,88220,10335.5,56
2020,168848,"SNAPPER, GRAY",1,87635.13,285660.18,2571
2020,163691,"CARP, SILVER",0,85431.5,14022.03,232
2020,170336,"MULLET, WHITE",0,82427.33,89849.64,961
2020,160845,SKATES,0,81605,23901.510000000002,66
2020,167687,"BASS, BLACK SEA",1,81343.96,117181.31,379
2020,160189,"SHARK, TIGER",1,74831.83,46026.39,71
2020,168677,"SCAD, BIGEYE",0,74672,23924.95,47
2020,168584,JACKS,0,74386.54000000001,52297.6,653
2020,161732,"MENHADEN, ATLANTIC",0,73111.3,31133.83,102
2020,160200,"SHARK, ATLANTIC SHARPNOSE",1,66605.81,40433.23,416
2020,168849,"SNAPPER, MUTTON",1,59665.66,181710.36000000002,486
2020,160433,"SHARK, LEMON",1,57924.93,34702.9,75
2020,069459,"SNAIL, OTHER",0,55288,163252.25,402
2020,169290,"DRUM, RED",1,55133.74,144262.26,777
2020,168615,"JACK, BAR",1,53112.06,65440.83,950
2020,173138,"TRIGGERFISH, GRAY",1,52692.12,114141.636,1422
2020,172427,"TUNA, BLACKFIN",1,50752.44,69941.29000000001,240
2020,160401,"SHARK, SPINNER",1,49566.35,34494.35,102
2020,196434,"SPONGE, YELLOW",0,46457,95961.28,94
2020,167698,"HIND, SPECKLED",1,42876.770000000004,183555.33000000002,275
2020,070088,"TURBAN, CHESTNUT",0,41581.72,10206.72,111
2020,169243,"SEATROUT, SAND",0,38979.62,30436.28,518
2020,172734,"FLOUNDERS, PARALICHTHYS",0,38668.57,132024.91,931
2020,052794,"ANEMONE, RED BEADED",0,37380,191494.80000000002,173
2020,168691,"JACK, ALMACO",1,35243.63,58140.72,641
2020,168566,COBIA,1,34937.53,124284.49,787
2020,005414,"ALGAE, GREEN",0,34552,82629,51
2020,168612,"RUNNER, BLUE",1,33758,24378.09,676
2020,047614,HIPPOSPONGIA,0,32764,170583.53,126
2020,168861,"SNAPPER, SILK",1,30736.920000000002,123189.956,292
2020,098276,"CRABS, BRACHYURA",0,27971,39400.05,119
2020,167760,"GROUPER, BLACK",1,27760.49,150411.23,314
2020,169273,KINGFISHES,0,27586.39,36297.22,594
2020,169237,DRUMS,0,27278,6782.1,79
2020,172736,"FLOUNDER, GULF",0,26856.33,95405.56,763
2020,167704,"GROUPER, WARSAW",1,26527.93,93046.988,190
2020,161755,"SARDINE, SCALED",0,26380.06,65130.25,172
2020,161093,"GARS, SLENDER",0,24500.49,27003.9,39
2020,168670,"BUMPER, ATLANTIC",0,24483,10008.49,284
2020,168860,"SNAPPER, LANE",1,23243.99,62252.33,1644
2020,169239,"SEATROUT, SPOTTED",0,23168.100000000002,79566.05,606
2020,172362,ESCOLAR,0,21337.55,18432,60
2020,168902,"SNAPPER, QUEEN",1,20767.28,80841.7,132
2020,172419,"TUNA, ALBACORE",1,20222.96,21854,37
2020,082703,"CRAB, HORSESHOE",0,16903,28448.75,131
2020,168709,PERMIT,0,16808.6,30281.15,137
2020,082369,"SQUIDS, LOLIGINIDAE",0,16764.36,19908.28,1004
2020,157921,"URCHIN, GREEN SEA",0,16586,19970.91,174
2020,172451,WAHOO,1,15466.84,31165.48,166
2020,553178,SPADEFISH,0,15085,10131.45,152
2020,169007,TRIPLETAIL,1,14887,59031.130000000005,315
2020,164157,"CATFISHES, SEA",0,14756.5,9693.65,460
2020,160515,"SHARK, HAMMERHEAD, GREAT",1,14642.44,12102,59
2020,168693,"RUDDERFISH, BANDED",1,14142.92,10762.37,288
2020,169197,"PORGY, JOLTHEAD",1,12394.76,24875.8844,450
2020,172738,"FLOUNDER, SOUTHERN",0,11903.79,52661.31,352
2020,166493,"SEAHORSE, DWARF",0,11767,30352.4,82
2020,167691,"BASS, ROCK SEA",1,10914.7,11863.2,81
2020,159851,"SHARKS, PELAGIC",0,10453.800000000001,174641.11000000002,204
2020,081499,"CLAM, SOUTHERN QUAHOG",0,9256.380000000001,120425.64,101
2020,170566,HOGFISH,1,8880.01,45417.372,223
2020,160946,STINGRAYS,0,8574.78,26633.93,279
2020,052541,"ANEMONE, OTHER",0,8373,9636,12
2020,172385,"CUTLASSFISH, ATLANTIC",0,8343.5,11284.89,210
2020,082367,SQUIDS,0,8207.15,9527.2,158
2020,169267,SPOT,0,7794.13,4740.5,299
2020,650251,"BARRACUDA, GREAT",1,7765.58,9733.89,231
2020,196436,"SPONGE, GRASS",0,7676,21353.350000000002,40
2020,169180,PORGIES,0,7540.13,11445.01,243
2020,172421,"TUNA, BLUEFIN",1,7355,31203,13
2020,168852,"SNAPPER, BLACKFIN",1,7316.43,25259.58,71
2020,098088,"CRAB, SPOTTED PORCELAIN",0,7143,6389.95,83
2020,166882,LIONFISHES,0,7141.37,41780.318,296
2020,206947,"CRABS, HERMIT",0,7031,5744.25,81
2020,168680,LOOKDOWN,0,6934,5885.85,68
2020,170424,BARRACUDAS,0,6804.4000000000005,16331.95,93
2020,099140,"SHRIMPS, MANTIS",0,6329.89,29879.84,620
2020,168791,DOLPHIN,1,6032.39,12786.73,192
2020,172513,"DRIFTFISH, BLACK",0,6008.1,14048.5,24
2020,082590,OCTOPUSES,0,5734.7,23158.9,132
2020,161094,"GAR, LONGNOSE",0,5719.4800000000005,2307.3,115
2020,072556,"CONCH, FLORIDA FIGHTING",0,5542,7284.75,56
2020,052016,"CORALS, SOFT",0,5361,20226,154
2020,173819,"SLIDER, COMMON",0,5311,2291.85,23
2020,098188,"HERMIT, THINSTRIPE",0,5297,622.75,19
2020,160508,"SHARK, HAMMERHEAD, SCALLOPED",1,5204.61,2407.25,25
2020,172428,"TUNA, BIGEYE",1,5128.75,16613.11,21
2020,172702,FLATFISHES,0,5103,18932.44,261
2020,098485,"CRAB, FALSE ARROW",0,5100,5496,53
2020,098178,"HERMIT, RED REEF",0,4851,1906.3,14
2020,047528,"SPONGES, DEMOSPONGIAE",0,4764,17852.2,98
2020,157906,"URCHIN, PURPLE-SPINED SEA",0,4141,29574.45,36
2020,169539,"SPADEFISH, ATLANTIC",1,4101.9,2960.67,411
2020,009309,BRYOPSIDALES,0,4088,3171.19,49
2020,052440,"MAT, GREEN SEA",0,4055,893.6,22
2020,173752,"TURTLES, SNAPPING",0,3996.4,4911.2,18
2020,095599,"CRABS, SHRIMPS, LOBSTERS",0,3905,7897.2,105
2020,098131,"CRABS, SAND",0,3717.8,21748.510000000002,76
2020,052484,"CORALLIMORPH, FLORIDA",0,3661,9482.4,32
2020,052266,"GORGONIAN, SEA BLADES",0,3265,6220.5,53
2020,166794,"SCORPIONFISH, SPINYCHEEK",0,3128.84,3471.2000000000003,65
2020,173183,"FILEFISH, PLANEHEAD",0,3117,2978.9500000000003,72
2020,158323,"CUCUMBER, FLORIDA SEA",0,2931,1747.65,97
2020,169200,"PORGY, WHITEBONE",1,2768,4071.5,35
2020,078022,"HARES, SEA",0,2732,3343.15,33
2020,168602,"POMPANO, AFRICAN",1,2663.27,9544.17,74
2020,169201,"PORGY, KNOBBED",1,2585.51,4629.75,216
2020,553139,OPHIDIIFORMES,0,2484.4,4997.342000000001,55
2020,082379,"SQUID, ATLANTIC BRIEF",0,2449.18,8795.66,131
2020,051774,"CASSIOPEA, JAMAICAN",0,2425,5223,16
2020,047782,"SPONGE, RED BALL",0,2367,6773,73
2020,172714,"FLOUNDERS, LEFTEYED",0,2347.9,6868.5,168
2020,166488,"SEAHORSE, LINED",0,2328,10511.5,201
2020,166704,SCORPIONFISHES,0,2321.52,5432.75,118
2020,168690,"AMBERJACK, LESSER",1,2306.4,4906.2,33
2020,161061,"FISHES, RAY-FINNED",0,2300,824.14,30
2020,156862,"STARS, OTHER SEA",0,2117,13010.65,120
2020,018063,DICOTYLEDONS,0,2096,2177.25,20
2020,165629,KILLIFISHES,0,2071.95,52199.62,429
2020,164818,"BROTULA, BEARDED",0,2028.56,3520,30
2020,168607,"JACK, YELLOW",0,2012.6000000000001,3479.15,57
2020,167674,GROUPERS,0,1978.76,6181.95,22
2020,164159,"CATFISH, GAFFTOPSAIL",0,1974.23,1217.95,51
2020,168847,"SNAPPER, CUBERA",1,1817.94,5964.4000000000005,34
2020,074222,"SNAIL, OLIVE",0,1785,1207.75,21
2020,172252,"SURGEON, OCEAN",0,1727,1771.8500000000001,36
2020,169077,PIGFISH,0,1715.54,19276.5,130
2020,660512,"CRAB, FURCATE SPIDER",0,1608,1290,67
2020,169240,"SEATROUT, SILVER",0,1540.5,1652.5,33
2020,169029,"POMPANO, IRISH",0,1465,1630.4,34
2020,172437,CERO,1,1462.6000000000001,4494.55,30
2020,169626,"ANGELFISH, BLUE",0,1454,25768.5,260
2020,157520,"STAR, SERPENT BRITTLE",0,1362,1135.1000000000001,73
2020,073236,"SNAIL, MUREX",0,1253,1747.7,12
2020,157826,"URCHIN, SLATE PENCIL",0,1246,962.3000000000001,40
2020,567533,"SLUG, LETTUCE",0,1205,1281.6000000000001,14
2020,168845,SNAPPERS,0,1197.26,3015.8,73
2020,157325,"STARS, BRITTLE",0,1190,2700.75,34
2020,046861,SPONGES,0,1167,8640,27
2020,169632,"ANGELFISH, GRAY",1,1130,13526,233
2020,157958,"URCHIN, ROCK BORING",0,1075,671.6,36
2020,615846,"BURRFISH, STRIPED",0,1038,3441.75,57
2020,172254,"TANG, BLUE",1,1017.5,5017.9000000000005,126
2020,173283,PUFFERS,0,1016.25,1655,104
2020,168899,"SNAPPER, BLACK",1,1015.19,3211.88,18
2020,079819,"fileclam, rough",0,977,752.5,12
2020,172364,OILFISH,0,954.46,1118.5,15
2020,159924,"SHARK, MAKO, SHORTFIN",1,941.03,987,7
2020,166170,SQUIRRELFISHES,0,936.7,1343.525,103
2020,169623,"ANGELFISH, QUEEN",1,894,16978.9,214
2020,074182,"TULIP, TRUE",0,881,942.5,17
2020,098483,"CRAB, YELLOWLINE ARROW",0,855,1172.45,86
2020,172566,"HARVESTFISH, NORTHERN",0,853,653.35,34
2020,169238,SEATROUTS,0,850.58,733.25,46
2020,163996,"CATFISHES, CHANNEL",0,848,1019,40
2020,006949,"PLANT, MERMAID'S SHAVING BRUSH",0,831,592.28,28
2020,613026,"GRUNT, WHITE",1,830.3100000000001,2550.39,21
2020,006409,ULOTRICHALES,0,790,18447.5,92
2020,173245,"COWFISH, SCRAWLED",0,789,1173.8,34
2020,164729,"HAKES, RED AND WHITE",0,768.72,1027.25,38
2020,161092,GARFISHES,0,759,1240.9,11
2020,172512,BARRELFISH,0,719.4,2381.36,21
2020,167690,"BASS, BANK SEA",1,677.96,723,5
2020,167744,"GROUPER, MARBLED",1,578.2,1754.25,9
2020,164034,BULLHEADS,0,571.62,507.05,17
2020,168790,DOLPHINFISH,0,559.97,1567.5,32
2020,166454,"PIPEFISH, SARGASSUM",0,551,2310,24
2020,078156,NUDIBRANCHS,0,545,889.25,10
2020,052460,CORALLIMORPHARIA,0,530,2955,4
2020,157187,"STARFISH, SPINY",0,528,956,44
2020,646513,HIGH-HAT,0,522,1067,72
2020,172568,"BUTTERFISH,GULF",0,477,322.40000000000003,21
2020,775084,AMERICAN BULLFROG,0,473,1164.5,4
2020,169086,PORKFISH,0,465,1808.3500000000001,57
2020,097671,"LOBSTER, SPANISH",0,457.63,642.54,23
2020,158854,"TUNICATES, SEA SQUIRTS",0,453,5954.5,41
2020,208674,"TURTLES, NORTH AMERICAN SOFTSHELL",0,447,445.15000000000003,7
2020,171124,"BLENNY, OTHER",0,446,2073.6,15
2020,006962,"PLANT, CAULERPA",0,444.5,9185.75,67
2020,165460,BALLYHOO,0,441.42,6867,28
2020,644844,PIPEFISHES,0,433,1346.9,44
2020,096601,"SHRIMPS, PISTOL OR SNAPPING",0,432,828.65,47
2020,166787,"ROSEFISH, BLACKBELLY",0,418.3,1032.75,27
2020,167700,"HIND, RED",1,410.86,1240.09,53
2020,167696,"HIND, ROCK",1,408.27,1331.838,73
2020,074075,"WHELK, LIGHTNING",0,406,481.5,23
2020,006922,"PLANT, HALIMEDA",0,405,860.6,12
2020,170932,"JAWFISH, DUSKY",0,382,217.8,20
2020,098058,"CRABS, PORCELAIN",0,376,295,20
2020,169196,"PORGY, GRASS",0,363.89,691.23,35
2020,169241,WEAKFISH,0,346.6,846.1,13
2020,167764,"GROUPER, YELLOWFIN",1,339.84000000000003,1284.5,7
2020,169558,"BUTTERFLYFISH, FOUREYE",0,306,974.25,52
2020,168204,FLAMEFISH,0,303,620.7,79
2020,167800,"BASS, LONGTAIL",0,292.96,606.4,33
2020,164593,"BATFISH, OTHER",0,270,1420,26
2020,167686,"BASSES, MIXED SEA",0,268.81,601.01,25
2020,157486,"STAR, BLACK BRITTLE",0,259,198.5,19
2020,167838,CREOLE-FISH,0,238.16,229,14
2020,098888,"CRAB, REDFINGER RUBBLE",0,231,374.5,10
2020,082603,"OCTOPUS, COMMON",0,210,1080.8,21
2020,167762,"GROUPER, YELLOWMOUTH",1,206.27,826.7,9
2020,636786,"GOBY,NEON",0,203,536,26
2020,170928,"JAWFISH, YELLOWHEAD",0,202,923.25,15
2020,012303,CORALLINACEAE,0,197,630.27,18
2020,169314,JACKKNIFE-FISH,0,196,1601.5,44
2020,168857,"SNAPPER, DOG",1,177.44,463.01,14
2020,164412,TOADFISHES,0,175,610.75,24
2020,172401,"TUNA, SKIPJACK",1,172.53,108.5,6
2020,169633,"ANGELFISH, FRENCH",1,162,3555.2000000000003,83
2020,168548,"TILEFISH, SAND",1,161.05,240.786,28
2020,168858,"SNAPPER, MAHOGANY",0,160.18,340.2,9
2020,097298,"SHRIMP, BANDED CORAL",0,157,291.2,32
2020,171165,"BLENNY, FLORIDA",0,156,533.2,21
2020,172253,DOCTORFISH,1,155,312.75,45
2020,096421,"SHRIMP, PEDERSON CLEANER",0,154,481,13
2020,168738,"RUNNER, RAINBOW",1,153.92000000000002,313.75,13
2020,166862,"SCORPIONFISH, REEF",0,153,423.5,23
2020,173320,"PUFFER, SHARPNOSE",0,152,275,23
2020,167793,"PERCH, SAND",0,146.94,912.3000000000001,7
2020,173235,BOXFISHES,0,141,242.75,10
2020,169625,"BEAUTY, ROCK",0,140,847,32
2020,098200,"HERMIT, GIANT",0,138,793.26,17
2020,157987,"BISCUITS, SEA",0,131,698,11
2020,072561,"CONCH, HAWKWING",0,124,128.5,8
2020,168176,BIGEYES,0,119,233.96,38
2020,082607,"OCTOPUS, ATLANTIC PYGMY",0,116,543.25,18
2020,168541,"TILEFISH, BLACKLINE",0,113.12,201,4
2020,168178,BIGEYE,0,111.48,125.2,17
2020,097651,"LOBSTER, SPOTTED SPINY",0,109,219,6
2020,170568,BLUEHEAD,0,109,248.5,11
2020,170477,"WRASSE, OTHER",0,103,921,14
2020,167703,"GROUPER, MISTY",1,102.07000000000001,456.43,6
2020,157366,"STAR, BASKET",0,102,244.5,22
2020,168610,"JACK, HORSE-EYE",0,101.94,156.58,9
2020,079611,SCALLOPS,0,98,912,14
2020,169556,"BUTTERFLYFISH, SPOTFIN",0,88,335.5,21
2020,173128,TRIGGERFISHES,0,87.60000000000001,106.5,7
2020,158309,"CUCUMBERS, OTHER SEA",0,86,660.5,13
2020,166972,SEAROBINS,0,84,1109.5,18
2020,169203,"PORGY, LITTLEHEAD",0,81.2,243.93,27
2020,168684,"MOONFISH, ATLANTIC",0,79,39.1,24
2020,161160,"EEL, MORAYS",0,77,314,13
2020,168850,SCHOOLMASTER,1,74.05,147.53,8
2020,170080,"CHROMIS, BLUE",0,74,296.6,6
2020,078255,"DORIS, FLORIDA REGAL",0,74,261,7
2020,181220,GRAYSBY,1,71.9,224.69,26
2020,168544,"TILEFISH, GOLDFACE",1,71.79,127.20200000000001,10
2020,649685,"stingrays, myliobatiformes (order)",0,67,11326,13
2020,206956,MAJOIDEA,0,64,1315,25
2020,615345,BEAUGREGORY,0,56,106,16
2020,170507,"WRASSE, CLOWN",0,54,153.20000000000002,9
2020,167806,"HAMLET, BUTTER",0,43,117.3,24
2020,172250,SURGEONFISHES,0,37,107.5,13
2020,166487,SEAHORSES,0,35,439.3,16
2020,621035,"STINGRAY, YELLOW",0,35,505.5,15
2020,074187,"CONCH, HORSE",0,34,249.25,12
2020,203428,FILEFISHES,0,33,109.8,7
2020,161189,"MORAY, BLACKEDGE",0,33,184,7
2020,170503,"DICK, SLIPPERY",0,31,84.60000000000001,6
2020,072743,"COWRIE, ATLANTIC DEER",0,30,63,4
2020,162374,LIZARDFISHES,0,30,93,3
2020,170814,"PARROTFISH, RAINBOW",1,28,271.5,15
2020,082610,"OCTOPUS, CARIBBEAN REEF",0,28,181,14
2020,170863,"PARROTFISH, REDBAND",1,26,136.5,12
2020,170484,"HOGFISH, SPANISH",1,26,194.55,13
2020,170809,PARROTFISHES,0,24.04,66.5,10
2020,170815,"PARROTFISH, PRINCESS",1,21,145.5,10
2020,171746,GOBIES,0,14,51.4,7
2020,169562,"BUTTERFLYFISH, REEF",0,13,36.7,9
2020,173158,"FILEFISH, ORANGESPOTTED",0,10,52.75,5
2020,165546,NEEDLEFISHES,0,7.48,946,3
2020,161186,"MORAY, GREEN",0,7,681,5
2020,169563,"BUTTERFLYFISH, BANDED",0,6,15,3
2020,161419,"EELS, SNAKE",0,0.47000000000000003,3.29,3
2021,161731,MENHADENS,0,564426306.52,58016391.15,1980
2021,551680,"SHRIMP, NORTHERN WHITE",1,98494517.9,229050693.25,49840
2021,551570,"SHRIMP, NORTHERN BROWN",1,66452297.39,155633823.25,31648
2021,098696,"CRAB, BLUE",0,58019466.8,108985897.08,331936
2021,079872,"OYSTER, EASTERN",0,19237680.23,92219151.86,69549
2021,097490,PROCAMBARUS,0,10894025.3,14300404.42,26956
2021,551574,"SHRIMP, NORTHERN PINK",1,10378441.25,32143743.84,5125
2021,083677,CRUSTACEANS,0,9407861,798388,42
2021,168853,"SNAPPER, RED",1,7312268.33,32358744.752,5712
2021,170335,"MULLET, STRIPED",0,6477939.74,4528842.78,13255
2021,202423,ANIMALIA,0,5560807,599232,74
2021,163997,"CATFISH, BLUE",0,4135670.54,2181578.82,10908
2021,163954,"FISHES, BUFFALO",0,3203051.1,687150.65,3493
2021,167702,"GROUPER, RED",1,3094448.55,15538098.61,3490
2021,169288,"DRUM, BLACK",0,2265104.21,2991553.27,7160
2021,172435,"MACKEREL, KING",1,2131639.81,4802595.09,2546
2021,095603,"SHRIMPS, BAIT",0,1815652.96,9294883.148,13014
2021,098810,"CRAB, STONE",0,1776024.87,32800145.2896,48668
2021,097648,"LOBSTER, CARIBBEAN SPINY",1,1468193.55,12994886.95,4843
2021,566920,TURBINIDAE,0,1288715,199558.71,694
2021,161700,HERRINGS,0,1240820.25,479680.95,751
2021,684690,"SHRIMP,FARFANTEPENAEUS",0,1227631.32,5430611.53,16123
2021,161748,"HERRING, ATLANTIC THREAD",0,1144398.52,292088.37,175
2021,095600,"SHRIMP, MARINE",0,1111194,1243498.5,135
2021,161737,"SHAD, GIZZARD",0,1100854,448514.61,629
2021,161111,LADYFISH,0,1091458.02,1044149.73,2135
2021,096893,"SHRIMP, PEPPERMINT",0,1075897.05,293594.07,982
2021,158019,"DOLLARS, KEYHOLE SAND",0,833841,94780.2,114
2021,160318,"SHARK, BLACKTIP",1,771485.77,436809.01,1094
2021,168909,"SNAPPER, VERMILION",1,770688.17,2577220.6636,3748
2021,167699,"GROUPER, YELLOWEDGE",1,721357.06,3871495.8,744
2021,169189,SHEEPSHEAD,0,699126.96,598826.33,4808
2021,098191,"HERMIT, TRICOLOR",0,678871,67001.9,333
2021,201897,"GAR, ALLIGATOR",0,667599.18,707452.85,1166
2021,163998,"CATFISH, CHANNEL",0,621343.76,352223.13,1791
2021,167759,"GROUPER, GAG",1,601540.41,3521085.772,2714
2021,172567,BUTTERFISH,0,595968,127349.3,152
2021,914179,OSTEICHTHYES,0,579947.55,654154.03,1669
2021,099084,"CRABS, FIDDLER",0,484067,44843.71,213
2021,095601,"SHRIMPS, PENAEOID",0,479219.4,1891779.0899999999,1496
2021,161763,"SARDINE, SPANISH",0,456890,125042.5,41
2021,168725,"SCAD, ROUND",0,452468.07,317079.91000000003,132
2021,172436,"MACKEREL, SPANISH",1,421865.01,484745.09,2279
2021,095750,"SHRIMP, ATLANIC SEABOB",0,397928.2,257461.9,181
2021,168546,"TILEFISH, GOLDEN",1,387549.66000000003,1214030,520
2021,169364,"DRUM, FRESHWATER",0,375793.36,58464.71,1713
2021,168609,"JACK, CREVALLE",1,373159.07,321971.47000000003,2363
2021,172423,"TUNA, YELLOWFIN",1,357221.13,1515667.98,272
2021,161732,"MENHADEN, ATLANTIC",0,348215.39,93110.95,206
2021,168677,"SCAD, BIGEYE",0,347346,69551.65,35
2021,168689,"AMBERJACK, GREATER",1,328088.28,676666.659,932
2021,172482,SWORDFISH,1,321014.64,1054133.18,338
2021,164029,"CATFISH, FLATHEAD",0,314228.04,162005.02,1701
2021,170336,"MULLET, WHITE",0,267117.38,173620.06,1091
2021,070159,"SNAIL, NERITES",0,252576,18670.98,55
2021,095966,"SHRIMP, ROYAL RED",1,236723,881641.85,52
2021,168907,"SNAPPER, YELLOWTAIL",1,227503.53,847244.438,836
2021,163342,MINNOWS,0,222785.38,103358.40000000001,176
2021,163692,"CARP, BIGHEAD",0,217542,24609.760000000002,992
2021,161104,BOWFIN,0,212736.74,179309.39,1187
2021,160275,"SHARK, BULL",1,204662.66,118819.46,184
2021,163537,"CARP, GRASS",0,196039.52000000002,38919.37,1003
2021,163691,"CARP, SILVER",0,189036,35190.87,182
2021,163344,"CARP, COMMON",0,184424,24108.010000000002,1060
2021,169283,"CROAKER, ATLANTIC",0,171778.13,1142823.57,3622
2021,169013,MOJARRAS,0,169164.07,187867.538,2818
2021,168913,WENCHMAN,1,160922.51,103846.83,30
2021,071935,CERITHIDEA,0,149812,20085.5,117
2021,170333,MULLETS,0,143844.22,409629.42,3209
2021,167763,SCAMP,1,135686.06,783296.344,1961
2021,098612,"CRAB, GREEN CLINGING",0,132105,71823.58,367
2021,169207,"PORGY, RED",1,130115.65000000001,213107.198,1593
2021,168543,"TILEFISH, BLUELINE",1,128118.69,285378.65,285
2021,169187,PINFISH,0,126958.81,253496.76,1597
2021,168848,"SNAPPER, GRAY",1,99719.37,328030.479,2640
2021,167705,"GROUPER, SNOWY",1,98059.53,501445.01,427
2021,168708,"POMPANO, FLORIDA",0,96427.29000000001,425074.01,1192
2021,168559,BLUEFISH,0,90770.2,50431.090000000004,962
2021,047614,HIPPOSPONGIA,0,87184,446645.57,177
2021,096027,"SHRIMPS, ROCK",0,87112.43000000001,197783.15,275
2021,172402,"TUNA, LITTLE TUNNY",1,80680.08,75165.14,438
2021,169809,TILAPIAS,0,77426.93000000001,53531.97,414
2021,074103,NASSARIUS,0,74500,9124.800000000001,47
2021,169055,GRUNTS,0,72168.14,103045.301,967
2021,160200,"SHARK, ATLANTIC SHARPNOSE",1,70375.73,46051.13,322
2021,196434,"SPONGE, YELLOW",0,65865,147269.71,118
2021,172427,"TUNA, BLACKFIN",1,61076.21,79263.51,202
2021,169237,DRUMS,0,59561,11021.65,85
2021,168849,"SNAPPER, MUTTON",1,56509.590000000004,187632.67,439
2021,172734,"FLOUNDERS, PARALICHTHYS",0,55387.24,179642.21,1195
2021,167687,"BASS, BLACK SEA",1,53502.74,75346.08,245
2021,167698,"HIND, SPECKLED",1,49281.78,223950.3855,273
2021,169243,"SEATROUT, SAND",0,49139.08,24406.13,527
2021,160984,"RAYS, COWNOSED",0,48952,15080.300000000001,30
2021,160401,"SHARK, SPINNER",1,48672.16,26870.14,89
2021,160189,"SHARK, TIGER",1,46868.03,41708.700000000004,61
2021,173138,"TRIGGERFISH, GRAY",1,44935.49,107920.349,1341
2021,161755,"SARDINE, SCALED",0,44702.020000000004,95547.15000000001,318
2021,168584,JACKS,0,44575.26,28006.920000000002,511
2021,081499,"CLAM, SOUTHERN QUAHOG",0,43648.020000000004,428174.03,396
2021,160289,"SHARK, SANDBAR",1,42321.33,35514.85,14
2021,168615,"JACK, BAR",1,41119.6,53530.93,831
2021,169290,"DRUM, RED",1,36987,97160.2,889
2021,098276,"CRABS, BRACHYURA",0,36932,69077.75,167
2021,168691,"JACK, ALMACO",1,36612.700000000004,65482.035,571
2021,098519,"CRABS, CORAL SPIDER",0,34993,34905.5,93
2021,168861,"SNAPPER, SILK",1,34970.68,150154.86000000002,241
2021,069459,"SNAIL, OTHER",0,34079,124688.6,361
2021,168566,COBIA,1,31184.81,116122.93000000001,653
2021,052794,"ANEMONE, RED BEADED",0,29844,151953,168
2021,168670,"BUMPER, ATLANTIC",0,29095,13291.550000000001,243
2021,168612,"RUNNER, BLUE",1,28536.63,27105.7,566
2021,005414,"ALGAE, GREEN",0,28134,53581,52
2021,169239,"SEATROUT, SPOTTED",0,27666.65,97067.34,736
2021,167760,"GROUPER, BLACK",1,27430.350000000002,157149.654,270
2021,160433,"SHARK, LEMON",1,27348.25,23572.77,57
2021,172736,"FLOUNDER, GULF",0,25265.36,93607.21,761
2021,164157,"CATFISHES, SEA",0,24259,13734.44,386
2021,082590,OCTOPUSES,0,24158.4,28006.65,91
2021,169267,SPOT,0,23082.16,9232.27,314
2021,168860,"SNAPPER, LANE",1,21905.53,60759.2176,1408
2021,070088,"TURBAN, CHESTNUT",0,21443,3938.1800000000003,44
2021,161094,"GAR, LONGNOSE",0,21379.34,14579.45,229
2021,161093,"GARS, SLENDER",0,20840.91,23821.05,65
2021,167704,"GROUPER, WARSAW",1,20461.13,75986.12,152
2021,645471,"CHUB, BERMUDA",0,20181,24777.75,27
2021,082703,"CRAB, HORSESHOE",0,18762,31646.55,123
2021,157921,"URCHIN, GREEN SEA",0,18124,32996.7,169
2021,170424,BARRACUDAS,0,17764,32341.05,123
2021,168709,PERMIT,0,17682.100000000002,38732.8,113
2021,169197,"PORGY, JOLTHEAD",1,17073.05,32968.915,479
2021,172566,"HARVESTFISH, NORTHERN",0,16896,3208.2000000000003,44
2021,169273,KINGFISHES,0,16859.08,23135.78,446
2021,082369,"SQUIDS, LOLIGINIDAE",0,16101.18,18648.49,490
2021,166493,"SEAHORSE, DWARF",0,14809,37522,59
2021,172702,FLATFISHES,0,14646,49197.75,389
2021,160946,STINGRAYS,0,13768.78,26773.68,267
2021,160845,SKATES,0,13195,6697.1,65
2021,613026,"GRUNT, WHITE",1,12808.1,19616.948,68
2021,172451,WAHOO,1,12512.54,31476.05,180
2021,172362,ESCOLAR,0,11953.45,10269,56
2021,196436,"SPONGE, GRASS",0,11709,36019.33,52
2021,166882,LIONFISHES,0,11275.42,61640.11,328
2021,168693,"RUDDERFISH, BANDED",1,11198.17,9060.77,170
2021,170566,HOGFISH,1,11137.07,58677.48,227
2021,172738,"FLOUNDER, SOUTHERN",0,10881.33,48232.44,339
2021,167691,"BASS, ROCK SEA",1,10851.380000000001,12241.1,117
2021,168902,"SNAPPER, QUEEN",1,10486.51,44249.43,89
2021,172421,"TUNA, BLUEFIN",1,10090,45757.840000000004,11
2021,168791,DOLPHIN,1,9554.5,22060.46,308
2021,172428,"TUNA, BIGEYE",1,9035,54155.5,26
2021,206947,"CRABS, HERMIT",0,7721,10364.800000000001,120
2021,169007,TRIPLETAIL,1,7442.84,31017.45,192
2021,172419,"TUNA, ALBACORE",1,7010.55,5245.5,26
2021,099140,"SHRIMPS, MANTIS",0,6785.63,31393.77,507
2021,157906,"URCHIN, PURPLE-SPINED SEA",0,6362.3,21034.58,44
2021,098131,"CRABS, SAND",0,6215.25,39053.72,110
2021,052440,"MAT, GREEN SEA",0,6121,737,14
2021,172385,"CUTLASSFISH, ATLANTIC",0,6108.45,9433.61,129
2021,169180,PORGIES,0,6068.9000000000005,10465.81,173
2021,567533,"SLUG, LETTUCE",0,6033,6190.2,36
2021,173819,"SLIDER, COMMON",0,5789,3115.7000000000003,42
2021,168852,"SNAPPER, BLACKFIN",1,5777.57,22811.83,52
2021,098088,"CRAB, SPOTTED PORCELAIN",0,5537,5418,39
2021,159851,"SHARKS, PELAGIC",0,5381.5,108394.515,98
2021,553139,OPHIDIIFORMES,0,5236.1,10368.65,56
2021,047528,"SPONGES, DEMOSPONGIAE",0,5206,20099.8,97
2021,082367,SQUIDS,0,5174.06,6569.7300000000005,135
2021,052016,"CORALS, SOFT",0,5017,17047.2,157
2021,165460,BALLYHOO,0,4789.78,27539.37,121
2021,650251,"BARRACUDA, GREAT",1,4660.71,7035.35,154
2021,169539,"SPADEFISH, ATLANTIC",1,4345.84,3842.62,351
2021,073236,"SNAIL, MUREX",0,4328,1902,20
2021,095599,"CRABS, SHRIMPS, LOBSTERS",0,4196,9783.300000000001,123
2021,173752,"TURTLES, SNAPPING",0,4112.1,4958.25,18
2021,160515,"SHARK, HAMMERHEAD, GREAT",1,4062.4300000000003,3594.79,11
2021,166794,"SCORPIONFISH, SPINYCHEEK",0,3970.8,3657.1,61
2021,052541,"ANEMONE, OTHER",0,3891,12925.75,14
2021,164729,"HAKES, RED AND WHITE",0,3861.44,3634.5,43
2021,018063,DICOTYLEDONS,0,3734,3238.5,22
2021,172714,"FLOUNDERS, LEFTEYED",0,3706.1,9066.84,210
2021,168602,"POMPANO, AFRICAN",1,3600.6,15274.423999999999,89
2021,166704,SCORPIONFISHES,0,3591.27,6679.5,155
2021,072556,"CONCH, FLORIDA FIGHTING",0,3581,8836.5,52
2021,052266,"GORGONIAN, SEA BLADES",0,3527,8375,60
2021,098485,"CRAB, FALSE ARROW",0,3465,1706,47
2021,047782,"SPONGE, RED BALL",0,3229,9399.85,90
2021,098205,"HERMIT, ORANGECLAW",0,3040,272,18
2021,553178,SPADEFISH,0,3014,2218.35,86
2021,164034,BULLHEADS,0,2926,556.22,8
2021,078022,"HARES, SEA",0,2915,3364.5,27
2021,156862,"STARS, OTHER SEA",0,2757,20384.55,152
2021,173183,"FILEFISH, PLANEHEAD",0,2752,1891,73
2021,775084,AMERICAN BULLFROG,0,2625,4163.5,22
2021,169632,"ANGELFISH, GRAY",1,2348,30105.39,271
2021,164159,"CATFISH, GAFFTOPSAIL",0,2306.57,1565.46,110
2021,169201,"PORGY, KNOBBED",1,2246.51,3405.08,198
2021,165629,KILLIFISHES,0,2160.76,50285.1,420
2021,082379,"SQUID, ATLANTIC BRIEF",0,2148.38,7683.08,105
2021,161061,"FISHES, RAY-FINNED",0,2056.1,1176.65,24
2021,173383,"BURRFISHES, SPINY BOXFISHES",0,2045,1031.5,53
2021,168607,"JACK, YELLOW",0,1965.7,3907.77,48
2021,172513,"DRIFTFISH, BLACK",0,1846.28,4385.4000000000005,23
2021,166488,"SEAHORSE, LINED",0,1788,6352,125
2021,009309,BRYOPSIDALES,0,1741,1915.55,39
2021,169626,"ANGELFISH, BLUE",0,1677,32454.9,278
2021,074222,"SNAIL, OLIVE",0,1662,2358,27
2021,169240,"SEATROUT, SILVER",0,1650,1491,30
2021,168690,"AMBERJACK, LESSER",1,1628.47,3257.7000000000003,44
2021,172364,OILFISH,0,1599.55,1948.75,13
2021,157520,"STAR, SERPENT BRITTLE",0,1494,1935.2,79
2021,157826,"URCHIN, SLATE PENCIL",0,1412,8094.25,35
2021,164818,"BROTULA, BEARDED",0,1296.92,1472.1000000000001,41
2021,044030,FORAMS,0,1271,2241,9
2021,163996,"CATFISHES, CHANNEL",0,1268,769.8000000000001,52
2021,172254,"TANG, BLUE",1,1254,5341.68,115
2021,168847,"SNAPPER, CUBERA",1,1253.53,4532.55,35
2021,660512,"CRAB, FURCATE SPIDER",0,1142,654.0500000000001,42
2021,158323,"CUCUMBER, FLORIDA SEA",0,1135,622.85,47
2021,079611,SCALLOPS,0,1112,4370,32
2021,157821,"URCHINS, SEA",0,1104,7060.3,14
2021,069794,"SNAIL, TOPSNAIL",0,1017,165.25,4
2021,052484,"CORALLIMORPH, FLORIDA",0,1004,2579.4,19
2021,169200,"PORGY, WHITEBONE",1,963.2,2563.75,23
2021,166787,"ROSEFISH, BLACKBELLY",0,902.5,1598.26,64
2021,079819,"fileclam, rough",0,880,599.3000000000001,19
2021,098058,"CRABS, PORCELAIN",0,859,468,33
2021,168684,"MOONFISH, ATLANTIC",0,856,349.6,42
2021,168845,SNAPPERS,0,848.83,1853.3500000000001,53
2021,046861,SPONGES,0,784,10374.1,32
2021,006949,"PLANT, MERMAID'S SHAVING BRUSH",0,768,390.67,40
2021,098483,"CRAB, YELLOWLINE ARROW",0,752,1171.8,75
2021,157325,"STARS, BRITTLE",0,741,802,26
2021,157486,"STAR, BLACK BRITTLE",0,736,448.8,15
2021,098888,"CRAB, REDFINGER RUBBLE",0,736,833,7
2021,006409,ULOTRICHALES,0,726,20403.5,102
2021,161160,"EEL, MORAYS",0,692,1211.3,19
2021,098178,"HERMIT, RED REEF",0,687,427.18,8
2021,169086,PORKFISH,0,649,1468.6000000000001,74
2021,644844,PIPEFISHES,0,638,2435.9,65
2021,615846,"BURRFISH, STRIPED",0,631,2216.5,35
2021,173283,PUFFERS,0,629,1187.8,76
2021,646513,HIGH-HAT,0,626,1236.25,70
2021,158854,"TUNICATES, SEA SQUIRTS",0,607,9576.25,65
2021,172512,BARRELFISH,0,589,2123.75,10
2021,006962,"PLANT, CAULERPA",0,564.75,9513.7,77
2021,168680,LOOKDOWN,0,533.41,417.76,24
2021,169623,"ANGELFISH, QUEEN",1,533,13186.15,166
2021,157187,"STARFISH, SPINY",0,515,589,34
2021,098188,"HERMIT, THINSTRIPE",0,514,366.5,17
2021,169238,SEATROUTS,0,503.46000000000004,463.7,28
2021,167800,"BASS, LONGTAIL",0,500.24,456.45,32
2021,096601,"SHRIMPS, PISTOL OR SNAPPING",0,487,877,45
2021,167700,"HIND, RED",1,483.1,1884.2050000000002,59
2021,168790,DOLPHINFISH,0,483.09000000000003,1487.75,34
2021,078156,NUDIBRANCHS,0,466,568.5,11
2021,171124,"BLENNY, OTHER",0,437,1172,31
2021,074182,"TULIP, TRUE",0,412,695,19
2021,164593,"BATFISH, OTHER",0,411,374.5,23
2021,167696,"HIND, ROCK",1,399.45,1214.31,80
2021,169077,PIGFISH,0,392.69,3957,42
2021,096421,"SHRIMP, PEDERSON CLEANER",0,385,805,38
2021,172568,"BUTTERFISH,GULF",0,353,343.3,26
2021,168857,"SNAPPER, DOG",1,346.44,753.23,18
2021,173245,"COWFISH, SCRAWLED",0,341,865.7,28
2021,636786,"GOBY,NEON",0,333,881,26
2021,169196,"PORGY, GRASS",0,305.17,473.221,31
2021,006922,"PLANT, HALIMEDA",0,305,152.94,14
2021,082603,"OCTOPUS, COMMON",0,301,732.5,27
2021,166170,SQUIRRELFISHES,0,288.40000000000003,626.5,86
2021,168204,FLAMEFISH,0,265,384,62
2021,203428,FILEFISHES,0,257,1033.3,22
2021,167764,"GROUPER, YELLOWFIN",1,239.54,1167.3500000000001,4
2021,012303,CORALLINACEAE,0,230,1412,19
2021,168548,"TILEFISH, SAND",1,222.32,271.23,41
2021,168544,"TILEFISH, GOLDFACE",1,220.53,575.7,16
2021,167762,"GROUPER, YELLOWMOUTH",1,215.94,788.25,9
2021,157958,"URCHIN, ROCK BORING",0,212,109.95,11
2021,208674,"TURTLES, NORTH AMERICAN SOFTSHELL",0,209.1,248.3,13
2021,173170,"TRIGGERFISH, OCEAN",1,202.59,436.08,13
2021,167744,"GROUPER, MARBLED",1,200.6,696.65,5
2021,099074,"CRAB, NIMBLE SPRAY",0,191,213.5,8
2021,206956,MAJOIDEA,0,188,912,30
2021,168178,BIGEYE,0,173.24,126.75,18
2021,169314,JACKKNIFE-FISH,0,151,1954,35
2021,168899,"SNAPPER, BLACK",1,150.91,249.75,8
2021,169633,"ANGELFISH, FRENCH",1,145,3250.31,51
2021,170046,"MAJOR, SERGEANT",0,143,186,10
2021,074075,"WHELK, LIGHTNING",0,143,556.75,22
2021,097863,"HERMIT, POLKADOTTED",0,142,148,6
2021,052150,"CORAL, DEEPWATER",0,133,245,6
2021,097298,"SHRIMP, BANDED CORAL",0,127,196.45000000000002,29
2021,157366,"STAR, BASKET",0,124,236,14
2021,167674,GROUPERS,0,121.14,483.25,12
2021,167703,"GROUPER, MISTY",1,117.88,567.28,9
2021,172252,"SURGEON, OCEAN",0,111,384.67,27
2021,169556,"BUTTERFLYFISH, SPOTFIN",0,111,447.3,31
2021,098200,"HERMIT, GIANT",0,105,927.5,16
2021,173320,"PUFFER, SHARPNOSE",0,104,178.5,25
2021,170080,"CHROMIS, BLUE",0,103,245,7
2021,097671,"LOBSTER, SPANISH",0,98.5,252.55,16
2021,168610,"JACK, HORSE-EYE",0,98.24000000000001,29.38,3
2021,169203,"PORGY, LITTLEHEAD",0,96.69,234.75,18
2021,166972,SEAROBINS,0,96,1046,27
2021,169558,"BUTTERFLYFISH, FOUREYE",0,82,260.7,26
2021,164412,TOADFISHES,0,81,715.5,25
2021,051774,"CASSIOPEA, JAMAICAN",0,80,87.5,3
2021,168176,BIGEYES,0,75.9,170.346,30
2021,168196,CARDINALFISHES,0,73,79,8
2021,168738,"RUNNER, RAINBOW",1,72.96000000000001,90,12
2021,172253,DOCTORFISH,1,71,152,20
2021,098453,LIBINIA,0,71,976,21
2021,166862,"SCORPIONFISH, REEF",0,68,211.5,15
2021,167806,"HAMLET, BUTTER",0,68,171.15,29
2021,170809,PARROTFISHES,0,60.120000000000005,364.5,9
2021,649685,"stingrays, myliobatiformes (order)",0,60,1274,9
2021,171746,GOBIES,0,59,197.4,8
2021,074187,"CONCH, HORSE",0,57,185.5,11
2021,164457,CLINGFISHES,0,57,147,12
2021,078255,"DORIS, FLORIDA REGAL",0,56,103,8
2021,168858,"SNAPPER, MAHOGANY",0,53.84,125.75,6
2021,181220,GRAYSBY,1,52.59,193.1925,25
2021,167686,"BASSES, MIXED SEA",0,52.15,101.8,13
2021,166487,SEAHORSES,0,50,796,20
2021,096424,"SHRIMP, SPOTTED CLEANER",0,50,139.5,9
2021,615345,BEAUGREGORY,0,49,77.2,11
2021,169625,"BEAUTY, ROCK",0,48,326.2,18
2021,172437,CERO,1,44.5,75.2,6
2021,170477,"WRASSE, OTHER",0,43,394.7,12
2021,082607,"OCTOPUS, ATLANTIC PYGMY",0,34,466.5,16
2021,082610,"OCTOPUS, CARIBBEAN REEF",0,34,219,15
2021,173391,PORCUPINEFISH,0,33,243.5,9
2021,170815,"PARROTFISH, PRINCESS",1,29,177.5,13
2021,169563,"BUTTERFLYFISH, BANDED",0,27,100.60000000000001,16
2021,170814,"PARROTFISH, RAINBOW",1,26,443,17
2021,170568,BLUEHEAD,0,26,60.9,5
2021,170484,"HOGFISH, SPANISH",1,22,201.6,13
2021,160951,"STINGRAY, SOUTHERN",1,18,190,6
2021,621035,"STINGRAY, YELLOW",0,18,130,7
2021,173297,"PUFFER, SOUTHERN",0,17,312.75,6
2021,167740,"GROUPER, CONEY",1,11.18,34.980000000000004,4
2021,170863,"PARROTFISH, REDBAND",1,7,23,3
2021,161186,"MORAY, GREEN",0,5,252,4
2021,170867,"PARROTFISH, STOPLIGHT",1,3,54.75,3
2022,161731,MENHADENS,0,759177450.15,108716496.65,2751
2022,551680,"SHRIMP, NORTHERN WHITE",1,106924942.8,202266912.58,49535
2022,098696,"CRAB, BLUE",0,58978338.1,106404494.87,322400
2022,551570,"SHRIMP, NORTHERN BROWN",1,50042613.45,84966795.22,20539
2022,079872,"OYSTER, EASTERN",0,13234174.9,93440872.97,53039
2022,551574,"SHRIMP, NORTHERN PINK",1,12203480.1,33045028.77,4186
2022,083677,CRUSTACEANS,0,9040000,445800,38
2022,097490,PROCAMBARUS,0,8248449.9,13868182.79,20676
2022,168853,"SNAPPER, RED",1,7249879.73,36283777.567,4898
2022,170335,"MULLET, STRIPED",0,7239638.85,6307959.66,14202
2022,163997,"CATFISH, BLUE",0,3422705.57,2055275.86,9587
2022,163954,"FISHES, BUFFALO",0,3419592.27,848948.88,3788
2022,169288,"DRUM, BLACK",0,2798745.15,3770252.67,8466
2022,167702,"GROUPER, RED",1,2542782.42,14599614.711,2957
2022,097648,"LOBSTER, CARIBBEAN SPINY",1,2015967.71,15908659.6,6350
2022,098810,"CRAB, STONE",0,1802127.17,39413024.5203,50569
2022,161737,"SHAD, GIZZARD",0,1739048,538513.87,963
2022,172435,"MACKEREL, KING",1,1618564.3399999999,4281027.21,1775
2022,095603,"SHRIMPS, BAIT",0,1578711.87,8616415.16,11072
2022,161700,HERRINGS,0,1480766.8,557562.98,860
2022,161748,"HERRING, ATLANTIC THREAD",0,1347570.12,344589.3,157
2022,202423,ANIMALIA,0,1212413,388202.10000000003,23
2022,095600,"SHRIMP, MARINE",0,1204137,1347361.5,100
2022,684690,"SHRIMP,FARFANTEPENAEUS",0,1180860.8,5422689.23,15969
2022,566920,TURBINIDAE,0,1067239,129141.52,641
2022,161111,LADYFISH,0,880201.75,875706.01,1665
2022,168909,"SNAPPER, VERMILION",1,870605.16,3300746.734,3653
2022,914179,OSTEICHTHYES,0,853673.77,564314.8,1395
2022,167759,"GROUPER, GAG",1,735803.9500000001,4837136.368,2566
2022,160318,"SHARK, BLACKTIP",1,728874,451677.15,885
2022,201897,"GAR, ALLIGATOR",0,706501.5,763083.87,1206
2022,096893,"SHRIMP, PEPPERMINT",0,684054,198378.2,725
2022,163998,"CATFISH, CHANNEL",0,626412.81,375528.42,1840
2022,158019,"DOLLARS, KEYHOLE SAND",0,605989,70729.8,105
2022,169189,SHEEPSHEAD,0,575526.49,632933.3200000001,4733
2022,161763,"SARDINE, SPANISH",0,544008,150569.82,41
2022,172423,"TUNA, YELLOWFIN",1,496021.27,2483966.1,372
2022,099084,"CRABS, FIDDLER",0,493710,42927.590000000004,223
2022,167699,"GROUPER, YELLOWEDGE",1,485573.07,2995435.63,663
2022,172482,SWORDFISH,1,479483.88,1704511.72,423
2022,163691,"CARP, SILVER",0,467121,123375.27,288
2022,098191,"HERMIT, TRICOLOR",0,438828,46364.200000000004,222
2022,161104,BOWFIN,0,396148.54000000004,338850.8,1311
2022,172436,"MACKEREL, SPANISH",1,359384.5,474269.2,1630
2022,169809,TILAPIAS,0,353095.11,235888.99,867
2022,168725,"SCAD, ROUND",0,349025,235170.15,47
2022,168546,"TILEFISH, GOLDEN",1,332104.41000000003,1174423.66,406
2022,095601,"SHRIMPS, PENAEOID",0,309044.44,1593450.4500000002,1053
2022,168907,"SNAPPER, YELLOWTAIL",1,294543.08,1172677.13,818
2022,169364,"DRUM, FRESHWATER",0,280965.45,54621.950000000004,1511
2022,168689,"AMBERJACK, GREATER",1,278613.64,664595.064,874
2022,172567,BUTTERFISH,0,278481,95643.3,142
2022,070159,"SNAIL, NERITES",0,256295,18413.5,68
2022,168609,"JACK, CREVALLE",1,253667.36000000002,240140.4,1790
2022,164029,"CATFISH, FLATHEAD",0,241288.21,142268.46,1478
2022,160275,"SHARK, BULL",1,223854.9,135382.2,215
2022,163692,"CARP, BIGHEAD",0,208898,23285.64,933
2022,098612,"CRAB, GREEN CLINGING",0,183535,105220.57,474
2022,163344,"CARP, COMMON",0,181110,27836.32,892
2022,169013,MOJARRAS,0,177444.87,220652.92,2626
2022,170333,MULLETS,0,170603.69,466358.51,3307
2022,163537,"CARP, GRASS",0,146722,33542.38,787
2022,165651,"KILLIFISH, GULF",0,137374,30237.600000000002,98
2022,163342,MINNOWS,0,130786.58,83223.5,219
2022,167763,SCAMP,1,128370.69,833260.399,1913
2022,170336,"MULLET, WHITE",0,124980.75,101375.8,885
2022,169207,"PORGY, RED",1,120400.67,228278.3852,1487
2022,168848,"SNAPPER, GRAY",1,110886.36,397967.6734,2316
2022,172427,"TUNA, BLACKFIN",1,108893.7,183735.024,193
2022,071935,CERITHIDEA,0,107821,15955.23,90
2022,169283,"CROAKER, ATLANTIC",0,106836.31,898480,2933
2022,165459,BALLYHOOS,0,105993.3,95878.3,58
2022,161732,"MENHADEN, ATLANTIC",0,104824.2,45529,100
2022,168708,"POMPANO, FLORIDA",0,97108.87,461397.10000000003,926
2022,169187,PINFISH,0,94756.08,330373.65,1801
2022,074103,NASSARIUS,0,88935,7757,49
2022,095750,"SHRIMP, ATLANIC SEABOB",0,87799,63847,64
2022,168543,"TILEFISH, BLUELINE",1,83349.15000000001,216702.44,256
2022,172402,"TUNA, LITTLE TUNNY",1,83142.68000000001,69880.76,414
2022,167705,"GROUPER, SNOWY",1,78279.62,466417.5,394
2022,096027,"SHRIMPS, ROCK",0,75184.93000000001,158112.2,120
2022,168612,"RUNNER, BLUE",1,68799.92,69043.03,546
2022,168849,"SNAPPER, MUTTON",1,63507.07,234074.49,449
2022,047614,HIPPOSPONGIA,0,58219,372452.25,133
2022,168559,BLUEFISH,0,55942.28,35640.05,710
2022,169055,GRUNTS,0,55502.87,104972.326,821
2022,160845,SKATES,0,54333,17465.1,83
2022,169290,"DRUM, RED",1,53860.92,165453.30000000002,1226
2022,172734,"FLOUNDERS, PARALICHTHYS",0,50317.73,188257.42,1561
2022,005414,"ALGAE, GREEN",0,45413,108068.5,82
2022,173138,"TRIGGERFISH, GRAY",1,45265.67,121933.747,1427
2022,098276,"CRABS, BRACHYURA",0,41508.15,73464.58,310
2022,168615,"JACK, BAR",1,41357.13,56248.92,820
2022,168691,"JACK, ALMACO",1,40672.58,76428.93000000001,672
2022,196434,"SPONGE, YELLOW",0,38813,104973.08,103
2022,168861,"SNAPPER, SILK",1,37951.64,183393.4628,312
2022,081499,"CLAM, SOUTHERN QUAHOG",0,37757.43,677279.08,490
2022,168677,"SCAD, BIGEYE",0,35766,16005.95,39
2022,169239,"SEATROUT, SPOTTED",0,35691.5,139832.75,1104
2022,161094,"GAR, LONGNOSE",0,34700.89,38602.200000000004,284
2022,167698,"HIND, SPECKLED",1,33043.14,172505.64,215
2022,168670,"BUMPER, ATLANTIC",0,32974,21344.7,272
2022,169243,"SEATROUT, SAND",0,32340.72,25365.52,631
2022,161755,"SARDINE, SCALED",0,29870.46,38193.32,101
2022,168584,JACKS,0,28529,23061.33,426
2022,168566,COBIA,1,27927.91,109699.3776,585
2022,172736,"FLOUNDER, GULF",0,27533.24,114001.74,719
2022,167760,"GROUPER, BLACK",1,26553.36,174004.82,302
2022,070088,"TURBAN, CHESTNUT",0,26308,6580.05,28
2022,167687,"BASS, BLACK SEA",1,25411.78,40319.163,143
2022,169197,"PORGY, JOLTHEAD",1,24646.82,42256.6,531
2022,006409,ULOTRICHALES,0,24259.5,667887.5,110
2022,172428,"TUNA, BIGEYE",1,24050,168130.25,55
2022,168709,PERMIT,0,23637.33,45228.76,118
2022,160189,"SHARK, TIGER",1,23282.600000000002,20793.600000000002,28
2022,172362,ESCOLAR,0,22936.73,19034.45,71
2022,168913,WENCHMAN,1,22453.48,17308.55,39
2022,160433,"SHARK, LEMON",1,21796.920000000002,17839.56,25
2022,169273,KINGFISHES,0,21417.54,34041.76,394
2022,069459,"SNAIL, OTHER",0,20816,23506.3,216
2022,157921,"URCHIN, GREEN SEA",0,19632,49077.5,174
2022,164034,BULLHEADS,0,19139,3704.37,19
2022,172421,"TUNA, BLUEFIN",1,17882.5,52130.01,21
2022,167704,"GROUPER, WARSAW",1,17857.18,75023.97,148
2022,164157,"CATFISHES, SEA",0,17486.5,15053.45,423
2022,052794,"ANEMONE, RED BEADED",0,17471,94321.40000000001,104
2022,160401,"SHARK, SPINNER",1,17051.12,12319.6,26
2022,170424,BARRACUDAS,0,16749.6,44337.950000000004,126
2022,172702,FLATFISHES,0,16506,66551.61,516
2022,168860,"SNAPPER, LANE",1,15825.050000000001,52255.1227,1101
2022,196436,"SPONGE, GRASS",0,15661,39796.73,47
2022,082703,"CRAB, HORSESHOE",0,14740,32982.25,114
2022,172451,WAHOO,1,14429.220000000001,42180.63,173
2022,166882,LIONFISHES,0,14361.44,77980.9105,401
2022,098519,"CRABS, CORAL SPIDER",0,12860,12850.5,38
2022,169237,DRUMS,0,11645,3265.3,103
2022,161093,"GARS, SLENDER",0,11510.58,15346.35,48
2022,082369,"SQUIDS, LOLIGINIDAE",0,11417.93,19719.49,586
2022,168902,"SNAPPER, QUEEN",1,11225.4,50306.75,103
2022,169007,TRIPLETAIL,1,10034.6,50022.200000000004,225
2022,170566,HOGFISH,1,9036.39,54450.112,176
2022,172738,"FLOUNDER, SOUTHERN",0,8603.56,39734.12,253
2022,160946,STINGRAYS,0,8585.44,18426.23,369
2022,160515,"SHARK, HAMMERHEAD, GREAT",1,8411.2,7209.1,15
2022,650251,"BARRACUDA, GREAT",1,8391.07,24027.49,206
2022,168791,DOLPHIN,1,8323.3,20339.2374,251
2022,567533,"SLUG, LETTUCE",0,7075,10672.6,42
2022,173819,"SLIDER, COMMON",0,7063.6,4084.7000000000003,42
2022,098131,"CRABS, SAND",0,7045.62,47416.270000000004,104
2022,166493,"SEAHORSE, DWARF",0,6933,16884.5,33
2022,169267,SPOT,0,6819.05,4346.88,254
2022,098205,"HERMIT, ORANGECLAW",0,6650,772,25
2022,167703,"GROUPER, MISTY",1,6391.1,1624.43,11
2022,169180,PORGIES,0,5960.71,10958.25,142
2022,172714,"FLOUNDERS, LEFTEYED",0,5940.4000000000005,25014.77,257
2022,009309,BRYOPSIDALES,0,5836,9133,44
2022,168693,"RUDDERFISH, BANDED",1,5741.58,6474.45,114
2022,098088,"CRAB, SPOTTED PORCELAIN",0,5700,6396.05,43
2022,168852,"SNAPPER, BLACKFIN",1,5318.81,24075.308,68
2022,052266,"GORGONIAN, SEA BLADES",0,5018,19954.5,64
2022,157906,"URCHIN, PURPLE-SPINED SEA",0,4864,13556.75,41
2022,099140,"SHRIMPS, MANTIS",0,4736.16,18665.100000000002,460
2022,052016,"CORALS, SOFT",0,4677,18356.2,142
2022,172385,"CUTLASSFISH, ATLANTIC",0,4663.92,9489.25,268
2022,167764,"GROUPER, YELLOWFIN",1,4601.42,25809.9,12
2022,159851,"SHARKS, PELAGIC",0,4544.28,114608.81,68
2022,098485,"CRAB, FALSE ARROW",0,4485,3025.75,71
2022,018063,DICOTYLEDONS,0,4456,4420,15
2022,167691,"BASS, ROCK SEA",1,4297.64,6352.6,59
2022,169539,"SPADEFISH, ATLANTIC",1,4278.37,5205.49,294
2022,047528,"SPONGES, DEMOSPONGIAE",0,4133,17424.5,75
2022,052440,"MAT, GREEN SEA",0,4020,7685.6900000000005,18
2022,775084,AMERICAN BULLFROG,0,4008,13635,54
2022,072556,"CONCH, FLORIDA FIGHTING",0,3868,5987.5,39
2022,168602,"POMPANO, AFRICAN",1,3801.26,19032.38,102
2022,095599,"CRABS, SHRIMPS, LOBSTERS",0,3705,6973.6500000000005,75
2022,168845,SNAPPERS,0,3640.27,17939.83,65
2022,169077,PIGFISH,0,3382.31,55408.25,217
2022,553139,OPHIDIIFORMES,0,3212.8,7977.6,53
2022,047782,"SPONGE, RED BALL",0,3186,11746,68
2022,172513,"DRIFTFISH, BLACK",0,3163.17,9443.5,15
2022,553178,SPADEFISH,0,3163,2516.65,78
2022,166787,"ROSEFISH, BLACKBELLY",0,3109.02,14161.18,58
2022,052541,"ANEMONE, OTHER",0,3061,9460,7
2022,078022,"HARES, SEA",0,3037,11047.5,33
2022,074101,"CONCH, CROWN",0,3008,4430.5,18
2022,166704,SCORPIONFISHES,0,2999.43,6366.13,114
2022,206947,"CRABS, HERMIT",0,2819,3692.05,59
2022,167674,GROUPERS,0,2743.86,9578.15,23
2022,168607,"JACK, YELLOW",0,2525,5019.34,61
2022,163996,"CATFISHES, CHANNEL",0,2387,1533.05,86
2022,156862,"STARS, OTHER SEA",0,1891,18439.2,87
2022,173383,"BURRFISHES, SPINY BOXFISHES",0,1862,1089.5,44
2022,165460,BALLYHOO,0,1824.58,13766,66
2022,159977,"SHARK, NURSE",1,1778.81,2598.75,6
2022,074222,"SNAIL, OLIVE",0,1732,1549,14
2022,166488,"SEAHORSE, LINED",0,1725,5995.5,99
2022,169632,"ANGELFISH, GRAY",1,1646,24123.2,246
2022,169201,"PORGY, KNOBBED",1,1641.52,2564.1354,147
2022,046861,SPONGES,0,1624,23146.5,47
2022,162374,LIZARDFISHES,0,1623,990.4,16
2022,157520,"STAR, SERPENT BRITTLE",0,1601,6014.9000000000005,100
2022,082367,SQUIDS,0,1588.77,3328.5,48
2022,157821,"URCHINS, SEA",0,1580,8730,6
2022,168684,"MOONFISH, ATLANTIC",0,1512,1335.2,55
2022,164159,"CATFISH, GAFFTOPSAIL",0,1508.1000000000001,1680.65,99
2022,164729,"HAKES, RED AND WHITE",0,1494.3600000000001,1059,26
2022,173183,"FILEFISH, PLANEHEAD",0,1483,1322.5,62
2022,157187,"STARFISH, SPINY",0,1467,2539.5,45
2022,169200,"PORGY, WHITEBONE",1,1453,5470.1,46
2022,082590,OCTOPUSES,0,1449.2,4744.35,70
2022,158854,"TUNICATES, SEA SQUIRTS",0,1447,30992,61
2022,098178,"HERMIT, RED REEF",0,1442,887.96,10
2022,161326,"EEL, CONGER",0,1425.24,279.90000000000003,7
2022,168690,"AMBERJACK, LESSER",1,1357.15,2445.88,41
2022,079819,"fileclam, rough",0,1289,1123.1100000000001,19
2022,172566,"HARVESTFISH, NORTHERN",0,1286,633.85,27
2022,098058,"CRABS, PORCELAIN",0,1249,1292,29
2022,159924,"SHARK, MAKO, SHORTFIN",1,1237.65,1364,8
2022,165629,KILLIFISHES,0,1223.84,36098.65,291
2022,168847,"SNAPPER, CUBERA",1,1194.6200000000001,3978.9662000000003,32
2022,073236,"SNAIL, MUREX",0,1172,1123.1000000000001,10
2022,161092,GARFISHES,0,1152,2888.7000000000003,12
2022,613026,"GRUNT, WHITE",1,1129.95,1567,41
2022,172512,BARRELFISH,0,1040.5,4301.05,20
2022,006922,"PLANT, HALIMEDA",0,1021,3098.58,18
2022,157826,"URCHIN, SLATE PENCIL",0,950,673.6,37
2022,160617,"DOGFISH, SPINY",0,910,473.3,6
2022,079611,SCALLOPS,0,888,3777,25
2022,169626,"ANGELFISH, BLUE",0,883,18092.600000000002,191
2022,660512,"CRAB, FURCATE SPIDER",0,864,583.5,28
2022,082379,"SQUID, ATLANTIC BRIEF",0,862.2,1738.16,97
2022,171124,"BLENNY, OTHER",0,770,1561.5,35
2022,164818,"BROTULA, BEARDED",0,736.28,989.75,25
2022,169633,"ANGELFISH, FRENCH",1,730,7822,66
2022,157325,"STARS, BRITTLE",0,707,855.5,20
2022,173283,PUFFERS,0,704.94,1294.3689000000002,63
2022,161419,"EELS, SNAKE",0,691,708,13
2022,169623,"ANGELFISH, QUEEN",1,666,12122.5,147
2022,208674,"TURTLES, NORTH AMERICAN SOFTSHELL",0,664.6,1358.2,12
2022,167700,"HIND, RED",1,630.76,3071.03,107
2022,168548,"TILEFISH, SAND",1,620.48,685.73,81
2022,158323,"CUCUMBER, FLORIDA SEA",0,590,665.2,37
2022,166794,"SCORPIONFISH, SPINYCHEEK",0,588.6800000000001,1553.25,19
2022,168680,LOOKDOWN,0,583,1519.8500000000001,47
2022,157958,"URCHIN, ROCK BORING",0,580,569.95,25
2022,166487,SEAHORSES,0,567,3051,37
2022,168790,DOLPHINFISH,0,554.2,1566.4,36
2022,082603,"OCTOPUS, COMMON",0,524,1015,20
2022,098483,"CRAB, YELLOWLINE ARROW",0,522,813.7,44
2022,168610,"JACK, HORSE-EYE",0,471.78000000000003,371.34000000000003,10
2022,006949,"PLANT, MERMAID'S SHAVING BRUSH",0,470,423.61,24
2022,615846,"BURRFISH, STRIPED",0,419,661,27
2022,157486,"STAR, BLACK BRITTLE",0,413,368.05,19
2022,169238,SEATROUTS,0,407.86,377.2,26
2022,169240,"SEATROUT, SILVER",0,394.5,644.25,15
2022,172568,"BUTTERFISH,GULF",0,385.42,353.32,23
2022,096601,"SHRIMPS, PISTOL OR SNAPPING",0,382,572,20
2022,170311,"POMFRET, BIGSCALE",0,378.1,696.08,9
2022,206956,MAJOIDEA,0,369,2176.5,41
2022,167762,"GROUPER, YELLOWMOUTH",1,356.95,1417.43,18
2022,098188,"HERMIT, THINSTRIPE",0,354,533,14
2022,644844,PIPEFISHES,0,340,2364.75,32
2022,167696,"HIND, ROCK",1,339.82,1117.953,67
2022,168857,"SNAPPER, DOG",1,328.3,982.1,19
2022,166170,SQUIRRELFISHES,0,324.87,704.1973,73
2022,051774,"CASSIOPEA, JAMAICAN",0,324,1196,3
2022,166825,"SCORPIONFISH, SPOTTED",0,319.28000000000003,701,9
2022,052150,"CORAL, DEEPWATER",0,312,1929,10
2022,172254,"TANG, BLUE",1,312,3054.4,76
2022,169086,PORKFISH,0,295,1490.9,50
2022,006962,"PLANT, CAULERPA",0,279,6651.5,37
2022,167744,"GROUPER, MARBLED",1,275.68,1461.95,8
2022,074182,"TULIP, TRUE",0,264,1314.5,19
2022,097863,"HERMIT, POLKADOTTED",0,262,323.74,14
2022,096421,"SHRIMP, PEDERSON CLEANER",0,255,537,24
2022,161061,"FISHES, RAY-FINNED",0,252.99,822.4215,29
2022,646513,HIGH-HAT,0,239,515.4,49
2022,097671,"LOBSTER, SPANISH",0,191.3,1372.6000000000001,20
2022,168738,"RUNNER, RAINBOW",1,187.44,255.75,25
2022,166972,SEAROBINS,0,176,2608,23
2022,097298,"SHRIMP, BANDED CORAL",0,168,829.5,28
2022,169563,"BUTTERFLYFISH, BANDED",0,164,1158.7,13
2022,167838,CREOLE-FISH,0,162.28,463.90000000000003,20
2022,164593,"BATFISH, OTHER",0,162,394,13
2022,157366,"STAR, BASKET",0,154,220,10
2022,170928,"JAWFISH, YELLOWHEAD",0,152,1079.2,4
2022,172413,"MACKEREL, ATLANTIC CHUB",0,143,559,3
2022,173320,"PUFFER, SHARPNOSE",0,138,493.25,37
2022,158309,"CUCUMBERS, OTHER SEA",0,124,1144,13
2022,097297,"SHRIMP, GOLDEN CORAL",0,123,611.8000000000001,17
2022,168204,FLAMEFISH,0,112,305.3,43
2022,169558,"BUTTERFLYFISH, FOUREYE",0,107,528.05,33
2022,167806,"HAMLET, BUTTER",0,107,270.25,26
2022,169196,"PORGY, GRASS",0,106.79,294.15000000000003,16
2022,169203,"PORGY, LITTLEHEAD",0,105.58,316.4816,24
2022,636786,"GOBY,NEON",0,103,454.5,15
2022,164412,TOADFISHES,0,101,693.1,19
2022,164457,CLINGFISHES,0,99,101.5,14
2022,161160,"EEL, MORAYS",0,93,315.5,10
2022,172252,"SURGEON, OCEAN",0,88,782.5,27
2022,166862,"SCORPIONFISH, REEF",0,86,128,6
2022,168178,BIGEYE,0,79.76,80.5,18
2022,171746,GOBIES,0,78,162.9,7
2022,172401,"TUNA, SKIPJACK",1,76.57000000000001,59.800000000000004,3
2022,169314,JACKKNIFE-FISH,0,75,912.2,19
2022,170568,BLUEHEAD,0,75,363.3,12
2022,074187,"CONCH, HORSE",0,73,222.5,15
2022,167686,"BASSES, MIXED SEA",0,70.57000000000001,173.45000000000002,8
2022,172253,DOCTORFISH,1,69,277,37
2022,167800,"BASS, LONGTAIL",0,66.28,207.5,17
2022,082607,"OCTOPUS, ATLANTIC PYGMY",0,64,391.5,8
2022,168176,BIGEYES,0,55.85,90.8435,24
2022,615345,BEAUGREGORY,0,52,155.5,19
2022,173297,"PUFFER, SOUTHERN",0,51,529.5,9
2022,169625,"BEAUTY, ROCK",0,50,628.3000000000001,29
2022,173139,"TRIGGERFISH, QUEEN",1,47.08,363,8
2022,173245,"COWFISH, SCRAWLED",0,46,312.40000000000003,11
2022,170080,"CHROMIS, BLUE",0,44,301.5,7
2022,082610,"OCTOPUS, CARIBBEAN REEF",0,40,587.5,12
2022,170932,"JAWFISH, DUSKY",0,39,31.8,5
2022,170046,"MAJOR, SERGEANT",0,39,79,13
2022,168196,CARDINALFISHES,0,37,64.6,14
2022,181220,GRAYSBY,1,36.04,74.08840000000001,17
2022,170477,"WRASSE, OTHER",0,35,92,7
2022,173391,PORCUPINEFISH,0,32,227.5,8
2022,096424,"SHRIMP, SPOTTED CLEANER",0,29,157.75,13
2022,621035,"STINGRAY, YELLOW",0,28,548,7
2022,170484,"HOGFISH, SPANISH",1,25,243.20000000000002,10
2022,203428,FILEFISHES,0,24,100,8
2022,170809,PARROTFISHES,0,23,78,7
2022,172250,SURGEONFISHES,0,23,230.8,13
2022,170811,"PARROTFISH, BLUE",1,23,624,11
2022,170507,"WRASSE, CLOWN",0,22,135,12
2022,170867,"PARROTFISH, STOPLIGHT",1,15,438.5,13
2022,170815,"PARROTFISH, PRINCESS",1,13,285.75,8
2022,168567,"REMORAS, OTHER",0,11,41.5,3
2022,168850,SCHOOLMASTER,1,6.44,28,3
2022,160984,"RAYS, COWNOSED",0,6,410,3
2022,072557,"CONCH, MILK",0,6,44.4,3
2022,161186,"MORAY, GREEN",0,6,281,4
2022,173134,"FILEFISH, SCRAWLED",0,3,158.75,3
2023,161731,MENHADENS,0,733174148.82,110663929.4,2472
2023,551680,"SHRIMP, NORTHERN WHITE",1,93732142.68,107741407.07,37739
2023,551570,"SHRIMP, NORTHERN BROWN",1,59716591.3,73701181.45,19727
2023,098696,"CRAB, BLUE",0,52294978.02,94961818.88,326684
2023,079872,"OYSTER, EASTERN",0,11129861.41,76916159.16,43170
2023,097490,PROCAMBARUS,0,11114360.6,15001288.74,25976
2023,551574,"SHRIMP, NORTHERN PINK",1,8869248.57,15483743.25,1849
2023,168853,"SNAPPER, RED",1,7837667.08,42326642.336,5113
2023,170335,"MULLET, STRIPED",0,4145034.27,3705984.88,10130
2023,163997,"CATFISH, BLUE",0,3567218.12,2143439.09,8160
2023,169288,"DRUM, BLACK",0,2881364.9,3799125.41,8765
2023,163954,"FISHES, BUFFALO",0,2743803.45,722530.43,2900
2023,167702,"GROUPER, RED",1,2611251.25,15700862.8422,3117
2023,161700,HERRINGS,0,2251502.16,792823.0700000001,1084
2023,097648,"LOBSTER, CARIBBEAN SPINY",1,1965786.92,15377335.2,6443
2023,098810,"CRAB, STONE",0,1707663.4,35663237.3648,51366
2023,172435,"MACKEREL, KING",1,1606532.6600000001,4175623.6,2025
2023,095603,"SHRIMPS, BAIT",0,1471773.69,8410691.61,11268
2023,684690,"SHRIMP,FARFANTEPENAEUS",0,1333045.67,6136522.95,16630
2023,161737,"SHAD, GIZZARD",0,1230308.5,360247.93,882
2023,161111,LADYFISH,0,1215474.31,1174919.79,1729
2023,168909,"SNAPPER, VERMILION",1,1048685.7,3877466.93,4157
2023,161748,"HERRING, ATLANTIC THREAD",0,865461.29,241212.36000000002,105
2023,202423,ANIMALIA,0,856396.2000000001,32795.42,83
2023,566920,TURBINIDAE,0,856078,90799.78,571
2023,095600,"SHRIMP, MARINE",0,841703,1261964,45
2023,160318,"SHARK, BLACKTIP",1,766762.83,472536.6975,619
2023,163998,"CATFISH, CHANNEL",0,652297.35,502053.08,1949
2023,169189,SHEEPSHEAD,0,627449.4400000001,745323.52,3970
2023,096893,"SHRIMP, PEPPERMINT",0,622444,188230.4,643
2023,158019,"DOLLARS, KEYHOLE SAND",0,562171,350231,52
2023,167699,"GROUPER, YELLOWEDGE",1,544274.3200000001,3523959.75,658
2023,099084,"CRABS, FIDDLER",0,524234,76419.32,132
2023,172423,"TUNA, YELLOWFIN",1,502442.25,2584508.93,366
2023,201897,"GAR, ALLIGATOR",0,496088.19,593292.03,816
2023,168725,"SCAD, ROUND",0,495101.19,465251.29000000004,85
2023,098191,"HERMIT, TRICOLOR",0,476423,211698.6,263
2023,172482,SWORDFISH,1,413016.57,1531921.75,663
2023,163342,MINNOWS,0,336847.96,140100.75,345
2023,163691,"CARP, SILVER",0,325984,77078.08,291
2023,169364,"DRUM, FRESHWATER",0,265963.28,52513.71,1220
2023,172436,"MACKEREL, SPANISH",1,265863.31,367659.85000000003,1689
2023,168546,"TILEFISH, GOLDEN",1,253720.98,968092.06,404
2023,167759,"GROUPER, GAG",1,250337.14,1749024.96,1899
2023,095601,"SHRIMPS, PENAEOID",0,240480.36000000002,1227736.55,1037
2023,169283,"CROAKER, ATLANTIC",0,223551.24,1254286.35,3544
2023,164029,"CATFISH, FLATHEAD",0,223483.28,140813.52,1325
2023,161763,"SARDINE, SPANISH",0,223074.92,88067.17,30
2023,168907,"SNAPPER, YELLOWTAIL",1,218193.54,876901.0608,1111
2023,160275,"SHARK, BULL",1,214449.01,134418.7,190
2023,170333,MULLETS,0,202158.47,517434.26,3395
2023,169013,MOJARRAS,0,174539,243094.29,2110
2023,169809,TILAPIAS,0,157209.72,112255.95,450
2023,071935,CERITHIDEA,0,155749.5,27723.21,76
2023,098612,"CRAB, GREEN CLINGING",0,151348,94941.3,390
2023,168609,"JACK, CREVALLE",1,144787.7,145301.85,940
2023,163692,"CARP, BIGHEAD",0,144274,14939.1,648
2023,070159,"SNAIL, NERITES",0,144180,14923.75,59
2023,095966,"SHRIMP, ROYAL RED",1,135938,520633.46,47
2023,168689,"AMBERJACK, GREATER",1,135371.52,339487.4296,337
2023,169207,"PORGY, RED",1,130175.78,258675.819,1464
2023,914179,OSTEICHTHYES,0,128257.3,361506.96,1206
2023,163537,"CARP, GRASS",0,123601,26626.37,620
2023,096027,"SHRIMPS, ROCK",0,122680.33,166635.69,96
2023,167763,SCAMP,1,116366.07,796879.8300000001,1817
2023,168708,"POMPANO, FLORIDA",0,107345.92,516779.47000000003,931
2023,168848,"SNAPPER, GRAY",1,106459.71,418752.384,2340
2023,172427,"TUNA, BLACKFIN",1,105494.17,197422.4698,229
2023,160200,"SHARK, ATLANTIC SHARPNOSE",1,98086.62,77254.5798,140
2023,168849,"SNAPPER, MUTTON",1,93823.74,340180.536,596
2023,170336,"MULLET, WHITE",0,90013.96,88616.51,663
2023,163344,"CARP, COMMON",0,83288,14042.58,694
2023,168543,"TILEFISH, BLUELINE",1,83110.17,231434.35,256
2023,167705,"GROUPER, SNOWY",1,69436.37,426405.84,417
2023,168559,BLUEFISH,0,68772.63,43427.97,725
2023,169055,GRUNTS,0,65978.7,113528.738,775
2023,161732,"MENHADEN, ATLANTIC",0,63282.8,31274.15,63
2023,095750,"SHRIMP, ATLANIC SEABOB",0,61330,48925.35,24
2023,169187,PINFISH,0,59613.53,247384.21,1663
2023,160401,"SHARK, SPINNER",1,59336.56,44075.1,61
2023,172402,"TUNA, LITTLE TUNNY",1,54944.58,61190.04,475
2023,173138,"TRIGGERFISH, GRAY",1,54410.450000000004,159041.623,1547
2023,172567,BUTTERFISH,0,53629,27213.45,64
2023,168615,"JACK, BAR",1,51734.770000000004,65524.07,1067
2023,047614,HIPPOSPONGIA,0,50283,323069.8,155
2023,168861,"SNAPPER, SILK",1,46614.88,237471.4,340
2023,081499,"CLAM, SOUTHERN QUAHOG",0,46242.53,498287.35000000003,606
2023,098276,"CRABS, BRACHYURA",0,43572.01,112409.62,321
2023,005414,"ALGAE, GREEN",0,43247,144827,99
2023,196434,"SPONGE, YELLOW",0,41237,107923.33,98
2023,169290,"DRUM, RED",1,40750.36,134288.44,1089
2023,167760,"GROUPER, BLACK",1,40490.11,286178.152,351
2023,167698,"HIND, SPECKLED",1,39891.14,216261.08000000002,228
2023,172734,"FLOUNDERS, PARALICHTHYS",0,38493.8,156004.11000000002,1335
2023,169239,"SEATROUT, SPOTTED",0,38291.32,151203.30000000002,1339
2023,169197,"PORGY, JOLTHEAD",1,34343.74,50776.5903,642
2023,168612,"RUNNER, BLUE",1,31672.93,26863.93,496
2023,161104,BOWFIN,0,31564.440000000002,29566.100000000002,351
2023,161755,"SARDINE, SCALED",0,28784.72,100218.6,195
2023,168691,"JACK, ALMACO",1,28462.96,58068.33,597
2023,172428,"TUNA, BIGEYE",1,27768.75,204517.2,67
2023,168860,"SNAPPER, LANE",1,27010.99,93427.092,1527
2023,172421,"TUNA, BLUEFIN",1,26032.5,100212.25,47
2023,168566,COBIA,1,22361.600000000002,87051.857,572
2023,172702,FLATFISHES,0,22282,89223.17,646
2023,172736,"FLOUNDER, GULF",0,21751.5,91296.68000000001,566
2023,172362,ESCOLAR,0,21618.600000000002,18559,172
2023,168670,"BUMPER, ATLANTIC",0,21244,11148.12,241
2023,161094,"GAR, LONGNOSE",0,19352.08,22935.4,183
2023,167687,"BASS, BLACK SEA",1,18228.57,30802.58,165
2023,169243,"SEATROUT, SAND",0,17853.47,27404.27,693
2023,172451,WAHOO,1,17596.25,43346.48,214
2023,169273,KINGFISHES,0,17133.14,25572.53,422
2023,168902,"SNAPPER, QUEEN",1,16630.94,85244.3452,143
2023,074103,NASSARIUS,0,14675,2960,41
2023,167704,"GROUPER, WARSAW",1,13561.39,59271.6,116
2023,166882,LIONFISHES,0,13043.51,72520.205,182
2023,168677,"SCAD, BIGEYE",0,12994,8042.2,14
2023,170424,BARRACUDAS,0,12977.4,35504.25,101
2023,157921,"URCHIN, GREEN SEA",0,12671,38993.25,163
2023,196436,"SPONGE, GRASS",0,12108,38407.950000000004,38
2023,553178,SPADEFISH,0,12083,11781.630000000001,110
2023,169180,PORGIES,0,11463.32,23212.68,183
2023,166493,"SEAHORSE, DWARF",0,11141,45441,33
2023,168602,"POMPANO, AFRICAN",1,10994.16,56524.380000000005,187
2023,069459,"SNAIL, OTHER",0,10814,11965.2,146
2023,164157,"CATFISHES, SEA",0,10784.86,8210.11,313
2023,082703,"CRAB, HORSESHOE",0,10218,20026.25,67
2023,172738,"FLOUNDER, SOUTHERN",0,10162.19,50299.71,288
2023,167691,"BASS, ROCK SEA",1,10041.04,15221.25,92
2023,650251,"BARRACUDA, GREAT",1,9995.86,38446.88,179
2023,070088,"TURBAN, CHESTNUT",0,9782,2591.05,38
2023,165460,BALLYHOO,0,9746.36,53927.5,108
2023,168852,"SNAPPER, BLACKFIN",1,9153.12,42565.69,71
2023,168791,DOLPHIN,1,8952.73,21133.709600000002,237
2023,170566,HOGFISH,1,8950.050000000001,62279.9828,169
2023,172385,"CUTLASSFISH, ATLANTIC",0,8805.84,11438.75,206
2023,160946,STINGRAYS,0,8563.02,14376.79,324
2023,099140,"SHRIMPS, MANTIS",0,8515.45,41780.69,554
2023,553139,OPHIDIIFORMES,0,8514.25,20213.5625,58
2023,052794,"ANEMONE, RED BEADED",0,8308,59587.6,66
2023,082369,"SQUIDS, LOLIGINIDAE",0,7834.85,18431.75,688
2023,160508,"SHARK, HAMMERHEAD, SCALLOPED",1,7731.82,4506.6500000000005,22
2023,160845,SKATES,0,7486,7695.05,143
2023,168693,"RUDDERFISH, BANDED",1,7077.35,6689.5101,169
2023,098485,"CRAB, FALSE ARROW",0,6222,3497.6,61
2023,098131,"CRABS, SAND",0,5596.79,32369.98,98
2023,169267,SPOT,0,5561.6500000000005,3249.2200000000003,288
2023,172419,"TUNA, ALBACORE",1,5348.4400000000005,6666,23
2023,169007,TRIPLETAIL,1,5189.1,24033.45,176
2023,172714,"FLOUNDERS, LEFTEYED",0,5110.35,23408.94,141
2023,168709,PERMIT,0,4973.85,11968.09,52
2023,775084,AMERICAN BULLFROG,0,4915,15424,35
2023,157906,"URCHIN, PURPLE-SPINED SEA",0,4675,14313.25,28
2023,173819,"SLIDER, COMMON",0,4487.5,3558.53,22
2023,009309,BRYOPSIDALES,0,4350,6870.75,31
2023,168684,"MOONFISH, ATLANTIC",0,4096,4578.45,44
2023,166704,SCORPIONFISHES,0,3979.81,9646.8695,135
2023,169077,PIGFISH,0,3937.87,58759.5,278
2023,169237,DRUMS,0,3781,1625.55,96
2023,047528,"SPONGES, DEMOSPONGIAE",0,3744,17274.5,94
2023,157821,"URCHINS, SEA",0,3708,15423.5,15
2023,052016,"CORALS, SOFT",0,3608,16575,80
2023,168913,WENCHMAN,1,3605.83,3743.4500000000003,20
2023,095599,"CRABS, SHRIMPS, LOBSTERS",0,3386,7054.9000000000005,81
2023,168584,JACKS,0,3256.8,4114.1,28
2023,074101,"CONCH, CROWN",0,3253,4938,13
2023,173183,"FILEFISH, PLANEHEAD",0,3213,2161.3,82
2023,052266,"GORGONIAN, SEA BLADES",0,3178,16397,42
2023,160985,"RAY, COWNOSE",0,3168.58,4174.9400000000005,55
2023,164159,"CATFISH, GAFFTOPSAIL",0,3134.86,1662.06,118
2023,082367,SQUIDS,0,3060.15,6098.07,98
2023,169539,"SPADEFISH, ATLANTIC",1,2992.96,3858.266,298
2023,047782,"SPONGE, RED BALL",0,2741,9081.75,65
2023,046861,SPONGES,0,2696,28399.05,53
2023,168607,"JACK, YELLOW",0,2645.89,7931.47,75
2023,567533,"SLUG, LETTUCE",0,2631,3909,26
2023,160433,"SHARK, LEMON",1,2613.2000000000003,1867.95,12
2023,167674,GROUPERS,0,2420.68,8386.65,25
2023,167700,"HIND, RED",1,2332.4500000000003,12339.65,89
2023,613026,"GRUNT, WHITE",1,2058.2,4506.6500000000005,96
2023,072556,"CONCH, FLORIDA FIGHTING",0,1857,4325.5,25
2023,098088,"CRAB, SPOTTED PORCELAIN",0,1748,2495.5,17
2023,164818,"BROTULA, BEARDED",0,1684.08,1644.75,22
2023,206947,"CRABS, HERMIT",0,1537,3245.75,28
2023,168847,"SNAPPER, CUBERA",1,1521.29,5070.78,51
2023,156862,"STARS, OTHER SEA",0,1336,12794.65,72
2023,157958,"URCHIN, ROCK BORING",0,1321,1023.3000000000001,39
2023,169201,"PORGY, KNOBBED",1,1272.71,2140.2456,97
2023,169632,"ANGELFISH, GRAY",1,1205,19482.5,180
2023,172512,BARRELFISH,0,1202.8700000000001,5368.89,20
2023,166488,"SEAHORSE, LINED",0,1192,3681.5,60
2023,006409,ULOTRICHALES,0,1099,28793,89
2023,166454,"PIPEFISH, SARGASSUM",0,1088,1630.8,20
2023,171124,"BLENNY, OTHER",0,1081,2273,40
2023,165629,KILLIFISHES,0,1052.18,34825.93,268
2023,157520,"STAR, SERPENT BRITTLE",0,1011,3654.25,75
2023,166787,"ROSEFISH, BLACKBELLY",0,1010.4,2416.35,35
2023,006922,"PLANT, HALIMEDA",0,978,2991.38,18
2023,157826,"URCHIN, SLATE PENCIL",0,927,792.9,41
2023,172566,"HARVESTFISH, NORTHERN",0,923.7,741.5600000000001,52
2023,164729,"HAKES, RED AND WHITE",0,893.52,577.7,25
2023,166794,"SCORPIONFISH, SPINYCHEEK",0,881.9200000000001,2450,25
2023,158323,"CUCUMBER, FLORIDA SEA",0,832,1043.5,67
2023,168845,SNAPPERS,0,831.46,2580.65,46
2023,167696,"HIND, ROCK",1,742.99,3487.2269,53
2023,082379,"SQUID, ATLANTIC BRIEF",0,713.48,1665.29,71
2023,172513,"DRIFTFISH, BLACK",0,705.88,2633.5,15
2023,169200,"PORGY, WHITEBONE",1,704.24,2180,21
2023,173283,PUFFERS,0,680.5,1676.3868,78
2023,168790,DOLPHINFISH,0,677.26,1890.15,34
2023,168548,"TILEFISH, SAND",1,650.62,650.4868,81
2023,161061,"FISHES, RAY-FINNED",0,644.62,5312.2,78
2023,169240,"SEATROUT, SILVER",0,622,1232.5,16
2023,168690,"AMBERJACK, LESSER",1,585.37,1496.82,34
2023,161092,GARFISHES,0,582,1150,7
2023,660512,"CRAB, FURCATE SPIDER",0,550,357.75,20
2023,166170,SQUIRRELFISHES,0,544.25,988.4432,90
2023,169623,"ANGELFISH, QUEEN",1,494,11967.1,93
2023,078022,"HARES, SEA",0,486,1682.5,16
2023,169563,"BUTTERFLYFISH, BANDED",0,476,6242.9000000000005,16
2023,157325,"STARS, BRITTLE",0,474,884.5,21
2023,168738,"RUNNER, RAINBOW",1,472.08,800.6,31
2023,098178,"HERMIT, RED REEF",0,467,488.40000000000003,5
2023,169626,"ANGELFISH, BLUE",0,453,10739.45,137
2023,074182,"TULIP, TRUE",0,452,1460,36
2023,160189,"SHARK, TIGER",1,448.97,296,3
2023,168857,"SNAPPER, DOG",1,448.36,1418.97,33
2023,169633,"ANGELFISH, FRENCH",1,441,9488.2,62
2023,157518,"STAR, SCALY BRITTLE",0,422,840.5,11
2023,206956,MAJOIDEA,0,413,1841.95,42
2023,158854,"TUNICATES, SEA SQUIRTS",0,394,7541,25
2023,644844,PIPEFISHES,0,377,4566,27
2023,098483,"CRAB, YELLOWLINE ARROW",0,372,643,45
2023,167744,"GROUPER, MARBLED",1,370.52,2095.5,6
2023,167762,"GROUPER, YELLOWMOUTH",1,364.62,2056.5,14
2023,646513,HIGH-HAT,0,361,1080.1,57
2023,169086,PORKFISH,0,357,1947.1000000000001,42
2023,157187,"STARFISH, SPINY",0,321,3606,47
2023,208674,"TURTLES, NORTH AMERICAN SOFTSHELL",0,313.6,490.15000000000003,11
2023,006962,"PLANT, CAULERPA",0,313.5,7822.2,56
2023,168858,"SNAPPER, MAHOGANY",0,309.69,1224,10
2023,168176,BIGEYES,0,297.03000000000003,539.927,30
2023,079819,"fileclam, rough",0,288,187.5,8
2023,098058,"CRABS, PORCELAIN",0,281,351,18
2023,173245,"COWFISH, SCRAWLED",0,280,1250.45,33
2023,170080,"CHROMIS, BLUE",0,265,646,13
2023,082603,"OCTOPUS, COMMON",0,257,718.5,30
2023,168680,LOOKDOWN,0,233,179.6,28
2023,157486,"STAR, BLACK BRITTLE",0,228,192.5,16
2023,006949,"PLANT, MERMAID'S SHAVING BRUSH",0,223,202.48000000000002,17
2023,073236,"SNAIL, MUREX",0,199,1213.75,8
2023,157366,"STAR, BASKET",0,198,502,15
2023,173752,"TURTLES, SNAPPING",0,191,396,5
2023,172437,CERO,1,189.45000000000002,309.58,13
2023,615846,"BURRFISH, STRIPED",0,180,737.25,20
2023,173170,"TRIGGERFISH, OCEAN",1,173.9,533.1,12
2023,097671,"LOBSTER, SPANISH",0,173.3,707.2,21
2023,172254,"TANG, BLUE",1,173,2780.8,53
2023,078156,NUDIBRANCHS,0,165,243,5
2023,169238,SEATROUTS,0,159.6,129.3,15
2023,169203,"PORGY, LITTLEHEAD",0,158.71,166.67000000000002,27
2023,168204,FLAMEFISH,0,156,490.7,37
2023,096601,"SHRIMPS, PISTOL OR SNAPPING",0,155,237.25,23
2023,166487,SEAHORSES,0,152,1108,43
2023,052541,"ANEMONE, OTHER",0,148,1285,4
2023,170568,BLUEHEAD,0,144,836.1,27
2023,164593,"BATFISH, OTHER",0,129,877,26
2023,172568,"BUTTERFISH,GULF",0,129,427.5,7
2023,158309,"CUCUMBERS, OTHER SEA",0,128,1131.5,19
2023,168178,BIGEYE,0,122.12,161.25,14
2023,173246,"COWFISH, HONEYCOMBED",0,118,138.20000000000002,7
2023,173320,"PUFFER, SHARPNOSE",0,111,630,28
2023,169558,"BUTTERFLYFISH, FOUREYE",0,107,908.5,42
2023,169196,"PORGY, GRASS",0,100.76,579.25,18
2023,167764,"GROUPER, YELLOWFIN",1,93.81,597.48,4
2023,078807,CHITONS,0,86,794.5,5
2023,082607,"OCTOPUS, ATLANTIC PYGMY",0,83,487.5,14
2023,172253,DOCTORFISH,1,81,363,25
2023,172252,"SURGEON, OCEAN",0,81,1171,19
2023,160502,"SHARK, BONNETHEAD",1,80,4601.62,13
2023,166972,SEAROBINS,0,79,1614,16
2023,170287,POMFRETS,0,78.4,267.77,4
2023,167860,"BASS, HARLEQUIN",0,78,638.5,20
2023,079118,CLAMS,0,75,302.5,15
2023,169192,"PINFISH, SPOTTAIL",0,72,85,3
2023,164412,TOADFISHES,0,68,901.35,32
2023,082610,"OCTOPUS, CARIBBEAN REEF",0,67,1980,9
2023,168544,"TILEFISH, GOLDFACE",1,66.08,202,5
2023,167800,"BASS, LONGTAIL",0,59.620000000000005,172.43,14
2023,203428,FILEFISHES,0,57,708.5,15
2023,615345,BEAUGREGORY,0,56,264,17
2023,181220,GRAYSBY,1,51.120000000000005,200.2244,16
2023,161186,"MORAY, GREEN",0,51,1884,9
2023,169625,"BEAUTY, ROCK",0,50,1014.8000000000001,23
2023,170814,"PARROTFISH, RAINBOW",1,49,2327,13
2023,170507,"WRASSE, CLOWN",0,47,389.5,24
2023,173235,BOXFISHES,0,47,414.5,15
2023,170503,"DICK, SLIPPERY",0,41,392,14
2023,167806,"HAMLET, BUTTER",0,39,274,12
2023,169314,JACKKNIFE-FISH,0,37,524,17
2023,170046,"MAJOR, SERGEANT",0,36,73,9
2023,082590,OCTOPUSES,0,34.9,129.25,7
2023,161160,"EEL, MORAYS",0,33,168,6
2023,097298,"SHRIMP, BANDED CORAL",0,33,215.5,14
2023,168207,"CARDINALFISH, TWOSPOT",0,32,82.8,10
2023,169556,"BUTTERFLYFISH, SPOTFIN",0,29,168.8,13
2023,168850,SCHOOLMASTER,1,28.86,92.67,5
2023,170811,"PARROTFISH, BLUE",1,27,936,10
2023,173391,PORCUPINEFISH,0,25,221,9
2023,168196,CARDINALFISHES,0,24,25,5
2023,173158,"FILEFISH, ORANGESPOTTED",0,21,284,12
2023,173297,"PUFFER, SOUTHERN",0,20,373.5,9
2023,170928,"JAWFISH, YELLOWHEAD",0,20,338.2,5
2023,170484,"HOGFISH, SPANISH",1,16,321,13
2023,173392,BALLOONFISH,0,15,334.1,6
2023,169562,"BUTTERFLYFISH, REEF",0,15,115.9,12
2023,170809,PARROTFISHES,0,13,97.5,3
2023,621035,"STINGRAY, YELLOW",0,12,315,5
2023,170815,"PARROTFISH, PRINCESS",1,12,224.5,11
2023,074187,"CONCH, HORSE",0,11,145.5,7
2023,098200,"HERMIT, GIANT",0,11,335,5
2023,098340,"CRABS, BOX",0,11,275.5,7
2024,161731,MENHADENS,0,569629046.9,117195998.58,2068
2024,551680,"SHRIMP, NORTHERN WHITE",1,93180743.64,127993346.47,35688
2024,098696,"CRAB, BLUE",0,48899752.91,91077965.639,284373
2024,551570,"SHRIMP, NORTHERN BROWN",1,32946495.83,49753107.16,14758
2024,079872,"OYSTER, EASTERN",0,11719832.48,66156404.94,44480
2024,168853,"SNAPPER, RED",1,7900721.48,42677259.3196,5008
2024,551574,"SHRIMP, NORTHERN PINK",1,6978202.07,12526297.7,1512
2024,083677,CRUSTACEANS,0,6134941,30597903.32,27
2024,170335,"MULLET, STRIPED",0,4506572.26,4091503.54,11199
2024,097490,PROCAMBARUS,0,3382769.2,6758424.28,15199
2024,163997,"CATFISH, BLUE",0,3217058.77,1861414.9,7326
2024,169288,"DRUM, BLACK",0,2951515.42,3835518.34,8663
2024,163954,"FISHES, BUFFALO",0,2805488.17,843066.55,3183
2024,167702,"GROUPER, RED",1,2683884.46,16168838.316,3049
2024,161700,HERRINGS,0,2133602.3,701526.66,803
2024,098810,"CRAB, STONE",0,1957660.83,37157451.4392,49752
2024,161748,"HERRING, ATLANTIC THREAD",0,1824853.76,439935.89,170
2024,095603,"SHRIMPS, BAIT",0,1462071.6,8539171.94,10379
2024,172435,"MACKEREL, KING",1,1391093.78,4106899.19,1848
2024,097648,"LOBSTER, CARIBBEAN SPINY",1,1382429.65,10985975.32,5902
2024,099084,"CRABS, FIDDLER",0,1293441,185791.6,138
2024,684690,"SHRIMP,FARFANTEPENAEUS",0,1243831.73,5771856.83,15733
2024,158019,"DOLLARS, KEYHOLE SAND",0,1151241,293130.51,142
2024,168909,"SNAPPER, VERMILION",1,1125511.33,4113966.2956,4022
2024,566920,TURBINIDAE,0,1060363,113693.35,675
2024,161111,LADYFISH,0,971243.77,890402.8,1667
2024,161737,"SHAD, GIZZARD",0,916477,206513.9,550
2024,914179,OSTEICHTHYES,0,863014.04,478359.04000000004,1075
2024,095600,"SHRIMP, MARINE",0,617371,2332137.5,56
2024,169189,SHEEPSHEAD,0,565053.2000000001,589050.29,4177
2024,163998,"CATFISH, CHANNEL",0,544091.96,476491.67,2046
2024,172423,"TUNA, YELLOWFIN",1,494236.02,2342113.21,356
2024,096893,"SHRIMP, PEPPERMINT",0,492431.04000000004,167302.57,486
2024,172482,SWORDFISH,1,421193.55,1778908.47,651
2024,098191,"HERMIT, TRICOLOR",0,409280,38842,247
2024,172436,"MACKEREL, SPANISH",1,405180.63,546380.02,1644
2024,161763,"SARDINE, SPANISH",0,394079,172568,37
2024,167699,"GROUPER, YELLOWEDGE",1,388229.07,2517956.8,545
2024,163691,"CARP, SILVER",0,329967,71953.75,322
2024,201897,"GAR, ALLIGATOR",0,327299.53,370228.86,723
2024,160318,"SHARK, BLACKTIP",1,318555.57,185169.7,437
2024,163342,MINNOWS,0,311406.66000000003,132060.3,326
2024,168725,"SCAD, ROUND",0,266905.92,370092.4,78
2024,169364,"DRUM, FRESHWATER",0,252871.03,52090,1224
2024,168907,"SNAPPER, YELLOWTAIL",1,228703.5,971516.2927,1196
2024,168546,"TILEFISH, GOLDEN",1,227031.46,877707.0700000001,397
2024,169283,"CROAKER, ATLANTIC",0,169426.15,995006.67,3069
2024,164029,"CATFISH, FLATHEAD",0,168039.14,101032.38,1233
2024,170333,MULLETS,0,163186.63,505859.03,3149
2024,098612,"CRAB, GREEN CLINGING",0,159974,95975.39,424
2024,165459,BALLYHOOS,0,154106.93,135012.75,52
2024,167759,"GROUPER, GAG",1,150973.22,1086041.792,1469
2024,163692,"CARP, BIGHEAD",0,146805,14939.17,668
2024,170336,"MULLET, WHITE",0,146277.42,135217.32,1000
2024,071935,CERITHIDEA,0,145744,20639.96,107
2024,169013,MOJARRAS,0,140436.05000000002,205586.93,2180
2024,158018,"DOLLARS, OTHER SAND",0,130190,34176.85,41
2024,095601,"SHRIMPS, PENAEOID",0,130039.92,603464.8,376
2024,163537,"CARP, GRASS",0,107860,21635.66,656
2024,168848,"SNAPPER, GRAY",1,102033.31,406034.78,2226
2024,169207,"PORGY, RED",1,101564.36,202618.385,1450
2024,172427,"TUNA, BLACKFIN",1,101116.6,181553.19,202
2024,161732,"MENHADEN, ATLANTIC",0,92994.55,42166.200000000004,129
2024,160200,"SHARK, ATLANTIC SHARPNOSE",1,90571,74371.55,219
2024,160275,"SHARK, BULL",1,89510.23,42845.15,106
2024,167763,SCAMP,1,84976.37,578062.25,1684
2024,168849,"SNAPPER, MUTTON",1,84739.76,337460.7608,555
2024,168708,"POMPANO, FLORIDA",0,77082.7,390441.16000000003,773
2024,167705,"GROUPER, SNOWY",1,75246.09,460676.55,346
2024,163344,"CARP, COMMON",0,70568,14677.57,663
2024,172402,"TUNA, LITTLE TUNNY",1,69471.67,64406.689,364
2024,168559,BLUEFISH,0,67556.31,44145.394,745
2024,169055,GRUNTS,0,61575.49,88256.1424,732
2024,168609,"JACK, CREVALLE",1,60403.51,57920.83,795
2024,168689,"AMBERJACK, GREATER",1,57505.9,166118.791,329
2024,168543,"TILEFISH, BLUELINE",1,55863.04,166887.6,219
2024,047614,HIPPOSPONGIA,0,52191,354000.31,139
2024,074103,NASSARIUS,0,52113,5325,38
2024,173138,"TRIGGERFISH, GRAY",1,52106.46,158954.8922,1497
2024,172734,"FLOUNDERS, PARALICHTHYS",0,49416.54,191831.41,1474
2024,169239,"SEATROUT, SPOTTED",0,46670.04,177536.86000000002,1370
2024,196434,"SPONGE, YELLOW",0,44947,124821.13,98
2024,098276,"CRABS, BRACHYURA",0,44920,96664.28,264
2024,160401,"SHARK, SPINNER",1,43967.87,34264.5,46
2024,169187,PINFISH,0,43242.93,211704.94,1318
2024,168861,"SNAPPER, SILK",1,38046.8,188670.4453,320
2024,172567,BUTTERFISH,0,37876,21648,83
2024,169290,"DRUM, RED",1,36113.68,110743.28,1029
2024,161104,BOWFIN,0,35903.74,37745.950000000004,417
2024,167698,"HIND, SPECKLED",1,35824,205978.9,174
2024,095750,"SHRIMP, ATLANIC SEABOB",0,34587,20366.260000000002,17
2024,169809,TILAPIAS,0,33188.95,36068.89,258
2024,099140,"SHRIMPS, MANTIS",0,31084.7,77511.35,540
2024,164157,"CATFISHES, SEA",0,29715,13231.1,394
2024,168860,"SNAPPER, LANE",1,29342.36,110166.4052,1350
2024,168691,"JACK, ALMACO",1,27585.79,55824.3535,562
2024,161755,"SARDINE, SCALED",0,27059.72,78659.35,287
2024,169197,"PORGY, JOLTHEAD",1,26803.24,42573.085,566
2024,160845,SKATES,0,26662.25,12993.85,138
2024,168612,"RUNNER, BLUE",1,24749.79,22696.03,494
2024,167760,"GROUPER, BLACK",1,23594.72,165741.038,280
2024,196436,"SPONGE, GRASS",0,22314,64977.67,61
2024,172421,"TUNA, BLUEFIN",1,22182.5,79596.5,35
2024,172736,"FLOUNDER, GULF",0,21819.54,98836.54000000001,553
2024,172702,FLATFISHES,0,20678,85843.41,713
2024,168615,"JACK, BAR",1,20067.920000000002,26829.83,701
2024,169243,"SEATROUT, SAND",0,18922.31,27126.18,776
2024,168670,"BUMPER, ATLANTIC",0,18268,9083.9,241
2024,166493,"SEAHORSE, DWARF",0,17801,83974,63
2024,168566,COBIA,1,16550.87,65934.01,424
2024,553178,SPADEFISH,0,16076,15079.45,148
2024,082703,"CRAB, HORSESHOE",0,15873,33930.25,120
2024,157921,"URCHIN, GREEN SEA",0,15740,23794.350000000002,155
2024,172362,ESCOLAR,0,15398.98,9626.75,73
2024,161094,"GAR, LONGNOSE",0,14837.800000000001,12096.93,122
2024,070088,"TURBAN, CHESTNUT",0,14723,2095,17
2024,096027,"SHRIMPS, ROCK",0,14702.37,33865.89,49
2024,172451,WAHOO,1,14588.36,42316.044,148
2024,081499,"CLAM, SOUTHERN QUAHOG",0,14343.380000000001,262886.57,224
2024,172738,"FLOUNDER, SOUTHERN",0,13759.220000000001,65773.07,390
2024,168602,"POMPANO, AFRICAN",1,13458.1,72075.16,162
2024,169273,KINGFISHES,0,12612.16,21459.58,349
2024,167687,"BASS, BLACK SEA",1,12447.04,20025.850000000002,130
2024,167704,"GROUPER, WARSAW",1,12423.58,58351.35,132
2024,172385,"CUTLASSFISH, ATLANTIC",0,11442.84,10562.9,232
2024,070159,"SNAIL, NERITES",0,10325,1188.5,11
2024,069459,"SNAIL, OTHER",0,10173.4,16316.720000000001,233
2024,160946,STINGRAYS,0,8568.06,14600.12,262
2024,168902,"SNAPPER, QUEEN",1,8361.28,43340.89,84
2024,650251,"BARRACUDA, GREAT",1,8316.35,24451.93,160
2024,167691,"BASS, ROCK SEA",1,8203.07,12580.1,101
2024,172428,"TUNA, BIGEYE",1,8172.25,49249.25,35
2024,168693,"RUDDERFISH, BANDED",1,7559.75,7431.0806,186
2024,172714,"FLOUNDERS, LEFTEYED",0,7481.1,29534.37,209
2024,170566,HOGFISH,1,7468.32,53621.8,151
2024,082367,SQUIDS,0,7194,10595.75,86
2024,169180,PORGIES,0,7013.1500000000005,14418.08,121
2024,170424,BARRACUDAS,0,6946.04,19765.2,77
2024,166882,LIONFISHES,0,6858.9400000000005,39071.11,157
2024,082369,"SQUIDS, LOLIGINIDAE",0,6194.28,11467.460000000001,654
2024,553139,OPHIDIIFORMES,0,5971,14842.25,57
2024,098485,"CRAB, FALSE ARROW",0,5071,1463.5,22
2024,168791,DOLPHIN,1,5033.36,12617.57,165
2024,169077,PIGFISH,0,5005.41,66830.2,289
2024,168852,"SNAPPER, BLACKFIN",1,4549.79,22945.43,66
2024,168899,"SNAPPER, BLACK",1,4534.35,17722,23
2024,098131,"CRABS, SAND",0,4468.21,29105.860800000002,105
2024,047528,"SPONGES, DEMOSPONGIAE",0,4439,30913.5,85
2024,169539,"SPADEFISH, ATLANTIC",1,3472.79,3744.98,286
2024,160985,"RAY, COWNOSE",0,3366,4940.5,24
2024,168709,PERMIT,0,3341.9700000000003,8131.25,48
2024,169201,"PORGY, KNOBBED",1,3239.62,6351.6562,138
2024,169267,SPOT,0,3176.8,1921.47,324
2024,098610,"CRAB, RED-RIDGED CLINGING",0,3083,1724.4,77
2024,098088,"CRAB, SPOTTED PORCELAIN",0,3067,2671.75,20
2024,052016,"CORALS, SOFT",0,3064,13181,63
2024,166704,SCORPIONFISHES,0,3025.91,7467.1500000000005,93
2024,160984,"RAYS, COWNOSED",0,2874,1506.3,10
2024,172568,"BUTTERFISH,GULF",0,2777,5218,16
2024,157906,"URCHIN, PURPLE-SPINED SEA",0,2753,7132.75,21
2024,009309,BRYOPSIDALES,0,2671,3932.85,33
2024,567533,"SLUG, LETTUCE",0,2614,5474.5,23
2024,098058,"CRABS, PORCELAIN",0,2536,2562.7000000000003,32
2024,167686,"BASSES, MIXED SEA",0,2533.83,3690.5620000000004,77
2024,164034,BULLHEADS,0,2373.2200000000003,767.12,8
2024,157958,"URCHIN, ROCK BORING",0,2242,3769.3,81
2024,052794,"ANEMONE, RED BEADED",0,2173,23322,11
2024,047782,"SPONGE, RED BALL",0,2162,9022,62
2024,098205,"HERMIT, ORANGECLAW",0,2157,638.48,23
2024,072556,"CONCH, FLORIDA FIGHTING",0,2119,4903.5,22
2024,168847,"SNAPPER, CUBERA",1,2091.53,7366.03,65
2024,169007,TRIPLETAIL,1,2072,9540.5,97
2024,167700,"HIND, RED",1,2030.81,11822.11,85
2024,046861,SPONGES,0,2012,36341.5,41
2024,613026,"GRUNT, WHITE",1,2011.8500000000001,5688.68,68
2024,052266,"GORGONIAN, SEA BLADES",0,1950,9953,40
2024,098453,LIBINIA,0,1800,4145.5,23
2024,164159,"CATFISH, GAFFTOPSAIL",0,1743.72,1247.17,93
2024,169237,DRUMS,0,1708,1554.1000000000001,145
2024,206947,"CRABS, HERMIT",0,1558,2556.6,60
2024,660512,"CRAB, FURCATE SPIDER",0,1529,1073.5,23
2024,098188,"HERMIT, THINSTRIPE",0,1524,375,3
2024,157821,"URCHINS, SEA",0,1500,16342.5,16
2024,173819,"SLIDER, COMMON",0,1471,1512.75,16
2024,172513,"DRIFTFISH, BLACK",0,1464.09,6564.25,9
2024,173183,"FILEFISH, PLANEHEAD",0,1412,907.6,31
2024,018063,DICOTYLEDONS,0,1299,1613,8
2024,074222,"SNAIL, OLIVE",0,1292,1239,9
2024,158309,"CUCUMBERS, OTHER SEA",0,1289.4,5765.5,47
2024,166488,"SEAHORSE, LINED",0,1262,5214.5,70
2024,168607,"JACK, YELLOW",0,1233.34,3617.48,63
2024,095599,"CRABS, SHRIMPS, LOBSTERS",0,1210,4429.9000000000005,76
2024,156862,"STARS, OTHER SEA",0,1200,12748.5,61
2024,208674,"TURTLES, NORTH AMERICAN SOFTSHELL",0,1196.44,3038.76,27
2024,157520,"STAR, SERPENT BRITTLE",0,1058,2825.65,93
2024,006409,ULOTRICHALES,0,926,31082.600000000002,77
2024,051774,"CASSIOPEA, JAMAICAN",0,920,3045,21
2024,169240,"SEATROUT, SILVER",0,918.6,1492.93,19
2024,168548,"TILEFISH, SAND",1,888.6700000000001,1253.71,95
2024,164729,"HAKES, RED AND WHITE",0,844,562.7108000000001,36
2024,006949,"PLANT, MERMAID'S SHAVING BRUSH",0,838,618.98,20
2024,157325,"STARS, BRITTLE",0,801,3094,37
2024,167674,GROUPERS,0,786.26,3008.25,21
2024,169632,"ANGELFISH, GRAY",1,773,12444.5,169
2024,166787,"ROSEFISH, BLACKBELLY",0,719,1606,55
2024,168684,"MOONFISH, ATLANTIC",0,708.1,595.71,52
2024,158323,"CUCUMBER, FLORIDA SEA",0,700,1091.6,21
2024,172512,BARRELFISH,0,632.4,2401.25,13
2024,173283,PUFFERS,0,596.5,1090.46,66
2024,166170,SQUIRRELFISHES,0,590.19,1399.9192,86
2024,169626,"ANGELFISH, BLUE",0,570,14617.300000000001,156
2024,082590,OCTOPUSES,0,567,1601,8
2024,168584,JACKS,0,542.85,532.05,25
2024,168690,"AMBERJACK, LESSER",1,535.97,1157.96,21
2024,169241,WEAKFISH,0,535,3053,14
2024,165629,KILLIFISHES,0,502.22,18223,199
2024,168790,DOLPHINFISH,0,493.6,1299.57,27
2024,082379,"SQUID, ATLANTIC BRIEF",0,483.1,1613.1100000000001,62
2024,157486,"STAR, BLACK BRITTLE",0,480,494.5,29
2024,172254,"TANG, BLUE",1,473,6203.7,143
2024,157187,"STARFISH, SPINY",0,472,2668.6,35
2024,161061,"FISHES, RAY-FINNED",0,471.5,3335.15,64
2024,168857,"SNAPPER, DOG",1,458.45,1875.81,23
2024,157826,"URCHIN, SLATE PENCIL",0,442,416.45,25
2024,098178,"HERMIT, RED REEF",0,429,490.95,23
2024,168677,"SCAD, BIGEYE",0,426,164.25,6
2024,644844,PIPEFISHES,0,402,2479,53
2024,169633,"ANGELFISH, FRENCH",1,398,10636.800000000001,103
2024,079819,"fileclam, rough",0,395,861.9,13
2024,169238,SEATROUTS,0,364.02,324.5,17
2024,173245,"COWFISH, SCRAWLED",0,358,1218.3,40
2024,082603,"OCTOPUS, COMMON",0,344,823.5,22
2024,168176,BIGEYES,0,298.28000000000003,528.0774,46
2024,173170,"TRIGGERFISH, OCEAN",1,293.89,661.75,15
2024,158854,"TUNICATES, SEA SQUIRTS",0,290,3883.5,25
2024,169623,"ANGELFISH, QUEEN",1,278,11006.4,130
2024,006922,"PLANT, HALIMEDA",0,274,282,11
2024,078022,"HARES, SEA",0,269,596.5,9
2024,006962,"PLANT, CAULERPA",0,267.5,7415,46
2024,098483,"CRAB, YELLOWLINE ARROW",0,260,800.8000000000001,33
2024,074182,"TULIP, TRUE",0,253,705.75,23
2024,203428,FILEFISHES,0,250,1178.5,23
2024,172566,"HARVESTFISH, NORTHERN",0,244,242.70000000000002,11
2024,206956,MAJOIDEA,0,242,2567.85,30
2024,636786,"GOBY,NEON",0,240,709.5500000000001,21
2024,167696,"HIND, ROCK",1,239.88,977.9,60
2024,169086,PORKFISH,0,234,4193.7,30
2024,169563,"BUTTERFLYFISH, BANDED",0,231,2866,11
2024,079118,CLAMS,0,227,1044,11
2024,167762,"GROUPER, YELLOWMOUTH",1,224.18,1410.38,16
2024,078807,CHITONS,0,209,600.6,12
2024,168738,"RUNNER, RAINBOW",1,196.34,323,20
2024,168845,SNAPPERS,0,195.49,891.45,26
2024,078156,NUDIBRANCHS,0,185,277.5,5
2024,170568,BLUEHEAD,0,184,1176.4,28
2024,164593,"BATFISH, OTHER",0,183,1837,28
2024,172252,"SURGEON, OCEAN",0,168,1327,53
2024,166487,SEAHORSES,0,166,1165.5,22
2024,173752,"TURTLES, SNAPPING",0,156,462,6
2024,169203,"PORGY, LITTLEHEAD",0,146.02,255.0188,31
2024,168178,BIGEYE,0,141.32,136.5,19
2024,169065,"GRUNT, FRENCH",0,140,1336.6000000000001,6
2024,168680,LOOKDOWN,0,138.5,1351.65,11
2024,646513,HIGH-HAT,0,136,710.45,31
2024,096601,"SHRIMPS, PISTOL OR SNAPPING",0,136,254.75,20
2024,172250,SURGEONFISHES,0,117,1497,42
2024,097671,"LOBSTER, SPANISH",0,116.59,617.45,20
2024,169625,"BEAUTY, ROCK",0,111,2488.5,52
2024,173320,"PUFFER, SHARPNOSE",0,109,561.5,39
2024,168544,"TILEFISH, GOLDFACE",1,108.31,284.40000000000003,13
2024,615345,BEAUGREGORY,0,106,2767.25,26
2024,098888,"CRAB, REDFINGER RUBBLE",0,101,1717,9
2024,168859,"SNAPPER, CARIBBEAN RED",0,98.35000000000001,522.35,8
2024,169558,"BUTTERFLYFISH, FOUREYE",0,93,741.3000000000001,44
2024,169200,"PORGY, WHITEBONE",1,89.60000000000001,173,11
2024,096421,"SHRIMP, PEDERSON CLEANER",0,89,204.5,13
2024,615846,"BURRFISH, STRIPED",0,88,536.5,13
2024,171124,"BLENNY, OTHER",0,87,329.7,18
2024,097298,"SHRIMP, BANDED CORAL",0,87,321,17
2024,169196,"PORGY, GRASS",0,85.60000000000001,410.5,25
2024,170046,"MAJOR, SERGEANT",0,85,235.75,13
2024,170863,"PARROTFISH, REDBAND",1,83,1209.8,53
2024,167800,"BASS, LONGTAIL",0,79.71000000000001,178.99,21
2024,170867,"PARROTFISH, STOPLIGHT",1,76,1361.5,48
2024,168913,WENCHMAN,1,73.43,158.75,14
2024,169556,"BUTTERFLYFISH, SPOTFIN",0,72,1051.3,13
2024,170506,"WRASSE, YELLOWHEAD",0,72,687.3000000000001,33
2024,073236,"SNAIL, MUREX",0,72,430.2,9
2024,169562,"BUTTERFLYFISH, REEF",0,70,766.75,31
2024,172437,CERO,1,62.9,122.05,12
2024,161160,"EEL, MORAYS",0,62,2106.5,12
2024,167860,"BASS, HARLEQUIN",0,60,767,25
2024,169314,JACKKNIFE-FISH,0,60,809.6,15
2024,170080,"CHROMIS, BLUE",0,59,458.1,20
2024,170928,"JAWFISH, YELLOWHEAD",0,59,524,8
2024,173297,"PUFFER, SOUTHERN",0,54,804.2,19
2024,082610,"OCTOPUS, CARIBBEAN REEF",0,53,1403,11
2024,168204,FLAMEFISH,0,52,231.95000000000002,18
2024,164412,TOADFISHES,0,47,787.25,20
2024,170507,"WRASSE, CLOWN",0,46,317,21
2024,170503,"DICK, SLIPPERY",0,45,383,23
2024,621035,"STINGRAY, YELLOW",0,44,932,16
2024,096424,"SHRIMP, SPOTTED CLEANER",0,43,146,8
2024,168850,SCHOOLMASTER,1,40.96,151.55,5
2024,168196,CARDINALFISHES,0,39,48,3
2024,170815,"PARROTFISH, PRINCESS",1,37,997.5,27
2024,170484,"HOGFISH, SPANISH",1,37,749,26
2024,181220,GRAYSBY,1,36.64,171.8,12
2024,167806,"HAMLET, BUTTER",0,36,275.5,28
2024,172253,DOCTORFISH,1,30,253.5,18
2024,173158,"FILEFISH, ORANGESPOTTED",0,30,291.75,18
2024,173391,PORCUPINEFISH,0,29,362.5,9
2024,166454,"PIPEFISH, SARGASSUM",0,29,106.5,5
2024,170811,"PARROTFISH, BLUE",1,28,811.5,22
2024,170477,"WRASSE, OTHER",0,27,208,10
2024,170809,PARROTFISHES,0,26.04,140.25,14
2024,173139,"TRIGGERFISH, QUEEN",1,25.36,61.1092,6
2024,097863,"HERMIT, POLKADOTTED",0,22,24.95,6
2024,170044,DAMSELFISHES,0,21,176,4
2024,098200,"HERMIT, GIANT",0,19,110,6
2024,168541,"TILEFISH, BLACKLINE",0,17.14,56.84,10
2024,170814,"PARROTFISH, RAINBOW",1,17,1566,3
2024,170812,"PARROTFISH, MIDNIGHT",1,17,573,13
2024,169067,COTTONWICK,1,17,87.5,4
2024,614740,"PARROTFISH, STRIPED",1,14,67,5
2024,173236,"TRUNKFISHES, THREE-ANGLED",0,12,45.5,4
2024,173134,"FILEFISH, SCRAWLED",0,11,347.5,6
2024,171746,GOBIES,0,11,65,6
2024,170116,"DAMSELFISH, YELLOWTAIL",0,10,134,9
2024,166862,"SCORPIONFISH, REEF",0,9,95.5,7
2024,098340,"CRABS, BOX",0,9,176,4
2024,171165,"BLENNY, FLORIDA",0,8,98.5,5
2024,171430,"BLENNY, BANDED",0,7,22.5,7
2024,167852,"BASS, LANTERN",0,3,35.28,3
2024,171423,"BLENNY, SADDLED",0,3,32.5,3
2025,161731,MENHADENS,0,673986641.2,88859716.82,2400
2025,551680,"SHRIMP, NORTHERN WHITE",1,97279340.68,196679398.51,46705
2025,098696,"CRAB, BLUE",0,50575357,94350834.76,300775
2025,551570,"SHRIMP, NORTHERN BROWN",1,43980674.68,93970026.66,19018
2025,079872,"OYSTER, EASTERN",0,10829559.45,66079719.89,44279
2025,551574,"SHRIMP, NORTHERN PINK",1,8947281.27,21446519.41,2654
2025,097490,PROCAMBARUS,0,8234015.5,11778425.91,24241
2025,168853,"SNAPPER, RED",1,7891749.18,43588495.033,4827
2025,170335,"MULLET, STRIPED",0,5975020.51,5579013.87,12014
2025,163997,"CATFISH, BLUE",0,3823827.89,2090709.71,7629
2025,169288,"DRUM, BLACK",0,3201313.51,4496945.76,8184
2025,163954,"FISHES, BUFFALO",0,2957243.89,842130.73,2991
2025,095603,"SHRIMPS, BAIT",0,2838467.64,8586626.86,10060
2025,167702,"GROUPER, RED",1,2702211.59,16685412.715,3166
2025,161700,HERRINGS,0,2409656.8,864240.74,827
2025,099084,"CRABS, FIDDLER",0,2146594.91,1495976.0807,181
2025,161748,"HERRING, ATLANTIC THREAD",0,2103315.96,532672.35,208
2025,098810,"CRAB, STONE",0,2090704.96,37137414.1578,47167
2025,161737,"SHAD, GIZZARD",0,1645768.5,848556.34,707
2025,097648,"LOBSTER, CARIBBEAN SPINY",1,1465681.6,8804269.721,4171
2025,684690,"SHRIMP,FARFANTEPENAEUS",0,1369781.79,6301237.7,17272
2025,168909,"SNAPPER, VERMILION",1,1230505.01,4677600.1281,3666
2025,566920,TURBINIDAE,0,1096992,111571.90000000001,690
2025,172435,"MACKEREL, KING",1,1096032.38,3675169.27,1756
2025,914179,OSTEICHTHYES,0,903085.06,734699.98,911
2025,161763,"SARDINE, SPANISH",0,829116.22,315409.42,109
2025,161111,LADYFISH,0,815891.51,687331.64,1529
2025,169189,SHEEPSHEAD,0,749130.0700000001,778046.93,4266
2025,172423,"TUNA, YELLOWFIN",1,508941.37,2423515.94,347
2025,163998,"CATFISH, CHANNEL",0,501777.06,380633.96,1635
2025,201897,"GAR, ALLIGATOR",0,498765.57,608188.7000000001,941
2025,168725,"SCAD, ROUND",0,496208,494498.75,68
2025,167699,"GROUPER, YELLOWEDGE",1,489396.94,3281789.99,720
2025,158019,"DOLLARS, KEYHOLE SAND",0,460285,87719.67,95
2025,172436,"MACKEREL, SPANISH",1,453761.23,647341.6916,2669
2025,163691,"CARP, SILVER",0,422951,89671.25,270
2025,163342,MINNOWS,0,415081.96,174412,395
2025,096893,"SHRIMP, PEPPERMINT",0,404272,210719.95,381
2025,098191,"HERMIT, TRICOLOR",0,379682.92,37874.6228,240
2025,172482,SWORDFISH,1,314937.68,1418752.65,333
2025,160318,"SHARK, BLACKTIP",1,293071.15,193249.6,345
2025,169364,"DRUM, FRESHWATER",0,248049.9,53545.4,1130
2025,168907,"SNAPPER, YELLOWTAIL",1,235282.91,1011401.3132,993
2025,165459,BALLYHOOS,0,229379.83000000002,198271.48,79
2025,169283,"CROAKER, ATLANTIC",0,229151.28,1011851.24,3084
2025,168546,"TILEFISH, GOLDEN",1,210445.78,877140.5700000001,403
2025,167759,"GROUPER, GAG",1,193877.44,1450491.4476,1600
2025,170333,MULLETS,0,187204.95,561318.37,3382
2025,164029,"CATFISH, FLATHEAD",0,173449.52,101566.05,1103
2025,169013,MOJARRAS,0,172252.07,236468.45,2320
2025,168609,"JACK, CREVALLE",1,163097.36000000002,157684.5,1326
2025,163692,"CARP, BIGHEAD",0,138937,18981.350000000002,584
2025,170336,"MULLET, WHITE",0,128762.95,118059.28,921
2025,168849,"SNAPPER, MUTTON",1,127440.83,509137.824,648
2025,168848,"SNAPPER, GRAY",1,106221.09,442331.2875,2300
2025,168861,"SNAPPER, SILK",1,105976.24,564260.296,457
2025,095600,"SHRIMP, MARINE",0,104167,1338097.5,31
2025,168689,"AMBERJACK, GREATER",1,103540.90000000001,241539.2422,607
2025,163537,"CARP, GRASS",0,103147.8,22315.8,657
2025,098276,"CRABS, BRACHYURA",0,99243,153747.7,193
2025,167763,SCAMP,1,97092.06,683867.296,1713
2025,160275,"SHARK, BULL",1,96392.41,55976.16,147
2025,161755,"SARDINE, SCALED",0,87461.14,97470.37,305
2025,172427,"TUNA, BLACKFIN",1,85607.32,160084.1834,226
2025,161104,BOWFIN,0,83283.42,83269.42,639
2025,169207,"PORGY, RED",1,79241.18000000001,166720.8722,1280
2025,168708,"POMPANO, FLORIDA",0,78096.16,429366.35000000003,683
2025,158018,"DOLLARS, OTHER SAND",0,68743,18385.350000000002,24
2025,160845,SKATES,0,67471.1,27784.45,75
2025,096027,"SHRIMPS, ROCK",0,66233.56,111834.82,79
2025,169239,"SEATROUT, SPOTTED",0,65596.26,254208.76,1505
2025,168543,"TILEFISH, BLUELINE",1,64461.21,193033.16,303
2025,163344,"CARP, COMMON",0,63807,14954.91,678
2025,071935,CERITHIDEA,0,63720,10004.550000000001,62
2025,098612,"CRAB, GREEN CLINGING",0,62547,46872.700000000004,181
2025,169290,"DRUM, RED",1,61260.96,207648.31,1643
2025,160401,"SHARK, SPINNER",1,60682.56,48277.236600000004,84
2025,099140,"SHRIMPS, MANTIS",0,59188.53,173580.04,618
2025,095601,"SHRIMPS, PENAEOID",0,59014.46,166969.96,115
2025,167705,"GROUPER, SNOWY",1,58106.15,375168.49,436
2025,172734,"FLOUNDERS, PARALICHTHYS",0,57260.590000000004,233843.78,2003
2025,168559,BLUEFISH,0,55450.36,36661.06,664
2025,173138,"TRIGGERFISH, GRAY",1,45937.29,143297.4339,1477
2025,168612,"RUNNER, BLUE",1,45308.88,44871.200000000004,623
2025,161732,"MENHADEN, ATLANTIC",0,41970,20399.4,57
2025,169055,GRUNTS,0,38660.58,61656.29,603
2025,167698,"HIND, SPECKLED",1,35782.03,206909.75,244
2025,168691,"JACK, ALMACO",1,35746.8,76504.91,644
2025,161738,"SHAD, THREADFIN",0,34449,572726.25,139
2025,169187,PINFISH,0,33674.67,260127.95,1363
2025,168615,"JACK, BAR",1,30515.77,43425.6,717
2025,167760,"GROUPER, BLACK",1,29427.77,215154.66,341
2025,168860,"SNAPPER, LANE",1,28813.14,112030.4349,1542
2025,169273,KINGFISHES,0,26885.59,40766.87,521
2025,172421,"TUNA, BLUEFIN",1,26151.25,110267.3,41
2025,168602,"POMPANO, AFRICAN",1,23705.71,128872.62000000001,182
2025,172402,"TUNA, LITTLE TUNNY",1,22775.63,33919.935,467
2025,168902,"SNAPPER, QUEEN",1,20910.19,104404.86,165
2025,166493,"SEAHORSE, DWARF",0,20608,100682,72
2025,168566,COBIA,1,20124.75,74577.45,501
2025,172451,WAHOO,1,19518.4,63458.58,225
2025,167704,"GROUPER, WARSAW",1,19343.9,90587.83,156
2025,074103,NASSARIUS,0,19178,2750.6,19
2025,172736,"FLOUNDER, GULF",0,18653.420000000002,80040.064,629
2025,196434,"SPONGE, YELLOW",0,18025,57266.03,47
2025,157921,"URCHIN, GREEN SEA",0,17862,57151.020000000004,157
2025,170566,HOGFISH,1,17675.8,147850.206,194
2025,081499,"CLAM, SOUTHERN QUAHOG",0,17346.87,220724.75,222
2025,169809,TILAPIAS,0,16434.87,23761.41,175
2025,172714,"FLOUNDERS, LEFTEYED",0,16058.5,66448.35,348
2025,168670,"BUMPER, ATLANTIC",0,15441,7864.5,249
2025,169197,"PORGY, JOLTHEAD",1,14097.300000000001,26908.71,585
2025,172428,"TUNA, BIGEYE",1,13919.460000000001,90492.25,45
2025,047614,HIPPOSPONGIA,0,13518,78406.43000000001,51
2025,645471,"CHUB, BERMUDA",0,13095,22164.75,34
2025,172385,"CUTLASSFISH, ATLANTIC",0,12887.800000000001,13542.7,293
2025,172702,FLATFISHES,0,12862,54018,447
2025,172738,"FLOUNDER, SOUTHERN",0,12662.01,64163.060000000005,323
2025,553178,SPADEFISH,0,12656,11242.95,96
2025,650251,"BARRACUDA, GREAT",1,11948.34,22062.9099,204
2025,169243,"SEATROUT, SAND",0,11699.85,18153.98,479
2025,095750,"SHRIMP, ATLANIC SEABOB",0,11492,16819.65,16
2025,196436,"SPONGE, GRASS",0,10986,35996.270000000004,37
2025,082367,SQUIDS,0,10756.25,13780.380000000001,109
2025,166882,LIONFISHES,0,10665.73,61468.4,158
2025,161094,"GAR, LONGNOSE",0,10654.210000000001,7863.1,83
2025,172362,ESCOLAR,0,10457.33,8160.9000000000005,64
2025,613026,"GRUNT, WHITE",1,10408.050000000001,14444.1,173
2025,164157,"CATFISHES, SEA",0,10093,7386.85,327
2025,160946,STINGRAYS,0,9806.4,14086.380000000001,346
2025,169180,PORGIES,0,9592.11,20193.68,189
2025,553139,OPHIDIIFORMES,0,9542.42,22092.2946,56
2025,168709,PERMIT,0,9279.550000000001,24372.45,93
2025,082703,"CRAB, HORSESHOE",0,9262,34211.75,85
2025,168791,DOLPHIN,1,8942.81,25790.77,333
2025,172567,BUTTERFISH,0,8657,7218.8,85
2025,052541,"ANEMONE, OTHER",0,8243,12822.5,9
2025,167800,"BASS, LONGTAIL",0,8191.34,3255,65
2025,168852,"SNAPPER, BLACKFIN",1,8121.13,37504.7125,138
2025,167687,"BASS, BLACK SEA",1,8092.9400000000005,18448.84,103
2025,069459,"SNAIL, OTHER",0,7651.6,22393.37,219
2025,167691,"BASS, ROCK SEA",1,7644.5,9950.5,77
2025,172413,"MACKEREL, ATLANTIC CHUB",0,6905,1798.25,16
2025,098485,"CRAB, FALSE ARROW",0,6811,3432.75,96
2025,098131,"CRABS, SAND",0,5940.4000000000005,68441.32,73
2025,047528,"SPONGES, DEMOSPONGIAE",0,5731,40200,143
2025,567533,"SLUG, LETTUCE",0,5710,12860.25,39
2025,169201,"PORGY, KNOBBED",1,5635.31,9909.4851,175
2025,168693,"RUDDERFISH, BANDED",1,5506.1500000000005,5506.1230000000005,191
2025,157906,"URCHIN, PURPLE-SPINED SEA",0,5371,21934,28
2025,166704,SCORPIONFISHES,0,5160.59,12679.7733,136
2025,169077,PIGFISH,0,4962.37,71890.38,312
2025,170424,BARRACUDAS,0,4838.52,13143.35,71
2025,169539,"SPADEFISH, ATLANTIC",1,4562.33,4215.87,289
2025,082369,"SQUIDS, LOLIGINIDAE",0,3637.21,6902.17,534
2025,168847,"SNAPPER, CUBERA",1,3585.61,10283.32,83
2025,168607,"JACK, YELLOW",0,3418.62,8669.39,83
2025,095599,"CRABS, SHRIMPS, LOBSTERS",0,3351,5312.75,96
2025,172568,"BUTTERFISH,GULF",0,3178,7164.14,44
2025,052016,"CORALS, SOFT",0,2958,13521.5,70
2025,167700,"HIND, RED",1,2954.91,17278.4,65
2025,169007,TRIPLETAIL,1,2907.9,11909.5,105
2025,172513,"DRIFTFISH, BLACK",0,2864.09,11134,33
2025,070159,"SNAIL, NERITES",0,2759,1038.1,11
2025,098058,"CRABS, PORCELAIN",0,2680,3478.9,42
2025,157958,"URCHIN, ROCK BORING",0,2354,6764.5,71
2025,052266,"GORGONIAN, SEA BLADES",0,2280,15386.5,43
2025,052794,"ANEMONE, RED BEADED",0,2195,26870.62,11
2025,009309,BRYOPSIDALES,0,2193.75,5670.91,42
2025,168584,JACKS,0,2113.33,2959,31
2025,156862,"STARS, OTHER SEA",0,2062,22251.850000000002,104
2025,098205,"HERMIT, ORANGECLAW",0,2060,276.1,16
2025,173183,"FILEFISH, PLANEHEAD",0,1972,1429.75,67
2025,164729,"HAKES, RED AND WHITE",0,1909.8400000000001,2994.71,49
2025,168913,WENCHMAN,1,1847,2305.25,14
2025,074222,"SNAIL, OLIVE",0,1800,3006.5,10
2025,160985,"RAY, COWNOSE",0,1738,3738.2000000000003,41
2025,161092,GARFISHES,0,1721,3516,17
2025,157520,"STAR, SERPENT BRITTLE",0,1609,11075.31,108
2025,161061,"FISHES, RAY-FINNED",0,1524.7,2165.95,40
2025,615846,"BURRFISH, STRIPED",0,1502,1903.58,90
2025,168690,"AMBERJACK, LESSER",1,1399.5,3350.85,16
2025,157325,"STARS, BRITTLE",0,1340,954,37
2025,006949,"PLANT, MERMAID'S SHAVING BRUSH",0,1323,1819.9,26
2025,169267,SPOT,0,1276.3,973.2,152
2025,047782,"SPONGE, RED BALL",0,1255,4241,64
2025,172512,BARRELFISH,0,1252,6428.75,11
2025,164159,"CATFISH, GAFFTOPSAIL",0,1202.3,1086.1,52
2025,082603,"OCTOPUS, COMMON",0,1189,1770.25,77
2025,165629,KILLIFISHES,0,1122.3700000000001,27918.52,247
2025,098614,MITHRACULUS RUBER,0,1086,448,7
2025,168176,BIGEYES,0,1056.04,8804.3808,18
2025,157821,"URCHINS, SEA",0,1022,8265.5,8
2025,163996,"CATFISHES, CHANNEL",0,975,666.7,35
2025,074101,"CONCH, CROWN",0,958,284.5,7
2025,006922,"PLANT, HALIMEDA",0,949,3057.5,13
2025,072556,"CONCH, FLORIDA FIGHTING",0,948,2930,13
2025,098178,"HERMIT, RED REEF",0,938,1284.4,22
2025,167762,"GROUPER, YELLOWMOUTH",1,922.29,5188.64,35
2025,166487,SEAHORSES,0,903,5453,94
2025,168544,"TILEFISH, GOLDFACE",1,895.12,4137.8,41
2025,206956,MAJOIDEA,0,890,854,45
2025,012303,CORALLINACEAE,0,888,647.5,17
2025,169632,"ANGELFISH, GRAY",1,875,15577.7,175
2025,158323,"CUCUMBER, FLORIDA SEA",0,851.48,740,43
2025,168850,SCHOOLMASTER,1,805.86,3247.75,15
2025,168857,"SNAPPER, DOG",1,776.63,2286.13,31
2025,166488,"SEAHORSE, LINED",0,773,6027,86
2025,079819,"fileclam, rough",0,721,7966.95,10
2025,169626,"ANGELFISH, BLUE",0,651,17413.5,221
2025,168845,SNAPPERS,0,643.44,2567.26,42
2025,158854,"TUNICATES, SEA SQUIRTS",0,642,16424,35
2025,082379,"SQUID, ATLANTIC BRIEF",0,639,1575.8,76
2025,097671,"LOBSTER, SPANISH",0,635.96,889.1,25
2025,157486,"STAR, BLACK BRITTLE",0,635,403,58
2025,169240,"SEATROUT, SILVER",0,624.1,1051.55,21
2025,160502,"SHARK, BONNETHEAD",1,621.5,8573.95,13
2025,173128,TRIGGERFISHES,0,613.84,1185,25
2025,166787,"ROSEFISH, BLACKBELLY",0,611.5,1495.51,38
2025,172254,"TANG, BLUE",1,597,8841.5,204
2025,172437,CERO,1,577.4,958.2,21
2025,167686,"BASSES, MIXED SEA",0,575.01,763.1,17
2025,168790,DOLPHINFISH,0,573,1968.8500000000001,49
2025,167696,"HIND, ROCK",1,535.52,2422.53,72
2025,168899,"SNAPPER, BLACK",1,528.48,1947.65,17
2025,644844,PIPEFISHES,0,511,3451.7000000000003,54
2025,203428,FILEFISHES,0,478,689.7,21
2025,168677,"SCAD, BIGEYE",0,469,307.25,10
2025,018063,DICOTYLEDONS,0,465,689,10
2025,006409,ULOTRICHALES,0,456,17694.5,46
2025,168680,LOOKDOWN,0,449.5,1193.95,30
2025,206947,"CRABS, HERMIT",0,436,2721.3,66
2025,166454,"PIPEFISH, SARGASSUM",0,419,1153,13
2025,169633,"ANGELFISH, FRENCH",1,407,11974.300000000001,139
2025,166170,SQUIRRELFISHES,0,404.24,950.542,88
2025,098888,"CRAB, REDFINGER RUBBLE",0,397,2192,12
2025,173283,PUFFERS,0,371.7,1459.7194000000002,70
2025,158309,"CUCUMBERS, OTHER SEA",0,368.40000000000003,7013,36
2025,164807,"EELS, CUSK",0,347.84000000000003,766.5,10
2025,168548,"TILEFISH, SAND",1,337.78000000000003,465.6686,61
2025,169086,PORKFISH,0,337,2914.1,59
2025,157187,"STARFISH, SPINY",0,317,4064.6800000000003,27
2025,168738,"RUNNER, RAINBOW",1,311.44,717.5,19
2025,169623,"ANGELFISH, QUEEN",1,310,15712.2,190
2025,074182,"TULIP, TRUE",0,283,1173.5,19
2025,167674,GROUPERS,0,280.7,1622.75,22
2025,052440,"MAT, GREEN SEA",0,280,6229.5,4
2025,660512,"CRAB, FURCATE SPIDER",0,276,1124.5,15
2025,167838,CREOLE-FISH,0,242,347.49,36
2025,006962,"PLANT, CAULERPA",0,234.75,4165.5,26
2025,164412,TOADFISHES,0,234,334.75,36
2025,170568,BLUEHEAD,0,234,1135.75,34
2025,079611,SCALLOPS,0,227,1756,24
2025,646513,HIGH-HAT,0,224,992.7,53
2025,082590,OCTOPUSES,0,221.6,363.2,17
2025,157826,"URCHIN, SLATE PENCIL",0,220,226.75,22
2025,170809,PARROTFISHES,0,194.08,849.5,43
2025,078807,CHITONS,0,187,941,7
2025,167764,"GROUPER, YELLOWFIN",1,179.84,700.9,10
2025,166972,SEAROBINS,0,179,4225.75,30
2025,160984,"RAYS, COWNOSED",0,173,1395,8
2025,157518,"STAR, SCALY BRITTLE",0,168,342.5,15
2025,096601,"SHRIMPS, PISTOL OR SNAPPING",0,154,192,17
2025,169196,"PORGY, GRASS",0,152.6,155.4,42
2025,098483,"CRAB, YELLOWLINE ARROW",0,143,503.7,39
2025,164593,"BATFISH, OTHER",0,139,1359.25,27
2025,169203,"PORGY, LITTLEHEAD",0,133.51,220.21200000000002,29
2025,167744,"GROUPER, MARBLED",1,132.16,787.25,6
2025,173245,"COWFISH, SCRAWLED",0,126,1444.3500000000001,24
2025,168204,FLAMEFISH,0,122,519.5,42
2025,169556,"BUTTERFLYFISH, SPOTFIN",0,111,1519.9,7
2025,074187,"CONCH, HORSE",0,105,735,19
2025,170863,"PARROTFISH, REDBAND",1,100,1861.5,70
2025,168610,"JACK, HORSE-EYE",0,98.7,113,7
2025,073236,"SNAIL, MUREX",0,94,534.5,17
2025,173320,"PUFFER, SHARPNOSE",0,91,568,57
2025,169625,"BEAUTY, ROCK",0,88,2267,53
2025,169558,"BUTTERFLYFISH, FOUREYE",0,86,966.4200000000001,54
2025,167703,"GROUPER, MISTY",1,84.73,534.55,9
2025,098200,"HERMIT, GIANT",0,83,516,10
2025,170867,"PARROTFISH, STOPLIGHT",1,82,1988,67
2025,172253,DOCTORFISH,1,80,620,40
2025,167806,"HAMLET, BUTTER",0,78,393.5,34
2025,173297,"PUFFER, SOUTHERN",0,75,303.1,17
2025,161095,"GAR, SPOTTED",0,74,245,6
2025,097298,"SHRIMP, BANDED CORAL",0,73,300.5,24
2025,181220,GRAYSBY,1,71.27,331.14,22
2025,157988,"BISCUIT, INFLATED SEA",0,71,1076,8
2025,098811,"CRAB, FLORIDA STONE",0,70,398.71000000000004,9
2025,170046,"MAJOR, SERGEANT",0,70,223.75,29
2025,167860,"BASS, HARLEQUIN",0,68,462,21
2025,170506,"WRASSE, YELLOWHEAD",0,65,534.5,30
2025,157366,"STAR, BASKET",0,65,349.5,12
2025,169238,SEATROUTS,0,62.13,49.7,12
2025,172252,"SURGEON, OCEAN",0,56,916,27
2025,170477,"WRASSE, OTHER",0,54,574.5,21
2025,170928,"JAWFISH, YELLOWHEAD",0,53,433.5,8
2025,161160,"EEL, MORAYS",0,51.93,437.7,18
2025,553237,ANGELFISHES,0,51.300000000000004,91.15,12
2025,046861,SPONGES,0,48,3495.5,5
2025,168541,"TILEFISH, BLACKLINE",0,44.52,169.05,16
2025,170484,"HOGFISH, SPANISH",1,44,967,26
2025,171124,"BLENNY, OTHER",0,43,162.4,18
2025,096421,"SHRIMP, PEDERSON CLEANER",0,42,148,9
2025,170815,"PARROTFISH, PRINCESS",1,41,1138,30
2025,636786,"GOBY,NEON",0,40,133.5,10
2025,170503,"DICK, SLIPPERY",0,39,378,18
2025,170507,"WRASSE, CLOWN",0,39,299.5,27
2025,169562,"BUTTERFLYFISH, REEF",0,35,397.90000000000003,24
2025,172409,"BONITO, ATLANTIC",0,34.72,25.6,5
2025,169241,WEAKFISH,0,30.5,31,5
2025,615345,BEAUGREGORY,0,29,174,15
2025,171746,GOBIES,0,29,130,5
2025,170812,"PARROTFISH, MIDNIGHT",1,26,836.25,22
2025,072743,"COWRIE, ATLANTIC DEER",0,26,66,9
2025,173139,"TRIGGERFISH, QUEEN",1,25.560000000000002,136.5,5
2025,160951,"STINGRAY, SOUTHERN",1,24,3137.5,8
2025,621035,"STINGRAY, YELLOW",0,24,539,12
2025,098188,"HERMIT, THINSTRIPE",0,23,45,3
2025,170814,"PARROTFISH, RAINBOW",1,22,1187,7
2025,171405,"BLENNY, SAILFIN",0,21,44.5,5
2025,162376,"LIZARDFISH, INSHORE",0,21,452.5,10
2025,173158,"FILEFISH, ORANGESPOTTED",0,20,352.75,16
2025,173392,BALLOONFISH,0,20,404,18
2025,170811,"PARROTFISH, BLUE",1,18,649,15
2025,173134,"FILEFISH, SCRAWLED",0,15,420,6
2025,173391,PORCUPINEFISH,0,9,224,6
2025,170510,PUDDINGWIFE,1,7,69,5
2025,098340,"CRABS, BOX",0,6,129,5
2025,082610,"OCTOPUS, CARIBBEAN REEF",0,5,150,5
2025,078022,"HARES, SEA",0,3,34.75,3
