LAND_YEAR,SPECIES_ITIS,COMMON_NAME,total_live_lbs,total_dollars,n_dealers,is_confidential
1972,167687,"BASS, BLACK SEA",121200,15838,0,TRUE
1972,167695,"GROUPER, GOLIATH",230805,22216,0,TRUE
1972,167704,"GROUPER, WARSAW",156800,23683,0,TRUE
1972,168546,"TILEFISH, GOLDEN",10200,2227,0,TRUE
1972,168566,COBIA,117175,9931,0,TRUE
1972,168609,"JACK, CREVALLE",902700,32526,0,TRUE
1972,168612,"RUNNER, BLUE",2062600,102821,0,TRUE
1972,168848,"SNAPPER, GRAY",529500,164108,0,TRUE
1972,168849,"SNAPPER, MUTTON",238100,101620,0,TRUE
1972,168853,"SNAPPER, RED",7903707,4342728,0,TRUE
1972,168860,"SNAPPER, LANE",14600,3583,0,TRUE
1972,168907,"SNAPPER, YELLOWTAIL",865500,442853,0,TRUE
1972,168909,"SNAPPER, VERMILION",117400,52997,0,TRUE
1972,169007,TRIPLETAIL,4503,508,0,TRUE
1972,169290,"DRUM, RED",3332306,733901,0,TRUE
1972,170566,HOGFISH,19500,4557,0,TRUE
1972,172436,"MACKEREL, SPANISH",7222350,893602,0,TRUE
1973,167687,"BASS, BLACK SEA",112300,18188,0,TRUE
1973,167695,"GROUPER, GOLIATH",226325,23738,0,TRUE
1973,167704,"GROUPER, WARSAW",119600,21397,0,TRUE
1973,168546,"TILEFISH, GOLDEN",12600,3989,0,TRUE
1973,168566,COBIA,112690,11466,0,TRUE
1973,168609,"JACK, CREVALLE",2428300,137075,0,TRUE
1973,168612,"RUNNER, BLUE",1373700,87178,0,TRUE
1973,168848,"SNAPPER, GRAY",557500,185424,0,TRUE
1973,168849,"SNAPPER, MUTTON",258800,117461,0,TRUE
1973,168853,"SNAPPER, RED",7712788,4656717,0,TRUE
1973,168860,"SNAPPER, LANE",24900,8080,0,TRUE
1973,168907,"SNAPPER, YELLOWTAIL",835500,508089,0,TRUE
1973,168909,"SNAPPER, VERMILION",176700,103731,0,TRUE
1973,169007,TRIPLETAIL,3906,331,0,TRUE
1973,169290,"DRUM, RED",4073059,995626,0,TRUE
1973,170566,HOGFISH,14500,4171,0,TRUE
1973,172436,"MACKEREL, SPANISH",6457577,1025897,0,TRUE
1973,172482,SWORDFISH,14400,14400,0,TRUE
1974,167687,"BASS, BLACK SEA",50600,7031,0,TRUE
1974,167695,"GROUPER, GOLIATH",190182,21703,0,TRUE
1974,167704,"GROUPER, WARSAW",118200,25126,0,TRUE
1974,168546,"TILEFISH, GOLDEN",15000,4908,0,TRUE
1974,168566,COBIA,132795,14569,0,TRUE
1974,168609,"JACK, CREVALLE",2089100,136873,0,TRUE
1974,168612,"RUNNER, BLUE",658300,59366,0,TRUE
1974,168848,"SNAPPER, GRAY",587000,205541,0,TRUE
1974,168849,"SNAPPER, MUTTON",257000,119378,0,TRUE
1974,168853,"SNAPPER, RED",8108647,5429421,0,TRUE
1974,168860,"SNAPPER, LANE",19000,7362,0,TRUE
1974,168907,"SNAPPER, YELLOWTAIL",937900,577335,0,TRUE
1974,168909,"SNAPPER, VERMILION",177900,106474,0,TRUE
1974,169007,TRIPLETAIL,4240,347,0,TRUE
1974,169290,"DRUM, RED",4756855,1197380,0,TRUE
1974,170566,HOGFISH,12100,3492,0,TRUE
1974,172423,"TUNA, YELLOWFIN",250,13,0,TRUE
1974,172436,"MACKEREL, SPANISH",8554436,1479971,0,TRUE
1974,172451,WAHOO,100,42,0,TRUE
1974,172482,SWORDFISH,49900,85860,0,TRUE
1975,167687,"BASS, BLACK SEA",39000,6622,0,TRUE
1975,167695,"GROUPER, GOLIATH",208361,26372,0,TRUE
1975,167704,"GROUPER, WARSAW",135000,33517,0,TRUE
1975,168546,"TILEFISH, GOLDEN",32400,9170,0,TRUE
1975,168566,COBIA,119131,18389,0,TRUE
1975,168609,"JACK, CREVALLE",2847000,201116,0,TRUE
1975,168612,"RUNNER, BLUE",1680227,170294,0,TRUE
1975,168848,"SNAPPER, GRAY",484500,167106,0,TRUE
1975,168849,"SNAPPER, MUTTON",259500,134053,0,TRUE
1975,168853,"SNAPPER, RED",7322106,5359059,0,TRUE
1975,168860,"SNAPPER, LANE",25600,11560,0,TRUE
1975,168907,"SNAPPER, YELLOWTAIL",675400,456254,0,TRUE
1975,168909,"SNAPPER, VERMILION",352800,215696,0,TRUE
1975,169007,TRIPLETAIL,2320,184,0,TRUE
1975,169290,"DRUM, RED",4386827,1327145,0,TRUE
1975,170566,HOGFISH,18200,5430,0,TRUE
1975,172436,"MACKEREL, SPANISH",6137798,1040267,0,TRUE
1975,172451,WAHOO,1400,530,0,TRUE
1975,172482,SWORDFISH,131000,226320,0,TRUE
1976,167687,"BASS, BLACK SEA",49500,10200,0,TRUE
1976,167695,"GROUPER, GOLIATH",200793,26155,0,TRUE
1976,167704,"GROUPER, WARSAW",147100,38934,0,TRUE
1976,168546,"TILEFISH, GOLDEN",53300,15839,0,TRUE
1976,168566,COBIA,136884,26617,0,TRUE
1976,168609,"JACK, CREVALLE",1691100,137831,0,TRUE
1976,168612,"RUNNER, BLUE",1139900,130476,0,TRUE
1976,168848,"SNAPPER, GRAY",598300,209624,0,TRUE
1976,168849,"SNAPPER, MUTTON",236700,143336,0,TRUE
1976,168853,"SNAPPER, RED",6543432,5552023,0,TRUE
1976,168860,"SNAPPER, LANE",47500,20663,0,TRUE
1976,168907,"SNAPPER, YELLOWTAIL",922300,704120,0,TRUE
1976,168909,"SNAPPER, VERMILION",280400,193544,0,TRUE
1976,169007,TRIPLETAIL,1810,238,0,TRUE
1976,169290,"DRUM, RED",5308362,1746619,0,TRUE
1976,170566,HOGFISH,15700,5655,0,TRUE
1976,172402,"TUNA, LITTLE TUNNY",9200,460,0,TRUE
1976,172436,"MACKEREL, SPANISH",8341264,1466292,0,TRUE
1976,172451,WAHOO,900,299,0,TRUE
1976,172482,SWORDFISH,391400,815849,0,TRUE
1977,167687,"BASS, BLACK SEA",32814,7129,7,FALSE
1977,167695,"GROUPER, GOLIATH",222150,42301,41,FALSE
1977,167704,"GROUPER, WARSAW",183588,62666.99999999999,42,FALSE
1977,168546,"TILEFISH, GOLDEN",97145,34805,35,FALSE
1977,168566,COBIA,102308.99999999999,24376,45,FALSE
1977,168609,"JACK, CREVALLE",1432973.9999999998,116642,57,FALSE
1977,168612,"RUNNER, BLUE",1349975,164336.99999999997,30,FALSE
1977,168848,"SNAPPER, GRAY",625369.9999999999,274549.99999999994,83,FALSE
1977,168849,"SNAPPER, MUTTON",189339,133841,33,FALSE
1977,168853,"SNAPPER, RED",5214909,4939742,94,FALSE
1977,168860,"SNAPPER, LANE",14966.999999999998,5859,24,FALSE
1977,168907,"SNAPPER, YELLOWTAIL",762342.0000000001,669075.9999999998,38,FALSE
1977,168909,"SNAPPER, VERMILION",479317,416851,40,FALSE
1977,169007,TRIPLETAIL,6735,505,8,FALSE
1977,169290,"DRUM, RED",3460298,1288780,110,FALSE
1977,170566,HOGFISH,32852,9716.999999999998,27,FALSE
1977,172402,"TUNA, LITTLE TUNNY",4300,215,1,TRUE
1977,172436,"MACKEREL, SPANISH",2636377,498865.9999999999,81,FALSE
1977,172451,WAHOO,758,253,10,FALSE
1977,172482,SWORDFISH,2321,2308,3,FALSE
1978,167687,"BASS, BLACK SEA",24267.999999999996,8318,22,FALSE
1978,167695,"GROUPER, GOLIATH",196832,32564.999999999996,44,FALSE
1978,167704,"GROUPER, WARSAW",131165.99999999997,51508.99999999999,44,FALSE
1978,168546,"TILEFISH, GOLDEN",81886,30970,42,FALSE
1978,168566,COBIA,104279,30673,51,FALSE
1978,168609,"JACK, CREVALLE",1807307.9999999998,161572.99999999994,60,FALSE
1978,168612,"RUNNER, BLUE",679182,93721,22,FALSE
1978,168848,"SNAPPER, GRAY",666160,353836.99999999994,90,FALSE
1978,168849,"SNAPPER, MUTTON",223279.00000000003,182857.99999999994,41,FALSE
1978,168853,"SNAPPER, RED",4650570,5166691,111,FALSE
1978,168860,"SNAPPER, LANE",16878,7493.999999999998,32,FALSE
1978,168907,"SNAPPER, YELLOWTAIL",830453,825527,44,FALSE
1978,168909,"SNAPPER, VERMILION",405744.99999999994,381922.99999999994,46,FALSE
1978,169007,TRIPLETAIL,8561,893,6,FALSE
1978,169290,"DRUM, RED",3760070.5262655206,1654584.7631327603,116,FALSE
1978,170566,HOGFISH,37471.99999999999,19689.999999999996,36,FALSE
1978,172402,"TUNA, LITTLE TUNNY",1700,146,1,TRUE
1978,172436,"MACKEREL, SPANISH",1704939,355947,85,FALSE
1978,172451,WAHOO,4346,1810.9999999999998,5,FALSE
1978,172482,SWORDFISH,54054.99999999999,93907.99999999996,16,FALSE
1979,167687,"BASS, BLACK SEA",37245,15416,19,FALSE
1979,167695,"GROUPER, GOLIATH",162761.00000000003,32799.99999999999,41,FALSE
1979,167704,"GROUPER, WARSAW",134259.00000000003,67034,37,FALSE
1979,168546,"TILEFISH, GOLDEN",76671,38238,27,FALSE
1979,168566,COBIA,93814,28120.999999999996,70,FALSE
1979,168609,"JACK, CREVALLE",1364907.9999999998,139576,54,FALSE
1979,168612,"RUNNER, BLUE",1138237,174767.00000000006,31,FALSE
1979,168848,"SNAPPER, GRAY",673256.9999999999,449234,100,FALSE
1979,168849,"SNAPPER, MUTTON",217639,219385,41,FALSE
1979,168853,"SNAPPER, RED",4501981,6145591,151,FALSE
1979,168860,"SNAPPER, LANE",34590,26830.999999999996,32,FALSE
1979,168907,"SNAPPER, YELLOWTAIL",731598,860557.9999999999,42,FALSE
1979,168909,"SNAPPER, VERMILION",395693,380347,49,FALSE
1979,169007,TRIPLETAIL,3508.0000000000005,1009.0000000000003,15,FALSE
1979,169290,"DRUM, RED",2770770,1519999,182,FALSE
1979,170566,HOGFISH,48093.99999999999,32197.000000000004,37,FALSE
1979,172402,"TUNA, LITTLE TUNNY",2600,234,2,TRUE
1979,172436,"MACKEREL, SPANISH",2121969,537499.9999999999,122,FALSE
1979,172451,WAHOO,3405,1880,15,FALSE
1979,172482,SWORDFISH,434312,592534,22,FALSE
1980,167687,"BASS, BLACK SEA",14367,5244,17,FALSE
1980,167695,"GROUPER, GOLIATH",204762.00000000006,53728.99999999999,53,FALSE
1980,167704,"GROUPER, WARSAW",120039.99999999999,64988,44,FALSE
1980,168546,"TILEFISH, GOLDEN",66400,41417,40,FALSE
1980,168566,COBIA,99583,36172.99999999999,78,FALSE
1980,168609,"JACK, CREVALLE",2630777,362829.00000000006,67,FALSE
1980,168612,"RUNNER, BLUE",1779998,302105,35,FALSE
1980,168848,"SNAPPER, GRAY",706060.9999999999,547050,91,FALSE
1980,168849,"SNAPPER, MUTTON",201667.99999999997,238707,44,FALSE
1980,168853,"SNAPPER, RED",4509824,7136973,148,FALSE
1980,168860,"SNAPPER, LANE",25640.000000000004,18836,30,FALSE
1980,168907,"SNAPPER, YELLOWTAIL",625859.5963080613,841158.3516080766,44,FALSE
1980,168909,"SNAPPER, VERMILION",278718,329221,46,FALSE
1980,169007,TRIPLETAIL,9816.999999999998,1103.0000000000011,15,FALSE
1980,169290,"DRUM, RED",2728799,1805315,159,FALSE
1980,170566,HOGFISH,46649.99999999999,37051.99999999999,33,FALSE
1980,172402,"TUNA, LITTLE TUNNY",28410,3852,2,TRUE
1980,172421,"TUNA, BLUEFIN",10957,34866,3,FALSE
1980,172423,"TUNA, YELLOWFIN",51530,85632,5,FALSE
1980,172427,"TUNA, BLACKFIN",1042958,518505,4,FALSE
1980,172428,"TUNA, BIGEYE",328,756,1,TRUE
1980,172436,"MACKEREL, SPANISH",1951963,521724.0000000001,142,FALSE
1980,172451,WAHOO,2793,1649,16,FALSE
1980,172482,SWORDFISH,1847015,2812427,23,FALSE
1981,167687,"BASS, BLACK SEA",16395,5690.000000000001,27,FALSE
1981,167695,"GROUPER, GOLIATH",181300.99999999994,70119.17343254667,45,FALSE
1981,167704,"GROUPER, WARSAW",292837,176173.25844395897,53,FALSE
1981,168546,"TILEFISH, GOLDEN",451321,267789,52,FALSE
1981,168566,COBIA,118118,53138.99999999999,72,FALSE
1981,168609,"JACK, CREVALLE",1946951.9999999998,273117,63,FALSE
1981,168612,"RUNNER, BLUE",1561254.9999999998,264999,32,FALSE
1981,168848,"SNAPPER, GRAY",592446.9999999999,476408.5277096246,88,FALSE
1981,168849,"SNAPPER, MUTTON",128123,162467.92496923276,38,FALSE
1981,168853,"SNAPPER, RED",5325362.093999317,9087454.102348689,142,FALSE
1981,168860,"SNAPPER, LANE",31371,35281.10919643822,33,FALSE
1981,168907,"SNAPPER, YELLOWTAIL",364742.99999999994,520549.45158065535,41,FALSE
1981,168909,"SNAPPER, VERMILION",326003.99999999994,374349.8255533891,62,FALSE
1981,169007,TRIPLETAIL,5370,1318,16,FALSE
1981,169290,"DRUM, RED",2747933.9999999995,1883315,188,FALSE
1981,170566,HOGFISH,17053,14218.498565079362,29,FALSE
1981,172402,"TUNA, LITTLE TUNNY",76633,11703,2,TRUE
1981,172421,"TUNA, BLUEFIN",25940,40318,3,FALSE
1981,172423,"TUNA, YELLOWFIN",26985,28400,11,FALSE
1981,172427,"TUNA, BLACKFIN",245772,118494,4,FALSE
1981,172428,"TUNA, BIGEYE",14,11,1,TRUE
1981,172436,"MACKEREL, SPANISH",3709066.9999999995,1172802,130,FALSE
1981,172451,WAHOO,8978,5774,27,FALSE
1981,172482,SWORDFISH,1194900,2222884,30,FALSE
1982,167687,"BASS, BLACK SEA",25845.000000000004,8412,17,FALSE
1982,167695,"GROUPER, GOLIATH",169070.99999999997,71184.2699050989,49,FALSE
1982,167704,"GROUPER, WARSAW",230796,150430.48090940644,46,FALSE
1982,168546,"TILEFISH, GOLDEN",399229,268296,62,FALSE
1982,168566,COBIA,110367,56358.99999999999,88,FALSE
1982,168609,"JACK, CREVALLE",1999479.9999999998,342613.99999999994,60,FALSE
1982,168612,"RUNNER, BLUE",1967271.9999999998,370945,40,FALSE
1982,168848,"SNAPPER, GRAY",639638,598225.5897090752,99,FALSE
1982,168849,"SNAPPER, MUTTON",169177,234544.24547221622,45,FALSE
1982,168853,"SNAPPER, RED",5951850.918717374,10307433.569591613,145,FALSE
1982,168860,"SNAPPER, LANE",29383,23315.362880834105,39,FALSE
1982,168907,"SNAPPER, YELLOWTAIL",496147.99999999994,692180.4443987958,39,FALSE
1982,168909,"SNAPPER, VERMILION",358295,422741.1862182116,48,FALSE
1982,169007,TRIPLETAIL,1543,258,13,FALSE
1982,169290,"DRUM, RED",2425176,1525695,182,FALSE
1982,170566,HOGFISH,15861.999999999998,13177.484281551908,31,FALSE
1982,172402,"TUNA, LITTLE TUNNY",127600,19140,1,TRUE
1982,172421,"TUNA, BLUEFIN",31979,81498,3,FALSE
1982,172423,"TUNA, YELLOWFIN",56291.99999999997,91747.00000000003,10,FALSE
1982,172427,"TUNA, BLACKFIN",100332,45824,11,FALSE
1982,172428,"TUNA, BIGEYE",13631,22573,1,TRUE
1982,172436,"MACKEREL, SPANISH",3455591,1100457,136,FALSE
1982,172451,WAHOO,8832,6273,24,FALSE
1982,172482,SWORDFISH,1315179,3042461,30,FALSE
1983,167687,"BASS, BLACK SEA",11259.999999999998,4672,26,FALSE
1983,167695,"GROUPER, GOLIATH",184979.99999999997,82932.4,54,FALSE
1983,167704,"GROUPER, WARSAW",107462,76979.07463197535,57,FALSE
1983,167763,SCAMP,12608,12370,1,TRUE
1983,168546,"TILEFISH, GOLDEN",288613.99999999994,225568.99999999997,66,FALSE
1983,168566,COBIA,132451,75213,115,FALSE
1983,168609,"JACK, CREVALLE",1559072.9999999998,261674.99999999997,71,FALSE
1983,168612,"RUNNER, BLUE",2034290,380634.00000000006,31,FALSE
1983,168848,"SNAPPER, GRAY",676813,668850.8397955507,115,FALSE
1983,168849,"SNAPPER, MUTTON",181441.99999999997,250408.55116159798,50,FALSE
1983,168853,"SNAPPER, RED",6840033.771291178,11974013.16591775,177,FALSE
1983,168860,"SNAPPER, LANE",22312,18924.988633976704,46,FALSE
1983,168907,"SNAPPER, YELLOWTAIL",426720.52640881675,605880.5590703001,48,FALSE
1983,168909,"SNAPPER, VERMILION",514835.00000000006,643136.8544834006,66,FALSE
1983,169007,TRIPLETAIL,1079,314,12,FALSE
1983,169290,"DRUM, RED",3127031,1980553,205,FALSE
1983,170566,HOGFISH,18958.999999999996,10871.441498975779,41,FALSE
1983,172402,"TUNA, LITTLE TUNNY",53300,7995,1,TRUE
1983,172421,"TUNA, BLUEFIN",82054,206270,5,FALSE
1983,172423,"TUNA, YELLOWFIN",153157,242294.00000000003,14,FALSE
1983,172427,"TUNA, BLACKFIN",20904,6135,11,FALSE
1983,172428,"TUNA, BIGEYE",25427,53525,1,TRUE
1983,172436,"MACKEREL, SPANISH",2265989,711229.9999999999,149,FALSE
1983,172451,WAHOO,9329,6407,36,FALSE
1983,172482,SWORDFISH,722515,2065409.0000000002,24,FALSE
1984,167687,"BASS, BLACK SEA",21195.999999999996,8613,22,FALSE
1984,167695,"GROUPER, GOLIATH",92577,53174.091581342436,51,FALSE
1984,167699,"GROUPER, YELLOWEDGE",3961,5817,1,TRUE
1984,167704,"GROUPER, WARSAW",108870.99999999999,92153.85916760404,48,FALSE
1984,167705,"GROUPER, SNOWY",125,187,1,TRUE
1984,167762,"GROUPER, YELLOWMOUTH",33,56,1,TRUE
1984,167763,SCAMP,14669,14328,4,FALSE
1984,168546,"TILEFISH, GOLDEN",320633,269192.0541915211,70,FALSE
1984,168566,COBIA,92687.27442031266,60674.85709099192,106,FALSE
1984,168609,"JACK, CREVALLE",1369529.9999999998,195142.5126238547,66,FALSE
1984,168612,"RUNNER, BLUE",1122157.3497587105,222931.92944238137,29,FALSE
1984,168848,"SNAPPER, GRAY",486877,629524.6405377387,109,FALSE
1984,168849,"SNAPPER, MUTTON",126061.99999999999,190567.13537482047,49,FALSE
1984,168852,"SNAPPER, BLACKFIN",30,35,2,TRUE
1984,168853,"SNAPPER, RED",5382877,9927187.115490375,178,FALSE
1984,168860,"SNAPPER, LANE",36996,32320.94063324538,50,FALSE
1984,168861,"SNAPPER, SILK",3788,2633,5,FALSE
1984,168899,"SNAPPER, BLACK",373,593,2,TRUE
1984,168902,"SNAPPER, QUEEN",24,36,1,TRUE
1984,168907,"SNAPPER, YELLOWTAIL",541045.9999999999,879213.353530454,42,FALSE
1984,168909,"SNAPPER, VERMILION",1369370.8732035297,1969532.9443923493,73,FALSE
1984,169007,TRIPLETAIL,1208,423.99999999999994,12,FALSE
1984,169290,"DRUM, RED",4334193,2827071,208,FALSE
1984,170566,HOGFISH,12562.070997553683,11275.455118434948,40,FALSE
1984,172402,"TUNA, LITTLE TUNNY",28400,4260,1,TRUE
1984,172421,"TUNA, BLUEFIN",151594.00000000003,394069.00000000006,7,FALSE
1984,172423,"TUNA, YELLOWFIN",776725,682319,23,FALSE
1984,172427,"TUNA, BLACKFIN",58892.106966228625,23782.74856577646,23,FALSE
1984,172428,"TUNA, BIGEYE",21721.999999999996,35696.00000000001,3,FALSE
1984,172436,"MACKEREL, SPANISH",3505715,1036030.9821259555,145,FALSE
1984,172451,WAHOO,4765.82442635085,4023.7259409979347,36,FALSE
1984,172482,SWORDFISH,621816.4515544521,1738923.8545998982,28,FALSE
1984,172491,"MARLIN, BLUE",1870,844,3,FALSE
1984,768126,"MARLIN, WHITE",8998,4388,4,FALSE
1985,159924,"SHARK, MAKO, SHORTFIN",576,152,1,TRUE
1985,167687,"BASS, BLACK SEA",15805.000000000004,6607,23,FALSE
1985,167695,"GROUPER, GOLIATH",114715,71094,46,FALSE
1985,167698,"HIND, SPECKLED",13,14,1,TRUE
1985,167699,"GROUPER, YELLOWEDGE",178374,242457,5,FALSE
1985,167704,"GROUPER, WARSAW",127325.99999999999,108487.34739860712,53,FALSE
1985,167705,"GROUPER, SNOWY",1844,2412,2,TRUE
1985,167759,"GROUPER, GAG",9483,8140,2,TRUE
1985,167760,"GROUPER, BLACK",707,928,2,TRUE
1985,167763,SCAMP,31737,35022,13,FALSE
1985,168546,"TILEFISH, GOLDEN",303868,265877.76006348926,76,FALSE
1985,168566,COBIA,96518,75623.46668846562,127,FALSE
1985,168609,"JACK, CREVALLE",1152145.0000000002,188839.7823606845,71,FALSE
1985,168612,"RUNNER, BLUE",1007630.9999999998,201394.28090696415,33,FALSE
1985,168848,"SNAPPER, GRAY",385171.99999999994,509915.449485483,123,FALSE
1985,168849,"SNAPPER, MUTTON",148017,223999.46013596404,57,FALSE
1985,168852,"SNAPPER, BLACKFIN",2676,3271,5,FALSE
1985,168853,"SNAPPER, RED",4007988,8183620.065934066,181,FALSE
1985,168860,"SNAPPER, LANE",47991.99999999999,44429.91108417805,62,FALSE
1985,168861,"SNAPPER, SILK",1916,1654,1,TRUE
1985,168899,"SNAPPER, BLACK",680,1153,4,FALSE
1985,168902,"SNAPPER, QUEEN",3674,6519,1,TRUE
1985,168907,"SNAPPER, YELLOWTAIL",435834,724642.3492168473,56,FALSE
1985,168909,"SNAPPER, VERMILION",1395789,2196739.789689034,90,FALSE
1985,169007,TRIPLETAIL,870,401,8,FALSE
1985,169290,"DRUM, RED",6342733,4021262,222,FALSE
1985,170566,HOGFISH,20580,18357.513314890883,45,FALSE
1985,172401,"TUNA, SKIPJACK",400,500,1,TRUE
1985,172402,"TUNA, LITTLE TUNNY",13400,2020,1,TRUE
1985,172421,"TUNA, BLUEFIN",152894,407464.99999999994,15,FALSE
1985,172423,"TUNA, YELLOWFIN",3251004.106935386,4075106.2358589433,46,FALSE
1985,172427,"TUNA, BLACKFIN",28804.998870056494,18574.873446327685,30,FALSE
1985,172428,"TUNA, BIGEYE",23888.10805564542,57837.6941119379,11,FALSE
1985,172436,"MACKEREL, SPANISH",2056695,673662.0022785566,152,FALSE
1985,172451,WAHOO,11000,10424.6,44,FALSE
1985,172482,SWORDFISH,1085260.1086888122,2998690.6537523167,47,FALSE
1985,172488,SAILFISH,86,64,1,TRUE
1985,172491,"MARLIN, BLUE",11967,6145,11,FALSE
1985,768126,"MARLIN, WHITE",20607,12561,19,FALSE
1986,159916,"SHARK, THRESHER",154,80,1,TRUE
1986,159924,"SHARK, MAKO, SHORTFIN",2626,1564,4,FALSE
1986,167687,"BASS, BLACK SEA",55,27,1,TRUE
1986,167695,"GROUPER, GOLIATH",103780.58642092434,7106.181151536251,61,FALSE
1986,167696,"HIND, ROCK",256,329,2,TRUE
1986,167698,"HIND, SPECKLED",1251,1420,3,FALSE
1986,167699,"GROUPER, YELLOWEDGE",1113313.9643234995,858679.7201932858,52,FALSE
1986,167700,"HIND, RED",483,663,2,TRUE
1986,167702,"GROUPER, RED",7417101.562410617,1973994.4223129197,176,FALSE
1986,167704,"GROUPER, WARSAW",222358.8,101453.2,61,FALSE
1986,167705,"GROUPER, SNOWY",112575.0200167269,36391.61956749007,48,FALSE
1986,167706,"GROUPER, NASSAU",5450.584445554446,6.237662337662339,23,FALSE
1986,167744,"GROUPER, MARBLED",2801,3325,4,FALSE
1986,167759,"GROUPER, GAG",873394.1905063291,275246.657278481,76,FALSE
1986,167760,"GROUPER, BLACK",1275679.5449875274,442509.9380925436,178,FALSE
1986,167762,"GROUPER, YELLOWMOUTH",96,139,1,TRUE
1986,167763,SCAMP,387411.53641544114,201141.03420036763,136,FALSE
1986,167764,"GROUPER, YELLOWFIN",480169.6680162885,96245.2285534225,44,FALSE
1986,168543,"TILEFISH, BLUELINE",109632.32,15766.8,66,FALSE
1986,168546,"TILEFISH, GOLDEN",291687.8414558515,96318.06969470218,57,FALSE
1986,168566,COBIA,135842.19546468864,53961.64207878825,172,FALSE
1986,168609,"JACK, CREVALLE",1087793.2944412748,6783.618585459287,78,FALSE
1986,168612,"RUNNER, BLUE",508480.9186782283,41959.215490977265,40,FALSE
1986,168689,"AMBERJACK, GREATER",911609.92,26537.98,142,FALSE
1986,168791,DOLPHIN,417992.4,56148.8,126,FALSE
1986,168848,"SNAPPER, GRAY",447569.83780512254,129513.65294959708,179,FALSE
1986,168849,"SNAPPER, MUTTON",175577.72577193298,65183.479910420865,99,FALSE
1986,168852,"SNAPPER, BLACKFIN",5840,6139,6,FALSE
1986,168853,"SNAPPER, RED",3770840.019668203,5492192.662442396,234,FALSE
1986,168858,"SNAPPER, MAHOGANY",14,13,1,TRUE
1986,168860,"SNAPPER, LANE",59215.548778421755,14935.388534700549,99,FALSE
1986,168861,"SNAPPER, SILK",19008.198602648485,3444.0372490706304,46,FALSE
1986,168899,"SNAPPER, BLACK",5210,7096,7,FALSE
1986,168902,"SNAPPER, QUEEN",17561,25377,5,FALSE
1986,168907,"SNAPPER, YELLOWTAIL",521025.1007159008,115823.24268734465,93,FALSE
1986,168909,"SNAPPER, VERMILION",1760743.8204487422,1198994.0386189257,90,FALSE
1986,168913,WENCHMAN,5,4,1,TRUE
1986,169007,TRIPLETAIL,1806,845,16,FALSE
1986,169290,"DRUM, RED",14131589.48,8605672.62,254,FALSE
1986,170566,HOGFISH,24603.03744105141,3822.4796353562683,62,FALSE
1986,172401,"TUNA, SKIPJACK",1183.7021309931322,0.5,12,FALSE
1986,172402,"TUNA, LITTLE TUNNY",187452,14028.96,44,FALSE
1986,172419,"TUNA, ALBACORE",433.5,574,4,FALSE
1986,172421,"TUNA, BLUEFIN",241266.71133615365,529822.8,25,FALSE
1986,172423,"TUNA, YELLOWFIN",7495384.75,5631240.57,57,FALSE
1986,172427,"TUNA, BLACKFIN",74416.7667435473,43837.03952603965,74,FALSE
1986,172428,"TUNA, BIGEYE",20012,1714,22,FALSE
1986,172435,"MACKEREL, KING",1687404.16,111427,110,FALSE
1986,172436,"MACKEREL, SPANISH",3096833.3521634224,185149.05077693082,223,FALSE
1986,172437,CERO,12,2.7,2,TRUE
1986,172451,WAHOO,26808.122796352585,8321.475370999464,73,FALSE
1986,172482,SWORDFISH,695214.1155981334,757217.0372120724,52,FALSE
1986,172491,"MARLIN, BLUE",29857.142447133865,5880.446998017559,31,FALSE
1986,172502,"SPEARFISH, LONGBILL",140,2.4,3,FALSE
1986,768126,"MARLIN, WHITE",78691.45462232243,17483.25,33,FALSE
1987,159903,"SHARK, WHITE",246,102,1,TRUE
1987,159916,"SHARK, THRESHER",6028,4206,6,FALSE
1987,159921,"SHARK, THRESHER, BIGEYE",451,177,1,TRUE
1987,159924,"SHARK, MAKO, SHORTFIN",27615,25097,14,FALSE
1987,160189,"SHARK, TIGER",569,187,1,TRUE
1987,160289,"SHARK, SANDBAR",9953,2601,1,TRUE
1987,160318,"SHARK, BLACKTIP",9594,3681,7,FALSE
1987,167687,"BASS, BLACK SEA",211,180,1,TRUE
1987,167695,"GROUPER, GOLIATH",95455.54656404785,6965.122198430235,69,FALSE
1987,167696,"HIND, ROCK",404,517,3,FALSE
1987,167698,"HIND, SPECKLED",1346,1654,4,FALSE
1987,167699,"GROUPER, YELLOWEDGE",1093913.0583143965,843302.964149288,70,FALSE
1987,167700,"HIND, RED",184,228,3,FALSE
1987,167702,"GROUPER, RED",7816176.699794048,2087724.4736060349,191,FALSE
1987,167704,"GROUPER, WARSAW",221834.64747580045,169984.42128071483,72,FALSE
1987,167705,"GROUPER, SNOWY",120055.1623076923,62827.710448355785,47,FALSE
1987,167706,"GROUPER, NASSAU",13929.9,37.1,24,FALSE
1987,167744,"GROUPER, MARBLED",830,1020,3,FALSE
1987,167759,"GROUPER, GAG",785260.3700686948,436331.856673209,72,FALSE
1987,167760,"GROUPER, BLACK",1236520.1455624653,254539.36105089472,196,FALSE
1987,167763,SCAMP,361704.81607476634,216697.29626168223,139,FALSE
1987,167764,"GROUPER, YELLOWFIN",32247.143725490194,5747.061437908496,36,FALSE
1987,168543,"TILEFISH, BLUELINE",194542.88,36652.090000000004,74,FALSE
1987,168546,"TILEFISH, GOLDEN",463955.15298816323,317439.9179546614,74,FALSE
1987,168566,COBIA,149134.83245209797,61327.93377133901,196,FALSE
1987,168609,"JACK, CREVALLE",1579195,2572.74,90,FALSE
1987,168612,"RUNNER, BLUE",1063258.9816952972,50938.67528301887,54,FALSE
1987,168689,"AMBERJACK, GREATER",1666472.08,64135.04,172,FALSE
1987,168791,DOLPHIN,302796,89472.18000000001,123,FALSE
1987,168848,"SNAPPER, GRAY",482831.2495969991,181102.07280563188,187,FALSE
1987,168849,"SNAPPER, MUTTON",260099.71511269273,111881.01273230526,111,FALSE
1987,168853,"SNAPPER, RED",3069025.0216884776,5094009.901934248,252,FALSE
1987,168858,"SNAPPER, MAHOGANY",137,176,1,TRUE
1987,168860,"SNAPPER, LANE",52470.77533669914,12537.294689374006,103,FALSE
1987,168861,"SNAPPER, SILK",37129.60842105263,4034.6768373636796,52,FALSE
1987,168899,"SNAPPER, BLACK",3495,4340,10,FALSE
1987,168902,"SNAPPER, QUEEN",39190,51113,6,FALSE
1987,168907,"SNAPPER, YELLOWTAIL",1112633.22,450121,93,FALSE
1987,168909,"SNAPPER, VERMILION",1606477.19,1474322.14,92,FALSE
1987,169007,TRIPLETAIL,783,305,12,FALSE
1987,169207,"PORGY, RED",184,153,1,TRUE
1987,169290,"DRUM, RED",4890597.92,5227889.83,250,FALSE
1987,170566,HOGFISH,30584.496,9377.2938,77,FALSE
1987,172401,"TUNA, SKIPJACK",2481.25,0,9,FALSE
1987,172402,"TUNA, LITTLE TUNNY",365939,15863.83,48,FALSE
1987,172419,"TUNA, ALBACORE",3100,1811,5,FALSE
1987,172421,"TUNA, BLUEFIN",389390.72563350364,1983537,26,FALSE
1987,172423,"TUNA, YELLOWFIN",9087570.0119195655,15432176.588157894,61,FALSE
1987,172427,"TUNA, BLACKFIN",94620.57577315661,26812.18288200792,76,FALSE
1987,172428,"TUNA, BIGEYE",19698.111506746627,11598,22,FALSE
1987,172435,"MACKEREL, KING",516615.84,55156.91,120,FALSE
1987,172436,"MACKEREL, SPANISH",2844990.6615747316,203418.41067867467,241,FALSE
1987,172437,CERO,898,248.44,3,FALSE
1987,172451,WAHOO,95676.48531555393,58835.335446159464,82,FALSE
1987,172482,SWORDFISH,1479727.536423209,2722649.7935858946,61,FALSE
1987,172488,SAILFISH,952,884,1,TRUE
1987,172491,"MARLIN, BLUE",34881,6997,27,FALSE
1987,172502,"SPEARFISH, LONGBILL",225,0,1,TRUE
1987,768126,"MARLIN, WHITE",52699.12499999999,23110,33,FALSE
1988,159916,"SHARK, THRESHER",34073,12924,13,FALSE
1988,159921,"SHARK, THRESHER, BIGEYE",8647,3479,4,FALSE
1988,159924,"SHARK, MAKO, SHORTFIN",78709,56983,18,FALSE
1988,160189,"SHARK, TIGER",2226,777,2,TRUE
1988,160230,"DOGFISH, SMOOTH",22,7,1,TRUE
1988,160275,"SHARK, BULL",297,142,1,TRUE
1988,160289,"SHARK, SANDBAR",368,101,2,TRUE
1988,160318,"SHARK, BLACKTIP",325190,103655,23,FALSE
1988,160424,"SHARK, BLUE",466,102,1,TRUE
1988,167695,"GROUPER, GOLIATH",132296.12678202966,98468.41733363474,73,FALSE
1988,167696,"HIND, ROCK",80,137,2,TRUE
1988,167698,"HIND, SPECKLED",3457,4874,5,FALSE
1988,167699,"GROUPER, YELLOWEDGE",1579578.2010831,2538684.118403361,82,FALSE
1988,167700,"HIND, RED",420,621,1,TRUE
1988,167702,"GROUPER, RED",5437452.010257095,6941802.9528297745,194,FALSE
1988,167703,"GROUPER, MISTY",6,6,1,TRUE
1988,167704,"GROUPER, WARSAW",274045.21219760954,295788.35297211155,81,FALSE
1988,167705,"GROUPER, SNOWY",177449.12175591206,275696.5480117061,53,FALSE
1988,167706,"GROUPER, NASSAU",3663.9333793103438,1320.6771034482758,18,FALSE
1988,167744,"GROUPER, MARBLED",2067,2168,4,FALSE
1988,167759,"GROUPER, GAG",649613.4326735218,1206108.6540874036,88,FALSE
1988,167760,"GROUPER, BLACK",863988.5988149702,1524681.0154287338,203,FALSE
1988,167762,"GROUPER, YELLOWMOUTH",213,389,2,TRUE
1988,167763,SCAMP,276580.63739850867,551099.0078956089,121,FALSE
1988,167764,"GROUPER, YELLOWFIN",36027.450462487155,55355.51989722508,22,FALSE
1988,168543,"TILEFISH, BLUELINE",203356.68,162103.35,78,FALSE
1988,168546,"TILEFISH, GOLDEN",866311.664,980026.2815,89,FALSE
1988,168566,COBIA,143301.8224358376,149151.29907139525,197,FALSE
1988,168609,"JACK, CREVALLE",1461682.9568406753,322026.49309140304,103,FALSE
1988,168612,"RUNNER, BLUE",1930791.8908979464,525385.2772724486,61,FALSE
1988,168689,"AMBERJACK, GREATER",1904743.68,838653.14,157,FALSE
1988,168791,DOLPHIN,297694.8,280406.13,126,FALSE
1988,168848,"SNAPPER, GRAY",318985.6788036276,429213.3555226014,186,FALSE
1988,168849,"SNAPPER, MUTTON",206111.17271297154,337566.0705366299,115,FALSE
1988,168852,"SNAPPER, BLACKFIN",10,14,1,TRUE
1988,168853,"SNAPPER, RED",3977900.1036038185,8746465.086555291,231,FALSE
1988,168858,"SNAPPER, MAHOGANY",197,296,1,TRUE
1988,168860,"SNAPPER, LANE",58120.509748070195,53449.26780406313,114,FALSE
1988,168861,"SNAPPER, SILK",94727.64840121317,148534.684237435,57,FALSE
1988,168899,"SNAPPER, BLACK",7962,12006,9,FALSE
1988,168902,"SNAPPER, QUEEN",19641,26559,8,FALSE
1988,168907,"SNAPPER, YELLOWTAIL",617787.6072033218,1085777.2049288503,107,FALSE
1988,168909,"SNAPPER, VERMILION",1556011.0783001161,2144794.8438692796,126,FALSE
1988,168913,WENCHMAN,9,4,1,TRUE
1988,169007,TRIPLETAIL,1792,1280,18,FALSE
1988,169207,"PORGY, RED",97,50,2,TRUE
1988,169290,"DRUM, RED",291839.52,389612.77,72,FALSE
1988,170566,HOGFISH,29977.799343204937,35490.02019531249,74,FALSE
1988,172401,"TUNA, SKIPJACK",1055.4772727272727,436.59090909090907,11,FALSE
1988,172402,"TUNA, LITTLE TUNNY",507302,78427.89,53,FALSE
1988,172419,"TUNA, ALBACORE",4519,4376,10,FALSE
1988,172421,"TUNA, BLUEFIN",301286.08567813825,3984529.7508275593,29,FALSE
1988,172423,"TUNA, YELLOWFIN",17139248.629344407,27444825.77659489,81,FALSE
1988,172427,"TUNA, BLACKFIN",64556.711081480695,32859.3974256746,93,FALSE
1988,172428,"TUNA, BIGEYE",32961.75,78130.8,24,FALSE
1988,172435,"MACKEREL, KING",552017.4400000001,543911.74,100,FALSE
1988,172436,"MACKEREL, SPANISH",2314938,1031412.4299999999,235,FALSE
1988,172437,CERO,12818,6807.09,24,FALSE
1988,172451,WAHOO,230390.35259701492,204368.66503482586,95,FALSE
1988,172482,SWORDFISH,2168411.447993175,6956442.529730424,84,FALSE
1988,172488,SAILFISH,1681,1068,1,TRUE
1988,172491,"MARLIN, BLUE",18617.08045065059,12366.274706442398,7,FALSE
1988,172502,"SPEARFISH, LONGBILL",17,0,1,TRUE
1988,181220,GRAYSBY,79,99,1,TRUE
1988,768126,"MARLIN, WHITE",8431.5,5337,4,FALSE
1989,159911,"SHARK, PORBEAGLE",1551,521,3,FALSE
1989,159916,"SHARK, THRESHER",110564,39029,11,FALSE
1989,159921,"SHARK, THRESHER, BIGEYE",3101,1917,5,FALSE
1989,159924,"SHARK, MAKO, SHORTFIN",27813,20905,17,FALSE
1989,159977,"SHARK, NURSE",165,38,1,TRUE
1989,160275,"SHARK, BULL",17752,5346,1,TRUE
1989,160289,"SHARK, SANDBAR",183,74,2,TRUE
1989,160318,"SHARK, BLACKTIP",124926,39587,17,FALSE
1989,160424,"SHARK, BLUE",1006,594,1,TRUE
1989,167695,"GROUPER, GOLIATH",87750.38,75657.21999999999,47,FALSE
1989,167698,"HIND, SPECKLED",1004,1059,9,FALSE
1989,167699,"GROUPER, YELLOWEDGE",578874.1442,586260.4125999999,77,FALSE
1989,167702,"GROUPER, RED",8788832.393093988,10717592.027861604,214,FALSE
1989,167704,"GROUPER, WARSAW",223675.063,227415.546,103,FALSE
1989,167705,"GROUPER, SNOWY",80425.35847952557,109319.78758646316,63,FALSE
1989,167706,"GROUPER, NASSAU",4171.969122807018,6238.847777777778,18,FALSE
1989,167744,"GROUPER, MARBLED",4480,7809,5,FALSE
1989,167759,"GROUPER, GAG",852915.976851665,1469240.5125227042,87,FALSE
1989,167760,"GROUPER, BLACK",1300198.808550062,2111538.803145654,239,FALSE
1989,167763,SCAMP,303421.4416143498,502470.65295964124,156,FALSE
1989,167764,"GROUPER, YELLOWFIN",142309.8737767221,228441.73287410926,26,FALSE
1989,168543,"TILEFISH, BLUELINE",86158.88,77183.52,71,FALSE
1989,168546,"TILEFISH, GOLDEN",442660.1902738787,532499.7732816059,88,FALSE
1989,168566,COBIA,190396.7364982604,213630.93024076088,250,FALSE
1989,168609,"JACK, CREVALLE",2003398.8536189196,350036.6378608091,112,FALSE
1989,168612,"RUNNER, BLUE",774945.4075630251,208202.8844139194,65,FALSE
1989,168689,"AMBERJACK, GREATER",2145034.32,1114071.76,160,FALSE
1989,168791,DOLPHIN,550122,450116.69,136,FALSE
1989,168848,"SNAPPER, GRAY",378639.0945322662,451613.97848433896,201,FALSE
1989,168849,"SNAPPER, MUTTON",240150.9975444453,311242.84260345105,131,FALSE
1989,168852,"SNAPPER, BLACKFIN",60,90,2,TRUE
1989,168853,"SNAPPER, RED",3100985.058492908,6662190.061926714,298,FALSE
1989,168860,"SNAPPER, LANE",94819.83508511104,73809.45458957434,121,FALSE
1989,168861,"SNAPPER, SILK",46181.2958988764,78631.46747191012,49,FALSE
1989,168899,"SNAPPER, BLACK",13721,23993,14,FALSE
1989,168902,"SNAPPER, QUEEN",9809,18099,9,FALSE
1989,168907,"SNAPPER, YELLOWTAIL",925436.3464191573,1475535.1966211272,116,FALSE
1989,168909,"SNAPPER, VERMILION",1661581.1559276513,2067344.8577887467,156,FALSE
1989,169007,TRIPLETAIL,3533,2078,18,FALSE
1989,169200,"PORGY, WHITEBONE",3350,1541,1,TRUE
1989,169207,"PORGY, RED",810,696,2,TRUE
1989,169290,"DRUM, RED",166446,224039,23,FALSE
1989,170566,HOGFISH,57784.30242279417,61833.731735424095,82,FALSE
1989,172401,"TUNA, SKIPJACK",11691.25,3210.1,12,FALSE
1989,172402,"TUNA, LITTLE TUNNY",494326,94429.62,56,FALSE
1989,172419,"TUNA, ALBACORE",8304,7003,10,FALSE
1989,172421,"TUNA, BLUEFIN",164201.85458336712,1707332.5638978668,31,FALSE
1989,172423,"TUNA, YELLOWFIN",12320865.357009424,23309281.993243884,92,FALSE
1989,172427,"TUNA, BLACKFIN",86187.55291843199,44909.853509522436,88,FALSE
1989,172428,"TUNA, BIGEYE",117917.57114883726,303293.7673890606,37,FALSE
1989,172435,"MACKEREL, KING",228664.80000000002,230157.36000000002,98,FALSE
1989,172436,"MACKEREL, SPANISH",3118538.9999999995,1160027.87,216,FALSE
1989,172437,CERO,34522,16089.4,23,FALSE
1989,172451,WAHOO,246653.06238267565,199448.56919522388,98,FALSE
1989,172482,SWORDFISH,2141191.21696159,6146331.359608835,83,FALSE
1989,768126,"MARLIN, WHITE",146.25,0,1,TRUE
1990,159911,"SHARK, PORBEAGLE",9994,24881,2,TRUE
1990,159916,"SHARK, THRESHER",4018.46,1548.5,6,FALSE
1990,159921,"SHARK, THRESHER, BIGEYE",533,221,1,TRUE
1990,159924,"SHARK, MAKO, SHORTFIN",19021.51,15874,17,FALSE
1990,159977,"SHARK, NURSE",471,220,16,FALSE
1990,160189,"SHARK, TIGER",1188.93,595.15,2,TRUE
1990,160318,"SHARK, BLACKTIP",271977.91,109984.6,19,FALSE
1990,160401,"SHARK, SPINNER",388,162,1,TRUE
1990,160433,"SHARK, LEMON",364,169,7,FALSE
1990,161186,"MORAY, GREEN",72,20,9,FALSE
1990,161237,"MORAY, GOLDENTAIL",55,12.5,12,FALSE
1990,166211,"SOLDIERFISH, BLACKBAR",4,3,2,TRUE
1990,166487,SEAHORSES,21,0,2,TRUE
1990,166704,SCORPIONFISHES,970,74,5,FALSE
1990,167687,"BASS, BLACK SEA",152.21999999999997,187.05,1,TRUE
1990,167690,"BASS, BANK SEA",5.9,0,1,TRUE
1990,167695,"GROUPER, GOLIATH",9066.98,7500.98,25,FALSE
1990,167696,"HIND, ROCK",2473.8,3161.9,12,FALSE
1990,167698,"HIND, SPECKLED",8915.172581453635,12141.790050125315,17,FALSE
1990,167699,"GROUPER, YELLOWEDGE",906238.984668663,1025558.9485536766,93,FALSE
1990,167700,"HIND, RED",4636.1,362,7,FALSE
1990,167702,"GROUPER, RED",5618605.407661514,8107295.789368563,199,FALSE
1990,167703,"GROUPER, MISTY",1798,2764,4,FALSE
1990,167704,"GROUPER, WARSAW",164881.0848532055,163256.04008987418,95,FALSE
1990,167705,"GROUPER, SNOWY",132597.11888188563,152005.48637675753,71,FALSE
1990,167706,"GROUPER, NASSAU",7903.133876363636,11611.729912727273,17,FALSE
1990,167740,"GROUPER, CONEY",241,219,10,FALSE
1990,167744,"GROUPER, MARBLED",3088,4273,4,FALSE
1990,167759,"GROUPER, GAG",994822.446595623,1845388.8330833474,87,FALSE
1990,167760,"GROUPER, BLACK",1314041.7217921903,2276458.91403286,211,FALSE
1990,167762,"GROUPER, YELLOWMOUTH",5.9,8.5,1,TRUE
1990,167763,SCAMP,289930.67026026605,501381.0921399653,145,FALSE
1990,167764,"GROUPER, YELLOWFIN",40145.22262806236,65038.58017817372,39,FALSE
1990,167806,"HAMLET, BUTTER",1293,546.8,24,FALSE
1990,167820,"BASS, PEPPERMINT",3,0,2,TRUE
1990,167852,"BASS, LANTERN",67,0,11,FALSE
1990,167859,TOBACCOFISH,457,355.4,12,FALSE
1990,167860,"BASS, HARLEQUIN",690,30.45,20,FALSE
1990,167861,"BASS, CHALK",413,355,5,FALSE
1990,168181,"SNAPPER, GLASSEYE",12,0,4,FALSE
1990,168204,FLAMEFISH,3250,206.25,27,FALSE
1990,168543,"TILEFISH, BLUELINE",136328.28,120424.6,72,FALSE
1990,168546,"TILEFISH, GOLDEN",296069.52809411316,328745.5319965469,98,FALSE
1990,168566,COBIA,152432.9836,188172.2304070234,212,FALSE
1990,168602,"POMPANO, AFRICAN",108,54,1,TRUE
1990,168609,"JACK, CREVALLE",2397514.2420807583,571133.4895161848,114,FALSE
1990,168612,"RUNNER, BLUE",1776261.9296470005,469617.4064058257,69,FALSE
1990,168689,"AMBERJACK, GREATER",1668150.6400000001,1073753.95,147,FALSE
1990,168690,"AMBERJACK, LESSER",5785.52,0,2,TRUE
1990,168691,"JACK, ALMACO",834,591,2,TRUE
1990,168693,"RUDDERFISH, BANDED",4962.88,2386,2,TRUE
1990,168791,DOLPHIN,634027.2000000001,442541.21,138,FALSE
1990,168847,"SNAPPER, CUBERA",501.72,408.15,4,FALSE
1990,168848,"SNAPPER, GRAY",234804.86093242888,319835.27629264793,206,FALSE
1990,168849,"SNAPPER, MUTTON",281516.20421042363,431393.714855814,149,FALSE
1990,168852,"SNAPPER, BLACKFIN",11541.34,13116,16,FALSE
1990,168853,"SNAPPER, RED",2661549.4606136284,5821991.338959186,266,FALSE
1990,168857,"SNAPPER, DOG",3590.8500000000004,4536.7,3,FALSE
1990,168858,"SNAPPER, MAHOGANY",45,54,2,TRUE
1990,168860,"SNAPPER, LANE",79354.6430685385,78500.00427339519,115,FALSE
1990,168861,"SNAPPER, SILK",134471.76057582858,205618.41639325963,56,FALSE
1990,168899,"SNAPPER, BLACK",4106.850000000001,2581,9,FALSE
1990,168902,"SNAPPER, QUEEN",42613.12,54723.8,13,FALSE
1990,168907,"SNAPPER, YELLOWTAIL",799110.2164992542,1340974.1790706026,118,FALSE
1990,168909,"SNAPPER, VERMILION",2168679.713520339,2901003.899674427,152,FALSE
1990,169007,TRIPLETAIL,6363,3642,27,FALSE
1990,169058,TOMTATE,2,0,1,TRUE
1990,169065,"GRUNT, FRENCH",49,0,4,FALSE
1990,169067,COTTONWICK,46,0,1,TRUE
1990,169086,PORKFISH,1662,214.05,18,FALSE
1990,169207,"PORGY, RED",165,140,1,TRUE
1990,169290,"DRUM, RED",7572,9388,10,FALSE
1990,169314,JACKKNIFE-FISH,841,25,18,FALSE
1990,169317,"DRUM, SPOTTED",23,25,9,FALSE
1990,169421,"GOATFISH, SPOTTED",6,0,1,TRUE
1990,169539,"SPADEFISH, ATLANTIC",104,0,3,FALSE
1990,169556,"BUTTERFLYFISH, SPOTFIN",597,440.59,19,FALSE
1990,169558,"BUTTERFLYFISH, FOUREYE",3781,1082.05,23,FALSE
1990,169563,"BUTTERFLYFISH, BANDED",271,56.5,16,FALSE
1990,169593,"BUTTERFLYFISH, LONGSNOUT",70,8,4,FALSE
1990,169611,CHERUBFISH,2366,204.56,8,FALSE
1990,169623,"ANGELFISH, QUEEN",2397,2598.5,25,FALSE
1990,169625,"BEAUTY, ROCK",6723,3611.48,25,FALSE
1990,169632,"ANGELFISH, GRAY",5874,2785.7,26,FALSE
1990,169633,"ANGELFISH, FRENCH",722,1349,21,FALSE
1990,170046,"MAJOR, SERGEANT",502,12.4,8,FALSE
1990,170080,"CHROMIS, BLUE",5216,298.65,20,FALSE
1990,170082,SUNSHINEFISH,288,0,6,FALSE
1990,170116,"DAMSELFISH, YELLOWTAIL",722,8.2,19,FALSE
1990,170224,"HAWKFISH, REDSPOTTED",13,8.5,5,FALSE
1990,170484,"HOGFISH, SPANISH",1311,1180.42,23,FALSE
1990,170496,"WRASSE, CREOLE",1026,737.19,10,FALSE
1990,170506,"WRASSE, YELLOWHEAD",435,24,12,FALSE
1990,170507,"WRASSE, CLOWN",2,0,1,TRUE
1990,170510,PUDDINGWIFE,39,22,10,FALSE
1990,170566,HOGFISH,65640.87015305652,79252.58246378487,85,FALSE
1990,170568,BLUEHEAD,5147,1082.5,22,FALSE
1990,170811,"PARROTFISH, BLUE",86,131.5,7,FALSE
1990,170812,"PARROTFISH, MIDNIGHT",1,0,1,TRUE
1990,170814,"PARROTFISH, RAINBOW",8,0,1,TRUE
1990,170863,"PARROTFISH, REDBAND",1,0,1,TRUE
1990,170928,"JAWFISH, YELLOWHEAD",2386,1068,11,FALSE
1990,170932,"JAWFISH, DUSKY",105,0,8,FALSE
1990,171203,"BLENNY, REDLIP",83,0,12,FALSE
1990,172252,"SURGEON, OCEAN",268,7.5,14,FALSE
1990,172253,DOCTORFISH,219,20,11,FALSE
1990,172254,"TANG, BLUE",1065,762.08,23,FALSE
1990,172401,"TUNA, SKIPJACK",4845.351094894435,1080.772736999473,19,FALSE
1990,172402,"TUNA, LITTLE TUNNY",592829,223327.16,61,FALSE
1990,172419,"TUNA, ALBACORE",7710,4182,10,FALSE
1990,172421,"TUNA, BLUEFIN",258332.75,1889209.95,40,FALSE
1990,172423,"TUNA, YELLOWFIN",7961736.800986352,17017581.124492027,75,FALSE
1990,172427,"TUNA, BLACKFIN",144018.33402956298,68670.38681876607,103,FALSE
1990,172428,"TUNA, BIGEYE",60204.884245497466,156035.05701171534,36,FALSE
1990,172435,"MACKEREL, KING",857058.8,905015.9400000001,114,FALSE
1990,172436,"MACKEREL, SPANISH",2583569,985191.21,226,FALSE
1990,172437,CERO,16706,4278.2,19,FALSE
1990,172451,WAHOO,118576.40662127886,108838.96311974368,83,FALSE
1990,172482,SWORDFISH,983980.467964885,2545982.47320843,67,FALSE
1990,173134,"FILEFISH, SCRAWLED",1,0,1,TRUE
1990,173139,"TRIGGERFISH, QUEEN",25,43,8,FALSE
1990,173157,"FILEFISH, WHITESPOTTED",82,48,10,FALSE
1990,173174,"DURGON, BLACK",6,0,2,TRUE
1990,173246,"COWFISH, HONEYCOMBED",3632,131.25,12,FALSE
1990,173320,"PUFFER, SHARPNOSE",702,40.5,22,FALSE
1990,181220,GRAYSBY,2,3,1,TRUE
1990,614740,"PARROTFISH, STRIPED",949,563.97,14,FALSE
1990,615345,BEAUGREGORY,1276,75.8,18,FALSE
1990,615416,"DAMSELFISH, BICOLOR",431,20.1,14,FALSE
1990,615421,"DAMSELFISH, DUSKY",188,3.5,11,FALSE
1990,615485,"DAMSELFISH, THREESPOT",344,20,15,FALSE
1990,636786,"GOBY,NEON",1756,20,19,FALSE
1990,646513,HIGH-HAT,3110,191.5,24,FALSE
1990,650251,"BARRACUDA, GREAT",226,112,2,TRUE
1991,159911,"SHARK, PORBEAGLE",89,37,1,TRUE
1991,159916,"SHARK, THRESHER",8212,5102.51,11,FALSE
1991,159921,"SHARK, THRESHER, BIGEYE",174,88,1,TRUE
1991,159924,"SHARK, MAKO, SHORTFIN",67991.48925218037,48189.771362033774,39,FALSE
1991,159977,"SHARK, NURSE",274,328,16,FALSE
1991,160189,"SHARK, TIGER",1821.44,794.48,7,FALSE
1991,160268,"SHARK, DUSKY",1480.35,639,4,FALSE
1991,160275,"SHARK, BULL",10174.800000000001,0,9,FALSE
1991,160289,"SHARK, SANDBAR",839558.61,314425.5,19,FALSE
1991,160318,"SHARK, BLACKTIP",173469.97936938587,79074.10824747938,58,FALSE
1991,160433,"SHARK, LEMON",3360.209999999999,924.8299999999999,12,FALSE
1991,160502,"SHARK, BONNETHEAD",27773.59,0,7,FALSE
1991,161186,"MORAY, GREEN",36,116,10,FALSE
1991,161237,"MORAY, GOLDENTAIL",69,127.5,5,FALSE
1991,166211,"SOLDIERFISH, BLACKBAR",1,0,1,TRUE
1991,166704,SCORPIONFISHES,2806,0,9,FALSE
1991,167687,"BASS, BLACK SEA",20980.4,13025.810000000003,20,FALSE
1991,167690,"BASS, BANK SEA",59,0,1,TRUE
1991,167691,"BASS, ROCK SEA",9832.94,0,10,FALSE
1991,167695,"GROUPER, GOLIATH",798,359,3,FALSE
1991,167696,"HIND, ROCK",1889.6,2695.46,12,FALSE
1991,167698,"HIND, SPECKLED",44900.98,56717.32,21,FALSE
1991,167699,"GROUPER, YELLOWEDGE",840936.7264555193,1133646.5090731252,78,FALSE
1991,167700,"HIND, RED",58273.84,86180.75,22,FALSE
1991,167702,"GROUPER, RED",5962720.573034905,8168910.908396612,207,FALSE
1991,167703,"GROUPER, MISTY",11.8,0,1,TRUE
1991,167704,"GROUPER, WARSAW",151762.95837593984,169269.07384962405,92,FALSE
1991,167705,"GROUPER, SNOWY",138626.75094103563,167684.48138896396,65,FALSE
1991,167706,"GROUPER, NASSAU",2147.6,2328.6,8,FALSE
1991,167740,"GROUPER, CONEY",149.38,384.57,10,FALSE
1991,167744,"GROUPER, MARBLED",8940,11123,8,FALSE
1991,167759,"GROUPER, GAG",991389.7366106039,1817245.1059638513,121,FALSE
1991,167760,"GROUPER, BLACK",940643.0622206136,1559498.9545247164,205,FALSE
1991,167762,"GROUPER, YELLOWMOUTH",122.72,0,2,TRUE
1991,167763,SCAMP,358323.8269868014,639562.3961892726,127,FALSE
1991,167764,"GROUPER, YELLOWFIN",7912.872129505761,7509.524626198338,35,FALSE
1991,167767,"GROUPER, TIGER",24.78,0,1,TRUE
1991,167806,"HAMLET, BUTTER",1052,917.8,21,FALSE
1991,167820,"BASS, PEPPERMINT",5,0,2,TRUE
1991,167852,"BASS, LANTERN",46,1.5,7,FALSE
1991,167859,TOBACCOFISH,260,424,9,FALSE
1991,167860,"BASS, HARLEQUIN",475,200.6,11,FALSE
1991,167861,"BASS, CHALK",243,425,3,FALSE
1991,168181,"SNAPPER, GLASSEYE",1,0,1,TRUE
1991,168204,FLAMEFISH,1241,362.94,19,FALSE
1991,168543,"TILEFISH, BLUELINE",144421.56,114925.29000000001,73,FALSE
1991,168544,"TILEFISH, GOLDFACE",43103,55714.75,5,FALSE
1991,168546,"TILEFISH, GOLDEN",192008.38048396172,208813.92955623442,78,FALSE
1991,168548,"TILEFISH, SAND",30.48,24.08,4,FALSE
1991,168566,COBIA,159002.2074576359,205528.69299379748,219,FALSE
1991,168602,"POMPANO, AFRICAN",6142,579.5,10,FALSE
1991,168609,"JACK, CREVALLE",1932150.1374921123,454942.4321057899,135,FALSE
1991,168612,"RUNNER, BLUE",1337699.2,298894,71,FALSE
1991,168613,"JACK, BLACK",74,28,2,TRUE
1991,168615,"JACK, BAR",18,1.8,1,TRUE
1991,168689,"AMBERJACK, GREATER",1185784.17,708317.15,144,FALSE
1991,168690,"AMBERJACK, LESSER",21461.44,13035.69,21,FALSE
1991,168691,"JACK, ALMACO",17724.28,14798.4,8,FALSE
1991,168693,"RUDDERFISH, BANDED",1672.14,1249.2,3,FALSE
1991,168791,DOLPHIN,843010.8,661316.9,135,FALSE
1991,168847,"SNAPPER, CUBERA",1186.4044391137766,831.851216947082,16,FALSE
1991,168848,"SNAPPER, GRAY",274209.1312938095,320574.62705969415,221,FALSE
1991,168849,"SNAPPER, MUTTON",242334.0043633828,356873.1004601952,123,FALSE
1991,168850,SCHOOLMASTER,115.44,4,2,TRUE
1991,168852,"SNAPPER, BLACKFIN",3525.0900000000006,5416.3,16,FALSE
1991,168853,"SNAPPER, RED",2224560.758441345,4895313.912269396,243,FALSE
1991,168857,"SNAPPER, DOG",136.52999999999997,236.99999999999997,4,FALSE
1991,168858,"SNAPPER, MAHOGANY",180.54,224,2,TRUE
1991,168860,"SNAPPER, LANE",111516.12258063871,121437.7365218434,125,FALSE
1991,168861,"SNAPPER, SILK",127566.36768084754,226897.6810279755,56,FALSE
1991,168899,"SNAPPER, BLACK",2247.642583479789,1126.840919742237,7,FALSE
1991,168902,"SNAPPER, QUEEN",36805.56,64442.45,21,FALSE
1991,168907,"SNAPPER, YELLOWTAIL",645106.444544972,1161059.807236769,101,FALSE
1991,168909,"SNAPPER, VERMILION",1806416.3513749496,2249324.2805882352,153,FALSE
1991,168913,WENCHMAN,1711.6200000000001,0,2,TRUE
1991,169007,TRIPLETAIL,3121.928419258628,2251.999198977418,34,FALSE
1991,169065,"GRUNT, FRENCH",35,0,3,FALSE
1991,169067,COTTONWICK,19,0,1,TRUE
1991,169086,PORKFISH,2184,685.59,17,FALSE
1991,169207,"PORGY, RED",274,225,2,TRUE
1991,169290,"DRUM, RED",22162,28537,11,FALSE
1991,169314,JACKKNIFE-FISH,524,119,22,FALSE
1991,169317,"DRUM, SPOTTED",17,7,5,FALSE
1991,169421,"GOATFISH, SPOTTED",5,0,2,TRUE
1991,169539,"SPADEFISH, ATLANTIC",2430,839.4,20,FALSE
1991,169556,"BUTTERFLYFISH, SPOTFIN",263,152.5,14,FALSE
1991,169558,"BUTTERFLYFISH, FOUREYE",2980,2287.38,20,FALSE
1991,169563,"BUTTERFLYFISH, BANDED",126,144.31,11,FALSE
1991,169593,"BUTTERFLYFISH, LONGSNOUT",80,871,6,FALSE
1991,169611,CHERUBFISH,989,18,6,FALSE
1991,169623,"ANGELFISH, QUEEN",2431,8169.48,22,FALSE
1991,169625,"BEAUTY, ROCK",5514,5107.5,23,FALSE
1991,169632,"ANGELFISH, GRAY",4814,7580.5,24,FALSE
1991,169633,"ANGELFISH, FRENCH",767,4603,22,FALSE
1991,170046,"MAJOR, SERGEANT",304,34.5,12,FALSE
1991,170080,"CHROMIS, BLUE",3214,423.05,13,FALSE
1991,170082,SUNSHINEFISH,2389,19.25,6,FALSE
1991,170116,"DAMSELFISH, YELLOWTAIL",978,224.5,13,FALSE
1991,170224,"HAWKFISH, REDSPOTTED",11,0,2,TRUE
1991,170484,"HOGFISH, SPANISH",1384,1597.8600000000001,17,FALSE
1991,170496,"WRASSE, CREOLE",1476,1307.5,10,FALSE
1991,170506,"WRASSE, YELLOWHEAD",210,137,12,FALSE
1991,170507,"WRASSE, CLOWN",3,0,2,TRUE
1991,170510,PUDDINGWIFE,71,83,7,FALSE
1991,170566,HOGFISH,51064.730440254905,66942.76934039388,100,FALSE
1991,170568,BLUEHEAD,3992,2095.95,18,FALSE
1991,170811,"PARROTFISH, BLUE",62,100.5,10,FALSE
1991,170812,"PARROTFISH, MIDNIGHT",6,28,1,TRUE
1991,170814,"PARROTFISH, RAINBOW",1,0,1,TRUE
1991,170815,"PARROTFISH, PRINCESS",11,22,3,FALSE
1991,170816,"PARROTFISH, QUEEN",11,0,4,FALSE
1991,170863,"PARROTFISH, REDBAND",43,16,3,FALSE
1991,170867,"PARROTFISH, STOPLIGHT",21,5.5,2,TRUE
1991,170928,"JAWFISH, YELLOWHEAD",1136,215,10,FALSE
1991,170932,"JAWFISH, DUSKY",271,0,12,FALSE
1991,171203,"BLENNY, REDLIP",64,3.5,5,FALSE
1991,172252,"SURGEON, OCEAN",142,71.75,9,FALSE
1991,172253,DOCTORFISH,99,16,10,FALSE
1991,172254,"TANG, BLUE",1262,912.97,20,FALSE
1991,172401,"TUNA, SKIPJACK",950.75,703.4,10,FALSE
1991,172402,"TUNA, LITTLE TUNNY",853535,171433.95,66,FALSE
1991,172419,"TUNA, ALBACORE",11853,7461,10,FALSE
1991,172421,"TUNA, BLUEFIN",286502.5,2565952.28,39,FALSE
1991,172423,"TUNA, YELLOWFIN",6681254.922489553,15278144.66911327,76,FALSE
1991,172427,"TUNA, BLACKFIN",207630.5,72587.61,108,FALSE
1991,172428,"TUNA, BIGEYE",91669.475774813,247124.1456002296,36,FALSE
1991,172435,"MACKEREL, KING",393102.32,401508.11,113,FALSE
1991,172436,"MACKEREL, SPANISH",3442923.9999999995,1379307.98,241,FALSE
1991,172437,CERO,11109,4643.88,25,FALSE
1991,172451,WAHOO,190034.03801664576,157170.72719783144,96,FALSE
1991,172482,SWORDFISH,1387107.0774507143,3335217.771613896,65,FALSE
1991,172502,"SPEARFISH, LONGBILL",2,2.6,1,TRUE
1991,173134,"FILEFISH, SCRAWLED",10,17.5,3,FALSE
1991,173138,"TRIGGERFISH, GRAY",837.2,805,1,TRUE
1991,173139,"TRIGGERFISH, QUEEN",15,63.5,7,FALSE
1991,173157,"FILEFISH, WHITESPOTTED",79,241.5,9,FALSE
1991,173174,"DURGON, BLACK",9,30,4,FALSE
1991,173238,"TRUNKFISH, SPOTTED",840,1.6,2,TRUE
1991,173245,"COWFISH, SCRAWLED",3782,0,4,FALSE
1991,173246,"COWFISH, HONEYCOMBED",11479,2695.2,13,FALSE
1991,173320,"PUFFER, SHARPNOSE",529,126.23,17,FALSE
1991,181220,GRAYSBY,14.44,20.64,3,FALSE
1991,614740,"PARROTFISH, STRIPED",712,813.5,16,FALSE
1991,615345,BEAUGREGORY,1008,184.1,17,FALSE
1991,615416,"DAMSELFISH, BICOLOR",318,20.7,9,FALSE
1991,615421,"DAMSELFISH, DUSKY",46,10.25,7,FALSE
1991,615485,"DAMSELFISH, THREESPOT",347,20.5,12,FALSE
1991,636786,"GOBY,NEON",785,120,13,FALSE
1991,646513,HIGH-HAT,2239,406.96,25,FALSE
1991,650251,"BARRACUDA, GREAT",3013,1242.1,9,FALSE
1992,159916,"SHARK, THRESHER",7932.32,2865.62,10,FALSE
1992,159924,"SHARK, MAKO, SHORTFIN",136859.92658858537,70644.59428811232,35,FALSE
1992,159977,"SHARK, NURSE",325,133,20,FALSE
1992,160189,"SHARK, TIGER",536.5400000000001,157.28,5,FALSE
1992,160268,"SHARK, DUSKY",3145.57,407.34000000000043,3,FALSE
1992,160275,"SHARK, BULL",4935.89,0,5,FALSE
1992,160289,"SHARK, SANDBAR",737066.96,235438.28,17,FALSE
1992,160318,"SHARK, BLACKTIP",180725.44323590814,54750.403089770356,48,FALSE
1992,160433,"SHARK, LEMON",479.56,105.2,11,FALSE
1992,160502,"SHARK, BONNETHEAD",683.88,0,4,FALSE
1992,161186,"MORAY, GREEN",52,35,6,FALSE
1992,161237,"MORAY, GOLDENTAIL",51,44.5,9,FALSE
1992,166211,"SOLDIERFISH, BLACKBAR",34,0.5,7,FALSE
1992,166487,SEAHORSES,40,0,6,FALSE
1992,166704,SCORPIONFISHES,4207.999999999999,2965.999999999999,11,FALSE
1992,167687,"BASS, BLACK SEA",29409.5,17037.75,33,FALSE
1992,167690,"BASS, BANK SEA",83.77999999999999,16.47,2,TRUE
1992,167691,"BASS, ROCK SEA",31690.08,0,8,FALSE
1992,167696,"HIND, ROCK",26135.910666666667,31356.978,12,FALSE
1992,167698,"HIND, SPECKLED",50366.28323751891,72568.42461422087,22,FALSE
1992,167699,"GROUPER, YELLOWEDGE",1124982.9237327995,1875306.1721666248,75,FALSE
1992,167700,"HIND, RED",19484.72,17117.6,26,FALSE
1992,167702,"GROUPER, RED",5240903.1056660265,7987069.5882265,212,FALSE
1992,167703,"GROUPER, MISTY",681.8199999999998,57,3,FALSE
1992,167704,"GROUPER, WARSAW",131899.08517329814,154648.8869531765,87,FALSE
1992,167705,"GROUPER, SNOWY",199084.31662248715,313648.17381634854,55,FALSE
1992,167706,"GROUPER, NASSAU",7843.24786516854,18079.588127340823,22,FALSE
1992,167740,"GROUPER, CONEY",76,17,10,FALSE
1992,167744,"GROUPER, MARBLED",40223,50612,6,FALSE
1992,167759,"GROUPER, GAG",1470309.173285787,2903302.3330667345,144,FALSE
1992,167760,"GROUPER, BLACK",626187.387037712,1093520.0559838526,143,FALSE
1992,167763,SCAMP,342843.4139783577,648085.7955633354,127,FALSE
1992,167764,"GROUPER, YELLOWFIN",3850.8632835820895,6975.886503198294,24,FALSE
1992,167806,"HAMLET, BUTTER",971,75.5,21,FALSE
1992,167820,"BASS, PEPPERMINT",8,0,4,FALSE
1992,167852,"BASS, LANTERN",86,0,6,FALSE
1992,167859,TOBACCOFISH,349,27.5,11,FALSE
1992,167860,"BASS, HARLEQUIN",683,20.25,17,FALSE
1992,167861,"BASS, CHALK",106,35,4,FALSE
1992,168181,"SNAPPER, GLASSEYE",15,20,3,FALSE
1992,168204,FLAMEFISH,2862,133,21,FALSE
1992,168543,"TILEFISH, BLUELINE",137822.24,105941.075,67,FALSE
1992,168544,"TILEFISH, GOLDFACE",48014.29806451613,53710,5,FALSE
1992,168546,"TILEFISH, GOLDEN",220634.32,250693.725,70,FALSE
1992,168548,"TILEFISH, SAND",177.28,120.7,5,FALSE
1992,168566,COBIA,212793.33629837126,293508.7069786706,208,FALSE
1992,168602,"POMPANO, AFRICAN",1999,949.3000000000001,7,FALSE
1992,168609,"JACK, CREVALLE",1919012.7103956293,478970.3522576957,140,FALSE
1992,168610,"JACK, HORSE-EYE",3548,1367,3,FALSE
1992,168612,"RUNNER, BLUE",1186814.0454680535,262062.03686181278,75,FALSE
1992,168613,"JACK, BLACK",299,216,2,TRUE
1992,168615,"JACK, BAR",245,245,2,TRUE
1992,168689,"AMBERJACK, GREATER",841583.2381869057,562161.5995560857,157,FALSE
1992,168690,"AMBERJACK, LESSER",16715.92,14187.44,25,FALSE
1992,168691,"JACK, ALMACO",29729.55,25135.25,14,FALSE
1992,168693,"RUDDERFISH, BANDED",1354.08,390.6,2,TRUE
1992,168791,DOLPHIN,292341.60000000003,297202.85000000003,120,FALSE
1992,168847,"SNAPPER, CUBERA",1604.3912027491408,2193.7614662084766,11,FALSE
1992,168848,"SNAPPER, GRAY",286109.0198506563,403832.22921592003,215,FALSE
1992,168849,"SNAPPER, MUTTON",220798.65263354863,315918.7747852224,119,FALSE
1992,168850,SCHOOLMASTER,17.76,0,1,TRUE
1992,168852,"SNAPPER, BLACKFIN",4899.7,7907.27,9,FALSE
1992,168853,"SNAPPER, RED",3116734.45151926,6012879.650662557,200,FALSE
1992,168857,"SNAPPER, DOG",229.57178571428568,235.4410714285714,8,FALSE
1992,168858,"SNAPPER, MAHOGANY",1471.1100000000001,456,4,FALSE
1992,168860,"SNAPPER, LANE",97862.07988128821,118679.89336365071,127,FALSE
1992,168861,"SNAPPER, SILK",317633.5957078408,598810.237657674,55,FALSE
1992,168899,"SNAPPER, BLACK",4872.9000000000005,2884.17,3,FALSE
1992,168902,"SNAPPER, QUEEN",29781.75,51079.799999999996,18,FALSE
1992,168907,"SNAPPER, YELLOWTAIL",792917.7835401517,1481030.0356836591,110,FALSE
1992,168909,"SNAPPER, VERMILION",2371933.1774308877,3457151.7169860736,161,FALSE
1992,168913,WENCHMAN,44.99,31,3,FALSE
1992,169007,TRIPLETAIL,2137,1578.36,35,FALSE
1992,169065,"GRUNT, FRENCH",22,0,4,FALSE
1992,169067,COTTONWICK,8,0,1,TRUE
1992,169086,PORKFISH,2013,65.25,22,FALSE
1992,169207,"PORGY, RED",1968,1882,4,FALSE
1992,169290,"DRUM, RED",62551,85653,13,FALSE
1992,169314,JACKKNIFE-FISH,509,240.5,16,FALSE
1992,169317,"DRUM, SPOTTED",23,0,5,FALSE
1992,169421,"GOATFISH, SPOTTED",20,29,5,FALSE
1992,169539,"SPADEFISH, ATLANTIC",17739,3427.85,29,FALSE
1992,169556,"BUTTERFLYFISH, SPOTFIN",227,38,18,FALSE
1992,169558,"BUTTERFLYFISH, FOUREYE",1894,31.5,28,FALSE
1992,169563,"BUTTERFLYFISH, BANDED",170,12,15,FALSE
1992,169593,"BUTTERFLYFISH, LONGSNOUT",135,12,6,FALSE
1992,169611,CHERUBFISH,2800,65,9,FALSE
1992,169623,"ANGELFISH, QUEEN",2500,1948,30,FALSE
1992,169625,"BEAUTY, ROCK",6022,520.5,28,FALSE
1992,169632,"ANGELFISH, GRAY",2871,2261,25,FALSE
1992,169633,"ANGELFISH, FRENCH",800,1680,22,FALSE
1992,170046,"MAJOR, SERGEANT",436,7,12,FALSE
1992,170080,"CHROMIS, BLUE",5565,20.5,17,FALSE
1992,170082,SUNSHINEFISH,3511,81,9,FALSE
1992,170116,"DAMSELFISH, YELLOWTAIL",1727,2,14,FALSE
1992,170224,"HAWKFISH, REDSPOTTED",86,4.5,8,FALSE
1992,170484,"HOGFISH, SPANISH",1029,310,19,FALSE
1992,170496,"WRASSE, CREOLE",1356,117,11,FALSE
1992,170506,"WRASSE, YELLOWHEAD",313,66.5,12,FALSE
1992,170507,"WRASSE, CLOWN",3,0,2,TRUE
1992,170510,PUDDINGWIFE,189,4,7,FALSE
1992,170566,HOGFISH,63799.695926211076,85747.48604079189,92,FALSE
1992,170568,BLUEHEAD,2726,112.25,20,FALSE
1992,170811,"PARROTFISH, BLUE",34,6,6,FALSE
1992,170814,"PARROTFISH, RAINBOW",14,0,1,TRUE
1992,170815,"PARROTFISH, PRINCESS",31,7,9,FALSE
1992,170816,"PARROTFISH, QUEEN",20,50,1,TRUE
1992,170863,"PARROTFISH, REDBAND",46,8,5,FALSE
1992,170867,"PARROTFISH, STOPLIGHT",20,1,6,FALSE
1992,170928,"JAWFISH, YELLOWHEAD",3189,37,15,FALSE
1992,170932,"JAWFISH, DUSKY",156,0,8,FALSE
1992,171203,"BLENNY, REDLIP",287,0,9,FALSE
1992,172252,"SURGEON, OCEAN",337,99.25,18,FALSE
1992,172253,DOCTORFISH,158,156.45,11,FALSE
1992,172254,"TANG, BLUE",912,92.25,25,FALSE
1992,172401,"TUNA, SKIPJACK",9516.25,9860.15,13,FALSE
1992,172402,"TUNA, LITTLE TUNNY",2050777,1119031.11,64,FALSE
1992,172419,"TUNA, ALBACORE",15489,6548,10,FALSE
1992,172421,"TUNA, BLUEFIN",247698.98810796364,2266075.1857295563,22,FALSE
1992,172423,"TUNA, YELLOWFIN",9413620.066883214,18580335.404667012,78,FALSE
1992,172427,"TUNA, BLACKFIN",241417.26793721973,95098.98974962631,100,FALSE
1992,172428,"TUNA, BIGEYE",57715.60335844822,128703.71231965373,29,FALSE
1992,172435,"MACKEREL, KING",1062885.2,1183289.78,114,FALSE
1992,172436,"MACKEREL, SPANISH",3431564.4507805533,1147095.9725996887,253,FALSE
1992,172437,CERO,13103,5052.67,19,FALSE
1992,172451,WAHOO,310595.1930525991,270586.2662825852,90,FALSE
1992,172482,SWORDFISH,1319735.4728338942,3207100.9048961517,56,FALSE
1992,173134,"FILEFISH, SCRAWLED",10,6,3,FALSE
1992,173139,"TRIGGERFISH, QUEEN",6,14,4,FALSE
1992,173157,"FILEFISH, WHITESPOTTED",94,66,8,FALSE
1992,173174,"DURGON, BLACK",5,0,3,FALSE
1992,173238,"TRUNKFISH, SPOTTED",141,0,2,TRUE
1992,173245,"COWFISH, SCRAWLED",4551,0,4,FALSE
1992,173246,"COWFISH, HONEYCOMBED",7101,3108.25,8,FALSE
1992,173320,"PUFFER, SHARPNOSE",464,7.5,18,FALSE
1992,181220,GRAYSBY,223.44,423.82,4,FALSE
1992,614740,"PARROTFISH, STRIPED",832,0,14,FALSE
1992,615345,BEAUGREGORY,1052,32.95,25,FALSE
1992,615416,"DAMSELFISH, BICOLOR",297,2.5,18,FALSE
1992,615421,"DAMSELFISH, DUSKY",130,1,7,FALSE
1992,615485,"DAMSELFISH, THREESPOT",493,3.5,16,FALSE
1992,636786,"GOBY,NEON",1435,18,18,FALSE
1992,646513,HIGH-HAT,2611,52.25,27,FALSE
1992,650251,"BARRACUDA, GREAT",1903,816.98,9,FALSE
1993,159916,"SHARK, THRESHER",3903.68,1892.43,9,FALSE
1993,159924,"SHARK, MAKO, SHORTFIN",74959.50538996187,64545.10201377783,44,FALSE
1993,159977,"SHARK, NURSE",145,0,11,FALSE
1993,160189,"SHARK, TIGER",371.13000000000005,161.29,4,FALSE
1993,160268,"SHARK, DUSKY",1344.1299999999999,290.1,2,TRUE
1993,160275,"SHARK, BULL",211.28,76,1,TRUE
1993,160289,"SHARK, SANDBAR",576928.9,189133.62,10,FALSE
1993,160304,"SHARK, BLACKNOSE",38.92,25.2,1,TRUE
1993,160318,"SHARK, BLACKTIP",232116.3525,57406.2175,25,FALSE
1993,160433,"SHARK, LEMON",92.23,14.8,5,FALSE
1993,160502,"SHARK, BONNETHEAD",4906.7,1340,3,FALSE
1993,161186,"MORAY, GREEN",16,60,5,FALSE
1993,161237,"MORAY, GOLDENTAIL",24,0,5,FALSE
1993,166211,"SOLDIERFISH, BLACKBAR",29,0,5,FALSE
1993,166487,SEAHORSES,3472,0,3,FALSE
1993,166704,SCORPIONFISHES,2592,1301.1,13,FALSE
1993,167687,"BASS, BLACK SEA",15851.94,10456.53,28,FALSE
1993,167690,"BASS, BANK SEA",677.32,229.60000000000002,4,FALSE
1993,167691,"BASS, ROCK SEA",7983.88,6323.17,5,FALSE
1993,167696,"HIND, ROCK",2110.76,2912.86,12,FALSE
1993,167698,"HIND, SPECKLED",24941.855,38124.345,30,FALSE
1993,167699,"GROUPER, YELLOWEDGE",810356.5037900128,1350988.0411779769,86,FALSE
1993,167700,"HIND, RED",12608.0738790932,14551.11047439127,33,FALSE
1993,167702,"GROUPER, RED",7437684.418377559,11696647.680014499,209,FALSE
1993,167703,"GROUPER, MISTY",2043.3399999999995,35,2,TRUE
1993,167704,"GROUPER, WARSAW",137470.08712878256,180001.11681210416,93,FALSE
1993,167705,"GROUPER, SNOWY",131460.988,211164.34,62,FALSE
1993,167706,"GROUPER, NASSAU",942.8200000000002,2018.4700000000003,10,FALSE
1993,167740,"GROUPER, CONEY",898.76,4545.72,7,FALSE
1993,167744,"GROUPER, MARBLED",43667,59308,12,FALSE
1993,167759,"GROUPER, GAG",1751063.306980692,3565244.748317699,157,FALSE
1993,167760,"GROUPER, BLACK",492805.38197679364,885034.0600410951,145,FALSE
1993,167763,SCAMP,365295.972124105,709987.6884725537,133,FALSE
1993,167764,"GROUPER, YELLOWFIN",3137.603339882122,5606.332888015717,28,FALSE
1993,167806,"HAMLET, BUTTER",368,6,15,FALSE
1993,167820,"BASS, PEPPERMINT",25,0,2,TRUE
1993,167852,"BASS, LANTERN",44,0,6,FALSE
1993,167859,TOBACCOFISH,80,0,5,FALSE
1993,167860,"BASS, HARLEQUIN",442,0,12,FALSE
1993,167861,"BASS, CHALK",99,0,4,FALSE
1993,168178,BIGEYE,661,992,2,TRUE
1993,168181,"SNAPPER, GLASSEYE",5,0,3,FALSE
1993,168204,FLAMEFISH,981,0,18,FALSE
1993,168543,"TILEFISH, BLUELINE",92561.69532002753,77608.03712749484,67,FALSE
1993,168544,"TILEFISH, GOLDFACE",29648,33198,2,TRUE
1993,168546,"TILEFISH, GOLDEN",288261.72,303263.98,73,FALSE
1993,168548,"TILEFISH, SAND",261.56,128.76,2,TRUE
1993,168566,COBIA,235172.20435735208,346196.0603582308,220,FALSE
1993,168602,"POMPANO, AFRICAN",10197,6088.25,15,FALSE
1993,168609,"JACK, CREVALLE",1717550.9218708854,540636.5646666802,136,FALSE
1993,168610,"JACK, HORSE-EYE",4510,1792.2,5,FALSE
1993,168612,"RUNNER, BLUE",1491913.3693799276,557731.9237769018,75,FALSE
1993,168615,"JACK, BAR",65,13,2,TRUE
1993,168689,"AMBERJACK, GREATER",1035205.0378840951,852298.9025604603,175,FALSE
1993,168690,"AMBERJACK, LESSER",27958.68,21211.860000000004,25,FALSE
1993,168691,"JACK, ALMACO",24154.8,20726.73,19,FALSE
1993,168693,"RUDDERFISH, BANDED",6476.08,4941.81,2,TRUE
1993,168738,"RUNNER, RAINBOW",682,506,3,FALSE
1993,168791,DOLPHIN,272305.2,334305.19,115,FALSE
1993,168847,"SNAPPER, CUBERA",844.41,1223,9,FALSE
1993,168848,"SNAPPER, GRAY",375896.366581729,553195.9249848004,231,FALSE
1993,168849,"SNAPPER, MUTTON",238099.12301810662,370631.1598066073,120,FALSE
1993,168850,SCHOOLMASTER,29.97,33.03,2,TRUE
1993,168852,"SNAPPER, BLACKFIN",1398.4299999999998,2584.2500000000005,8,FALSE
1993,168853,"SNAPPER, RED",3419293.258912707,6618004.489912552,212,FALSE
1993,168857,"SNAPPER, DOG",161.88860294117646,180.3220588235294,8,FALSE
1993,168858,"SNAPPER, MAHOGANY",191,260,1,TRUE
1993,168860,"SNAPPER, LANE",107812.63002023962,125392.64763924871,140,FALSE
1993,168861,"SNAPPER, SILK",144203.14819178722,266109.091729218,66,FALSE
1993,168899,"SNAPPER, BLACK",2237.7599999999998,2562.52,3,FALSE
1993,168902,"SNAPPER, QUEEN",65285.76,122443.74,17,FALSE
1993,168907,"SNAPPER, YELLOWTAIL",1041339.7476647213,1897272.984454281,110,FALSE
1993,168909,"SNAPPER, VERMILION",2722731.9245437444,4177447.458126016,164,FALSE
1993,168913,WENCHMAN,3921.19,376.5,4,FALSE
1993,169007,TRIPLETAIL,744,481.89,22,FALSE
1993,169060,MARGATE,142,46,1,TRUE
1993,169065,"GRUNT, FRENCH",14,0,1,TRUE
1993,169067,COTTONWICK,2,0,1,TRUE
1993,169086,PORKFISH,2582,98,15,FALSE
1993,169200,"PORGY, WHITEBONE",4,3,1,TRUE
1993,169207,"PORGY, RED",5181,4891,4,FALSE
1993,169290,"DRUM, RED",85588,107244,15,FALSE
1993,169314,JACKKNIFE-FISH,429,456,15,FALSE
1993,169317,"DRUM, SPOTTED",9,0,3,FALSE
1993,169421,"GOATFISH, SPOTTED",11,0,2,TRUE
1993,169539,"SPADEFISH, ATLANTIC",30697,5445.81,36,FALSE
1993,169556,"BUTTERFLYFISH, SPOTFIN",155,6,15,FALSE
1993,169558,"BUTTERFLYFISH, FOUREYE",1710,16,22,FALSE
1993,169563,"BUTTERFLYFISH, BANDED",51,0,13,FALSE
1993,169593,"BUTTERFLYFISH, LONGSNOUT",91,0,3,FALSE
1993,169611,CHERUBFISH,983,150,7,FALSE
1993,169623,"ANGELFISH, QUEEN",1551,1384,23,FALSE
1993,169625,"BEAUTY, ROCK",4001,2387,18,FALSE
1993,169632,"ANGELFISH, GRAY",1494,555,19,FALSE
1993,169633,"ANGELFISH, FRENCH",596,442,20,FALSE
1993,170046,"MAJOR, SERGEANT",170,0,8,FALSE
1993,170080,"CHROMIS, BLUE",713,0,11,FALSE
1993,170082,SUNSHINEFISH,5,0,3,FALSE
1993,170116,"DAMSELFISH, YELLOWTAIL",342,0,11,FALSE
1993,170224,"HAWKFISH, REDSPOTTED",11,0,4,FALSE
1993,170484,"HOGFISH, SPANISH",459,0,12,FALSE
1993,170496,"WRASSE, CREOLE",99,0,6,FALSE
1993,170506,"WRASSE, YELLOWHEAD",338,3,8,FALSE
1993,170507,"WRASSE, CLOWN",4,0,2,TRUE
1993,170510,PUDDINGWIFE,213,0,7,FALSE
1993,170566,HOGFISH,87637.29578707826,122714.20588015806,83,FALSE
1993,170568,BLUEHEAD,1822,0,15,FALSE
1993,170811,"PARROTFISH, BLUE",16,0,3,FALSE
1993,170815,"PARROTFISH, PRINCESS",1,0,1,TRUE
1993,170816,"PARROTFISH, QUEEN",39,60,2,TRUE
1993,170863,"PARROTFISH, REDBAND",4,0,2,TRUE
1993,170867,"PARROTFISH, STOPLIGHT",27,0,6,FALSE
1993,170928,"JAWFISH, YELLOWHEAD",2086,0,12,FALSE
1993,170932,"JAWFISH, DUSKY",387,0,9,FALSE
1993,171203,"BLENNY, REDLIP",70,120,9,FALSE
1993,172252,"SURGEON, OCEAN",207,415,12,FALSE
1993,172253,DOCTORFISH,53,8,6,FALSE
1993,172254,"TANG, BLUE",616,59,18,FALSE
1993,172401,"TUNA, SKIPJACK",496.25,680.8000000000001,6,FALSE
1993,172402,"TUNA, LITTLE TUNNY",1183088,790008.75,53,FALSE
1993,172419,"TUNA, ALBACORE",15786,6378,8,FALSE
1993,172421,"TUNA, BLUEFIN",99775,838235.55,19,FALSE
1993,172423,"TUNA, YELLOWFIN",6330679.112718229,14796642.17810591,80,FALSE
1993,172427,"TUNA, BLACKFIN",304450.3509542943,237217.4361627323,114,FALSE
1993,172428,"TUNA, BIGEYE",82508.08835901985,229946.72196696524,30,FALSE
1993,172435,"MACKEREL, KING",2093013.84,2321628.69,115,FALSE
1993,172436,"MACKEREL, SPANISH",2581493.2467277073,1053496.7476966018,212,FALSE
1993,172437,CERO,12514,7571.8,23,FALSE
1993,172451,WAHOO,260986.90649044816,237226.1028511354,107,FALSE
1993,172482,SWORDFISH,1172063.3965130453,2948334.9516785997,54,FALSE
1993,173134,"FILEFISH, SCRAWLED",9,0,2,TRUE
1993,173138,"TRIGGERFISH, GRAY",27860,20424,15,FALSE
1993,173139,"TRIGGERFISH, QUEEN",129,113,5,FALSE
1993,173157,"FILEFISH, WHITESPOTTED",69,5,12,FALSE
1993,173174,"DURGON, BLACK",4,0,2,TRUE
1993,173238,"TRUNKFISH, SPOTTED",1086,0,1,TRUE
1993,173245,"COWFISH, SCRAWLED",9508,187.5,4,FALSE
1993,173246,"COWFISH, HONEYCOMBED",2655,0,8,FALSE
1993,173320,"PUFFER, SHARPNOSE",487,1,16,FALSE
1993,181220,GRAYSBY,153.14000000000001,270.92,3,FALSE
1993,614740,"PARROTFISH, STRIPED",350,16,9,FALSE
1993,615345,BEAUGREGORY,481,0,14,FALSE
1993,615416,"DAMSELFISH, BICOLOR",314,0,10,FALSE
1993,615421,"DAMSELFISH, DUSKY",45,0,7,FALSE
1993,615485,"DAMSELFISH, THREESPOT",327,0,10,FALSE
1993,636786,"GOBY,NEON",1036,0,12,FALSE
1993,646513,HIGH-HAT,2229,48,21,FALSE
1993,650251,"BARRACUDA, GREAT",7223,2950.17,12,FALSE
1994,159911,"SHARK, PORBEAGLE",374,269,1,TRUE
1994,159916,"SHARK, THRESHER",3394.17,1438.76,7,FALSE
1994,159924,"SHARK, MAKO, SHORTFIN",37757.804085213036,32927.97434419382,42,FALSE
1994,159977,"SHARK, NURSE",87,130,8,FALSE
1994,160189,"SHARK, TIGER",878.4799999999999,263.15,6,FALSE
1994,160268,"SHARK, DUSKY",1473.4,0,1,TRUE
1994,160275,"SHARK, BULL",1517.88,824.6400000000001,6,FALSE
1994,160289,"SHARK, SANDBAR",1080363.663773376,417675.41373132676,22,FALSE
1994,160304,"SHARK, BLACKNOSE",881.2599999999999,290.49999999999994,1,TRUE
1994,160310,"SHARK, SILKY",23.63,9.52,1,TRUE
1994,160318,"SHARK, BLACKTIP",335117.076,116014.087,61,FALSE
1994,160409,"SHARK, FINETOOTH",284.95,88.15,1,TRUE
1994,160433,"SHARK, LEMON",310.41,131.4,3,FALSE
1994,160502,"SHARK, BONNETHEAD",7679.75,3297.6,3,FALSE
1994,160515,"SHARK, HAMMERHEAD, GREAT",112,78,1,TRUE
1994,161186,"MORAY, GREEN",17,90,4,FALSE
1994,161237,"MORAY, GOLDENTAIL",27,60,5,FALSE
1994,166211,"SOLDIERFISH, BLACKBAR",4,0,1,TRUE
1994,166487,SEAHORSES,9935,724,4,FALSE
1994,166704,SCORPIONFISHES,6446,2724.37,12,FALSE
1994,167687,"BASS, BLACK SEA",81679.6,57274.48,25,FALSE
1994,167690,"BASS, BANK SEA",23.18,18.28,2,TRUE
1994,167691,"BASS, ROCK SEA",7082.36,4618.05,11,FALSE
1994,167696,"HIND, ROCK",2164.1475625,3831.25078125,17,FALSE
1994,167698,"HIND, SPECKLED",54470.53296758104,93076.7141521197,27,FALSE
1994,167699,"GROUPER, YELLOWEDGE",1199693.4493552377,2287302.826150857,87,FALSE
1994,167700,"HIND, RED",6414.979388448472,9921.738607021518,27,FALSE
1994,167702,"GROUPER, RED",5740726.118411568,9830526.317930177,212,FALSE
1994,167703,"GROUPER, MISTY",15,29,1,TRUE
1994,167704,"GROUPER, WARSAW",109942.56039512677,151319.2136812644,79,FALSE
1994,167705,"GROUPER, SNOWY",105302.13712178987,177480.94320760784,54,FALSE
1994,167706,"GROUPER, NASSAU",5696.08,9560.15,13,FALSE
1994,167740,"GROUPER, CONEY",91,17,5,FALSE
1994,167744,"GROUPER, MARBLED",24839,42904,11,FALSE
1994,167759,"GROUPER, GAG",1518508.8564572292,3307519.6157910675,148,FALSE
1994,167760,"GROUPER, BLACK",408088.94158779905,776951.5359948633,139,FALSE
1994,167762,"GROUPER, YELLOWMOUTH",29.5,52.5,1,TRUE
1994,167763,SCAMP,250601.12592945702,529671.896810862,129,FALSE
1994,167764,"GROUPER, YELLOWFIN",35164.35931330472,62987.739055793994,30,FALSE
1994,167767,"GROUPER, TIGER",105.02,152.8,2,TRUE
1994,167806,"HAMLET, BUTTER",591,99.5,15,FALSE
1994,167820,"BASS, PEPPERMINT",5,0,3,FALSE
1994,167852,"BASS, LANTERN",35,0,2,TRUE
1994,167859,TOBACCOFISH,166,53.25,6,FALSE
1994,167860,"BASS, HARLEQUIN",329,58.25,12,FALSE
1994,167861,"BASS, CHALK",82,107.5,4,FALSE
1994,168178,BIGEYE,1690,2361,4,FALSE
1994,168181,"SNAPPER, GLASSEYE",2,0,2,TRUE
1994,168204,FLAMEFISH,716,44.5,16,FALSE
1994,168541,"TILEFISH, BLACKLINE",29,20,1,TRUE
1994,168543,"TILEFISH, BLUELINE",142637.834402747,130473.93148844459,60,FALSE
1994,168544,"TILEFISH, GOLDFACE",2683.56,3408,6,FALSE
1994,168546,"TILEFISH, GOLDEN",388800.94117830455,500291.86461877037,63,FALSE
1994,168548,"TILEFISH, SAND",119,70,1,TRUE
1994,168566,COBIA,229979.8172067927,351459.5312497694,216,FALSE
1994,168602,"POMPANO, AFRICAN",4231,2775.15,23,FALSE
1994,168607,"JACK, YELLOW",6973,2018.8200000000002,3,FALSE
1994,168609,"JACK, CREVALLE",1697898.178895727,555152.7191406899,130,FALSE
1994,168610,"JACK, HORSE-EYE",1198,1169.75,7,FALSE
1994,168612,"RUNNER, BLUE",1081680.3784468179,408084.5250095124,95,FALSE
1994,168613,"JACK, BLACK",278,262,2,TRUE
1994,168615,"JACK, BAR",1964,1837.81,9,FALSE
1994,168689,"AMBERJACK, GREATER",850590.4273464544,811865.3256092902,166,FALSE
1994,168690,"AMBERJACK, LESSER",32469.850386349,25386.89428203477,44,FALSE
1994,168691,"JACK, ALMACO",45648.48278779473,43570.39708737864,31,FALSE
1994,168693,"RUDDERFISH, BANDED",10092.72,6818.67,9,FALSE
1994,168738,"RUNNER, RAINBOW",479,360,2,TRUE
1994,168791,DOLPHIN,297138,436950.66000000003,110,FALSE
1994,168847,"SNAPPER, CUBERA",351.08,397.51,5,FALSE
1994,168848,"SNAPPER, GRAY",368274.5043137179,568929.7225575467,252,FALSE
1994,168849,"SNAPPER, MUTTON",161309.57109328883,267375.8073440196,107,FALSE
1994,168850,SCHOOLMASTER,29.970000000000002,57.75,2,TRUE
1994,168852,"SNAPPER, BLACKFIN",358.33,666.66,7,FALSE
1994,168853,"SNAPPER, RED",3249831.650847222,6579684.969921296,184,FALSE
1994,168857,"SNAPPER, DOG",21.090000000000003,39.93,3,FALSE
1994,168858,"SNAPPER, MAHOGANY",167.36,291.6,2,TRUE
1994,168860,"SNAPPER, LANE",87228.415,109659.12499999999,143,FALSE
1994,168861,"SNAPPER, SILK",36840.50361702128,72096.14319148936,53,FALSE
1994,168899,"SNAPPER, BLACK",851.07,936.9,4,FALSE
1994,168902,"SNAPPER, QUEEN",40855.33,67042.05,30,FALSE
1994,168907,"SNAPPER, YELLOWTAIL",1144569.1080077568,2147930.992297078,126,FALSE
1994,168909,"SNAPPER, VERMILION",2642485.746438891,4162937.1583170635,165,FALSE
1994,168913,WENCHMAN,3767.14,332.21,3,FALSE
1994,169007,TRIPLETAIL,7002,4268.62,35,FALSE
1994,169060,MARGATE,14,6,1,TRUE
1994,169065,"GRUNT, FRENCH",4,0,1,TRUE
1994,169086,PORKFISH,2900,255,16,FALSE
1994,169197,"PORGY, JOLTHEAD",37,19,1,TRUE
1994,169200,"PORGY, WHITEBONE",96,48,1,TRUE
1994,169201,"PORGY, KNOBBED",272.63,126.5,2,TRUE
1994,169207,"PORGY, RED",9868.87,9644.9,8,FALSE
1994,169290,"DRUM, RED",43203,57059,15,FALSE
1994,169314,JACKKNIFE-FISH,985,336,16,FALSE
1994,169317,"DRUM, SPOTTED",15,0,3,FALSE
1994,169421,"GOATFISH, SPOTTED",2,4,1,TRUE
1994,169539,"SPADEFISH, ATLANTIC",30882,5906.6,48,FALSE
1994,169556,"BUTTERFLYFISH, SPOTFIN",163,26.5,12,FALSE
1994,169558,"BUTTERFLYFISH, FOUREYE",984,370.5,19,FALSE
1994,169563,"BUTTERFLYFISH, BANDED",162,184,11,FALSE
1994,169593,"BUTTERFLYFISH, LONGSNOUT",66,8,4,FALSE
1994,169611,CHERUBFISH,1050,0,4,FALSE
1994,169623,"ANGELFISH, QUEEN",1029,972,21,FALSE
1994,169625,"BEAUTY, ROCK",3135,1010,18,FALSE
1994,169632,"ANGELFISH, GRAY",2532,1249.5,19,FALSE
1994,169633,"ANGELFISH, FRENCH",349,621,15,FALSE
1994,170046,"MAJOR, SERGEANT",128,2,5,FALSE
1994,170080,"CHROMIS, BLUE",542,92,14,FALSE
1994,170082,SUNSHINEFISH,2090,8.5,5,FALSE
1994,170116,"DAMSELFISH, YELLOWTAIL",422,171,9,FALSE
1994,170224,"HAWKFISH, REDSPOTTED",7,4.04,3,FALSE
1994,170484,"HOGFISH, SPANISH",532,366.97,11,FALSE
1994,170496,"WRASSE, CREOLE",543,264,7,FALSE
1994,170506,"WRASSE, YELLOWHEAD",259,185,7,FALSE
1994,170507,"WRASSE, CLOWN",2,2.5,1,TRUE
1994,170510,PUDDINGWIFE,385,34,8,FALSE
1994,170566,HOGFISH,55823.27362783667,85640.09031889257,92,FALSE
1994,170568,BLUEHEAD,1151,278.5,12,FALSE
1994,170811,"PARROTFISH, BLUE",5,0,2,TRUE
1994,170812,"PARROTFISH, MIDNIGHT",1,0,1,TRUE
1994,170814,"PARROTFISH, RAINBOW",1,0,1,TRUE
1994,170815,"PARROTFISH, PRINCESS",50,184,6,FALSE
1994,170863,"PARROTFISH, REDBAND",2,13,1,TRUE
1994,170867,"PARROTFISH, STOPLIGHT",1,8,1,TRUE
1994,170928,"JAWFISH, YELLOWHEAD",1990,179,10,FALSE
1994,170932,"JAWFISH, DUSKY",76,10,6,FALSE
1994,171203,"BLENNY, REDLIP",44,0,3,FALSE
1994,172252,"SURGEON, OCEAN",193,24,10,FALSE
1994,172253,DOCTORFISH,46,49,6,FALSE
1994,172254,"TANG, BLUE",614,186.2,13,FALSE
1994,172401,"TUNA, SKIPJACK",879.6192724964411,509.9806940330089,13,FALSE
1994,172402,"TUNA, LITTLE TUNNY",1396549,417953.18,60,FALSE
1994,172419,"TUNA, ALBACORE",17057,9695,9,FALSE
1994,172421,"TUNA, BLUEFIN",74788.76056338029,449345.0781690141,27,FALSE
1994,172423,"TUNA, YELLOWFIN",4627390.44252317,11240550.742924994,72,FALSE
1994,172427,"TUNA, BLACKFIN",199933.4262440983,91054.02694771523,105,FALSE
1994,172428,"TUNA, BIGEYE",33701.495552094544,101988.83798578965,30,FALSE
1994,172435,"MACKEREL, KING",978127.04,1258203.5,125,FALSE
1994,172436,"MACKEREL, SPANISH",2711807.1222271975,1139174.5900022434,220,FALSE
1994,172437,CERO,12030,7092.71,21,FALSE
1994,172451,WAHOO,163952.91045969006,167675.98679970496,92,FALSE
1994,172482,SWORDFISH,722889.0080174488,1684947.293857058,54,FALSE
1994,173134,"FILEFISH, SCRAWLED",1,2,1,TRUE
1994,173138,"TRIGGERFISH, GRAY",53761,35543,21,FALSE
1994,173139,"TRIGGERFISH, QUEEN",4,0,4,FALSE
1994,173157,"FILEFISH, WHITESPOTTED",72,82,6,FALSE
1994,173174,"DURGON, BLACK",4,0,2,TRUE
1994,173238,"TRUNKFISH, SPOTTED",822,0,1,TRUE
1994,173245,"COWFISH, SCRAWLED",5770,6,4,FALSE
1994,173246,"COWFISH, HONEYCOMBED",1923,0,7,FALSE
1994,173320,"PUFFER, SHARPNOSE",274,88,14,FALSE
1994,181220,GRAYSBY,150.86,341.71,3,FALSE
1994,614740,"PARROTFISH, STRIPED",788,6,10,FALSE
1994,615345,BEAUGREGORY,154,70.05,11,FALSE
1994,615416,"DAMSELFISH, BICOLOR",126,94.15,8,FALSE
1994,615421,"DAMSELFISH, DUSKY",22,6.5,5,FALSE
1994,615485,"DAMSELFISH, THREESPOT",154,25.05,7,FALSE
1994,636786,"GOBY,NEON",2092,73.8,13,FALSE
1994,646513,HIGH-HAT,1702,212.5,20,FALSE
1994,650251,"BARRACUDA, GREAT",2142,878.1,12,FALSE
1995,159911,"SHARK, PORBEAGLE",475,171,1,TRUE
1995,159916,"SHARK, THRESHER",6720.806457990116,2831.870164744646,10,FALSE
1995,159924,"SHARK, MAKO, SHORTFIN",88345.79955884918,81537.0622510898,42,FALSE
1995,159977,"SHARK, NURSE",69,803,7,FALSE
1995,160189,"SHARK, TIGER",334.99,120.6,2,TRUE
1995,160200,"SHARK, ATLANTIC SHARPNOSE",337.77000000000004,73.65,1,TRUE
1995,160268,"SHARK, DUSKY",30499.38,10564.98,8,FALSE
1995,160275,"SHARK, BULL",6302.31,2214.41,6,FALSE
1995,160289,"SHARK, SANDBAR",1320093.3099701577,434092.24779027543,26,FALSE
1995,160304,"SHARK, BLACKNOSE",31408.35968888889,10209.886666666665,4,FALSE
1995,160310,"SHARK, SILKY",674.15,242.5,2,TRUE
1995,160318,"SHARK, BLACKTIP",345586.54736591096,98027.1243845088,62,FALSE
1995,160424,"SHARK, BLUE",194,58,1,TRUE
1995,160433,"SHARK, LEMON",8249.080777711915,1930.3775459395376,11,FALSE
1995,160502,"SHARK, BONNETHEAD",46352.48976013075,11123.24970965726,6,FALSE
1995,160515,"SHARK, HAMMERHEAD, GREAT",65,39,1,TRUE
1995,161186,"MORAY, GREEN",5,0,2,TRUE
1995,161237,"MORAY, GOLDENTAIL",17,10,3,FALSE
1995,166487,SEAHORSES,79,262.5,2,TRUE
1995,166704,SCORPIONFISHES,4260,3371.36,18,FALSE
1995,167687,"BASS, BLACK SEA",57768.99519578798,40616.499938046385,24,FALSE
1995,167690,"BASS, BANK SEA",137.04,68.25,4,FALSE
1995,167691,"BASS, ROCK SEA",2659.7200000000003,1958.43,5,FALSE
1995,167696,"HIND, ROCK",3269.3899481865283,5723.690777202072,23,FALSE
1995,167698,"HIND, SPECKLED",38032.533611526436,61180.80741606633,34,FALSE
1995,167699,"GROUPER, YELLOWEDGE",916668.1894236187,1819766.3083634104,79,FALSE
1995,167700,"HIND, RED",3989.765056750128,6652.927099702898,26,FALSE
1995,167702,"GROUPER, RED",5477147.614925805,8887358.62244415,206,FALSE
1995,167703,"GROUPER, MISTY",3,7,1,TRUE
1995,167704,"GROUPER, WARSAW",84639.97753206041,121874.00489598177,71,FALSE
1995,167705,"GROUPER, SNOWY",104199.32014942798,178075.54738722235,52,FALSE
1995,167706,"GROUPER, NASSAU",269.04,538.3,2,TRUE
1995,167740,"GROUPER, CONEY",5,7,2,TRUE
1995,167744,"GROUPER, MARBLED",14011.54,26337.5,14,FALSE
1995,167759,"GROUPER, GAG",1585989.6256363809,3365276.7844702876,169,FALSE
1995,167760,"GROUPER, BLACK",318669.70040609164,643289.1151103606,125,FALSE
1995,167763,SCAMP,271150.45469460904,585632.6238783438,125,FALSE
1995,167764,"GROUPER, YELLOWFIN",15164.564109445224,27383.148289145363,26,FALSE
1995,167806,"HAMLET, BUTTER",438,531,14,FALSE
1995,167820,"BASS, PEPPERMINT",16,148,4,FALSE
1995,167852,"BASS, LANTERN",20,1,3,FALSE
1995,167859,TOBACCOFISH,74,66.75,6,FALSE
1995,167860,"BASS, HARLEQUIN",234,99.5,9,FALSE
1995,167861,"BASS, CHALK",25,0,1,TRUE
1995,168178,BIGEYE,1803,2563,2,TRUE
1995,168181,"SNAPPER, GLASSEYE",1,0,1,TRUE
1995,168204,FLAMEFISH,1174,566.55,11,FALSE
1995,168543,"TILEFISH, BLUELINE",79232.60978638186,82454.21666058588,46,FALSE
1995,168544,"TILEFISH, GOLDFACE",1094.24,1021.45,4,FALSE
1995,168546,"TILEFISH, GOLDEN",467680.71664195246,618511.2959633479,58,FALSE
1995,168548,"TILEFISH, SAND",772.84,953,2,TRUE
1995,168566,COBIA,207099.11106023367,329896.85960998764,214,FALSE
1995,168602,"POMPANO, AFRICAN",917.9945406500905,1141.4294451309122,11,FALSE
1995,168607,"JACK, YELLOW",514,324.39,1,TRUE
1995,168609,"JACK, CREVALLE",383484.3142016905,161937.11421497117,135,FALSE
1995,168610,"JACK, HORSE-EYE",1528,423.2,3,FALSE
1995,168612,"RUNNER, BLUE",1119394.4790157273,458418.6120488299,83,FALSE
1995,168613,"JACK, BLACK",2282,1793,2,TRUE
1995,168615,"JACK, BAR",2102,1311.21,8,FALSE
1995,168689,"AMBERJACK, GREATER",718365.8704094233,751895.8266335177,148,FALSE
1995,168690,"AMBERJACK, LESSER",61189.403732795225,62471.353254100024,42,FALSE
1995,168691,"JACK, ALMACO",45907.83257731959,43362.52824742268,33,FALSE
1995,168693,"RUDDERFISH, BANDED",19733.68,10336,16,FALSE
1995,168738,"RUNNER, RAINBOW",987,643,1,TRUE
1995,168791,DOLPHIN,217395.6,294414.3,104,FALSE
1995,168847,"SNAPPER, CUBERA",406.06696629213485,498.78277153558054,3,FALSE
1995,168848,"SNAPPER, GRAY",222190.85716260373,371970.0708011586,232,FALSE
1995,168849,"SNAPPER, MUTTON",108033.97155706193,185150.316086025,116,FALSE
1995,168850,SCHOOLMASTER,2.22,2,1,TRUE
1995,168852,"SNAPPER, BLACKFIN",907.6750704225352,1630.2507042253517,9,FALSE
1995,168853,"SNAPPER, RED",2947736.9986158814,5772594.344933767,163,FALSE
1995,168857,"SNAPPER, DOG",492.76,591.29,7,FALSE
1995,168858,"SNAPPER, MAHOGANY",55,111,1,TRUE
1995,168860,"SNAPPER, LANE",72178.48004736309,78341.39487978989,114,FALSE
1995,168861,"SNAPPER, SILK",87651.42690810651,172403.5296952072,45,FALSE
1995,168899,"SNAPPER, BLACK",210.02,133.85,3,FALSE
1995,168902,"SNAPPER, QUEEN",41697.46539413845,78055.19207849083,26,FALSE
1995,168907,"SNAPPER, YELLOWTAIL",576873.7842329568,1057691.806471612,108,FALSE
1995,168909,"SNAPPER, VERMILION",2183441.8824247885,3730659.5591703663,150,FALSE
1995,168913,WENCHMAN,19227.98,4029.47,4,FALSE
1995,169007,TRIPLETAIL,2821,2213.7000000000003,38,FALSE
1995,169060,MARGATE,258,110,1,TRUE
1995,169065,"GRUNT, FRENCH",112,12,2,TRUE
1995,169067,COTTONWICK,18,5,2,TRUE
1995,169086,PORKFISH,1965,1139,9,FALSE
1995,169197,"PORGY, JOLTHEAD",3.33,1.5,1,TRUE
1995,169200,"PORGY, WHITEBONE",188,94,1,TRUE
1995,169201,"PORGY, KNOBBED",837.62,319.7,3,FALSE
1995,169207,"PORGY, RED",4257.65,4549.4,9,FALSE
1995,169290,"DRUM, RED",25537,31196,11,FALSE
1995,169314,JACKKNIFE-FISH,267,674.75,7,FALSE
1995,169317,"DRUM, SPOTTED",11,0,1,TRUE
1995,169421,"GOATFISH, SPOTTED",3,6,1,TRUE
1995,169539,"SPADEFISH, ATLANTIC",19935,5704.49,55,FALSE
1995,169556,"BUTTERFLYFISH, SPOTFIN",111,63,5,FALSE
1995,169558,"BUTTERFLYFISH, FOUREYE",1032,1350.25,14,FALSE
1995,169563,"BUTTERFLYFISH, BANDED",150,277,8,FALSE
1995,169593,"BUTTERFLYFISH, LONGSNOUT",58,20,3,FALSE
1995,169611,CHERUBFISH,1450,4362,2,TRUE
1995,169623,"ANGELFISH, QUEEN",1740,10532.5,16,FALSE
1995,169625,"BEAUTY, ROCK",2482,5787.5,16,FALSE
1995,169632,"ANGELFISH, GRAY",2230,8780,18,FALSE
1995,169633,"ANGELFISH, FRENCH",396,4029,11,FALSE
1995,170046,"MAJOR, SERGEANT",54,68.6,4,FALSE
1995,170080,"CHROMIS, BLUE",1455,1035.25,8,FALSE
1995,170082,SUNSHINEFISH,1382,2060,3,FALSE
1995,170116,"DAMSELFISH, YELLOWTAIL",413,136.3,5,FALSE
1995,170484,"HOGFISH, SPANISH",215,165.45,8,FALSE
1995,170496,"WRASSE, CREOLE",351,227,4,FALSE
1995,170506,"WRASSE, YELLOWHEAD",123,41,6,FALSE
1995,170510,PUDDINGWIFE,131,10,3,FALSE
1995,170566,HOGFISH,27613.16057823707,48165.24940113301,80,FALSE
1995,170568,BLUEHEAD,427,376.75,10,FALSE
1995,170811,"PARROTFISH, BLUE",43,0,1,TRUE
1995,170812,"PARROTFISH, MIDNIGHT",2,16,1,TRUE
1995,170815,"PARROTFISH, PRINCESS",6,23.5,3,FALSE
1995,170928,"JAWFISH, YELLOWHEAD",914,196.75,8,FALSE
1995,170932,"JAWFISH, DUSKY",38,22.5,5,FALSE
1995,171203,"BLENNY, REDLIP",38,36,4,FALSE
1995,172252,"SURGEON, OCEAN",81,101.25,7,FALSE
1995,172253,DOCTORFISH,5,15,2,TRUE
1995,172254,"TANG, BLUE",610,742.5,11,FALSE
1995,172401,"TUNA, SKIPJACK",1149,984.45,11,FALSE
1995,172402,"TUNA, LITTLE TUNNY",63251.99917115623,15550.615727310402,47,FALSE
1995,172419,"TUNA, ALBACORE",17499,7129.76,12,FALSE
1995,172421,"TUNA, BLUEFIN",59627,453090.52,17,FALSE
1995,172423,"TUNA, YELLOWFIN",3480546.7304936503,8723534.090015445,61,FALSE
1995,172427,"TUNA, BLACKFIN",101544.8620844927,41536.19248244217,99,FALSE
1995,172428,"TUNA, BIGEYE",69773.43226504193,235708.0626676838,26,FALSE
1995,172435,"MACKEREL, KING",1074295.16,1371320.16,105,FALSE
1995,172436,"MACKEREL, SPANISH",1505450.9115530986,627360.7877279612,172,FALSE
1995,172437,CERO,21651,12191.87,16,FALSE
1995,172451,WAHOO,157188.73399122333,170257.49434182953,92,FALSE
1995,172482,SWORDFISH,1382312.7019010098,3678297.280044352,44,FALSE
1995,173134,"FILEFISH, SCRAWLED",1,4,1,TRUE
1995,173138,"TRIGGERFISH, GRAY",50049,25895,11,FALSE
1995,173139,"TRIGGERFISH, QUEEN",10,8,2,TRUE
1995,173157,"FILEFISH, WHITESPOTTED",47,72.75,8,FALSE
1995,173174,"DURGON, BLACK",1,0,1,TRUE
1995,173245,"COWFISH, SCRAWLED",40,320,1,TRUE
1995,173246,"COWFISH, HONEYCOMBED",1823,1196,3,FALSE
1995,173320,"PUFFER, SHARPNOSE",209,43.75,11,FALSE
1995,181220,GRAYSBY,7.18,7.5,3,FALSE
1995,614740,"PARROTFISH, STRIPED",227,40,5,FALSE
1995,615345,BEAUGREGORY,311,85,11,FALSE
1995,615416,"DAMSELFISH, BICOLOR",36,25.5,5,FALSE
1995,615421,"DAMSELFISH, DUSKY",3,3,1,TRUE
1995,615485,"DAMSELFISH, THREESPOT",239,5,4,FALSE
1995,636786,"GOBY,NEON",974,188.5,5,FALSE
1995,646513,HIGH-HAT,1178,1146,14,FALSE
1995,650251,"BARRACUDA, GREAT",1936,1490.92,12,FALSE
1996,159916,"SHARK, THRESHER",6438.740000000001,2887.81,10,FALSE
1996,159924,"SHARK, MAKO, SHORTFIN",85895.03031502054,70938.78839750419,42,FALSE
1996,159977,"SHARK, NURSE",71,485,8,FALSE
1996,160189,"SHARK, TIGER",2098.9,697.54,5,FALSE
1996,160268,"SHARK, DUSKY",26643.52,9621.99,8,FALSE
1996,160275,"SHARK, BULL",15441.51,6210.8,13,FALSE
1996,160289,"SHARK, SANDBAR",729859.4977363362,276578.8672232903,25,FALSE
1996,160304,"SHARK, BLACKNOSE",11670.44,4159.75,6,FALSE
1996,160310,"SHARK, SILKY",8117.6,3124.79,4,FALSE
1996,160318,"SHARK, BLACKTIP",333749.6957107595,92543.0369321638,44,FALSE
1996,160401,"SHARK, SPINNER",4076.87,1812.54,2,TRUE
1996,160409,"SHARK, FINETOOTH",1502.5900000000001,643.7,1,TRUE
1996,160433,"SHARK, LEMON",3534.14,1474.49,10,FALSE
1996,160502,"SHARK, BONNETHEAD",10297.12,3290.2200000000003,3,FALSE
1996,160515,"SHARK, HAMMERHEAD, GREAT",1430,414,1,TRUE
1996,161186,"MORAY, GREEN",29,315.59000000000003,2,TRUE
1996,161237,"MORAY, GOLDENTAIL",4,46,3,FALSE
1996,166487,SEAHORSES,2,10,2,TRUE
1996,166704,SCORPIONFISHES,5001,5002.46,17,FALSE
1996,167687,"BASS, BLACK SEA",70688.24,50053.13,24,FALSE
1996,167690,"BASS, BANK SEA",44.94,22.5,2,TRUE
1996,167691,"BASS, ROCK SEA",2283.3,2311.18,8,FALSE
1996,167696,"HIND, ROCK",4413.16,8241.94,21,FALSE
1996,167698,"HIND, SPECKLED",29458.826089096507,53467.39411395224,33,FALSE
1996,167699,"GROUPER, YELLOWEDGE",579816.4132217057,1302325.6155302795,71,FALSE
1996,167700,"HIND, RED",11283.467123760242,22335.21959896507,26,FALSE
1996,167702,"GROUPER, RED",5102803.293168806,9349809.942622885,168,FALSE
1996,167703,"GROUPER, MISTY",309.16,546.8,2,TRUE
1996,167704,"GROUPER, WARSAW",58027.502599542335,95131.06221967963,61,FALSE
1996,167705,"GROUPER, SNOWY",75981.01979149137,142691.86115396774,47,FALSE
1996,167706,"GROUPER, NASSAU",798.86,1162.65,3,FALSE
1996,167740,"GROUPER, CONEY",5,20,3,FALSE
1996,167744,"GROUPER, MARBLED",2321,4716,9,FALSE
1996,167759,"GROUPER, GAG",1502076.1446489599,3437412.006724451,144,FALSE
1996,167760,"GROUPER, BLACK",318152.12117244204,701756.5441644597,114,FALSE
1996,167763,SCAMP,270196.28021014325,630245.119042267,110,FALSE
1996,167764,"GROUPER, YELLOWFIN",18009.00593673966,35065.83131386861,14,FALSE
1996,167767,"GROUPER, TIGER",101.48,77.4,1,TRUE
1996,167806,"HAMLET, BUTTER",242,587,10,FALSE
1996,167852,"BASS, LANTERN",7,12,2,TRUE
1996,167859,TOBACCOFISH,3,8.5,1,TRUE
1996,167860,"BASS, HARLEQUIN",179,323.5,7,FALSE
1996,167861,"BASS, CHALK",1,3.75,1,TRUE
1996,168178,BIGEYE,1240,1514,2,TRUE
1996,168204,FLAMEFISH,380,590.7,11,FALSE
1996,168543,"TILEFISH, BLUELINE",50601.08759762694,52652.70258119483,40,FALSE
1996,168544,"TILEFISH, GOLDFACE",943.48,870.4,3,FALSE
1996,168546,"TILEFISH, GOLDEN",200693.52,286202.45,51,FALSE
1996,168548,"TILEFISH, SAND",103.44,79.8,4,FALSE
1996,168566,COBIA,206817.7684506799,350110.1443049901,173,FALSE
1996,168602,"POMPANO, AFRICAN",446.5652173913043,473.79782608695655,10,FALSE
1996,168607,"JACK, YELLOW",1048,932.15,7,FALSE
1996,168609,"JACK, CREVALLE",482356.5729491833,262340.62221361377,98,FALSE
1996,168610,"JACK, HORSE-EYE",58,19,1,TRUE
1996,168612,"RUNNER, BLUE",218655.22666140806,105829.80981182243,60,FALSE
1996,168613,"JACK, BLACK",1376,990,4,FALSE
1996,168615,"JACK, BAR",1378,1059.3,10,FALSE
1996,168689,"AMBERJACK, GREATER",828465.5352464172,903551.9649556149,125,FALSE
1996,168690,"AMBERJACK, LESSER",68698.99514187446,75769.23964746346,35,FALSE
1996,168691,"JACK, ALMACO",31822.79331598126,29646.164731910463,34,FALSE
1996,168693,"RUDDERFISH, BANDED",20126.73,16290.75,13,FALSE
1996,168738,"RUNNER, RAINBOW",905,441,3,FALSE
1996,168791,DOLPHIN,150241.2,234574.92,89,FALSE
1996,168847,"SNAPPER, CUBERA",1328.81,1612,9,FALSE
1996,168848,"SNAPPER, GRAY",236013.01852893754,392734.23770600656,178,FALSE
1996,168849,"SNAPPER, MUTTON",95374.40485397632,162382.62137483805,79,FALSE
1996,168850,SCHOOLMASTER,22.200000000000003,43,3,FALSE
1996,168852,"SNAPPER, BLACKFIN",1000.2667896678968,2026.368634686347,10,FALSE
1996,168853,"SNAPPER, RED",4336709.161312473,7918169.258587389,144,FALSE
1996,168857,"SNAPPER, DOG",348.2372727272727,413.03363636363633,5,FALSE
1996,168858,"SNAPPER, MAHOGANY",11,17,1,TRUE
1996,168860,"SNAPPER, LANE",58613.84803741167,67016.99709338658,98,FALSE
1996,168861,"SNAPPER, SILK",32159.053141800723,68563.5935352941,41,FALSE
1996,168899,"SNAPPER, BLACK",141.64000000000001,109.2,3,FALSE
1996,168902,"SNAPPER, QUEEN",10069.462190942471,19236.844981640148,19,FALSE
1996,168907,"SNAPPER, YELLOWTAIL",481560.5918365043,869180.4746352391,88,FALSE
1996,168909,"SNAPPER, VERMILION",1852641.3108069927,3317943.5577372015,125,FALSE
1996,168913,WENCHMAN,1397.97,1896.5,3,FALSE
1996,169007,TRIPLETAIL,1993,1782.44,30,FALSE
1996,169065,"GRUNT, FRENCH",33,35.25,3,FALSE
1996,169067,COTTONWICK,21,42,1,TRUE
1996,169086,PORKFISH,1848,3141,11,FALSE
1996,169183,"PORGY, LONGSPINE",59.94,21.6,1,TRUE
1996,169197,"PORGY, JOLTHEAD",1335.3300000000002,906.0500000000001,4,FALSE
1996,169201,"PORGY, KNOBBED",8407.74,7360.1,6,FALSE
1996,169207,"PORGY, RED",15567.06,15349.69,17,FALSE
1996,169290,"DRUM, RED",32951,41239,19,FALSE
1996,169314,JACKKNIFE-FISH,432,1546,10,FALSE
1996,169317,"DRUM, SPOTTED",19,116.5,5,FALSE
1996,169539,"SPADEFISH, ATLANTIC",12370,5509.5,30,FALSE
1996,169556,"BUTTERFLYFISH, SPOTFIN",73,228,7,FALSE
1996,169558,"BUTTERFLYFISH, FOUREYE",706,1320.5,11,FALSE
1996,169563,"BUTTERFLYFISH, BANDED",18,41.5,4,FALSE
1996,169593,"BUTTERFLYFISH, LONGSNOUT",40,225,3,FALSE
1996,169611,CHERUBFISH,1616,7712,5,FALSE
1996,169623,"ANGELFISH, QUEEN",1317,20524.25,14,FALSE
1996,169625,"BEAUTY, ROCK",2116,9225,15,FALSE
1996,169632,"ANGELFISH, GRAY",2294,18935,16,FALSE
1996,169633,"ANGELFISH, FRENCH",445,8578,14,FALSE
1996,170046,"MAJOR, SERGEANT",21,19.5,3,FALSE
1996,170080,"CHROMIS, BLUE",400,428.25,7,FALSE
1996,170082,SUNSHINEFISH,1029,1006,4,FALSE
1996,170116,"DAMSELFISH, YELLOWTAIL",213,591.5,3,FALSE
1996,170224,"HAWKFISH, REDSPOTTED",5,15,1,TRUE
1996,170484,"HOGFISH, SPANISH",127,511.75,8,FALSE
1996,170496,"WRASSE, CREOLE",126,124.75,4,FALSE
1996,170506,"WRASSE, YELLOWHEAD",195,199.75,4,FALSE
1996,170510,PUDDINGWIFE,12,31,1,TRUE
1996,170566,HOGFISH,24838.359782683903,43884.32589579148,63,FALSE
1996,170568,BLUEHEAD,373,539.75,9,FALSE
1996,170811,"PARROTFISH, BLUE",4,3,2,TRUE
1996,170812,"PARROTFISH, MIDNIGHT",2,35,1,TRUE
1996,170814,"PARROTFISH, RAINBOW",1,10,1,TRUE
1996,170815,"PARROTFISH, PRINCESS",93,420.5,4,FALSE
1996,170867,"PARROTFISH, STOPLIGHT",17,102.5,5,FALSE
1996,170928,"JAWFISH, YELLOWHEAD",225,598.5,4,FALSE
1996,170932,"JAWFISH, DUSKY",9,14.5,2,TRUE
1996,171203,"BLENNY, REDLIP",134,221.5,4,FALSE
1996,172252,"SURGEON, OCEAN",68,56.25,7,FALSE
1996,172254,"TANG, BLUE",370,1025.25,10,FALSE
1996,172401,"TUNA, SKIPJACK",63.75,56.6,3,FALSE
1996,172402,"TUNA, LITTLE TUNNY",193865.23633848282,27072.75810006917,40,FALSE
1996,172419,"TUNA, ALBACORE",11223.75,6161.4,11,FALSE
1996,172421,"TUNA, BLUEFIN",49655.25,211087.4,16,FALSE
1996,172423,"TUNA, YELLOWFIN",4653696.478996803,11741612.89384039,61,FALSE
1996,172427,"TUNA, BLACKFIN",68071.68992345211,29464.331395616435,84,FALSE
1996,172428,"TUNA, BIGEYE",35297.844193711964,136765.57212981745,33,FALSE
1996,172435,"MACKEREL, KING",982188.28,1133979.21,90,FALSE
1996,172436,"MACKEREL, SPANISH",461760.674854657,238758.45373612564,120,FALSE
1996,172437,CERO,2210,1579.39,17,FALSE
1996,172451,WAHOO,149188.66838606328,164932.16130256306,79,FALSE
1996,172482,SWORDFISH,1464881.8036403789,4189448.2861292423,48,FALSE
1996,173138,"TRIGGERFISH, GRAY",32834,24684,15,FALSE
1996,173139,"TRIGGERFISH, QUEEN",31,135.5,5,FALSE
1996,173157,"FILEFISH, WHITESPOTTED",14,101,3,FALSE
1996,173174,"DURGON, BLACK",1,5,1,TRUE
1996,173246,"COWFISH, HONEYCOMBED",2720,2752.95,7,FALSE
1996,173320,"PUFFER, SHARPNOSE",137,114.25,8,FALSE
1996,181220,GRAYSBY,522.56,915.25,2,TRUE
1996,614740,"PARROTFISH, STRIPED",72,271,4,FALSE
1996,615345,BEAUGREGORY,283,317,7,FALSE
1996,615416,"DAMSELFISH, BICOLOR",72,70.25,4,FALSE
1996,615421,"DAMSELFISH, DUSKY",1,0.75,1,TRUE
1996,615485,"DAMSELFISH, THREESPOT",66,113.5,2,TRUE
1996,636786,"GOBY,NEON",370,619.35,4,FALSE
1996,646513,HIGH-HAT,1143,2031.5,14,FALSE
1996,650251,"BARRACUDA, GREAT",1908,1492.5,10,FALSE
1997,159916,"SHARK, THRESHER",8750.05,4685.35,5,FALSE
1997,159924,"SHARK, MAKO, SHORTFIN",41807.79,38352.35,46,FALSE
1997,159977,"SHARK, NURSE",42,566,9,FALSE
1997,160189,"SHARK, TIGER",681.1,278.4,5,FALSE
1997,160200,"SHARK, ATLANTIC SHARPNOSE",371.13000000000005,150.6,2,TRUE
1997,160268,"SHARK, DUSKY",12169.45,5470.15,7,FALSE
1997,160275,"SHARK, BULL",4988.71,2111.65,5,FALSE
1997,160289,"SHARK, SANDBAR",482422.35000000003,215624.1,17,FALSE
1997,160304,"SHARK, BLACKNOSE",16468.72,7183.31,5,FALSE
1997,160310,"SHARK, SILKY",922.96,398.40000000000003,1,TRUE
1997,160318,"SHARK, BLACKTIP",178651.44,66257.69,40,FALSE
1997,160409,"SHARK, FINETOOTH",1292.7,604.5,1,TRUE
1997,160433,"SHARK, LEMON",4345.07,2673.3,8,FALSE
1997,160502,"SHARK, BONNETHEAD",45.870000000000005,21.8,3,FALSE
1997,161186,"MORAY, GREEN",10,178.8,6,FALSE
1997,161237,"MORAY, GOLDENTAIL",4,43.5,4,FALSE
1997,166487,SEAHORSES,147,306,5,FALSE
1997,166704,SCORPIONFISHES,8972,6637.05,16,FALSE
1997,167687,"BASS, BLACK SEA",45204.62,41887.41,22,FALSE
1997,167690,"BASS, BANK SEA",5,5,1,TRUE
1997,167691,"BASS, ROCK SEA",3426.7200000000003,2698.88,8,FALSE
1997,167696,"HIND, ROCK",1434,2482.45,22,FALSE
1997,167698,"HIND, SPECKLED",48285.64,88359.34,32,FALSE
1997,167699,"GROUPER, YELLOWEDGE",793314.68,1755327.6300000001,71,FALSE
1997,167700,"HIND, RED",2513.7400000000002,3912.98,29,FALSE
1997,167702,"GROUPER, RED",5504963.8,10020482.92,158,FALSE
1997,167703,"GROUPER, MISTY",30,62,2,TRUE
1997,167704,"GROUPER, WARSAW",88456.22,153392.31,63,FALSE
1997,167705,"GROUPER, SNOWY",124497.54000000001,238518.85,44,FALSE
1997,167740,"GROUPER, CONEY",5,18.5,3,FALSE
1997,167744,"GROUPER, MARBLED",17924.86,33714,14,FALSE
1997,167759,"GROUPER, GAG",1645133.7,3797193.19,155,FALSE
1997,167760,"GROUPER, BLACK",185781.80000000002,410442.82,111,FALSE
1997,167763,SCAMP,336869.96,784224.76,108,FALSE
1997,167764,"GROUPER, YELLOWFIN",11525.460000000001,21149.2,13,FALSE
1997,167806,"HAMLET, BUTTER",87,395.5,11,FALSE
1997,167820,"BASS, PEPPERMINT",1,0,1,TRUE
1997,167859,TOBACCOFISH,70,592,4,FALSE
1997,167860,"BASS, HARLEQUIN",91,147.5,6,FALSE
1997,168178,BIGEYE,1345,1561,6,FALSE
1997,168204,FLAMEFISH,123,181.25,8,FALSE
1997,168543,"TILEFISH, BLUELINE",162936.56,139965.22,50,FALSE
1997,168544,"TILEFISH, GOLDFACE",1088,849,4,FALSE
1997,168546,"TILEFISH, GOLDEN",332017.84,367982,43,FALSE
1997,168548,"TILEFISH, SAND",48.6,30,2,TRUE
1997,168566,COBIA,177236.72,300956.85,166,FALSE
1997,168602,"POMPANO, AFRICAN",717,1298.75,13,FALSE
1997,168607,"JACK, YELLOW",2663,1620.5,7,FALSE
1997,168609,"JACK, CREVALLE",436595,257259.36000000002,81,FALSE
1997,168610,"JACK, HORSE-EYE",1091,383,5,FALSE
1997,168612,"RUNNER, BLUE",218591,105015.07,63,FALSE
1997,168613,"JACK, BLACK",321,176,3,FALSE
1997,168615,"JACK, BAR",5650,4799.4,14,FALSE
1997,168689,"AMBERJACK, GREATER",741481.7000000001,788955.45,116,FALSE
1997,168690,"AMBERJACK, LESSER",42466.68,46474.87,30,FALSE
1997,168691,"JACK, ALMACO",44992.44,43106.59,38,FALSE
1997,168693,"RUDDERFISH, BANDED",8495.32,5951.37,17,FALSE
1997,168738,"RUNNER, RAINBOW",947,554,5,FALSE
1997,168791,DOLPHIN,143833.2,161582.28,83,FALSE
1997,168847,"SNAPPER, CUBERA",4462.33,6232.24,15,FALSE
1997,168848,"SNAPPER, GRAY",214552.1,354601.08,174,FALSE
1997,168849,"SNAPPER, MUTTON",66543.21,105813.99,76,FALSE
1997,168850,SCHOOLMASTER,84.36000000000001,135.3,2,TRUE
1997,168852,"SNAPPER, BLACKFIN",1124.57,1900.72,15,FALSE
1997,168853,"SNAPPER, RED",4813452.8,8417620.66,140,FALSE
1997,168857,"SNAPPER, DOG",382.95000000000005,462.65000000000003,5,FALSE
1997,168858,"SNAPPER, MAHOGANY",56,77,2,TRUE
1997,168860,"SNAPPER, LANE",61789.17,74629.58,97,FALSE
1997,168861,"SNAPPER, SILK",72550.03,144194.22,40,FALSE
1997,168899,"SNAPPER, BLACK",400.71,505.75,3,FALSE
1997,168902,"SNAPPER, QUEEN",26518.54,48621.15,25,FALSE
1997,168907,"SNAPPER, YELLOWTAIL",221889.69,415466.91000000003,78,FALSE
1997,168909,"SNAPPER, VERMILION",2131777.45,3788308.54,122,FALSE
1997,168913,WENCHMAN,6488.44,1528,4,FALSE
1997,169007,TRIPLETAIL,1204,1102.19,20,FALSE
1997,169060,MARGATE,12,6,1,TRUE
1997,169065,"GRUNT, FRENCH",28,69,2,TRUE
1997,169067,COTTONWICK,4,40,1,TRUE
1997,169086,PORKFISH,1027,1983.75,8,FALSE
1997,169197,"PORGY, JOLTHEAD",44.4,28.7,3,FALSE
1997,169200,"PORGY, WHITEBONE",44,42,1,TRUE
1997,169201,"PORGY, KNOBBED",18174.03,10634.79,6,FALSE
1997,169207,"PORGY, RED",32769.78,28789.32,19,FALSE
1997,169290,"DRUM, RED",25831,33351,15,FALSE
1997,169314,JACKKNIFE-FISH,375,1324,9,FALSE
1997,169317,"DRUM, SPOTTED",1,6,1,TRUE
1997,169421,"GOATFISH, SPOTTED",1,4,1,TRUE
1997,169539,"SPADEFISH, ATLANTIC",13802,6869.59,46,FALSE
1997,169556,"BUTTERFLYFISH, SPOTFIN",67,254.75,7,FALSE
1997,169558,"BUTTERFLYFISH, FOUREYE",295,1314.75,17,FALSE
1997,169563,"BUTTERFLYFISH, BANDED",6,21.75,4,FALSE
1997,169611,CHERUBFISH,464,2947.5,3,FALSE
1997,169623,"ANGELFISH, QUEEN",735,16465.75,18,FALSE
1997,169625,"BEAUTY, ROCK",791,5689.35,15,FALSE
1997,169632,"ANGELFISH, GRAY",1203,10064.25,21,FALSE
1997,169633,"ANGELFISH, FRENCH",226,5250.5,17,FALSE
1997,170046,"MAJOR, SERGEANT",30,32,4,FALSE
1997,170080,"CHROMIS, BLUE",77,160.8,6,FALSE
1997,170082,SUNSHINEFISH,740,740.8,2,TRUE
1997,170116,"DAMSELFISH, YELLOWTAIL",94,259.5,6,FALSE
1997,170224,"HAWKFISH, REDSPOTTED",1,5,1,TRUE
1997,170484,"HOGFISH, SPANISH",136,1069.5,9,FALSE
1997,170496,"WRASSE, CREOLE",53,60.5,2,TRUE
1997,170506,"WRASSE, YELLOWHEAD",84,439.8,6,FALSE
1997,170510,PUDDINGWIFE,1,2,1,TRUE
1997,170566,HOGFISH,23839.04,44736.8,53,FALSE
1997,170568,BLUEHEAD,169,414.5,9,FALSE
1997,170811,"PARROTFISH, BLUE",24,276,3,FALSE
1997,170812,"PARROTFISH, MIDNIGHT",1,4,1,TRUE
1997,170815,"PARROTFISH, PRINCESS",22,108.5,3,FALSE
1997,170816,"PARROTFISH, QUEEN",19,304,1,TRUE
1997,170863,"PARROTFISH, REDBAND",2,0.5,1,TRUE
1997,170867,"PARROTFISH, STOPLIGHT",86,751,2,TRUE
1997,170928,"JAWFISH, YELLOWHEAD",96,220,5,FALSE
1997,170932,"JAWFISH, DUSKY",49,110.5,4,FALSE
1997,171203,"BLENNY, REDLIP",6,12,1,TRUE
1997,172252,"SURGEON, OCEAN",19,15.75,4,FALSE
1997,172253,DOCTORFISH,74,314,2,TRUE
1997,172254,"TANG, BLUE",223,1052.7,14,FALSE
1997,172401,"TUNA, SKIPJACK",2086.5,1396.55,5,FALSE
1997,172402,"TUNA, LITTLE TUNNY",372555,166993.14,48,FALSE
1997,172419,"TUNA, ALBACORE",33253.75,19205.25,18,FALSE
1997,172421,"TUNA, BLUEFIN",36942,130109.5,19,FALSE
1997,172423,"TUNA, YELLOWFIN",5282062.75,13302080.59,57,FALSE
1997,172427,"TUNA, BLACKFIN",89851.25,53856.12,83,FALSE
1997,172428,"TUNA, BIGEYE",29946.5,97837.6,24,FALSE
1997,172435,"MACKEREL, KING",767884.12,959822.7,85,FALSE
1997,172436,"MACKEREL, SPANISH",540216,281781.17,99,FALSE
1997,172437,CERO,3472,2081.7000000000003,10,FALSE
1997,172451,WAHOO,166596.76,183928.9,86,FALSE
1997,172482,SWORDFISH,926706.67,2378532.59,44,FALSE
1997,173134,"FILEFISH, SCRAWLED",13,5.2,1,TRUE
1997,173138,"TRIGGERFISH, GRAY",26695,16151,18,FALSE
1997,173139,"TRIGGERFISH, QUEEN",514,794,4,FALSE
1997,173157,"FILEFISH, WHITESPOTTED",75,82.9,5,FALSE
1997,173245,"COWFISH, SCRAWLED",20,30,1,TRUE
1997,173246,"COWFISH, HONEYCOMBED",954,1068.6,7,FALSE
1997,173320,"PUFFER, SHARPNOSE",107,793.4,8,FALSE
1997,181220,GRAYSBY,77.88,155.45,3,FALSE
1997,614740,"PARROTFISH, STRIPED",25,111.5,6,FALSE
1997,615345,BEAUGREGORY,203,188,7,FALSE
1997,615416,"DAMSELFISH, BICOLOR",9,16,2,TRUE
1997,615421,"DAMSELFISH, DUSKY",26,25,2,TRUE
1997,615485,"DAMSELFISH, THREESPOT",13,16.7,5,FALSE
1997,636786,"GOBY,NEON",69,104.5,5,FALSE
1997,646513,HIGH-HAT,755,1995.25,11,FALSE
1997,650251,"BARRACUDA, GREAT",2448,1721.5,15,FALSE
1998,159916,"SHARK, THRESHER",1452.55,539.85,3,FALSE
1998,159924,"SHARK, MAKO, SHORTFIN",91778.35,45936.65,40,FALSE
1998,159977,"SHARK, NURSE",96,953,8,FALSE
1998,160189,"SHARK, TIGER",1545.3600000000001,258.9,4,FALSE
1998,160200,"SHARK, ATLANTIC SHARPNOSE",1751.4,614.27,4,FALSE
1998,160268,"SHARK, DUSKY",6185.5,2528.3,8,FALSE
1998,160275,"SHARK, BULL",1149.53,430.3,4,FALSE
1998,160289,"SHARK, SANDBAR",412336.02,154152.37,22,FALSE
1998,160304,"SHARK, BLACKNOSE",5876.92,2156.29,4,FALSE
1998,160310,"SHARK, SILKY",1394.17,661.5,2,TRUE
1998,160318,"SHARK, BLACKTIP",234169.15,65813.77,35,FALSE
1998,160401,"SHARK, SPINNER",22.240000000000002,9.6,1,TRUE
1998,160409,"SHARK, FINETOOTH",701.95,224.05,2,TRUE
1998,160433,"SHARK, LEMON",12402.83,4153.28,7,FALSE
1998,160502,"SHARK, BONNETHEAD",84.78999999999999,49.55,1,TRUE
1998,161186,"MORAY, GREEN",7,244.99,3,FALSE
1998,166211,"SOLDIERFISH, BLACKBAR",3,3.75,1,TRUE
1998,166487,SEAHORSES,33,23.5,3,FALSE
1998,166704,SCORPIONFISHES,11606,9274.05,13,FALSE
1998,167687,"BASS, BLACK SEA",30525.420000000002,24643.21,21,FALSE
1998,167690,"BASS, BANK SEA",115.46000000000001,76.5,4,FALSE
1998,167691,"BASS, ROCK SEA",703.28,575.85,5,FALSE
1998,167696,"HIND, ROCK",3123.7000000000003,5442.45,19,FALSE
1998,167698,"HIND, SPECKLED",39402.04,69178.65000000001,37,FALSE
1998,167699,"GROUPER, YELLOWEDGE",687591.08,1587618.12,70,FALSE
1998,167700,"HIND, RED",1362.78,2397.4,31,FALSE
1998,167702,"GROUPER, RED",4369038.8,8136192.7700000005,164,FALSE
1998,167703,"GROUPER, MISTY",239.54,367.95,1,TRUE
1998,167704,"GROUPER, WARSAW",90348.6,161599,67,FALSE
1998,167705,"GROUPER, SNOWY",95197.48,183682.52000000002,44,FALSE
1998,167706,"GROUPER, NASSAU",56.64,120,1,TRUE
1998,167740,"GROUPER, CONEY",52.92,74.4,2,TRUE
1998,167744,"GROUPER, MARBLED",13368.88,24769,15,FALSE
1998,167759,"GROUPER, GAG",2650046.24,6158268.93,161,FALSE
1998,167760,"GROUPER, BLACK",252964.52000000002,562177.7,90,FALSE
1998,167762,"GROUPER, YELLOWMOUTH",90,130,1,TRUE
1998,167763,SCAMP,249524.82,579975.26,107,FALSE
1998,167764,"GROUPER, YELLOWFIN",1136.68,2138,10,FALSE
1998,167806,"HAMLET, BUTTER",215,462.75,9,FALSE
1998,167820,"BASS, PEPPERMINT",2,36,1,TRUE
1998,167852,"BASS, LANTERN",1,3,1,TRUE
1998,167860,"BASS, HARLEQUIN",15,33.25,6,FALSE
1998,168178,BIGEYE,908,933,6,FALSE
1998,168181,"SNAPPER, GLASSEYE",1,2,1,TRUE
1998,168204,FLAMEFISH,49,55,7,FALSE
1998,168543,"TILEFISH, BLUELINE",109842.8,91670.79000000001,43,FALSE
1998,168544,"TILEFISH, GOLDFACE",1230.24,1443.5,4,FALSE
1998,168546,"TILEFISH, GOLDEN",297455.72000000003,356568,48,FALSE
1998,168548,"TILEFISH, SAND",15.56,11.3,4,FALSE
1998,168566,COBIA,177062.36000000002,313767.12,149,FALSE
1998,168602,"POMPANO, AFRICAN",184,299.4,8,FALSE
1998,168607,"JACK, YELLOW",1625,1101.75,7,FALSE
1998,168609,"JACK, CREVALLE",658364,337383.02,74,FALSE
1998,168610,"JACK, HORSE-EYE",30,17,2,TRUE
1998,168612,"RUNNER, BLUE",358977,175230.06,59,FALSE
1998,168613,"JACK, BLACK",109,67,2,TRUE
1998,168615,"JACK, BAR",2743,2458.41,18,FALSE
1998,168689,"AMBERJACK, GREATER",501733.19,559867.33,107,FALSE
1998,168690,"AMBERJACK, LESSER",26051.08,27087.87,33,FALSE
1998,168691,"JACK, ALMACO",32003.51,31808.05,40,FALSE
1998,168693,"RUDDERFISH, BANDED",8145.04,6733.1,27,FALSE
1998,168738,"RUNNER, RAINBOW",996,599,4,FALSE
1998,168791,DOLPHIN,30774,43263.1,63,FALSE
1998,168847,"SNAPPER, CUBERA",1667.98,2228.5,10,FALSE
1998,168848,"SNAPPER, GRAY",185034.4,314957.75,169,FALSE
1998,168849,"SNAPPER, MUTTON",73177.09,121775.17,66,FALSE
1998,168852,"SNAPPER, BLACKFIN",2518.3,4636.85,10,FALSE
1998,168853,"SNAPPER, RED",4689314,9790619.31,139,FALSE
1998,168857,"SNAPPER, DOG",750.36,939,5,FALSE
1998,168858,"SNAPPER, MAHOGANY",5,10,1,TRUE
1998,168860,"SNAPPER, LANE",31471.81,41990.04,91,FALSE
1998,168861,"SNAPPER, SILK",55229.520000000004,109311.82,42,FALSE
1998,168899,"SNAPPER, BLACK",552.01,474.3,2,TRUE
1998,168902,"SNAPPER, QUEEN",24649.24,47408.85,23,FALSE
1998,168907,"SNAPPER, YELLOWTAIL",344535.02,617767.42,63,FALSE
1998,168909,"SNAPPER, VERMILION",1732111.8900000001,3268510.3,122,FALSE
1998,168913,WENCHMAN,12288.380000000001,332,2,TRUE
1998,169007,TRIPLETAIL,1233,1179.25,23,FALSE
1998,169060,MARGATE,39,20,1,TRUE
1998,169065,"GRUNT, FRENCH",8,2,1,TRUE
1998,169086,PORKFISH,1578,3923.35,10,FALSE
1998,169197,"PORGY, JOLTHEAD",2112.33,987.5,6,FALSE
1998,169200,"PORGY, WHITEBONE",4525,4353,1,TRUE
1998,169201,"PORGY, KNOBBED",19394.87,12196.16,9,FALSE
1998,169207,"PORGY, RED",66819.95,64056.950000000004,22,FALSE
1998,169290,"DRUM, RED",35567,56848,12,FALSE
1998,169314,JACKKNIFE-FISH,754,3146.25,4,FALSE
1998,169421,"GOATFISH, SPOTTED",3,7.5,1,TRUE
1998,169539,"SPADEFISH, ATLANTIC",9315,4020.83,30,FALSE
1998,169556,"BUTTERFLYFISH, SPOTFIN",49,94,6,FALSE
1998,169558,"BUTTERFLYFISH, FOUREYE",309,625,12,FALSE
1998,169563,"BUTTERFLYFISH, BANDED",10,19.25,5,FALSE
1998,169593,"BUTTERFLYFISH, LONGSNOUT",6,53,1,TRUE
1998,169611,CHERUBFISH,44,240,3,FALSE
1998,169623,"ANGELFISH, QUEEN",1594,20236,12,FALSE
1998,169625,"BEAUTY, ROCK",461,3335,8,FALSE
1998,169632,"ANGELFISH, GRAY",4520,30098.3,16,FALSE
1998,169633,"ANGELFISH, FRENCH",124,2351,10,FALSE
1998,170046,"MAJOR, SERGEANT",80,64.5,5,FALSE
1998,170080,"CHROMIS, BLUE",1472,1679.5,5,FALSE
1998,170082,SUNSHINEFISH,2231,2381.25,2,TRUE
1998,170116,"DAMSELFISH, YELLOWTAIL",30,59.25,5,FALSE
1998,170484,"HOGFISH, SPANISH",48,72.25,6,FALSE
1998,170496,"WRASSE, CREOLE",268,277.85,3,FALSE
1998,170506,"WRASSE, YELLOWHEAD",14,35.6,4,FALSE
1998,170507,"WRASSE, CLOWN",9,12.75,2,TRUE
1998,170510,PUDDINGWIFE,2,11,2,TRUE
1998,170566,HOGFISH,16188.58,28354.81,49,FALSE
1998,170568,BLUEHEAD,68,106.6,8,FALSE
1998,170811,"PARROTFISH, BLUE",1,6,1,TRUE
1998,170815,"PARROTFISH, PRINCESS",80,541,3,FALSE
1998,170863,"PARROTFISH, REDBAND",1,1.5,1,TRUE
1998,170867,"PARROTFISH, STOPLIGHT",3,17,2,TRUE
1998,170928,"JAWFISH, YELLOWHEAD",9,21.5,3,FALSE
1998,170932,"JAWFISH, DUSKY",10,10,2,TRUE
1998,171203,"BLENNY, REDLIP",10,21,4,FALSE
1998,172252,"SURGEON, OCEAN",94,90.25,6,FALSE
1998,172253,DOCTORFISH,104,172,5,FALSE
1998,172254,"TANG, BLUE",218,699.24,10,FALSE
1998,172401,"TUNA, SKIPJACK",342.5,224.4,7,FALSE
1998,172402,"TUNA, LITTLE TUNNY",233567,62661.47,37,FALSE
1998,172419,"TUNA, ALBACORE",5939.25,3241,9,FALSE
1998,172421,"TUNA, BLUEFIN",29708.5,121114.8,19,FALSE
1998,172423,"TUNA, YELLOWFIN",3768325,9218470.77,49,FALSE
1998,172427,"TUNA, BLACKFIN",67807.75,38695.8,77,FALSE
1998,172428,"TUNA, BIGEYE",23098.75,77787.89,23,FALSE
1998,172435,"MACKEREL, KING",746349.64,813923.45,96,FALSE
1998,172436,"MACKEREL, SPANISH",460591,277662.35,105,FALSE
1998,172437,CERO,1289,895.3100000000001,12,FALSE
1998,172451,WAHOO,162910.48,181287.86,81,FALSE
1998,172482,SWORDFISH,965668.74,2020800.28,40,FALSE
1998,173134,"FILEFISH, SCRAWLED",3,22,2,TRUE
1998,173138,"TRIGGERFISH, GRAY",31095,22762,13,FALSE
1998,173139,"TRIGGERFISH, QUEEN",8,39,3,FALSE
1998,173157,"FILEFISH, WHITESPOTTED",3,12.1,3,FALSE
1998,173245,"COWFISH, SCRAWLED",196,32.05,1,TRUE
1998,173246,"COWFISH, HONEYCOMBED",2161,1752.3,6,FALSE
1998,173320,"PUFFER, SHARPNOSE",139,85.65,10,FALSE
1998,181220,GRAYSBY,32.86,57.45,3,FALSE
1998,614740,"PARROTFISH, STRIPED",34,117.5,4,FALSE
1998,615345,BEAUGREGORY,206,191.8,8,FALSE
1998,615416,"DAMSELFISH, BICOLOR",12,8.75,3,FALSE
1998,615421,"DAMSELFISH, DUSKY",10,2,1,TRUE
1998,615485,"DAMSELFISH, THREESPOT",8,9.3,4,FALSE
1998,636786,"GOBY,NEON",67,64.65,4,FALSE
1998,646513,HIGH-HAT,2107,3032,12,FALSE
1998,650251,"BARRACUDA, GREAT",817,447.15000000000003,11,FALSE
1999,159911,"SHARK, PORBEAGLE",401,418,1,TRUE
1999,159916,"SHARK, THRESHER",3355.46,1664.8,5,FALSE
1999,159924,"SHARK, MAKO, SHORTFIN",34399.95,30325.07,34,FALSE
1999,159977,"SHARK, NURSE",59,890,6,FALSE
1999,160189,"SHARK, TIGER",17404.190000000002,1360.6,2,TRUE
1999,160200,"SHARK, ATLANTIC SHARPNOSE",2508.65,517,3,FALSE
1999,160268,"SHARK, DUSKY",5339.19,2009.8000000000002,7,FALSE
1999,160275,"SHARK, BULL",17377.96,7715.99,7,FALSE
1999,160289,"SHARK, SANDBAR",394363.99,170978.75,20,FALSE
1999,160304,"SHARK, BLACKNOSE",14742.91,5694.65,9,FALSE
1999,160310,"SHARK, SILKY",1320.5,613.1,2,TRUE
1999,160318,"SHARK, BLACKTIP",1504352.39,469228.36,33,FALSE
1999,160409,"SHARK, FINETOOTH",5277.83,2270,1,TRUE
1999,160424,"SHARK, BLUE",1211,1305,1,TRUE
1999,160433,"SHARK, LEMON",23285.56,14445.08,11,FALSE
1999,160502,"SHARK, BONNETHEAD",3409.67,1503.75,3,FALSE
1999,161186,"MORAY, GREEN",14,350.9,6,FALSE
1999,161237,"MORAY, GOLDENTAIL",7,65,2,TRUE
1999,166487,SEAHORSES,123,237,4,FALSE
1999,166704,SCORPIONFISHES,9776,8864.8,26,FALSE
1999,167687,"BASS, BLACK SEA",35591.62,17066.920000000002,27,FALSE
1999,167690,"BASS, BANK SEA",18.88,12.8,1,TRUE
1999,167691,"BASS, ROCK SEA",836.62,548.65,8,FALSE
1999,167695,"GROUPER, GOLIATH",58,78,1,TRUE
1999,167696,"HIND, ROCK",1099,1892.2,14,FALSE
1999,167698,"HIND, SPECKLED",45956.24,84552.26,38,FALSE
1999,167699,"GROUPER, YELLOWEDGE",1059116.17,2450972.27,57,FALSE
1999,167700,"HIND, RED",7723.54,11393.5,30,FALSE
1999,167702,"GROUPER, RED",6839739.390000001,12816960.5,165,FALSE
1999,167703,"GROUPER, MISTY",845,1885,3,FALSE
1999,167704,"GROUPER, WARSAW",190795.18,341040.24,62,FALSE
1999,167705,"GROUPER, SNOWY",118049.7,226279.45,46,FALSE
1999,167706,"GROUPER, NASSAU",304,537,2,TRUE
1999,167744,"GROUPER, MARBLED",4654.48,8211.5,15,FALSE
1999,167759,"GROUPER, GAG",2052658.8800000001,4856279.65,168,FALSE
1999,167760,"GROUPER, BLACK",362569.74,823423.89,107,FALSE
1999,167762,"GROUPER, YELLOWMOUTH",837,1919,6,FALSE
1999,167763,SCAMP,298448.71,700617.09,106,FALSE
1999,167764,"GROUPER, YELLOWFIN",5877.16,11199.8,13,FALSE
1999,167806,"HAMLET, BUTTER",85,214.75,6,FALSE
1999,167852,"BASS, LANTERN",1,1,1,TRUE
1999,167860,"BASS, HARLEQUIN",13,32.5,1,TRUE
1999,168178,BIGEYE,1320,1304,10,FALSE
1999,168181,"SNAPPER, GLASSEYE",421,662,1,TRUE
1999,168204,FLAMEFISH,37,68,5,FALSE
1999,168543,"TILEFISH, BLUELINE",80439.68000000001,66277.64,34,FALSE
1999,168544,"TILEFISH, GOLDFACE",14814.16,17023.15,12,FALSE
1999,168546,"TILEFISH, GOLDEN",371556.52,495369.15,42,FALSE
1999,168548,"TILEFISH, SAND",49,30,2,TRUE
1999,168566,COBIA,167472.76,307750.21,163,FALSE
1999,168602,"POMPANO, AFRICAN",544,992.7,8,FALSE
1999,168607,"JACK, YELLOW",955,565,9,FALSE
1999,168609,"JACK, CREVALLE",565861,289720.8,67,FALSE
1999,168610,"JACK, HORSE-EYE",65,61.5,6,FALSE
1999,168612,"RUNNER, BLUE",255383,109423.89,62,FALSE
1999,168613,"JACK, BLACK",321,229,5,FALSE
1999,168615,"JACK, BAR",28255,23223.95,34,FALSE
1999,168689,"AMBERJACK, GREATER",406632.60000000003,455284.83,102,FALSE
1999,168690,"AMBERJACK, LESSER",29044.55,31905.43,55,FALSE
1999,168691,"JACK, ALMACO",43518.61,40027.31,50,FALSE
1999,168693,"RUDDERFISH, BANDED",16892.8,13496.5,28,FALSE
1999,168738,"RUNNER, RAINBOW",4228,2769,11,FALSE
1999,168791,DOLPHIN,32326.8,51593.84,73,FALSE
1999,168847,"SNAPPER, CUBERA",3493.4900000000002,5568.45,14,FALSE
1999,168848,"SNAPPER, GRAY",203970.57,362213.67,176,FALSE
1999,168849,"SNAPPER, MUTTON",82974.32,143214.04,64,FALSE
1999,168852,"SNAPPER, BLACKFIN",3032.21,5986.6500000000005,10,FALSE
1999,168853,"SNAPPER, RED",4882130.83,9577761.48,138,FALSE
1999,168857,"SNAPPER, DOG",330.47,429.7,6,FALSE
1999,168858,"SNAPPER, MAHOGANY",51,89,2,TRUE
1999,168860,"SNAPPER, LANE",49217.92,70647.78,119,FALSE
1999,168861,"SNAPPER, SILK",85808.68000000001,163190.88,45,FALSE
1999,168899,"SNAPPER, BLACK",46193.95,82601.75,24,FALSE
1999,168902,"SNAPPER, QUEEN",19909.57,35297.88,31,FALSE
1999,168907,"SNAPPER, YELLOWTAIL",600876.12,1039005.84,74,FALSE
1999,168909,"SNAPPER, VERMILION",2034292.24,3781894.5,129,FALSE
1999,168913,WENCHMAN,17386.62,14383.76,13,FALSE
1999,169007,TRIPLETAIL,6284,5033.1,23,FALSE
1999,169060,MARGATE,113,65,1,TRUE
1999,169065,"GRUNT, FRENCH",30,26.25,2,TRUE
1999,169086,PORKFISH,1232,2903.95,8,FALSE
1999,169183,"PORGY, LONGSPINE",2053.5,0,1,TRUE
1999,169197,"PORGY, JOLTHEAD",4037.6800000000003,1886.3,9,FALSE
1999,169200,"PORGY, WHITEBONE",4457,3913,15,FALSE
1999,169201,"PORGY, KNOBBED",31954.54,19575.35,11,FALSE
1999,169207,"PORGY, RED",77580.14,75750.15,43,FALSE
1999,169290,"DRUM, RED",40202,65167,11,FALSE
1999,169314,JACKKNIFE-FISH,376,1600,11,FALSE
1999,169317,"DRUM, SPOTTED",2,11,2,TRUE
1999,169539,"SPADEFISH, ATLANTIC",9964.7,6409.78,39,FALSE
1999,169556,"BUTTERFLYFISH, SPOTFIN",22,86.5,4,FALSE
1999,169558,"BUTTERFLYFISH, FOUREYE",170,365,8,FALSE
1999,169563,"BUTTERFLYFISH, BANDED",14,50,3,FALSE
1999,169593,"BUTTERFLYFISH, LONGSNOUT",2,18,1,TRUE
1999,169623,"ANGELFISH, QUEEN",1219,15481,11,FALSE
1999,169625,"BEAUTY, ROCK",258,1598.5,7,FALSE
1999,169632,"ANGELFISH, GRAY",2712,18574.5,14,FALSE
1999,169633,"ANGELFISH, FRENCH",173,3568,12,FALSE
1999,170046,"MAJOR, SERGEANT",68,66.75,4,FALSE
1999,170080,"CHROMIS, BLUE",8,22,2,TRUE
1999,170082,SUNSHINEFISH,281,282,2,TRUE
1999,170116,"DAMSELFISH, YELLOWTAIL",12,22,1,TRUE
1999,170224,"HAWKFISH, REDSPOTTED",5,13.4,1,TRUE
1999,170484,"HOGFISH, SPANISH",26,162.5,3,FALSE
1999,170506,"WRASSE, YELLOWHEAD",4,20,1,TRUE
1999,170507,"WRASSE, CLOWN",4,8,1,TRUE
1999,170510,PUDDINGWIFE,5,12.25,2,TRUE
1999,170566,HOGFISH,22850.69,40401.94,51,FALSE
1999,170568,BLUEHEAD,58,199.25,4,FALSE
1999,170811,"PARROTFISH, BLUE",9,53,4,FALSE
1999,170812,"PARROTFISH, MIDNIGHT",1,5,1,TRUE
1999,170815,"PARROTFISH, PRINCESS",50,231.1,5,FALSE
1999,170816,"PARROTFISH, QUEEN",3,45,1,TRUE
1999,170863,"PARROTFISH, REDBAND",10,13.75,2,TRUE
1999,170867,"PARROTFISH, STOPLIGHT",9,50,1,TRUE
1999,170928,"JAWFISH, YELLOWHEAD",10,45.5,3,FALSE
1999,170932,"JAWFISH, DUSKY",25,16.6,3,FALSE
1999,171203,"BLENNY, REDLIP",2,10,1,TRUE
1999,172252,"SURGEON, OCEAN",47,100.75,5,FALSE
1999,172253,DOCTORFISH,26,70.25,4,FALSE
1999,172254,"TANG, BLUE",153,466.1,9,FALSE
1999,172401,"TUNA, SKIPJACK",1139.25,1403.75,4,FALSE
1999,172402,"TUNA, LITTLE TUNNY",510180,152055.54,46,FALSE
1999,172419,"TUNA, ALBACORE",7405.25,4950.55,9,FALSE
1999,172421,"TUNA, BLUEFIN",86004,409925.04,17,FALSE
1999,172423,"TUNA, YELLOWFIN",5210677,10487899.46,48,FALSE
1999,172427,"TUNA, BLACKFIN",63532,30840.82,75,FALSE
1999,172428,"TUNA, BIGEYE",64727,238598.37,23,FALSE
1999,172435,"MACKEREL, KING",1233718.65,1343290.8,98,FALSE
1999,172436,"MACKEREL, SPANISH",872355.25,439460.69,116,FALSE
1999,172437,CERO,2014,1937.79,8,FALSE
1999,172451,WAHOO,150296.56,170458.67,73,FALSE
1999,172482,SWORDFISH,925390.63,1829146.8,34,FALSE
1999,173134,"FILEFISH, SCRAWLED",3,25,3,FALSE
1999,173138,"TRIGGERFISH, GRAY",102141,105582,38,FALSE
1999,173139,"TRIGGERFISH, QUEEN",73,147,4,FALSE
1999,173157,"FILEFISH, WHITESPOTTED",7,31,2,TRUE
1999,173170,"TRIGGERFISH, OCEAN",1875,2028,3,FALSE
1999,173174,"DURGON, BLACK",1,9,1,TRUE
1999,173238,"TRUNKFISH, SPOTTED",96,11.5,1,TRUE
1999,173245,"COWFISH, SCRAWLED",1002,249.85,5,FALSE
1999,173246,"COWFISH, HONEYCOMBED",1497,1685,4,FALSE
1999,173320,"PUFFER, SHARPNOSE",56,74.35,6,FALSE
1999,181220,GRAYSBY,122.86,294.4,6,FALSE
1999,614740,"PARROTFISH, STRIPED",51,153.3,4,FALSE
1999,615345,BEAUGREGORY,468,627.3,6,FALSE
1999,615416,"DAMSELFISH, BICOLOR",14,13,2,TRUE
1999,615421,"DAMSELFISH, DUSKY",1,1,1,TRUE
1999,615485,"DAMSELFISH, THREESPOT",11,11.2,2,TRUE
1999,636786,"GOBY,NEON",44,114,3,FALSE
1999,646513,HIGH-HAT,1173,1694.75,14,FALSE
1999,650251,"BARRACUDA, GREAT",3159,2566.4500000000003,10,FALSE
2000,159916,"SHARK, THRESHER",428.12,215.51,3,FALSE
2000,159924,"SHARK, MAKO, SHORTFIN",28578.52,25034.5,33,FALSE
2000,159977,"SHARK, NURSE",27,288,4,FALSE
2000,160189,"SHARK, TIGER",1560.97,442.00000000000006,2,TRUE
2000,160200,"SHARK, ATLANTIC SHARPNOSE",2996.78,751,2,TRUE
2000,160268,"SHARK, DUSKY",2104.46,750.3,1,TRUE
2000,160275,"SHARK, BULL",14788.210000000001,4923.78,3,FALSE
2000,160289,"SHARK, SANDBAR",609714.26,218726.58000000002,21,FALSE
2000,160304,"SHARK, BLACKNOSE",12579.5,4370.42,3,FALSE
2000,160310,"SHARK, SILKY",6466.28,1484.55,3,FALSE
2000,160318,"SHARK, BLACKTIP",1357362.32,431107.06,37,FALSE
2000,160401,"SHARK, SPINNER",8192.66,3074.85,3,FALSE
2000,160409,"SHARK, FINETOOTH",31.97,10.4,2,TRUE
2000,160424,"SHARK, BLUE",961.38,511.8,1,TRUE
2000,160433,"SHARK, LEMON",27419.5,10289.35,7,FALSE
2000,160502,"SHARK, BONNETHEAD",79.23,45.6,1,TRUE
2000,160951,"STINGRAY, SOUTHERN",15,750,1,TRUE
2000,161186,"MORAY, GREEN",22,443,5,FALSE
2000,166211,"SOLDIERFISH, BLACKBAR",1,6,1,TRUE
2000,166487,SEAHORSES,305,652.55,5,FALSE
2000,166704,SCORPIONFISHES,16267.94,14617.25,24,FALSE
2000,167687,"BASS, BLACK SEA",44797.58,33169.98,23,FALSE
2000,167690,"BASS, BANK SEA",5.19,2.2,1,TRUE
2000,167691,"BASS, ROCK SEA",505.04,427.8,7,FALSE
2000,167696,"HIND, ROCK",409.46000000000004,534.6,13,FALSE
2000,167698,"HIND, SPECKLED",64205.33,118236.92,38,FALSE
2000,167699,"GROUPER, YELLOWEDGE",1247945.33,2998769.97,58,FALSE
2000,167700,"HIND, RED",7238.240000000001,12070.74,32,FALSE
2000,167702,"GROUPER, RED",6707234.03,12901423.52,175,FALSE
2000,167703,"GROUPER, MISTY",1005.36,1281.2,3,FALSE
2000,167704,"GROUPER, WARSAW",153200.2,256428.11000000002,59,FALSE
2000,167705,"GROUPER, SNOWY",181259.03,362304.61,49,FALSE
2000,167706,"GROUPER, NASSAU",155.76,288.20000000000005,2,TRUE
2000,167740,"GROUPER, CONEY",1,4,1,TRUE
2000,167744,"GROUPER, MARBLED",2100.1,3725.1,12,FALSE
2000,167759,"GROUPER, GAG",2257249.15,5563675.328,169,FALSE
2000,167760,"GROUPER, BLACK",398558.78,947715.476,112,FALSE
2000,167762,"GROUPER, YELLOWMOUTH",136.88,268.9,1,TRUE
2000,167763,SCAMP,227943.94,540040.78,106,FALSE
2000,167764,"GROUPER, YELLOWFIN",11831.22,26034.6,14,FALSE
2000,167806,"HAMLET, BUTTER",53,84,6,FALSE
2000,167852,"BASS, LANTERN",1,2,1,TRUE
2000,167860,"BASS, HARLEQUIN",16,33.5,5,FALSE
2000,167861,"BASS, CHALK",2,4,1,TRUE
2000,168178,BIGEYE,428.28000000000003,432.35,9,FALSE
2000,168181,"SNAPPER, GLASSEYE",15,30,1,TRUE
2000,168204,FLAMEFISH,111,145.3,6,FALSE
2000,168543,"TILEFISH, BLUELINE",103577.67,88232.66,36,FALSE
2000,168544,"TILEFISH, GOLDFACE",9811.65,7147.94,9,FALSE
2000,168546,"TILEFISH, GOLDEN",470288.94,714142.38,42,FALSE
2000,168548,"TILEFISH, SAND",371.84000000000003,594.4000000000001,5,FALSE
2000,168566,COBIA,129790.08,229573.863,143,FALSE
2000,168602,"POMPANO, AFRICAN",225.48,204.15,8,FALSE
2000,168607,"JACK, YELLOW",2022,1212.02,8,FALSE
2000,168609,"JACK, CREVALLE",460095.67,248176.14,71,FALSE
2000,168610,"JACK, HORSE-EYE",162.6,135.05,5,FALSE
2000,168612,"RUNNER, BLUE",133944.45,55075.340000000004,60,FALSE
2000,168613,"JACK, BLACK",128.96,78,3,FALSE
2000,168615,"JACK, BAR",19549.2,18244.49,34,FALSE
2000,168689,"AMBERJACK, GREATER",784240.54,862540.47,119,FALSE
2000,168690,"AMBERJACK, LESSER",42301.79,48174.18,44,FALSE
2000,168691,"JACK, ALMACO",43630.86,43749.7,42,FALSE
2000,168693,"RUDDERFISH, BANDED",13523.89,10182.78,25,FALSE
2000,168738,"RUNNER, RAINBOW",1531.16,660.5,9,FALSE
2000,168791,DOLPHIN,41598.24,64145.39,82,FALSE
2000,168847,"SNAPPER, CUBERA",958.6,894.85,7,FALSE
2000,168848,"SNAPPER, GRAY",186377.11000000002,337309.71,171,FALSE
2000,168849,"SNAPPER, MUTTON",74673.74,131719.71,66,FALSE
2000,168850,SCHOOLMASTER,3.33,7.05,1,TRUE
2000,168852,"SNAPPER, BLACKFIN",897.45,1617.3600000000001,13,FALSE
2000,168853,"SNAPPER, RED",4836368.86,9341966.305,137,FALSE
2000,168857,"SNAPPER, DOG",355.31,406.48,4,FALSE
2000,168858,"SNAPPER, MAHOGANY",42.18,72,2,TRUE
2000,168860,"SNAPPER, LANE",47221.68,67628.1,102,FALSE
2000,168861,"SNAPPER, SILK",117195.21,230311.46,45,FALSE
2000,168899,"SNAPPER, BLACK",44063.9,81375.29,18,FALSE
2000,168902,"SNAPPER, QUEEN",18980.68,36310.44,25,FALSE
2000,168907,"SNAPPER, YELLOWTAIL",377229.26,684456.9,75,FALSE
2000,168909,"SNAPPER, VERMILION",1463052.92,2756278.834,109,FALSE
2000,168913,WENCHMAN,46633.9,44412.55,10,FALSE
2000,169007,TRIPLETAIL,4922.08,4442.47,31,FALSE
2000,169058,TOMTATE,1,1,1,TRUE
2000,169065,"GRUNT, FRENCH",48,96,3,FALSE
2000,169067,COTTONWICK,27,27,1,TRUE
2000,169086,PORKFISH,1059,2196.3,12,FALSE
2000,169183,"PORGY, LONGSPINE",2220,0,1,TRUE
2000,169197,"PORGY, JOLTHEAD",3235.62,1782.05,13,FALSE
2000,169200,"PORGY, WHITEBONE",2688.76,2417.21,13,FALSE
2000,169201,"PORGY, KNOBBED",27415.100000000002,19122.45,13,FALSE
2000,169207,"PORGY, RED",76956.23,78823.754,39,FALSE
2000,169290,"DRUM, RED",38084,57977,10,FALSE
2000,169314,JACKKNIFE-FISH,369,717.5,5,FALSE
2000,169317,"DRUM, SPOTTED",1,5,1,TRUE
2000,169421,"GOATFISH, SPOTTED",11,33,1,TRUE
2000,169539,"SPADEFISH, ATLANTIC",9120.46,8538.07,41,FALSE
2000,169556,"BUTTERFLYFISH, SPOTFIN",61,126,8,FALSE
2000,169558,"BUTTERFLYFISH, FOUREYE",333,778.55,13,FALSE
2000,169563,"BUTTERFLYFISH, BANDED",21,51.5,5,FALSE
2000,169593,"BUTTERFLYFISH, LONGSNOUT",10,2,1,TRUE
2000,169623,"ANGELFISH, QUEEN",376,7867.42,10,FALSE
2000,169625,"BEAUTY, ROCK",200,996.75,10,FALSE
2000,169632,"ANGELFISH, GRAY",687,5039,13,FALSE
2000,169633,"ANGELFISH, FRENCH",101,2112,7,FALSE
2000,170046,"MAJOR, SERGEANT",30,35.75,4,FALSE
2000,170080,"CHROMIS, BLUE",55,60,2,TRUE
2000,170082,SUNSHINEFISH,1,1,1,TRUE
2000,170116,"DAMSELFISH, YELLOWTAIL",26,50,1,TRUE
2000,170484,"HOGFISH, SPANISH",62,269.5,6,FALSE
2000,170506,"WRASSE, YELLOWHEAD",158,766,2,TRUE
2000,170507,"WRASSE, CLOWN",13,26,2,TRUE
2000,170510,PUDDINGWIFE,20,30,1,TRUE
2000,170566,HOGFISH,21256.12,38783.63,62,FALSE
2000,170568,BLUEHEAD,118,211.3,6,FALSE
2000,170811,"PARROTFISH, BLUE",4,16,2,TRUE
2000,170812,"PARROTFISH, MIDNIGHT",12,14,1,TRUE
2000,170815,"PARROTFISH, PRINCESS",71,244.8,4,FALSE
2000,170863,"PARROTFISH, REDBAND",26,51,2,TRUE
2000,170867,"PARROTFISH, STOPLIGHT",1,6,1,TRUE
2000,170928,"JAWFISH, YELLOWHEAD",303,784.5,4,FALSE
2000,170932,"JAWFISH, DUSKY",68,104.65,5,FALSE
2000,171203,"BLENNY, REDLIP",31,55,2,TRUE
2000,172252,"SURGEON, OCEAN",64,71.5,4,FALSE
2000,172253,DOCTORFISH,6,9,2,TRUE
2000,172254,"TANG, BLUE",209,653.25,9,FALSE
2000,172401,"TUNA, SKIPJACK",2027.5,1437.3,7,FALSE
2000,172402,"TUNA, LITTLE TUNNY",113898.65,32038.88,33,FALSE
2000,172419,"TUNA, ALBACORE",7739.55,8693.2,6,FALSE
2000,172421,"TUNA, BLUEFIN",86219.38,448709.5,10,FALSE
2000,172423,"TUNA, YELLOWFIN",4310341.68,13247020.37,43,FALSE
2000,172427,"TUNA, BLACKFIN",52305.48,23466.1,74,FALSE
2000,172428,"TUNA, BIGEYE",50278.75,177818.15,18,FALSE
2000,172435,"MACKEREL, KING",1566228.51,1773465.31,103,FALSE
2000,172436,"MACKEREL, SPANISH",910954.91,461312.63,119,FALSE
2000,172437,CERO,1062.25,902.87,9,FALSE
2000,172451,WAHOO,143544.09,169222.22,69,FALSE
2000,172482,SWORDFISH,970204.66,1981090.52,29,FALSE
2000,173134,"FILEFISH, SCRAWLED",3,9,2,TRUE
2000,173138,"TRIGGERFISH, GRAY",87745.22,92854.55,34,FALSE
2000,173139,"TRIGGERFISH, QUEEN",80,80,2,TRUE
2000,173157,"FILEFISH, WHITESPOTTED",260,145.55,6,FALSE
2000,173174,"DURGON, BLACK",5,5,1,TRUE
2000,173238,"TRUNKFISH, SPOTTED",75,18.4,2,TRUE
2000,173245,"COWFISH, SCRAWLED",54,21.95,4,FALSE
2000,173246,"COWFISH, HONEYCOMBED",1497,1486.53,6,FALSE
2000,173320,"PUFFER, SHARPNOSE",57,65.25,9,FALSE
2000,181220,GRAYSBY,87.42,161.9,4,FALSE
2000,614740,"PARROTFISH, STRIPED",11,58.25,4,FALSE
2000,615345,BEAUGREGORY,153,180.25,8,FALSE
2000,615416,"DAMSELFISH, BICOLOR",12,12,3,FALSE
2000,615421,"DAMSELFISH, DUSKY",5,5,1,TRUE
2000,615485,"DAMSELFISH, THREESPOT",24,34.55,3,FALSE
2000,636786,"GOBY,NEON",331,675.68,7,FALSE
2000,646513,HIGH-HAT,514,775.4,13,FALSE
2000,650251,"BARRACUDA, GREAT",1335.5,1093,5,FALSE
2001,159924,"SHARK, MAKO, SHORTFIN",27663.510000000002,25043.78,28,FALSE
2001,159977,"SHARK, NURSE",13,145.5,7,FALSE
2001,160189,"SHARK, TIGER",9.6,2.4,1,TRUE
2001,160200,"SHARK, ATLANTIC SHARPNOSE",362.79,206,1,TRUE
2001,160275,"SHARK, BULL",10789.19,3704,7,FALSE
2001,160289,"SHARK, SANDBAR",557598.29,178752.72,17,FALSE
2001,160304,"SHARK, BLACKNOSE",7799.990000000001,3021.45,7,FALSE
2001,160310,"SHARK, SILKY",964.66,348.28000000000003,2,TRUE
2001,160318,"SHARK, BLACKTIP",1128110.83,302941.09,32,FALSE
2001,160401,"SHARK, SPINNER",140.39000000000001,50.5,1,TRUE
2001,160409,"SHARK, FINETOOTH",949.37,427,3,FALSE
2001,160424,"SHARK, BLUE",78,32.5,1,TRUE
2001,160433,"SHARK, LEMON",20533.69,7249.2300000000005,5,FALSE
2001,160502,"SHARK, BONNETHEAD",376.69,100.75,3,FALSE
2001,161186,"MORAY, GREEN",3,144,3,FALSE
2001,166211,"SOLDIERFISH, BLACKBAR",5,4,1,TRUE
2001,166487,SEAHORSES,230,552.15,6,FALSE
2001,166704,SCORPIONFISHES,29970.32,25950.62,22,FALSE
2001,167687,"BASS, BLACK SEA",98581.33,57982.56,36,FALSE
2001,167690,"BASS, BANK SEA",113.28000000000002,76.5,2,TRUE
2001,167691,"BASS, ROCK SEA",850.78,576.8,2,TRUE
2001,167696,"HIND, ROCK",151.45,215.45000000000002,11,FALSE
2001,167698,"HIND, SPECKLED",63344.16,122679.55,46,FALSE
2001,167699,"GROUPER, YELLOWEDGE",850131.1,2176521.95,65,FALSE
2001,167700,"HIND, RED",3779.87,6680.75,31,FALSE
2001,167702,"GROUPER, RED",6747085.07,12966459.85,167,FALSE
2001,167703,"GROUPER, MISTY",141.6,304.3,3,FALSE
2001,167704,"GROUPER, WARSAW",139620.79,250609.17,64,FALSE
2001,167705,"GROUPER, SNOWY",173426.15,355863.05,54,FALSE
2001,167740,"GROUPER, CONEY",1,10,1,TRUE
2001,167744,"GROUPER, MARBLED",2638.8,4291.8,8,FALSE
2001,167759,"GROUPER, GAG",3276882.34,8036509.67,163,FALSE
2001,167760,"GROUPER, BLACK",360159.11,865593.41,104,FALSE
2001,167762,"GROUPER, YELLOWMOUTH",128.03,264.6,4,FALSE
2001,167763,SCAMP,309784.62,757896.144,115,FALSE
2001,167764,"GROUPER, YELLOWFIN",12344.02,28724.89,20,FALSE
2001,167767,"GROUPER, TIGER",466.1,1106,1,TRUE
2001,167806,"HAMLET, BUTTER",237,546.5,11,FALSE
2001,167852,"BASS, LANTERN",1,3.5,1,TRUE
2001,167859,TOBACCOFISH,4,8.75,3,FALSE
2001,167860,"BASS, HARLEQUIN",57,101.5,6,FALSE
2001,167861,"BASS, CHALK",17,59.5,1,TRUE
2001,168178,BIGEYE,524.04,438.9,4,FALSE
2001,168181,"SNAPPER, GLASSEYE",7,14,1,TRUE
2001,168204,FLAMEFISH,837,1322.75,9,FALSE
2001,168543,"TILEFISH, BLUELINE",84113.65000000001,75246.54,35,FALSE
2001,168544,"TILEFISH, GOLDFACE",35695.24,59655.41,12,FALSE
2001,168546,"TILEFISH, GOLDEN",451211.48,693932.91,46,FALSE
2001,168548,"TILEFISH, SAND",12.32,8.25,1,TRUE
2001,168566,COBIA,91839.18000000001,175399.14,146,FALSE
2001,168602,"POMPANO, AFRICAN",283.3,191.25,8,FALSE
2001,168607,"JACK, YELLOW",335,184.5,2,TRUE
2001,168609,"JACK, CREVALLE",485236.91,274442.13,72,FALSE
2001,168610,"JACK, HORSE-EYE",388.28,250.85,3,FALSE
2001,168612,"RUNNER, BLUE",193713.81,84543.29,61,FALSE
2001,168613,"JACK, BLACK",136.24,98.4,4,FALSE
2001,168615,"JACK, BAR",32750,26045.28,40,FALSE
2001,168689,"AMBERJACK, GREATER",606318.03,615688,121,FALSE
2001,168690,"AMBERJACK, LESSER",38746.61,43771.44,48,FALSE
2001,168691,"JACK, ALMACO",57028.44,54420.336,41,FALSE
2001,168693,"RUDDERFISH, BANDED",24241.09,14809.710000000001,26,FALSE
2001,168738,"RUNNER, RAINBOW",1639,739.9,7,FALSE
2001,168791,DOLPHIN,33710.47,43455.340000000004,75,FALSE
2001,168847,"SNAPPER, CUBERA",1438.17,1184.21,8,FALSE
2001,168848,"SNAPPER, GRAY",197780.61000000002,371644.684,182,FALSE
2001,168849,"SNAPPER, MUTTON",79591.47,138256.62,67,FALSE
2001,168850,SCHOOLMASTER,28.86,26,1,TRUE
2001,168852,"SNAPPER, BLACKFIN",2400.27,4434.41,13,FALSE
2001,168853,"SNAPPER, RED",4678293.44,10284332.12,148,FALSE
2001,168857,"SNAPPER, DOG",756.85,759.46,7,FALSE
2001,168858,"SNAPPER, MAHOGANY",16.650000000000002,22,2,TRUE
2001,168860,"SNAPPER, LANE",47654.71,75532.115,104,FALSE
2001,168861,"SNAPPER, SILK",103908.04,200344.31,42,FALSE
2001,168899,"SNAPPER, BLACK",28409.86,45987.4,20,FALSE
2001,168902,"SNAPPER, QUEEN",24308.9,44755.82,30,FALSE
2001,168907,"SNAPPER, YELLOWTAIL",192098.63,364335.93,64,FALSE
2001,168909,"SNAPPER, VERMILION",1734474.75,3249520.72,126,FALSE
2001,168913,WENCHMAN,103821.95,98218.44,11,FALSE
2001,169007,TRIPLETAIL,5257.66,4168.57,29,FALSE
2001,169060,MARGATE,21,12,1,TRUE
2001,169065,"GRUNT, FRENCH",46,69.75,3,FALSE
2001,169067,COTTONWICK,1,1,1,TRUE
2001,169086,PORKFISH,1583,2380.05,10,FALSE
2001,169183,"PORGY, LONGSPINE",1165.5,0,1,TRUE
2001,169197,"PORGY, JOLTHEAD",1942.0900000000001,1531.65,16,FALSE
2001,169200,"PORGY, WHITEBONE",2488.12,1476.39,12,FALSE
2001,169201,"PORGY, KNOBBED",38051.53,26243.6,8,FALSE
2001,169207,"PORGY, RED",93725.05,105314.78,43,FALSE
2001,169290,"DRUM, RED",22695,35540,9,FALSE
2001,169314,JACKKNIFE-FISH,845,3530.5,10,FALSE
2001,169421,"GOATFISH, SPOTTED",31,91.5,3,FALSE
2001,169539,"SPADEFISH, ATLANTIC",9723.73,4513.62,41,FALSE
2001,169556,"BUTTERFLYFISH, SPOTFIN",168,350.4,4,FALSE
2001,169558,"BUTTERFLYFISH, FOUREYE",568,1152.85,10,FALSE
2001,169563,"BUTTERFLYFISH, BANDED",17,45.5,4,FALSE
2001,169623,"ANGELFISH, QUEEN",305,4706.67,12,FALSE
2001,169625,"BEAUTY, ROCK",238,1401.6,6,FALSE
2001,169632,"ANGELFISH, GRAY",949,6996.7,17,FALSE
2001,169633,"ANGELFISH, FRENCH",145,2208,10,FALSE
2001,170046,"MAJOR, SERGEANT",66,81.25,6,FALSE
2001,170080,"CHROMIS, BLUE",68,164.15,4,FALSE
2001,170116,"DAMSELFISH, YELLOWTAIL",4,10,3,FALSE
2001,170484,"HOGFISH, SPANISH",75,372.4,8,FALSE
2001,170496,"WRASSE, CREOLE",3,2.9,2,TRUE
2001,170506,"WRASSE, YELLOWHEAD",13,22.25,2,TRUE
2001,170507,"WRASSE, CLOWN",6,6,2,TRUE
2001,170510,PUDDINGWIFE,6,23.5,4,FALSE
2001,170566,HOGFISH,24731.4,48736.97,56,FALSE
2001,170568,BLUEHEAD,417,783.9,6,FALSE
2001,170811,"PARROTFISH, BLUE",5,28,3,FALSE
2001,170815,"PARROTFISH, PRINCESS",68,402.3,5,FALSE
2001,170863,"PARROTFISH, REDBAND",64,319.5,3,FALSE
2001,170867,"PARROTFISH, STOPLIGHT",44,393,2,TRUE
2001,170928,"JAWFISH, YELLOWHEAD",21,126,1,TRUE
2001,170932,"JAWFISH, DUSKY",9,46,2,TRUE
2001,172252,"SURGEON, OCEAN",187,307.4,6,FALSE
2001,172253,DOCTORFISH,64,86.5,2,TRUE
2001,172254,"TANG, BLUE",630,2337.5,11,FALSE
2001,172401,"TUNA, SKIPJACK",142.46,68.75,4,FALSE
2001,172402,"TUNA, LITTLE TUNNY",418254.63,112631.02,37,FALSE
2001,172419,"TUNA, ALBACORE",5731.91,2410.5,8,FALSE
2001,172421,"TUNA, BLUEFIN",39264.02,195208.4,10,FALSE
2001,172423,"TUNA, YELLOWFIN",3213296.3,9347430.31,47,FALSE
2001,172427,"TUNA, BLACKFIN",40220.78,17646.98,59,FALSE
2001,172428,"TUNA, BIGEYE",14943.75,56113.5,15,FALSE
2001,172435,"MACKEREL, KING",1447112.69,1782559.09,96,FALSE
2001,172436,"MACKEREL, SPANISH",1182918.55,632116.48,96,FALSE
2001,172437,CERO,130.95,120.24000000000001,7,FALSE
2001,172451,WAHOO,107415.83,122934.05,67,FALSE
2001,172482,SWORDFISH,728011.0700000001,1619487.34,29,FALSE
2001,173134,"FILEFISH, SCRAWLED",29,142,2,TRUE
2001,173138,"TRIGGERFISH, GRAY",68886.78,72615.87,42,FALSE
2001,173139,"TRIGGERFISH, QUEEN",751.5,662.73,4,FALSE
2001,173157,"FILEFISH, WHITESPOTTED",27,19.8,4,FALSE
2001,173170,"TRIGGERFISH, OCEAN",14.56,21,1,TRUE
2001,173174,"DURGON, BLACK",2,2.5,1,TRUE
2001,173238,"TRUNKFISH, SPOTTED",2,1.5,1,TRUE
2001,173245,"COWFISH, SCRAWLED",9,34.5,2,TRUE
2001,173246,"COWFISH, HONEYCOMBED",1449,1608,5,FALSE
2001,173320,"PUFFER, SHARPNOSE",224,267.6,7,FALSE
2001,181220,GRAYSBY,49.53,93.5,5,FALSE
2001,614740,"PARROTFISH, STRIPED",220,693,3,FALSE
2001,615345,BEAUGREGORY,107,105.4,11,FALSE
2001,615416,"DAMSELFISH, BICOLOR",25,21.48,4,FALSE
2001,615421,"DAMSELFISH, DUSKY",52,27,2,TRUE
2001,615485,"DAMSELFISH, THREESPOT",4,4.75,2,TRUE
2001,636786,"GOBY,NEON",275,1104.9,3,FALSE
2001,646513,HIGH-HAT,701,986.65,13,FALSE
2001,650251,"BARRACUDA, GREAT",6750.7,2990.6,7,FALSE
2002,159911,"SHARK, PORBEAGLE",464.26,100.2,1,TRUE
2002,159916,"SHARK, THRESHER",510.1,211.6,2,TRUE
2002,159924,"SHARK, MAKO, SHORTFIN",17155.010000000002,14808.6,26,FALSE
2002,160189,"SHARK, TIGER",504.06,191.4,4,FALSE
2002,160200,"SHARK, ATLANTIC SHARPNOSE",29697.63,16211.6,4,FALSE
2002,160268,"SHARK, DUSKY",97.23,77.25,2,TRUE
2002,160275,"SHARK, BULL",28456.02,8051.4800000000005,11,FALSE
2002,160289,"SHARK, SANDBAR",817343.35,218801.7,23,FALSE
2002,160304,"SHARK, BLACKNOSE",32428.7,9800.93,6,FALSE
2002,160310,"SHARK, SILKY",1788.93,341,2,TRUE
2002,160318,"SHARK, BLACKTIP",857782.47,202595.83000000002,34,FALSE
2002,160409,"SHARK, FINETOOTH",1241.27,531.55,1,TRUE
2002,160433,"SHARK, LEMON",44860.22,12695.1,10,FALSE
2002,160502,"SHARK, BONNETHEAD",11.120000000000001,4,1,TRUE
2002,160787,"SHARK, ATLANTIC ANGEL",495,74.2475,1,TRUE
2002,161186,"MORAY, GREEN",4,97.5,2,TRUE
2002,161237,"MORAY, GOLDENTAIL",4,18,1,TRUE
2002,166487,SEAHORSES,4215,1882,4,FALSE
2002,166704,SCORPIONFISHES,39244.22,39529.79,18,FALSE
2002,167687,"BASS, BLACK SEA",121230.77,69542.44,36,FALSE
2002,167691,"BASS, ROCK SEA",776.76,1375.6,5,FALSE
2002,167696,"HIND, ROCK",393.76,702.4,10,FALSE
2002,167698,"HIND, SPECKLED",48713.55,86450.782,38,FALSE
2002,167699,"GROUPER, YELLOWEDGE",868690.59,2212748.5,72,FALSE
2002,167700,"HIND, RED",2410.38,4025.6,37,FALSE
2002,167702,"GROUPER, RED",6796154.61,12501342.632000001,177,FALSE
2002,167703,"GROUPER, MISTY",649,1099.3,3,FALSE
2002,167704,"GROUPER, WARSAW",209103.32,379523.16,70,FALSE
2002,167705,"GROUPER, SNOWY",130728.98,255220.88,51,FALSE
2002,167740,"GROUPER, CONEY",32,38.5,2,TRUE
2002,167744,"GROUPER, MARBLED",2762.64,5178.5,11,FALSE
2002,167759,"GROUPER, GAG",3140182.13,7394157.3100000005,162,FALSE
2002,167760,"GROUPER, BLACK",306057.16000000003,707491.89,105,FALSE
2002,167762,"GROUPER, YELLOWMOUTH",949.86,1780.4,4,FALSE
2002,167763,SCAMP,353374.26,843442.408,110,FALSE
2002,167764,"GROUPER, YELLOWFIN",9541.39,19852.65,16,FALSE
2002,167806,"HAMLET, BUTTER",281,595.3,8,FALSE
2002,167852,"BASS, LANTERN",6,6,2,TRUE
2002,167859,TOBACCOFISH,22,31,2,TRUE
2002,167860,"BASS, HARLEQUIN",67,138.25,4,FALSE
2002,167861,"BASS, CHALK",10,50,1,TRUE
2002,168178,BIGEYE,588.04,520.85,2,TRUE
2002,168181,"SNAPPER, GLASSEYE",2,4,1,TRUE
2002,168204,FLAMEFISH,540,858.21,11,FALSE
2002,168541,"TILEFISH, BLACKLINE",24.64,22,1,TRUE
2002,168543,"TILEFISH, BLUELINE",60749.86,51570.49,28,FALSE
2002,168544,"TILEFISH, GOLDFACE",20996.36,32209.3,8,FALSE
2002,168546,"TILEFISH, GOLDEN",530849.08,762481.28,43,FALSE
2002,168548,"TILEFISH, SAND",7.72,4.5,3,FALSE
2002,168566,COBIA,104990.82,203507.294,138,FALSE
2002,168602,"POMPANO, AFRICAN",1253.03,1164.4,12,FALSE
2002,168607,"JACK, YELLOW",606.6,831.27,5,FALSE
2002,168609,"JACK, CREVALLE",351125.7,199799.74,71,FALSE
2002,168610,"JACK, HORSE-EYE",80.08,21.85,2,TRUE
2002,168612,"RUNNER, BLUE",253524.7,106337,56,FALSE
2002,168613,"JACK, BLACK",86.64,37.25,3,FALSE
2002,168615,"JACK, BAR",44553.01,35265.01,34,FALSE
2002,168689,"AMBERJACK, GREATER",701980.0700000001,710039.78,125,FALSE
2002,168690,"AMBERJACK, LESSER",110233.19,111491.49,44,FALSE
2002,168691,"JACK, ALMACO",46948.06,43602.488,45,FALSE
2002,168693,"RUDDERFISH, BANDED",12132.77,10274.960000000001,24,FALSE
2002,168738,"RUNNER, RAINBOW",976.72,591.9,10,FALSE
2002,168791,DOLPHIN,25455.09,32474.34,66,FALSE
2002,168847,"SNAPPER, CUBERA",832.5,865.09,9,FALSE
2002,168848,"SNAPPER, GRAY",230137.28,428973.602,172,FALSE
2002,168849,"SNAPPER, MUTTON",86224.74,147746.51,67,FALSE
2002,168850,SCHOOLMASTER,107.67,98.95,1,TRUE
2002,168852,"SNAPPER, BLACKFIN",2229.23,3856.4,13,FALSE
2002,168853,"SNAPPER, RED",4814418.5200000005,10685875.37,147,FALSE
2002,168857,"SNAPPER, DOG",578.36,406.2,4,FALSE
2002,168858,"SNAPPER, MAHOGANY",13.32,15,1,TRUE
2002,168860,"SNAPPER, LANE",53014.26,92369.8,106,FALSE
2002,168861,"SNAPPER, SILK",46653.48,98149.91,38,FALSE
2002,168899,"SNAPPER, BLACK",24176.61,38480.17,21,FALSE
2002,168902,"SNAPPER, QUEEN",11667.65,20871.83,21,FALSE
2002,168907,"SNAPPER, YELLOWTAIL",318904.24,583110.54,62,FALSE
2002,168909,"SNAPPER, VERMILION",2016943.3800000001,3597377.962,107,FALSE
2002,168913,WENCHMAN,66208.74,75476.72,7,FALSE
2002,169007,TRIPLETAIL,5583.14,4813.47,21,FALSE
2002,169065,"GRUNT, FRENCH",24,48.5,2,TRUE
2002,169086,PORKFISH,1953,3026.67,11,FALSE
2002,169183,"PORGY, LONGSPINE",313.02,282,1,TRUE
2002,169197,"PORGY, JOLTHEAD",1570.26,1271.13,11,FALSE
2002,169200,"PORGY, WHITEBONE",3169,2559.65,13,FALSE
2002,169201,"PORGY, KNOBBED",34815.88,21606.55,7,FALSE
2002,169207,"PORGY, RED",102564.1,109668.3,52,FALSE
2002,169290,"DRUM, RED",19997,28359.9,13,FALSE
2002,169314,JACKKNIFE-FISH,491,1858.5,11,FALSE
2002,169317,"DRUM, SPOTTED",15,37.5,1,TRUE
2002,169421,"GOATFISH, SPOTTED",16,50.5,3,FALSE
2002,169539,"SPADEFISH, ATLANTIC",5290.59,3770.89,37,FALSE
2002,169556,"BUTTERFLYFISH, SPOTFIN",65,130,6,FALSE
2002,169558,"BUTTERFLYFISH, FOUREYE",390,718.4,11,FALSE
2002,169563,"BUTTERFLYFISH, BANDED",79,231.23,8,FALSE
2002,169593,"BUTTERFLYFISH, LONGSNOUT",28,45.5,2,TRUE
2002,169623,"ANGELFISH, QUEEN",460,6962.5,10,FALSE
2002,169625,"BEAUTY, ROCK",192,1311.5,6,FALSE
2002,169632,"ANGELFISH, GRAY",666,5450.74,13,FALSE
2002,169633,"ANGELFISH, FRENCH",162,2716,13,FALSE
2002,170046,"MAJOR, SERGEANT",40,45.73,5,FALSE
2002,170080,"CHROMIS, BLUE",94,301,3,FALSE
2002,170082,SUNSHINEFISH,24,24,1,TRUE
2002,170116,"DAMSELFISH, YELLOWTAIL",9,35,4,FALSE
2002,170224,"HAWKFISH, REDSPOTTED",2,5,1,TRUE
2002,170484,"HOGFISH, SPANISH",118,730.12,6,FALSE
2002,170496,"WRASSE, CREOLE",2,4,1,TRUE
2002,170506,"WRASSE, YELLOWHEAD",15,57,2,TRUE
2002,170507,"WRASSE, CLOWN",20,32.58,4,FALSE
2002,170510,PUDDINGWIFE,3,5.94,2,TRUE
2002,170566,HOGFISH,29238.79,59668.08,49,FALSE
2002,170568,BLUEHEAD,169,458.96,6,FALSE
2002,170811,"PARROTFISH, BLUE",1,4,1,TRUE
2002,170812,"PARROTFISH, MIDNIGHT",2,12,1,TRUE
2002,170815,"PARROTFISH, PRINCESS",66,345.5,4,FALSE
2002,170863,"PARROTFISH, REDBAND",52,336.32,3,FALSE
2002,170867,"PARROTFISH, STOPLIGHT",23,174.99,3,FALSE
2002,170928,"JAWFISH, YELLOWHEAD",101,518,3,FALSE
2002,170932,"JAWFISH, DUSKY",11,42,2,TRUE
2002,171203,"BLENNY, REDLIP",3,6,1,TRUE
2002,172252,"SURGEON, OCEAN",139,221.7,8,FALSE
2002,172253,DOCTORFISH,40,230,1,TRUE
2002,172254,"TANG, BLUE",1065,4619.5,10,FALSE
2002,172401,"TUNA, SKIPJACK",42.5,43.5,2,TRUE
2002,172402,"TUNA, LITTLE TUNNY",428715.76,130532.37,41,FALSE
2002,172419,"TUNA, ALBACORE",19195.21,8548.1,9,FALSE
2002,172421,"TUNA, BLUEFIN",65152.03,300140.15,8,FALSE
2002,172423,"TUNA, YELLOWFIN",4248110.38,12596092.67,46,FALSE
2002,172427,"TUNA, BLACKFIN",35006.99,20885.79,65,FALSE
2002,172428,"TUNA, BIGEYE",44238.75,179674.05,11,FALSE
2002,172435,"MACKEREL, KING",1441969.55,1786796.23,105,FALSE
2002,172436,"MACKEREL, SPANISH",960278.12,504892.06,98,FALSE
2002,172437,CERO,194.9,144.8,7,FALSE
2002,172451,WAHOO,119527.42,121697.95,64,FALSE
2002,172482,SWORDFISH,861978.99,1819716.15,25,FALSE
2002,173134,"FILEFISH, SCRAWLED",3,7.5,1,TRUE
2002,173138,"TRIGGERFISH, GRAY",92999.52,98576.87,43,FALSE
2002,173139,"TRIGGERFISH, QUEEN",1101.56,1347.3,5,FALSE
2002,173157,"FILEFISH, WHITESPOTTED",4,17.5,4,FALSE
2002,173245,"COWFISH, SCRAWLED",841,286.7,5,FALSE
2002,173246,"COWFISH, HONEYCOMBED",1221,1286.5,4,FALSE
2002,173320,"PUFFER, SHARPNOSE",231,293.75,5,FALSE
2002,181220,GRAYSBY,112.17,287.25,4,FALSE
2002,614740,"PARROTFISH, STRIPED",235,681.05,3,FALSE
2002,615345,BEAUGREGORY,200,248.35,6,FALSE
2002,615416,"DAMSELFISH, BICOLOR",34,34,1,TRUE
2002,615421,"DAMSELFISH, DUSKY",15,19.5,1,TRUE
2002,615485,"DAMSELFISH, THREESPOT",11,13.5,1,TRUE
2002,636786,"GOBY,NEON",155,465.15,5,FALSE
2002,646513,HIGH-HAT,1051,1350.64,14,FALSE
2002,650251,"BARRACUDA, GREAT",8309.5,3829.67,7,FALSE
2003,159911,"SHARK, PORBEAGLE",160.89,63,2,TRUE
2003,159916,"SHARK, THRESHER",158.46,84.35000000000001,2,TRUE
2003,159924,"SHARK, MAKO, SHORTFIN",18562.77,14513.12,24,FALSE
2003,159977,"SHARK, NURSE",51,50,2,TRUE
2003,160189,"SHARK, TIGER",928.52,222.20000000000002,1,TRUE
2003,160200,"SHARK, ATLANTIC SHARPNOSE",86200.47,25986.65,4,FALSE
2003,160275,"SHARK, BULL",50053.41,11295.95,11,FALSE
2003,160289,"SHARK, SANDBAR",647951.11,184590.14,13,FALSE
2003,160304,"SHARK, BLACKNOSE",14009.53,4930.2,6,FALSE
2003,160307,"SHARK, BIGNOSE",125.10000000000001,67.5,1,TRUE
2003,160310,"SHARK, SILKY",1834.8,576.5500000000001,2,TRUE
2003,160318,"SHARK, BLACKTIP",1389703.48,247930.95,27,FALSE
2003,160401,"SHARK, SPINNER",1426.14,135.25,3,FALSE
2003,160409,"SHARK, FINETOOTH",3687.67,1099.45,1,TRUE
2003,160413,"SHARK, NIGHT",27.8,8,1,TRUE
2003,160424,"SHARK, BLUE",8790.36,1759.5,1,TRUE
2003,160433,"SHARK, LEMON",17751.28,5236.6,7,FALSE
2003,160502,"SHARK, BONNETHEAD",139,61.5,3,FALSE
2003,160787,"SHARK, ATLANTIC ANGEL",1659.39,687.485,1,TRUE
2003,160951,"STINGRAY, SOUTHERN",25,75,1,TRUE
2003,161186,"MORAY, GREEN",3,37.5,1,TRUE
2003,161237,"MORAY, GOLDENTAIL",6,41,3,FALSE
2003,166487,SEAHORSES,15729,1910.25,5,FALSE
2003,166704,SCORPIONFISHES,19785.08,17671.91,22,FALSE
2003,167687,"BASS, BLACK SEA",137598.91,112988.79000000001,39,FALSE
2003,167691,"BASS, ROCK SEA",108.56,143.52,1,TRUE
2003,167696,"HIND, ROCK",514.48,932.9,9,FALSE
2003,167698,"HIND, SPECKLED",82178.21,151567.16,45,FALSE
2003,167699,"GROUPER, YELLOWEDGE",1263370.02,3160456.09,74,FALSE
2003,167700,"HIND, RED",3072.47,5536.86,33,FALSE
2003,167702,"GROUPER, RED",5683242.63,11380291.5796,181,FALSE
2003,167703,"GROUPER, MISTY",414.18,928.3,5,FALSE
2003,167704,"GROUPER, WARSAW",251073.66,475165.65,74,FALSE
2003,167705,"GROUPER, SNOWY",216390.83000000002,441670.71,58,FALSE
2003,167740,"GROUPER, CONEY",61,60.02,2,TRUE
2003,167744,"GROUPER, MARBLED",3063.3,5990,16,FALSE
2003,167759,"GROUPER, GAG",2698150.7600000002,6872199.01,158,FALSE
2003,167760,"GROUPER, BLACK",365229.25,896655.62,97,FALSE
2003,167762,"GROUPER, YELLOWMOUTH",295,637,2,TRUE
2003,167763,SCAMP,363697.4,916707.09,124,FALSE
2003,167764,"GROUPER, YELLOWFIN",4886.49,9477.2,18,FALSE
2003,167806,"HAMLET, BUTTER",128,239.5,9,FALSE
2003,167820,"BASS, PEPPERMINT",2,2.5,1,TRUE
2003,167859,TOBACCOFISH,24,10,2,TRUE
2003,167860,"BASS, HARLEQUIN",72,134.6,5,FALSE
2003,168178,BIGEYE,576.16,414.35,5,FALSE
2003,168181,"SNAPPER, GLASSEYE",4,8.75,1,TRUE
2003,168204,FLAMEFISH,622,1005.25,10,FALSE
2003,168543,"TILEFISH, BLUELINE",95842.31,75993.24,35,FALSE
2003,168544,"TILEFISH, GOLDFACE",38037.42,54693.11,11,FALSE
2003,168546,"TILEFISH, GOLDEN",401369.99,598421.23,48,FALSE
2003,168548,"TILEFISH, SAND",22.400000000000002,12.25,3,FALSE
2003,168566,COBIA,110858.22,231791.175,138,FALSE
2003,168602,"POMPANO, AFRICAN",156.66,283.12,7,FALSE
2003,168607,"JACK, YELLOW",47,94,1,TRUE
2003,168609,"JACK, CREVALLE",501694.78,300282.45,63,FALSE
2003,168610,"JACK, HORSE-EYE",125.60000000000001,62.3,3,FALSE
2003,168612,"RUNNER, BLUE",304267.9,129279.97,57,FALSE
2003,168613,"JACK, BLACK",13.280000000000001,5,2,TRUE
2003,168615,"JACK, BAR",43206.33,38057.57,43,FALSE
2003,168689,"AMBERJACK, GREATER",854487.09,781864,126,FALSE
2003,168690,"AMBERJACK, LESSER",73144.13,73732.89,46,FALSE
2003,168691,"JACK, ALMACO",36342.93,30200.19,44,FALSE
2003,168693,"RUDDERFISH, BANDED",7766.51,4970.32,25,FALSE
2003,168738,"RUNNER, RAINBOW",1914.92,852.15,10,FALSE
2003,168791,DOLPHIN,27070.41,36055.44,74,FALSE
2003,168847,"SNAPPER, CUBERA",1719.6200000000001,2153.35,8,FALSE
2003,168848,"SNAPPER, GRAY",200455.58000000002,379530.38,165,FALSE
2003,168849,"SNAPPER, MUTTON",113035.13,194920.57,66,FALSE
2003,168850,SCHOOLMASTER,52.17,61.55,3,FALSE
2003,168852,"SNAPPER, BLACKFIN",2376.52,4224.93,14,FALSE
2003,168853,"SNAPPER, RED",4445864.47,10477114.2999,141,FALSE
2003,168857,"SNAPPER, DOG",1132.76,391.90000000000003,2,TRUE
2003,168858,"SNAPPER, MAHOGANY",32.19,55.8,3,FALSE
2003,168860,"SNAPPER, LANE",50816.22,83868.015,98,FALSE
2003,168861,"SNAPPER, SILK",30880.2,68237.84,41,FALSE
2003,168899,"SNAPPER, BLACK",3440.95,4374.5,15,FALSE
2003,168902,"SNAPPER, QUEEN",9694.54,19518.37,33,FALSE
2003,168907,"SNAPPER, YELLOWTAIL",463155.94,831080.33,62,FALSE
2003,168909,"SNAPPER, VERMILION",2433801.7,4533740.8,117,FALSE
2003,168913,WENCHMAN,53099.88,48899.08,11,FALSE
2003,169007,TRIPLETAIL,3150.04,2473.8,18,FALSE
2003,169065,"GRUNT, FRENCH",28,59.25,4,FALSE
2003,169086,PORKFISH,2400,3662.3,10,FALSE
2003,169197,"PORGY, JOLTHEAD",3775.2200000000003,2939.05,16,FALSE
2003,169200,"PORGY, WHITEBONE",10912.48,9921,13,FALSE
2003,169201,"PORGY, KNOBBED",21497.78,12810.72,10,FALSE
2003,169207,"PORGY, RED",104184.48,111450.29000000001,48,FALSE
2003,169290,"DRUM, RED",26646,37005.5,10,FALSE
2003,169314,JACKKNIFE-FISH,686,3617.2,10,FALSE
2003,169317,"DRUM, SPOTTED",11,89.5,3,FALSE
2003,169421,"GOATFISH, SPOTTED",6,22,3,FALSE
2003,169539,"SPADEFISH, ATLANTIC",4432.59,2427.5,29,FALSE
2003,169556,"BUTTERFLYFISH, SPOTFIN",131,316.25,6,FALSE
2003,169558,"BUTTERFLYFISH, FOUREYE",375,717.66,9,FALSE
2003,169563,"BUTTERFLYFISH, BANDED",19,67.5,4,FALSE
2003,169593,"BUTTERFLYFISH, LONGSNOUT",1,2,1,TRUE
2003,169623,"ANGELFISH, QUEEN",795,9027.99,14,FALSE
2003,169625,"BEAUTY, ROCK",154,1197.25,7,FALSE
2003,169632,"ANGELFISH, GRAY",1043,7319.5,14,FALSE
2003,169633,"ANGELFISH, FRENCH",153,2368,15,FALSE
2003,170046,"MAJOR, SERGEANT",31,53.94,6,FALSE
2003,170080,"CHROMIS, BLUE",147,470,5,FALSE
2003,170082,SUNSHINEFISH,36,51.480000000000004,1,TRUE
2003,170116,"DAMSELFISH, YELLOWTAIL",9,17.25,4,FALSE
2003,170224,"HAWKFISH, REDSPOTTED",3,8,1,TRUE
2003,170484,"HOGFISH, SPANISH",78,575.46,7,FALSE
2003,170496,"WRASSE, CREOLE",5,9,2,TRUE
2003,170506,"WRASSE, YELLOWHEAD",34,67,3,FALSE
2003,170507,"WRASSE, CLOWN",6,9.9,3,FALSE
2003,170510,PUDDINGWIFE,5,15.79,2,TRUE
2003,170566,HOGFISH,27955.8,60034.92,50,FALSE
2003,170568,BLUEHEAD,208,556.36,7,FALSE
2003,170811,"PARROTFISH, BLUE",3,18,1,TRUE
2003,170812,"PARROTFISH, MIDNIGHT",1,5,1,TRUE
2003,170815,"PARROTFISH, PRINCESS",8,60.2,2,TRUE
2003,170863,"PARROTFISH, REDBAND",6,55,1,TRUE
2003,170867,"PARROTFISH, STOPLIGHT",6,37,1,TRUE
2003,170928,"JAWFISH, YELLOWHEAD",145,728.75,3,FALSE
2003,170932,"JAWFISH, DUSKY",43,75.25,1,TRUE
2003,171203,"BLENNY, REDLIP",11,17.5,3,FALSE
2003,172252,"SURGEON, OCEAN",91,248.85,8,FALSE
2003,172253,DOCTORFISH,114,706,2,TRUE
2003,172254,"TANG, BLUE",478,1819.3,12,FALSE
2003,172401,"TUNA, SKIPJACK",189.86,588.55,3,FALSE
2003,172402,"TUNA, LITTLE TUNNY",1104688.2,329464.64,39,FALSE
2003,172419,"TUNA, ALBACORE",16307.75,31164.000000000004,6,FALSE
2003,172421,"TUNA, BLUEFIN",83996,389637.56,10,FALSE
2003,172423,"TUNA, YELLOWFIN",3763551.3,11054697.4,32,FALSE
2003,172427,"TUNA, BLACKFIN",31162.43,13812.49,54,FALSE
2003,172428,"TUNA, BIGEYE",33861.25,101473.68,11,FALSE
2003,172435,"MACKEREL, KING",1660387.42,1966056.11,90,FALSE
2003,172436,"MACKEREL, SPANISH",1473301.81,733105.83,105,FALSE
2003,172437,CERO,231.4,124.80000000000001,4,FALSE
2003,172451,WAHOO,123361.85,129703,48,FALSE
2003,172482,SWORDFISH,735863.76,1468648.33,22,FALSE
2003,173134,"FILEFISH, SCRAWLED",5,22,2,TRUE
2003,173138,"TRIGGERFISH, GRAY",93960.19,102338.53,41,FALSE
2003,173139,"TRIGGERFISH, QUEEN",35,40.7,3,FALSE
2003,173157,"FILEFISH, WHITESPOTTED",13,34.5,3,FALSE
2003,173238,"TRUNKFISH, SPOTTED",2,0,1,TRUE
2003,173245,"COWFISH, SCRAWLED",1672,338.07,3,FALSE
2003,173246,"COWFISH, HONEYCOMBED",828,734,2,TRUE
2003,173320,"PUFFER, SHARPNOSE",189,271.49,5,FALSE
2003,181220,GRAYSBY,23.990000000000002,61.9,6,FALSE
2003,614740,"PARROTFISH, STRIPED",110,328.5,3,FALSE
2003,615345,BEAUGREGORY,60,107.85,7,FALSE
2003,615416,"DAMSELFISH, BICOLOR",18,17.5,3,FALSE
2003,615485,"DAMSELFISH, THREESPOT",2,2.2,1,TRUE
2003,636786,"GOBY,NEON",1347,4102,6,FALSE
2003,646513,HIGH-HAT,1043,1480.85,14,FALSE
2003,650251,"BARRACUDA, GREAT",5233,2452.98,7,FALSE
2004,159916,"SHARK, THRESHER",123.71000000000001,44.5,1,TRUE
2004,159924,"SHARK, MAKO, SHORTFIN",21732.33,17006.7,25,FALSE
2004,159977,"SHARK, NURSE",112,1358.97,3,FALSE
2004,160189,"SHARK, TIGER",2235.12,673.5,3,FALSE
2004,160200,"SHARK, ATLANTIC SHARPNOSE",73831.81,25453.84,4,FALSE
2004,160275,"SHARK, BULL",28932.84,6115.81,12,FALSE
2004,160289,"SHARK, SANDBAR",490396.92,129448.885,12,FALSE
2004,160304,"SHARK, BLACKNOSE",8443.9,2439.38,6,FALSE
2004,160310,"SHARK, SILKY",294.68,63.6,1,TRUE
2004,160318,"SHARK, BLACKTIP",1024589.27,197977.37,21,FALSE
2004,160401,"SHARK, SPINNER",57.69,20.75,1,TRUE
2004,160409,"SHARK, FINETOOTH",67162.47,24304.95,4,FALSE
2004,160424,"SHARK, BLUE",11,7.7,1,TRUE
2004,160433,"SHARK, LEMON",5434.21,1190.82,4,FALSE
2004,160502,"SHARK, BONNETHEAD",1569.3100000000002,897.7,2,TRUE
2004,160787,"SHARK, ATLANTIC ANGEL",808.98,413.22,1,TRUE
2004,160951,"STINGRAY, SOUTHERN",13,82,3,FALSE
2004,161186,"MORAY, GREEN",36,179,4,FALSE
2004,161237,"MORAY, GOLDENTAIL",2,15,1,TRUE
2004,166487,SEAHORSES,151,413.07,3,FALSE
2004,166704,SCORPIONFISHES,14140.68,11126.48,25,FALSE
2004,167687,"BASS, BLACK SEA",29492.23,19703.45,31,FALSE
2004,167690,"BASS, BANK SEA",67.4,38.9,2,TRUE
2004,167691,"BASS, ROCK SEA",9.44,7.2,1,TRUE
2004,167696,"HIND, ROCK",385.86,589.0500000000001,12,FALSE
2004,167698,"HIND, SPECKLED",101822.06,200401.43,38,FALSE
2004,167699,"GROUPER, YELLOWEDGE",1028263.29,2542222.44,55,FALSE
2004,167700,"HIND, RED",6949.41,12113.65,34,FALSE
2004,167702,"GROUPER, RED",6649701.23,12998137.958,165,FALSE
2004,167703,"GROUPER, MISTY",38.82,87.19,1,TRUE
2004,167704,"GROUPER, WARSAW",166574.45,311767.17,68,FALSE
2004,167705,"GROUPER, SNOWY",182392.77,373312.23,52,FALSE
2004,167740,"GROUPER, CONEY",3,46.5,2,TRUE
2004,167744,"GROUPER, MARBLED",3660.36,7655.1500000000005,12,FALSE
2004,167759,"GROUPER, GAG",3069897.41,7650603.55,163,FALSE
2004,167760,"GROUPER, BLACK",371909.81,910087.38,96,FALSE
2004,167762,"GROUPER, YELLOWMOUTH",522.86,1452.9,5,FALSE
2004,167763,SCAMP,371049.5,925299.625,123,FALSE
2004,167764,"GROUPER, YELLOWFIN",6257.81,14636.4,19,FALSE
2004,167767,"GROUPER, TIGER",1.8900000000000001,0.64,1,TRUE
2004,167806,"HAMLET, BUTTER",206,566.5,12,FALSE
2004,167860,"BASS, HARLEQUIN",56,123.12,5,FALSE
2004,168178,BIGEYE,1519.64,1299.35,8,FALSE
2004,168181,"SNAPPER, GLASSEYE",1,2,1,TRUE
2004,168204,FLAMEFISH,331,613,8,FALSE
2004,168541,"TILEFISH, BLACKLINE",1.12,0.5,1,TRUE
2004,168543,"TILEFISH, BLUELINE",129764.36,106814.62,33,FALSE
2004,168544,"TILEFISH, GOLDFACE",84590.76,111841.8,8,FALSE
2004,168546,"TILEFISH, GOLDEN",464239.16000000003,665845.28,47,FALSE
2004,168548,"TILEFISH, SAND",72.2,38.84,5,FALSE
2004,168566,COBIA,99860.9,209647.28,122,FALSE
2004,168602,"POMPANO, AFRICAN",199.65,331.88,4,FALSE
2004,168607,"JACK, YELLOW",610.95,384.3,4,FALSE
2004,168609,"JACK, CREVALLE",340649.46,205676.15,65,FALSE
2004,168610,"JACK, HORSE-EYE",354.72,167.05,5,FALSE
2004,168612,"RUNNER, BLUE",434544.14,180495.02,56,FALSE
2004,168613,"JACK, BLACK",188.24,82,3,FALSE
2004,168615,"JACK, BAR",43138.91,30738.23,44,FALSE
2004,168689,"AMBERJACK, GREATER",861332.53,773031.8,119,FALSE
2004,168690,"AMBERJACK, LESSER",67749.54000000001,73554.9,42,FALSE
2004,168691,"JACK, ALMACO",27746.86,23939.29,33,FALSE
2004,168693,"RUDDERFISH, BANDED",3629.3,2468.21,17,FALSE
2004,168738,"RUNNER, RAINBOW",207.76,100.6,5,FALSE
2004,168791,DOLPHIN,43448.41,70633.2,56,FALSE
2004,168847,"SNAPPER, CUBERA",1376.41,1550.09,14,FALSE
2004,168848,"SNAPPER, GRAY",229468.06,441168.918,159,FALSE
2004,168849,"SNAPPER, MUTTON",202278.38,346404.4,60,FALSE
2004,168850,SCHOOLMASTER,137.35999999999999,226.49,2,TRUE
2004,168852,"SNAPPER, BLACKFIN",3787.32,7326.25,17,FALSE
2004,168853,"SNAPPER, RED",4441371.82,11107745.102,145,FALSE
2004,168857,"SNAPPER, DOG",1442.22,875.65,6,FALSE
2004,168860,"SNAPPER, LANE",42483.19,70969.27,101,FALSE
2004,168861,"SNAPPER, SILK",34373.8,79037.99,41,FALSE
2004,168899,"SNAPPER, BLACK",8438.42,12790.57,13,FALSE
2004,168902,"SNAPPER, QUEEN",7901.610000000001,15924.4,31,FALSE
2004,168907,"SNAPPER, YELLOWTAIL",476111.53,989513.48,64,FALSE
2004,168909,"SNAPPER, VERMILION",2137053.42,4050602.32,117,FALSE
2004,168913,WENCHMAN,64313.96,51616.55,10,FALSE
2004,169007,TRIPLETAIL,3194.26,2772.31,19,FALSE
2004,169065,"GRUNT, FRENCH",35,107,3,FALSE
2004,169086,PORKFISH,1411,2596.36,12,FALSE
2004,169183,"PORGY, LONGSPINE",83.25,105,1,TRUE
2004,169197,"PORGY, JOLTHEAD",5622.74,4325.24,25,FALSE
2004,169200,"PORGY, WHITEBONE",9521.8,10057.89,12,FALSE
2004,169201,"PORGY, KNOBBED",32023.850000000002,16145.49,21,FALSE
2004,169207,"PORGY, RED",114008.67,118023.67,53,FALSE
2004,169290,"DRUM, RED",32532,49564,9,FALSE
2004,169314,JACKKNIFE-FISH,445,2265.5,8,FALSE
2004,169421,"GOATFISH, SPOTTED",2,8,2,TRUE
2004,169539,"SPADEFISH, ATLANTIC",6459.98,3324.94,40,FALSE
2004,169556,"BUTTERFLYFISH, SPOTFIN",58,154.75,7,FALSE
2004,169558,"BUTTERFLYFISH, FOUREYE",227,507.05,12,FALSE
2004,169563,"BUTTERFLYFISH, BANDED",13,44.25,5,FALSE
2004,169623,"ANGELFISH, QUEEN",685,10184,17,FALSE
2004,169625,"BEAUTY, ROCK",121,798.5,6,FALSE
2004,169632,"ANGELFISH, GRAY",2527,17335.74,18,FALSE
2004,169633,"ANGELFISH, FRENCH",94,1496,13,FALSE
2004,170046,"MAJOR, SERGEANT",20,36,3,FALSE
2004,170080,"CHROMIS, BLUE",57,160.75,6,FALSE
2004,170082,SUNSHINEFISH,53,100.17,1,TRUE
2004,170116,"DAMSELFISH, YELLOWTAIL",2,6,2,TRUE
2004,170224,"HAWKFISH, REDSPOTTED",8,23,3,FALSE
2004,170484,"HOGFISH, SPANISH",62,219.65,4,FALSE
2004,170496,"WRASSE, CREOLE",2,8.5,1,TRUE
2004,170506,"WRASSE, YELLOWHEAD",15,29,1,TRUE
2004,170507,"WRASSE, CLOWN",14,42,2,TRUE
2004,170510,PUDDINGWIFE,1,5,1,TRUE
2004,170566,HOGFISH,25286.99,58327.5,48,FALSE
2004,170568,BLUEHEAD,176,483.21,9,FALSE
2004,170811,"PARROTFISH, BLUE",21,25,2,TRUE
2004,170812,"PARROTFISH, MIDNIGHT",2,40,1,TRUE
2004,170814,"PARROTFISH, RAINBOW",15,178,3,FALSE
2004,170815,"PARROTFISH, PRINCESS",21,165.75,4,FALSE
2004,170863,"PARROTFISH, REDBAND",3,34,2,TRUE
2004,170867,"PARROTFISH, STOPLIGHT",6,66.5,2,TRUE
2004,170928,"JAWFISH, YELLOWHEAD",18,137.5,2,TRUE
2004,170932,"JAWFISH, DUSKY",47,103.3,2,TRUE
2004,171203,"BLENNY, REDLIP",1,3,1,TRUE
2004,172252,"SURGEON, OCEAN",32,83.5,6,FALSE
2004,172253,DOCTORFISH,33,194,4,FALSE
2004,172254,"TANG, BLUE",265,933.9,13,FALSE
2004,172401,"TUNA, SKIPJACK",1055.75,599.2,7,FALSE
2004,172402,"TUNA, LITTLE TUNNY",196547.26,60595.58,36,FALSE
2004,172419,"TUNA, ALBACORE",17365.91,8388.75,6,FALSE
2004,172421,"TUNA, BLUEFIN",146168,573870.04,9,FALSE
2004,172423,"TUNA, YELLOWFIN",3597623.03,11964250.93,29,FALSE
2004,172427,"TUNA, BLACKFIN",17307.26,9581.4,43,FALSE
2004,172428,"TUNA, BIGEYE",9300,40734.05,11,FALSE
2004,172435,"MACKEREL, KING",2101169,2339682.86,98,FALSE
2004,172436,"MACKEREL, SPANISH",1137001.84,687397.085,93,FALSE
2004,172437,CERO,208.5,258.09,7,FALSE
2004,172451,WAHOO,144307.52,144804.66,61,FALSE
2004,172482,SWORDFISH,577852.09,1413194.7,21,FALSE
2004,173134,"FILEFISH, SCRAWLED",190,205,2,TRUE
2004,173138,"TRIGGERFISH, GRAY",86559.12,87170.89,51,FALSE
2004,173139,"TRIGGERFISH, QUEEN",461.24,518.9,4,FALSE
2004,173157,"FILEFISH, WHITESPOTTED",2,24,2,TRUE
2004,173170,"TRIGGERFISH, OCEAN",759.2,839.5,1,TRUE
2004,173174,"DURGON, BLACK",4,6.75,1,TRUE
2004,173238,"TRUNKFISH, SPOTTED",19,38,1,TRUE
2004,173245,"COWFISH, SCRAWLED",1439,1322.75,7,FALSE
2004,173246,"COWFISH, HONEYCOMBED",772,892.25,5,FALSE
2004,173320,"PUFFER, SHARPNOSE",289,487.4,6,FALSE
2004,181220,GRAYSBY,60.92,157.15,5,FALSE
2004,614740,"PARROTFISH, STRIPED",118,408,2,TRUE
2004,615345,BEAUGREGORY,36,35.4,6,FALSE
2004,615485,"DAMSELFISH, THREESPOT",1,1,1,TRUE
2004,636786,"GOBY,NEON",877,3387.96,6,FALSE
2004,646513,HIGH-HAT,638,1011.75,13,FALSE
2004,650251,"BARRACUDA, GREAT",2801.5,1803.92,18,FALSE
2005,159924,"SHARK, MAKO, SHORTFIN",28110.5,21749.6,26,FALSE
2005,159977,"SHARK, NURSE",5,145,3,FALSE
2005,160189,"SHARK, TIGER",1241.27,433.22,4,FALSE
2005,160200,"SHARK, ATLANTIC SHARPNOSE",116725.41,59566.5,6,FALSE
2005,160275,"SHARK, BULL",117828.36,38386.95,11,FALSE
2005,160289,"SHARK, SANDBAR",508901.01,168295.8,15,FALSE
2005,160304,"SHARK, BLACKNOSE",60893.82,22657.95,5,FALSE
2005,160310,"SHARK, SILKY",3438.17,1042.75,2,TRUE
2005,160318,"SHARK, BLACKTIP",874034.08,284746.02,28,FALSE
2005,160401,"SHARK, SPINNER",33898.46,12437.73,8,FALSE
2005,160409,"SHARK, FINETOOTH",1349.9,455,2,TRUE
2005,160433,"SHARK, LEMON",22172.59,6260.9,5,FALSE
2005,160515,"SHARK, HAMMERHEAD, GREAT",333,120,1,TRUE
2005,160787,"SHARK, ATLANTIC ANGEL",4773.21,2129.0552000000002,1,TRUE
2005,160951,"STINGRAY, SOUTHERN",7,80,3,FALSE
2005,161186,"MORAY, GREEN",7,198.86,4,FALSE
2005,161237,"MORAY, GOLDENTAIL",6,81,1,TRUE
2005,166487,SEAHORSES,1484,4597.7,6,FALSE
2005,166704,SCORPIONFISHES,6805.26,5914.08,19,FALSE
2005,167687,"BASS, BLACK SEA",49046.590000000004,37143.93,32,FALSE
2005,167690,"BASS, BANK SEA",1.18,1,1,TRUE
2005,167691,"BASS, ROCK SEA",70.80000000000001,36,2,TRUE
2005,167696,"HIND, ROCK",234.5,335.15,11,FALSE
2005,167698,"HIND, SPECKLED",88999.5,181246.27,41,FALSE
2005,167699,"GROUPER, YELLOWEDGE",911155.15,2354025.07,57,FALSE
2005,167700,"HIND, RED",2481.23,3940.8,25,FALSE
2005,167702,"GROUPER, RED",6345038.25,13288115.41,161,FALSE
2005,167703,"GROUPER, MISTY",594.48,1366.5500000000002,2,TRUE
2005,167704,"GROUPER, WARSAW",161493.07,332666.03,63,FALSE
2005,167705,"GROUPER, SNOWY",184059.13,401221.39,50,FALSE
2005,167740,"GROUPER, CONEY",12.18,86,3,FALSE
2005,167744,"GROUPER, MARBLED",3427.96,6996.05,8,FALSE
2005,167759,"GROUPER, GAG",2718264.92,7156541.105,145,FALSE
2005,167760,"GROUPER, BLACK",217697.31,556546.8895,82,FALSE
2005,167762,"GROUPER, YELLOWMOUTH",574.66,1275.15,5,FALSE
2005,167763,SCAMP,357873.08,933025.84,102,FALSE
2005,167764,"GROUPER, YELLOWFIN",6676.04,17093.800000000003,13,FALSE
2005,167806,"HAMLET, BUTTER",107,261.75,7,FALSE
2005,167859,TOBACCOFISH,25,75,1,TRUE
2005,167860,"BASS, HARLEQUIN",45,89.95,6,FALSE
2005,168178,BIGEYE,465.28000000000003,286.1,6,FALSE
2005,168204,FLAMEFISH,234,400.45,10,FALSE
2005,168543,"TILEFISH, BLUELINE",94422.14,82812.28,40,FALSE
2005,168544,"TILEFISH, GOLDFACE",34771.520000000004,51856.15,6,FALSE
2005,168546,"TILEFISH, GOLDEN",576007.38,949067.14,45,FALSE
2005,168548,"TILEFISH, SAND",54.88,33.8,5,FALSE
2005,168566,COBIA,87476.28,191872.8,125,FALSE
2005,168602,"POMPANO, AFRICAN",36.5,79.38,4,FALSE
2005,168607,"JACK, YELLOW",166,98.25,6,FALSE
2005,168609,"JACK, CREVALLE",243563.56,155306.91,62,FALSE
2005,168610,"JACK, HORSE-EYE",51.92,19.8,3,FALSE
2005,168612,"RUNNER, BLUE",238795.49,111539.13,58,FALSE
2005,168615,"JACK, BAR",31286.03,24101.841,41,FALSE
2005,168689,"AMBERJACK, GREATER",662920.65,638888.5,117,FALSE
2005,168690,"AMBERJACK, LESSER",43785.840000000004,51798.7,26,FALSE
2005,168691,"JACK, ALMACO",18738.97,17085.71,34,FALSE
2005,168693,"RUDDERFISH, BANDED",3712.29,2383.98,15,FALSE
2005,168738,"RUNNER, RAINBOW",105.75999999999999,41.5,3,FALSE
2005,168791,DOLPHIN,21650.86,35692.64,49,FALSE
2005,168847,"SNAPPER, CUBERA",744.26,1018.45,7,FALSE
2005,168848,"SNAPPER, GRAY",238840.39,466979.79,152,FALSE
2005,168849,"SNAPPER, MUTTON",144310.81,265599.6,62,FALSE
2005,168852,"SNAPPER, BLACKFIN",3409.93,6954,13,FALSE
2005,168853,"SNAPPER, RED",4188255.38,11557416.9,146,FALSE
2005,168857,"SNAPPER, DOG",786.49,971.46,9,FALSE
2005,168860,"SNAPPER, LANE",40058.8,75426.42,87,FALSE
2005,168861,"SNAPPER, SILK",26467.3,61957.340000000004,40,FALSE
2005,168899,"SNAPPER, BLACK",3978.63,5562.36,12,FALSE
2005,168902,"SNAPPER, QUEEN",13179.73,29070.77,32,FALSE
2005,168907,"SNAPPER, YELLOWTAIL",540762.23,1205085.46,69,FALSE
2005,168909,"SNAPPER, VERMILION",1870131.77,3765889.9590000003,120,FALSE
2005,168913,WENCHMAN,63300.34,61629.85,8,FALSE
2005,169007,TRIPLETAIL,719.34,805.5,22,FALSE
2005,169065,"GRUNT, FRENCH",1857,9273,2,TRUE
2005,169086,PORKFISH,1166,2492.55,10,FALSE
2005,169197,"PORGY, JOLTHEAD",6816.09,6586.75,26,FALSE
2005,169200,"PORGY, WHITEBONE",6806.48,6838.1900000000005,12,FALSE
2005,169201,"PORGY, KNOBBED",6929.54,4495.22,18,FALSE
2005,169207,"PORGY, RED",72492.6,72678.147,51,FALSE
2005,169290,"DRUM, RED",52898,78111.5,8,FALSE
2005,169314,JACKKNIFE-FISH,642,3109.5,9,FALSE
2005,169539,"SPADEFISH, ATLANTIC",28860.85,12103.14,30,FALSE
2005,169556,"BUTTERFLYFISH, SPOTFIN",31,113.75,5,FALSE
2005,169558,"BUTTERFLYFISH, FOUREYE",326,927.2,10,FALSE
2005,169563,"BUTTERFLYFISH, BANDED",17,53.5,4,FALSE
2005,169623,"ANGELFISH, QUEEN",337,4405.25,12,FALSE
2005,169625,"BEAUTY, ROCK",100,457.25,7,FALSE
2005,169632,"ANGELFISH, GRAY",541,4592.95,17,FALSE
2005,169633,"ANGELFISH, FRENCH",69,1156.5,11,FALSE
2005,170046,"MAJOR, SERGEANT",25,29,4,FALSE
2005,170080,"CHROMIS, BLUE",44,131,2,TRUE
2005,170116,"DAMSELFISH, YELLOWTAIL",3,8,2,TRUE
2005,170484,"HOGFISH, SPANISH",4,8.85,3,FALSE
2005,170506,"WRASSE, YELLOWHEAD",4,12,1,TRUE
2005,170507,"WRASSE, CLOWN",3,9,1,TRUE
2005,170510,PUDDINGWIFE,1,5,1,TRUE
2005,170566,HOGFISH,20194.100000000002,48361.86,43,FALSE
2005,170568,BLUEHEAD,103,284.3,7,FALSE
2005,170812,"PARROTFISH, MIDNIGHT",26,211,3,FALSE
2005,170814,"PARROTFISH, RAINBOW",20,207,3,FALSE
2005,170815,"PARROTFISH, PRINCESS",96,335.5,4,FALSE
2005,170816,"PARROTFISH, QUEEN",1,10,1,TRUE
2005,170863,"PARROTFISH, REDBAND",7,20,1,TRUE
2005,170867,"PARROTFISH, STOPLIGHT",3,10.5,1,TRUE
2005,170928,"JAWFISH, YELLOWHEAD",7,15,2,TRUE
2005,170932,"JAWFISH, DUSKY",3,2.6,3,FALSE
2005,172252,"SURGEON, OCEAN",67,104,3,FALSE
2005,172253,DOCTORFISH,56,253.5,5,FALSE
2005,172254,"TANG, BLUE",374,1455.95,9,FALSE
2005,172401,"TUNA, SKIPJACK",637,143.3,3,FALSE
2005,172402,"TUNA, LITTLE TUNNY",304462.75,100094,34,FALSE
2005,172419,"TUNA, ALBACORE",12840.66,4720.8,7,FALSE
2005,172421,"TUNA, BLUEFIN",96416.92,395987.94,8,FALSE
2005,172423,"TUNA, YELLOWFIN",2643979.58,8820867.02,27,FALSE
2005,172427,"TUNA, BLACKFIN",14489.78,10538.81,47,FALSE
2005,172428,"TUNA, BIGEYE",29052,124775.56,9,FALSE
2005,172435,"MACKEREL, KING",1958249.7,2391995.28,89,FALSE
2005,172436,"MACKEREL, SPANISH",1668552.07,960095.06,82,FALSE
2005,172437,CERO,191.8,116.46000000000001,9,FALSE
2005,172451,WAHOO,117776.55,131326.05,56,FALSE
2005,172482,SWORDFISH,617089.78,1392703.24,23,FALSE
2005,173138,"TRIGGERFISH, GRAY",45485.96,46609.31,40,FALSE
2005,173139,"TRIGGERFISH, QUEEN",201,118.95,4,FALSE
2005,173170,"TRIGGERFISH, OCEAN",14,10.5,1,TRUE
2005,173245,"COWFISH, SCRAWLED",283,297.2,3,FALSE
2005,173246,"COWFISH, HONEYCOMBED",1421,1201.15,6,FALSE
2005,173320,"PUFFER, SHARPNOSE",171,298.47,7,FALSE
2005,181220,GRAYSBY,17.28,28.200000000000003,4,FALSE
2005,614740,"PARROTFISH, STRIPED",4,44,1,TRUE
2005,615345,BEAUGREGORY,30,58.8,6,FALSE
2005,615416,"DAMSELFISH, BICOLOR",2,6,1,TRUE
2005,636786,"GOBY,NEON",639,1910.5,3,FALSE
2005,646513,HIGH-HAT,655,1501.35,12,FALSE
2005,650251,"BARRACUDA, GREAT",8837.5,6632.81,10,FALSE
2006,159924,"SHARK, MAKO, SHORTFIN",15713.27,15119.79,21,FALSE
2006,159977,"SHARK, NURSE",8,2.8000000000000003,1,TRUE
2006,160189,"SHARK, TIGER",15123.35,4658.73,6,FALSE
2006,160200,"SHARK, ATLANTIC SHARPNOSE",300315.86,132141.19,8,FALSE
2006,160275,"SHARK, BULL",148505.41,46692.950000000004,13,FALSE
2006,160289,"SHARK, SANDBAR",666508.79,185632.80000000002,14,FALSE
2006,160304,"SHARK, BLACKNOSE",107751.14,41193.75,6,FALSE
2006,160307,"SHARK, BIGNOSE",74,21.2,1,TRUE
2006,160310,"SHARK, SILKY",2085,600,1,TRUE
2006,160318,"SHARK, BLACKTIP",1145090.89,356138.98,26,FALSE
2006,160401,"SHARK, SPINNER",53463.24,20280.3,7,FALSE
2006,160409,"SHARK, FINETOOTH",44910.98,29815.95,5,FALSE
2006,160433,"SHARK, LEMON",33501.78,8956.85,9,FALSE
2006,160502,"SHARK, BONNETHEAD",771.45,298.8,1,TRUE
2006,160515,"SHARK, HAMMERHEAD, GREAT",2500,659.4000000000001,1,TRUE
2006,160951,"STINGRAY, SOUTHERN",34,1257.68,4,FALSE
2006,161186,"MORAY, GREEN",19,725,4,FALSE
2006,161237,"MORAY, GOLDENTAIL",5,80,1,TRUE
2006,166487,SEAHORSES,1278,3168.25,6,FALSE
2006,166704,SCORPIONFISHES,6049.8,6175.71,22,FALSE
2006,167687,"BASS, BLACK SEA",26237.3,26025.88,21,FALSE
2006,167690,"BASS, BANK SEA",5.54,6.4,2,TRUE
2006,167691,"BASS, ROCK SEA",295,300,1,TRUE
2006,167696,"HIND, ROCK",172.26,328.28000000000003,11,FALSE
2006,167698,"HIND, SPECKLED",65213.31,146459.1,35,FALSE
2006,167699,"GROUPER, YELLOWEDGE",815264.95,2244462.2600000002,52,FALSE
2006,167700,"HIND, RED",1456.4,2566.42,23,FALSE
2006,167702,"GROUPER, RED",5879407.33,13927843.47,141,FALSE
2006,167703,"GROUPER, MISTY",118.6,277.6,4,FALSE
2006,167704,"GROUPER, WARSAW",138820.79,308142.76,52,FALSE
2006,167705,"GROUPER, SNOWY",172053.67,396124.26,49,FALSE
2006,167740,"GROUPER, CONEY",3,21,1,TRUE
2006,167744,"GROUPER, MARBLED",2612.7,6330.5999999999995,7,FALSE
2006,167759,"GROUPER, GAG",1438931.66,4149754.8200000003,139,FALSE
2006,167760,"GROUPER, BLACK",159033.87,456280.96,83,FALSE
2006,167762,"GROUPER, YELLOWMOUTH",17.15,47.6,2,TRUE
2006,167763,SCAMP,249612.59,709815.91,109,FALSE
2006,167764,"GROUPER, YELLOWFIN",688.91,1838.65,9,FALSE
2006,167767,"GROUPER, TIGER",5.9,12.5,1,TRUE
2006,167806,"HAMLET, BUTTER",167,499.09,4,FALSE
2006,167860,"BASS, HARLEQUIN",35,92.59,4,FALSE
2006,168178,BIGEYE,1248.8,826.95,6,FALSE
2006,168204,FLAMEFISH,290,585.88,8,FALSE
2006,168543,"TILEFISH, BLUELINE",124577.43000000001,102634.04,37,FALSE
2006,168544,"TILEFISH, GOLDFACE",28711.36,41310.700000000004,3,FALSE
2006,168546,"TILEFISH, GOLDEN",297200.91000000003,471553.63,40,FALSE
2006,168548,"TILEFISH, SAND",17.92,12.3,4,FALSE
2006,168566,COBIA,80975.83,164235.64,120,FALSE
2006,168602,"POMPANO, AFRICAN",94,171,3,FALSE
2006,168607,"JACK, YELLOW",844,464.25,5,FALSE
2006,168609,"JACK, CREVALLE",381824.98,264468.46,68,FALSE
2006,168610,"JACK, HORSE-EYE",195.76000000000002,145.35,5,FALSE
2006,168612,"RUNNER, BLUE",126087.05,73540.53,47,FALSE
2006,168613,"JACK, BLACK",8.32,5.8500000000000005,1,TRUE
2006,168615,"JACK, BAR",29669.99,24024.21,40,FALSE
2006,168689,"AMBERJACK, GREATER",557629.61,614996.482,103,FALSE
2006,168690,"AMBERJACK, LESSER",40576.62,48083.22,24,FALSE
2006,168691,"JACK, ALMACO",15072.130000000001,15737.11,27,FALSE
2006,168693,"RUDDERFISH, BANDED",3217.06,2865.19,14,FALSE
2006,168738,"RUNNER, RAINBOW",86.76,48.3,5,FALSE
2006,168791,DOLPHIN,32345.04,53277.16,51,FALSE
2006,168847,"SNAPPER, CUBERA",1075.81,1417.01,10,FALSE
2006,168848,"SNAPPER, GRAY",203073.99,431460.54600000003,148,FALSE
2006,168849,"SNAPPER, MUTTON",141137.36000000002,285098.01,68,FALSE
2006,168850,SCHOOLMASTER,122.10000000000001,237.5,1,TRUE
2006,168852,"SNAPPER, BLACKFIN",6046.3,13140.9,9,FALSE
2006,168853,"SNAPPER, RED",4681519.0200000005,13259203.26,135,FALSE
2006,168857,"SNAPPER, DOG",1513.09,1010.44,5,FALSE
2006,168860,"SNAPPER, LANE",49479.68,97038.36,94,FALSE
2006,168861,"SNAPPER, SILK",16510.31,41184.18,35,FALSE
2006,168899,"SNAPPER, BLACK",6429.26,8593.68,14,FALSE
2006,168902,"SNAPPER, QUEEN",6207.46,14732.2,21,FALSE
2006,168907,"SNAPPER, YELLOWTAIL",543067.93,1324837.3900000001,73,FALSE
2006,168909,"SNAPPER, VERMILION",1765062.7,4087165.7,103,FALSE
2006,168913,WENCHMAN,40135.94,26719,5,FALSE
2006,169007,TRIPLETAIL,5372.07,5712.35,24,FALSE
2006,169065,"GRUNT, FRENCH",71,358,2,TRUE
2006,169086,PORKFISH,1172,2546.79,10,FALSE
2006,169183,"PORGY, LONGSPINE",13.43,24.2,1,TRUE
2006,169197,"PORGY, JOLTHEAD",4260.7300000000005,4048.33,25,FALSE
2006,169200,"PORGY, WHITEBONE",6184.48,7661.1,12,FALSE
2006,169201,"PORGY, KNOBBED",3783.34,3446.2000000000003,17,FALSE
2006,169207,"PORGY, RED",102859.31,113803.38,54,FALSE
2006,169290,"DRUM, RED",32324,46706,6,FALSE
2006,169314,JACKKNIFE-FISH,431,2738,7,FALSE
2006,169317,"DRUM, SPOTTED",4,80,2,TRUE
2006,169539,"SPADEFISH, ATLANTIC",15856.6,14009.31,38,FALSE
2006,169556,"BUTTERFLYFISH, SPOTFIN",34,72.75,3,FALSE
2006,169558,"BUTTERFLYFISH, FOUREYE",212,550.8,11,FALSE
2006,169563,"BUTTERFLYFISH, BANDED",22,65,3,FALSE
2006,169623,"ANGELFISH, QUEEN",466,7238.36,12,FALSE
2006,169625,"BEAUTY, ROCK",271,1627.78,7,FALSE
2006,169632,"ANGELFISH, GRAY",1475,15031.5,16,FALSE
2006,169633,"ANGELFISH, FRENCH",108,2240,9,FALSE
2006,170046,"MAJOR, SERGEANT",140,200.85000000000002,3,FALSE
2006,170080,"CHROMIS, BLUE",557,1364.68,4,FALSE
2006,170082,SUNSHINEFISH,33,55.5,2,TRUE
2006,170116,"DAMSELFISH, YELLOWTAIL",62,333.5,2,TRUE
2006,170224,"HAWKFISH, REDSPOTTED",1,2,1,TRUE
2006,170484,"HOGFISH, SPANISH",37,252,4,FALSE
2006,170496,"WRASSE, CREOLE",76,279.98,3,FALSE
2006,170506,"WRASSE, YELLOWHEAD",50,97.05,3,FALSE
2006,170507,"WRASSE, CLOWN",36,106.73,3,FALSE
2006,170510,PUDDINGWIFE,3,11.01,1,TRUE
2006,170566,HOGFISH,15747.87,41205.93,37,FALSE
2006,170568,BLUEHEAD,832,641.95,7,FALSE
2006,170811,"PARROTFISH, BLUE",18,160,2,TRUE
2006,170812,"PARROTFISH, MIDNIGHT",10,110,2,TRUE
2006,170814,"PARROTFISH, RAINBOW",1,20,1,TRUE
2006,170815,"PARROTFISH, PRINCESS",29,209,2,TRUE
2006,170816,"PARROTFISH, QUEEN",1,45,1,TRUE
2006,170863,"PARROTFISH, REDBAND",3,6,1,TRUE
2006,170867,"PARROTFISH, STOPLIGHT",8,77,2,TRUE
2006,170928,"JAWFISH, YELLOWHEAD",40,186,2,TRUE
2006,170932,"JAWFISH, DUSKY",27,49,4,FALSE
2006,171203,"BLENNY, REDLIP",4,26,1,TRUE
2006,172252,"SURGEON, OCEAN",109,379.75,4,FALSE
2006,172253,DOCTORFISH,60,250.05,2,TRUE
2006,172254,"TANG, BLUE",338,2842.77,8,FALSE
2006,172402,"TUNA, LITTLE TUNNY",372197.3,121712.15,31,FALSE
2006,172419,"TUNA, ALBACORE",11522.59,4103.85,6,FALSE
2006,172421,"TUNA, BLUEFIN",35295,138783.4,6,FALSE
2006,172423,"TUNA, YELLOWFIN",2488490.86,8288422.47,22,FALSE
2006,172427,"TUNA, BLACKFIN",9688.12,6342.9800000000005,42,FALSE
2006,172428,"TUNA, BIGEYE",54961.63,188299.03,11,FALSE
2006,172435,"MACKEREL, KING",2123523.46,2523060.872,102,FALSE
2006,172436,"MACKEREL, SPANISH",1460718.73,819446.371,91,FALSE
2006,172437,CERO,1238.35,448.15,11,FALSE
2006,172451,WAHOO,130653.06,127864.84,52,FALSE
2006,172482,SWORDFISH,502519.49,1012568.39,16,FALSE
2006,173134,"FILEFISH, SCRAWLED",127,32.5,2,TRUE
2006,173138,"TRIGGERFISH, GRAY",32749.5,30109.03,30,FALSE
2006,173139,"TRIGGERFISH, QUEEN",16.32,163.2,3,FALSE
2006,173157,"FILEFISH, WHITESPOTTED",8,87,3,FALSE
2006,173170,"TRIGGERFISH, OCEAN",148,182.4,1,TRUE
2006,173245,"COWFISH, SCRAWLED",2073,1280.7,4,FALSE
2006,173246,"COWFISH, HONEYCOMBED",1186,982.85,6,FALSE
2006,173320,"PUFFER, SHARPNOSE",431,462.95,8,FALSE
2006,181220,GRAYSBY,43.47,98.02000000000001,4,FALSE
2006,614740,"PARROTFISH, STRIPED",17,107.7,4,FALSE
2006,615345,BEAUGREGORY,42,109.17,3,FALSE
2006,615416,"DAMSELFISH, BICOLOR",98,335,2,TRUE
2006,636786,"GOBY,NEON",1164,5490.64,6,FALSE
2006,646513,HIGH-HAT,826,1689.9,11,FALSE
2006,650251,"BARRACUDA, GREAT",4829.6,3818.65,10,FALSE
2007,159924,"SHARK, MAKO, SHORTFIN",21526.41,17950.2,20,FALSE
2007,160189,"SHARK, TIGER",3729.3700000000003,901.0500000000001,4,FALSE
2007,160200,"SHARK, ATLANTIC SHARPNOSE",54802.08,26859.4,10,FALSE
2007,160275,"SHARK, BULL",190443.91,54284.9,12,FALSE
2007,160289,"SHARK, SANDBAR",215395.99,49961.97,10,FALSE
2007,160304,"SHARK, BLACKNOSE",25696.43,11087.7,9,FALSE
2007,160318,"SHARK, BLACKTIP",1324582.46,372585.49,23,FALSE
2007,160401,"SHARK, SPINNER",24353.98,8366.25,6,FALSE
2007,160409,"SHARK, FINETOOTH",159975.52,145548.1,5,FALSE
2007,160433,"SHARK, LEMON",52575.36,13146.65,6,FALSE
2007,160515,"SHARK, HAMMERHEAD, GREAT",115,32.8,1,TRUE
2007,160951,"STINGRAY, SOUTHERN",23,1150,1,TRUE
2007,161186,"MORAY, GREEN",4,120,2,TRUE
2007,161237,"MORAY, GOLDENTAIL",2,30,1,TRUE
2007,166211,"SOLDIERFISH, BLACKBAR",25,20,1,TRUE
2007,166487,SEAHORSES,793,1490,7,FALSE
2007,166704,SCORPIONFISHES,3953,4496.63,22,FALSE
2007,167687,"BASS, BLACK SEA",34961.63,30498.88,30,FALSE
2007,167690,"BASS, BANK SEA",34.22,27.9,1,TRUE
2007,167691,"BASS, ROCK SEA",5638.04,6679.4,2,TRUE
2007,167696,"HIND, ROCK",343.38,630.36,9,FALSE
2007,167698,"HIND, SPECKLED",81193.93000000001,222014.76,38,FALSE
2007,167699,"GROUPER, YELLOWEDGE",1002053.91,3119641.02,55,FALSE
2007,167700,"HIND, RED",1612.7,3531.56,24,FALSE
2007,167702,"GROUPER, RED",4227355.39,10704067.96,133,FALSE
2007,167703,"GROUPER, MISTY",92.03999999999999,168.25,4,FALSE
2007,167704,"GROUPER, WARSAW",89185.95,198918.67,44,FALSE
2007,167705,"GROUPER, SNOWY",177857.27,474238.08,48,FALSE
2007,167740,"GROUPER, CONEY",23.24,74.4,2,TRUE
2007,167744,"GROUPER, MARBLED",5597.92,11911.95,6,FALSE
2007,167759,"GROUPER, GAG",1365281.3800000001,4410788.67,131,FALSE
2007,167760,"GROUPER, BLACK",110444.63,340877.63,73,FALSE
2007,167762,"GROUPER, YELLOWMOUTH",1123.3600000000001,2654.9,2,TRUE
2007,167763,SCAMP,320802.96,986445.03,94,FALSE
2007,167764,"GROUPER, YELLOWFIN",6691.88,17515.05,9,FALSE
2007,167806,"HAMLET, BUTTER",77,232.5,3,FALSE
2007,167820,"BASS, PEPPERMINT",235,193,1,TRUE
2007,167860,"BASS, HARLEQUIN",38,97.27000000000001,4,FALSE
2007,168178,BIGEYE,1052.4,387.73,5,FALSE
2007,168204,FLAMEFISH,175,578.75,10,FALSE
2007,168541,"TILEFISH, BLACKLINE",48,65,1,TRUE
2007,168543,"TILEFISH, BLUELINE",129539.05,112971.12,33,FALSE
2007,168544,"TILEFISH, GOLDFACE",19485.760000000002,27542.6,2,TRUE
2007,168546,"TILEFISH, GOLDEN",320584.44,536044.95,32,FALSE
2007,168548,"TILEFISH, SAND",42.56,19,2,TRUE
2007,168566,COBIA,72814.59,184197.42,101,FALSE
2007,168602,"POMPANO, AFRICAN",15,28.5,2,TRUE
2007,168607,"JACK, YELLOW",6888.6,4386.72,2,TRUE
2007,168609,"JACK, CREVALLE",310012.67,211958.22,58,FALSE
2007,168612,"RUNNER, BLUE",246177.78,143558.91,41,FALSE
2007,168615,"JACK, BAR",45932.53,37233.44,36,FALSE
2007,168689,"AMBERJACK, GREATER",587401.59,642261.02,98,FALSE
2007,168690,"AMBERJACK, LESSER",26702.2,34020.15,18,FALSE
2007,168691,"JACK, ALMACO",30568.15,30612.33,23,FALSE
2007,168693,"RUDDERFISH, BANDED",5391.8,3920.4,16,FALSE
2007,168738,"RUNNER, RAINBOW",758.32,364.45,6,FALSE
2007,168791,DOLPHIN,139171.66,273439.22000000003,45,FALSE
2007,168847,"SNAPPER, CUBERA",1103.97,1828.26,11,FALSE
2007,168848,"SNAPPER, GRAY",149553.52,323747.27,123,FALSE
2007,168849,"SNAPPER, MUTTON",99299.59,203781.85,53,FALSE
2007,168850,SCHOOLMASTER,193.14,435,1,TRUE
2007,168852,"SNAPPER, BLACKFIN",7429.25,19119.58,9,FALSE
2007,168853,"SNAPPER, RED",3086169.64,9828577.68,85,FALSE
2007,168857,"SNAPPER, DOG",1080.95,788.75,4,FALSE
2007,168858,"SNAPPER, MAHOGANY",7.7700000000000005,14,1,TRUE
2007,168860,"SNAPPER, LANE",28696.16,60243.89,78,FALSE
2007,168861,"SNAPPER, SILK",23249.58,64026.28,35,FALSE
2007,168899,"SNAPPER, BLACK",1051.17,1345.5,9,FALSE
2007,168902,"SNAPPER, QUEEN",7987.46,19634.33,22,FALSE
2007,168907,"SNAPPER, YELLOWTAIL",317628.09,767163.24,52,FALSE
2007,168909,"SNAPPER, VERMILION",2390393.5300000003,5346569.11,83,FALSE
2007,168913,WENCHMAN,40956.36,25537.75,3,FALSE
2007,169007,TRIPLETAIL,2148.16,2428.8,22,FALSE
2007,169065,"GRUNT, FRENCH",47,172,2,TRUE
2007,169086,PORKFISH,446,1003.58,10,FALSE
2007,169197,"PORGY, JOLTHEAD",3060.2200000000003,2764.13,16,FALSE
2007,169200,"PORGY, WHITEBONE",10896.4,14010.95,11,FALSE
2007,169201,"PORGY, KNOBBED",2234.9,1504.46,12,FALSE
2007,169207,"PORGY, RED",147579.88,157917.58000000002,38,FALSE
2007,169290,"DRUM, RED",26440,39539.1,8,FALSE
2007,169314,JACKKNIFE-FISH,249,1259.5,7,FALSE
2007,169317,"DRUM, SPOTTED",5,52,1,TRUE
2007,169539,"SPADEFISH, ATLANTIC",22999.65,10710.74,35,FALSE
2007,169556,"BUTTERFLYFISH, SPOTFIN",47,125,6,FALSE
2007,169558,"BUTTERFLYFISH, FOUREYE",166,390.18,10,FALSE
2007,169563,"BUTTERFLYFISH, BANDED",19,58.25,4,FALSE
2007,169593,"BUTTERFLYFISH, LONGSNOUT",1,5,1,TRUE
2007,169623,"ANGELFISH, QUEEN",388,5223,12,FALSE
2007,169625,"BEAUTY, ROCK",218,1221.44,6,FALSE
2007,169632,"ANGELFISH, GRAY",212,1746,17,FALSE
2007,169633,"ANGELFISH, FRENCH",41,596.47,12,FALSE
2007,170046,"MAJOR, SERGEANT",45,67,4,FALSE
2007,170080,"CHROMIS, BLUE",490,990.25,5,FALSE
2007,170082,SUNSHINEFISH,112,148,4,FALSE
2007,170116,"DAMSELFISH, YELLOWTAIL",48,101.76,7,FALSE
2007,170484,"HOGFISH, SPANISH",32,196.5,4,FALSE
2007,170496,"WRASSE, CREOLE",210,1235,2,TRUE
2007,170506,"WRASSE, YELLOWHEAD",69,140.5,2,TRUE
2007,170507,"WRASSE, CLOWN",8,22.5,2,TRUE
2007,170566,HOGFISH,17951.29,50841.65,42,FALSE
2007,170568,BLUEHEAD,1086,546.48,6,FALSE
2007,170811,"PARROTFISH, BLUE",1,2.5,1,TRUE
2007,170812,"PARROTFISH, MIDNIGHT",5,24,2,TRUE
2007,170815,"PARROTFISH, PRINCESS",56,301,4,FALSE
2007,170816,"PARROTFISH, QUEEN",2,26,1,TRUE
2007,170867,"PARROTFISH, STOPLIGHT",3,10,1,TRUE
2007,170928,"JAWFISH, YELLOWHEAD",361,1485,2,TRUE
2007,170932,"JAWFISH, DUSKY",8,4,1,TRUE
2007,172252,"SURGEON, OCEAN",60,438,5,FALSE
2007,172253,DOCTORFISH,7,41.5,2,TRUE
2007,172254,"TANG, BLUE",324,1484.74,11,FALSE
2007,172401,"TUNA, SKIPJACK",18,18,1,TRUE
2007,172402,"TUNA, LITTLE TUNNY",287048,74279.56,28,FALSE
2007,172419,"TUNA, ALBACORE",29852.58,11587.41,7,FALSE
2007,172421,"TUNA, BLUEFIN",72358.16,324055.48,9,FALSE
2007,172423,"TUNA, YELLOWFIN",3045376.5,10202339.893,23,FALSE
2007,172427,"TUNA, BLACKFIN",9101.58,6362.16,31,FALSE
2007,172428,"TUNA, BIGEYE",58202.25,153041.46,12,FALSE
2007,172435,"MACKEREL, KING",1953107.58,2862312.38,84,FALSE
2007,172436,"MACKEREL, SPANISH",979709.02,696606.74,77,FALSE
2007,172437,CERO,667.2,502.44,6,FALSE
2007,172451,WAHOO,119311.59,123825.888,47,FALSE
2007,172482,SWORDFISH,741249.29,1531144.15,22,FALSE
2007,173134,"FILEFISH, SCRAWLED",1,35,1,TRUE
2007,173138,"TRIGGERFISH, GRAY",38486.4,33925.8,22,FALSE
2007,173157,"FILEFISH, WHITESPOTTED",2,0.5,1,TRUE
2007,173238,"TRUNKFISH, SPOTTED",1,7,1,TRUE
2007,173245,"COWFISH, SCRAWLED",845,739.85,7,FALSE
2007,173246,"COWFISH, HONEYCOMBED",2158,950.95,2,TRUE
2007,173320,"PUFFER, SHARPNOSE",167,218.95000000000002,9,FALSE
2007,181220,GRAYSBY,6.13,19.1,2,TRUE
2007,614740,"PARROTFISH, STRIPED",3,12,1,TRUE
2007,615345,BEAUGREGORY,13,62,2,TRUE
2007,615416,"DAMSELFISH, BICOLOR",21,36.25,3,FALSE
2007,615421,"DAMSELFISH, DUSKY",10,30,1,TRUE
2007,615485,"DAMSELFISH, THREESPOT",1,6,1,TRUE
2007,636786,"GOBY,NEON",1209,3031.62,7,FALSE
2007,646513,HIGH-HAT,146,279.78,12,FALSE
2007,650251,"BARRACUDA, GREAT",4485.25,5579.35,8,FALSE
2008,159916,"SHARK, THRESHER",152.9,88,1,TRUE
2008,159924,"SHARK, MAKO, SHORTFIN",13258.86,11664.3,19,FALSE
2008,159977,"SHARK, NURSE",9,45,1,TRUE
2008,160189,"SHARK, TIGER",23274.350000000002,7762.75,8,FALSE
2008,160200,"SHARK, ATLANTIC SHARPNOSE",62413.95,45526.1,7,FALSE
2008,160275,"SHARK, BULL",186408.38,64546.310000000005,10,FALSE
2008,160289,"SHARK, SANDBAR",8736.15,2554.3,4,FALSE
2008,160304,"SHARK, BLACKNOSE",14861.7,6159,6,FALSE
2008,160307,"SHARK, BIGNOSE",167,72,1,TRUE
2008,160310,"SHARK, SILKY",5712.9000000000005,1644,3,FALSE
2008,160318,"SHARK, BLACKTIP",448158.10000000003,173460.77,11,FALSE
2008,160401,"SHARK, SPINNER",119340.47,47674.36,5,FALSE
2008,160409,"SHARK, FINETOOTH",12110.39,4788.2,5,FALSE
2008,160424,"SHARK, BLUE",2763.32,974.15,1,TRUE
2008,160433,"SHARK, LEMON",25186.8,7355.43,7,FALSE
2008,160515,"SHARK, HAMMERHEAD, GREAT",249,53.7,1,TRUE
2008,160951,"STINGRAY, SOUTHERN",40,2185,3,FALSE
2008,161186,"MORAY, GREEN",5,220,3,FALSE
2008,166487,SEAHORSES,518,1298.83,5,FALSE
2008,166704,SCORPIONFISHES,7027.5,7092.34,21,FALSE
2008,167687,"BASS, BLACK SEA",59607.93,52444.1,30,FALSE
2008,167690,"BASS, BANK SEA",1.18,1,1,TRUE
2008,167691,"BASS, ROCK SEA",16653.34,19245.95,1,TRUE
2008,167696,"HIND, ROCK",252.23000000000002,517.5,16,FALSE
2008,167698,"HIND, SPECKLED",41232.54,101889.86,33,FALSE
2008,167699,"GROUPER, YELLOWEDGE",933036.1,2964358.32,49,FALSE
2008,167700,"HIND, RED",1994.91,4450.59,22,FALSE
2008,167702,"GROUPER, RED",5558882.34,13425154.58,118,FALSE
2008,167703,"GROUPER, MISTY",24.78,54.8,1,TRUE
2008,167704,"GROUPER, WARSAW",89860.57,228999.8,41,FALSE
2008,167705,"GROUPER, SNOWY",200250.54,518446.91000000003,49,FALSE
2008,167744,"GROUPER, MARBLED",7769.12,16719.350000000002,6,FALSE
2008,167759,"GROUPER, GAG",1479601.57,4910125.75,118,FALSE
2008,167760,"GROUPER, BLACK",65557.73,206039.59,70,FALSE
2008,167762,"GROUPER, YELLOWMOUTH",961.74,2251.65,2,TRUE
2008,167763,SCAMP,323032.73,1031271.24,91,FALSE
2008,167764,"GROUPER, YELLOWFIN",2463.59,6139.35,8,FALSE
2008,167806,"HAMLET, BUTTER",50,136.75,5,FALSE
2008,167859,TOBACCOFISH,1,8,1,TRUE
2008,167860,"BASS, HARLEQUIN",55,156.5,5,FALSE
2008,168178,BIGEYE,218.92000000000002,333.75,4,FALSE
2008,168181,"SNAPPER, GLASSEYE",1,5,1,TRUE
2008,168204,FLAMEFISH,243,503.7,9,FALSE
2008,168541,"TILEFISH, BLACKLINE",15.120000000000001,12.15,1,TRUE
2008,168543,"TILEFISH, BLUELINE",165645.89,136312.87,36,FALSE
2008,168544,"TILEFISH, GOLDFACE",30660,48326.55,4,FALSE
2008,168546,"TILEFISH, GOLDEN",327488.73,549175.14,30,FALSE
2008,168548,"TILEFISH, SAND",157.7,103.4,9,FALSE
2008,168566,COBIA,68254.13,171242.615,103,FALSE
2008,168602,"POMPANO, AFRICAN",31.96,78.19,3,FALSE
2008,168607,"JACK, YELLOW",6741.5,3831,6,FALSE
2008,168609,"JACK, CREVALLE",276721.42,206855.55000000002,55,FALSE
2008,168610,"JACK, HORSE-EYE",70,57.3,2,TRUE
2008,168612,"RUNNER, BLUE",156344.6,97035.07,40,FALSE
2008,168615,"JACK, BAR",88476.08,74830.32,43,FALSE
2008,168689,"AMBERJACK, GREATER",433632.57,508960.46,93,FALSE
2008,168690,"AMBERJACK, LESSER",24126.38,32018.05,16,FALSE
2008,168691,"JACK, ALMACO",24122.47,26770.45,20,FALSE
2008,168693,"RUDDERFISH, BANDED",12861.88,8377.45,15,FALSE
2008,168738,"RUNNER, RAINBOW",1084,929.1,3,FALSE
2008,168791,DOLPHIN,210823.88,450571.73,52,FALSE
2008,168847,"SNAPPER, CUBERA",621.53,1055.46,10,FALSE
2008,168848,"SNAPPER, GRAY",150491.13,323060.95,118,FALSE
2008,168849,"SNAPPER, MUTTON",51020.12,105747.75,50,FALSE
2008,168850,SCHOOLMASTER,112.11000000000001,266.1,1,TRUE
2008,168852,"SNAPPER, BLACKFIN",3410.4900000000002,8068.65,9,FALSE
2008,168853,"SNAPPER, RED",2464402.25,8251417.53,78,FALSE
2008,168857,"SNAPPER, DOG",682.35,590.85,5,FALSE
2008,168858,"SNAPPER, MAHOGANY",89.91,250,2,TRUE
2008,168860,"SNAPPER, LANE",25348.88,53747.83,81,FALSE
2008,168861,"SNAPPER, SILK",18944.13,47985.05,28,FALSE
2008,168899,"SNAPPER, BLACK",358.53000000000003,671.2,4,FALSE
2008,168902,"SNAPPER, QUEEN",13478.470000000001,31141.91,26,FALSE
2008,168907,"SNAPPER, YELLOWTAIL",332802.18,797685.24,49,FALSE
2008,168909,"SNAPPER, VERMILION",2814200.18,6654359.355,84,FALSE
2008,168913,WENCHMAN,44425.79,21787.45,4,FALSE
2008,169007,TRIPLETAIL,829,1018.1,18,FALSE
2008,169065,"GRUNT, FRENCH",17,31,2,TRUE
2008,169067,COTTONWICK,4,12,1,TRUE
2008,169086,PORKFISH,1374,2860.75,13,FALSE
2008,169183,"PORGY, LONGSPINE",97.01,71.15,1,TRUE
2008,169197,"PORGY, JOLTHEAD",2569.15,1735.05,20,FALSE
2008,169200,"PORGY, WHITEBONE",10612,14728.9,7,FALSE
2008,169201,"PORGY, KNOBBED",2089.94,1770.3500000000001,11,FALSE
2008,169207,"PORGY, RED",143144.13,156661.373,44,FALSE
2008,169290,"DRUM, RED",31260,47349.25,8,FALSE
2008,169314,JACKKNIFE-FISH,607,3516,10,FALSE
2008,169539,"SPADEFISH, ATLANTIC",45967.8,19740.06,43,FALSE
2008,169556,"BUTTERFLYFISH, SPOTFIN",47,141.75,7,FALSE
2008,169558,"BUTTERFLYFISH, FOUREYE",102,280.7,11,FALSE
2008,169563,"BUTTERFLYFISH, BANDED",23,90.8,5,FALSE
2008,169593,"BUTTERFLYFISH, LONGSNOUT",1,0.25,1,TRUE
2008,169611,CHERUBFISH,3,30,1,TRUE
2008,169623,"ANGELFISH, QUEEN",298,3619,15,FALSE
2008,169625,"BEAUTY, ROCK",43,347,6,FALSE
2008,169632,"ANGELFISH, GRAY",468,4212.2,18,FALSE
2008,169633,"ANGELFISH, FRENCH",50,981.5,12,FALSE
2008,170046,"MAJOR, SERGEANT",129,128.25,5,FALSE
2008,170080,"CHROMIS, BLUE",123,404.5,5,FALSE
2008,170082,SUNSHINEFISH,3,3,1,TRUE
2008,170116,"DAMSELFISH, YELLOWTAIL",7,6.8,2,TRUE
2008,170224,"HAWKFISH, REDSPOTTED",1,3,1,TRUE
2008,170484,"HOGFISH, SPANISH",44,260,5,FALSE
2008,170496,"WRASSE, CREOLE",6,15,2,TRUE
2008,170506,"WRASSE, YELLOWHEAD",44,144.75,3,FALSE
2008,170507,"WRASSE, CLOWN",38,67.95,3,FALSE
2008,170510,PUDDINGWIFE,1,5,1,TRUE
2008,170566,HOGFISH,24090.31,77303.63,47,FALSE
2008,170568,BLUEHEAD,47,135.8,5,FALSE
2008,170811,"PARROTFISH, BLUE",4,60,2,TRUE
2008,170812,"PARROTFISH, MIDNIGHT",1,3,1,TRUE
2008,170814,"PARROTFISH, RAINBOW",10,30,1,TRUE
2008,170815,"PARROTFISH, PRINCESS",80,259,5,FALSE
2008,170863,"PARROTFISH, REDBAND",11,7.5,2,TRUE
2008,170867,"PARROTFISH, STOPLIGHT",6,16.5,3,FALSE
2008,170928,"JAWFISH, YELLOWHEAD",833,2582.5,7,FALSE
2008,171203,"BLENNY, REDLIP",8,19,1,TRUE
2008,172252,"SURGEON, OCEAN",85,375.5,4,FALSE
2008,172253,DOCTORFISH,4,7.25,1,TRUE
2008,172254,"TANG, BLUE",377,1594.7,12,FALSE
2008,172401,"TUNA, SKIPJACK",101.25,143.5,3,FALSE
2008,172402,"TUNA, LITTLE TUNNY",85668.5,36669.83,31,FALSE
2008,172419,"TUNA, ALBACORE",11802.32,4610.15,6,FALSE
2008,172421,"TUNA, BLUEFIN",54884.73,241620,4,FALSE
2008,172423,"TUNA, YELLOWFIN",1633683.57,5902660.5,18,FALSE
2008,172427,"TUNA, BLACKFIN",5168.25,4132.9,18,FALSE
2008,172428,"TUNA, BIGEYE",21181.25,42485.02,6,FALSE
2008,172435,"MACKEREL, KING",2156059.62,3102676.45,88,FALSE
2008,172436,"MACKEREL, SPANISH",1299512.28,882643.85,87,FALSE
2008,172437,CERO,99.65,76.87,6,FALSE
2008,172451,WAHOO,95589.05,113355.49,33,FALSE
2008,172482,SWORDFISH,609546.42,1309517.04,20,FALSE
2008,173134,"FILEFISH, SCRAWLED",3,5,1,TRUE
2008,173138,"TRIGGERFISH, GRAY",27361.36,25387.66,26,FALSE
2008,173238,"TRUNKFISH, SPOTTED",4,17,1,TRUE
2008,173245,"COWFISH, SCRAWLED",1405,1282.48,5,FALSE
2008,173246,"COWFISH, HONEYCOMBED",2533,1041.17,4,FALSE
2008,173320,"PUFFER, SHARPNOSE",234,104.12,8,FALSE
2008,173391,PORCUPINEFISH,1,4,1,TRUE
2008,181220,GRAYSBY,10.15,22.14,1,TRUE
2008,614740,"PARROTFISH, STRIPED",1,2,1,TRUE
2008,615345,BEAUGREGORY,10,42,5,FALSE
2008,615416,"DAMSELFISH, BICOLOR",10,6.75,1,TRUE
2008,615421,"DAMSELFISH, DUSKY",5,9,2,TRUE
2008,615485,"DAMSELFISH, THREESPOT",1,1,1,TRUE
2008,636786,"GOBY,NEON",808,2756.25,13,FALSE
2008,646513,HIGH-HAT,284,661.2,14,FALSE
2008,650251,"BARRACUDA, GREAT",2909,2515.25,11,FALSE
2009,159924,"SHARK, MAKO, SHORTFIN",18037.11,14874.05,14,FALSE
2009,159977,"SHARK, NURSE",1,25,1,TRUE
2009,160189,"SHARK, TIGER",7019.55,2151.11,7,FALSE
2009,160200,"SHARK, ATLANTIC SHARPNOSE",27610.92,11202.35,5,FALSE
2009,160275,"SHARK, BULL",147429.64,41919.5,10,FALSE
2009,160289,"SHARK, SANDBAR",12197.25,3779.5,3,FALSE
2009,160304,"SHARK, BLACKNOSE",15309.6,6431.2,6,FALSE
2009,160310,"SHARK, SILKY",3409.75,1110.44,3,FALSE
2009,160318,"SHARK, BLACKTIP",495229.64,138041.6,13,FALSE
2009,160401,"SHARK, SPINNER",23451.15,6728.05,6,FALSE
2009,160409,"SHARK, FINETOOTH",1265.13,444.40000000000003,4,FALSE
2009,160424,"SHARK, BLUE",2578.45,742,1,TRUE
2009,160433,"SHARK, LEMON",30081.54,6905.35,10,FALSE
2009,160502,"SHARK, BONNETHEAD",26.41,14.25,1,TRUE
2009,160515,"SHARK, HAMMERHEAD, GREAT",2288,402.8,1,TRUE
2009,160951,"STINGRAY, SOUTHERN",9,218.5,4,FALSE
2009,161186,"MORAY, GREEN",43,413.5,5,FALSE
2009,161237,"MORAY, GOLDENTAIL",1,12,1,TRUE
2009,166211,"SOLDIERFISH, BLACKBAR",13,23.5,3,FALSE
2009,166487,SEAHORSES,881,3293.8,7,FALSE
2009,166704,SCORPIONFISHES,5690,5161.79,24,FALSE
2009,167687,"BASS, BLACK SEA",126356.87,136145.88,39,FALSE
2009,167691,"BASS, ROCK SEA",4867.5,5732.5,6,FALSE
2009,167696,"HIND, ROCK",472.73,890.7,16,FALSE
2009,167698,"HIND, SPECKLED",68759.82,149405.75,32,FALSE
2009,167699,"GROUPER, YELLOWEDGE",958161.49,2833239.57,47,FALSE
2009,167700,"HIND, RED",1923.99,3694.1,25,FALSE
2009,167702,"GROUPER, RED",4355691.71,10414803.790000001,130,FALSE
2009,167703,"GROUPER, MISTY",16.52,33.6,1,TRUE
2009,167704,"GROUPER, WARSAW",118754.65,300525.09,40,FALSE
2009,167705,"GROUPER, SNOWY",185889.35,436607.45,44,FALSE
2009,167744,"GROUPER, MARBLED",5642.76,11538.15,5,FALSE
2009,167759,"GROUPER, GAG",840294.87,2798223.97,114,FALSE
2009,167760,"GROUPER, BLACK",39699.76,125375.76,58,FALSE
2009,167762,"GROUPER, YELLOWMOUTH",494.42,1214.9,1,TRUE
2009,167763,SCAMP,295224.46,966723.56,87,FALSE
2009,167764,"GROUPER, YELLOWFIN",1962.43,5121.47,10,FALSE
2009,167806,"HAMLET, BUTTER",32,126.5,5,FALSE
2009,167860,"BASS, HARLEQUIN",26,70.25,8,FALSE
2009,168178,BIGEYE,456.92,752.3,3,FALSE
2009,168181,"SNAPPER, GLASSEYE",1,5,1,TRUE
2009,168204,FLAMEFISH,213,394.71,10,FALSE
2009,168541,"TILEFISH, BLACKLINE",60.24,89,2,TRUE
2009,168543,"TILEFISH, BLUELINE",112558.99,88825.87,34,FALSE
2009,168544,"TILEFISH, GOLDFACE",2,3,1,TRUE
2009,168546,"TILEFISH, GOLDEN",504392.88,755880.89,31,FALSE
2009,168548,"TILEFISH, SAND",67.54,56,8,FALSE
2009,168566,COBIA,62150.200000000004,158917.98,106,FALSE
2009,168602,"POMPANO, AFRICAN",245.32,223.3,6,FALSE
2009,168607,"JACK, YELLOW",6618.5,6180.85,5,FALSE
2009,168609,"JACK, CREVALLE",333043.64,237640.79,52,FALSE
2009,168610,"JACK, HORSE-EYE",48.2,39.9,2,TRUE
2009,168612,"RUNNER, BLUE",75860.42,45724.61,54,FALSE
2009,168615,"JACK, BAR",66865.21,57703.36,37,FALSE
2009,168689,"AMBERJACK, GREATER",595816.12,635683.9,85,FALSE
2009,168690,"AMBERJACK, LESSER",46477.81,56625.58,19,FALSE
2009,168691,"JACK, ALMACO",37732.36,38523.04,35,FALSE
2009,168693,"RUDDERFISH, BANDED",11649.19,8494.15,16,FALSE
2009,168738,"RUNNER, RAINBOW",2991,2710.6,3,FALSE
2009,168791,DOLPHIN,295004.78,464871.52,54,FALSE
2009,168847,"SNAPPER, CUBERA",1522.06,2303.5,7,FALSE
2009,168848,"SNAPPER, GRAY",180843.32,372509.33,136,FALSE
2009,168849,"SNAPPER, MUTTON",41745.83,88933.08,45,FALSE
2009,168850,SCHOOLMASTER,25.53,57.5,1,TRUE
2009,168852,"SNAPPER, BLACKFIN",1739.38,3730.35,11,FALSE
2009,168853,"SNAPPER, RED",2500791.75,7982523.42,79,FALSE
2009,168857,"SNAPPER, DOG",318.51,333.95,5,FALSE
2009,168858,"SNAPPER, MAHOGANY",14.43,28.5,2,TRUE
2009,168860,"SNAPPER, LANE",35902.75,79539.28,95,FALSE
2009,168861,"SNAPPER, SILK",19181.2,47266.54,28,FALSE
2009,168899,"SNAPPER, BLACK",124.32000000000001,206.75,5,FALSE
2009,168902,"SNAPPER, QUEEN",10382.1,24674.7,25,FALSE
2009,168907,"SNAPPER, YELLOWTAIL",685743.9400000001,1496094.1208,60,FALSE
2009,168909,"SNAPPER, VERMILION",3793171.19,8236859.59,90,FALSE
2009,168913,WENCHMAN,30446.14,13713.4,3,FALSE
2009,169007,TRIPLETAIL,8086.48,8085.43,27,FALSE
2009,169065,"GRUNT, FRENCH",117,428,2,TRUE
2009,169067,COTTONWICK,25,6.25,1,TRUE
2009,169086,PORKFISH,1162,2153.01,11,FALSE
2009,169183,"PORGY, LONGSPINE",200.47000000000003,146.03,2,TRUE
2009,169197,"PORGY, JOLTHEAD",4369.33,3313.82,23,FALSE
2009,169200,"PORGY, WHITEBONE",14245.04,18751.75,5,FALSE
2009,169201,"PORGY, KNOBBED",2045.1,2211.28,7,FALSE
2009,169207,"PORGY, RED",244568.24,269478.52,45,FALSE
2009,169290,"DRUM, RED",35290,55728.8,10,FALSE
2009,169314,JACKKNIFE-FISH,360,2595.4,11,FALSE
2009,169317,"DRUM, SPOTTED",3,90,1,TRUE
2009,169421,"GOATFISH, SPOTTED",14,4.800000000000001,1,TRUE
2009,169539,"SPADEFISH, ATLANTIC",9674.7,4416.86,37,FALSE
2009,169556,"BUTTERFLYFISH, SPOTFIN",32,131,6,FALSE
2009,169558,"BUTTERFLYFISH, FOUREYE",105,495.75,8,FALSE
2009,169563,"BUTTERFLYFISH, BANDED",11,43.5,4,FALSE
2009,169593,"BUTTERFLYFISH, LONGSNOUT",1,1.5,1,TRUE
2009,169611,CHERUBFISH,15,88,1,TRUE
2009,169623,"ANGELFISH, QUEEN",217,4042,18,FALSE
2009,169625,"BEAUTY, ROCK",52,152.5,7,FALSE
2009,169632,"ANGELFISH, GRAY",829,9981.25,18,FALSE
2009,169633,"ANGELFISH, FRENCH",139,2513,15,FALSE
2009,170046,"MAJOR, SERGEANT",26,30.48,3,FALSE
2009,170080,"CHROMIS, BLUE",57,147,2,TRUE
2009,170082,SUNSHINEFISH,182,246,3,FALSE
2009,170116,"DAMSELFISH, YELLOWTAIL",3,16,2,TRUE
2009,170484,"HOGFISH, SPANISH",21,165.5,5,FALSE
2009,170496,"WRASSE, CREOLE",24,78,2,TRUE
2009,170506,"WRASSE, YELLOWHEAD",68,131,4,FALSE
2009,170507,"WRASSE, CLOWN",11,22.75,3,FALSE
2009,170510,PUDDINGWIFE,17,66.23,5,FALSE
2009,170566,HOGFISH,32066.54,100996.34,52,FALSE
2009,170568,BLUEHEAD,279,441.25,10,FALSE
2009,170811,"PARROTFISH, BLUE",3,47.5,2,TRUE
2009,170812,"PARROTFISH, MIDNIGHT",4,47,2,TRUE
2009,170814,"PARROTFISH, RAINBOW",4,18,1,TRUE
2009,170815,"PARROTFISH, PRINCESS",9,27,1,TRUE
2009,170867,"PARROTFISH, STOPLIGHT",14,68.52,2,TRUE
2009,170928,"JAWFISH, YELLOWHEAD",296,672.5,5,FALSE
2009,170932,"JAWFISH, DUSKY",12,30.2,4,FALSE
2009,172252,"SURGEON, OCEAN",30,163.5,5,FALSE
2009,172253,DOCTORFISH,18,55.2,3,FALSE
2009,172254,"TANG, BLUE",208,747.14,11,FALSE
2009,172401,"TUNA, SKIPJACK",399.25,216.5,4,FALSE
2009,172402,"TUNA, LITTLE TUNNY",267835.33,88206.3,34,FALSE
2009,172419,"TUNA, ALBACORE",29260.34,29227.600000000002,6,FALSE
2009,172421,"TUNA, BLUEFIN",41075,149842,6,FALSE
2009,172423,"TUNA, YELLOWFIN",2462304.85,7792381.7,27,FALSE
2009,172427,"TUNA, BLACKFIN",9233.02,6123.58,33,FALSE
2009,172428,"TUNA, BIGEYE",32833.63,126442.01,9,FALSE
2009,172435,"MACKEREL, KING",2851887.1,3464111.02,99,FALSE
2009,172436,"MACKEREL, SPANISH",1815727.32,948298.13,92,FALSE
2009,172437,CERO,66.3,65.24,5,FALSE
2009,172451,WAHOO,120062.2,127078.88,44,FALSE
2009,172482,SWORDFISH,858830.46,1774069.8,20,FALSE
2009,173138,"TRIGGERFISH, GRAY",19475.88,20512.420000000002,25,FALSE
2009,173139,"TRIGGERFISH, QUEEN",1,50,1,TRUE
2009,173157,"FILEFISH, WHITESPOTTED",3,42,2,TRUE
2009,173238,"TRUNKFISH, SPOTTED",5,2.5,1,TRUE
2009,173245,"COWFISH, SCRAWLED",2142,703.1,5,FALSE
2009,173246,"COWFISH, HONEYCOMBED",1353,767.18,8,FALSE
2009,173320,"PUFFER, SHARPNOSE",52,87.62,9,FALSE
2009,173391,PORCUPINEFISH,12,45.2,4,FALSE
2009,181220,GRAYSBY,627.0500000000001,1969.4,5,FALSE
2009,614740,"PARROTFISH, STRIPED",28,152,2,TRUE
2009,615345,BEAUGREGORY,85,170,7,FALSE
2009,615416,"DAMSELFISH, BICOLOR",11,22,1,TRUE
2009,636786,"GOBY,NEON",2463,6934,12,FALSE
2009,646513,HIGH-HAT,431,1287.38,14,FALSE
2009,650251,"BARRACUDA, GREAT",2499.6,3809.82,12,FALSE
2010,159924,"SHARK, MAKO, SHORTFIN",7906.13,6887.25,11,FALSE
2010,160189,"SHARK, TIGER",9090.4,1810.45,2,TRUE
2010,160200,"SHARK, ATLANTIC SHARPNOSE",15000.82,5319.3,3,FALSE
2010,160230,"DOGFISH, SMOOTH",7115,3329.6,2,TRUE
2010,160275,"SHARK, BULL",152997.48,40040.65,7,FALSE
2010,160289,"SHARK, SANDBAR",12854.720000000001,5833.7,2,TRUE
2010,160304,"SHARK, BLACKNOSE",194.6,69.6,2,TRUE
2010,160318,"SHARK, BLACKTIP",843255.63,215302.4,6,FALSE
2010,160401,"SHARK, SPINNER",108091.27,28013.5,6,FALSE
2010,160409,"SHARK, FINETOOTH",3156,1511.1,2,TRUE
2010,160433,"SHARK, LEMON",4637.04,1865.3000000000002,3,FALSE
2010,160502,"SHARK, BONNETHEAD",11,1300,1,TRUE
2010,160515,"SHARK, HAMMERHEAD, GREAT",10142,2007.2,1,TRUE
2010,160951,"STINGRAY, SOUTHERN",11,321,4,FALSE
2010,161450,"EEL, GOLDSPOTTED",1,8,1,TRUE
2010,166211,"SOLDIERFISH, BLACKBAR",9,9,1,TRUE
2010,166487,SEAHORSES,372,487,9,FALSE
2010,166704,SCORPIONFISHES,3320.5,3621.38,22,FALSE
2010,167687,"BASS, BLACK SEA",168785.5,156762.65,44,FALSE
2010,167690,"BASS, BANK SEA",1.77,1.5,1,TRUE
2010,167691,"BASS, ROCK SEA",33548.58,38180.9,3,FALSE
2010,167696,"HIND, ROCK",227.95,636.58,15,FALSE
2010,167698,"HIND, SPECKLED",18385.13,46498.57,33,FALSE
2010,167699,"GROUPER, YELLOWEDGE",524737.14,1707674.4,40,FALSE
2010,167700,"HIND, RED",1152.45,2643.66,22,FALSE
2010,167702,"GROUPER, RED",3470137.22,8947544.41,90,FALSE
2010,167703,"GROUPER, MISTY",70.8,176.2,1,TRUE
2010,167704,"GROUPER, WARSAW",64571.46,141730.6,34,FALSE
2010,167705,"GROUPER, SNOWY",101940.89,266427.56,39,FALSE
2010,167744,"GROUPER, MARBLED",1267.32,2940.55,2,TRUE
2010,167759,"GROUPER, GAG",582080.11,2106987.11,88,FALSE
2010,167760,"GROUPER, BLACK",24992.66,83257.5,46,FALSE
2010,167762,"GROUPER, YELLOWMOUTH",38.940000000000005,140.26,1,TRUE
2010,167763,SCAMP,184407.55000000002,638488.71,66,FALSE
2010,167764,"GROUPER, YELLOWFIN",1747.65,4359.3,11,FALSE
2010,167806,"HAMLET, BUTTER",15,32,3,FALSE
2010,167852,"BASS, LANTERN",7,9,1,TRUE
2010,167859,TOBACCOFISH,5,10,1,TRUE
2010,167860,"BASS, HARLEQUIN",10,14,2,TRUE
2010,167861,"BASS, CHALK",6,10,1,TRUE
2010,168178,BIGEYE,274.08,473.8,4,FALSE
2010,168204,FLAMEFISH,256,306.75,7,FALSE
2010,168543,"TILEFISH, BLUELINE",33069.57,39741.3,19,FALSE
2010,168546,"TILEFISH, GOLDEN",243130.95,493312.41000000003,26,FALSE
2010,168548,"TILEFISH, SAND",2.24,1.6,1,TRUE
2010,168566,COBIA,81637.62,260380.44,95,FALSE
2010,168602,"POMPANO, AFRICAN",440.21,946.9300000000001,7,FALSE
2010,168607,"JACK, YELLOW",62,62,1,TRUE
2010,168609,"JACK, CREVALLE",300112.03,207113.59,61,FALSE
2010,168612,"RUNNER, BLUE",39276.2,22615.420000000002,44,FALSE
2010,168615,"JACK, BAR",37050.22,33599.49,31,FALSE
2010,168689,"AMBERJACK, GREATER",520882.25,546099.6900000001,76,FALSE
2010,168690,"AMBERJACK, LESSER",26996.3,35391.700000000004,17,FALSE
2010,168691,"JACK, ALMACO",27895.25,28302.89,21,FALSE
2010,168693,"RUDDERFISH, BANDED",14888.01,11888.65,15,FALSE
2010,168738,"RUNNER, RAINBOW",559,501.95,3,FALSE
2010,168791,DOLPHIN,19684.32,33376.65,40,FALSE
2010,168847,"SNAPPER, CUBERA",1217.83,2123.77,14,FALSE
2010,168848,"SNAPPER, GRAY",101362.7,255567.867,115,FALSE
2010,168849,"SNAPPER, MUTTON",51262.450000000004,104707.97,43,FALSE
2010,168850,SCHOOLMASTER,89.91,162,1,TRUE
2010,168852,"SNAPPER, BLACKFIN",2285.5,5256.58,7,FALSE
2010,168853,"SNAPPER, RED",3319537.27,10340966.08,85,FALSE
2010,168857,"SNAPPER, DOG",559.67,867.25,5,FALSE
2010,168858,"SNAPPER, MAHOGANY",73.26,144.75,1,TRUE
2010,168860,"SNAPPER, LANE",17266.29,42559.0368,70,FALSE
2010,168861,"SNAPPER, SILK",32637.62,89683.58,27,FALSE
2010,168899,"SNAPPER, BLACK",3236.13,6810,3,FALSE
2010,168902,"SNAPPER, QUEEN",4037.94,8804,17,FALSE
2010,168907,"SNAPPER, YELLOWTAIL",364230.37,968100.99,53,FALSE
2010,168909,"SNAPPER, VERMILION",2101213.77,5074279.9666,71,FALSE
2010,168913,WENCHMAN,31620,15702.75,3,FALSE
2010,169007,TRIPLETAIL,292.65,580.68,12,FALSE
2010,169086,PORKFISH,387,1863.75,8,FALSE
2010,169183,"PORGY, LONGSPINE",412.03000000000003,415.45,2,TRUE
2010,169197,"PORGY, JOLTHEAD",8081.99,4721.2,17,FALSE
2010,169200,"PORGY, WHITEBONE",453.24,513,4,FALSE
2010,169201,"PORGY, KNOBBED",1865.95,2136.13,7,FALSE
2010,169207,"PORGY, RED",178858.36000000002,213490.1736,40,FALSE
2010,169290,"DRUM, RED",46002,79957.97,11,FALSE
2010,169314,JACKKNIFE-FISH,320,1844.5,6,FALSE
2010,169539,"SPADEFISH, ATLANTIC",10817.33,6006.43,31,FALSE
2010,169556,"BUTTERFLYFISH, SPOTFIN",18,87,6,FALSE
2010,169558,"BUTTERFLYFISH, FOUREYE",23,30.5,4,FALSE
2010,169563,"BUTTERFLYFISH, BANDED",28,58.5,4,FALSE
2010,169623,"ANGELFISH, QUEEN",368,5628,14,FALSE
2010,169625,"BEAUTY, ROCK",24,114,4,FALSE
2010,169632,"ANGELFISH, GRAY",236,1848,14,FALSE
2010,169633,"ANGELFISH, FRENCH",71,1061,12,FALSE
2010,170046,"MAJOR, SERGEANT",44,85.33,5,FALSE
2010,170080,"CHROMIS, BLUE",15,75,1,TRUE
2010,170082,SUNSHINEFISH,47,47,1,TRUE
2010,170116,"DAMSELFISH, YELLOWTAIL",3,6,1,TRUE
2010,170224,"HAWKFISH, REDSPOTTED",1,2,1,TRUE
2010,170484,"HOGFISH, SPANISH",24,73.5,2,TRUE
2010,170496,"WRASSE, CREOLE",12,12,1,TRUE
2010,170506,"WRASSE, YELLOWHEAD",36,50,2,TRUE
2010,170507,"WRASSE, CLOWN",57,47,2,TRUE
2010,170510,PUDDINGWIFE,5,16.5,2,TRUE
2010,170566,HOGFISH,34779.29,119871.06,44,FALSE
2010,170568,BLUEHEAD,107,291,6,FALSE
2010,170814,"PARROTFISH, RAINBOW",43,125,1,TRUE
2010,170815,"PARROTFISH, PRINCESS",6,30,1,TRUE
2010,170863,"PARROTFISH, REDBAND",5,7,1,TRUE
2010,170867,"PARROTFISH, STOPLIGHT",1,2,1,TRUE
2010,170928,"JAWFISH, YELLOWHEAD",167,335,3,FALSE
2010,170932,"JAWFISH, DUSKY",6,9,1,TRUE
2010,172252,"SURGEON, OCEAN",31,86.5,5,FALSE
2010,172253,DOCTORFISH,4,10,3,FALSE
2010,172254,"TANG, BLUE",256,817,11,FALSE
2010,172402,"TUNA, LITTLE TUNNY",584012.79,179329.79,33,FALSE
2010,172419,"TUNA, ALBACORE",12705.24,4763,4,FALSE
2010,172421,"TUNA, BLUEFIN",45152,214767.6,9,FALSE
2010,172423,"TUNA, YELLOWFIN",656232.36,2227425.05,18,FALSE
2010,172427,"TUNA, BLACKFIN",3665.76,4307.26,27,FALSE
2010,172428,"TUNA, BIGEYE",9757.5,28911.29,4,FALSE
2010,172435,"MACKEREL, KING",2262617.92,3148922.86,69,FALSE
2010,172436,"MACKEREL, SPANISH",1251654.42,831090.68,85,FALSE
2010,172437,CERO,5064.5,12221.43,8,FALSE
2010,172451,WAHOO,18277.81,26671.86,32,FALSE
2010,172482,SWORDFISH,359554.9,820186.12,13,FALSE
2010,173138,"TRIGGERFISH, GRAY",11695.6,13054.05,18,FALSE
2010,173245,"COWFISH, SCRAWLED",939,320.55,6,FALSE
2010,173246,"COWFISH, HONEYCOMBED",612,475.8,3,FALSE
2010,173320,"PUFFER, SHARPNOSE",40,49.4,6,FALSE
2010,173391,PORCUPINEFISH,6,45,3,FALSE
2010,181220,GRAYSBY,256.84000000000003,703.6518,4,FALSE
2010,614740,"PARROTFISH, STRIPED",30,15,1,TRUE
2010,615345,BEAUGREGORY,60,119.25,4,FALSE
2010,615416,"DAMSELFISH, BICOLOR",14,12,1,TRUE
2010,636786,"GOBY,NEON",964,2092.5,10,FALSE
2010,646513,HIGH-HAT,125,322.5,11,FALSE
2010,650251,"BARRACUDA, GREAT",4442,3329.36,10,FALSE
2011,159921,"SHARK, THRESHER, BIGEYE",38,28.5,1,TRUE
2011,159924,"SHARK, MAKO, SHORTFIN",10889.32,10439.85,13,FALSE
2011,159977,"SHARK, NURSE",1,100,1,TRUE
2011,160189,"SHARK, TIGER",23732.84,7521.74,9,FALSE
2011,160200,"SHARK, ATLANTIC SHARPNOSE",68144.23,24581.420000000002,4,FALSE
2011,160275,"SHARK, BULL",199848.39,50972.26,11,FALSE
2011,160289,"SHARK, SANDBAR",12143.04,4398.45,4,FALSE
2011,160304,"SHARK, BLACKNOSE",5146.68,1779.4,4,FALSE
2011,160310,"SHARK, SILKY",125.10000000000001,54,1,TRUE
2011,160318,"SHARK, BLACKTIP",502293.79000000004,138098.5,12,FALSE
2011,160401,"SHARK, SPINNER",94152.86,27694.65,6,FALSE
2011,160409,"SHARK, FINETOOTH",2607.26,1030.4,5,FALSE
2011,160413,"SHARK, NIGHT",289,57.800000000000004,1,TRUE
2011,160433,"SHARK, LEMON",27567.87,6827.1500000000005,4,FALSE
2011,160502,"SHARK, BONNETHEAD",26,2600,1,TRUE
2011,160515,"SHARK, HAMMERHEAD, GREAT",78,13,1,TRUE
2011,160951,"STINGRAY, SOUTHERN",11,780,4,FALSE
2011,161186,"MORAY, GREEN",6,190,3,FALSE
2011,161237,"MORAY, GOLDENTAIL",3,44.5,3,FALSE
2011,161450,"EEL, GOLDSPOTTED",8,24,2,TRUE
2011,166487,SEAHORSES,606,1180,7,FALSE
2011,166704,SCORPIONFISHES,3884.8,5277.981,25,FALSE
2011,167687,"BASS, BLACK SEA",417658.75,379846.0764,43,FALSE
2011,167690,"BASS, BANK SEA",4.72,4,1,TRUE
2011,167691,"BASS, ROCK SEA",69830.04000000001,80987.49,2,TRUE
2011,167696,"HIND, ROCK",333.83,834.8728,12,FALSE
2011,167698,"HIND, SPECKLED",28920.07,78846.1276,33,FALSE
2011,167699,"GROUPER, YELLOWEDGE",647406.93,2184740.82,33,FALSE
2011,167700,"HIND, RED",2706.81,7978.91,21,FALSE
2011,167702,"GROUPER, RED",5593727.37,15038652.1,93,FALSE
2011,167703,"GROUPER, MISTY",515.52,474.1,4,FALSE
2011,167704,"GROUPER, WARSAW",74056,171226.9004,40,FALSE
2011,167705,"GROUPER, SNOWY",157238.96,459682.91000000003,38,FALSE
2011,167706,"GROUPER, NASSAU",1,1,1,TRUE
2011,167744,"GROUPER, MARBLED",1892.72,4927.05,4,FALSE
2011,167759,"GROUPER, GAG",371522.19,1444568.61,81,FALSE
2011,167760,"GROUPER, BLACK",43443.23,153505.7,43,FALSE
2011,167762,"GROUPER, YELLOWMOUTH",625.17,2114.56,2,TRUE
2011,167763,SCAMP,169594.13,603064.856,69,FALSE
2011,167764,"GROUPER, YELLOWFIN",1448.28,4330.9,7,FALSE
2011,167806,"HAMLET, BUTTER",103,293.63,8,FALSE
2011,167820,"BASS, PEPPERMINT",20,50,1,TRUE
2011,167852,"BASS, LANTERN",8,8,1,TRUE
2011,167859,TOBACCOFISH,3,7.5,1,TRUE
2011,167860,"BASS, HARLEQUIN",64,204.63,4,FALSE
2011,167861,"BASS, CHALK",24,57,2,TRUE
2011,168178,BIGEYE,175,353.5,1,TRUE
2011,168181,"SNAPPER, GLASSEYE",2,300,1,TRUE
2011,168204,FLAMEFISH,378,696.25,9,FALSE
2011,168541,"TILEFISH, BLACKLINE",1,3,1,TRUE
2011,168543,"TILEFISH, BLUELINE",42475.52,45228,25,FALSE
2011,168544,"TILEFISH, GOLDFACE",19349.12,39444.65,2,TRUE
2011,168546,"TILEFISH, GOLDEN",356837.08,773378.92,29,FALSE
2011,168548,"TILEFISH, SAND",255.68,451,6,FALSE
2011,168566,COBIA,68118.08,219241.5,102,FALSE
2011,168602,"POMPANO, AFRICAN",311,823.4300000000001,5,FALSE
2011,168607,"JACK, YELLOW",532,527.5,4,FALSE
2011,168609,"JACK, CREVALLE",55771.81,43309.04,51,FALSE
2011,168610,"JACK, HORSE-EYE",172,86,1,TRUE
2011,168612,"RUNNER, BLUE",52866.19,31536.47,42,FALSE
2011,168615,"JACK, BAR",64343.67,61356.57,33,FALSE
2011,168689,"AMBERJACK, GREATER",497775.71,586482.29,77,FALSE
2011,168690,"AMBERJACK, LESSER",6414.25,7043.35,12,FALSE
2011,168691,"JACK, ALMACO",36343.04,37786.294,31,FALSE
2011,168693,"RUDDERFISH, BANDED",13403.24,13149.2,13,FALSE
2011,168738,"RUNNER, RAINBOW",264,255,5,FALSE
2011,168791,DOLPHIN,79717.08,193845.58000000002,44,FALSE
2011,168847,"SNAPPER, CUBERA",1499.01,2062.2088,16,FALSE
2011,168848,"SNAPPER, GRAY",181665.16,433377.82,115,FALSE
2011,168849,"SNAPPER, MUTTON",90299.15,206363.19,47,FALSE
2011,168850,SCHOOLMASTER,15.540000000000001,31.5,1,TRUE
2011,168852,"SNAPPER, BLACKFIN",10241.77,29021.31,16,FALSE
2011,168853,"SNAPPER, RED",3562086.86,11430676.27,85,FALSE
2011,168857,"SNAPPER, DOG",691.24,862.71,8,FALSE
2011,168858,"SNAPPER, MAHOGANY",270.84000000000003,643.15,3,FALSE
2011,168860,"SNAPPER, LANE",14288.53,29627.0428,73,FALSE
2011,168861,"SNAPPER, SILK",53220.55,169866.51,30,FALSE
2011,168899,"SNAPPER, BLACK",3404.79,8349.75,6,FALSE
2011,168902,"SNAPPER, QUEEN",13981.87,36785.95,28,FALSE
2011,168907,"SNAPPER, YELLOWTAIL",429604.27,1172093.972,63,FALSE
2011,168909,"SNAPPER, VERMILION",3141431.08,8122361.738,82,FALSE
2011,168913,WENCHMAN,34539.62,19101.05,8,FALSE
2011,169007,TRIPLETAIL,1964.34,2235.87,27,FALSE
2011,169086,PORKFISH,1061,2412.85,10,FALSE
2011,169183,"PORGY, LONGSPINE",376.29,515.75,4,FALSE
2011,169197,"PORGY, JOLTHEAD",12290.26,7720.91,23,FALSE
2011,169200,"PORGY, WHITEBONE",1486,1428.5,4,FALSE
2011,169201,"PORGY, KNOBBED",7849.49,7053.34,12,FALSE
2011,169207,"PORGY, RED",273650.5,327512.6696,45,FALSE
2011,169290,"DRUM, RED",35223,72250.6,8,FALSE
2011,169314,JACKKNIFE-FISH,633,3763.04,8,FALSE
2011,169317,"DRUM, SPOTTED",18,220,3,FALSE
2011,169408,"GOATFISH, YELLOW",1,2,1,TRUE
2011,169421,"GOATFISH, SPOTTED",3,3,1,TRUE
2011,169539,"SPADEFISH, ATLANTIC",4429.25,7825.27,33,FALSE
2011,169556,"BUTTERFLYFISH, SPOTFIN",1598,3424.9100000000003,5,FALSE
2011,169558,"BUTTERFLYFISH, FOUREYE",213,448.81,9,FALSE
2011,169563,"BUTTERFLYFISH, BANDED",44,91.3,5,FALSE
2011,169623,"ANGELFISH, QUEEN",535,9249.82,14,FALSE
2011,169625,"BEAUTY, ROCK",136,713.5,5,FALSE
2011,169632,"ANGELFISH, GRAY",996,9941,12,FALSE
2011,169633,"ANGELFISH, FRENCH",65,1236.4,12,FALSE
2011,170046,"MAJOR, SERGEANT",153,183,3,FALSE
2011,170080,"CHROMIS, BLUE",171,332.5,5,FALSE
2011,170082,SUNSHINEFISH,110,123,2,TRUE
2011,170116,"DAMSELFISH, YELLOWTAIL",19,42.5,2,TRUE
2011,170224,"HAWKFISH, REDSPOTTED",6,12,1,TRUE
2011,170484,"HOGFISH, SPANISH",35,95.6,4,FALSE
2011,170496,"WRASSE, CREOLE",11,13,1,TRUE
2011,170506,"WRASSE, YELLOWHEAD",30,36,2,TRUE
2011,170507,"WRASSE, CLOWN",70,98.5,3,FALSE
2011,170510,PUDDINGWIFE,18,38,2,TRUE
2011,170566,HOGFISH,45220.63,171182.09,50,FALSE
2011,170568,BLUEHEAD,284,688.04,5,FALSE
2011,170811,"PARROTFISH, BLUE",2,150,1,TRUE
2011,170814,"PARROTFISH, RAINBOW",13,910,1,TRUE
2011,170815,"PARROTFISH, PRINCESS",30,159,4,FALSE
2011,170863,"PARROTFISH, REDBAND",5,26,2,TRUE
2011,170867,"PARROTFISH, STOPLIGHT",33,75,2,TRUE
2011,170928,"JAWFISH, YELLOWHEAD",1070,2626.5,5,FALSE
2011,170932,"JAWFISH, DUSKY",54,138,3,FALSE
2011,171203,"BLENNY, REDLIP",18,73.5,3,FALSE
2011,172252,"SURGEON, OCEAN",68,284.96000000000004,3,FALSE
2011,172253,DOCTORFISH,66,214,5,FALSE
2011,172254,"TANG, BLUE",244,722.47,8,FALSE
2011,172401,"TUNA, SKIPJACK",439.77,273,4,FALSE
2011,172402,"TUNA, LITTLE TUNNY",75142.96,36387.24,37,FALSE
2011,172419,"TUNA, ALBACORE",29863.420000000002,11974.44,6,FALSE
2011,172421,"TUNA, BLUEFIN",9557.5,49469.44,7,FALSE
2011,172423,"TUNA, YELLOWFIN",1471824.25,5379603.39,20,FALSE
2011,172427,"TUNA, BLACKFIN",10022.15,6711.41,27,FALSE
2011,172428,"TUNA, BIGEYE",1743.75,8460,5,FALSE
2011,172435,"MACKEREL, KING",2547655.18,3797206.29,71,FALSE
2011,172436,"MACKEREL, SPANISH",1319905.45,933232.24,94,FALSE
2011,172437,CERO,697,869.0500000000001,7,FALSE
2011,172451,WAHOO,61754.12,86937.63,37,FALSE
2011,172482,SWORDFISH,620198.8200000001,1724125.2,18,FALSE
2011,173138,"TRIGGERFISH, GRAY",15897.4,18171.19,20,FALSE
2011,173139,"TRIGGERFISH, QUEEN",32,128,3,FALSE
2011,173238,"TRUNKFISH, SPOTTED",6,21,1,TRUE
2011,173245,"COWFISH, SCRAWLED",268,625.5,6,FALSE
2011,173246,"COWFISH, HONEYCOMBED",1414,1149.3,7,FALSE
2011,173320,"PUFFER, SHARPNOSE",163,185.35,6,FALSE
2011,173391,PORCUPINEFISH,11,43.24,2,TRUE
2011,181220,GRAYSBY,1,5,1,TRUE
2011,614740,"PARROTFISH, STRIPED",10,2.5,1,TRUE
2011,615345,BEAUGREGORY,42,51,4,FALSE
2011,615416,"DAMSELFISH, BICOLOR",1,3,1,TRUE
2011,615421,"DAMSELFISH, DUSKY",4,4,1,TRUE
2011,636786,"GOBY,NEON",3479,8014.27,6,FALSE
2011,646513,HIGH-HAT,296,623.1,11,FALSE
2011,650251,"BARRACUDA, GREAT",2177,2085.85,6,FALSE
2012,159924,"SHARK, MAKO, SHORTFIN",22094.28,20677.73,13,FALSE
2012,160189,"SHARK, TIGER",30045.12,8755.15,4,FALSE
2012,160200,"SHARK, ATLANTIC SHARPNOSE",99218.61,34789.520000000004,3,FALSE
2012,160230,"DOGFISH, SMOOTH",2716,739.8000000000001,1,TRUE
2012,160275,"SHARK, BULL",329707.74,77880.93000000001,8,FALSE
2012,160289,"SHARK, SANDBAR",18277.11,6579.5,2,TRUE
2012,160304,"SHARK, BLACKNOSE",4834.16,1917.15,5,FALSE
2012,160307,"SHARK, BIGNOSE",175,52.5,1,TRUE
2012,160318,"SHARK, BLACKTIP",541250.38,127342.93000000001,10,FALSE
2012,160401,"SHARK, SPINNER",67161.73,16866.9,4,FALSE
2012,160409,"SHARK, FINETOOTH",1527.5700000000002,417.95,3,FALSE
2012,160433,"SHARK, LEMON",31131.83,8405.57,4,FALSE
2012,160502,"SHARK, BONNETHEAD",168,1561.2,2,TRUE
2012,160515,"SHARK, HAMMERHEAD, GREAT",100,20,1,TRUE
2012,160951,"STINGRAY, SOUTHERN",9,830,2,TRUE
2012,161186,"MORAY, GREEN",8,240,3,FALSE
2012,161237,"MORAY, GOLDENTAIL",2,27.5,2,TRUE
2012,166487,SEAHORSES,493,1141.75,7,FALSE
2012,166704,SCORPIONFISHES,4308,6558.9,22,FALSE
2012,167687,"BASS, BLACK SEA",659376.78,678457.618,44,FALSE
2012,167690,"BASS, BANK SEA",1121,1356.5,3,FALSE
2012,167691,"BASS, ROCK SEA",74370.04,114473.75,4,FALSE
2012,167696,"HIND, ROCK",414.22,1177.32,25,FALSE
2012,167698,"HIND, SPECKLED",50548.76,139441.73500000002,39,FALSE
2012,167699,"GROUPER, YELLOWEDGE",791053.84,2940581.37,40,FALSE
2012,167700,"HIND, RED",806.5,2476.64,25,FALSE
2012,167702,"GROUPER, RED",6129731.68,16706110.975,99,FALSE
2012,167703,"GROUPER, MISTY",188.8,488,6,FALSE
2012,167704,"GROUPER, WARSAW",105884.2,276918.82,42,FALSE
2012,167705,"GROUPER, SNOWY",198951.96,584742.88,42,FALSE
2012,167706,"GROUPER, NASSAU",11.8,30,1,TRUE
2012,167744,"GROUPER, MARBLED",1441.43,3888.75,5,FALSE
2012,167759,"GROUPER, GAG",620540.22,2468724.558,87,FALSE
2012,167760,"GROUPER, BLACK",51606.08,183304.61000000002,57,FALSE
2012,167762,"GROUPER, YELLOWMOUTH",202.09,729.84,4,FALSE
2012,167763,SCAMP,293976.35,1082541.48,85,FALSE
2012,167764,"GROUPER, YELLOWFIN",1024.58,3212.05,8,FALSE
2012,167767,"GROUPER, TIGER",4.72,13.6,1,TRUE
2012,167806,"HAMLET, BUTTER",124,455.5,5,FALSE
2012,167852,"BASS, LANTERN",11,41.5,3,FALSE
2012,167859,TOBACCOFISH,12,30,1,TRUE
2012,167860,"BASS, HARLEQUIN",117,235.25,2,TRUE
2012,167861,"BASS, CHALK",2,5,1,TRUE
2012,168178,BIGEYE,1488.8400000000001,2042.0500000000002,4,FALSE
2012,168204,FLAMEFISH,927,1501,5,FALSE
2012,168543,"TILEFISH, BLUELINE",91098.48,107857.47,26,FALSE
2012,168544,"TILEFISH, GOLDFACE",4.93,14.3,1,TRUE
2012,168546,"TILEFISH, GOLDEN",372592.97000000003,864873.49,30,FALSE
2012,168548,"TILEFISH, SAND",452.85,922.504,11,FALSE
2012,168566,COBIA,53357.55,143421.803,115,FALSE
2012,168602,"POMPANO, AFRICAN",411.5,957.9,10,FALSE
2012,168607,"JACK, YELLOW",15631.02,17288.24,9,FALSE
2012,168609,"JACK, CREVALLE",104768.61,71569.85,58,FALSE
2012,168610,"JACK, HORSE-EYE",71,51.25,1,TRUE
2012,168612,"RUNNER, BLUE",93814.18,64424.35,52,FALSE
2012,168615,"JACK, BAR",81906.32,78125.736,40,FALSE
2012,168689,"AMBERJACK, GREATER",301757.99,362639.63,73,FALSE
2012,168690,"AMBERJACK, LESSER",5492,6013.8,10,FALSE
2012,168691,"JACK, ALMACO",47844.840000000004,57186.83,33,FALSE
2012,168693,"RUDDERFISH, BANDED",22658.62,15761.9,16,FALSE
2012,168738,"RUNNER, RAINBOW",102,142,4,FALSE
2012,168791,DOLPHIN,48700.96,115437.454,48,FALSE
2012,168847,"SNAPPER, CUBERA",1116.84,2716.23,14,FALSE
2012,168848,"SNAPPER, GRAY",168551.02,408236.4298,128,FALSE
2012,168849,"SNAPPER, MUTTON",82402.34,192100.75,55,FALSE
2012,168850,SCHOOLMASTER,283.05,659.5,4,FALSE
2012,168852,"SNAPPER, BLACKFIN",4449.47,11829.6,20,FALSE
2012,168853,"SNAPPER, RED",4034210.12,13677352,91,FALSE
2012,168857,"SNAPPER, DOG",481.68,648.63,8,FALSE
2012,168858,"SNAPPER, MAHOGANY",239.76000000000002,639.25,3,FALSE
2012,168860,"SNAPPER, LANE",29056.120000000003,59844.047,79,FALSE
2012,168861,"SNAPPER, SILK",54359.63,159310.29,34,FALSE
2012,168899,"SNAPPER, BLACK",6523.79,16679.5,6,FALSE
2012,168902,"SNAPPER, QUEEN",26502.15,68470.978,27,FALSE
2012,168907,"SNAPPER, YELLOWTAIL",395972.44,1129403.37,70,FALSE
2012,168909,"SNAPPER, VERMILION",2433088.72,6575015.214,91,FALSE
2012,168913,WENCHMAN,31756.81,22391.41,4,FALSE
2012,169007,TRIPLETAIL,5534.86,7857.12,35,FALSE
2012,169065,"GRUNT, FRENCH",58,150,2,TRUE
2012,169086,PORKFISH,2049,6230.5,7,FALSE
2012,169183,"PORGY, LONGSPINE",26.64,123,2,TRUE
2012,169197,"PORGY, JOLTHEAD",13800.23,9600.93,31,FALSE
2012,169200,"PORGY, WHITEBONE",984.16,1041,3,FALSE
2012,169201,"PORGY, KNOBBED",3822.14,3380.8,21,FALSE
2012,169207,"PORGY, RED",389291.07,483458.574,63,FALSE
2012,169290,"DRUM, RED",43620,87943.35,21,FALSE
2012,169314,JACKKNIFE-FISH,809,3589.5,7,FALSE
2012,169317,"DRUM, SPOTTED",2,20,1,TRUE
2012,169539,"SPADEFISH, ATLANTIC",2341.7,7201.23,34,FALSE
2012,169556,"BUTTERFLYFISH, SPOTFIN",68,169.47,5,FALSE
2012,169558,"BUTTERFLYFISH, FOUREYE",324,745.98,9,FALSE
2012,169563,"BUTTERFLYFISH, BANDED",38,115.48,5,FALSE
2012,169611,CHERUBFISH,1,8,1,TRUE
2012,169623,"ANGELFISH, QUEEN",572,11114.5,9,FALSE
2012,169625,"BEAUTY, ROCK",232,1058,5,FALSE
2012,169632,"ANGELFISH, GRAY",1448,12961,14,FALSE
2012,169633,"ANGELFISH, FRENCH",81,1302,10,FALSE
2012,170046,"MAJOR, SERGEANT",152,225.5,2,TRUE
2012,170080,"CHROMIS, BLUE",1893,3541,2,TRUE
2012,170082,SUNSHINEFISH,424,431,2,TRUE
2012,170116,"DAMSELFISH, YELLOWTAIL",62,205,3,FALSE
2012,170484,"HOGFISH, SPANISH",43,295,3,FALSE
2012,170506,"WRASSE, YELLOWHEAD",5,15,1,TRUE
2012,170507,"WRASSE, CLOWN",13,63.5,4,FALSE
2012,170510,PUDDINGWIFE,4,18,2,TRUE
2012,170566,HOGFISH,42669.33,166887.63,48,FALSE
2012,170568,BLUEHEAD,503,7239.5,5,FALSE
2012,170811,"PARROTFISH, BLUE",11,333,3,FALSE
2012,170812,"PARROTFISH, MIDNIGHT",12,720,1,TRUE
2012,170814,"PARROTFISH, RAINBOW",12,348,3,FALSE
2012,170815,"PARROTFISH, PRINCESS",47,565,3,FALSE
2012,170816,"PARROTFISH, QUEEN",5,225,1,TRUE
2012,170863,"PARROTFISH, REDBAND",2,5,1,TRUE
2012,170867,"PARROTFISH, STOPLIGHT",15,402.92,3,FALSE
2012,170928,"JAWFISH, YELLOWHEAD",182,474.5,3,FALSE
2012,170932,"JAWFISH, DUSKY",4,12.75,2,TRUE
2012,171203,"BLENNY, REDLIP",13,33,2,TRUE
2012,172252,"SURGEON, OCEAN",66,205,1,TRUE
2012,172253,DOCTORFISH,30,70.5,4,FALSE
2012,172254,"TANG, BLUE",1107,5132,8,FALSE
2012,172401,"TUNA, SKIPJACK",111.25,110.5,2,TRUE
2012,172402,"TUNA, LITTLE TUNNY",186026.16,70148.082,43,FALSE
2012,172419,"TUNA, ALBACORE",45036.41,21761.85,7,FALSE
2012,172421,"TUNA, BLUEFIN",71397.35,377153.55,7,FALSE
2012,172423,"TUNA, YELLOWFIN",2762879.55,10195998.45,23,FALSE
2012,172427,"TUNA, BLACKFIN",20130.36,16430.299,45,FALSE
2012,172428,"TUNA, BIGEYE",19351.25,52886.6,8,FALSE
2012,172435,"MACKEREL, KING",2531194.4,4014889.86,80,FALSE
2012,172436,"MACKEREL, SPANISH",1652246.98,1382686.66,116,FALSE
2012,172437,CERO,1132.45,1619.6,13,FALSE
2012,172451,WAHOO,93248.06,128563.508,44,FALSE
2012,172482,SWORDFISH,1258183.87,3209741.35,20,FALSE
2012,173138,"TRIGGERFISH, GRAY",8997.14,10659,17,FALSE
2012,173139,"TRIGGERFISH, QUEEN",118.76,136.7,3,FALSE
2012,173157,"FILEFISH, WHITESPOTTED",2,0.2,1,TRUE
2012,173245,"COWFISH, SCRAWLED",110,371.25,2,TRUE
2012,173246,"COWFISH, HONEYCOMBED",1857,1445.1,4,FALSE
2012,173320,"PUFFER, SHARPNOSE",64,40.4,4,FALSE
2012,173391,PORCUPINEFISH,48,38.5,4,FALSE
2012,181220,GRAYSBY,14.62,35.15,5,FALSE
2012,615345,BEAUGREGORY,30,50,4,FALSE
2012,615416,"DAMSELFISH, BICOLOR",21,23,2,TRUE
2012,615421,"DAMSELFISH, DUSKY",1,2,1,TRUE
2012,615485,"DAMSELFISH, THREESPOT",1,3,1,TRUE
2012,636786,"GOBY,NEON",3213,7650,3,FALSE
2012,646513,HIGH-HAT,924,1688,7,FALSE
2012,650251,"BARRACUDA, GREAT",3965.4,4868.65,12,FALSE
2013,159916,"SHARK, THRESHER",6,1.5,1,TRUE
2013,159921,"SHARK, THRESHER, BIGEYE",45,31.5,1,TRUE
2013,159924,"SHARK, MAKO, SHORTFIN",21157.64,26098.13,15,FALSE
2013,160189,"SHARK, TIGER",17042.94,9358.08,5,FALSE
2013,160200,"SHARK, ATLANTIC SHARPNOSE",172480.75,87274.8,6,FALSE
2013,160230,"DOGFISH, SMOOTH",3196,1279.8,1,TRUE
2013,160275,"SHARK, BULL",385850.94,105902.05,6,FALSE
2013,160289,"SHARK, SANDBAR",16963.56,12020.1,2,TRUE
2013,160304,"SHARK, BLACKNOSE",2920.91,11826.15,4,FALSE
2013,160310,"SHARK, SILKY",2046.0800000000002,492.6,2,TRUE
2013,160318,"SHARK, BLACKTIP",738944.7000000001,199245.23,10,FALSE
2013,160401,"SHARK, SPINNER",98309.17,29220.05,7,FALSE
2013,160409,"SHARK, FINETOOTH",99137.48,80295.3,5,FALSE
2013,160433,"SHARK, LEMON",10444.460000000001,5171.5,3,FALSE
2013,160502,"SHARK, BONNETHEAD",6433,14060.17,5,FALSE
2013,160515,"SHARK, HAMMERHEAD, GREAT",6328.3,2205.15,5,FALSE
2013,160951,"STINGRAY, SOUTHERN",11,2000,5,FALSE
2013,161186,"MORAY, GREEN",18,765,4,FALSE
2013,161237,"MORAY, GOLDENTAIL",6,143,2,TRUE
2013,166487,SEAHORSES,2572,1903.98,8,FALSE
2013,166704,SCORPIONFISHES,3931.1,5840.01,22,FALSE
2013,167687,"BASS, BLACK SEA",531274.66,545588.06,43,FALSE
2013,167691,"BASS, ROCK SEA",56793.4,73171.5,4,FALSE
2013,167696,"HIND, ROCK",342.53000000000003,936.38,16,FALSE
2013,167698,"HIND, SPECKLED",40915.9,127070.784,46,FALSE
2013,167699,"GROUPER, YELLOWEDGE",783035.2,3037000.83,46,FALSE
2013,167700,"HIND, RED",908.74,2220.42,20,FALSE
2013,167702,"GROUPER, RED",5403468.94,16356719.138,102,FALSE
2013,167703,"GROUPER, MISTY",21.240000000000002,57.25,1,TRUE
2013,167704,"GROUPER, WARSAW",121811.67,361408.14,44,FALSE
2013,167705,"GROUPER, SNOWY",128098.86,405927.19,44,FALSE
2013,167740,"GROUPER, CONEY",2,10,1,TRUE
2013,167744,"GROUPER, MARBLED",633.34,1648.35,2,TRUE
2013,167759,"GROUPER, GAG",692901.47,2874286.82,88,FALSE
2013,167760,"GROUPER, BLACK",61466.130000000005,236681.66,53,FALSE
2013,167762,"GROUPER, YELLOWMOUTH",758.24,2597.8,5,FALSE
2013,167763,SCAMP,293386.43,1122985.33,86,FALSE
2013,167764,"GROUPER, YELLOWFIN",1370.79,4728.25,8,FALSE
2013,167767,"GROUPER, TIGER",5.9,17.5,1,TRUE
2013,167806,"HAMLET, BUTTER",67,238.5,8,FALSE
2013,167852,"BASS, LANTERN",30,109,2,TRUE
2013,167860,"BASS, HARLEQUIN",105,268.25,4,FALSE
2013,167861,"BASS, CHALK",3,3,1,TRUE
2013,168178,BIGEYE,754.28,788.1,3,FALSE
2013,168181,"SNAPPER, GLASSEYE",14,248,1,TRUE
2013,168204,FLAMEFISH,527,1203.75,11,FALSE
2013,168541,"TILEFISH, BLACKLINE",26,57,2,TRUE
2013,168543,"TILEFISH, BLUELINE",54990.47,77117.52,29,FALSE
2013,168544,"TILEFISH, GOLDFACE",157.63,252.12,4,FALSE
2013,168546,"TILEFISH, GOLDEN",435393.43,1080079.74,32,FALSE
2013,168548,"TILEFISH, SAND",276.25,329.08,9,FALSE
2013,168566,COBIA,82174.18000000001,281707.2,115,FALSE
2013,168602,"POMPANO, AFRICAN",626.45,1277.31,13,FALSE
2013,168607,"JACK, YELLOW",16175.9,8737.75,14,FALSE
2013,168609,"JACK, CREVALLE",238846.71,172143.51,66,FALSE
2013,168610,"JACK, HORSE-EYE",62,34.5,2,TRUE
2013,168612,"RUNNER, BLUE",158713.97,96447.87,55,FALSE
2013,168615,"JACK, BAR",89356.5,102356.46,43,FALSE
2013,168689,"AMBERJACK, GREATER",458567.11,641320.97,79,FALSE
2013,168690,"AMBERJACK, LESSER",20575.27,28231.13,19,FALSE
2013,168691,"JACK, ALMACO",32410.4,43637.1,33,FALSE
2013,168693,"RUDDERFISH, BANDED",25066.5,17401.21,16,FALSE
2013,168738,"RUNNER, RAINBOW",749,1454,7,FALSE
2013,168791,DOLPHIN,51915.5,121332.07,36,FALSE
2013,168847,"SNAPPER, CUBERA",963.34,1725.46,13,FALSE
2013,168848,"SNAPPER, GRAY",134324.76,338771.5,116,FALSE
2013,168849,"SNAPPER, MUTTON",111405.95,260064.81,50,FALSE
2013,168850,SCHOOLMASTER,207.57,335.75,4,FALSE
2013,168852,"SNAPPER, BLACKFIN",4281.67,12241.7,13,FALSE
2013,168853,"SNAPPER, RED",5483810.94,21040157.02,89,FALSE
2013,168857,"SNAPPER, DOG",618.21,718.55,7,FALSE
2013,168858,"SNAPPER, MAHOGANY",36.63,86.3,3,FALSE
2013,168860,"SNAPPER, LANE",23340.06,57281.913,81,FALSE
2013,168861,"SNAPPER, SILK",29971.78,79799.53,32,FALSE
2013,168899,"SNAPPER, BLACK",35.3,65,2,TRUE
2013,168902,"SNAPPER, QUEEN",7130.62,21756.15,21,FALSE
2013,168907,"SNAPPER, YELLOWTAIL",394152.88,1007303.67,66,FALSE
2013,168909,"SNAPPER, VERMILION",1423777.91,4040389.916,79,FALSE
2013,168913,WENCHMAN,23945.52,16630.1,3,FALSE
2013,169007,TRIPLETAIL,6011.73,13988.15,34,FALSE
2013,169058,TOMTATE,2,2,1,TRUE
2013,169065,"GRUNT, FRENCH",72,172,3,FALSE
2013,169067,COTTONWICK,30,600,1,TRUE
2013,169086,PORKFISH,878,3416.5,10,FALSE
2013,169183,"PORGY, LONGSPINE",146.52,67,2,TRUE
2013,169197,"PORGY, JOLTHEAD",13735.63,10867.49,33,FALSE
2013,169200,"PORGY, WHITEBONE",1477,2071.5,4,FALSE
2013,169201,"PORGY, KNOBBED",3104.4700000000003,2471.88,14,FALSE
2013,169207,"PORGY, RED",249341.91,318288.078,57,FALSE
2013,169290,"DRUM, RED",44907,92415,16,FALSE
2013,169314,JACKKNIFE-FISH,707,4618.5,8,FALSE
2013,169421,"GOATFISH, SPOTTED",5,20,3,FALSE
2013,169539,"SPADEFISH, ATLANTIC",6816.25,18458.5,39,FALSE
2013,169556,"BUTTERFLYFISH, SPOTFIN",54,169,6,FALSE
2013,169558,"BUTTERFLYFISH, FOUREYE",273,723.75,13,FALSE
2013,169563,"BUTTERFLYFISH, BANDED",19,137,7,FALSE
2013,169623,"ANGELFISH, QUEEN",1180,21314.53,22,FALSE
2013,169625,"BEAUTY, ROCK",273,1720.75,8,FALSE
2013,169632,"ANGELFISH, GRAY",1345,17003.5,18,FALSE
2013,169633,"ANGELFISH, FRENCH",155,3346.5,14,FALSE
2013,170046,"MAJOR, SERGEANT",81,153,5,FALSE
2013,170080,"CHROMIS, BLUE",2670,5975.5,7,FALSE
2013,170082,SUNSHINEFISH,249,356.9,3,FALSE
2013,170116,"DAMSELFISH, YELLOWTAIL",152,586,3,FALSE
2013,170224,"HAWKFISH, REDSPOTTED",6,24,1,TRUE
2013,170484,"HOGFISH, SPANISH",152,880,5,FALSE
2013,170496,"WRASSE, CREOLE",15,32,3,FALSE
2013,170506,"WRASSE, YELLOWHEAD",6,23,2,TRUE
2013,170507,"WRASSE, CLOWN",27,95,5,FALSE
2013,170510,PUDDINGWIFE,16,352.5,2,TRUE
2013,170566,HOGFISH,23818.41,96973.1,43,FALSE
2013,170568,BLUEHEAD,569,1440.75,6,FALSE
2013,170811,"PARROTFISH, BLUE",13,163,5,FALSE
2013,170814,"PARROTFISH, RAINBOW",5,60,1,TRUE
2013,170815,"PARROTFISH, PRINCESS",12,142.5,4,FALSE
2013,170863,"PARROTFISH, REDBAND",14,228,5,FALSE
2013,170867,"PARROTFISH, STOPLIGHT",4,7,2,TRUE
2013,170928,"JAWFISH, YELLOWHEAD",473,1679,5,FALSE
2013,170932,"JAWFISH, DUSKY",26,24.25,4,FALSE
2013,171203,"BLENNY, REDLIP",16,46,1,TRUE
2013,172252,"SURGEON, OCEAN",177,1252.5,7,FALSE
2013,172253,DOCTORFISH,24,69.5,2,TRUE
2013,172254,"TANG, BLUE",1753,6839.75,16,FALSE
2013,172401,"TUNA, SKIPJACK",67.5,29,2,TRUE
2013,172402,"TUNA, LITTLE TUNNY",112756.19,50004.41,34,FALSE
2013,172419,"TUNA, ALBACORE",44993.39,23839.55,6,FALSE
2013,172421,"TUNA, BLUEFIN",21190,120410,6,FALSE
2013,172423,"TUNA, YELLOWFIN",1904371.81,7085200.4,24,FALSE
2013,172427,"TUNA, BLACKFIN",10790.52,13907.66,34,FALSE
2013,172428,"TUNA, BIGEYE",13570,36859.27,7,FALSE
2013,172435,"MACKEREL, KING",2358937.47,4446543.15,62,FALSE
2013,172436,"MACKEREL, SPANISH",1333219.48,1332642.3900000001,109,FALSE
2013,172437,CERO,3954.1,6779.75,10,FALSE
2013,172451,WAHOO,97528.99,149808.372,43,FALSE
2013,172482,SWORDFISH,896985.89,2829264.32,17,FALSE
2013,173134,"FILEFISH, SCRAWLED",3,30,1,TRUE
2013,173138,"TRIGGERFISH, GRAY",6906.78,9537.81,25,FALSE
2013,173139,"TRIGGERFISH, QUEEN",105.36,157,3,FALSE
2013,173170,"TRIGGERFISH, OCEAN",85.72,181.38,3,FALSE
2013,173245,"COWFISH, SCRAWLED",371,524.9,6,FALSE
2013,173246,"COWFISH, HONEYCOMBED",1977,1480.45,4,FALSE
2013,173320,"PUFFER, SHARPNOSE",44,76.95,9,FALSE
2013,173391,PORCUPINEFISH,68,683.25,6,FALSE
2013,181220,GRAYSBY,34.14,92.1,4,FALSE
2013,614740,"PARROTFISH, STRIPED",1,2,1,TRUE
2013,615345,BEAUGREGORY,32,100.05,7,FALSE
2013,615416,"DAMSELFISH, BICOLOR",27,47.5,3,FALSE
2013,615421,"DAMSELFISH, DUSKY",1,1,1,TRUE
2013,615485,"DAMSELFISH, THREESPOT",2,2,2,TRUE
2013,636786,"GOBY,NEON",3138,7328.35,13,FALSE
2013,646513,HIGH-HAT,1098,2048.5,14,FALSE
2013,650251,"BARRACUDA, GREAT",31202.95,36460.57,16,FALSE
2014,159924,"SHARK, MAKO, SHORTFIN",12085.14,12670.25,11,FALSE
2014,160189,"SHARK, TIGER",20693.03,10786.9,4,FALSE
2014,160200,"SHARK, ATLANTIC SHARPNOSE",124315.3,58874.3,5,FALSE
2014,160230,"DOGFISH, SMOOTH",39,28,1,TRUE
2014,160275,"SHARK, BULL",356126.95,135945.67,6,FALSE
2014,160289,"SHARK, SANDBAR",9812.01,6271.3,1,TRUE
2014,160304,"SHARK, BLACKNOSE",4403.15,6586.55,4,FALSE
2014,160318,"SHARK, BLACKTIP",594835.74,201289.09,9,FALSE
2014,160401,"SHARK, SPINNER",82381.17,33270.9,6,FALSE
2014,160409,"SHARK, FINETOOTH",91082.69,77578.85,2,TRUE
2014,160433,"SHARK, LEMON",3246.94,1734.55,4,FALSE
2014,160502,"SHARK, BONNETHEAD",11747,14211.25,3,FALSE
2014,160515,"SHARK, HAMMERHEAD, GREAT",2164.23,1260.3,1,TRUE
2014,160951,"STINGRAY, SOUTHERN",9,597.5,2,TRUE
2014,161186,"MORAY, GREEN",14,825,3,FALSE
2014,161237,"MORAY, GOLDENTAIL",2,40,2,TRUE
2014,161450,"EEL, GOLDSPOTTED",1,30,1,TRUE
2014,166211,"SOLDIERFISH, BLACKBAR",3,12,1,TRUE
2014,166487,SEAHORSES,508,2257,5,FALSE
2014,166704,SCORPIONFISHES,2557.35,3870.83,18,FALSE
2014,167687,"BASS, BLACK SEA",205636.2,225748.374,58,FALSE
2014,167690,"BASS, BANK SEA",13.81,9.75,2,TRUE
2014,167691,"BASS, ROCK SEA",1853.6,1734.4,4,FALSE
2014,167696,"HIND, ROCK",447.38,1445.63,18,FALSE
2014,167698,"HIND, SPECKLED",80790.93000000001,259260.995,42,FALSE
2014,167699,"GROUPER, YELLOWEDGE",897796.65,3577555.21,42,FALSE
2014,167700,"HIND, RED",7203.99,23245.39,24,FALSE
2014,167702,"GROUPER, RED",6500123.55,21042429.364,114,FALSE
2014,167703,"GROUPER, MISTY",607.34,1903.3,4,FALSE
2014,167704,"GROUPER, WARSAW",89501.18000000001,280560.39,43,FALSE
2014,167705,"GROUPER, SNOWY",182365.41,605826.55,43,FALSE
2014,167740,"GROUPER, CONEY",70,495.6,1,TRUE
2014,167744,"GROUPER, MARBLED",561.68,1499.5,2,TRUE
2014,167759,"GROUPER, GAG",685689.8200000001,2893668.724,101,FALSE
2014,167760,"GROUPER, BLACK",61043.55,249934.23,55,FALSE
2014,167762,"GROUPER, YELLOWMOUTH",1497.54,5104.3,5,FALSE
2014,167763,SCAMP,194930,756929.8954,91,FALSE
2014,167764,"GROUPER, YELLOWFIN",996.96,3973.5,10,FALSE
2014,167806,"HAMLET, BUTTER",120,624.25,11,FALSE
2014,167852,"BASS, LANTERN",105,280,5,FALSE
2014,167859,TOBACCOFISH,4,10,1,TRUE
2014,167860,"BASS, HARLEQUIN",131,309.75,4,FALSE
2014,167861,"BASS, CHALK",13,32.5,1,TRUE
2014,168178,BIGEYE,4751.08,15685.35,5,FALSE
2014,168204,FLAMEFISH,464,1351.5,10,FALSE
2014,168541,"TILEFISH, BLACKLINE",542.08,735,2,TRUE
2014,168543,"TILEFISH, BLUELINE",78866.78,96894.32,29,FALSE
2014,168544,"TILEFISH, GOLDFACE",25.76,69,1,TRUE
2014,168546,"TILEFISH, GOLDEN",501917.94,1308607.24,28,FALSE
2014,168548,"TILEFISH, SAND",251.57000000000002,331.502,14,FALSE
2014,168566,COBIA,78396.94,254760.342,117,FALSE
2014,168602,"POMPANO, AFRICAN",456.38,979.45,14,FALSE
2014,168607,"JACK, YELLOW",71239.5,45245.88,14,FALSE
2014,168609,"JACK, CREVALLE",344065.64,230557.21,75,FALSE
2014,168610,"JACK, HORSE-EYE",46.8,37.650000000000006,2,TRUE
2014,168612,"RUNNER, BLUE",105207.37,66553.33,74,FALSE
2014,168615,"JACK, BAR",88685.62,106193.013,40,FALSE
2014,168689,"AMBERJACK, GREATER",483072.35000000003,697602.38,80,FALSE
2014,168690,"AMBERJACK, LESSER",3942.61,4671.5,16,FALSE
2014,168691,"JACK, ALMACO",40044.36,54409.23,39,FALSE
2014,168693,"RUDDERFISH, BANDED",13821.18,11173.634,19,FALSE
2014,168738,"RUNNER, RAINBOW",145.96,287,4,FALSE
2014,168791,DOLPHIN,41295.14,90967.56,37,FALSE
2014,168847,"SNAPPER, CUBERA",1583.75,2706.1,18,FALSE
2014,168848,"SNAPPER, GRAY",198897,547336.092,129,FALSE
2014,168849,"SNAPPER, MUTTON",129382.73,321259.926,55,FALSE
2014,168850,SCHOOLMASTER,113.89,277.5,5,FALSE
2014,168852,"SNAPPER, BLACKFIN",10047.01,28161.33,15,FALSE
2014,168853,"SNAPPER, RED",5693623,23096057.818,100,FALSE
2014,168857,"SNAPPER, DOG",414.7,625.7,8,FALSE
2014,168858,"SNAPPER, MAHOGANY",242.6,571.25,2,TRUE
2014,168860,"SNAPPER, LANE",30231.65,67939.8086,93,FALSE
2014,168861,"SNAPPER, SILK",31024.52,95369.436,30,FALSE
2014,168899,"SNAPPER, BLACK",276.39,559.75,3,FALSE
2014,168902,"SNAPPER, QUEEN",23990.88,78009.11,25,FALSE
2014,168907,"SNAPPER, YELLOWTAIL",466968.04000000004,1363269.2425,72,FALSE
2014,168909,"SNAPPER, VERMILION",1746852.74,4901027.764,90,FALSE
2014,168913,WENCHMAN,20798.07,9507.25,4,FALSE
2014,169007,TRIPLETAIL,1444.74,2382.48,23,FALSE
2014,169065,"GRUNT, FRENCH",127,411,2,TRUE
2014,169067,COTTONWICK,253,1247,2,TRUE
2014,169086,PORKFISH,1827,7112.5,8,FALSE
2014,169183,"PORGY, LONGSPINE",77.7,63,2,TRUE
2014,169197,"PORGY, JOLTHEAD",22819.73,25291.508,32,FALSE
2014,169200,"PORGY, WHITEBONE",591.2,879.25,3,FALSE
2014,169201,"PORGY, KNOBBED",10111.39,10741.74,19,FALSE
2014,169207,"PORGY, RED",276452.03,352386.853,59,FALSE
2014,169290,"DRUM, RED",57350,119503.65,22,FALSE
2014,169314,JACKKNIFE-FISH,783,4938.5,11,FALSE
2014,169317,"DRUM, SPOTTED",5,90,2,TRUE
2014,169421,"GOATFISH, SPOTTED",33,591,2,TRUE
2014,169539,"SPADEFISH, ATLANTIC",3915.15,4469.86,34,FALSE
2014,169556,"BUTTERFLYFISH, SPOTFIN",31,110.5,6,FALSE
2014,169558,"BUTTERFLYFISH, FOUREYE",390,1135.5,9,FALSE
2014,169563,"BUTTERFLYFISH, BANDED",26,87.5,5,FALSE
2014,169611,CHERUBFISH,2,45,2,TRUE
2014,169623,"ANGELFISH, QUEEN",1717,33691,14,FALSE
2014,169625,"BEAUTY, ROCK",550,3010,5,FALSE
2014,169632,"ANGELFISH, GRAY",1465,19496,13,FALSE
2014,169633,"ANGELFISH, FRENCH",421,7780,12,FALSE
2014,170046,"MAJOR, SERGEANT",129,229.5,4,FALSE
2014,170080,"CHROMIS, BLUE",2232,5655,4,FALSE
2014,170082,SUNSHINEFISH,185,287,2,TRUE
2014,170116,"DAMSELFISH, YELLOWTAIL",30,174,4,FALSE
2014,170224,"HAWKFISH, REDSPOTTED",5,25.5,2,TRUE
2014,170484,"HOGFISH, SPANISH",137,863,3,FALSE
2014,170496,"WRASSE, CREOLE",3,12,1,TRUE
2014,170506,"WRASSE, YELLOWHEAD",3,10.5,1,TRUE
2014,170507,"WRASSE, CLOWN",21,196,3,FALSE
2014,170510,PUDDINGWIFE,8,172.25,4,FALSE
2014,170566,HOGFISH,37100.1,158068.64800000002,49,FALSE
2014,170568,BLUEHEAD,501,1487.5,7,FALSE
2014,170811,"PARROTFISH, BLUE",37,1046,5,FALSE
2014,170812,"PARROTFISH, MIDNIGHT",4,218,2,TRUE
2014,170814,"PARROTFISH, RAINBOW",11,215,2,TRUE
2014,170815,"PARROTFISH, PRINCESS",14,105,2,TRUE
2014,170863,"PARROTFISH, REDBAND",9,130.5,3,FALSE
2014,170867,"PARROTFISH, STOPLIGHT",21,496,5,FALSE
2014,170928,"JAWFISH, YELLOWHEAD",1566,4540.5,6,FALSE
2014,170932,"JAWFISH, DUSKY",277,228.5,6,FALSE
2014,171203,"BLENNY, REDLIP",5,31,3,FALSE
2014,172252,"SURGEON, OCEAN",214,2003.56,8,FALSE
2014,172253,DOCTORFISH,3,9,3,FALSE
2014,172254,"TANG, BLUE",1024,6251.91,11,FALSE
2014,172401,"TUNA, SKIPJACK",31.25,52,1,TRUE
2014,172402,"TUNA, LITTLE TUNNY",48124.08,19718.45,41,FALSE
2014,172419,"TUNA, ALBACORE",26673.68,15531.6,6,FALSE
2014,172421,"TUNA, BLUEFIN",25281.75,118011,8,FALSE
2014,172423,"TUNA, YELLOWFIN",1608148.4,6069645.06,22,FALSE
2014,172427,"TUNA, BLACKFIN",23067.54,32388.89,47,FALSE
2014,172428,"TUNA, BIGEYE",8636.25,20960.5,6,FALSE
2014,172435,"MACKEREL, KING",3081321.79,5471994.677,76,FALSE
2014,172436,"MACKEREL, SPANISH",841068.98,893437.7,106,FALSE
2014,172437,CERO,621.5,730.63,9,FALSE
2014,172451,WAHOO,120467.22,169192.19,44,FALSE
2014,172482,SWORDFISH,423841.02,1280163.15,19,FALSE
2014,173134,"FILEFISH, SCRAWLED",1,8,1,TRUE
2014,173138,"TRIGGERFISH, GRAY",22597.35,41381.81,60,FALSE
2014,173139,"TRIGGERFISH, QUEEN",158.72,795.5,4,FALSE
2014,173157,"FILEFISH, WHITESPOTTED",99,49.5,1,TRUE
2014,173170,"TRIGGERFISH, OCEAN",37.01,64.65,5,FALSE
2014,173245,"COWFISH, SCRAWLED",923,600.5,5,FALSE
2014,173246,"COWFISH, HONEYCOMBED",719.5,674.1,5,FALSE
2014,173320,"PUFFER, SHARPNOSE",59,47,6,FALSE
2014,173391,PORCUPINEFISH,50,265.5,2,TRUE
2014,181220,GRAYSBY,25.65,74.98,3,FALSE
2014,614740,"PARROTFISH, STRIPED",6,63.5,3,FALSE
2014,615345,BEAUGREGORY,29,133.25,7,FALSE
2014,615416,"DAMSELFISH, BICOLOR",2,18,1,TRUE
2014,615485,"DAMSELFISH, THREESPOT",4,4,1,TRUE
2014,636786,"GOBY,NEON",1936,5226,7,FALSE
2014,646513,HIGH-HAT,1264,2884.5,12,FALSE
2014,650251,"BARRACUDA, GREAT",28269.24,41898.06,30,FALSE
2015,159924,"SHARK, MAKO, SHORTFIN",7635.83,8619.9,9,FALSE
2015,159977,"SHARK, NURSE",2,4000,1,TRUE
2015,160189,"SHARK, TIGER",23520.82,12347.25,5,FALSE
2015,160200,"SHARK, ATLANTIC SHARPNOSE",192446.23,92714.214,3,FALSE
2015,160275,"SHARK, BULL",379065.39,141108.1,6,FALSE
2015,160289,"SHARK, SANDBAR",34403.89,20136.100000000002,1,TRUE
2015,160304,"SHARK, BLACKNOSE",2931.51,1671.9,2,TRUE
2015,160318,"SHARK, BLACKTIP",895655.8,307786.9,8,FALSE
2015,160401,"SHARK, SPINNER",60142.5,25809.8,6,FALSE
2015,160409,"SHARK, FINETOOTH",85226,71514.6,1,TRUE
2015,160433,"SHARK, LEMON",13134.720000000001,6444.070000000001,4,FALSE
2015,160502,"SHARK, BONNETHEAD",1315.62,10464.07,6,FALSE
2015,160515,"SHARK, HAMMERHEAD, GREAT",11858.83,5325.49,3,FALSE
2015,160951,"STINGRAY, SOUTHERN",18,445,4,FALSE
2015,161186,"MORAY, GREEN",19,1440,5,FALSE
2015,161450,"EEL, GOLDSPOTTED",8,36,2,TRUE
2015,166211,"SOLDIERFISH, BLACKBAR",1,8,1,TRUE
2015,166487,SEAHORSES,170,723.5,4,FALSE
2015,166704,SCORPIONFISHES,4483.05,7234,17,FALSE
2015,167687,"BASS, BLACK SEA",128546.42,164931.13,51,FALSE
2015,167691,"BASS, ROCK SEA",34078.51,33613.15,8,FALSE
2015,167696,"HIND, ROCK",338.57,1041.71,14,FALSE
2015,167698,"HIND, SPECKLED",62212.69,215475.11000000002,44,FALSE
2015,167699,"GROUPER, YELLOWEDGE",841364.51,3422479.69,43,FALSE
2015,167700,"HIND, RED",598.75,1643.3,20,FALSE
2015,167702,"GROUPER, RED",5557858.82,18785597.423,108,FALSE
2015,167703,"GROUPER, MISTY",522.72,458,2,TRUE
2015,167704,"GROUPER, WARSAW",62956.200000000004,205659.38,38,FALSE
2015,167705,"GROUPER, SNOWY",123851.35,437717.69,41,FALSE
2015,167740,"GROUPER, CONEY",1.18,2,1,TRUE
2015,167744,"GROUPER, MARBLED",1025.42,2750.55,4,FALSE
2015,167759,"GROUPER, GAG",636014.72,2772804.602,98,FALSE
2015,167760,"GROUPER, BLACK",54362.58,227402.2,59,FALSE
2015,167762,"GROUPER, YELLOWMOUTH",1227.25,4264.05,6,FALSE
2015,167763,SCAMP,206603.84,818472.9400000001,92,FALSE
2015,167764,"GROUPER, YELLOWFIN",1040.95,3770.4300000000003,9,FALSE
2015,167806,"HAMLET, BUTTER",86,153,8,FALSE
2015,167852,"BASS, LANTERN",6,20,1,TRUE
2015,167860,"BASS, HARLEQUIN",17,47.5,2,TRUE
2015,168178,BIGEYE,763.4,1550.35,5,FALSE
2015,168181,"SNAPPER, GLASSEYE",1,2,1,TRUE
2015,168204,FLAMEFISH,150,242.5,10,FALSE
2015,168541,"TILEFISH, BLACKLINE",5.6,12.5,1,TRUE
2015,168543,"TILEFISH, BLUELINE",56200.4,78155.46,26,FALSE
2015,168544,"TILEFISH, GOLDFACE",122.08000000000001,298,2,TRUE
2015,168546,"TILEFISH, GOLDEN",536253.3,1491042.55,36,FALSE
2015,168548,"TILEFISH, SAND",425.82,668.4,8,FALSE
2015,168566,COBIA,70160.69,229042.253,118,FALSE
2015,168602,"POMPANO, AFRICAN",1794.4,3565.65,18,FALSE
2015,168607,"JACK, YELLOW",18599.32,14750.65,15,FALSE
2015,168609,"JACK, CREVALLE",405412.92,294994.25,61,FALSE
2015,168610,"JACK, HORSE-EYE",63.7,63.22,3,FALSE
2015,168612,"RUNNER, BLUE",83082.25,56667.72,60,FALSE
2015,168615,"JACK, BAR",77719.42,94839.90000000001,44,FALSE
2015,168689,"AMBERJACK, GREATER",456928.87,672106.68,79,FALSE
2015,168690,"AMBERJACK, LESSER",4645.84,5091.18,15,FALSE
2015,168691,"JACK, ALMACO",17571.39,24980.035,40,FALSE
2015,168693,"RUDDERFISH, BANDED",11080,8725.79,17,FALSE
2015,168738,"RUNNER, RAINBOW",125.84,153,3,FALSE
2015,168791,DOLPHIN,24226.07,58471.786,52,FALSE
2015,168847,"SNAPPER, CUBERA",1027.3,2597.28,12,FALSE
2015,168848,"SNAPPER, GRAY",164783.96,440082.838,131,FALSE
2015,168849,"SNAPPER, MUTTON",123255.03,312518.27,51,FALSE
2015,168850,SCHOOLMASTER,32.19,84.75,2,TRUE
2015,168852,"SNAPPER, BLACKFIN",6976.9000000000005,21476.3,11,FALSE
2015,168853,"SNAPPER, RED",6791229.29,27598411.245,109,FALSE
2015,168857,"SNAPPER, DOG",413.79,844.51,12,FALSE
2015,168858,"SNAPPER, MAHOGANY",314.91,1032.63,3,FALSE
2015,168860,"SNAPPER, LANE",45980.21,102591.446,91,FALSE
2015,168861,"SNAPPER, SILK",21666.670000000002,70797.67,39,FALSE
2015,168899,"SNAPPER, BLACK",440.55,1427.75,4,FALSE
2015,168902,"SNAPPER, QUEEN",10377.03,33474.73,23,FALSE
2015,168907,"SNAPPER, YELLOWTAIL",504192.73,1481881.1,78,FALSE
2015,168909,"SNAPPER, VERMILION",1352127.98,3885864.668,99,FALSE
2015,168913,WENCHMAN,12901.32,6489.75,4,FALSE
2015,169007,TRIPLETAIL,1417.86,3984.86,31,FALSE
2015,169065,"GRUNT, FRENCH",30,150,1,TRUE
2015,169067,COTTONWICK,31,124,1,TRUE
2015,169086,PORKFISH,632,2112,14,FALSE
2015,169183,"PORGY, LONGSPINE",6002.88,906,2,TRUE
2015,169197,"PORGY, JOLTHEAD",18137.69,22972.005,37,FALSE
2015,169200,"PORGY, WHITEBONE",4481,7487.7,3,FALSE
2015,169201,"PORGY, KNOBBED",11270.48,7657.998,15,FALSE
2015,169207,"PORGY, RED",214305.95,283439.325,64,FALSE
2015,169290,"DRUM, RED",41931,97767.3,17,FALSE
2015,169314,JACKKNIFE-FISH,227,1775,8,FALSE
2015,169317,"DRUM, SPOTTED",1,10,1,TRUE
2015,169539,"SPADEFISH, ATLANTIC",2745.8,4389.4800000000005,30,FALSE
2015,169556,"BUTTERFLYFISH, SPOTFIN",23,74,7,FALSE
2015,169558,"BUTTERFLYFISH, FOUREYE",31,169,5,FALSE
2015,169563,"BUTTERFLYFISH, BANDED",21,75.5,4,FALSE
2015,169593,"BUTTERFLYFISH, LONGSNOUT",2,20,1,TRUE
2015,169611,CHERUBFISH,1,10,1,TRUE
2015,169623,"ANGELFISH, QUEEN",627,12071.92,14,FALSE
2015,169625,"BEAUTY, ROCK",165,849.5,5,FALSE
2015,169632,"ANGELFISH, GRAY",1119,15373.84,18,FALSE
2015,169633,"ANGELFISH, FRENCH",351,6554.2,11,FALSE
2015,170046,"MAJOR, SERGEANT",1,1.25,1,TRUE
2015,170080,"CHROMIS, BLUE",71,240,4,FALSE
2015,170082,SUNSHINEFISH,52,52,1,TRUE
2015,170116,"DAMSELFISH, YELLOWTAIL",5,26,1,TRUE
2015,170484,"HOGFISH, SPANISH",31,700,3,FALSE
2015,170496,"WRASSE, CREOLE",1,4,1,TRUE
2015,170506,"WRASSE, YELLOWHEAD",5,28,3,FALSE
2015,170507,"WRASSE, CLOWN",8,32,1,TRUE
2015,170566,HOGFISH,28394.95,127260.122,59,FALSE
2015,170568,BLUEHEAD,97,292,3,FALSE
2015,170811,"PARROTFISH, BLUE",20,793,5,FALSE
2015,170812,"PARROTFISH, MIDNIGHT",4,300,1,TRUE
2015,170814,"PARROTFISH, RAINBOW",40,1629,2,TRUE
2015,170815,"PARROTFISH, PRINCESS",14,94,4,FALSE
2015,170863,"PARROTFISH, REDBAND",14,41,2,TRUE
2015,170867,"PARROTFISH, STOPLIGHT",7,100,4,FALSE
2015,170928,"JAWFISH, YELLOWHEAD",55,287.5,3,FALSE
2015,170932,"JAWFISH, DUSKY",309,154.5,1,TRUE
2015,172252,"SURGEON, OCEAN",193,2512.08,6,FALSE
2015,172254,"TANG, BLUE",544,3237.1,14,FALSE
2015,172402,"TUNA, LITTLE TUNNY",207055.84,70960.59,37,FALSE
2015,172419,"TUNA, ALBACORE",32177.45,17790.05,8,FALSE
2015,172421,"TUNA, BLUEFIN",8035.25,35391,8,FALSE
2015,172423,"TUNA, YELLOWFIN",1050400.97,4265287.35,15,FALSE
2015,172427,"TUNA, BLACKFIN",16407.53,17201.412,42,FALSE
2015,172428,"TUNA, BIGEYE",11718.75,56902.75,9,FALSE
2015,172435,"MACKEREL, KING",2376596.2800000003,4093942.9,81,FALSE
2015,172436,"MACKEREL, SPANISH",1070715.64,1160956.95,101,FALSE
2015,172437,CERO,441.62,592.3100000000001,14,FALSE
2015,172451,WAHOO,42915.67,74837.5,35,FALSE
2015,172482,SWORDFISH,246002.78,623249.79,17,FALSE
2015,173134,"FILEFISH, SCRAWLED",9,49,2,TRUE
2015,173138,"TRIGGERFISH, GRAY",47491.44,91601.11,77,FALSE
2015,173139,"TRIGGERFISH, QUEEN",98.68,279.5,3,FALSE
2015,173170,"TRIGGERFISH, OCEAN",76.73,111.64,4,FALSE
2015,173245,"COWFISH, SCRAWLED",980,618,5,FALSE
2015,173246,"COWFISH, HONEYCOMBED",621,742.25,5,FALSE
2015,173320,"PUFFER, SHARPNOSE",143,163,3,FALSE
2015,173391,PORCUPINEFISH,68,229.57,6,FALSE
2015,181220,GRAYSBY,63.42,130.99,5,FALSE
2015,614740,"PARROTFISH, STRIPED",15,57,1,TRUE
2015,615345,BEAUGREGORY,13,27,2,TRUE
2015,615421,"DAMSELFISH, DUSKY",3,5,2,TRUE
2015,636786,"GOBY,NEON",220,706.5,4,FALSE
2015,646513,HIGH-HAT,584,1318.8,12,FALSE
2015,650251,"BARRACUDA, GREAT",33417.93,51385.090000000004,29,FALSE
2016,159924,"SHARK, MAKO, SHORTFIN",6371.04,8687.26,9,FALSE
2016,159977,"SHARK, NURSE",1,0,1,TRUE
2016,160189,"SHARK, TIGER",36682.840000000004,18761.86,5,FALSE
2016,160200,"SHARK, ATLANTIC SHARPNOSE",175624.67,90033.42,3,FALSE
2016,160275,"SHARK, BULL",197726.3,60959.55,8,FALSE
2016,160289,"SHARK, SANDBAR",29158.030000000002,15265.04,1,TRUE
2016,160304,"SHARK, BLACKNOSE",7,4,1,TRUE
2016,160318,"SHARK, BLACKTIP",572702.4500000001,202789.39,6,FALSE
2016,160401,"SHARK, SPINNER",91654.16,44578.7,6,FALSE
2016,160409,"SHARK, FINETOOTH",47338,41086.85,1,TRUE
2016,160433,"SHARK, LEMON",19954.84,8565.050000000001,3,FALSE
2016,160502,"SHARK, BONNETHEAD",72.5,780,2,TRUE
2016,160515,"SHARK, HAMMERHEAD, GREAT",5504.78,1797.0715,4,FALSE
2016,160951,"STINGRAY, SOUTHERN",5,1408,3,FALSE
2016,161186,"MORAY, GREEN",7,327,4,FALSE
2016,166211,"SOLDIERFISH, BLACKBAR",1,2,1,TRUE
2016,166487,SEAHORSES,444,2008.5,8,FALSE
2016,166704,SCORPIONFISHES,5046.79,8411.54,20,FALSE
2016,167687,"BASS, BLACK SEA",162013.69,182614.96,44,FALSE
2016,167691,"BASS, ROCK SEA",14660.08,15432.55,9,FALSE
2016,167696,"HIND, ROCK",364.02,951.91,17,FALSE
2016,167698,"HIND, SPECKLED",50332.62,169056.64,43,FALSE
2016,167699,"GROUPER, YELLOWEDGE",829777.38,3356797.45,35,FALSE
2016,167700,"HIND, RED",679.96,2070.84,21,FALSE
2016,167702,"GROUPER, RED",5210093.38,17803367.574,101,FALSE
2016,167703,"GROUPER, MISTY",179.15,386.74,4,FALSE
2016,167704,"GROUPER, WARSAW",52616.33,168875.56,37,FALSE
2016,167705,"GROUPER, SNOWY",111781.73,409507.92,43,FALSE
2016,167740,"GROUPER, CONEY",7.08,25.5,1,TRUE
2016,167744,"GROUPER, MARBLED",1542.26,4246.75,5,FALSE
2016,167759,"GROUPER, GAG",1076987.97,4697975.1,96,FALSE
2016,167760,"GROUPER, BLACK",53786.020000000004,226443.85,51,FALSE
2016,167762,"GROUPER, YELLOWMOUTH",912.5600000000001,3754.91,5,FALSE
2016,167763,SCAMP,333938.2,1313557.409,84,FALSE
2016,167764,"GROUPER, YELLOWFIN",1674.22,5643.59,9,FALSE
2016,167806,"HAMLET, BUTTER",205,607.8,9,FALSE
2016,167852,"BASS, LANTERN",8,32,1,TRUE
2016,167859,TOBACCOFISH,1,10,1,TRUE
2016,167860,"BASS, HARLEQUIN",32,91,2,TRUE
2016,168178,BIGEYE,102.03999999999999,144.75,2,TRUE
2016,168204,FLAMEFISH,148,344.3,9,FALSE
2016,168543,"TILEFISH, BLUELINE",50893.75,81632.27,29,FALSE
2016,168544,"TILEFISH, GOLDFACE",3914.4,9367.3,4,FALSE
2016,168546,"TILEFISH, GOLDEN",414608.4,1177723.21,28,FALSE
2016,168548,"TILEFISH, SAND",113.01,205.46,5,FALSE
2016,168566,COBIA,75255.35,280568.43,110,FALSE
2016,168602,"POMPANO, AFRICAN",2035.14,5302.82,22,FALSE
2016,168607,"JACK, YELLOW",1822.56,1972.55,16,FALSE
2016,168609,"JACK, CREVALLE",434520.2,331078.27,59,FALSE
2016,168612,"RUNNER, BLUE",94820.68,62064.81,52,FALSE
2016,168615,"JACK, BAR",95132.59,109342.88,46,FALSE
2016,168689,"AMBERJACK, GREATER",437102.09,725852.28,77,FALSE
2016,168690,"AMBERJACK, LESSER",3027.19,3897.6,19,FALSE
2016,168691,"JACK, ALMACO",22198.93,32600.802,42,FALSE
2016,168693,"RUDDERFISH, BANDED",9915.04,8093.68,13,FALSE
2016,168738,"RUNNER, RAINBOW",109.66,157.5,3,FALSE
2016,168791,DOLPHIN,5927.84,14237.958,37,FALSE
2016,168847,"SNAPPER, CUBERA",1502.06,2988,19,FALSE
2016,168848,"SNAPPER, GRAY",156190.67,426801.354,134,FALSE
2016,168849,"SNAPPER, MUTTON",78145.67,200819.036,52,FALSE
2016,168850,SCHOOLMASTER,52.06,134.6,5,FALSE
2016,168852,"SNAPPER, BLACKFIN",4046.84,11502.2,13,FALSE
2016,168853,"SNAPPER, RED",6660367.67,26934214.644,101,FALSE
2016,168857,"SNAPPER, DOG",597.87,693.73,7,FALSE
2016,168858,"SNAPPER, MAHOGANY",42.18,130,2,TRUE
2016,168860,"SNAPPER, LANE",34729.68,82369.78,95,FALSE
2016,168861,"SNAPPER, SILK",27733.12,87282.61,39,FALSE
2016,168899,"SNAPPER, BLACK",2988.2200000000003,9166,4,FALSE
2016,168902,"SNAPPER, QUEEN",23898.190000000002,81809.57,24,FALSE
2016,168907,"SNAPPER, YELLOWTAIL",317793.84,900615.05,77,FALSE
2016,168909,"SNAPPER, VERMILION",1565634.56,4426826.193,98,FALSE
2016,168913,WENCHMAN,22969.23,10432.5,7,FALSE
2016,169007,TRIPLETAIL,12208.05,40048.31,39,FALSE
2016,169065,"GRUNT, FRENCH",56,510,1,TRUE
2016,169067,COTTONWICK,48,141.5,2,TRUE
2016,169086,PORKFISH,586,4594.1,9,FALSE
2016,169183,"PORGY, LONGSPINE",196.69,189.7,1,TRUE
2016,169197,"PORGY, JOLTHEAD",20975.77,25718.49,40,FALSE
2016,169200,"PORGY, WHITEBONE",7759,13356.75,7,FALSE
2016,169201,"PORGY, KNOBBED",9095.86,8725.37,18,FALSE
2016,169207,"PORGY, RED",163207.12,217189.366,55,FALSE
2016,169290,"DRUM, RED",68461.6,171998.66,16,FALSE
2016,169314,JACKKNIFE-FISH,478,3909.1000000000004,11,FALSE
2016,169317,"DRUM, SPOTTED",2,35,2,TRUE
2016,169539,"SPADEFISH, ATLANTIC",6838.05,4404.39,35,FALSE
2016,169556,"BUTTERFLYFISH, SPOTFIN",35,147.7,7,FALSE
2016,169558,"BUTTERFLYFISH, FOUREYE",98,298,3,FALSE
2016,169563,"BUTTERFLYFISH, BANDED",19,78,2,TRUE
2016,169623,"ANGELFISH, QUEEN",618,13553.95,14,FALSE
2016,169625,"BEAUTY, ROCK",169,1073,4,FALSE
2016,169632,"ANGELFISH, GRAY",1075,13819.5,18,FALSE
2016,169633,"ANGELFISH, FRENCH",222,5288.99,11,FALSE
2016,170046,"MAJOR, SERGEANT",27,39,3,FALSE
2016,170080,"CHROMIS, BLUE",493,1837,4,FALSE
2016,170082,SUNSHINEFISH,101,407,1,TRUE
2016,170116,"DAMSELFISH, YELLOWTAIL",17,74,1,TRUE
2016,170224,"HAWKFISH, REDSPOTTED",1,3.25,1,TRUE
2016,170506,"WRASSE, YELLOWHEAD",804,214,2,TRUE
2016,170507,"WRASSE, CLOWN",1,3.5,1,TRUE
2016,170510,PUDDINGWIFE,2,8,1,TRUE
2016,170566,HOGFISH,30746.280000000002,139180.19,47,FALSE
2016,170568,BLUEHEAD,122,393,3,FALSE
2016,170811,"PARROTFISH, BLUE",19,329,4,FALSE
2016,170812,"PARROTFISH, MIDNIGHT",2,38,2,TRUE
2016,170814,"PARROTFISH, RAINBOW",12,277,3,FALSE
2016,170815,"PARROTFISH, PRINCESS",5,40,3,FALSE
2016,170863,"PARROTFISH, REDBAND",38,102.5,3,FALSE
2016,170867,"PARROTFISH, STOPLIGHT",4,165,1,TRUE
2016,170928,"JAWFISH, YELLOWHEAD",398,1730,4,FALSE
2016,170932,"JAWFISH, DUSKY",1,10,1,TRUE
2016,172252,"SURGEON, OCEAN",235,1269.04,5,FALSE
2016,172253,DOCTORFISH,34,100.5,4,FALSE
2016,172254,"TANG, BLUE",676,3487.44,16,FALSE
2016,172402,"TUNA, LITTLE TUNNY",96304.66,57285.450000000004,36,FALSE
2016,172419,"TUNA, ALBACORE",51073.69,28510,5,FALSE
2016,172421,"TUNA, BLUEFIN",7692.5,33835,2,TRUE
2016,172423,"TUNA, YELLOWFIN",1535028.67,5640268.12,17,FALSE
2016,172427,"TUNA, BLACKFIN",16956.3,19306.013,40,FALSE
2016,172428,"TUNA, BIGEYE",11395.75,56934.6,8,FALSE
2016,172435,"MACKEREL, KING",2686759.71,5071822.98,81,FALSE
2016,172436,"MACKEREL, SPANISH",1232699.56,1218253.3,88,FALSE
2016,172437,CERO,1768.01,1866.66,11,FALSE
2016,172451,WAHOO,63251.04,91876.78,44,FALSE
2016,172482,SWORDFISH,314519.11,802814.71,20,FALSE
2016,173134,"FILEFISH, SCRAWLED",11,117.5,2,TRUE
2016,173138,"TRIGGERFISH, GRAY",59094.520000000004,111246.79,81,FALSE
2016,173139,"TRIGGERFISH, QUEEN",93.16,322.9,6,FALSE
2016,173157,"FILEFISH, WHITESPOTTED",51,27,2,TRUE
2016,173170,"TRIGGERFISH, OCEAN",37.36,55.15,4,FALSE
2016,173245,"COWFISH, SCRAWLED",160,408.9,6,FALSE
2016,173246,"COWFISH, HONEYCOMBED",338,522.5,4,FALSE
2016,173320,"PUFFER, SHARPNOSE",30,20,3,FALSE
2016,173391,PORCUPINEFISH,181,315,4,FALSE
2016,181220,GRAYSBY,125.6,306,8,FALSE
2016,614740,"PARROTFISH, STRIPED",23,89,2,TRUE
2016,615345,BEAUGREGORY,7,21,2,TRUE
2016,615485,"DAMSELFISH, THREESPOT",1,1,1,TRUE
2016,636786,"GOBY,NEON",230,664.5,4,FALSE
2016,646513,HIGH-HAT,333,794.5,11,FALSE
2016,650251,"BARRACUDA, GREAT",7112.320000000001,9579.550000000001,31,FALSE
2017,159924,"SHARK, MAKO, SHORTFIN",5299.95,6411.2,7,FALSE
2017,159977,"SHARK, NURSE",166.8,0,1,TRUE
2017,160189,"SHARK, TIGER",60927.05,18945.15,7,FALSE
2017,160200,"SHARK, ATLANTIC SHARPNOSE",115267.73,56112.3,5,FALSE
2017,160230,"DOGFISH, SMOOTH",56.99,112.75,1,TRUE
2017,160275,"SHARK, BULL",232507.80000000002,90005.55,8,FALSE
2017,160289,"SHARK, SANDBAR",45782.43,15697.7,2,TRUE
2017,160304,"SHARK, BLACKNOSE",2396,1551.6000000000001,1,TRUE
2017,160318,"SHARK, BLACKTIP",728507.87,281173.4,9,FALSE
2017,160401,"SHARK, SPINNER",60499.31,39017.4,6,FALSE
2017,160409,"SHARK, FINETOOTH",75002.76,51027.85,5,FALSE
2017,160424,"SHARK, BLUE",5629.5,1822.5,2,TRUE
2017,160433,"SHARK, LEMON",23577,7694.1500000000005,6,FALSE
2017,160502,"SHARK, BONNETHEAD",763,3055,3,FALSE
2017,160515,"SHARK, HAMMERHEAD, GREAT",9980.51,6986.19,3,FALSE
2017,160951,"STINGRAY, SOUTHERN",7,85.5,3,FALSE
2017,161186,"MORAY, GREEN",40,809.5,2,TRUE
2017,161237,"MORAY, GOLDENTAIL",1,12.5,1,TRUE
2017,166211,"SOLDIERFISH, BLACKBAR",2,6,1,TRUE
2017,166487,SEAHORSES,785,3381,3,FALSE
2017,166704,SCORPIONFISHES,2862.58,5606.16,19,FALSE
2017,167687,"BASS, BLACK SEA",153449.74,172485.57,45,FALSE
2017,167690,"BASS, BANK SEA",1723.98,1067,1,TRUE
2017,167691,"BASS, ROCK SEA",8543.2,10348,5,FALSE
2017,167696,"HIND, ROCK",584.1,1964.8,18,FALSE
2017,167698,"HIND, SPECKLED",60986.31,213510.432,46,FALSE
2017,167699,"GROUPER, YELLOWEDGE",787412.84,3216968.79,37,FALSE
2017,167700,"HIND, RED",493.09,1343.59,27,FALSE
2017,167702,"GROUPER, RED",3860708.98,14082500.73,97,FALSE
2017,167703,"GROUPER, MISTY",1861.06,779.6,4,FALSE
2017,167704,"GROUPER, WARSAW",51806.63,176052.43,40,FALSE
2017,167705,"GROUPER, SNOWY",101017.69,386665.96,41,FALSE
2017,167744,"GROUPER, MARBLED",726.88,2103.5,5,FALSE
2017,167759,"GROUPER, GAG",576964.88,2572316.935,90,FALSE
2017,167760,"GROUPER, BLACK",46753.090000000004,204930.38,44,FALSE
2017,167762,"GROUPER, YELLOWMOUTH",450.29,1549.6,3,FALSE
2017,167763,SCAMP,190951.74,784671.682,84,FALSE
2017,167764,"GROUPER, YELLOWFIN",213.5,720.1,6,FALSE
2017,167767,"GROUPER, TIGER",6.96,35.4,1,TRUE
2017,167806,"HAMLET, BUTTER",49,138,5,FALSE
2017,167859,TOBACCOFISH,20,10,1,TRUE
2017,167860,"BASS, HARLEQUIN",3,9,1,TRUE
2017,168178,BIGEYE,126.72,145,3,FALSE
2017,168204,FLAMEFISH,121,311.6,7,FALSE
2017,168543,"TILEFISH, BLUELINE",72302.21,116156.79,28,FALSE
2017,168544,"TILEFISH, GOLDFACE",1472.8,3147.77,3,FALSE
2017,168546,"TILEFISH, GOLDEN",472422.3,1362330.35,29,FALSE
2017,168548,"TILEFISH, SAND",152.54000000000002,212.4,11,FALSE
2017,168566,COBIA,73461.27,273873.41,111,FALSE
2017,168602,"POMPANO, AFRICAN",3239.6,6066.3,29,FALSE
2017,168607,"JACK, YELLOW",5441.8,7388.76,17,FALSE
2017,168609,"JACK, CREVALLE",445367.61,351908.06,67,FALSE
2017,168610,"JACK, HORSE-EYE",25,24.6,2,TRUE
2017,168612,"RUNNER, BLUE",86530.7,66482.85,64,FALSE
2017,168615,"JACK, BAR",63141.06,68602.53,37,FALSE
2017,168689,"AMBERJACK, GREATER",453730.01,784006.2,84,FALSE
2017,168690,"AMBERJACK, LESSER",2376.57,3525,16,FALSE
2017,168691,"JACK, ALMACO",18991.59,28913.64,42,FALSE
2017,168693,"RUDDERFISH, BANDED",8721.16,7565.724,19,FALSE
2017,168738,"RUNNER, RAINBOW",182.04,236.1,3,FALSE
2017,168791,DOLPHIN,10200.9,25248.65,50,FALSE
2017,168847,"SNAPPER, CUBERA",1969.45,3585.43,14,FALSE
2017,168848,"SNAPPER, GRAY",136854.35,381882.872,125,FALSE
2017,168849,"SNAPPER, MUTTON",125729.65000000001,344143.42,58,FALSE
2017,168850,SCHOOLMASTER,530.58,1407,3,FALSE
2017,168852,"SNAPPER, BLACKFIN",4798.65,13224.35,15,FALSE
2017,168853,"SNAPPER, RED",6879936.32,28351406.812,114,FALSE
2017,168857,"SNAPPER, DOG",460.45,522.1,11,FALSE
2017,168858,"SNAPPER, MAHOGANY",34.410000000000004,80,2,TRUE
2017,168860,"SNAPPER, LANE",42615.32,107573.23,101,FALSE
2017,168861,"SNAPPER, SILK",20547.170000000002,64997.61,35,FALSE
2017,168899,"SNAPPER, BLACK",8178.08,27949.64,7,FALSE
2017,168902,"SNAPPER, QUEEN",4282.96,15612.45,20,FALSE
2017,168907,"SNAPPER, YELLOWTAIL",687627.1,1944225.59,77,FALSE
2017,168909,"SNAPPER, VERMILION",1612855.57,4494302.808,104,FALSE
2017,168913,WENCHMAN,11296.47,5194.75,4,FALSE
2017,169007,TRIPLETAIL,9036,32333.82,40,FALSE
2017,169065,"GRUNT, FRENCH",30,150,1,TRUE
2017,169067,COTTONWICK,10,25,1,TRUE
2017,169086,PORKFISH,226,919.8,6,FALSE
2017,169183,"PORGY, LONGSPINE",190.92000000000002,200.75,1,TRUE
2017,169197,"PORGY, JOLTHEAD",31305.66,47975.6,39,FALSE
2017,169200,"PORGY, WHITEBONE",3927.36,7347.75,5,FALSE
2017,169201,"PORGY, KNOBBED",11349.710000000001,13763.43,22,FALSE
2017,169207,"PORGY, RED",119764.76,156704.73,51,FALSE
2017,169290,"DRUM, RED",86153,224278.53,28,FALSE
2017,169314,JACKKNIFE-FISH,190,1734.4,10,FALSE
2017,169317,"DRUM, SPOTTED",2,60,1,TRUE
2017,169539,"SPADEFISH, ATLANTIC",4865.84,4533.49,36,FALSE
2017,169556,"BUTTERFLYFISH, SPOTFIN",33,114.2,4,FALSE
2017,169558,"BUTTERFLYFISH, FOUREYE",79,218.4,7,FALSE
2017,169563,"BUTTERFLYFISH, BANDED",14,76.8,4,FALSE
2017,169611,CHERUBFISH,1,15,1,TRUE
2017,169623,"ANGELFISH, QUEEN",922,17625.41,13,FALSE
2017,169625,"BEAUTY, ROCK",155,1036.57,3,FALSE
2017,169632,"ANGELFISH, GRAY",1324,16854.1,15,FALSE
2017,169633,"ANGELFISH, FRENCH",396,6384.1,7,FALSE
2017,170046,"MAJOR, SERGEANT",7,14,2,TRUE
2017,170080,"CHROMIS, BLUE",338,1156,4,FALSE
2017,170082,SUNSHINEFISH,60,84,2,TRUE
2017,170116,"DAMSELFISH, YELLOWTAIL",17,72,4,FALSE
2017,170484,"HOGFISH, SPANISH",28,1680,1,TRUE
2017,170506,"WRASSE, YELLOWHEAD",14,40.9,3,FALSE
2017,170566,HOGFISH,17838.39,80522.29,42,FALSE
2017,170568,BLUEHEAD,87,269.5,4,FALSE
2017,170811,"PARROTFISH, BLUE",2,40,1,TRUE
2017,170814,"PARROTFISH, RAINBOW",26,540,2,TRUE
2017,170815,"PARROTFISH, PRINCESS",77,93,3,FALSE
2017,170863,"PARROTFISH, REDBAND",5,9.5,2,TRUE
2017,170867,"PARROTFISH, STOPLIGHT",6,45,2,TRUE
2017,170928,"JAWFISH, YELLOWHEAD",193,1037,4,FALSE
2017,170932,"JAWFISH, DUSKY",223,118.4,2,TRUE
2017,172252,"SURGEON, OCEAN",75,502.5,2,TRUE
2017,172253,DOCTORFISH,1,4,1,TRUE
2017,172254,"TANG, BLUE",664,3403.55,8,FALSE
2017,172401,"TUNA, SKIPJACK",691.73,573.59,4,FALSE
2017,172402,"TUNA, LITTLE TUNNY",126827.16,71145.08,47,FALSE
2017,172419,"TUNA, ALBACORE",37546.31,28780,7,FALSE
2017,172421,"TUNA, BLUEFIN",12589.13,52396.6,7,FALSE
2017,172423,"TUNA, YELLOWFIN",1340073.58,4939742.73,17,FALSE
2017,172427,"TUNA, BLACKFIN",15457.14,19575.692,49,FALSE
2017,172428,"TUNA, BIGEYE",18818.75,93499.47,7,FALSE
2017,172435,"MACKEREL, KING",2782539.86,5185208.71,83,FALSE
2017,172436,"MACKEREL, SPANISH",629178.16,671643.16,101,FALSE
2017,172437,CERO,2370.75,4858.01,12,FALSE
2017,172451,WAHOO,51018.57,94706.66,38,FALSE
2017,172482,SWORDFISH,422643.47000000003,1241072.93,17,FALSE
2017,173134,"FILEFISH, SCRAWLED",1,3,1,TRUE
2017,173138,"TRIGGERFISH, GRAY",62645.17,123499.31,84,FALSE
2017,173139,"TRIGGERFISH, QUEEN",46.76,91.9,3,FALSE
2017,173157,"FILEFISH, WHITESPOTTED",71,50,2,TRUE
2017,173170,"TRIGGERFISH, OCEAN",169.82,296.85,8,FALSE
2017,173245,"COWFISH, SCRAWLED",751,626.3,6,FALSE
2017,173246,"COWFISH, HONEYCOMBED",525,367.5,4,FALSE
2017,173320,"PUFFER, SHARPNOSE",136,101,6,FALSE
2017,173391,PORCUPINEFISH,162,276,2,TRUE
2017,181220,GRAYSBY,284.37,968.5,8,FALSE
2017,614740,"PARROTFISH, STRIPED",17,58,3,FALSE
2017,615345,BEAUGREGORY,23,53.6,3,FALSE
2017,615421,"DAMSELFISH, DUSKY",3,12,1,TRUE
2017,636786,"GOBY,NEON",541,1578.65,7,FALSE
2017,646513,HIGH-HAT,247,561,11,FALSE
2017,650251,"BARRACUDA, GREAT",14162.58,11033.06,34,FALSE
2018,159924,"SHARK, MAKO, SHORTFIN",1684.67,1497,6,FALSE
2018,159977,"SHARK, NURSE",557.39,0,1,TRUE
2018,160189,"SHARK, TIGER",38008.07,17506.57,6,FALSE
2018,160200,"SHARK, ATLANTIC SHARPNOSE",128602,72155.29000000001,4,FALSE
2018,160230,"DOGFISH, SMOOTH",379,341.1,1,TRUE
2018,160275,"SHARK, BULL",212867.65,78999.2,7,FALSE
2018,160289,"SHARK, SANDBAR",61472.75,28351.600000000002,2,TRUE
2018,160304,"SHARK, BLACKNOSE",1108,728.4,1,TRUE
2018,160310,"SHARK, SILKY",17,12,1,TRUE
2018,160318,"SHARK, BLACKTIP",1135513.3,444907.69,9,FALSE
2018,160401,"SHARK, SPINNER",176543.61000000002,79936,5,FALSE
2018,160409,"SHARK, FINETOOTH",77241.4,60488.75,4,FALSE
2018,160424,"SHARK, BLUE",11289.58,3654.9,2,TRUE
2018,160433,"SHARK, LEMON",32245.65,14470.25,5,FALSE
2018,160502,"SHARK, BONNETHEAD",920.65,10211,4,FALSE
2018,160515,"SHARK, HAMMERHEAD, GREAT",22749.99,5872.71,3,FALSE
2018,160951,"STINGRAY, SOUTHERN",29,296,3,FALSE
2018,161186,"MORAY, GREEN",49,528.25,2,TRUE
2018,161237,"MORAY, GOLDENTAIL",6,82,1,TRUE
2018,166487,SEAHORSES,952,4474.5,6,FALSE
2018,166704,SCORPIONFISHES,3071.68,6098.69,17,FALSE
2018,167687,"BASS, BLACK SEA",186491.28,244115.288,37,FALSE
2018,167690,"BASS, BANK SEA",604.9,775.9,2,TRUE
2018,167691,"BASS, ROCK SEA",8872.42,10579.5,4,FALSE
2018,167696,"HIND, ROCK",307.03,758.32,20,FALSE
2018,167698,"HIND, SPECKLED",71526.18000000001,296042.69,37,FALSE
2018,167699,"GROUPER, YELLOWEDGE",759924.23,3304085.98,42,FALSE
2018,167700,"HIND, RED",951.69,3824.93,14,FALSE
2018,167702,"GROUPER, RED",2749079.16,11146191.48,90,FALSE
2018,167703,"GROUPER, MISTY",567.22,440.7,5,FALSE
2018,167704,"GROUPER, WARSAW",40968.13,146941.47,41,FALSE
2018,167705,"GROUPER, SNOWY",104156.49,432214.02,47,FALSE
2018,167740,"GROUPER, CONEY",4.72,16.6,2,TRUE
2018,167744,"GROUPER, MARBLED",698.5600000000001,2022,3,FALSE
2018,167759,"GROUPER, GAG",579566.09,2779848.52,93,FALSE
2018,167760,"GROUPER, BLACK",39858.87,187038.31,47,FALSE
2018,167762,"GROUPER, YELLOWMOUTH",276,896.93,4,FALSE
2018,167763,SCAMP,168197.35,757644.71,92,FALSE
2018,167764,"GROUPER, YELLOWFIN",609.82,1989.3,7,FALSE
2018,167806,"HAMLET, BUTTER",20,83.8,4,FALSE
2018,167852,"BASS, LANTERN",8,22,2,TRUE
2018,167860,"BASS, HARLEQUIN",9,27,1,TRUE
2018,167861,"BASS, CHALK",2,4,1,TRUE
2018,168178,BIGEYE,1427.16,810.4,8,FALSE
2018,168181,"SNAPPER, GLASSEYE",16,72,2,TRUE
2018,168204,FLAMEFISH,231,302,7,FALSE
2018,168541,"TILEFISH, BLACKLINE",10.48,25.740000000000002,2,TRUE
2018,168543,"TILEFISH, BLUELINE",75905.22,129254.26,38,FALSE
2018,168544,"TILEFISH, GOLDFACE",962.08,1822.2,3,FALSE
2018,168546,"TILEFISH, GOLDEN",324393.37,878758.9400000001,29,FALSE
2018,168548,"TILEFISH, SAND",172.48000000000002,252.79,5,FALSE
2018,168566,COBIA,40968.22,141077.84,100,FALSE
2018,168602,"POMPANO, AFRICAN",2387.79,6161.01,29,FALSE
2018,168607,"JACK, YELLOW",2600.6,2922.65,13,FALSE
2018,168609,"JACK, CREVALLE",289950.26,233866.19,58,FALSE
2018,168610,"JACK, HORSE-EYE",105,151,2,TRUE
2018,168612,"RUNNER, BLUE",101891.13,62149.19,58,FALSE
2018,168613,"JACK, BLACK",178.56,306.9,2,TRUE
2018,168615,"JACK, BAR",59101.27,68931.817,38,FALSE
2018,168689,"AMBERJACK, GREATER",325840.79,587149.67,64,FALSE
2018,168690,"AMBERJACK, LESSER",2618.32,3939.34,13,FALSE
2018,168691,"JACK, ALMACO",20080.14,30096.02,46,FALSE
2018,168693,"RUDDERFISH, BANDED",6927.34,5911.52,19,FALSE
2018,168738,"RUNNER, RAINBOW",129.84,187.25,5,FALSE
2018,168791,DOLPHIN,21348.3,52354.37,47,FALSE
2018,168847,"SNAPPER, CUBERA",1355.32,2756.008,19,FALSE
2018,168848,"SNAPPER, GRAY",111893.46,337935.403,118,FALSE
2018,168849,"SNAPPER, MUTTON",138751.77,372085.88,57,FALSE
2018,168850,SCHOOLMASTER,24.419999999999998,47.25,2,TRUE
2018,168852,"SNAPPER, BLACKFIN",7924.54,25838.1,19,FALSE
2018,168853,"SNAPPER, RED",6847569.83,28967497.922000002,118,FALSE
2018,168857,"SNAPPER, DOG",1096.68,1278.04,10,FALSE
2018,168858,"SNAPPER, MAHOGANY",89.91,162.75,3,FALSE
2018,168860,"SNAPPER, LANE",26435.36,72099.08,97,FALSE
2018,168861,"SNAPPER, SILK",42858.020000000004,154094.38,40,FALSE
2018,168899,"SNAPPER, BLACK",2725.05,8570.53,4,FALSE
2018,168902,"SNAPPER, QUEEN",6459.71,24307.75,25,FALSE
2018,168907,"SNAPPER, YELLOWTAIL",532941.99,1752815.09,79,FALSE
2018,168909,"SNAPPER, VERMILION",1399415.77,3994353.983,103,FALSE
2018,168913,WENCHMAN,43835.13,26793.45,9,FALSE
2018,169007,TRIPLETAIL,6155.89,22455.84,49,FALSE
2018,169065,"GRUNT, FRENCH",98,437,3,FALSE
2018,169086,PORKFISH,282,1657.5,8,FALSE
2018,169183,"PORGY, LONGSPINE",237.54000000000002,306.75,1,TRUE
2018,169197,"PORGY, JOLTHEAD",16760.63,27296.02,47,FALSE
2018,169200,"PORGY, WHITEBONE",3198.28,6839.44,7,FALSE
2018,169201,"PORGY, KNOBBED",9289.22,10156.66,25,FALSE
2018,169207,"PORGY, RED",140760.09,203108.85,65,FALSE
2018,169290,"DRUM, RED",76518.64,185104.35,32,FALSE
2018,169314,JACKKNIFE-FISH,124,946,6,FALSE
2018,169421,"GOATFISH, SPOTTED",5,15,1,TRUE
2018,169539,"SPADEFISH, ATLANTIC",7664.55,4678.53,35,FALSE
2018,169556,"BUTTERFLYFISH, SPOTFIN",46,144.5,5,FALSE
2018,169558,"BUTTERFLYFISH, FOUREYE",53,158,6,FALSE
2018,169563,"BUTTERFLYFISH, BANDED",35,130,3,FALSE
2018,169623,"ANGELFISH, QUEEN",339,6660.1,7,FALSE
2018,169625,"BEAUTY, ROCK",80,505.25,6,FALSE
2018,169632,"ANGELFISH, GRAY",847,9293.8,9,FALSE
2018,169633,"ANGELFISH, FRENCH",179,4317,6,FALSE
2018,170046,"MAJOR, SERGEANT",3,4,1,TRUE
2018,170080,"CHROMIS, BLUE",151,476,5,FALSE
2018,170082,SUNSHINEFISH,214,691,2,TRUE
2018,170116,"DAMSELFISH, YELLOWTAIL",3,11,3,FALSE
2018,170484,"HOGFISH, SPANISH",18,95.75,3,FALSE
2018,170496,"WRASSE, CREOLE",2,4,1,TRUE
2018,170506,"WRASSE, YELLOWHEAD",1,14,1,TRUE
2018,170507,"WRASSE, CLOWN",4,16,1,TRUE
2018,170510,PUDDINGWIFE,4,11.05,3,FALSE
2018,170566,HOGFISH,11004.16,50817.735,33,FALSE
2018,170568,BLUEHEAD,86,270.2,8,FALSE
2018,170811,"PARROTFISH, BLUE",4,39,2,TRUE
2018,170812,"PARROTFISH, MIDNIGHT",2,50,1,TRUE
2018,170814,"PARROTFISH, RAINBOW",8,132,2,TRUE
2018,170815,"PARROTFISH, PRINCESS",1,3,1,TRUE
2018,170863,"PARROTFISH, REDBAND",10,20.5,4,FALSE
2018,170867,"PARROTFISH, STOPLIGHT",6,18,4,FALSE
2018,170928,"JAWFISH, YELLOWHEAD",45,174,2,TRUE
2018,170932,"JAWFISH, DUSKY",185,97,2,TRUE
2018,172252,"SURGEON, OCEAN",245,1533,5,FALSE
2018,172253,DOCTORFISH,7,13,2,TRUE
2018,172254,"TANG, BLUE",869,4985.8,9,FALSE
2018,172401,"TUNA, SKIPJACK",1060.63,1500,4,FALSE
2018,172402,"TUNA, LITTLE TUNNY",28035.3,23788.95,42,FALSE
2018,172419,"TUNA, ALBACORE",15039.37,11356,4,FALSE
2018,172421,"TUNA, BLUEFIN",7937.5,34653.5,4,FALSE
2018,172423,"TUNA, YELLOWFIN",888710.17,3530216.23,12,FALSE
2018,172427,"TUNA, BLACKFIN",15943.86,17562.22,36,FALSE
2018,172428,"TUNA, BIGEYE",20779.41,105852.17,10,FALSE
2018,172435,"MACKEREL, KING",2917124.97,5578669.7,70,FALSE
2018,172436,"MACKEREL, SPANISH",1150890.26,849415.85,92,FALSE
2018,172437,CERO,5100.95,3301.6,11,FALSE
2018,172451,WAHOO,45658.11,69163.54,36,FALSE
2018,172482,SWORDFISH,247676.75,643584.39,12,FALSE
2018,173134,"FILEFISH, SCRAWLED",9,105,4,FALSE
2018,173138,"TRIGGERFISH, GRAY",64655.05,130930.83,83,FALSE
2018,173139,"TRIGGERFISH, QUEEN",64.91,436.25,6,FALSE
2018,173157,"FILEFISH, WHITESPOTTED",40,20,1,TRUE
2018,173170,"TRIGGERFISH, OCEAN",407.5,1080.9,7,FALSE
2018,173245,"COWFISH, SCRAWLED",1377,1377.4,7,FALSE
2018,173246,"COWFISH, HONEYCOMBED",106,61,4,FALSE
2018,173320,"PUFFER, SHARPNOSE",59,76,7,FALSE
2018,173391,PORCUPINEFISH,128,563,3,FALSE
2018,181220,GRAYSBY,55.04,119.47,9,FALSE
2018,614740,"PARROTFISH, STRIPED",33,47.5,3,FALSE
2018,615345,BEAUGREGORY,3,11.5,2,TRUE
2018,615416,"DAMSELFISH, BICOLOR",7,21,1,TRUE
2018,636786,"GOBY,NEON",465,1225.75,4,FALSE
2018,646513,HIGH-HAT,579,795.25,9,FALSE
2018,650251,"BARRACUDA, GREAT",8649.35,11142.38,24,FALSE
2019,159924,"SHARK, MAKO, SHORTFIN",1868.73,1709,6,FALSE
2019,159977,"SHARK, NURSE",1758.1100000000001,989.85,3,FALSE
2019,160189,"SHARK, TIGER",74961.84,36425.49,5,FALSE
2019,160200,"SHARK, ATLANTIC SHARPNOSE",68530.56,41314.5,3,FALSE
2019,160230,"DOGFISH, SMOOTH",102.21000000000001,118.5,1,TRUE
2019,160275,"SHARK, BULL",100964.54000000001,49186.65,7,FALSE
2019,160289,"SHARK, SANDBAR",55723.71,27295.55,1,TRUE
2019,160304,"SHARK, BLACKNOSE",1144.51,1491.05,2,TRUE
2019,160310,"SHARK, SILKY",54.21,25.35,1,TRUE
2019,160318,"SHARK, BLACKTIP",261553.23,200031.7,10,FALSE
2019,160401,"SHARK, SPINNER",28533.01,23071.1,5,FALSE
2019,160409,"SHARK, FINETOOTH",139097,120392.55,3,FALSE
2019,160433,"SHARK, LEMON",51358.97,24243.25,4,FALSE
2019,160502,"SHARK, BONNETHEAD",18,4526,4,FALSE
2019,160515,"SHARK, HAMMERHEAD, GREAT",30390.36,16515.31,3,FALSE
2019,160951,"STINGRAY, SOUTHERN",18,5454,4,FALSE
2019,161186,"MORAY, GREEN",4,14,2,TRUE
2019,161237,"MORAY, GOLDENTAIL",15,163,1,TRUE
2019,161450,"EEL, GOLDSPOTTED",6,52,1,TRUE
2019,166487,SEAHORSES,60,759,8,FALSE
2019,166704,SCORPIONFISHES,3566.69,8669.75,20,FALSE
2019,167687,"BASS, BLACK SEA",130582.1,160424.06,33,FALSE
2019,167690,"BASS, BANK SEA",2090.6,1776,2,TRUE
2019,167691,"BASS, ROCK SEA",10234.14,10183.95,8,FALSE
2019,167696,"HIND, ROCK",311.94,1046.16,20,FALSE
2019,167698,"HIND, SPECKLED",77011.1,338830.11,42,FALSE
2019,167699,"GROUPER, YELLOWEDGE",984166.74,4759790.55,52,FALSE
2019,167700,"HIND, RED",9742.75,42595.04,26,FALSE
2019,167702,"GROUPER, RED",2364789.2800000003,10630060.28,97,FALSE
2019,167703,"GROUPER, MISTY",1544.59,455,6,FALSE
2019,167704,"GROUPER, WARSAW",39888.58,153891.23,36,FALSE
2019,167705,"GROUPER, SNOWY",110670.99,497177.5,53,FALSE
2019,167740,"GROUPER, CONEY",1.77,6,1,TRUE
2019,167744,"GROUPER, MARBLED",532.38,1566,6,FALSE
2019,167759,"GROUPER, GAG",626525.09,3224184.8798,97,FALSE
2019,167760,"GROUPER, BLACK",32449.83,154229.79,53,FALSE
2019,167762,"GROUPER, YELLOWMOUTH",218,847.15,7,FALSE
2019,167763,SCAMP,131108.03,622517.24,89,FALSE
2019,167764,"GROUPER, YELLOWFIN",1102.12,4184.75,5,FALSE
2019,167806,"HAMLET, BUTTER",10,33,3,FALSE
2019,168178,BIGEYE,173.56,229.3,8,FALSE
2019,168204,FLAMEFISH,201,300.9,6,FALSE
2019,168541,"TILEFISH, BLACKLINE",76.72000000000001,306,2,TRUE
2019,168543,"TILEFISH, BLUELINE",145143.63,265613.33,40,FALSE
2019,168544,"TILEFISH, GOLDFACE",275.84,780.75,6,FALSE
2019,168546,"TILEFISH, GOLDEN",329892.37,975055.64,32,FALSE
2019,168548,"TILEFISH, SAND",128.24,177.13,11,FALSE
2019,168566,COBIA,43022.75,164266.865,108,FALSE
2019,168602,"POMPANO, AFRICAN",2328.7,7330.07,28,FALSE
2019,168607,"JACK, YELLOW",3752.2,4406.91,13,FALSE
2019,168609,"JACK, CREVALLE",314054.52,260874.02000000002,66,FALSE
2019,168610,"JACK, HORSE-EYE",196,69.1,4,FALSE
2019,168612,"RUNNER, BLUE",96025.14,56658.23,56,FALSE
2019,168613,"JACK, BLACK",52.760000000000005,88.1,3,FALSE
2019,168615,"JACK, BAR",172185.91,164536.76,44,FALSE
2019,168689,"AMBERJACK, GREATER",361238.75,659462.95,74,FALSE
2019,168690,"AMBERJACK, LESSER",1945.41,3514.2000000000003,14,FALSE
2019,168691,"JACK, ALMACO",29186.06,50417.7668,61,FALSE
2019,168693,"RUDDERFISH, BANDED",9435.94,8134.74,22,FALSE
2019,168738,"RUNNER, RAINBOW",174.64000000000001,225.1,9,FALSE
2019,168791,DOLPHIN,37095,77185.19,52,FALSE
2019,168847,"SNAPPER, CUBERA",1647.78,4299.71,19,FALSE
2019,168848,"SNAPPER, GRAY",114162.62,370578.237,114,FALSE
2019,168849,"SNAPPER, MUTTON",59199.75,171002.785,49,FALSE
2019,168850,SCHOOLMASTER,56.94,131.05,4,FALSE
2019,168852,"SNAPPER, BLACKFIN",4849.68,14196.55,24,FALSE
2019,168853,"SNAPPER, RED",7506936.66,32181472.754,118,FALSE
2019,168857,"SNAPPER, DOG",230.1,575.3,8,FALSE
2019,168858,"SNAPPER, MAHOGANY",25.53,78.5,3,FALSE
2019,168860,"SNAPPER, LANE",24299.99,64468.7331,96,FALSE
2019,168861,"SNAPPER, SILK",31992.5,113245.83,48,FALSE
2019,168899,"SNAPPER, BLACK",368.52000000000004,953.25,4,FALSE
2019,168902,"SNAPPER, QUEEN",16439.170000000002,65320.33,26,FALSE
2019,168907,"SNAPPER, YELLOWTAIL",490576.78,1495125.2357,74,FALSE
2019,168909,"SNAPPER, VERMILION",1306418.85,3809334.3157,113,FALSE
2019,168913,WENCHMAN,1136.53,705,7,FALSE
2019,169007,TRIPLETAIL,12909.96,48839.14,44,FALSE
2019,169065,"GRUNT, FRENCH",15,45,1,TRUE
2019,169086,PORKFISH,1004,2527.95,13,FALSE
2019,169183,"PORGY, LONGSPINE",55.059999999999995,85.2,1,TRUE
2019,169197,"PORGY, JOLTHEAD",12924.66,26428.483,40,FALSE
2019,169200,"PORGY, WHITEBONE",1315.32,3098.1,8,FALSE
2019,169201,"PORGY, KNOBBED",1950.77,2740.601,25,FALSE
2019,169207,"PORGY, RED",142342.07,215243.212,74,FALSE
2019,169290,"DRUM, RED",76229.14,193558.31,24,FALSE
2019,169314,JACKKNIFE-FISH,177,1623,6,FALSE
2019,169408,"GOATFISH, YELLOW",5,25,1,TRUE
2019,169421,"GOATFISH, SPOTTED",2,20,1,TRUE
2019,169539,"SPADEFISH, ATLANTIC",7086.3,6883.47,39,FALSE
2019,169556,"BUTTERFLYFISH, SPOTFIN",24,82,4,FALSE
2019,169558,"BUTTERFLYFISH, FOUREYE",40,91,4,FALSE
2019,169563,"BUTTERFLYFISH, BANDED",7,33.5,3,FALSE
2019,169593,"BUTTERFLYFISH, LONGSNOUT",2,16,1,TRUE
2019,169611,CHERUBFISH,4,20,2,TRUE
2019,169623,"ANGELFISH, QUEEN",412,10006.2,13,FALSE
2019,169625,"BEAUTY, ROCK",33,223,5,FALSE
2019,169632,"ANGELFISH, GRAY",1005,13280.8,15,FALSE
2019,169633,"ANGELFISH, FRENCH",304,12100.1,13,FALSE
2019,170046,"MAJOR, SERGEANT",12,14.5,2,TRUE
2019,170080,"CHROMIS, BLUE",160,366,2,TRUE
2019,170082,SUNSHINEFISH,179,281,2,TRUE
2019,170116,"DAMSELFISH, YELLOWTAIL",1,10,1,TRUE
2019,170484,"HOGFISH, SPANISH",8,46.75,3,FALSE
2019,170496,"WRASSE, CREOLE",33,24,2,TRUE
2019,170566,HOGFISH,10595.27,52835.96,31,FALSE
2019,170568,BLUEHEAD,6,18,2,TRUE
2019,170811,"PARROTFISH, BLUE",21,620,1,TRUE
2019,170812,"PARROTFISH, MIDNIGHT",3,80,1,TRUE
2019,170814,"PARROTFISH, RAINBOW",36,905,2,TRUE
2019,170815,"PARROTFISH, PRINCESS",2,23,2,TRUE
2019,170863,"PARROTFISH, REDBAND",1,2,1,TRUE
2019,170867,"PARROTFISH, STOPLIGHT",5,32,2,TRUE
2019,170928,"JAWFISH, YELLOWHEAD",148,269,2,TRUE
2019,170932,"JAWFISH, DUSKY",142,71,1,TRUE
2019,172252,"SURGEON, OCEAN",20,108.75,4,FALSE
2019,172253,DOCTORFISH,5,12.5,1,TRUE
2019,172254,"TANG, BLUE",338,1771.7,7,FALSE
2019,172401,"TUNA, SKIPJACK",183.6,127.5,2,TRUE
2019,172402,"TUNA, LITTLE TUNNY",32220.82,30616.65,48,FALSE
2019,172419,"TUNA, ALBACORE",15205.890000000001,11433,3,FALSE
2019,172421,"TUNA, BLUEFIN",4608.75,16624.23,3,FALSE
2019,172423,"TUNA, YELLOWFIN",551773.39,2294358.09,14,FALSE
2019,172427,"TUNA, BLACKFIN",58923,97571.842,45,FALSE
2019,172428,"TUNA, BIGEYE",5256.25,27758.75,5,FALSE
2019,172435,"MACKEREL, KING",2635226.2800000003,5248809.15,69,FALSE
2019,172436,"MACKEREL, SPANISH",895490.39,772042.99,84,FALSE
2019,172437,CERO,928.4,2840.93,7,FALSE
2019,172451,WAHOO,22416.66,39305.16,33,FALSE
2019,172482,SWORDFISH,230940.21,565200.45,16,FALSE
2019,173134,"FILEFISH, SCRAWLED",18,196,2,TRUE
2019,173138,"TRIGGERFISH, GRAY",62373.020000000004,135785.275,83,FALSE
2019,173139,"TRIGGERFISH, QUEEN",43.68,88.25,3,FALSE
2019,173170,"TRIGGERFISH, OCEAN",82.08,141.7,4,FALSE
2019,173245,"COWFISH, SCRAWLED",1294,2225.1,6,FALSE
2019,173246,"COWFISH, HONEYCOMBED",344,500,3,FALSE
2019,173320,"PUFFER, SHARPNOSE",60,197,6,FALSE
2019,173391,PORCUPINEFISH,73,437,5,FALSE
2019,181220,GRAYSBY,59.19,195.29,9,FALSE
2019,614740,"PARROTFISH, STRIPED",20,36.2,2,TRUE
2019,615345,BEAUGREGORY,13,13,1,TRUE
2019,636786,"GOBY,NEON",274,616.25,4,FALSE
2019,646513,HIGH-HAT,379,590,9,FALSE
2019,650251,"BARRACUDA, GREAT",6593.33,10072.9422,37,FALSE
2020,159924,"SHARK, MAKO, SHORTFIN",941.03,987,3,FALSE
2020,159977,"SHARK, NURSE",13100.36,9910.15,2,TRUE
2020,160189,"SHARK, TIGER",74831.83,46026.39,4,FALSE
2020,160200,"SHARK, ATLANTIC SHARPNOSE",66605.81,40433.23,4,FALSE
2020,160234,"SHARK, SMOOTHHOUND, FLORIDA",175,192.5,1,TRUE
2020,160275,"SHARK, BULL",284171.51,165248.89,8,FALSE
2020,160289,"SHARK, SANDBAR",39413.450000000004,32104.15,1,TRUE
2020,160310,"SHARK, SILKY",2.7800000000000002,0.8,1,TRUE
2020,160318,"SHARK, BLACKTIP",726446.27,448640,8,FALSE
2020,160401,"SHARK, SPINNER",49566.35,34494.35,5,FALSE
2020,160409,"SHARK, FINETOOTH",132156,115336.55,2,TRUE
2020,160424,"SHARK, BLUE",4200.58,2151.35,2,TRUE
2020,160433,"SHARK, LEMON",57924.93,34702.9,6,FALSE
2020,160502,"SHARK, BONNETHEAD",14,7800,2,TRUE
2020,160515,"SHARK, HAMMERHEAD, GREAT",14642.44,12102,3,FALSE
2020,160951,"STINGRAY, SOUTHERN",92,526,2,TRUE
2020,161186,"MORAY, GREEN",7,681,3,FALSE
2020,166211,"SOLDIERFISH, BLACKBAR",1,25,1,TRUE
2020,166487,SEAHORSES,35,439.3,4,FALSE
2020,166704,SCORPIONFISHES,2321.52,5432.75,16,FALSE
2020,167687,"BASS, BLACK SEA",81343.96,117181.31,30,FALSE
2020,167690,"BASS, BANK SEA",677.96,723,3,FALSE
2020,167691,"BASS, ROCK SEA",10914.7,11863.2,6,FALSE
2020,167696,"HIND, ROCK",408.27,1331.838,22,FALSE
2020,167698,"HIND, SPECKLED",42876.770000000004,183555.33000000002,37,FALSE
2020,167699,"GROUPER, YELLOWEDGE",709701.42,3447134.97,41,FALSE
2020,167700,"HIND, RED",410.86,1240.09,24,FALSE
2020,167702,"GROUPER, RED",2484731.29,12023000.244,89,FALSE
2020,167703,"GROUPER, MISTY",102.07000000000001,456.43,4,FALSE
2020,167704,"GROUPER, WARSAW",26527.93,93046.988,36,FALSE
2020,167705,"GROUPER, SNOWY",105746.89,499829.59,38,FALSE
2020,167740,"GROUPER, CONEY",38.94,183,2,TRUE
2020,167744,"GROUPER, MARBLED",578.2,1754.25,5,FALSE
2020,167759,"GROUPER, GAG",509248.87,2827145.854,91,FALSE
2020,167760,"GROUPER, BLACK",27760.49,150411.23,45,FALSE
2020,167762,"GROUPER, YELLOWMOUTH",206.27,826.7,4,FALSE
2020,167763,SCAMP,124864.6,660602.782,85,FALSE
2020,167764,"GROUPER, YELLOWFIN",339.84000000000003,1284.5,5,FALSE
2020,167806,"HAMLET, BUTTER",43,117.3,6,FALSE
2020,167852,"BASS, LANTERN",3,6.7,2,TRUE
2020,167859,TOBACCOFISH,1,2,1,TRUE
2020,167860,"BASS, HARLEQUIN",6,11,1,TRUE
2020,168178,BIGEYE,111.48,125.2,6,FALSE
2020,168204,FLAMEFISH,303,620.7,9,FALSE
2020,168541,"TILEFISH, BLACKLINE",113.12,201,4,FALSE
2020,168543,"TILEFISH, BLUELINE",102352.46,190137.9068,31,FALSE
2020,168544,"TILEFISH, GOLDFACE",71.79,127.202,4,FALSE
2020,168546,"TILEFISH, GOLDEN",275902.93,797793.82,30,FALSE
2020,168548,"TILEFISH, SAND",161.05,240.786,7,FALSE
2020,168566,COBIA,34937.53,124284.49,90,FALSE
2020,168602,"POMPANO, AFRICAN",2663.27,9544.17,21,FALSE
2020,168607,"JACK, YELLOW",2012.6000000000001,3479.15,10,FALSE
2020,168609,"JACK, CREVALLE",340279.53,262384.98,61,FALSE
2020,168610,"JACK, HORSE-EYE",101.94,156.58,6,FALSE
2020,168612,"RUNNER, BLUE",33758,24378.09,42,FALSE
2020,168613,"JACK, BLACK",39.52,47.5,1,TRUE
2020,168615,"JACK, BAR",53112.06,65440.83,42,FALSE
2020,168689,"AMBERJACK, GREATER",311484.43,606098.526,76,FALSE
2020,168690,"AMBERJACK, LESSER",2306.4,4906.2,17,FALSE
2020,168691,"JACK, ALMACO",35243.63,58140.72,53,FALSE
2020,168693,"RUDDERFISH, BANDED",14142.92,10762.37,25,FALSE
2020,168738,"RUNNER, RAINBOW",153.92,313.75,4,FALSE
2020,168791,DOLPHIN,6032.39,12786.73,45,FALSE
2020,168847,"SNAPPER, CUBERA",1817.94,5964.4,18,FALSE
2020,168848,"SNAPPER, GRAY",87635.13,285660.18,107,FALSE
2020,168849,"SNAPPER, MUTTON",59665.66,181710.36000000002,44,FALSE
2020,168850,SCHOOLMASTER,74.05,147.53,4,FALSE
2020,168852,"SNAPPER, BLACKFIN",7316.43,25259.58,15,FALSE
2020,168853,"SNAPPER, RED",7286593.93,30970775.7,116,FALSE
2020,168857,"SNAPPER, DOG",177.44,463.01,9,FALSE
2020,168858,"SNAPPER, MAHOGANY",160.18,340.2,4,FALSE
2020,168860,"SNAPPER, LANE",23243.99,62252.33,91,FALSE
2020,168861,"SNAPPER, SILK",30736.920000000002,123189.956,40,FALSE
2020,168899,"SNAPPER, BLACK",1015.19,3211.88,5,FALSE
2020,168902,"SNAPPER, QUEEN",20767.28,80841.7,25,FALSE
2020,168907,"SNAPPER, YELLOWTAIL",211741.33000000002,631243.74,60,FALSE
2020,168909,"SNAPPER, VERMILION",838818.38,2575916.52,98,FALSE
2020,168913,WENCHMAN,93336.8,82712.95,5,FALSE
2020,169007,TRIPLETAIL,14887,59031.13,28,FALSE
2020,169058,TOMTATE,1,1,1,TRUE
2020,169067,COTTONWICK,2,2,1,TRUE
2020,169086,PORKFISH,465,1808.35,8,FALSE
2020,169183,"PORGY, LONGSPINE",13.32,18,1,TRUE
2020,169197,"PORGY, JOLTHEAD",12394.76,24875.8844,38,FALSE
2020,169200,"PORGY, WHITEBONE",2768,4071.5,3,FALSE
2020,169201,"PORGY, KNOBBED",2585.51,4629.75,21,FALSE
2020,169207,"PORGY, RED",124485.02,188326.043,72,FALSE
2020,169290,"DRUM, RED",55133.74,144262.26,29,FALSE
2020,169314,JACKKNIFE-FISH,196,1601.5,7,FALSE
2020,169421,"GOATFISH, SPOTTED",6,24.75,2,TRUE
2020,169539,"SPADEFISH, ATLANTIC",4101.9,2960.67,26,FALSE
2020,169556,"BUTTERFLYFISH, SPOTFIN",88,335.5,6,FALSE
2020,169558,"BUTTERFLYFISH, FOUREYE",306,974.25,9,FALSE
2020,169563,"BUTTERFLYFISH, BANDED",6,15,3,FALSE
2020,169611,CHERUBFISH,5,87,2,TRUE
2020,169623,"ANGELFISH, QUEEN",894,16978.9,13,FALSE
2020,169625,"BEAUTY, ROCK",140,847,5,FALSE
2020,169632,"ANGELFISH, GRAY",1130,13526,10,FALSE
2020,169633,"ANGELFISH, FRENCH",162,3555.2,10,FALSE
2020,170046,"MAJOR, SERGEANT",34,40.5,2,TRUE
2020,170080,"CHROMIS, BLUE",74,296.6,5,FALSE
2020,170082,SUNSHINEFISH,6,12,2,TRUE
2020,170224,"HAWKFISH, REDSPOTTED",6,22,2,TRUE
2020,170484,"HOGFISH, SPANISH",26,194.55,3,FALSE
2020,170496,"WRASSE, CREOLE",12,36,1,TRUE
2020,170506,"WRASSE, YELLOWHEAD",4,8.75,1,TRUE
2020,170507,"WRASSE, CLOWN",54,153.2,3,FALSE
2020,170510,PUDDINGWIFE,6,23.8,2,TRUE
2020,170566,HOGFISH,8880.01,45417.372,30,FALSE
2020,170568,BLUEHEAD,109,248.5,4,FALSE
2020,170811,"PARROTFISH, BLUE",12,205.5,2,TRUE
2020,170812,"PARROTFISH, MIDNIGHT",2,40,1,TRUE
2020,170814,"PARROTFISH, RAINBOW",28,271.5,3,FALSE
2020,170815,"PARROTFISH, PRINCESS",21,145.5,3,FALSE
2020,170816,"PARROTFISH, QUEEN",1,18.75,1,TRUE
2020,170863,"PARROTFISH, REDBAND",26,136.5,3,FALSE
2020,170867,"PARROTFISH, STOPLIGHT",14,124.25,2,TRUE
2020,170928,"JAWFISH, YELLOWHEAD",202,923.25,3,FALSE
2020,170932,"JAWFISH, DUSKY",382,217.8,4,FALSE
2020,171203,"BLENNY, REDLIP",1,4,1,TRUE
2020,172252,"SURGEON, OCEAN",1727,1771.8500000000001,5,FALSE
2020,172253,DOCTORFISH,155,312.75,5,FALSE
2020,172254,"TANG, BLUE",1017.5,5017.9,9,FALSE
2020,172401,"TUNA, SKIPJACK",172.53,108.5,4,FALSE
2020,172402,"TUNA, LITTLE TUNNY",135810.98,89469.84,45,FALSE
2020,172419,"TUNA, ALBACORE",20222.96,21854,3,FALSE
2020,172421,"TUNA, BLUEFIN",7355,31203,4,FALSE
2020,172423,"TUNA, YELLOWFIN",423455.32,1634943.25,10,FALSE
2020,172427,"TUNA, BLACKFIN",50752.44,69941.29,39,FALSE
2020,172428,"TUNA, BIGEYE",5128.75,16613.11,4,FALSE
2020,172435,"MACKEREL, KING",2178965.68,4398387.698,80,FALSE
2020,172436,"MACKEREL, SPANISH",523239.85,533017.38,81,FALSE
2020,172437,CERO,1462.6,4494.55,9,FALSE
2020,172451,WAHOO,15466.84,31165.48,31,FALSE
2020,172482,SWORDFISH,276945.39,661875.15,14,FALSE
2020,173134,"FILEFISH, SCRAWLED",3,212.35,2,TRUE
2020,173138,"TRIGGERFISH, GRAY",52692.12,114141.636,77,FALSE
2020,173139,"TRIGGERFISH, QUEEN",25.42,181.8,2,TRUE
2020,173157,"FILEFISH, WHITESPOTTED",3,9,1,TRUE
2020,173170,"TRIGGERFISH, OCEAN",41.6,88.1,2,TRUE
2020,173245,"COWFISH, SCRAWLED",789,1173.8,6,FALSE
2020,173246,"COWFISH, HONEYCOMBED",339,764,2,TRUE
2020,173320,"PUFFER, SHARPNOSE",152,275,9,FALSE
2020,173391,PORCUPINEFISH,11,56.5,2,TRUE
2020,181220,GRAYSBY,71.9,224.69,11,FALSE
2020,613026,"GRUNT, WHITE",830.3100000000001,2550.39,7,FALSE
2020,614740,"PARROTFISH, STRIPED",15,19.8,2,TRUE
2020,615345,BEAUGREGORY,56,106,4,FALSE
2020,615421,"DAMSELFISH, DUSKY",1,1,1,TRUE
2020,636786,"GOBY,NEON",203,536,5,FALSE
2020,646513,HIGH-HAT,522,1067,11,FALSE
2020,650251,"BARRACUDA, GREAT",7765.58,9733.89,32,FALSE
2021,159924,"SHARK, MAKO, SHORTFIN",1156.22,1892,2,TRUE
2021,159977,"SHARK, NURSE",22287.260000000002,19963.71,2,TRUE
2021,160189,"SHARK, TIGER",46868.03,41708.7,6,FALSE
2021,160200,"SHARK, ATLANTIC SHARPNOSE",70375.73,46051.13,3,FALSE
2021,160234,"SHARK, SMOOTHHOUND, FLORIDA",26.41,23.75,1,TRUE
2021,160275,"SHARK, BULL",204662.66,118819.46,7,FALSE
2021,160289,"SHARK, SANDBAR",42321.33,35514.85,3,FALSE
2021,160304,"SHARK, BLACKNOSE",289.12,145.6,1,TRUE
2021,160310,"SHARK, SILKY",51.43,22.2,1,TRUE
2021,160318,"SHARK, BLACKTIP",771485.77,436809.01,8,FALSE
2021,160401,"SHARK, SPINNER",48672.16,26870.14,6,FALSE
2021,160409,"SHARK, FINETOOTH",51871,43020.6,2,TRUE
2021,160424,"SHARK, BLUE",241.86,121.8,1,TRUE
2021,160433,"SHARK, LEMON",27348.25,23572.77,6,FALSE
2021,160502,"SHARK, BONNETHEAD",254,4208.5,2,TRUE
2021,160515,"SHARK, HAMMERHEAD, GREAT",4062.43,3594.79,3,FALSE
2021,160951,"STINGRAY, SOUTHERN",18,190,3,FALSE
2021,161186,"MORAY, GREEN",5,252,4,FALSE
2021,166487,SEAHORSES,50,796,5,FALSE
2021,166704,SCORPIONFISHES,3591.27,6679.5,20,FALSE
2021,167687,"BASS, BLACK SEA",53502.74,75346.08,24,FALSE
2021,167690,"BASS, BANK SEA",888.5400000000001,1270.5,1,TRUE
2021,167691,"BASS, ROCK SEA",10851.380000000001,12241.1,8,FALSE
2021,167696,"HIND, ROCK",399.45,1214.31,17,FALSE
2021,167698,"HIND, SPECKLED",49281.78,223950.3855,37,FALSE
2021,167699,"GROUPER, YELLOWEDGE",721357.06,3871495.8,34,FALSE
2021,167700,"HIND, RED",483.1,1884.205,22,FALSE
2021,167702,"GROUPER, RED",3094448.5500000003,15538098.61,89,FALSE
2021,167703,"GROUPER, MISTY",117.88,567.28,4,FALSE
2021,167704,"GROUPER, WARSAW",20461.13,75986.12,35,FALSE
2021,167705,"GROUPER, SNOWY",98059.53,501445.01,36,FALSE
2021,167740,"GROUPER, CONEY",11.18,34.980000000000004,4,FALSE
2021,167744,"GROUPER, MARBLED",200.60000000000002,696.65,4,FALSE
2021,167759,"GROUPER, GAG",601540.41,3521085.772,90,FALSE
2021,167760,"GROUPER, BLACK",27430.350000000002,157149.654,41,FALSE
2021,167762,"GROUPER, YELLOWMOUTH",215.94,788.25,7,FALSE
2021,167763,SCAMP,135686.06,783296.344,80,FALSE
2021,167764,"GROUPER, YELLOWFIN",239.54000000000002,1167.35,4,FALSE
2021,167806,"HAMLET, BUTTER",68,171.15,7,FALSE
2021,167852,"BASS, LANTERN",4,10.4,1,TRUE
2021,167860,"BASS, HARLEQUIN",5,9.8,2,TRUE
2021,168178,BIGEYE,173.24,126.75,3,FALSE
2021,168181,"SNAPPER, GLASSEYE",5,14,1,TRUE
2021,168204,FLAMEFISH,265,384,7,FALSE
2021,168543,"TILEFISH, BLUELINE",128118.69,285378.65,28,FALSE
2021,168544,"TILEFISH, GOLDFACE",220.53,575.7,7,FALSE
2021,168546,"TILEFISH, GOLDEN",387549.66000000003,1214030,23,FALSE
2021,168548,"TILEFISH, SAND",222.32,271.23,7,FALSE
2021,168566,COBIA,31184.81,116122.93000000001,80,FALSE
2021,168602,"POMPANO, AFRICAN",3600.6,15274.424,19,FALSE
2021,168607,"JACK, YELLOW",1965.7,3907.77,8,FALSE
2021,168609,"JACK, CREVALLE",373125.07,321957.87,55,FALSE
2021,168610,"JACK, HORSE-EYE",98.24000000000001,29.38,3,FALSE
2021,168612,"RUNNER, BLUE",28536.63,27105.7,52,FALSE
2021,168613,"JACK, BLACK",56.16,72,2,TRUE
2021,168615,"JACK, BAR",41119.6,53530.93,37,FALSE
2021,168689,"AMBERJACK, GREATER",328088.28,676666.659,72,FALSE
2021,168690,"AMBERJACK, LESSER",1628.47,3257.7,13,FALSE
2021,168691,"JACK, ALMACO",36612.700000000004,65482.035,52,FALSE
2021,168693,"RUDDERFISH, BANDED",11198.17,9060.77,16,FALSE
2021,168738,"RUNNER, RAINBOW",72.96000000000001,90,3,FALSE
2021,168791,DOLPHIN,9554.5,22060.46,46,FALSE
2021,168847,"SNAPPER, CUBERA",1253.53,4532.55,12,FALSE
2021,168848,"SNAPPER, GRAY",99719.37,328030.479,104,FALSE
2021,168849,"SNAPPER, MUTTON",56509.590000000004,187632.67,46,FALSE
2021,168850,SCHOOLMASTER,1.78,6.4,1,TRUE
2021,168852,"SNAPPER, BLACKFIN",5777.57,22811.83,17,FALSE
2021,168853,"SNAPPER, RED",7312268.33,32358744.752,105,FALSE
2021,168857,"SNAPPER, DOG",346.44,753.23,10,FALSE
2021,168858,"SNAPPER, MAHOGANY",53.84,125.75,5,FALSE
2021,168860,"SNAPPER, LANE",21905.53,60759.2176,82,FALSE
2021,168861,"SNAPPER, SILK",34970.68,150154.86000000002,29,FALSE
2021,168899,"SNAPPER, BLACK",150.91,249.75,4,FALSE
2021,168902,"SNAPPER, QUEEN",10486.51,44249.43,20,FALSE
2021,168907,"SNAPPER, YELLOWTAIL",227503.53,847244.438,56,FALSE
2021,168909,"SNAPPER, VERMILION",770688.17,2577220.6636,88,FALSE
2021,168913,WENCHMAN,160922.51,103846.83,5,FALSE
2021,169007,TRIPLETAIL,7442.84,31017.45,30,FALSE
2021,169058,TOMTATE,15,375,1,TRUE
2021,169065,"GRUNT, FRENCH",17,51,1,TRUE
2021,169086,PORKFISH,649,1468.6000000000001,6,FALSE
2021,169183,"PORGY, LONGSPINE",2.22,3,1,TRUE
2021,169197,"PORGY, JOLTHEAD",17073.05,32968.915,39,FALSE
2021,169200,"PORGY, WHITEBONE",963.2,2563.75,3,FALSE
2021,169201,"PORGY, KNOBBED",2246.51,3405.08,20,FALSE
2021,169207,"PORGY, RED",130115.65000000001,213107.198,59,FALSE
2021,169290,"DRUM, RED",36987,97160.2,24,FALSE
2021,169314,JACKKNIFE-FISH,151,1954,7,FALSE
2021,169317,"DRUM, SPOTTED",1,30,1,TRUE
2021,169408,"GOATFISH, YELLOW",1,3,1,TRUE
2021,169421,"GOATFISH, SPOTTED",8,24,1,TRUE
2021,169539,"SPADEFISH, ATLANTIC",4345.84,3842.62,30,FALSE
2021,169556,"BUTTERFLYFISH, SPOTFIN",111,447.3,5,FALSE
2021,169558,"BUTTERFLYFISH, FOUREYE",82,260.7,8,FALSE
2021,169563,"BUTTERFLYFISH, BANDED",27,100.60000000000001,4,FALSE
2021,169623,"ANGELFISH, QUEEN",533,13186.15,10,FALSE
2021,169625,"BEAUTY, ROCK",48,326.2,4,FALSE
2021,169632,"ANGELFISH, GRAY",2348,30105.39,12,FALSE
2021,169633,"ANGELFISH, FRENCH",145,3250.31,9,FALSE
2021,170046,"MAJOR, SERGEANT",143,186,4,FALSE
2021,170080,"CHROMIS, BLUE",103,245,3,FALSE
2021,170082,SUNSHINEFISH,42,42,1,TRUE
2021,170484,"HOGFISH, SPANISH",22,201.6,5,FALSE
2021,170506,"WRASSE, YELLOWHEAD",12,29.6,2,TRUE
2021,170507,"WRASSE, CLOWN",4,12,1,TRUE
2021,170510,PUDDINGWIFE,20,46.5,2,TRUE
2021,170566,HOGFISH,11137.07,58677.48,34,FALSE
2021,170568,BLUEHEAD,26,60.9,3,FALSE
2021,170811,"PARROTFISH, BLUE",14,412,1,TRUE
2021,170812,"PARROTFISH, MIDNIGHT",5,82,2,TRUE
2021,170814,"PARROTFISH, RAINBOW",26,443,4,FALSE
2021,170815,"PARROTFISH, PRINCESS",29,177.5,3,FALSE
2021,170863,"PARROTFISH, REDBAND",7,23,3,FALSE
2021,170867,"PARROTFISH, STOPLIGHT",3,54.75,3,FALSE
2021,170928,"JAWFISH, YELLOWHEAD",121,616,2,TRUE
2021,170932,"JAWFISH, DUSKY",44,81.2,2,TRUE
2021,171203,"BLENNY, REDLIP",1,4,1,TRUE
2021,172252,"SURGEON, OCEAN",111,384.67,6,FALSE
2021,172253,DOCTORFISH,71,152,4,FALSE
2021,172254,"TANG, BLUE",1254,5341.68,10,FALSE
2021,172402,"TUNA, LITTLE TUNNY",80680.08,75165.14,51,FALSE
2021,172419,"TUNA, ALBACORE",7010.55,5245.5,3,FALSE
2021,172421,"TUNA, BLUEFIN",10090,45757.84,3,FALSE
2021,172423,"TUNA, YELLOWFIN",357221.13,1515667.98,13,FALSE
2021,172427,"TUNA, BLACKFIN",61076.21,79263.51,30,FALSE
2021,172428,"TUNA, BIGEYE",9035,54155.5,3,FALSE
2021,172435,"MACKEREL, KING",2131639.81,4802595.09,62,FALSE
2021,172436,"MACKEREL, SPANISH",421865.01,484745.09,76,FALSE
2021,172437,CERO,44.5,75.2,3,FALSE
2021,172451,WAHOO,12512.54,31476.05,27,FALSE
2021,172482,SWORDFISH,321014.64,1054133.18,19,FALSE
2021,173134,"FILEFISH, SCRAWLED",3,78.75,2,TRUE
2021,173138,"TRIGGERFISH, GRAY",44935.49,107920.349,79,FALSE
2021,173139,"TRIGGERFISH, QUEEN",8.280000000000001,49.25,2,TRUE
2021,173157,"FILEFISH, WHITESPOTTED",15,15,1,TRUE
2021,173170,"TRIGGERFISH, OCEAN",202.59,436.08,4,FALSE
2021,173245,"COWFISH, SCRAWLED",341,865.7,7,FALSE
2021,173246,"COWFISH, HONEYCOMBED",175,387,2,TRUE
2021,173320,"PUFFER, SHARPNOSE",104,178.5,8,FALSE
2021,173391,PORCUPINEFISH,33,243.5,3,FALSE
2021,181220,GRAYSBY,52.59,193.1925,10,FALSE
2021,613026,"GRUNT, WHITE",12808.1,19616.948,16,FALSE
2021,614740,"PARROTFISH, STRIPED",15,24.2,1,TRUE
2021,615345,BEAUGREGORY,49,77.2,5,FALSE
2021,636786,"GOBY,NEON",333,881,3,FALSE
2021,646513,HIGH-HAT,626,1236.25,10,FALSE
2021,650251,"BARRACUDA, GREAT",4660.71,7035.35,28,FALSE
2022,159924,"SHARK, MAKO, SHORTFIN",1237.65,1364,4,FALSE
2022,159977,"SHARK, NURSE",1778.8100000000002,2598.75,3,FALSE
2022,160189,"SHARK, TIGER",23282.6,20793.6,4,FALSE
2022,160200,"SHARK, ATLANTIC SHARPNOSE",89454,66830.35,2,TRUE
2022,160230,"DOGFISH, SMOOTH",255,212.4,1,TRUE
2022,160275,"SHARK, BULL",223854.9,135382.2,8,FALSE
2022,160289,"SHARK, SANDBAR",17627.98,15852.5,1,TRUE
2022,160318,"SHARK, BLACKTIP",728874,451677.15,7,FALSE
2022,160401,"SHARK, SPINNER",17051.12,12319.6,5,FALSE
2022,160409,"SHARK, FINETOOTH",10453,10180.9,1,TRUE
2022,160424,"SHARK, BLUE",1866.77,1074.4,1,TRUE
2022,160433,"SHARK, LEMON",21796.92,17839.56,6,FALSE
2022,160502,"SHARK, BONNETHEAD",16,13600,2,TRUE
2022,160515,"SHARK, HAMMERHEAD, GREAT",8411.2,7209.1,5,FALSE
2022,160951,"STINGRAY, SOUTHERN",15,372.5,2,TRUE
2022,161186,"MORAY, GREEN",6,281,3,FALSE
2022,161450,"EEL, GOLDSPOTTED",37,203.5,2,TRUE
2022,166487,SEAHORSES,567,3051,4,FALSE
2022,166704,SCORPIONFISHES,2999.43,6366.13,21,FALSE
2022,167687,"BASS, BLACK SEA",25411.78,40319.163,15,FALSE
2022,167690,"BASS, BANK SEA",3812.88,2749.4,2,TRUE
2022,167691,"BASS, ROCK SEA",4297.64,6352.6,9,FALSE
2022,167696,"HIND, ROCK",339.82,1117.953,17,FALSE
2022,167698,"HIND, SPECKLED",33043.14,172505.64,32,FALSE
2022,167699,"GROUPER, YELLOWEDGE",485573.07,2995435.63,38,FALSE
2022,167700,"HIND, RED",630.76,3071.03,18,FALSE
2022,167702,"GROUPER, RED",2542782.42,14599614.711,78,FALSE
2022,167703,"GROUPER, MISTY",6391.1,1624.43,4,FALSE
2022,167704,"GROUPER, WARSAW",17857.18,75023.97,32,FALSE
2022,167705,"GROUPER, SNOWY",78279.62,466417.5,35,FALSE
2022,167740,"GROUPER, CONEY",1.18,5,1,TRUE
2022,167744,"GROUPER, MARBLED",275.68,1461.95,5,FALSE
2022,167759,"GROUPER, GAG",735803.9500000001,4837136.368,80,FALSE
2022,167760,"GROUPER, BLACK",26553.36,174004.82,38,FALSE
2022,167762,"GROUPER, YELLOWMOUTH",356.95,1417.43,8,FALSE
2022,167763,SCAMP,128370.69,833260.399,76,FALSE
2022,167764,"GROUPER, YELLOWFIN",4601.42,25809.9,6,FALSE
2022,167806,"HAMLET, BUTTER",107,270.25,8,FALSE
2022,167852,"BASS, LANTERN",5,24.400000000000002,2,TRUE
2022,167859,TOBACCOFISH,3,10.8,1,TRUE
2022,167860,"BASS, HARLEQUIN",31,242.8,2,TRUE
2022,168178,BIGEYE,79.76,80.5,3,FALSE
2022,168181,"SNAPPER, GLASSEYE",1,4,1,TRUE
2022,168204,FLAMEFISH,112,305.3,8,FALSE
2022,168541,"TILEFISH, BLACKLINE",47.12,21.400000000000002,2,TRUE
2022,168543,"TILEFISH, BLUELINE",83349.15,216702.44,33,FALSE
2022,168544,"TILEFISH, GOLDFACE",128.8,388.5,2,TRUE
2022,168546,"TILEFISH, GOLDEN",332104.41000000003,1174423.66,24,FALSE
2022,168548,"TILEFISH, SAND",620.48,685.73,6,FALSE
2022,168566,COBIA,27927.91,109699.3776,78,FALSE
2022,168602,"POMPANO, AFRICAN",3801.26,19032.38,20,FALSE
2022,168607,"JACK, YELLOW",2525,5019.34,12,FALSE
2022,168609,"JACK, CREVALLE",253062.36,239535.4,51,FALSE
2022,168610,"JACK, HORSE-EYE",471.78,371.34,6,FALSE
2022,168612,"RUNNER, BLUE",68799.92,69043.03,48,FALSE
2022,168613,"JACK, BLACK",20.8,30,2,TRUE
2022,168615,"JACK, BAR",41357.13,56248.92,42,FALSE
2022,168689,"AMBERJACK, GREATER",278613.64,664595.064,60,FALSE
2022,168690,"AMBERJACK, LESSER",1357.15,2445.88,17,FALSE
2022,168691,"JACK, ALMACO",40672.58,76428.93000000001,46,FALSE
2022,168693,"RUDDERFISH, BANDED",5741.58,6474.45,19,FALSE
2022,168738,"RUNNER, RAINBOW",187.44,255.75,3,FALSE
2022,168791,DOLPHIN,8323.300000000001,20339.2374,44,FALSE
2022,168847,"SNAPPER, CUBERA",1194.6200000000001,3978.9662,13,FALSE
2022,168848,"SNAPPER, GRAY",110886.36,397967.6734,94,FALSE
2022,168849,"SNAPPER, MUTTON",63507.07,234074.49,41,FALSE
2022,168850,SCHOOLMASTER,6.44,28,3,FALSE
2022,168852,"SNAPPER, BLACKFIN",5318.81,24075.308,23,FALSE
2022,168853,"SNAPPER, RED",7249879.73,36283777.567,103,FALSE
2022,168857,"SNAPPER, DOG",328.3,982.1,8,FALSE
2022,168860,"SNAPPER, LANE",15825.050000000001,52255.1227,71,FALSE
2022,168861,"SNAPPER, SILK",37951.64,183393.4628,34,FALSE
2022,168899,"SNAPPER, BLACK",34.19,124.95,2,TRUE
2022,168902,"SNAPPER, QUEEN",11225.4,50306.75,22,FALSE
2022,168907,"SNAPPER, YELLOWTAIL",294543.08,1172677.1300000001,62,FALSE
2022,168909,"SNAPPER, VERMILION",870605.16,3300746.734,88,FALSE
2022,168913,WENCHMAN,22453.48,17308.55,8,FALSE
2022,169007,TRIPLETAIL,10034.6,50022.2,30,FALSE
2022,169065,"GRUNT, FRENCH",50,645,2,TRUE
2022,169067,COTTONWICK,26,148,2,TRUE
2022,169086,PORKFISH,295,1490.9,6,FALSE
2022,169183,"PORGY, LONGSPINE",102.12,99.5,2,TRUE
2022,169197,"PORGY, JOLTHEAD",24646.82,42256.6,32,FALSE
2022,169200,"PORGY, WHITEBONE",1453,5470.1,3,FALSE
2022,169201,"PORGY, KNOBBED",1641.52,2564.1354,20,FALSE
2022,169207,"PORGY, RED",120400.67,228278.3852,55,FALSE
2022,169290,"DRUM, RED",53860.92,165453.3,36,FALSE
2022,169314,JACKKNIFE-FISH,75,912.2,4,FALSE
2022,169317,"DRUM, SPOTTED",3,94,1,TRUE
2022,169421,"GOATFISH, SPOTTED",12,36.5,2,TRUE
2022,169539,"SPADEFISH, ATLANTIC",4278.37,5205.49,22,FALSE
2022,169556,"BUTTERFLYFISH, SPOTFIN",28,128.79999999999998,2,TRUE
2022,169558,"BUTTERFLYFISH, FOUREYE",107,528.05,6,FALSE
2022,169563,"BUTTERFLYFISH, BANDED",164,1158.7,4,FALSE
2022,169623,"ANGELFISH, QUEEN",666,12122.5,15,FALSE
2022,169625,"BEAUTY, ROCK",50,628.3,5,FALSE
2022,169632,"ANGELFISH, GRAY",1646,24123.2,13,FALSE
2022,169633,"ANGELFISH, FRENCH",730,7822,12,FALSE
2022,170046,"MAJOR, SERGEANT",39,79,4,FALSE
2022,170080,"CHROMIS, BLUE",44,301.5,4,FALSE
2022,170082,SUNSHINEFISH,2,4,1,TRUE
2022,170116,"DAMSELFISH, YELLOWTAIL",3,24,1,TRUE
2022,170224,"HAWKFISH, REDSPOTTED",2,6.5,1,TRUE
2022,170484,"HOGFISH, SPANISH",25,243.20000000000002,4,FALSE
2022,170496,"WRASSE, CREOLE",2,5.2,1,TRUE
2022,170506,"WRASSE, YELLOWHEAD",37,425,2,TRUE
2022,170507,"WRASSE, CLOWN",22,135,3,FALSE
2022,170510,PUDDINGWIFE,6,11.75,2,TRUE
2022,170566,HOGFISH,9036.39,54450.112,22,FALSE
2022,170568,BLUEHEAD,75,363.3,4,FALSE
2022,170811,"PARROTFISH, BLUE",23,624,3,FALSE
2022,170812,"PARROTFISH, MIDNIGHT",1,80,1,TRUE
2022,170814,"PARROTFISH, RAINBOW",25,715,2,TRUE
2022,170815,"PARROTFISH, PRINCESS",13,285.75,4,FALSE
2022,170816,"PARROTFISH, QUEEN",1,18.75,1,TRUE
2022,170863,"PARROTFISH, REDBAND",20,414,1,TRUE
2022,170867,"PARROTFISH, STOPLIGHT",15,438.5,3,FALSE
2022,170928,"JAWFISH, YELLOWHEAD",152,1079.2,3,FALSE
2022,170932,"JAWFISH, DUSKY",39,31.8,3,FALSE
2022,172252,"SURGEON, OCEAN",88,782.5,5,FALSE
2022,172253,DOCTORFISH,69,277,5,FALSE
2022,172254,"TANG, BLUE",312,3054.4,9,FALSE
2022,172401,"TUNA, SKIPJACK",76.57,59.8,3,FALSE
2022,172402,"TUNA, LITTLE TUNNY",83142.68,69880.76,41,FALSE
2022,172419,"TUNA, ALBACORE",12624.36,9492,2,TRUE
2022,172421,"TUNA, BLUEFIN",17882.5,52130.01,5,FALSE
2022,172423,"TUNA, YELLOWFIN",496021.27,2483966.1,12,FALSE
2022,172427,"TUNA, BLACKFIN",108893.7,183735.024,30,FALSE
2022,172428,"TUNA, BIGEYE",24050,168130.25,7,FALSE
2022,172435,"MACKEREL, KING",1618564.34,4281027.21,61,FALSE
2022,172436,"MACKEREL, SPANISH",359384.5,474269.2,64,FALSE
2022,172437,CERO,27.4,79.83,2,TRUE
2022,172451,WAHOO,14429.220000000001,42180.63,27,FALSE
2022,172482,SWORDFISH,479483.88,1704511.72,18,FALSE
2022,173134,"FILEFISH, SCRAWLED",3,158.75,3,FALSE
2022,173138,"TRIGGERFISH, GRAY",45265.67,121933.747,72,FALSE
2022,173139,"TRIGGERFISH, QUEEN",47.08,363,5,FALSE
2022,173157,"FILEFISH, WHITESPOTTED",1,65,1,TRUE
2022,173170,"TRIGGERFISH, OCEAN",235.25,551.88,1,TRUE
2022,173245,"COWFISH, SCRAWLED",46,312.4,4,FALSE
2022,173246,"COWFISH, HONEYCOMBED",244,206.5,1,TRUE
2022,173320,"PUFFER, SHARPNOSE",138,493.25,8,FALSE
2022,173391,PORCUPINEFISH,32,227.5,6,FALSE
2022,181220,GRAYSBY,36.04,74.08840000000001,8,FALSE
2022,613026,"GRUNT, WHITE",1129.95,1567,11,FALSE
2022,614740,"PARROTFISH, STRIPED",5,16,1,TRUE
2022,615345,BEAUGREGORY,52,155.5,5,FALSE
2022,615416,"DAMSELFISH, BICOLOR",21,105,1,TRUE
2022,636786,"GOBY,NEON",103,454.5,6,FALSE
2022,646513,HIGH-HAT,239,515.4,8,FALSE
2022,650251,"BARRACUDA, GREAT",8391.07,24027.49,30,FALSE
2023,159924,"SHARK, MAKO, SHORTFIN",430.90000000000003,310,2,TRUE
2023,159977,"SHARK, NURSE",240.08,344.24,2,TRUE
2023,160189,"SHARK, TIGER",448.97,296,3,FALSE
2023,160200,"SHARK, ATLANTIC SHARPNOSE",98086.62,77254.5798,4,FALSE
2023,160230,"DOGFISH, SMOOTH",407,244.2,1,TRUE
2023,160234,"SHARK, SMOOTHHOUND, FLORIDA",450,550.8000000000001,1,TRUE
2023,160275,"SHARK, BULL",214449.01,134418.7,8,FALSE
2023,160310,"SHARK, SILKY",297.46,353.1,1,TRUE
2023,160318,"SHARK, BLACKTIP",766762.83,472536.6975,9,FALSE
2023,160401,"SHARK, SPINNER",59336.56,44075.1,4,FALSE
2023,160409,"SHARK, FINETOOTH",42434,49120,1,TRUE
2023,160413,"SHARK, NIGHT",1900,570,2,TRUE
2023,160424,"SHARK, BLUE",5965.88,3787.35,2,TRUE
2023,160433,"SHARK, LEMON",2613.2000000000003,1867.95,4,FALSE
2023,160502,"SHARK, BONNETHEAD",80,4601.62,5,FALSE
2023,160515,"SHARK, HAMMERHEAD, GREAT",1910,1277.75,1,TRUE
2023,161186,"MORAY, GREEN",51,1884,3,FALSE
2023,161237,"MORAY, GOLDENTAIL",4,44,1,TRUE
2023,161450,"EEL, GOLDSPOTTED",17,164,2,TRUE
2023,166487,SEAHORSES,152,1108,3,FALSE
2023,166704,SCORPIONFISHES,3979.81,9646.8695,21,FALSE
2023,167687,"BASS, BLACK SEA",18228.57,30802.58,11,FALSE
2023,167690,"BASS, BANK SEA",2586.56,2469.5,1,TRUE
2023,167691,"BASS, ROCK SEA",10041.04,15221.25,8,FALSE
2023,167696,"HIND, ROCK",742.9900000000001,3487.2269,16,FALSE
2023,167698,"HIND, SPECKLED",39891.14,216261.08,27,FALSE
2023,167699,"GROUPER, YELLOWEDGE",544274.3200000001,3523959.75,32,FALSE
2023,167700,"HIND, RED",2332.4500000000003,12339.65,13,FALSE
2023,167702,"GROUPER, RED",2611251.25,15700862.8422,76,FALSE
2023,167703,"GROUPER, MISTY",47.2,287.75,2,TRUE
2023,167704,"GROUPER, WARSAW",13561.39,59271.6,22,FALSE
2023,167705,"GROUPER, SNOWY",69436.37,426405.84,36,FALSE
2023,167744,"GROUPER, MARBLED",370.52,2095.5,4,FALSE
2023,167759,"GROUPER, GAG",250337.14,1749024.96,74,FALSE
2023,167760,"GROUPER, BLACK",40490.11,286178.152,36,FALSE
2023,167762,"GROUPER, YELLOWMOUTH",364.62,2056.5,4,FALSE
2023,167763,SCAMP,116366.07,796879.83,76,FALSE
2023,167764,"GROUPER, YELLOWFIN",93.81,597.48,3,FALSE
2023,167806,"HAMLET, BUTTER",39,274,5,FALSE
2023,167860,"BASS, HARLEQUIN",78,638.5,3,FALSE
2023,167861,"BASS, CHALK",8,24,1,TRUE
2023,168178,BIGEYE,122.12,161.25,4,FALSE
2023,168204,FLAMEFISH,156,490.7,7,FALSE
2023,168541,"TILEFISH, BLACKLINE",5.6000000000000005,24.9,2,TRUE
2023,168543,"TILEFISH, BLUELINE",83110.17,231434.35,26,FALSE
2023,168544,"TILEFISH, GOLDFACE",66.08,202,3,FALSE
2023,168546,"TILEFISH, GOLDEN",253720.98,968092.06,21,FALSE
2023,168548,"TILEFISH, SAND",650.62,650.4868,12,FALSE
2023,168566,COBIA,22361.600000000002,87051.857,67,FALSE
2023,168602,"POMPANO, AFRICAN",10994.16,56524.380000000005,24,FALSE
2023,168607,"JACK, YELLOW",2645.89,7931.47,18,FALSE
2023,168609,"JACK, CREVALLE",144775.7,145290.45,53,FALSE
2023,168610,"JACK, HORSE-EYE",44,220,1,TRUE
2023,168612,"RUNNER, BLUE",31672.93,26863.93,45,FALSE
2023,168613,"JACK, BLACK",9.36,22.5,1,TRUE
2023,168615,"JACK, BAR",51734.77,65524.07,32,FALSE
2023,168689,"AMBERJACK, GREATER",135371.52,339487.42960000003,42,FALSE
2023,168690,"AMBERJACK, LESSER",585.37,1496.82,11,FALSE
2023,168691,"JACK, ALMACO",28462.96,58068.33,55,FALSE
2023,168693,"RUDDERFISH, BANDED",7077.35,6689.5101,19,FALSE
2023,168738,"RUNNER, RAINBOW",472.08,800.6,6,FALSE
2023,168791,DOLPHIN,8952.73,21133.7096,33,FALSE
2023,168847,"SNAPPER, CUBERA",1521.29,5070.78,18,FALSE
2023,168848,"SNAPPER, GRAY",106459.71,418752.384,103,FALSE
2023,168849,"SNAPPER, MUTTON",93823.74,340180.536,46,FALSE
2023,168850,SCHOOLMASTER,28.860000000000003,92.67,3,FALSE
2023,168852,"SNAPPER, BLACKFIN",9153.12,42565.69,17,FALSE
2023,168853,"SNAPPER, RED",7837667.08,42326642.336,102,FALSE
2023,168857,"SNAPPER, DOG",448.36,1418.97,13,FALSE
2023,168858,"SNAPPER, MAHOGANY",309.69,1224,5,FALSE
2023,168860,"SNAPPER, LANE",27010.99,93427.092,82,FALSE
2023,168861,"SNAPPER, SILK",46614.880000000005,237471.4,33,FALSE
2023,168899,"SNAPPER, BLACK",77.7,155.6,2,TRUE
2023,168902,"SNAPPER, QUEEN",16630.94,85244.3452,24,FALSE
2023,168907,"SNAPPER, YELLOWTAIL",218193.54,876901.0608,63,FALSE
2023,168909,"SNAPPER, VERMILION",1048685.7,3877466.93,90,FALSE
2023,168913,WENCHMAN,3605.83,3743.45,7,FALSE
2023,169007,TRIPLETAIL,5189.1,24033.45,32,FALSE
2023,169067,COTTONWICK,10,80,1,TRUE
2023,169086,PORKFISH,357,1947.1,7,FALSE
2023,169183,"PORGY, LONGSPINE",21.09,47.5,1,TRUE
2023,169197,"PORGY, JOLTHEAD",34343.74,50776.5903,29,FALSE
2023,169200,"PORGY, WHITEBONE",704.24,2180,3,FALSE
2023,169201,"PORGY, KNOBBED",1272.71,2140.2456,19,FALSE
2023,169207,"PORGY, RED",130175.78,258675.819,53,FALSE
2023,169290,"DRUM, RED",40750.36,134288.44,36,FALSE
2023,169314,JACKKNIFE-FISH,37,524,6,FALSE
2023,169317,"DRUM, SPOTTED",1,53.5,1,TRUE
2023,169539,"SPADEFISH, ATLANTIC",2992.96,3858.266,25,FALSE
2023,169556,"BUTTERFLYFISH, SPOTFIN",29,168.8,3,FALSE
2023,169558,"BUTTERFLYFISH, FOUREYE",107,908.5,6,FALSE
2023,169563,"BUTTERFLYFISH, BANDED",476,6242.9,4,FALSE
2023,169623,"ANGELFISH, QUEEN",494,11967.1,9,FALSE
2023,169625,"BEAUTY, ROCK",50,1014.8,4,FALSE
2023,169632,"ANGELFISH, GRAY",1205,19482.5,12,FALSE
2023,169633,"ANGELFISH, FRENCH",441,9488.2,11,FALSE
2023,170046,"MAJOR, SERGEANT",36,73,5,FALSE
2023,170080,"CHROMIS, BLUE",265,646,4,FALSE
2023,170116,"DAMSELFISH, YELLOWTAIL",3,41,2,TRUE
2023,170224,"HAWKFISH, REDSPOTTED",2,15,2,TRUE
2023,170484,"HOGFISH, SPANISH",16,321,3,FALSE
2023,170506,"WRASSE, YELLOWHEAD",34,392,2,TRUE
2023,170507,"WRASSE, CLOWN",47,389.5,3,FALSE
2023,170510,PUDDINGWIFE,4,184,2,TRUE
2023,170566,HOGFISH,8950.050000000001,62279.9828,26,FALSE
2023,170568,BLUEHEAD,144,836.1,4,FALSE
2023,170811,"PARROTFISH, BLUE",27,936,5,FALSE
2023,170812,"PARROTFISH, MIDNIGHT",3,155,2,TRUE
2023,170814,"PARROTFISH, RAINBOW",49,2327,5,FALSE
2023,170815,"PARROTFISH, PRINCESS",12,224.5,4,FALSE
2023,170863,"PARROTFISH, REDBAND",51,942,1,TRUE
2023,170867,"PARROTFISH, STOPLIGHT",84,1412,2,TRUE
2023,170928,"JAWFISH, YELLOWHEAD",20,338.2,4,FALSE
2023,170932,"JAWFISH, DUSKY",12,18,1,TRUE
2023,171203,"BLENNY, REDLIP",1,12,1,TRUE
2023,172252,"SURGEON, OCEAN",81,1171,4,FALSE
2023,172253,DOCTORFISH,81,363,3,FALSE
2023,172254,"TANG, BLUE",173,2780.8,8,FALSE
2023,172401,"TUNA, SKIPJACK",196.21,343,2,TRUE
2023,172402,"TUNA, LITTLE TUNNY",54944.58,61190.04,44,FALSE
2023,172419,"TUNA, ALBACORE",5348.4400000000005,6666,3,FALSE
2023,172421,"TUNA, BLUEFIN",26032.5,100212.25,5,FALSE
2023,172423,"TUNA, YELLOWFIN",502442.25,2584508.93,12,FALSE
2023,172427,"TUNA, BLACKFIN",105494.17,197422.4698,31,FALSE
2023,172428,"TUNA, BIGEYE",27768.75,204517.2,7,FALSE
2023,172435,"MACKEREL, KING",1606532.66,4175623.6,57,FALSE
2023,172436,"MACKEREL, SPANISH",265863.31,367659.85,59,FALSE
2023,172437,CERO,189.45,309.58,7,FALSE
2023,172451,WAHOO,17596.25,43346.48,29,FALSE
2023,172482,SWORDFISH,413016.57,1531921.75,14,FALSE
2023,173134,"FILEFISH, SCRAWLED",3,211,2,TRUE
2023,173138,"TRIGGERFISH, GRAY",54410.450000000004,159041.623,66,FALSE
2023,173139,"TRIGGERFISH, QUEEN",6.7,483,1,TRUE
2023,173170,"TRIGGERFISH, OCEAN",173.9,533.1,7,FALSE
2023,173174,"DURGON, BLACK",3,180,1,TRUE
2023,173245,"COWFISH, SCRAWLED",280,1250.45,6,FALSE
2023,173246,"COWFISH, HONEYCOMBED",118,138.2,3,FALSE
2023,173320,"PUFFER, SHARPNOSE",111,630,4,FALSE
2023,173391,PORCUPINEFISH,25,221,4,FALSE
2023,181220,GRAYSBY,51.12,200.2244,5,FALSE
2023,613026,"GRUNT, WHITE",2058.2,4506.65,16,FALSE
2023,614740,"PARROTFISH, STRIPED",6,30,1,TRUE
2023,615345,BEAUGREGORY,56,264,4,FALSE
2023,615416,"DAMSELFISH, BICOLOR",51,264,2,TRUE
2023,636786,"GOBY,NEON",33,177.3,2,TRUE
2023,646513,HIGH-HAT,361,1080.1,10,FALSE
2023,650251,"BARRACUDA, GREAT",9995.86,38446.88,32,FALSE
2024,159977,"SHARK, NURSE",150,0,1,TRUE
2024,160189,"SHARK, TIGER",1774.95,164.5,2,TRUE
2024,160200,"SHARK, ATLANTIC SHARPNOSE",90571,74371.55,3,FALSE
2024,160275,"SHARK, BULL",89510.23,42845.15,4,FALSE
2024,160289,"SHARK, SANDBAR",2441,1704.4,1,TRUE
2024,160304,"SHARK, BLACKNOSE",140,420,1,TRUE
2024,160318,"SHARK, BLACKTIP",318555.57,185169.7,6,FALSE
2024,160401,"SHARK, SPINNER",43967.87,34264.5,3,FALSE
2024,160409,"SHARK, FINETOOTH",74963,89087.1,1,TRUE
2024,160424,"SHARK, BLUE",1950.17,841.8000000000001,1,TRUE
2024,160433,"SHARK, LEMON",575.46,248.4,1,TRUE
2024,160502,"SHARK, BONNETHEAD",14,4808,2,TRUE
2024,160505,"SHARK, HAMMERHEAD, SMOOTH",25,5,1,TRUE
2024,160515,"SHARK, HAMMERHEAD, GREAT",1771,996.6,1,TRUE
2024,160951,"STINGRAY, SOUTHERN",12,7805,2,TRUE
2024,161186,"MORAY, GREEN",1,39.6,1,TRUE
2024,166211,"SOLDIERFISH, BLACKBAR",1,34,1,TRUE
2024,166487,SEAHORSES,166,1165.5,4,FALSE
2024,166704,SCORPIONFISHES,3025.91,7467.15,19,FALSE
2024,167687,"BASS, BLACK SEA",12447.04,20025.85,19,FALSE
2024,167690,"BASS, BANK SEA",73.16,93,1,TRUE
2024,167691,"BASS, ROCK SEA",8203.07,12580.1,8,FALSE
2024,167696,"HIND, ROCK",239.88,977.9,17,FALSE
2024,167698,"HIND, SPECKLED",35824,205978.9,24,FALSE
2024,167699,"GROUPER, YELLOWEDGE",388229.07,2517956.8,38,FALSE
2024,167700,"HIND, RED",2030.81,11822.11,19,FALSE
2024,167702,"GROUPER, RED",2683884.46,16168838.316,72,FALSE
2024,167703,"GROUPER, MISTY",42.480000000000004,265.5,2,TRUE
2024,167704,"GROUPER, WARSAW",12423.58,58351.35,26,FALSE
2024,167705,"GROUPER, SNOWY",75246.09,460676.55,35,FALSE
2024,167740,"GROUPER, CONEY",0.59,2.5,1,TRUE
2024,167744,"GROUPER, MARBLED",21.240000000000002,114,2,TRUE
2024,167759,"GROUPER, GAG",150973.22,1086041.792,60,FALSE
2024,167760,"GROUPER, BLACK",23594.72,165741.038,37,FALSE
2024,167762,"GROUPER, YELLOWMOUTH",224.18,1410.38,5,FALSE
2024,167763,SCAMP,84976.37,578062.25,69,FALSE
2024,167764,"GROUPER, YELLOWFIN",11.8,75,1,TRUE
2024,167806,"HAMLET, BUTTER",36,275.5,7,FALSE
2024,167852,"BASS, LANTERN",3,35.28,3,FALSE
2024,167859,TOBACCOFISH,2,18,1,TRUE
2024,167860,"BASS, HARLEQUIN",60,767,5,FALSE
2024,167861,"BASS, CHALK",3,24,1,TRUE
2024,168178,BIGEYE,141.32,136.5,3,FALSE
2024,168204,FLAMEFISH,52,231.95,8,FALSE
2024,168541,"TILEFISH, BLACKLINE",17.14,56.84,4,FALSE
2024,168543,"TILEFISH, BLUELINE",55863.04,166887.6,29,FALSE
2024,168544,"TILEFISH, GOLDFACE",108.31,284.4,5,FALSE
2024,168546,"TILEFISH, GOLDEN",227031.46,877707.07,21,FALSE
2024,168548,"TILEFISH, SAND",888.6700000000001,1253.71,12,FALSE
2024,168566,COBIA,16550.87,65934.01,58,FALSE
2024,168602,"POMPANO, AFRICAN",13458.1,72075.16,25,FALSE
2024,168607,"JACK, YELLOW",1233.34,3617.48,17,FALSE
2024,168609,"JACK, CREVALLE",60403.51,57920.83,48,FALSE
2024,168610,"JACK, HORSE-EYE",27.04,53,2,TRUE
2024,168612,"RUNNER, BLUE",24749.79,22696.03,45,FALSE
2024,168613,"JACK, BLACK",47.84,46,1,TRUE
2024,168615,"JACK, BAR",20196.92,27088.19,22,FALSE
2024,168689,"AMBERJACK, GREATER",57505.9,166118.791,52,FALSE
2024,168690,"AMBERJACK, LESSER",535.97,1157.96,8,FALSE
2024,168691,"JACK, ALMACO",27451.63,55566.3535,46,FALSE
2024,168693,"RUDDERFISH, BANDED",7559.75,7431.0806,17,FALSE
2024,168738,"RUNNER, RAINBOW",196.34,323,8,FALSE
2024,168791,DOLPHIN,5033.360000000001,12617.57,31,FALSE
2024,168847,"SNAPPER, CUBERA",2091.53,7366.03,19,FALSE
2024,168848,"SNAPPER, GRAY",102033.31,406034.78,100,FALSE
2024,168849,"SNAPPER, MUTTON",84739.76000000001,337460.7608,50,FALSE
2024,168850,SCHOOLMASTER,40.96,151.55,4,FALSE
2024,168852,"SNAPPER, BLACKFIN",4549.79,22945.43,18,FALSE
2024,168853,"SNAPPER, RED",7900721.48,42677259.3196,100,FALSE
2024,168857,"SNAPPER, DOG",458.45,1875.81,11,FALSE
2024,168858,"SNAPPER, MAHOGANY",2.22,2,1,TRUE
2024,168860,"SNAPPER, LANE",29342.36,110166.4052,74,FALSE
2024,168861,"SNAPPER, SILK",38046.8,188670.4453,35,FALSE
2024,168899,"SNAPPER, BLACK",4534.35,17722,3,FALSE
2024,168902,"SNAPPER, QUEEN",8361.28,43340.89,18,FALSE
2024,168907,"SNAPPER, YELLOWTAIL",228703.5,971516.2927,61,FALSE
2024,168909,"SNAPPER, VERMILION",1125511.33,4113966.2956,88,FALSE
2024,168913,WENCHMAN,73.43,158.75,7,FALSE
2024,169007,TRIPLETAIL,2072,9540.5,23,FALSE
2024,169065,"GRUNT, FRENCH",140,1336.6,3,FALSE
2024,169067,COTTONWICK,17,87.5,3,FALSE
2024,169086,PORKFISH,234,4193.7,9,FALSE
2024,169183,"PORGY, LONGSPINE",74.37,67,1,TRUE
2024,169197,"PORGY, JOLTHEAD",26803.24,42573.085,33,FALSE
2024,169200,"PORGY, WHITEBONE",89.6,173,5,FALSE
2024,169201,"PORGY, KNOBBED",3239.62,6351.6562,21,FALSE
2024,169207,"PORGY, RED",101564.36,202618.385,51,FALSE
2024,169290,"DRUM, RED",36113.68,110743.28,31,FALSE
2024,169314,JACKKNIFE-FISH,60,809.6,3,FALSE
2024,169317,"DRUM, SPOTTED",1,50,1,TRUE
2024,169539,"SPADEFISH, ATLANTIC",3472.79,3744.98,26,FALSE
2024,169556,"BUTTERFLYFISH, SPOTFIN",72,1051.3,5,FALSE
2024,169558,"BUTTERFLYFISH, FOUREYE",93,741.3,8,FALSE
2024,169563,"BUTTERFLYFISH, BANDED",231,2866,4,FALSE
2024,169623,"ANGELFISH, QUEEN",278,11006.4,10,FALSE
2024,169625,"BEAUTY, ROCK",111,2488.5,5,FALSE
2024,169632,"ANGELFISH, GRAY",773,12444.5,13,FALSE
2024,169633,"ANGELFISH, FRENCH",398,10636.8,8,FALSE
2024,170046,"MAJOR, SERGEANT",85,235.75,4,FALSE
2024,170080,"CHROMIS, BLUE",59,458.1,6,FALSE
2024,170082,SUNSHINEFISH,1,8,1,TRUE
2024,170116,"DAMSELFISH, YELLOWTAIL",10,134,3,FALSE
2024,170224,"HAWKFISH, REDSPOTTED",1,35,1,TRUE
2024,170484,"HOGFISH, SPANISH",37,749,7,FALSE
2024,170496,"WRASSE, CREOLE",3,8.4,1,TRUE
2024,170506,"WRASSE, YELLOWHEAD",72,687.3,4,FALSE
2024,170507,"WRASSE, CLOWN",46,317,4,FALSE
2024,170510,PUDDINGWIFE,9,115.5,2,TRUE
2024,170566,HOGFISH,7468.32,53621.8,22,FALSE
2024,170568,BLUEHEAD,184,1176.4,5,FALSE
2024,170811,"PARROTFISH, BLUE",28,811.5,4,FALSE
2024,170812,"PARROTFISH, MIDNIGHT",17,573,4,FALSE
2024,170814,"PARROTFISH, RAINBOW",17,1566,3,FALSE
2024,170815,"PARROTFISH, PRINCESS",37,997.5,4,FALSE
2024,170863,"PARROTFISH, REDBAND",83,1209.8,5,FALSE
2024,170867,"PARROTFISH, STOPLIGHT",76,1361.5,3,FALSE
2024,170928,"JAWFISH, YELLOWHEAD",59,524,4,FALSE
2024,170932,"JAWFISH, DUSKY",61,31.5,2,TRUE
2024,172252,"SURGEON, OCEAN",168,1327,7,FALSE
2024,172253,DOCTORFISH,30,253.5,5,FALSE
2024,172254,"TANG, BLUE",473,6203.7,11,FALSE
2024,172401,"TUNA, SKIPJACK",67.5,69,1,TRUE
2024,172402,"TUNA, LITTLE TUNNY",69471.67,64406.689,43,FALSE
2024,172419,"TUNA, ALBACORE",7945.42,8193,2,TRUE
2024,172421,"TUNA, BLUEFIN",22182.5,79596.5,5,FALSE
2024,172423,"TUNA, YELLOWFIN",494236.02,2342075.82,14,FALSE
2024,172427,"TUNA, BLACKFIN",101116.6,181553.19,35,FALSE
2024,172428,"TUNA, BIGEYE",8172.25,49249.25,6,FALSE
2024,172435,"MACKEREL, KING",1391093.78,4106899.19,52,FALSE
2024,172436,"MACKEREL, SPANISH",405180.63,546380.02,63,FALSE
2024,172437,CERO,62.9,122.05,5,FALSE
2024,172451,WAHOO,14588.36,42316.044,31,FALSE
2024,172482,SWORDFISH,421193.55,1778908.47,12,FALSE
2024,173134,"FILEFISH, SCRAWLED",11,347.5,5,FALSE
2024,173138,"TRIGGERFISH, GRAY",52106.46,158954.8922,62,FALSE
2024,173139,"TRIGGERFISH, QUEEN",25.36,61.1092,3,FALSE
2024,173157,"FILEFISH, WHITESPOTTED",1,30,1,TRUE
2024,173170,"TRIGGERFISH, OCEAN",293.89,661.75,4,FALSE
2024,173174,"DURGON, BLACK",1,80.5,1,TRUE
2024,173238,"TRUNKFISH, SPOTTED",1,1,1,TRUE
2024,173245,"COWFISH, SCRAWLED",358,1218.3,7,FALSE
2024,173246,"COWFISH, HONEYCOMBED",3,45,1,TRUE
2024,173320,"PUFFER, SHARPNOSE",109,561.5,6,FALSE
2024,173391,PORCUPINEFISH,29,362.5,4,FALSE
2024,181220,GRAYSBY,36.64,171.8,7,FALSE
2024,613026,"GRUNT, WHITE",2011.85,5688.68,15,FALSE
2024,614740,"PARROTFISH, STRIPED",14,67,3,FALSE
2024,615345,BEAUGREGORY,106,2767.25,7,FALSE
2024,615416,"DAMSELFISH, BICOLOR",48,268,2,TRUE
2024,615421,"DAMSELFISH, DUSKY",1,2,1,TRUE
2024,615485,"DAMSELFISH, THREESPOT",1,6,1,TRUE
2024,636786,"GOBY,NEON",240,709.55,7,FALSE
2024,646513,HIGH-HAT,136,710.45,9,FALSE
2024,650251,"BARRACUDA, GREAT",8316.35,24451.93,26,FALSE
2025,160189,"SHARK, TIGER",702,61.2,1,TRUE
2025,160200,"SHARK, ATLANTIC SHARPNOSE",81870,68489.6,2,TRUE
2025,160275,"SHARK, BULL",96145.41,55372.96,5,FALSE
2025,160289,"SHARK, SANDBAR",1278,1063.4,1,TRUE
2025,160318,"SHARK, BLACKTIP",293016.15,193090.1,5,FALSE
2025,160401,"SHARK, SPINNER",60678.64,48274.05,3,FALSE
2025,160409,"SHARK, FINETOOTH",93748,103263.8,2,TRUE
2025,160433,"SHARK, LEMON",2419.9,2209.5,2,TRUE
2025,160502,"SHARK, BONNETHEAD",621.5,8573.95,3,FALSE
2025,160505,"SHARK, HAMMERHEAD, SMOOTH",8,1.6,1,TRUE
2025,160515,"SHARK, HAMMERHEAD, GREAT",1640,1138.95,1,TRUE
2025,160951,"STINGRAY, SOUTHERN",19,2130,2,TRUE
2025,161186,"MORAY, GREEN",3,640,1,TRUE
2025,161237,"MORAY, GOLDENTAIL",50,25,1,TRUE
2025,166487,SEAHORSES,462,2973,3,FALSE
2025,166704,SCORPIONFISHES,3265.38,8031.75,15,FALSE
2025,167687,"BASS, BLACK SEA",4619.57,10865.95,6,FALSE
2025,167691,"BASS, ROCK SEA",2532.5,3473.75,4,FALSE
2025,167696,"HIND, ROCK",172.02,777.33,11,FALSE
2025,167698,"HIND, SPECKLED",12195.99,71810.85,28,FALSE
2025,167699,"GROUPER, YELLOWEDGE",279788.4,1871889.98,34,FALSE
2025,167700,"HIND, RED",2642.02,14705.35,10,FALSE
2025,167702,"GROUPER, RED",1399233.11,8673215.118,61,FALSE
2025,167703,"GROUPER, MISTY",67.38,433.65,4,FALSE
2025,167704,"GROUPER, WARSAW",14812.62,68910.22,20,FALSE
2025,167705,"GROUPER, SNOWY",23553.36,150760.8,31,FALSE
2025,167744,"GROUPER, MARBLED",132.16,787.25,3,FALSE
2025,167759,"GROUPER, GAG",104281.04000000001,774304.02,60,FALSE
2025,167760,"GROUPER, BLACK",19959.91,146721.11,30,FALSE
2025,167762,"GROUPER, YELLOWMOUTH",884.53,4928.14,7,FALSE
2025,167763,SCAMP,66458.92,461127.636,69,FALSE
2025,167764,"GROUPER, YELLOWFIN",112.82,419.25,6,FALSE
2025,167806,"HAMLET, BUTTER",63,254.5,9,FALSE
2025,167852,"BASS, LANTERN",11,51.5,2,TRUE
2025,167860,"BASS, HARLEQUIN",42,254,4,FALSE
2025,167861,"BASS, CHALK",12,54,1,TRUE
2025,168178,BIGEYE,340.08,327,1,TRUE
2025,168204,FLAMEFISH,38,183,5,FALSE
2025,168541,"TILEFISH, BLACKLINE",25.75,87.2,2,TRUE
2025,168543,"TILEFISH, BLUELINE",16908.02,51994.340000000004,29,FALSE
2025,168544,"TILEFISH, GOLDFACE",565.28,2309.3,8,FALSE
2025,168546,"TILEFISH, GOLDEN",172765.06,709560.49,16,FALSE
2025,168548,"TILEFISH, SAND",103.16000000000001,152.4,7,FALSE
2025,168566,COBIA,15682.83,55359.45,47,FALSE
2025,168602,"POMPANO, AFRICAN",13741.5,76377.13,18,FALSE
2025,168607,"JACK, YELLOW",492.64,1723.46,11,FALSE
2025,168609,"JACK, CREVALLE",38556.26,34998.44,35,FALSE
2025,168610,"JACK, HORSE-EYE",76.1,79.1,3,FALSE
2025,168612,"RUNNER, BLUE",28036.63,33297.75,38,FALSE
2025,168613,"JACK, BLACK",77.08,63.5,2,TRUE
2025,168615,"JACK, BAR",15682.17,23837.8,24,FALSE
2025,168689,"AMBERJACK, GREATER",78538.56,184232.67,52,FALSE
2025,168690,"AMBERJACK, LESSER",500.94,1172.4,3,FALSE
2025,168691,"JACK, ALMACO",29819.58,64806.036,41,FALSE
2025,168693,"RUDDERFISH, BANDED",4343.68,4331.524,18,FALSE
2025,168738,"RUNNER, RAINBOW",311.44,717.5,9,FALSE
2025,168791,DOLPHIN,2780.6400000000003,6270.33,30,FALSE
2025,168847,"SNAPPER, CUBERA",1731.9,5759.18,13,FALSE
2025,168848,"SNAPPER, GRAY",54708.98,220136.72,84,FALSE
2025,168849,"SNAPPER, MUTTON",77628.6,318489.39,33,FALSE
2025,168850,SCHOOLMASTER,579.4200000000001,2371,2,TRUE
2025,168852,"SNAPPER, BLACKFIN",5060.78,23133.8523,22,FALSE
2025,168853,"SNAPPER, RED",6717342.69,37569920.568,91,FALSE
2025,168857,"SNAPPER, DOG",634.22,1831.78,8,FALSE
2025,168858,"SNAPPER, MAHOGANY",125.41,289,2,TRUE
2025,168860,"SNAPPER, LANE",13387.65,56575.583999999995,64,FALSE
2025,168861,"SNAPPER, SILK",60120.560000000005,311983.5659,33,FALSE
2025,168899,"SNAPPER, BLACK",528.48,1947.6499999999999,4,FALSE
2025,168902,"SNAPPER, QUEEN",13408.78,59363.21,17,FALSE
2025,168907,"SNAPPER, YELLOWTAIL",124921.62,553117.8268,42,FALSE
2025,168909,"SNAPPER, VERMILION",815436.17,3084452.904,78,FALSE
2025,168913,WENCHMAN,1763.4,1955,7,FALSE
2025,169007,TRIPLETAIL,2538.9,10137.5,26,FALSE
2025,169065,"GRUNT, FRENCH",60,720,1,TRUE
2025,169067,COTTONWICK,4,50.93,2,TRUE
2025,169086,PORKFISH,230,2288.6,7,FALSE
2025,169197,"PORGY, JOLTHEAD",6039.77,10725.64,26,FALSE
2025,169200,"PORGY, WHITEBONE",33.04,55.25,2,TRUE
2025,169201,"PORGY, KNOBBED",2624.94,5245.9316,18,FALSE
2025,169207,"PORGY, RED",48647.96,100205.277,48,FALSE
2025,169290,"DRUM, RED",61260.96,207648.31,48,FALSE
2025,169314,JACKKNIFE-FISH,11,242,1,TRUE
2025,169539,"SPADEFISH, ATLANTIC",2594.23,1582.37,13,FALSE
2025,169556,"BUTTERFLYFISH, SPOTFIN",49,583.9,4,FALSE
2025,169558,"BUTTERFLYFISH, FOUREYE",31,242,4,FALSE
2025,169563,"BUTTERFLYFISH, BANDED",2,18,2,TRUE
2025,169623,"ANGELFISH, QUEEN",117,5650.2,7,FALSE
2025,169625,"BEAUTY, ROCK",30,777,2,TRUE
2025,169632,"ANGELFISH, GRAY",633,10963.4,10,FALSE
2025,169633,"ANGELFISH, FRENCH",201,5388.3,10,FALSE
2025,170046,"MAJOR, SERGEANT",43,121,4,FALSE
2025,170080,"CHROMIS, BLUE",9,63,2,TRUE
2025,170116,"DAMSELFISH, YELLOWTAIL",1,2.5,1,TRUE
2025,170484,"HOGFISH, SPANISH",18,282,4,FALSE
2025,170506,"WRASSE, YELLOWHEAD",21,196,2,TRUE
2025,170507,"WRASSE, CLOWN",11,99.5,2,TRUE
2025,170510,PUDDINGWIFE,3,9,1,TRUE
2025,170566,HOGFISH,8573.6,75390.49,14,FALSE
2025,170568,BLUEHEAD,87,408.25,4,FALSE
2025,170811,"PARROTFISH, BLUE",13,479,4,FALSE
2025,170812,"PARROTFISH, MIDNIGHT",17,587.25,3,FALSE
2025,170814,"PARROTFISH, RAINBOW",19,1137,2,TRUE
2025,170815,"PARROTFISH, PRINCESS",19,567,3,FALSE
2025,170863,"PARROTFISH, REDBAND",44,855.5,3,FALSE
2025,170867,"PARROTFISH, STOPLIGHT",46,1275,3,FALSE
2025,170928,"JAWFISH, YELLOWHEAD",34,261.5,3,FALSE
2025,170932,"JAWFISH, DUSKY",144,72,1,TRUE
2025,172252,"SURGEON, OCEAN",41,702.5,4,FALSE
2025,172253,DOCTORFISH,59,431,3,FALSE
2025,172254,"TANG, BLUE",317,4588,5,FALSE
2025,172401,"TUNA, SKIPJACK",272.58,69.30000000000001,1,TRUE
2025,172402,"TUNA, LITTLE TUNNY",11027.78,14186.371000000001,33,FALSE
2025,172419,"TUNA, ALBACORE",7573.02,10082.5,2,TRUE
2025,172421,"TUNA, BLUEFIN",26151.25,110267.3,3,FALSE
2025,172423,"TUNA, YELLOWFIN",399963.87,1952034.94,14,FALSE
2025,172427,"TUNA, BLACKFIN",82281.83,153898.926,29,FALSE
2025,172428,"TUNA, BIGEYE",13219.46,85261.25,6,FALSE
2025,172435,"MACKEREL, KING",717172.91,2229943.32,43,FALSE
2025,172436,"MACKEREL, SPANISH",266634.43,413183.93,54,FALSE
2025,172437,CERO,514.2,834.9,9,FALSE
2025,172451,WAHOO,12292.93,32383.3,29,FALSE
2025,172482,SWORDFISH,292904.11,1304092.94,14,FALSE
2025,173138,"TRIGGERFISH, GRAY",25106.71,77384.045,61,FALSE
2025,173139,"TRIGGERFISH, QUEEN",24.560000000000002,36.5,3,FALSE
2025,173157,"FILEFISH, WHITESPOTTED",1,95,1,TRUE
2025,173170,"TRIGGERFISH, OCEAN",91.75999999999999,196.5,2,TRUE
2025,173245,"COWFISH, SCRAWLED",61,425.1,6,FALSE
2025,173320,"PUFFER, SHARPNOSE",44,215,3,FALSE
2025,173391,PORCUPINEFISH,5,81,2,TRUE
2025,181220,GRAYSBY,59.47,270.97,5,FALSE
2025,613026,"GRUNT, WHITE",1677.1,2826.2,12,FALSE
2025,614740,"PARROTFISH, STRIPED",4,8,1,TRUE
2025,615345,BEAUGREGORY,20,111,3,FALSE
2025,615416,"DAMSELFISH, BICOLOR",11,65,2,TRUE
2025,636786,"GOBY,NEON",32,91.5,5,FALSE
2025,646513,HIGH-HAT,137,664.2,11,FALSE
2025,650251,"BARRACUDA, GREAT",6182.97,12161.23,22,FALSE
