"Yr","Bio_Area1"
2000,2.9521405034
2001,2.9818808272
2002,2.9037490944
2003,2.931372983
2004,2.7429661578
2005,2.6095205092
2006,2.6649226098
2007,3.0928173056
2008,3.4683302302
2009,3.8065850768
2010,4.052752946
2011,4.0704780908
2012,4.2347663732
2013,4.2945777138
2014,4.1281729962
2015,4.0969996694
2016,3.9941761926
