"Yr","Bio_Area1"
2000,61.244564062
2001,58.502237244
2002,53.690654094
2003,58.264138284
2004,64.378431392
2005,69.47749699
2006,75.440553166
2007,78.205146646
2008,80.651392998
2009,81.934261376
2010,80.55461018
2011,77.253412192
2012,71.849447648
2013,63.889226214
2014,62.496126836
2015,60.356543126
2016,61.79439629
2017,65.093389658
