LAND_YEAR,SPECIES_ITIS,COMMON_NAME,FLAG_FMP_SPP,TOTAL_LIVE_POUNDS,TOTAL_DOLLARS,RECORD_COUNT,annual_deflator,TOTAL_DOLLARS_2024,total_mil_lbs,total_mil_dollars_2024
1972,168853,"SNAPPER, RED",1,7903707,4342728,1102,22.1225,24621715.325121485,7.903707,24.621715325121485
1972,172436,"MACKEREL, SPANISH",1,7222350,893602,425,22.1225,5066403.895882774,7.22235,5.066403895882774
1972,169290,"DRUM, RED",1,3332306,733901,797,22.1225,4160956.315666554,3.332306,4.160956315666554
1972,168907,"SNAPPER, YELLOWTAIL",1,865500,442853,9,22.1225,2510818.1992692207,0.8655,2.5108181992692207
1972,168848,"SNAPPER, GRAY",1,529500,164108,71,22.1225,930433.6948054394,0.5295,0.9304336948054395
1972,168849,"SNAPPER, MUTTON",1,238100,101620,18,22.1225,576149.0729649302,0.2381,0.5761490729649302
1972,168909,"SNAPPER, VERMILION",1,117400,52997,43,22.1225,300474.0446754813,0.1174,0.3004740446754813
1972,168566,COBIA,1,117175,9931,135,22.1225,56305.219874185415,0.117175,0.056305219874185415
1972,170566,HOGFISH,1,19500,4557,10,22.1225,25836.560967340945,0.0195,0.025836560967340945
1972,168860,"SNAPPER, LANE",1,14600,3583,14,22.1225,20314.329152069917,0.0146,0.020314329152069918
1972,168546,"TILEFISH, GOLDEN",1,10200,2227,5,22.1225,12626.293893848648,0.0102,0.012626293893848648
1973,168853,"SNAPPER, RED",1,7712788,4656717,1115,23.3475,25016660.92386765,7.712788,25.01666092386765
1973,172436,"MACKEREL, SPANISH",1,6457577,1025897,513,23.3475,5511289.904843487,6.457577,5.511289904843487
1973,169290,"DRUM, RED",1,4073059,995626,886,23.3475,5348669.040653888,4.073059,5.348669040653888
1973,168907,"SNAPPER, YELLOWTAIL",1,835500,508089,16,23.3475,2729538.907377663,0.8355,2.729538907377663
1973,168848,"SNAPPER, GRAY",1,557500,185424,93,23.3475,996128.6750187385,0.5575,0.9961286750187385
1973,168849,"SNAPPER, MUTTON",1,258800,117461,21,23.3475,631020.09608452,0.2588,0.63102009608452
1973,168909,"SNAPPER, VERMILION",1,176700,103731,52,23.3475,557260.2445657993,0.1767,0.5572602445657993
1973,168566,COBIA,1,112690,11466,151,23.3475,61597.26566013491,0.11269,0.06159726566013491
1973,168860,"SNAPPER, LANE",1,24900,8080,12,23.3475,43407.108541242815,0.0249,0.043407108541242814
1973,170566,HOGFISH,1,14500,4171,9,23.3475,22407.308134347,0.0145,0.022407308134347
1973,168546,"TILEFISH, GOLDEN",1,12600,3989,8,23.3475,21429.573758789305,0.0126,0.021429573758789306
1974,172436,"MACKEREL, SPANISH",1,8554436,1479971,432,25.451666666666668,7293346.707877676,8.554436,7.293346707877676
1974,168853,"SNAPPER, RED",1,8108647,5429421,1004,25.451666666666668,26756368.723462768,8.108647,26.756368723462767
1974,169290,"DRUM, RED",1,4756855,1197380,868,25.451666666666668,5900728.785279287,4.756855,5.900728785279287
1974,168907,"SNAPPER, YELLOWTAIL",1,937900,577335,17,25.451666666666668,2845126.236657717,0.9379,2.8451262366577166
1974,168848,"SNAPPER, GRAY",1,587000,205541,83,25.451666666666668,1012912.939296706,0.587,1.012912939296706
1974,168849,"SNAPPER, MUTTON",1,257000,119378,19,25.451666666666668,588298.7864579922,0.257,0.5882987864579922
1974,168909,"SNAPPER, VERMILION",1,177900,106474,52,25.451666666666668,524707.4418178246,0.1779,0.5247074418178246
1974,168566,COBIA,1,132795,14569,133,25.451666666666668,71796.52046362385,0.132795,0.07179652046362385
1974,168860,"SNAPPER, LANE",1,19000,7362,14,25.451666666666668,36280.18283020103,0.019,0.036280182830201034
1974,168546,"TILEFISH, GOLDEN",1,15000,4908,6,25.451666666666668,24186.78855346735,0.015,0.024186788553467353
1974,170566,HOGFISH,1,12100,3492,8,25.451666666666668,17208.69307838386,0.0121,0.017208693078383863
1975,168853,"SNAPPER, RED",1,7322106,5359059,910,27.785,24191790.780637033,7.322106,24.19179078063703
1975,172436,"MACKEREL, SPANISH",1,6137798,1040267,416,27.785,4695959.05176654,6.137798,4.69595905176654
1975,169290,"DRUM, RED",1,4386827,1327145,882,27.785,5990979.792453961,4.386827,5.990979792453961
1975,168907,"SNAPPER, YELLOWTAIL",1,675400,456254,15,27.785,2059615.5613940374,0.6754,2.0596155613940375
1975,168848,"SNAPPER, GRAY",1,484500,167106,72,27.785,754347.6177793773,0.4845,0.7543476177793773
1975,168909,"SNAPPER, VERMILION",1,352800,215696,47,27.785,973691.9306580288,0.3528,0.9736919306580288
1975,168849,"SNAPPER, MUTTON",1,259500,134053,17,27.785,605140.2176234178,0.2595,0.6051402176234179
1975,168566,COBIA,1,119131,18389,111,27.785,83011.37208325835,0.119131,0.08301137208325834
1975,168546,"TILEFISH, GOLDEN",1,32400,9170,6,27.785,41395.088476995974,0.0324,0.041395088476995974
1975,168860,"SNAPPER, LANE",1,25600,11560,10,27.785,52183.993761621976,0.0256,0.05218399376162198
1975,170566,HOGFISH,1,18200,5430,8,27.785,24512.031671765337,0.0182,0.024512031671765338
1976,172436,"MACKEREL, SPANISH",1,8341264,1466292,389,29.330833333333334,6270265.690371338,8.341264,6.270265690371338
1976,168853,"SNAPPER, RED",1,6543432,5552023,814,29.330833333333334,23741969.08191039,6.543432,23.74196908191039
1976,169290,"DRUM, RED",1,5308362,1746619,743,29.330833333333334,7469020.624712334,5.308362,7.469020624712334
1976,168907,"SNAPPER, YELLOWTAIL",1,922300,704120,14,29.330833333333334,3011009.7292382875,0.9223,3.0110097292382876
1976,168848,"SNAPPER, GRAY",1,598300,209624,75,29.330833333333334,896409.5658152683,0.5983,0.8964095658152683
1976,168909,"SNAPPER, VERMILION",1,280400,193544,48,29.330833333333334,827647.0871949315,0.2804,0.8276470871949314
1976,168849,"SNAPPER, MUTTON",1,236700,143336,25,29.330833333333334,612943.9449953121,0.2367,0.6129439449953121
1976,168566,COBIA,1,136884,26617,104,29.330833333333334,113821.57297496946,0.136884,0.11382157297496946
1976,168546,"TILEFISH, GOLDEN",1,53300,15839,14,29.330833333333334,67731.89669574112,0.0533,0.06773189669574112
1976,168860,"SNAPPER, LANE",1,47500,20663,18,29.330833333333334,88360.6402818422,0.0475,0.0883606402818422
1976,170566,HOGFISH,1,15700,5655,10,29.330833333333334,24182.32690286104,0.0157,0.02418232690286104
1977,168853,"SNAPPER, RED",1,5214909,4939742,4367,31.144166666666667,19893785.56455195,5.214909,19.89378556455195
1977,169290,"DRUM, RED",1,3460298,1288780,5395,31.144166666666667,5190293.9384047305,3.460298,5.19029393840473
1977,172436,"MACKEREL, SPANISH",1,2636377,498866,3848,31.144166666666667,2009079.2655660503,2.636377,2.0090792655660503
1977,168907,"SNAPPER, YELLOWTAIL",1,762341.9999999999,669076,904,31.144166666666667,2694564.7101383354,0.7623419999999999,2.6945647101383354
1977,168848,"SNAPPER, GRAY",1,625370,274549.9999999999,3780,31.144166666666667,1105693.1367564814,0.62537,1.1056931367564813
1977,168909,"SNAPPER, VERMILION",1,479316.9999999999,416850.9999999999,1696,31.144166666666667,1678780.8768897327,0.4793169999999999,1.6787808768897328
1977,168849,"SNAPPER, MUTTON",1,189339,133841,1312,31.144166666666667,539016.8461723705,0.189339,0.5390168461723704
1977,168566,COBIA,1,102309,24376,753,31.144166666666667,98169.28028255692,0.102309,0.09816928028255692
1977,168546,"TILEFISH, GOLDEN",1,97145,34805,307,31.144166666666667,140169.91303882483,0.097145,0.14016991303882484
1977,170566,HOGFISH,1,32852,9717,734,31.144166666666667,39133.20054584861,0.032852,0.03913320054584861
1977,168860,"SNAPPER, LANE",1,14967,5859,793,31.144166666666667,23595.906349503653,0.014967,0.023595906349503655
1978,168853,"SNAPPER, RED",1,4650570,5166691,4866,33.333333333333336,19441224.894799996,4.65057,19.441224894799998
1978,169290,"DRUM, RED",1,3760070.52626552,1654584.76313276,6751,33.333333333333336,6225871.546715949,3.7600705262655203,6.225871546715949
1978,172436,"MACKEREL, SPANISH",1,1704939,355946.9999999999,4120,33.333333333333336,1339357.3715999995,1.704939,1.3393573715999996
1978,168907,"SNAPPER, YELLOWTAIL",1,830452.9999999999,825526.9999999999,905,33.333333333333336,3106292.995599999,0.8304529999999999,3.106292995599999
1978,168848,"SNAPPER, GRAY",1,666160,353837,3916,33.333333333333336,1331417.8635999998,0.66616,1.3314178635999998
1978,168909,"SNAPPER, VERMILION",1,405745,381923,2043,33.333333333333336,1437099.8643999998,0.405745,1.4370998644
1978,168849,"SNAPPER, MUTTON",1,223279,182857.99999999988,1404,33.333333333333336,688058.0823999995,0.223279,0.6880580823999994
1978,168566,COBIA,1,104279,30673,813,33.333333333333336,115416.36439999998,0.104279,0.11541636439999997
1978,168546,"TILEFISH, GOLDEN",1,81886,30970,354,33.333333333333336,116533.91599999998,0.081886,0.11653391599999999
1978,170566,HOGFISH,1,37472,19690,911,33.333333333333336,74089.53199999999,0.037472,0.07408953199999999
1978,168860,"SNAPPER, LANE",1,16878,7494,972,33.333333333333336,28198.423199999997,0.016878,0.028198423199999996
1979,168853,"SNAPPER, RED",1,4501981,6145591,4381,36.11,21346468.95116773,4.501981,21.34646895116773
1979,169290,"DRUM, RED",1,2770770,1519999,6652,36.11,5279656.823779194,2.77077,5.279656823779193
1979,172436,"MACKEREL, SPANISH",1,2121969,537500,3327,36.11,1866985.1380042464,2.121969,1.8669851380042464
1979,168907,"SNAPPER, YELLOWTAIL",1,731598,860557.9999999999,1568,36.11,2989114.4118895964,0.731598,2.9891144118895965
1979,168848,"SNAPPER, GRAY",1,673256.9999999999,449233.9999999999,5556,36.11,1560396.6539278128,0.6732569999999999,1.560396653927813
1979,168909,"SNAPPER, VERMILION",1,395693,380347,1909,36.11,1321120.365180467,0.395693,1.321120365180467
1979,168849,"SNAPPER, MUTTON",1,217639,219384.99999999988,1738,36.11,762025.1804670909,0.217639,0.7620251804670909
1979,168566,COBIA,1,93814,28121,1162,36.11,97677.1889596603,0.093814,0.0976771889596603
1979,168546,"TILEFISH, GOLDEN",1,76671,38238,480,36.11,132818.19108280254,0.076671,0.13281819108280254
1979,170566,HOGFISH,1,48094,32197,1150,36.11,111835.01486199576,0.048094,0.11183501486199576
1979,168860,"SNAPPER, LANE",1,34590,26831,1118,36.11,93196.42462845011,0.03459,0.09319642462845011
1980,168853,"SNAPPER, RED",1,4509824,7136973,6098,39.37916666666666,22731987.729891017,4.509824,22.731987729891017
1980,169290,"DRUM, RED",1,2728799,1805315,4211,39.37916666666666,5750112.607766374,2.728799,5.750112607766374
1980,172436,"MACKEREL, SPANISH",1,1951963,521723.9999999999,3482,39.37916666666666,1661744.210940641,1.951963,1.6617442109406408
1980,168848,"SNAPPER, GRAY",1,706060.9999999999,547050,4965,39.37916666666666,1742410.1068669984,0.7060609999999999,1.7424101068669984
1980,168907,"SNAPPER, YELLOWTAIL",1,625859.5963080613,841158.3516080768,1136,39.37916666666666,2679175.2368476326,0.6258595963080613,2.6791752368476325
1980,168909,"SNAPPER, VERMILION",1,278718,329221,1846,39.37916666666666,1048602.5003068459,0.278718,1.048602500306846
1980,168849,"SNAPPER, MUTTON",1,201668,238707,1974,39.37916666666666,760306.1683208126,0.201668,0.7603061683208127
1980,168566,COBIA,1,99583,36173,1011,39.37916666666666,115214.69846577082,0.099583,0.11521469846577083
1980,168546,"TILEFISH, GOLDEN",1,66400,41417,529,39.37916666666666,131917.37390752303,0.0664,0.13191737390752303
1980,170566,HOGFISH,1,46650,37052,1235,39.37916666666666,118014.40321659084,0.04665,0.11801440321659085
1980,168860,"SNAPPER, LANE",1,25640,18836,631,39.37916666666666,59994.58326103058,0.02564,0.05999458326103058
1981,168853,"SNAPPER, RED",1,5325362.093999321,9087454.102348687,7165,43.08416666666667,26455404.96030455,5.3253620939993205,26.455404960304552
1981,172436,"MACKEREL, SPANISH",1,3709067,1172802,3165,43.08416666666667,3414262.289394789,3.709067,3.414262289394789
1981,169290,"DRUM, RED",1,2747934,1883315,5045,43.08416666666667,5482708.4056401225,2.747934,5.482708405640122
1981,168848,"SNAPPER, GRAY",1,592447,476408.5277096246,4670,43.08416666666667,1386920.95554498,0.592447,1.38692095554498
1981,168546,"TILEFISH, GOLDEN",1,451320.9999999999,267789,1017,43.08416666666667,779587.5895630645,0.45132099999999986,0.7795875895630645
1981,168907,"SNAPPER, YELLOWTAIL",1,364743,520549.4515806553,996,43.08416666666667,1515424.0547824528,0.364743,1.5154240547824527
1981,168909,"SNAPPER, VERMILION",1,326004,374349.8255533891,2804,43.08416666666667,1089807.5654956712,0.326004,1.0898075654956711
1981,168849,"SNAPPER, MUTTON",1,128123,162467.9249692327,1619,43.08416666666667,472976.77652210114,0.128123,0.47297677652210113
1981,168566,COBIA,1,118118,53139,909,43.08416666666667,154698.30695731222,0.118118,0.1546983069573122
1981,168860,"SNAPPER, LANE",1,31371,35281.1091964382,686,43.08416666666667,102710.39839411822,0.031371,0.10271039839411822
1981,170566,HOGFISH,1,17053,14218.4985650794,628,43.08416666666667,41392.906443342115,0.017053,0.04139290644334211
1982,168853,"SNAPPER, RED",1,5951850.91871737,10307433.56959161,7329,45.7525,28256970.319042172,5.95185091871737,28.25697031904217
1982,172436,"MACKEREL, SPANISH",1,3455591,1100457,3586,45.7525,3016811.175782744,3.455591,3.016811175782744
1982,169290,"DRUM, RED",1,2425176,1525695,5139,45.7525,4182565.722091689,2.425176,4.182565722091689
1982,168848,"SNAPPER, GRAY",1,639637.9999999999,598225.5897090752,5200,45.7525,1639985.6102269879,0.6396379999999999,1.6399856102269879
1982,168907,"SNAPPER, YELLOWTAIL",1,496147.9999999999,692180.444398796,798,45.7525,1897555.0160710993,0.49614799999999987,1.8975550160710992
1982,168546,"TILEFISH, GOLDEN",1,399229,268295.9999999999,1263,45.7525,735511.1296650453,0.399229,0.7355111296650453
1982,168909,"SNAPPER, VERMILION",1,358294.9999999999,422741.1862182116,2568,45.7525,1158909.7393598794,0.35829499999999986,1.1589097393598795
1982,168849,"SNAPPER, MUTTON",1,169177,234544.2454722162,1613,45.7525,642983.5068122726,0.169177,0.6429835068122726
1982,168566,COBIA,1,110367,56359,1130,45.7525,154503.50268655628,0.110367,0.15450350268655627
1982,168860,"SNAPPER, LANE",1,29383,23315.362880834105,905,45.7525,63917.12470939844,0.029383,0.06391712470939845
1982,170566,HOGFISH,1,15862,13177.4842815519,1255,45.7525,36124.97521419485,0.015862,0.036124975214194846
1983,168853,"SNAPPER, RED",1,6840033.7712911805,11974013.16591775,7917,47.54416666666667,31588745.020044737,6.84003377129118,31.588745020044737
1983,169290,"DRUM, RED",1,3127031,1980553,5041,47.54416666666667,5224913.556447513,3.127031,5.224913556447514
1983,172436,"MACKEREL, SPANISH",1,2265989,711230,3545,47.54416666666667,1876301.855467723,2.265989,1.8763018554677229
1983,168848,"SNAPPER, GRAY",1,676812.9999999999,668850.8397955507,6342,47.54416666666667,1764501.035866789,0.6768129999999999,1.764501035866789
1983,168909,"SNAPPER, VERMILION",1,514835,643136.8544834005,2995,47.54416666666667,1696664.7545616457,0.514835,1.6966647545616458
1983,168907,"SNAPPER, YELLOWTAIL",1,426720.5264088168,605880.5590703001,903,47.54416666666667,1598378.607729462,0.4267205264088168,1.598378607729462
1983,168546,"TILEFISH, GOLDEN",1,288613.9999999999,225569,1028,47.54416666666667,595075.4794314059,0.28861399999999987,0.5950754794314059
1983,168849,"SNAPPER, MUTTON",1,181442,250408.55116159792,1815,47.54416666666667,660604.9086364332,0.181442,0.6606049086364332
1983,168566,COBIA,1,132451,75213,1317,47.54416666666667,198420.0490070636,0.132451,0.1984200490070636
1983,168860,"SNAPPER, LANE",1,22312,18924.9886339767,586,47.54416666666667,49926.17196776858,0.022312,0.049926171967768586
1983,170566,HOGFISH,1,18959,10871.4414989758,702,47.54416666666667,28680.041415768595,0.018959,0.028680041415768597
1984,168853,"SNAPPER, RED",1,5382877,9927187.11549038,7768,49.263333333333335,25275065.754223697,5.382877,25.275065754223697
1984,169290,"DRUM, RED",1,4334193,2827071,4880,49.263333333333335,7197850.1649637995,4.334193,7.1978501649638
1984,172436,"MACKEREL, SPANISH",1,3505715,1036030.98212596,2787,49.263333333333335,2637781.5681328657,3.505715,2.6377815681328656
1984,168909,"SNAPPER, VERMILION",1,1369370.87320353,1969532.94439235,3479,49.263333333333335,5014519.631341454,1.36937087320353,5.014519631341454
1984,168907,"SNAPPER, YELLOWTAIL",1,541045.9999999999,879213.353530454,889,49.263333333333335,2238516.8189081755,0.5410459999999999,2.2385168189081757
1984,168848,"SNAPPER, GRAY",1,486876.9999999999,629524.6405377386,5447,49.263333333333335,1602798.1036710215,0.4868769999999999,1.6027981036710215
1984,168546,"TILEFISH, GOLDEN",1,320633,269192.05419152096,1378,49.263333333333335,685375.1008267509,0.320633,0.6853751008267509
1984,168849,"SNAPPER, MUTTON",1,126062,190567.1353748204,1922,49.263333333333335,485192.51437064365,0.126062,0.48519251437064365
1984,168566,COBIA,1,92687.27442031272,60674.8570909919,1756,49.263333333333335,154480.92040191105,0.09268727442031273,0.15448092040191105
1984,168860,"SNAPPER, LANE",1,36996,32320.9406332454,1722,49.263333333333335,82290.57136123945,0.036996,0.08229057136123945
1984,167763,SCAMP,1,14669,14328,14,49.263333333333335,36479.73367616212,0.014669,0.03647973367616212
1984,170566,HOGFISH,1,12562.0709975537,11275.4551184349,1006,49.263333333333335,28707.81684799164,0.0125620709975537,0.02870781684799164
1984,168861,"SNAPPER, SILK",1,3788,2633,5,49.263333333333335,6703.736653359497,0.003788,0.006703736653359497
1985,169290,"DRUM, RED",1,6342733,4021262,5063,50.81333333333333,9926006.726318551,6.342733,9.926006726318551
1985,168853,"SNAPPER, RED",1,4007988,8183620.06593407,6961,50.81333333333333,20200292.30129672,4.007988,20.20029230129672
1985,172436,"MACKEREL, SPANISH",1,2056695,673662.0022785567,2685,50.81333333333333,1662854.4884372558,2.056695,1.6628544884372558
1985,168909,"SNAPPER, VERMILION",1,1395789,2196739.78968903,3259,50.81333333333333,5422390.764000185,1.395789,5.422390764000185
1985,168907,"SNAPPER, YELLOWTAIL",1,435833.9999999999,724642.3492168472,1329,50.81333333333333,1788693.4083135347,0.4358339999999999,1.7886934083135346
1985,168848,"SNAPPER, GRAY",1,385172,509915.449485483,5773,50.81333333333333,1258665.6083206346,0.385172,1.2586656083206347
1985,168546,"TILEFISH, GOLDEN",1,303867.9999999999,265877.7600634892,1275,50.81333333333333,656287.6118911684,0.30386799999999986,0.6562876118911684
1985,167699,"GROUPER, YELLOWEDGE",1,178374,242457,16,50.81333333333333,598476.2526895828,0.178374,0.5984762526895827
1985,168849,"SNAPPER, MUTTON",1,148017,223999.460135964,2229,50.81333333333333,552916.0119388647,0.148017,0.5529160119388647
1985,168566,COBIA,1,96518,75623.4666884656,1620,50.81333333333333,186667.52850653263,0.096518,0.18666752850653262
1985,168860,"SNAPPER, LANE",1,47992,44429.91108417811,1983,50.81333333333333,109669.94845679964,0.047992,0.10966994845679964
1985,167763,SCAMP,1,31737,35022,49,50.81333333333333,86447.63946470742,0.031737,0.08644763946470742
1985,170566,HOGFISH,1,20580,18357.5133148909,1081,50.81333333333333,45313.33711707654,0.02058,0.04531333711707654
1985,168852,"SNAPPER, BLACKFIN",1,2676,3271,8,50.81333333333333,8074.074258724743,0.002676,0.008074074258724744
1986,169290,"DRUM, RED",1,14131589.48,8605672.62,40160,51.84916666666667,20817708.374956843,14.13158948,20.817708374956844
1986,167702,"GROUPER, RED",1,7417101.56241062,1973994.42231292,75433,51.84916666666667,4775226.996434565,7.41710156241062,4.775226996434565
1986,168853,"SNAPPER, RED",1,3770840.0196682,5492192.6624424,30458,51.84916666666667,13285988.235258209,3.7708400196682,13.285988235258209
1986,172436,"MACKEREL, SPANISH",1,3096833.35216342,185149.0507769308,29940,51.84916666666667,447888.1680923416,3.09683335216342,0.4478881680923416
1986,168909,"SNAPPER, VERMILION",1,1760743.82044874,1198994.03861893,4879,51.84916666666667,2900448.267259396,1.76074382044874,2.9004482672593963
1986,172435,"MACKEREL, KING",1,1687404.16,111427,2832,51.84916666666667,269549.5045564859,1.6874041599999998,0.2695495045564859
1986,167699,"GROUPER, YELLOWEDGE",1,1113313.9643235,858679.7201932857,1058,51.84916666666667,2077204.7452664268,1.1133139643235,2.077204745266427
1986,168689,"AMBERJACK, GREATER",1,911609.92,26537.98,4327,51.84916666666667,64197.18166090743,0.9116099200000001,0.06419718166090743
1986,167759,"GROUPER, GAG",1,873394.1905063292,275246.657278481,13770,51.84916666666667,665840.4165978034,0.8733941905063292,0.6658404165978034
1986,168907,"SNAPPER, YELLOWTAIL",1,521025.1007159008,115823.2426873446,28502,51.84916666666667,280184.31513456674,0.5210251007159008,0.28018431513456676
1986,168848,"SNAPPER, GRAY",1,447569.8378051226,129513.652949597,108692,51.84916666666667,313302.35029090376,0.4475698378051226,0.31330235029090375
1986,167763,SCAMP,1,387411.53641544114,201141.0342003676,14271,51.84916666666667,486573.86553248565,0.3874115364154411,0.48657386553248566
1986,168546,"TILEFISH, GOLDEN",1,291687.8414558515,96318.0696947022,1599,51.84916666666667,232999.9727718063,0.2916878414558515,0.23299997277180629
1986,168849,"SNAPPER, MUTTON",1,175577.725771933,65183.4799104209,25270,51.84916666666667,157683.27887425496,0.175577725771933,0.15768327887425496
1986,168566,COBIA,1,135842.19546468862,53961.6420787883,7026,51.84916666666667,130536.8886122018,0.13584219546468862,0.1305368886122018
1986,168543,"TILEFISH, BLUELINE",1,109632.32,15766.8,991,51.84916666666667,38140.963397033054,0.10963232,0.03814096339703305
1986,168860,"SNAPPER, LANE",1,59215.548778421806,14935.388534700502,18290,51.84916666666667,36129.72241814947,0.059215548778421806,0.03612972241814947
1986,170566,HOGFISH,1,24603.0374410514,3822.479635356268,13709,51.84916666666667,9246.83866466421,0.0246030374410514,0.00924683866466421
1986,168861,"SNAPPER, SILK",1,19008.198602648496,3444.0372490706313,298,51.84916666666667,8331.360748840689,0.019008198602648494,0.008331360748840689
1986,168902,"SNAPPER, QUEEN",1,17561,25377,26,51.84916666666667,61388.69194297561,0.017561,0.06138869194297561
1986,168852,"SNAPPER, BLACKFIN",1,5840,6139,21,51.84916666666667,14850.659251996976,0.00584,0.014850659251996976
1987,167702,"GROUPER, RED",1,7816176.69979405,2087724.47360604,108078,53.130833333333335,4928519.001386393,7.816176699794051,4.928519001386393
1987,169290,"DRUM, RED",1,4890597.92,5227889.83,18264,53.130833333333335,12341549.22742538,4.89059792,12.34154922742538
1987,168853,"SNAPPER, RED",1,3069025.02168848,5094009.90193425,29454,53.130833333333335,12025497.096160859,3.06902502168848,12.025497096160858
1987,172436,"MACKEREL, SPANISH",1,2844990.66157473,203418.4106786746,42009,53.130833333333335,480212.55435589305,2.8449906615747302,0.48021255435589305
1987,168689,"AMBERJACK, GREATER",1,1666472.08,64135.04,6489,53.130833333333335,151404.44406857286,1.6664720800000001,0.15140444406857287
1987,168909,"SNAPPER, VERMILION",1,1606477.19,1474322.14,4400,53.130833333333335,3480451.9336806936,1.6064771899999999,3.4804519336806936
1987,168907,"SNAPPER, YELLOWTAIL",1,1112633.22,450121,22338,53.130833333333335,1062606.6463603997,1.11263322,1.0626066463603996
1987,167699,"GROUPER, YELLOWEDGE",1,1093913.0583144,843302.964149288,3213,53.130833333333335,1990796.5515949249,1.0939130583144001,1.9907965515949249
1987,167759,"GROUPER, GAG",1,785260.3700686947,436331.85667320905,11782,53.130833333333335,1030054.431852158,0.7852603700686946,1.030054431852158
1987,172435,"MACKEREL, KING",1,516615.84,55156.91,3575,53.130833333333335,130209.65286823407,0.51661584,0.13020965286823408
1987,168848,"SNAPPER, GRAY",1,482831.2495969991,181102.07280563185,158781,53.130833333333335,427530.07798549585,0.4828312495969991,0.42753007798549586
1987,168546,"TILEFISH, GOLDEN",1,463955.1529881632,317439.9179546614,1582,53.130833333333335,749384.6468810013,0.4639551529881632,0.7493846468810013
1987,167763,SCAMP,1,361704.8160747663,216697.2962616822,16475,53.130833333333335,511560.1966048953,0.3617048160747663,0.5115601966048953
1987,168849,"SNAPPER, MUTTON",1,260099.7151126927,111881.0127323052,40510,53.130833333333335,264118.998515688,0.2600997151126927,0.264118998515688
1987,168543,"TILEFISH, BLUELINE",1,194542.88,36652.09,1256,53.130833333333335,86525.0775613658,0.19454288,0.0865250775613658
1987,168566,COBIA,1,149134.8324520979,61327.933771339,10607,53.130833333333335,144777.67096619625,0.1491348324520979,0.14477767096619626
1987,168860,"SNAPPER, LANE",1,52470.7753366991,12537.294689374,22771,53.130833333333335,29596.95873844534,0.0524707753366991,0.02959695873844534
1987,168902,"SNAPPER, QUEEN",1,39190,51113,59,53.130833333333335,120663.14061201122,0.03919,0.12066314061201122
1987,168861,"SNAPPER, SILK",1,37129.608421052595,4034.676837363679,701,53.130833333333335,9524.715406077483,0.0371296084210526,0.009524715406077482
1987,170566,HOGFISH,1,30584.496,9377.2938,18059,53.130833333333335,22137.10250522452,0.030584496,0.02213710250522452
1988,167702,"GROUPER, RED",1,5437452.010257101,6941802.95282977,136900,55.004999999999995,15829237.433510806,5.4374520102571005,15.829237433510807
1988,168853,"SNAPPER, RED",1,3977900.10360382,8746465.08655529,32590,55.004999999999995,19944367.983328935,3.9779001036038197,19.944367983328934
1988,172436,"MACKEREL, SPANISH",1,2314938,1031412.43,29968,55.004999999999995,2351906.6094621704,2.314938,2.3519066094621706
1988,168689,"AMBERJACK, GREATER",1,1904743.68,838653.14,6501,55.004999999999995,1912361.927819895,1.90474368,1.9123619278198951
1988,167699,"GROUPER, YELLOWEDGE",1,1579578.2010831,2538684.11840336,5299,55.004999999999995,5788904.403071335,1.5795782010830999,5.788904403071335
1988,168909,"SNAPPER, VERMILION",1,1556011.07830012,2144794.8438692796,7098,55.004999999999995,4890727.5329584135,1.55601107830012,4.8907275329584134
1988,168546,"TILEFISH, GOLDEN",1,866311.664,980026.2815,2173,55.004999999999995,2234731.92862964,0.866311664,2.23473192862964
1988,167759,"GROUPER, GAG",1,649613.4326735218,1206108.6540874,12515,55.004999999999995,2750262.487410277,0.6496134326735218,2.7502624874102772
1988,168907,"SNAPPER, YELLOWTAIL",1,617787.6072033218,1085777.20492885,41941,55.004999999999995,2475873.38527181,0.6177876072033217,2.47587338527181
1988,172435,"MACKEREL, KING",1,552017.4400000001,543911.74,1359,55.004999999999995,1240269.7301893767,0.5520174400000001,1.2402697301893768
1988,168848,"SNAPPER, GRAY",1,318985.6788036276,429213.35552260146,150916,55.004999999999995,978725.5789839983,0.3189856788036276,0.9787255789839983
1988,169290,"DRUM, RED",1,291839.52,389612.77,261,55.004999999999995,888425.2528291368,0.29183952,0.8884252528291368
1988,167763,SCAMP,1,276580.6373985086,551099.0078956089,15196,55.004999999999995,1256658.6958213479,0.27658063739850863,1.256658695821348
1988,168849,"SNAPPER, MUTTON",1,206111.17271297151,337566.0705366299,39782,55.004999999999995,769744.3324638554,0.20611117271297152,0.7697443324638554
1988,168543,"TILEFISH, BLUELINE",1,203356.68,162103.35,1305,55.004999999999995,369640.6298700118,0.20335667999999998,0.36964062987001184
1988,168566,COBIA,1,143301.82243583762,149151.29907139522,10031,55.004999999999995,340106.3589042487,0.1433018224358376,0.3401063589042487
1988,168861,"SNAPPER, SILK",1,94727.6484012132,148534.684237435,1007,55.004999999999995,338700.305941048,0.0947276484012132,0.338700305941048
1988,168860,"SNAPPER, LANE",1,58120.5097480702,53449.2678040631,29775,55.004999999999995,121879.1654656417,0.058120509748070204,0.12187916546564169
1988,170566,HOGFISH,1,29977.7993432049,35490.02019531251,17020,55.004999999999995,80927.09631907518,0.0299777993432049,0.08092709631907517
1988,168902,"SNAPPER, QUEEN",1,19641,26559,33,55.004999999999995,60561.89146441233,0.019641,0.06056189146441233
1989,167702,"GROUPER, RED",1,8788832.39309399,10717592.0278616,133771,57.1625,23516673.39161025,8.78883239309399,23.51667339161025
1989,172436,"MACKEREL, SPANISH",1,3118539,1160027.87,20938,57.1625,2545347.5438361396,3.118539,2.5453475438361397
1989,168853,"SNAPPER, RED",1,3100985.0584929097,6662190.06192671,30866,57.1625,14618260.086022494,3.1009850584929097,14.618260086022495
1989,168689,"AMBERJACK, GREATER",1,2145034.32,1114071.76,6949,57.1625,2444510.0771356514,2.1450343199999997,2.4445100771356514
1989,168909,"SNAPPER, VERMILION",1,1661581.15592765,2067344.85778875,13120,57.1625,4536193.734754724,1.6615811559276499,4.5361937347547245
1989,168907,"SNAPPER, YELLOWTAIL",1,925436.3464191572,1475535.19662113,51154,57.1625,3237637.6341400906,0.9254363464191572,3.2376376341400905
1989,167759,"GROUPER, GAG",1,852915.9768516648,1469240.5125227,17468,57.1625,3223825.7601985075,0.8529159768516649,3.2238257601985074
1989,167699,"GROUPER, YELLOWEDGE",1,578874.1442,586260.4126,4247,57.1625,1286379.8705627408,0.5788741441999999,1.2863798705627407
1989,168546,"TILEFISH, GOLDEN",1,442660.1902738787,532499.7732816058,2368,57.1625,1168417.6088076544,0.4426601902738787,1.1684176088076543
1989,168848,"SNAPPER, GRAY",1,378639.0945322662,451613.978484339,153435,57.1625,990936.9943820225,0.3786390945322662,0.9909369943820225
1989,167763,SCAMP,1,303421.4416143497,502470.6529596413,19634,57.1625,1102527.3404513672,0.3034214416143497,1.1025273404513671
1989,168849,"SNAPPER, MUTTON",1,240150.9975444452,311242.84260345105,45115,57.1625,682932.9065665227,0.24015099754444522,0.6829329065665226
1989,172435,"MACKEREL, KING",1,228664.8,230157.36,1870,57.1625,505014.13467920397,0.2286648,0.505014134679204
1989,168566,COBIA,1,190396.7364982604,213630.9302407608,9608,57.1625,468751.6374720809,0.19039673649826042,0.4687516374720809
1989,169290,"DRUM, RED",1,166446,224039,117,57.1625,491589.15326189954,0.166446,0.49158915326189956
1989,168860,"SNAPPER, LANE",1,94819.8350851111,73809.45458957429,31049,57.1625,161953.62095176041,0.0948198350851111,0.1619536209517604
1989,168543,"TILEFISH, BLUELINE",1,86158.88,77183.52,990,57.1625,169357.03713448503,0.08615888000000001,0.16935703713448502
1989,170566,HOGFISH,1,57784.30242279421,61833.7317354241,11071,57.1625,135676.3412925454,0.057784302422794205,0.1356763412925454
1989,168861,"SNAPPER, SILK",1,46181.2958988764,78631.4674719101,678,57.1625,172534.14144080665,0.0461812958988764,0.17253414144080664
1989,168902,"SNAPPER, QUEEN",1,9809,18099,40,57.1625,39713.050338945985,0.009809,0.03971305033894598
1990,167702,"GROUPER, RED",1,5618605.40766151,8107295.78936856,76339,59.30416666666667,17146705.597547118,5.6186054076615095,17.14670559754712
1990,168853,"SNAPPER, RED",1,2661549.46061363,5821991.33895919,26449,59.30416666666667,12313350.107629111,2.66154946061363,12.31335010762911
1990,172436,"MACKEREL, SPANISH",1,2583569,985191.21,36741,59.30416666666667,2083652.0677231785,2.583569,2.0836520677231785
1990,168909,"SNAPPER, VERMILION",1,2168679.7135203397,2901003.8996744296,11215,59.30416666666667,6135542.7379722865,2.1686797135203397,6.135542737972287
1990,168689,"AMBERJACK, GREATER",1,1668150.64,1073753.95,4230,59.30416666666667,2270959.804994028,1.66815064,2.2709598049940283
1990,167759,"GROUPER, GAG",1,994822.4465956232,1845388.83308335,13599,59.30416666666667,3902946.1679904615,0.9948224465956231,3.9029461679904616
1990,167699,"GROUPER, YELLOWEDGE",1,906238.984668663,1025558.94855368,3301,59.30416666666667,2169028.714462327,0.906238984668663,2.169028714462327
1990,172435,"MACKEREL, KING",1,857058.8,905015.94,2856,59.30416666666667,1914083.5967298532,0.8570588,1.9140835967298533
1990,168907,"SNAPPER, YELLOWTAIL",1,799110.2164992542,1340974.1790706,49284,59.30416666666667,2836123.1734739575,0.7991102164992542,2.8361231734739576
1990,168546,"TILEFISH, GOLDEN",1,296069.5280941131,328745.53199654695,2173,59.30416666666667,695287.6766930975,0.29606952809411313,0.6952876766930974
1990,167763,SCAMP,1,289930.670260266,501381.0921399652,15441,59.30416666666667,1060407.0953442063,0.289930670260266,1.0604070953442064
1990,168849,"SNAPPER, MUTTON",1,281516.20421042363,431393.714855814,28724,59.30416666666667,912385.7347063624,0.2815162042104236,0.9123857347063623
1990,168848,"SNAPPER, GRAY",1,234804.8609324289,319835.27629264793,101860,59.30416666666667,676442.7331603882,0.23480486093242892,0.6764427331603882
1990,168566,COBIA,1,152432.9836,188172.23040702345,9060,59.30416666666667,397979.04507864703,0.15243298360000002,0.397979045078647
1990,168543,"TILEFISH, BLUELINE",1,136328.28,120424.6,913,59.30416666666667,254694.68692756273,0.13632828,0.25469468692756275
1990,168861,"SNAPPER, SILK",1,134471.76057582852,205618.4163932596,696,59.30416666666667,434877.2442658932,0.13447176057582852,0.4348772442658932
1990,168860,"SNAPPER, LANE",1,79354.6430685385,78500.0042733952,19018,59.30416666666667,166025.33047421146,0.0793546430685385,0.16602533047421145
1990,170566,HOGFISH,1,65640.8701530565,79252.5824637849,12379,59.30416666666667,167617.0124610299,0.0656408701530565,0.1676170124610299
1990,168902,"SNAPPER, QUEEN",1,42613.12,54723.8,51,59.30416666666667,115739.31828286378,0.042613120000000004,0.11573931828286378
1990,168852,"SNAPPER, BLACKFIN",1,11541.34,13116,60,59.30416666666667,27739.975999437927,0.01154134,0.02773997599943793
1990,169290,"DRUM, RED",1,7572,9388,52,59.30416666666667,19855.35946040891,0.007572,0.01985535946040891
1990,168847,"SNAPPER, CUBERA",1,501.72,408.15,9,59.30416666666667,863.2259228553362,5.0172e-4,8.632259228553362e-4
1991,167702,"GROUPER, RED",1,5908812.273034911,8091246.40839661,56903,61.29833333333333,16556046.64918283,5.90881227303491,16.55604664918283
1991,172436,"MACKEREL, SPANISH",1,3441709,1379102.5,30031,61.29833333333333,2821874.921558498,3.441709,2.8218749215584977
1991,168853,"SNAPPER, RED",1,2224225.53844134,4894479.9122694,18994,61.29833333333333,10014926.460146986,2.22422553844134,10.014926460146986
1991,168909,"SNAPPER, VERMILION",1,1806236.53137495,2249105.5805882397,12637,61.29833333333333,4602047.080473873,1.80623653137495,4.602047080473873
1991,168689,"AMBERJACK, GREATER",1,1185719.69,708276.23,3478,61.29833333333333,1449251.909102477,1.18571969,1.449251909102477
1991,167759,"GROUPER, GAG",1,991389.7366106038,1817245.10596385,15980,61.29833333333333,3718388.147976168,0.9913897366106037,3.718388147976168
1991,167699,"GROUPER, YELLOWEDGE",1,840386.8464555193,1132747.12907313,2388,61.29833333333333,2317790.531159832,0.8403868464555193,2.317790531159832
1991,168907,"SNAPPER, YELLOWTAIL",1,645106.4445449722,1161059.80723677,56627,61.29833333333333,2375723.017303634,0.6451064445449721,2.375723017303634
1991,172435,"MACKEREL, KING",1,393102.32,401508.11,3023,61.29833333333333,821552.9059017374,0.39310232,0.8215529059017374
1991,167763,SCAMP,1,354832.2069868014,632786.2861892727,16672,61.29833333333333,1294786.8281753147,0.3548322069868014,1.2947868281753148
1991,168848,"SNAPPER, GRAY",1,273094.6912938095,319103.5470596941,67213,61.29833333333333,652939.3549994382,0.2730946912938095,0.6529393549994381
1991,168849,"SNAPPER, MUTTON",1,240556.89436338271,353943.2704601952,23353,61.29833333333333,724227.2699571073,0.2405568943633827,0.7242272699571073
1991,168546,"TILEFISH, GOLDEN",1,192008.3804839617,208813.9295562344,1246,61.29833333333333,427268.30753103603,0.19200838048396168,0.427268307531036
1991,168566,COBIA,1,159001.1674576359,205527.1129937974,10146,61.29833333333333,420542.9298094352,0.1590011674576359,0.4205429298094352
1991,168543,"TILEFISH, BLUELINE",1,143711.48,114240.57,713,61.29833333333333,233755.3586535795,0.14371148,0.2337553586535795
1991,168861,"SNAPPER, SILK",1,125216.4976808475,222261.4510279755,1349,61.29833333333333,454784.1909394308,0.1252164976808475,0.4547841909394308
1991,168860,"SNAPPER, LANE",1,111508.3525806387,121428.9165218433,15299,61.29833333333333,248463.92076369232,0.11150835258063871,0.24846392076369234
1991,170566,HOGFISH,1,51064.730440254905,66942.76934039389,8935,61.29833333333333,136976.1290269089,0.051064730440254905,0.1369761290269089
1991,168544,"TILEFISH, GOLDFACE",1,43103,55714.75,30,61.29833333333333,114001.71907882215,0.043103,0.11400171907882214
1991,168902,"SNAPPER, QUEEN",1,36805.56,64442.45,368,61.29833333333333,131860.0564778814,0.03680556,0.13186005647788138
1991,169290,"DRUM, RED",1,22162,28537,50,61.29833333333333,58391.486228554335,0.022162,0.058391486228554335
1991,168690,"AMBERJACK, LESSER",1,21461.44,13035.69,327,61.29833333333333,26673.20717365888,0.02146144,0.02667320717365888
1991,168691,"JACK, ALMACO",1,17724.28,14798.4,127,61.29833333333333,30280.007352021534,0.01772428,0.030280007352021535
1991,168852,"SNAPPER, BLACKFIN",1,3267.57,5003.34,120,61.29833333333333,10237.672450039425,0.00326757,0.010237672450039426
1991,168847,"SNAPPER, CUBERA",1,1186.404439113776,831.8512169470821,166,61.29833333333333,1702.1070497449525,0.001186404439113776,0.0017021070497449525
1992,167702,"GROUPER, RED",1,5240903.10566603,7987069.5882265,41083,62.70583333333333,15976049.780896872,5.24090310566603,15.976049780896872
1992,172436,"MACKEREL, SPANISH",1,3431564.45078055,1147095.97259969,18258,62.70583333333333,2294466.3445442948,3.43156445078055,2.2944663445442948
1992,168853,"SNAPPER, RED",1,3116734.45151926,6012879.65066256,8830,62.70583333333333,12027197.655461656,3.1167344515192603,12.027197655461656
1992,168909,"SNAPPER, VERMILION",1,2371933.1774308896,3457151.71698607,11076,62.70583333333333,6915130.4268211005,2.3719331774308894,6.915130426821101
1992,167759,"GROUPER, GAG",1,1470309.17328579,2903302.33306673,18337,62.70583333333333,5807299.171455868,1.47030917328579,5.807299171455868
1992,167699,"GROUPER, YELLOWEDGE",1,1124982.9237328,1875306.17216662,2732,62.70583333333333,3751060.9404380545,1.1249829237328,3.7510609404380544
1992,172435,"MACKEREL, KING",1,1062885.2,1183289.78,3532,62.70583333333333,2366862.6173450104,1.0628852,2.3668626173450105
1992,168689,"AMBERJACK, GREATER",1,841583.2381869057,562161.5995560855,11665,62.70583333333333,1124457.675022068,0.8415832381869057,1.124457675022068
1992,168907,"SNAPPER, YELLOWTAIL",1,792917.7835401517,1481030.03568366,35211,62.70583333333333,2962414.3518122854,0.7929177835401516,2.9624143518122854
1992,167763,SCAMP,1,342843.41397835774,648085.7955633354,10742,62.70583333333333,1296326.6211520557,0.3428434139783577,1.2963266211520557
1992,168861,"SNAPPER, SILK",1,317633.5957078408,598810.2376576739,1237,62.70583333333333,1197763.7180263905,0.31763359570784083,1.1977637180263905
1992,168848,"SNAPPER, GRAY",1,286109.01985065633,403832.22921592,53633,62.70583333333333,807761.0600256029,0.28610901985065634,0.8077610600256029
1992,168849,"SNAPPER, MUTTON",1,220798.6526335486,315918.7747852224,17629,62.70583333333333,631913.1211938469,0.2207986526335486,0.6319131211938469
1992,168546,"TILEFISH, GOLDEN",1,220634.3199999999,250693.7249999999,1198,62.70583333333333,501447.4189961059,0.22063431999999988,0.5014474189961059
1992,168566,COBIA,1,212793.33629837123,293508.7069786706,12347,62.70583333333333,587087.6248192443,0.21279333629837122,0.5870876248192443
1992,168543,"TILEFISH, BLUELINE",1,137822.2399999999,105941.07499999992,1658,62.70583333333333,211907.49239703894,0.1378222399999999,0.21190749239703893
1992,168860,"SNAPPER, LANE",1,97862.0798812882,118679.8933636507,11761,62.70583333333333,237388.17640503668,0.0978620798812882,0.23738817640503668
1992,170566,HOGFISH,1,63799.695926211105,85747.4860407919,10794,62.70583333333333,171515.483925893,0.06379969592621111,0.171515483925893
1992,169290,"DRUM, RED",1,62551,85653,44,62.70583333333333,171326.48924209602,0.062551,0.17132648924209604
1992,168544,"TILEFISH, GOLDFACE",1,48014.2980645161,53710,23,62.70583333333333,107432.84808696691,0.0480142980645161,0.10743284808696692
1992,168902,"SNAPPER, QUEEN",1,29781.75,51079.8,116,62.70583333333333,102171.81891105293,0.02978175,0.10217181891105294
1992,168691,"JACK, ALMACO",1,29729.55,25135.25,175,62.70583333333333,50276.512658311956,0.02972955,0.050276512658311956
1992,168690,"AMBERJACK, LESSER",1,16715.920000000002,14187.44,270,62.70583333333333,28378.273808656824,0.016715920000000002,0.028378273808656825
1992,168852,"SNAPPER, BLACKFIN",1,4899.7,7907.27,48,62.70583333333333,15816.431515409253,0.0048997,0.015816431515409252
1992,168847,"SNAPPER, CUBERA",1,1604.39120274914,2193.761466208476,60,62.70583333333333,4388.047706911507,0.00160439120274914,0.004388047706911507
1992,168913,WENCHMAN,1,44.99,31,5,62.70583333333333,62.007415578029686,4.499e-5,6.200741557802969e-5
1993,167702,"GROUPER, RED",1,7437684.418377561,11696647.68001449,31924,64.18833333333333,22855734.889704004,7.437684418377561,22.855734889704003
1993,168853,"SNAPPER, RED",1,3419293.25891271,6618004.48991255,8401,64.18833333333333,12931855.370728295,3.41929325891271,12.931855370728295
1993,168909,"SNAPPER, VERMILION",1,2722731.92454374,4177447.45812602,10010,64.18833333333333,8162905.665846123,2.7227319245437402,8.162905665846123
1993,172436,"MACKEREL, SPANISH",1,2581493.2467277097,1053496.7476966,13078,64.18833333333333,2058576.3571951112,2.58149324672771,2.0585763571951112
1993,172435,"MACKEREL, KING",1,2093013.84,2321628.69,3446,64.18833333333333,4536558.790399086,2.0930138400000002,4.536558790399086
1993,167759,"GROUPER, GAG",1,1751063.30698069,3565244.7483177,18401,64.18833333333333,6966636.169070101,1.75106330698069,6.966636169070101
1993,168907,"SNAPPER, YELLOWTAIL",1,1041339.74766472,1897272.98445428,46845,64.18833333333333,3707350.134190826,1.0413397476647202,3.7073501341908264
1993,168689,"AMBERJACK, GREATER",1,1035205.0378841,852298.9025604603,9006,64.18833333333333,1665427.4196009138,1.0352050378841,1.6654274196009138
1993,167699,"GROUPER, YELLOWEDGE",1,810356.5037900128,1350988.04117798,1866,64.18833333333333,2639886.688310182,0.8103565037900128,2.6398866883101824
1993,168848,"SNAPPER, GRAY",1,375896.366581729,553195.9249848004,36128,64.18833333333333,1080967.790892845,0.375896366581729,1.080967790892845
1993,167763,SCAMP,1,365295.972124105,709987.6884725536,10795,64.18833333333333,1387345.4024275048,0.36529597212410503,1.3873454024275047
1993,168546,"TILEFISH, GOLDEN",1,288261.7199999999,303263.98,978,64.18833333333333,592590.4000955521,0.2882617199999999,0.5925904000955521
1993,168849,"SNAPPER, MUTTON",1,238099.1230181066,370631.15980660735,12629,64.18833333333333,724228.6646692296,0.2380991230181066,0.7242286646692296
1993,168566,COBIA,1,235172.204357352,346196.0603582308,8614,64.18833333333333,676481.4664741519,0.235172204357352,0.676481466474152
1993,168861,"SNAPPER, SILK",1,144203.14819178722,266109.091729218,1102,64.18833333333333,519988.2067658721,0.14420314819178723,0.5199882067658721
1993,168860,"SNAPPER, LANE",1,107812.6300202396,125392.6476392487,8323,64.18833333333333,245022.43633939966,0.1078126300202396,0.24502243633939966
1993,168543,"TILEFISH, BLUELINE",1,92561.6953200275,77608.0371274948,1261,64.18833333333333,151649.3246972905,0.0925616953200275,0.15164932469729048
1993,170566,HOGFISH,1,87637.29578707831,122714.205880158,7205,64.18833333333333,239788.65000693712,0.08763729578707831,0.23978865000693714
1993,169290,"DRUM, RED",1,85588,107244,52,64.18833333333333,209559.22581985302,0.085588,0.209559225819853
1993,168902,"SNAPPER, QUEEN",1,65285.76,122443.74,131,64.18833333333333,239260.14845480747,0.06528576,0.23926014845480748
1993,168690,"AMBERJACK, LESSER",1,27958.68,21211.86,413,64.18833333333333,41448.85457274167,0.02795868,0.041448854572741674
1993,173138,"TRIGGERFISH, GRAY",1,27860,20424,67,64.18833333333333,39909.34344247397,0.02786,0.03990934344247397
1993,168691,"JACK, ALMACO",1,24154.8,20726.73,201,64.18833333333333,40500.890423493365,0.0241548,0.04050089042349336
1993,168913,WENCHMAN,1,3921.19,376.5,22,64.18833333333333,735.6966219198712,0.00392119,7.356966219198712e-4
1993,168852,"SNAPPER, BLACKFIN",1,1398.4299999999992,2584.25,51,64.18833333333333,5049.7317269493415,0.0013984299999999991,0.005049731726949342
1993,168847,"SNAPPER, CUBERA",1,844.4100000000001,1223,24,64.18833333333333,2389.7927453067796,8.444100000000001e-4,0.00238979274530678
1994,167702,"GROUPER, RED",1,5740726.11841157,9830526.31793018,28022,65.56083333333333,18807115.23857368,5.74072611841157,18.807115238573683
1994,168853,"SNAPPER, RED",1,3249831.65084722,6579684.9699213,5945,65.56083333333333,12587819.76272412,3.24983165084722,12.58781976272412
1994,172436,"MACKEREL, SPANISH",1,2711807.1222272,1139174.59000224,17237,65.56083333333333,2179393.7677528136,2.7118071222271998,2.1793937677528135
1994,168909,"SNAPPER, VERMILION",1,2642485.74643889,4162937.15831706,8839,65.56083333333333,7964257.084039217,2.6424857464388904,7.964257084039217
1994,167759,"GROUPER, GAG",1,1518508.85645723,3307519.61579107,14517,65.56083333333333,6327728.603357511,1.51850885645723,6.327728603357511
1994,167699,"GROUPER, YELLOWEDGE",1,1199693.44935524,2287302.8261508597,2657,65.56083333333333,4375917.061375799,1.19969344935524,4.375917061375799
1994,168907,"SNAPPER, YELLOWTAIL",1,1144569.10800776,2147930.99229708,50158,65.56083333333333,4109280.051766401,1.14456910800776,4.109280051766401
1994,172435,"MACKEREL, KING",1,978127.04,1258203.5,4363,65.56083333333333,2407112.035793728,0.9781270400000001,2.407112035793728
1994,168689,"AMBERJACK, GREATER",1,850590.4273464544,811865.3256092903,7900,65.56083333333333,1553207.2488414766,0.8505904273464544,1.5532072488414765
1994,168546,"TILEFISH, GOLDEN",1,388800.9411783045,500291.8646187703,1313,65.56083333333333,957125.4322003782,0.3888009411783045,0.9571254322003782
1994,168848,"SNAPPER, GRAY",1,368274.5043137179,568929.7225575466,41361,65.56083333333333,1088438.8596034402,0.3682745043137179,1.0884388596034402
1994,167763,SCAMP,1,250601.125929457,529671.8968108619,8208,65.56083333333333,1013333.3740012004,0.250601125929457,1.0133333740012005
1994,168566,COBIA,1,229979.8172067927,351459.53124976944,7616,65.56083333333333,672389.2182510556,0.2299798172067927,0.6723892182510556
1994,168849,"SNAPPER, MUTTON",1,161309.5710932888,267375.8073440196,12600,65.56083333333333,511525.7777758961,0.1613095710932888,0.511525777775896
1994,168543,"TILEFISH, BLUELINE",1,142637.83440274693,130473.9314884445,1894,65.56083333333333,249614.12906827955,0.14263783440274694,0.24961412906827954
1994,168860,"SNAPPER, LANE",1,87228.41500000001,109659.125,8850,65.56083333333333,209792.61273880492,0.087228415,0.20979261273880492
1994,170566,HOGFISH,1,55823.27362783671,85640.0903188926,5049,65.56083333333333,163840.97815104498,0.055823273627836706,0.16384097815104498
1994,173138,"TRIGGERFISH, GRAY",1,53761,35543,126,65.56083333333333,67998.5257458086,0.053761,0.0679985257458086
1994,168691,"JACK, ALMACO",1,45648.4827877947,43570.3970873786,242,65.56083333333333,83356.01294491792,0.0456484827877947,0.08335601294491793
1994,169290,"DRUM, RED",1,43203,57059,42,65.56083333333333,109161.51930141216,0.043203,0.10916151930141216
1994,168902,"SNAPPER, QUEEN",1,40855.33,67042.05,244,65.56083333333333,128260.43279905431,0.04085533,0.1282604327990543
1994,168861,"SNAPPER, SILK",1,36840.5036170213,72096.1431914894,1026,65.56083333333333,137929.59088934519,0.0368405036170213,0.13792959088934517
1994,168690,"AMBERJACK, LESSER",1,32469.850386349,25386.8942820348,679,65.56083333333333,48568.53345083601,0.032469850386349,0.04856853345083601
1994,168913,WENCHMAN,1,3767.14,332.21,20,65.56083333333333,635.5622833754909,0.00376714,6.355622833754909e-4
1994,168544,"TILEFISH, GOLDFACE",1,2683.56,3408,15,65.56083333333333,6519.961053982942,0.0026835599999999998,0.006519961053982942
1994,168852,"SNAPPER, BLACKFIN",1,358.33000000000004,666.66,57,65.56083333333333,1275.4099871620504,3.5833e-4,0.0012754099871620504
1994,168847,"SNAPPER, CUBERA",1,351.08,397.51,6,65.56083333333333,760.4899408945889,3.5108e-4,7.60489940894589e-4
1995,167702,"GROUPER, RED",1,5477147.6149258,8887358.62244415,29297,66.935,16653645.588771615,5.4771476149258,16.653645588771614
1995,168853,"SNAPPER, RED",1,2947736.99861588,5772594.344933771,1993,66.935,10817020.493073773,2.94773699861588,10.817020493073773
1995,168909,"SNAPPER, VERMILION",1,2183441.88242479,3730659.55917037,6362,66.935,6990725.225590133,2.18344188242479,6.9907252255901335
1995,167759,"GROUPER, GAG",1,1585989.62563638,3365276.78447029,14947,66.935,6306049.891489159,1.58598962563638,6.30604989148916
1995,172436,"MACKEREL, SPANISH",1,1505450.9115531,627360.7877279612,15133,66.935,1175584.8569820335,1.5054509115531,1.1755848569820335
1995,172435,"MACKEREL, KING",1,1074295.16,1371320.16,3037,66.935,2569658.8720639423,1.07429516,2.5696588720639424
1995,167699,"GROUPER, YELLOWEDGE",1,916668.1894236188,1819766.30836341,1553,66.935,3409983.150374661,0.9166681894236188,3.409983150374661
1995,168689,"AMBERJACK, GREATER",1,718365.8704094233,751895.8266335177,5408,66.935,1408945.8013777547,0.7183658704094232,1.4089458013777547
1995,168907,"SNAPPER, YELLOWTAIL",1,576873.7842329568,1057691.80647161,26956,66.935,1981963.9597576621,0.5768737842329569,1.9819639597576622
1995,168546,"TILEFISH, GOLDEN",1,467680.7166419524,618511.2959633479,780,66.935,1159002.168497241,0.4676807166419524,1.1590021684972411
1995,167763,SCAMP,1,271150.454694609,585632.6238783438,6661,66.935,1097392.2148997446,0.27115045469460897,1.0973922148997446
1995,168848,"SNAPPER, GRAY",1,222190.8571626037,371970.0708011586,24798,66.935,697018.9897714696,0.2221908571626037,0.6970189897714696
1995,168566,COBIA,1,207099.1110602336,329896.85960998764,7075,66.935,618179.778063525,0.2070991110602336,0.618179778063525
1995,168849,"SNAPPER, MUTTON",1,108033.9715570619,185150.316086025,5716,66.935,346945.3496518985,0.1080339715570619,0.3469453496518985
1995,168861,"SNAPPER, SILK",1,87651.4269081065,172403.5296952072,1980,66.935,323059.68553428724,0.0876514269081065,0.32305968553428727
1995,168543,"TILEFISH, BLUELINE",1,79232.6097863819,82454.21666058591,664,66.935,154507.47065583657,0.0792326097863819,0.15450747065583656
1995,168860,"SNAPPER, LANE",1,72178.4800473631,78341.3948797899,3972,66.935,146800.62779994195,0.0721784800473631,0.14680062779994196
1995,168690,"AMBERJACK, LESSER",1,61189.4037327952,62471.353254099995,1200,66.935,117062.42774060777,0.0611894037327952,0.11706242774060778
1995,173138,"TRIGGERFISH, GRAY",1,50049,25895,116,66.935,48523.54572844301,0.050049,0.04852354572844301
1995,168691,"JACK, ALMACO",1,45907.832577319605,43362.528247422706,317,66.935,81255.20843076723,0.045907832577319604,0.08125520843076724
1995,168902,"SNAPPER, QUEEN",1,41697.465394138504,78055.1920784908,237,66.935,146264.3244704789,0.0416974653941385,0.1462643244704789
1995,170566,HOGFISH,1,27613.160578237097,48165.249401133,2392,66.935,90254.8245544599,0.0276131605782371,0.0902548245544599
1995,169290,"DRUM, RED",1,25537,31196,37,66.935,58456.8655162969,0.025537,0.0584568655162969
1995,168913,WENCHMAN,1,19227.98,4029.47,26,66.935,7550.6534777520465,0.01922798,0.007550653477752046
1995,168544,"TILEFISH, GOLDFACE",1,1094.24,1021.45,17,66.935,1914.0519708174595,0.00109424,0.0019140519708174596
1995,168852,"SNAPPER, BLACKFIN",1,907.6750704225352,1630.250704225352,68,66.935,3054.8578719947977,9.076750704225352e-4,0.0030548578719947978
1995,168847,"SNAPPER, CUBERA",1,406.0669662921351,498.78277153558105,8,66.935,934.6479483748334,4.060669662921351e-4,9.346479483748333e-4
1996,167702,"GROUPER, RED",1,5102803.29316881,9349809.942622889,8728,68.16166666666666,17204912.268431135,5.10280329316881,17.204912268431134
1996,168853,"SNAPPER, RED",1,4336709.16131247,7918169.25858739,1316,68.16166666666666,14570500.17664505,4.33670916131247,14.57050017664505
1996,168909,"SNAPPER, VERMILION",1,1852641.31080699,3317943.5577372,3835,68.16166666666666,6105463.979780197,1.85264131080699,6.105463979780197
1996,167759,"GROUPER, GAG",1,1502076.14464896,3437412.00672445,6817,68.16166666666666,6325302.0509586325,1.50207614464896,6.325302050958633
1996,172435,"MACKEREL, KING",1,982188.28,1133979.21,2560,68.16166666666666,2086674.803231533,0.98218828,2.0866748032315328
1996,168689,"AMBERJACK, GREATER",1,828465.5352464172,903551.9649556148,2820,68.16166666666666,1662657.5708413757,0.8284655352464172,1.6626575708413758
1996,167699,"GROUPER, YELLOWEDGE",1,579816.4132217057,1302325.61553028,810,68.16166666666666,2396454.9116645902,0.5798164132217057,2.3964549116645903
1996,168907,"SNAPPER, YELLOWTAIL",1,481560.59183650423,869180.474635239,3558,68.16166666666666,1599409.3894209734,0.48156059183650424,1.5994093894209733
1996,172436,"MACKEREL, SPANISH",1,461760.67485465686,238758.4537361256,1974,68.16166666666666,439347.78087306814,0.4617606748546569,0.43934778087306814
1996,167763,SCAMP,1,270196.28021014325,630245.119042267,3488,68.16166666666666,1159736.0852542936,0.27019628021014325,1.1597360852542937
1996,168848,"SNAPPER, GRAY",1,236013.0185289375,392734.2377060065,7178,68.16166666666666,722684.005985848,0.2360130185289375,0.722684005985848
1996,168566,COBIA,1,206817.7684506798,350110.1443049901,3272,68.16166666666666,644249.9210166109,0.2068177684506798,0.6442499210166109
1996,168546,"TILEFISH, GOLDEN",1,200693.5199999999,286202.4499999999,459,68.16166666666666,526651.1376677994,0.2006935199999999,0.5266511376677994
1996,168849,"SNAPPER, MUTTON",1,95374.4048539763,162382.621374838,1532,68.16166666666666,298805.940635861,0.0953744048539763,0.298805940635861
1996,168690,"AMBERJACK, LESSER",1,68698.9951418745,75769.2396474635,367,68.16166666666666,139425.62776999568,0.06869899514187451,0.13942562776999567
1996,168860,"SNAPPER, LANE",1,58613.848037411706,67016.99709338661,1416,68.16166666666666,123320.32015208702,0.05861384803741171,0.12332032015208702
1996,168543,"TILEFISH, BLUELINE",1,50601.0875976269,52652.7025811948,387,68.16166666666666,96888.0794544929,0.0506010875976269,0.09688807945449289
1996,169290,"DRUM, RED",1,32951,41239,53,68.16166666666666,75885.32616084309,0.032951,0.07588532616084309
1996,173138,"TRIGGERFISH, GRAY",1,32834,24684,98,68.16166666666666,45421.89167909627,0.032834,0.04542189167909627
1996,168861,"SNAPPER, SILK",1,32159.053141800698,68563.5935352941,505,68.16166666666666,126166.266354307,0.032159053141800696,0.126166266354307
1996,168691,"JACK, ALMACO",1,31822.7933159813,29646.1647319105,306,68.16166666666666,54552.94454519052,0.0318227933159813,0.05455294454519052
1996,170566,HOGFISH,1,24838.359782683903,43884.3258957915,882,68.16166666666666,80753.0828572679,0.024838359782683905,0.0807530828572679
1996,168902,"SNAPPER, QUEEN",1,10069.4621909425,19236.8449816401,90,68.16166666666666,35398.39122523186,0.010069462190942501,0.03539839122523186
1996,168913,WENCHMAN,1,1397.97,1896.5,7,68.16166666666666,3489.815976722009,0.0013979700000000001,0.003489815976722009
1996,168847,"SNAPPER, CUBERA",1,1328.81,1612,19,68.16166666666666,2966.297576839377,0.00132881,0.002966297576839377
1996,168852,"SNAPPER, BLACKFIN",1,1000.266789667896,2026.368634686346,25,68.16166666666666,3728.79179333339,0.001000266789667896,0.0037287917933333903
1996,168544,"TILEFISH, GOLDFACE",1,943.48,870.4,14,68.16166666666666,1601.6534806954055,9.4348e-4,0.0016016534806954055
1997,167702,"GROUPER, RED",1,5504963.8,10020482.92,6461,69.3275,18128964.278906155,5.5049638,18.128964278906157
1997,168853,"SNAPPER, RED",1,4813452.8,8417620.66,956,69.3275,15229080.82143834,4.813452799999999,15.229080821438341
1997,168909,"SNAPPER, VERMILION",1,2131777.45,3788308.54,2946,69.3275,6853772.492547208,2.1317774500000004,6.8537724925472086
1997,167759,"GROUPER, GAG",1,1645133.7000000002,3797193.19,6728,69.3275,6869846.518496508,1.6451337000000001,6.869846518496508
1997,167699,"GROUPER, YELLOWEDGE",1,793314.68,1755327.63,895,69.3275,3175722.3834524537,0.79331468,3.1757223834524537
1997,172435,"MACKEREL, KING",1,767884.12,959822.7,2091,69.3275,1736502.2805091771,0.76788412,1.7365022805091772
1997,168689,"AMBERJACK, GREATER",1,741481.7000000001,788955.4500000001,1930,69.3275,1427370.844787422,0.7414817,1.427370844787422
1997,172436,"MACKEREL, SPANISH",1,540216,281781.17,1642,69.3275,509795.8657463968,0.540216,0.5097958657463968
1997,167763,SCAMP,1,336869.96,784224.76,2829,69.3275,1418812.1245431707,0.33686996,1.4188121245431706
1997,168546,"TILEFISH, GOLDEN",1,332017.84,367982,564,69.3275,665749.6037406992,0.33201784,0.6657496037406992
1997,168907,"SNAPPER, YELLOWTAIL",1,221889.69,415466.91,1526,69.3275,751658.8602156431,0.22188969,0.7516588602156431
1997,168848,"SNAPPER, GRAY",1,214552.1,354601.08,4756,69.3275,641540.9680256752,0.2145521,0.6415409680256752
1997,168566,COBIA,1,177236.72,300956.85000000003,2014,69.3275,544488.3272294544,0.17723672000000001,0.5444883272294544
1997,168543,"TILEFISH, BLUELINE",1,162936.56,139965.22,395,69.3275,253223.77114228357,0.16293656,0.25322377114228356
1997,168861,"SNAPPER, SILK",1,72550.03,144194.22,445,69.3275,260874.83851574047,0.07255003,0.26087483851574045
1997,168849,"SNAPPER, MUTTON",1,66543.21,105813.99,696,69.3275,191437.68421477766,0.06654321,0.19143768421477766
1997,168860,"SNAPPER, LANE",1,61789.17,74629.58,1290,69.3275,135019.14037190628,0.06178917,0.1350191403719063
1997,168691,"JACK, ALMACO",1,44992.44,43106.59,271,69.3275,77988.04074958229,0.04499244,0.0779880407495823
1997,168690,"AMBERJACK, LESSER",1,42466.68,46474.87,324,69.3275,84081.90152344549,0.04246668,0.08408190152344548
1997,173138,"TRIGGERFISH, GRAY",1,26695,16151,98,69.3275,29220.238625845923,0.026695,0.029220238625845923
1997,168902,"SNAPPER, QUEEN",1,26518.54,48621.15,91,69.3275,87964.93128989218,0.02651854,0.08796493128989218
1997,169290,"DRUM, RED",1,25831,33351,97,69.3275,60338.31827196999,0.025831,0.06033831827196999
1997,170566,HOGFISH,1,23839.04,44736.8,496,69.3275,80937.40148329787,0.023839040000000002,0.08093740148329787
1997,168913,WENCHMAN,1,6488.4400000000005,1528,30,69.3275,2764.4433546091614,0.006488440000000001,0.002764443354609161
1997,168847,"SNAPPER, CUBERA",1,4462.33,6232.24,100,69.3275,11275.310505451178,0.00446233,0.011275310505451178
1997,168852,"SNAPPER, BLACKFIN",1,1124.57,1900.72,35,69.3275,3438.764903777962,0.0011245699999999999,0.003438764903777962
1997,168544,"TILEFISH, GOLDFACE",1,1088,849,14,69.3275,1536.002884858101,0.001088,0.001536002884858101
1998,168853,"SNAPPER, RED",1,4689314,9790619.31,1178,70.11833333333334,17513319.07473937,4.689314,17.51331907473937
1998,167702,"GROUPER, RED",1,4369038.8,8136192.77,6313,70.11833333333334,14553904.663524041,4.3690388,14.55390466352404
1998,167759,"GROUPER, GAG",1,2650046.24,6158268.93,7350,70.11833333333334,11015822.932568276,2.6500462400000004,11.015822932568277
1998,168909,"SNAPPER, VERMILION",1,1732111.89,3268510.3,2381,70.11833333333334,5846664.237522283,1.7321118899999999,5.846664237522282
1998,172435,"MACKEREL, KING",1,746349.64,813923.4500000001,1414,70.11833333333334,1455934.566642105,0.74634964,1.455934566642105
1998,167699,"GROUPER, YELLOWEDGE",1,687591.08,1587618.12,889,70.11833333333334,2839908.469937011,0.6875910799999999,2.839908469937011
1998,168689,"AMBERJACK, GREATER",1,501733.19,559867.33,1386,70.11833333333334,1001482.631420218,0.50173319,1.001482631420218
1998,172436,"MACKEREL, SPANISH",1,460591,277662.35,1991,70.11833333333334,496678.42008984805,0.460591,0.496678420089848
1998,168907,"SNAPPER, YELLOWTAIL",1,344535.02,617767.42,1467,70.11833333333334,1105053.4800579972,0.34453502,1.1050534800579972
1998,168546,"TILEFISH, GOLDEN",1,297455.72000000003,356568,457,70.11833333333334,637823.7124860354,0.29745572000000003,0.6378237124860354
1998,167763,SCAMP,1,249524.82,579975.26,2666,70.11833333333334,1037451.4075386846,0.24952482,1.0374514075386845
1998,168848,"SNAPPER, GRAY",1,185034.4,314957.75,4399,70.11833333333334,563391.8954624325,0.1850344,0.5633918954624325
1998,168566,COBIA,1,177062.36000000002,313767.12,2033,70.11833333333334,561262.11363457,0.17706236,0.56126211363457
1998,168543,"TILEFISH, BLUELINE",1,109842.8,91670.79,398,70.11833333333334,163979.39132038693,0.1098428,0.16397939132038694
1998,168849,"SNAPPER, MUTTON",1,73177.09,121775.17,684,70.11833333333334,217829.67349290484,0.07317709,0.21782967349290483
1998,168861,"SNAPPER, SILK",1,55229.52,109311.82,437,70.11833333333334,195535.4121822633,0.05522952,0.1955354121822633
1998,169290,"DRUM, RED",1,35567,56848,148,70.11833333333334,101688.88517030733,0.035567,0.10168888517030733
1998,168691,"JACK, ALMACO",1,32003.51,31808.05,261,70.11833333333334,56897.78257707209,0.03200351,0.056897782577072085
1998,168860,"SNAPPER, LANE",1,31471.81,41990.04,799,70.11833333333334,75111.17991585653,0.03147181,0.07511117991585653
1998,173138,"TRIGGERFISH, GRAY",1,31095,22762,100,70.11833333333334,40716.33838035701,0.031095,0.04071633838035701
1998,168690,"AMBERJACK, LESSER",1,26051.08,27087.87,317,70.11833333333334,48454.39244895533,0.02605108,0.04845439244895533
1998,168902,"SNAPPER, QUEEN",1,24649.24,47408.85,120,70.11833333333334,84804.26934467923,0.024649240000000003,0.08480426934467923
1998,170566,HOGFISH,1,16188.58,28354.81,435,70.11833333333334,50720.67650780823,0.01618858,0.05072067650780823
1998,168852,"SNAPPER, BLACKFIN",1,2518.3,4636.85,35,70.11833333333334,8294.330622043688,0.0025183000000000002,0.008294330622043688
1998,168847,"SNAPPER, CUBERA",1,1667.98,2228.5,45,70.11833333333334,3986.308763756507,0.0016679800000000001,0.003986308763756507
1998,168544,"TILEFISH, GOLDFACE",1,1230.24,1443.5,13,70.11833333333334,2582.112048679613,0.00123024,0.002582112048679613
1999,167702,"GROUPER, RED",1,6839739.39,12816960.5,7230,71.11333333333333,22606008.704134244,6.83973939,22.606008704134243
1999,168853,"SNAPPER, RED",1,4882130.83,9577761.48,1648,71.11333333333333,16892847.518957533,4.88213083,16.892847518957534
1999,167759,"GROUPER, GAG",1,2052658.88,4856279.65,7408,71.11333333333333,8565299.084569233,2.05265888,8.565299084569233
1999,168909,"SNAPPER, VERMILION",1,2034292.24,3781894.5,2874,71.11333333333333,6670344.344520483,2.03429224,6.670344344520483
1999,172435,"MACKEREL, KING",1,1233718.65,1343290.8,1920,71.11333333333333,2369239.0654542046,1.23371865,2.3692390654542046
1999,167699,"GROUPER, YELLOWEDGE",1,1059116.17,2450972.27,899,71.11333333333333,4322920.435715759,1.05911617,4.322920435715759
1999,172436,"MACKEREL, SPANISH",1,872355.25,439460.69,1865,71.11333333333333,775102.0363419893,0.87235525,0.7751020363419893
1999,168907,"SNAPPER, YELLOWTAIL",1,600876.12,1039005.84,1793,71.11333333333333,1832554.2208455985,0.60087612,1.8325542208455985
1999,168689,"AMBERJACK, GREATER",1,406632.6,455284.83,1434,71.11333333333333,803011.9800899972,0.40663259999999996,0.8030119800899972
1999,168546,"TILEFISH, GOLDEN",1,371556.52,495369.15,544,71.11333333333333,873710.9954157682,0.37155652,0.8737109954157682
1999,167763,SCAMP,1,298448.71,700617.09,2748,71.11333333333333,1235718.5648504733,0.29844871,1.2357185648504734
1999,168848,"SNAPPER, GRAY",1,203970.57,362213.67,4841,71.11333333333333,638857.0345345457,0.20397057000000002,0.6388570345345458
1999,168566,COBIA,1,167472.76,307750.21,1880,71.11333333333333,542796.7048785975,0.16747276,0.5427967048785975
1999,173138,"TRIGGERFISH, GRAY",1,102141,105582,286,71.11333333333333,186221.031967751,0.102141,0.186221031967751
1999,168861,"SNAPPER, SILK",1,85808.68000000001,163190.88,400,71.11333333333333,287829.1193700197,0.08580868000000001,0.2878291193700197
1999,168849,"SNAPPER, MUTTON",1,82974.32,143214.04,594,71.11333333333333,252594.8203393644,0.08297432,0.2525948203393644
1999,168543,"TILEFISH, BLUELINE",1,80439.68000000001,66277.64,319,71.11333333333333,116897.67685009843,0.08043968000000001,0.11689767685009843
1999,168860,"SNAPPER, LANE",1,49217.92,70647.78,1131,71.11333333333333,124605.54353801443,0.04921792,0.12460554353801444
1999,168691,"JACK, ALMACO",1,43518.61,40027.31,341,71.11333333333333,70598.46351739008,0.04351861,0.07059846351739008
1999,169290,"DRUM, RED",1,40202,65167,137,71.11333333333333,114938.77735070778,0.040202,0.11493877735070777
1999,168690,"AMBERJACK, LESSER",1,29044.55,31905.43,284,71.11333333333333,56273.43770694666,0.02904455,0.056273437706946657
1999,170566,HOGFISH,1,22850.69,40401.94,437,71.11333333333333,71259.2199456267,0.02285069,0.0712592199456267
1999,168902,"SNAPPER, QUEEN",1,19909.57,35297.88,112,71.11333333333333,62256.896439486256,0.01990957,0.06225689643948626
1999,168913,WENCHMAN,1,17386.62,14383.76,66,71.11333333333333,25369.46288928471,0.01738662,0.02536946288928471
1999,168544,"TILEFISH, GOLDFACE",1,14814.16,17023.15,45,71.11333333333333,30024.706487297273,0.01481416,0.030024706487297274
1999,168847,"SNAPPER, CUBERA",1,3493.49,5568.45,56,71.11333333333333,9821.394797037592,0.0034934899999999997,0.009821394797037593
1999,168852,"SNAPPER, BLACKFIN",1,3032.21,5986.6500000000005,33,71.11333333333333,10558.9981344333,0.00303221,0.0105589981344333
2000,167702,"GROUPER, RED",1,6707234.03,12901423.52,7777,72.71833333333333,22252745.259588823,6.70723403,22.252745259588824
2000,168853,"SNAPPER, RED",1,4836368.86,9341966.305,4180,72.71833333333333,16113291.38110701,4.83636886,16.11329138110701
2000,167759,"GROUPER, GAG",1,2257249.15,5563675.328,7533,72.71833333333333,9596386.754462834,2.25724915,9.596386754462834
2000,172435,"MACKEREL, KING",1,1566228.51,1773465.31,2363,72.71833333333333,3058923.8241012124,1.56622851,3.058923824101212
2000,168909,"SNAPPER, VERMILION",1,1463052.92,2756278.834,3329,72.71833333333333,4754108.774300474,1.46305292,4.754108774300474
2000,167699,"GROUPER, YELLOWEDGE",1,1247945.33,2998769.9699999997,1476,72.71833333333333,5172364.439557195,1.24794533,5.172364439557195
2000,172436,"MACKEREL, SPANISH",1,910954.91,461312.63,2353,72.71833333333333,795685.253220875,0.9109549100000001,0.795685253220875
2000,168689,"AMBERJACK, GREATER",1,784240.54,862540.47,1631,72.71833333333333,1487734.5376067474,0.78424054,1.4877345376067475
2000,168546,"TILEFISH, GOLDEN",1,470288.94,714142.38,871,72.71833333333333,1231773.2563837639,0.47028894,1.2317732563837638
2000,168907,"SNAPPER, YELLOWTAIL",1,377229.26,684456.9,1363,72.71833333333333,1180570.8891934634,0.37722926,1.1805708891934634
2000,167763,SCAMP,1,227943.94,540040.78,2890,72.71833333333333,931477.8240168687,0.22794394,0.9314778240168687
2000,168848,"SNAPPER, GRAY",1,186377.11,337309.71,5031,72.71833333333333,581801.4607907222,0.18637710999999998,0.5818014607907221
2000,168566,COBIA,1,129790.08,229573.863,2254,72.71833333333333,395975.582359515,0.12979008,0.395975582359515
2000,168861,"SNAPPER, SILK",1,117195.21,230311.46,417,72.71833333333333,397247.81081707956,0.11719521000000001,0.39724781081707955
2000,168543,"TILEFISH, BLUELINE",1,103577.67,88232.66,385,72.71833333333333,152186.22220347918,0.10357767,0.1521862222034792
2000,173138,"TRIGGERFISH, GRAY",1,87745.22,92854.55,1210,72.71833333333333,160158.1906167633,0.08774522,0.1601581906167633
2000,168849,"SNAPPER, MUTTON",1,74673.74,131719.71,573,72.71833333333333,227193.93311544543,0.07467374,0.22719393311544542
2000,168860,"SNAPPER, LANE",1,47221.68,67628.1,1600,72.71833333333333,116646.88624143385,0.04722168,0.11664688624143385
2000,168913,WENCHMAN,1,46633.9,44412.55,160,72.71833333333333,76604.03985239852,0.0466339,0.07660403985239853
2000,168691,"JACK, ALMACO",1,43630.86,43749.7,642,72.71833333333333,75460.73716394306,0.04363086,0.07546073716394307
2000,168690,"AMBERJACK, LESSER",1,42301.79,48174.18,295,72.71833333333333,83092.20714812863,0.04230179,0.08309220714812862
2000,169290,"DRUM, RED",1,38084,57977,118,72.71833333333333,100000.39219820769,0.038084,0.10000039219820768
2000,170566,HOGFISH,1,21256.12,38783.63,570,72.71833333333333,66895.11721665788,0.02125612,0.06689511721665788
2000,168902,"SNAPPER, QUEEN",1,18980.68,36310.44,136,72.71833333333333,62629.288181338954,0.01898068,0.06262928818133895
2000,168544,"TILEFISH, GOLDFACE",1,9811.65,7147.9400000000005,111,72.71833333333333,12328.971892461783,0.00981165,0.012328971892461783
2000,168847,"SNAPPER, CUBERA",1,958.6,894.85,9,72.71833333333333,1543.4629414865576,9.586e-4,0.0015434629414865576
2000,168852,"SNAPPER, BLACKFIN",1,897.45,1617.36,30,72.71833333333333,2789.6689088033736,8.9745e-4,0.0027896689088033736
2001,167702,"GROUPER, RED",1,6747085.07,12966459.85,7462,74.35249999999999,21873371.271344833,6.747085070000001,21.873371271344833
2001,168853,"SNAPPER, RED",1,4678293.44,10284332.12,3797,74.35249999999999,17348838.259702545,4.67829344,17.348838259702546
2001,167759,"GROUPER, GAG",1,3276882.34,8036509.67,7463,74.35249999999999,13556943.203557828,3.27688234,13.556943203557829
2001,168909,"SNAPPER, VERMILION",1,1734474.75,3249520.72,3710,74.35249999999999,5481679.192681708,1.73447475,5.481679192681709
2001,172435,"MACKEREL, KING",1,1447112.69,1782559.09,2461,74.35249999999999,3007033.318248434,1.44711269,3.007033318248434
2001,172436,"MACKEREL, SPANISH",1,1182918.55,632116.48,2070,74.35249999999999,1066329.4849731573,1.1829185500000001,1.0663294849731573
2001,167699,"GROUPER, YELLOWEDGE",1,850131.1,2176521.95,1422,74.35249999999999,3671616.867157572,0.8501311,3.6716168671575717
2001,168689,"AMBERJACK, GREATER",1,606318.03,615688,1646,74.35249999999999,1038615.9651211011,0.6063180300000001,1.038615965121101
2001,168546,"TILEFISH, GOLDEN",1,451211.48,693932.91,776,74.35249999999999,1170608.8133095729,0.45121148,1.170608813309573
2001,167763,SCAMP,1,309784.62,757896.144,3235,74.35249999999999,1278509.6267299687,0.30978462,1.2785096267299687
2001,168848,"SNAPPER, GRAY",1,197780.61,371644.684,4751,74.35249999999999,626934.5872500141,0.19778061,0.626934587250014
2001,168907,"SNAPPER, YELLOWTAIL",1,192098.63,364335.93,929,74.35249999999999,614605.3091261223,0.19209863,0.6146053091261223
2001,168861,"SNAPPER, SILK",1,103908.04,200344.31,364,74.35249999999999,337964.6816036224,0.10390804,0.33796468160362236
2001,168913,WENCHMAN,1,103821.95,98218.44,151,74.35249999999999,165686.581277025,0.10382195,0.16568658127702499
2001,168566,COBIA,1,91839.18,175399.14,1638,74.35249999999999,295884.1930856394,0.09183917999999999,0.2958841930856394
2001,168543,"TILEFISH, BLUELINE",1,84113.65000000001,75246.54000000001,351,74.35249999999999,126934.83999058542,0.08411365000000001,0.1269348399905854
2001,168849,"SNAPPER, MUTTON",1,79591.47,138256.62,624,74.35249999999999,233227.75954002893,0.07959147,0.23322775954002892
2001,173138,"TRIGGERFISH, GRAY",1,68886.78,72615.87,1013,74.35249999999999,122497.11201640833,0.06888678,0.12249711201640832
2001,168691,"JACK, ALMACO",1,57028.44,54420.336,688,74.35249999999999,91802.71468155073,0.05702844,0.09180271468155073
2001,168860,"SNAPPER, LANE",1,47654.71,75532.115,1512,74.35249999999999,127416.58196742994,0.047654709999999996,0.12741658196742994
2001,168690,"AMBERJACK, LESSER",1,38746.61,43771.44,262,74.35249999999999,73838.88657946943,0.03874661,0.07383888657946942
2001,168544,"TILEFISH, GOLDFACE",1,35695.24,59655.41,98,74.35249999999999,100633.86200777828,0.035695239999999996,0.10063386200777828
2001,170566,HOGFISH,1,24731.4,48736.97,621,74.35249999999999,82215.33493202426,0.0247314,0.08221533493202425
2001,168902,"SNAPPER, QUEEN",1,24308.9,44755.82,132,74.35249999999999,75499.45619223743,0.0243089,0.07549945619223743
2001,169290,"DRUM, RED",1,22695,35540,99,74.35249999999999,59953.11164161708,0.022695,0.059953111641617075
2001,168852,"SNAPPER, BLACKFIN",1,2400.27,4434.41,41,74.35249999999999,7480.491778128958,0.00240027,0.007480491778128958
2001,168847,"SNAPPER, CUBERA",1,1438.17,1184.21,16,74.35249999999999,1997.6666949105054,0.0014381700000000001,0.0019976666949105054
2002,167702,"GROUPER, RED",1,6796154.61,12501342.632,7794,75.5175,20763422.1894217,6.79615461,20.7634221894217
2002,168853,"SNAPPER, RED",1,4814418.52,10685875.37,4632,75.5175,17748121.006052017,4.814418519999999,17.748121006052017
2002,167759,"GROUPER, GAG",1,3140182.13,7394157.31,7463,75.5175,12280921.696325574,3.14018213,12.280921696325574
2002,168909,"SNAPPER, VERMILION",1,2016943.38,3597377.962,4545,75.5175,5974868.428030412,2.01694338,5.974868428030412
2002,172435,"MACKEREL, KING",1,1441969.55,1786796.23,2658,75.5175,2967681.5988541287,1.44196955,2.9676815988541287
2002,172436,"MACKEREL, SPANISH",1,960278.12,504892.06,3896,75.5175,838572.8885657849,0.96027812,0.8385728885657849
2002,167699,"GROUPER, YELLOWEDGE",1,868690.59,2212748.5,1565,75.5175,3675143.7551119495,0.8686905899999999,3.6751437551119497
2002,168689,"AMBERJACK, GREATER",1,701980.0700000001,710039.78,2085,75.5175,1179301.7884084263,0.7019800700000001,1.1793017884084263
2002,168546,"TILEFISH, GOLDEN",1,530849.08,762481.28,861,75.5175,1266401.6333450305,0.53084908,1.2664016333450305
2002,167763,SCAMP,1,353374.26,843442.408,3666,75.5175,1400869.5965934608,0.35337426,1.4008695965934608
2002,168907,"SNAPPER, YELLOWTAIL",1,318904.24,583110.54,1149,75.5175,968485.6004290397,0.31890424,0.9684856004290396
2002,168848,"SNAPPER, GRAY",1,230137.28,428973.602,5000,75.5175,712480.2726103662,0.23013728,0.7124802726103663
2002,168690,"AMBERJACK, LESSER",1,110233.19,111491.49,347,75.5175,185175.70036614029,0.11023319000000001,0.18517570036614028
2002,168566,COBIA,1,104990.82,203507.294,1921,75.5175,338004.3238821906,0.10499082000000001,0.33800432388219065
2002,173138,"TRIGGERFISH, GRAY",1,92999.52,98576.87,1204,75.5175,163725.8677066022,0.09299952,0.16372586770660222
2002,168849,"SNAPPER, MUTTON",1,86224.74,147746.51,687,75.5175,245391.49549353903,0.08622474000000001,0.24539149549353903
2002,168913,WENCHMAN,1,66208.74,75476.72,137,75.5175,125358.93535317421,0.06620874,0.12535893535317422
2002,168543,"TILEFISH, BLUELINE",1,60749.86,51570.49,286,75.5175,85653.18845389037,0.06074986,0.08565318845389037
2002,168860,"SNAPPER, LANE",1,53014.26,92369.8,1770,75.5175,153416.57383608655,0.05301426,0.15341657383608656
2002,168691,"JACK, ALMACO",1,46948.06,43602.488,731,75.5175,72419.17076456892,0.04694806,0.07241917076456891
2002,168861,"SNAPPER, SILK",1,46653.48,98149.91,215,75.5175,163016.73181624568,0.046653480000000004,0.16301673181624568
2002,170566,HOGFISH,1,29238.79,59668.08,628,75.5175,99102.43825338497,0.02923879,0.09910243825338497
2002,168544,"TILEFISH, GOLDFACE",1,20996.36,32209.3,101,75.5175,53496.27748093708,0.020996360000000002,0.053496277480937084
2002,169290,"DRUM, RED",1,19997,28359.9,198,75.5175,47102.82681497666,0.019997,0.047102826814976656
2002,168902,"SNAPPER, QUEEN",1,11667.65,20871.83,112,75.5175,34665.92596594608,0.01166765,0.03466592596594608
2002,168852,"SNAPPER, BLACKFIN",1,2229.23,3856.4,52,75.5175,6405.076933602586,0.00222923,0.006405076933602586
2002,168847,"SNAPPER, CUBERA",1,832.5,865.09,13,75.5175,1436.823982079209,8.325e-4,0.001436823982079209
2003,167702,"GROUPER, RED",1,5683242.63,11380291.5796,7898,77.005,18536355.282435723,5.68324263,18.53635528243572
2003,168853,"SNAPPER, RED",1,4445864.47,10477114.2999,4707,77.005,17065249.307475153,4.44586447,17.065249307475153
2003,167759,"GROUPER, GAG",1,2698150.76,6872199.01,7440,77.005,11193520.089530116,2.69815076,11.193520089530116
2003,168909,"SNAPPER, VERMILION",1,2433801.7,4533740.8,4974,77.005,7384611.337895807,2.4338017,7.384611337895807
2003,172435,"MACKEREL, KING",1,1660387.42,1966056.11,2893,77.005,3202335.749067377,1.66038742,3.2023357490673767
2003,172436,"MACKEREL, SPANISH",1,1473301.81,733105.83,3879,77.005,1194091.5599090967,1.4733018100000002,1.1940915599090967
2003,167699,"GROUPER, YELLOWEDGE",1,1263370.02,3160456.09,1894,77.005,5147788.747679587,1.26337002,5.147788747679588
2003,168689,"AMBERJACK, GREATER",1,854487.09,781864,2100,77.005,1273509.4514209034,0.85448709,1.2735094514209035
2003,168907,"SNAPPER, YELLOWTAIL",1,463155.94,831080.3300000001,1576,77.005,1353673.59943034,0.46315594,1.3536735994303402
2003,168546,"TILEFISH, GOLDEN",1,401369.99,598421.23,874,77.005,974715.6696508884,0.40136999,0.9747156696508884
2003,167763,SCAMP,1,363697.4,916707.09,4102,77.005,1493143.492090124,0.3636974,1.4931434920901239
2003,168848,"SNAPPER, GRAY",1,200455.58,379530.38,4551,77.005,618183.6304413134,0.20045558,0.6181836304413134
2003,168849,"SNAPPER, MUTTON",1,113035.13,194920.57,724,77.005,317488.9599359349,0.11303513000000001,0.3174889599359349
2003,168566,COBIA,1,110858.22,231791.175,1886,77.005,377544.2431400558,0.11085822000000001,0.3775442431400558
2003,168543,"TILEFISH, BLUELINE",1,95842.31,75993.24,358,77.005,123778.69985585353,0.09584231,0.12377869985585353
2003,173138,"TRIGGERFISH, GRAY",1,93960.19,102338.53,1291,77.005,166690.22387464016,0.09396019,0.16669022387464016
2003,168690,"AMBERJACK, LESSER",1,73144.13,73732.89,368,77.005,120097.01469255243,0.07314413,0.12009701469255243
2003,168913,WENCHMAN,1,53099.880000000005,48899.08,138,77.005,79647.40740817696,0.05309988,0.07964740740817697
2003,168860,"SNAPPER, LANE",1,50816.22,83868.015,1546,77.005,136605.22773066684,0.05081622,0.13660522773066683
2003,168544,"TILEFISH, GOLDFACE",1,38037.42,54693.11,102,77.005,89084.79289569941,0.038037419999999995,0.08908479289569941
2003,168691,"JACK, ALMACO",1,36342.93,30200.19,690,77.005,49190.43132783585,0.03634293,0.049190431327835855
2003,168861,"SNAPPER, SILK",1,30880.2,68237.84,199,77.005,111146.6114113802,0.0308802,0.1111466114113802
2003,170566,HOGFISH,1,27955.8,60034.92,510,77.005,97785.59702876436,0.0279558,0.09778559702876435
2003,169290,"DRUM, RED",1,26646,37005.5,326,77.005,60275.00179642015,0.026646,0.06027500179642015
2003,168902,"SNAPPER, QUEEN",1,9694.54,19518.37,169,77.005,31791.754923273376,0.009694540000000001,0.03179175492327337
2003,168852,"SNAPPER, BLACKFIN",1,2376.52,4224.93,101,77.005,6881.61660671385,0.00237652,0.00688161660671385
2003,168847,"SNAPPER, CUBERA",1,1719.62,2153.35,24,77.005,3507.402281237149,0.0017196199999999998,0.003507402281237149
2004,167702,"GROUPER, RED",1,6649701.23,12998137.958,7728,79.07083333333333,20618387.946825065,6.649701230000001,20.618387946825063
2004,168853,"SNAPPER, RED",1,4441371.82,11107745.102,4878,79.07083333333333,17619738.955495857,4.4413718200000005,17.61973895549586
2004,167759,"GROUPER, GAG",1,3069897.41,7650603.55,7016,79.07083333333333,12135823.80268325,3.0698974100000003,12.13582380268325
2004,168909,"SNAPPER, VERMILION",1,2137053.42,4050602.32,4621,79.07083333333333,6425296.47876735,2.13705342,6.4252964787673505
2004,172435,"MACKEREL, KING",1,2101169,2339682.86,2818,79.07083333333333,3711338.4267726196,2.101169,3.7113384267726195
2004,172436,"MACKEREL, SPANISH",1,1137001.84,687397.085,3854,79.07083333333333,1090388.4708596724,1.1370018400000002,1.0903884708596725
2004,167699,"GROUPER, YELLOWEDGE",1,1028263.29,2542222.44,1240,79.07083333333333,4032618.2630476896,1.02826329,4.03261826304769
2004,168689,"AMBERJACK, GREATER",1,861332.53,773031.8,1905,79.07083333333333,1226227.141082363,0.86133253,1.226227141082363
2004,168907,"SNAPPER, YELLOWTAIL",1,476111.53,989513.48,1710,79.07083333333333,1569622.73174643,0.47611153,1.56962273174643
2004,168546,"TILEFISH, GOLDEN",1,464239.16,665845.28,693,79.07083333333333,1056201.7682811827,0.46423916,1.0562017682811828
2004,167763,SCAMP,1,371049.5,925299.625,3954,79.07083333333333,1467763.0516730782,0.3710495,1.4677630516730782
2004,168848,"SNAPPER, GRAY",1,229468.06,441168.918,4770,79.07083333333333,699807.3055384519,0.22946806,0.6998073055384518
2004,168849,"SNAPPER, MUTTON",1,202278.38,346404.4,901,79.07083333333333,549486.4209601097,0.20227838,0.5494864209601097
2004,168543,"TILEFISH, BLUELINE",1,129764.36,106814.62,295,79.07083333333333,169435.44380502714,0.12976436,0.16943544380502715
2004,168566,COBIA,1,99860.9,209647.28,1739,79.07083333333333,332554.4754951784,0.09986089999999999,0.3325544754951784
2004,173138,"TRIGGERFISH, GRAY",1,86559.12,87170.89,1121,79.07083333333333,138275.43864341045,0.08655911999999999,0.13827543864341046
2004,168544,"TILEFISH, GOLDFACE",1,84590.76,111841.8,140,79.07083333333333,177409.84351161934,0.08459076,0.17740984351161934
2004,168690,"AMBERJACK, LESSER",1,67749.54000000001,73554.90000000001,269,79.07083333333333,116676.97854033833,0.06774954000000001,0.11667697854033833
2004,168913,WENCHMAN,1,64313.96,51616.55,109,79.07083333333333,81877.1162312273,0.06431396,0.08187711623122729
2004,168860,"SNAPPER, LANE",1,42483.19,70969.27,1382,79.07083333333333,112575.50472930391,0.042483190000000004,0.11257550472930392
2004,168861,"SNAPPER, SILK",1,34373.8,79037.99,299,79.07083333333333,125374.5686976867,0.0343738,0.1253745686976867
2004,169290,"DRUM, RED",1,32532,49564,250,79.07083333333333,78621.24432734364,0.032532,0.07862124432734363
2004,168691,"JACK, ALMACO",1,27746.86,23939.29,509,79.07083333333333,37973.86748674712,0.02774686,0.03797386748674712
2004,170566,HOGFISH,1,25286.99,58327.5,476,79.07083333333333,92522.40796753966,0.025286990000000002,0.09252240796753966
2004,168902,"SNAPPER, QUEEN",1,7901.610000000001,15924.4,143,79.07083333333333,25260.19173525847,0.00790161,0.02526019173525847
2004,168852,"SNAPPER, BLACKFIN",1,3787.32,7326.25,86,79.07083333333333,11621.315697950151,0.0037873200000000003,0.011621315697950151
2004,168847,"SNAPPER, CUBERA",1,1376.41,1550.09,25,79.07083333333333,2458.841187542815,0.00137641,0.0024588411875428153
2005,167702,"GROUPER, RED",1,6345038.25,13288115.41,6470,81.55,20437572.31340609,6.34503825,20.43757231340609
2005,168853,"SNAPPER, RED",1,4188255.38,11557416.9,4458,81.55,17775699.289319437,4.18825538,17.775699289319437
2005,167759,"GROUPER, GAG",1,2718264.92,7156541.105,5870,81.55,11007003.012423463,2.7182649199999998,11.007003012423462
2005,172435,"MACKEREL, KING",1,1958249.7,2391995.2800000003,2403,81.55,3678969.891511956,1.9582496999999999,3.678969891511956
2005,168909,"SNAPPER, VERMILION",1,1870131.77,3765889.959,4020,81.55,5792066.518587859,1.87013177,5.792066518587859
2005,172436,"MACKEREL, SPANISH",1,1668552.07,960095.06,3151,81.55,1476658.7744810954,1.66855207,1.4766587744810953
2005,167699,"GROUPER, YELLOWEDGE",1,911155.15,2354025.07,1069,81.55,3620570.4203539747,0.91115515,3.6205704203539746
2005,168689,"AMBERJACK, GREATER",1,662920.65,638888.5,1658,81.55,982632.1879419578,0.66292065,0.9826321879419578
2005,168546,"TILEFISH, GOLDEN",1,576007.38,949067.14,573,81.55,1459697.4593876966,0.57600738,1.4596974593876966
2005,168907,"SNAPPER, YELLOWTAIL",1,540762.23,1205085.46,2147,81.55,1853462.3212295114,0.54076223,1.8534623212295114
2005,167763,SCAMP,1,357873.08,933025.84,3382,81.55,1435025.3957702839,0.35787308,1.4350253957702839
2005,168848,"SNAPPER, GRAY",1,238840.39,466979.79,4355,81.55,718230.7597841815,0.23884039,0.7182307597841815
2005,168849,"SNAPPER, MUTTON",1,144310.81,265599.6,944,81.55,408501.19553648063,0.14431080999999998,0.4085011955364806
2005,168543,"TILEFISH, BLUELINE",1,94422.14,82812.28,294,81.55,127368.0961307991,0.09442214,0.1273680961307991
2005,168566,COBIA,1,87476.28,191872.8,1418,81.55,295106.8758798283,0.08747628,0.2951068758798283
2005,168913,WENCHMAN,1,63300.34,61629.85,59,81.55,94788.80015532393,0.06330034,0.09478880015532393
2005,169290,"DRUM, RED",1,52898,78111.5,305,81.55,120138.13701205804,0.052898,0.12013813701205804
2005,173138,"TRIGGERFISH, GRAY",1,45485.96,46609.31,845,81.55,71686.70004823216,0.04548596,0.07168670004823216
2005,168690,"AMBERJACK, LESSER",1,43785.84,51798.7,152,81.55,79668.15792356427,0.04378584,0.07966815792356427
2005,168860,"SNAPPER, LANE",1,40058.8,75426.42,1260,81.55,116008.39287798895,0.040058800000000006,0.11600839287798895
2005,168544,"TILEFISH, GOLDFACE",1,34771.520000000004,51856.15,68,81.55,79756.51797261393,0.03477152000000001,0.07975651797261393
2005,168861,"SNAPPER, SILK",1,26467.3,61957.34,271,81.55,95292.49088575515,0.0264673,0.09529249088575514
2005,170566,HOGFISH,1,20194.1,48361.86,386,81.55,74382.18140527284,0.0201941,0.07438218140527285
2005,168691,"JACK, ALMACO",1,18738.97,17085.71,303,81.55,26278.40163008379,0.01873897,0.02627840163008379
2005,168902,"SNAPPER, QUEEN",1,13179.73,29070.77,110,81.55,44711.83051543021,0.013179729999999999,0.044711830515430206
2005,168852,"SNAPPER, BLACKFIN",1,3409.9300000000003,6954,59,81.55,10695.48792152054,0.0034099300000000003,0.01069548792152054
2005,168847,"SNAPPER, CUBERA",1,744.26,1018.45,17,81.55,1566.410651951768,7.4426e-4,0.001566410651951768
2006,167702,"GROUPER, RED",1,5879407.33,13927843.47,6139,84.07583333333334,20777944.28003132,5.87940733,20.77794428003132
2006,168853,"SNAPPER, RED",1,4681519.02,13259203.26,4744,84.07583333333334,19780448.217077043,4.68151902,19.780448217077044
2006,172435,"MACKEREL, KING",1,2123523.46,2523060.872,3188,84.07583333333334,3763972.3857079814,2.12352346,3.7639723857079814
2006,168909,"SNAPPER, VERMILION",1,1765062.7000000002,4087165.7,3855,84.07583333333334,6097347.472404872,1.7650627,6.097347472404872
2006,172436,"MACKEREL, SPANISH",1,1460718.73,819446.371,4066,84.07583333333334,1222472.8884831353,1.46071873,1.2224728884831353
2006,167759,"GROUPER, GAG",1,1438931.66,4149754.82,5510,84.07583333333334,6190719.662485652,1.43893166,6.190719662485652
2006,167699,"GROUPER, YELLOWEDGE",1,815264.9500000001,2244462.26,1070,84.07583333333334,3348351.227335639,0.8152649500000001,3.348351227335639
2006,168689,"AMBERJACK, GREATER",1,557629.61,614996.482,1404,84.07583333333334,917468.8574678018,0.55762961,0.9174688574678018
2006,168907,"SNAPPER, YELLOWTAIL",1,543067.93,1324837.39,1973,84.07583333333334,1976429.267661932,0.5430679300000001,1.976429267661932
2006,168546,"TILEFISH, GOLDEN",1,297200.91000000003,471553.63,518,84.07583333333334,703476.8211095142,0.29720091000000004,0.7034768211095143
2006,167763,SCAMP,1,249612.59,709815.91,3142,84.07583333333334,1058923.1174824315,0.24961259,1.0589231174824314
2006,168848,"SNAPPER, GRAY",1,203073.99,431460.546,4207,84.07583333333334,643664.8432422316,0.20307398999999998,0.6436648432422316
2006,168849,"SNAPPER, MUTTON",1,141137.36000000002,285098.01,878,84.07583333333334,425317.1410841403,0.14113736000000002,0.42531714108414026
2006,168543,"TILEFISH, BLUELINE",1,124577.43,102634.04,295,84.07583333333334,153112.31555322077,0.12457742999999999,0.15311231555322077
2006,168566,COBIA,1,80975.83,164235.64,1358,84.07583333333334,245011.29583094627,0.08097583,0.24501129583094627
2006,168860,"SNAPPER, LANE",1,49479.68,97038.36,1569,84.07583333333334,144764.52448999413,0.04947968,0.14476452448999413
2006,168690,"AMBERJACK, LESSER",1,40576.62,48083.22,173,84.07583333333334,71731.88499112903,0.04057662,0.07173188499112904
2006,168913,WENCHMAN,1,40135.94,26719,25,84.07583333333334,39860.14736696038,0.04013594,0.03986014736696038
2006,173138,"TRIGGERFISH, GRAY",1,32749.5,30109.03,779,84.07583333333334,44917.488411850405,0.0327495,0.044917488411850406
2006,169290,"DRUM, RED",1,32324,46706,194,84.07583333333334,69677.30988888998,0.032324,0.06967730988888998
2006,168544,"TILEFISH, GOLDFACE",1,28711.36,41310.7,45,84.07583333333334,61628.45128306786,0.028711360000000002,0.061628451283067855
2006,168861,"SNAPPER, SILK",1,16510.31,41184.18,207,84.07583333333334,61439.70522801835,0.01651031,0.06143970522801835
2006,170566,HOGFISH,1,15747.87,41205.93,322,84.07583333333334,61472.15248297667,0.01574787,0.061472152482976675
2006,168691,"JACK, ALMACO",1,15072.13,15737.11,242,84.07583333333334,23477.058412742463,0.01507213,0.023477058412742464
2006,168902,"SNAPPER, QUEEN",1,6207.46,14732.2,81,84.07583333333334,21977.905723999167,0.00620746,0.02197790572399917
2006,168852,"SNAPPER, BLACKFIN",1,6046.3,13140.9,48,84.07583333333334,19603.960123301382,0.0060463,0.019603960123301383
2006,168847,"SNAPPER, CUBERA",1,1075.81,1417.01,19,84.07583333333334,2113.9349309651006,0.00107581,0.0021139349309651006
2007,167702,"GROUPER, RED",1,4227355.39,10704067.96,5332,86.3325,15551218.417122947,4.22735539,15.551218417122946
2007,168853,"SNAPPER, RED",1,3086169.64,9828577.68,3230,86.3325,14279277.635615788,3.08616964,14.279277635615788
2007,168909,"SNAPPER, VERMILION",1,2390393.5300000003,5346569.11,3263,86.3325,7767669.6675095325,2.3903935300000003,7.767669667509533
2007,172435,"MACKEREL, KING",1,1953107.58,2862312.38,3154,86.3325,4158460.6119611193,1.9531075800000002,4.158460611961119
2007,167759,"GROUPER, GAG",1,1365281.38,4410788.67,4584,86.3325,6408137.378729911,1.3652813799999999,6.4081373787299105
2007,167699,"GROUPER, YELLOWEDGE",1,1002053.91,3119641.02,1191,86.3325,4532316.037821215,1.00205391,4.532316037821214
2007,172436,"MACKEREL, SPANISH",1,979709.02,696606.74,3790,86.3325,1012052.9508091777,0.97970902,1.0120529508091778
2007,168689,"AMBERJACK, GREATER",1,587401.59,642261.02,1180,86.3325,933097.7194976786,0.5874015899999999,0.9330977194976786
2007,167763,SCAMP,1,320802.96,986445.03,2713,86.3325,1433139.4545831524,0.32080296,1.4331394545831524
2007,168546,"TILEFISH, GOLDEN",1,320584.44,536044.95,466,86.3325,778783.5549995656,0.32058444,0.7787835549995656
2007,168907,"SNAPPER, YELLOWTAIL",1,317628.09,767163.24,1638,86.3325,1114559.7310676745,0.31762809000000003,1.1145597310676745
2007,168848,"SNAPPER, GRAY",1,149553.52,323747.27,3069,86.3325,470350.5738688598,0.14955352,0.4703505738688598
2007,168543,"TILEFISH, BLUELINE",1,129539.05,112971.12,219,86.3325,164128.12105753916,0.12953905000000002,0.16412812105753916
2007,168849,"SNAPPER, MUTTON",1,99299.59,203781.85,584,86.3325,296060.90606279986,0.09929959,0.29606090606279983
2007,168566,COBIA,1,72814.59,184197.42,1242,86.3325,267608.0085622448,0.07281459,0.2676080085622448
2007,168913,WENCHMAN,1,40956.36,25537.75,22,86.3325,37102.074614619836,0.04095636,0.03710207461461983
2007,173138,"TRIGGERFISH, GRAY",1,38486.4,33925.8,425,86.3325,49288.506738482036,0.038486400000000004,0.049288506738482035
2007,168691,"JACK, ALMACO",1,30568.15,30612.33,353,86.3325,44474.58964816263,0.030568150000000002,0.04447458964816264
2007,168860,"SNAPPER, LANE",1,28696.16,60243.89,1219,86.3325,87524.28471008407,0.02869616,0.08752428471008407
2007,168690,"AMBERJACK, LESSER",1,26702.2,34020.15,132,86.3325,49425.58149016883,0.026702200000000002,0.049425581490168825
2007,169290,"DRUM, RED",1,26440,39539.1,119,86.3325,57443.69172675412,0.02644,0.05744369172675412
2007,168861,"SNAPPER, SILK",1,23249.58,64026.28,237,86.3325,93019.46404270311,0.023249580000000002,0.09301946404270311
2007,170566,HOGFISH,1,17951.29,50841.65,279,86.3325,73864.40433594919,0.01795129,0.0738644043359492
2007,168902,"SNAPPER, QUEEN",1,7987.46,19634.33,91,86.3325,28525.39384511434,0.00798746,0.02852539384511434
2007,168852,"SNAPPER, BLACKFIN",1,7429.25,19119.58,85,86.3325,27777.548286759527,0.00742925,0.02777754828675953
2007,168847,"SNAPPER, CUBERA",1,1103.97,1828.26,23,86.3325,2656.1556493788553,0.0011039700000000001,0.0026561556493788553
2008,167702,"GROUPER, RED",1,5558882.34,13425154.58,5431,88.00666666666666,19133464.000312097,5.55888234,19.1334640003121
2008,168909,"SNAPPER, VERMILION",1,2814200.18,6654359.355,3823,88.00666666666666,9483760.086733581,2.8142001800000003,9.483760086733582
2008,168853,"SNAPPER, RED",1,2464402.25,8251417.53,2906,88.00666666666666,11759879.50984168,2.46440225,11.75987950984168
2008,172435,"MACKEREL, KING",1,2156059.62,3102676.45,3159,88.00666666666666,4421919.15235967,2.15605962,4.42191915235967
2008,167759,"GROUPER, GAG",1,1479601.57,4910125.75,4744,88.00666666666666,6997886.967691842,1.47960157,6.997886967691842
2008,172436,"MACKEREL, SPANISH",1,1299512.28,882643.85,4500,88.00666666666666,1257939.655624574,1.29951228,1.257939655624574
2008,167699,"GROUPER, YELLOWEDGE",1,933036.1,2964358.3200000003,1089,88.00666666666666,4224788.836639649,0.9330360999999999,4.224788836639649
2008,168689,"AMBERJACK, GREATER",1,433632.57,508960.46,1302,88.00666666666666,725367.9338262253,0.43363257,0.7253679338262253
2008,168907,"SNAPPER, YELLOWTAIL",1,332802.18,797685.24,1197,88.00666666666666,1136857.0642648286,0.33280218,1.1368570642648286
2008,168546,"TILEFISH, GOLDEN",1,327488.73,549175.14,545,88.00666666666666,782681.6971411257,0.32748873,0.7826816971411257
2008,167763,SCAMP,1,323032.73,1031271.24,2847,88.00666666666666,1469762.6777789562,0.32303273,1.4697626777789563
2008,168543,"TILEFISH, BLUELINE",1,165645.89,136312.87,266,88.00666666666666,194272.42907204,0.16564589000000002,0.19427242907203998
2008,168848,"SNAPPER, GRAY",1,150491.13,323060.95,3191,88.00666666666666,460424.87033558066,0.15049113,0.46042487033558066
2008,168566,COBIA,1,68254.13,171242.615,1229,88.00666666666666,244054.12912733885,0.06825413000000001,0.24405412912733884
2008,168849,"SNAPPER, MUTTON",1,51020.12,105747.75,476,88.00666666666666,150711.171009772,0.05102012,0.150711171009772
2008,168913,WENCHMAN,1,44425.79,21787.45,28,88.00666666666666,31051.366131353687,0.04442579,0.031051366131353685
2008,169290,"DRUM, RED",1,31260,47349.25,84,88.00666666666666,67481.9172411181,0.03126,0.0674819172411181
2008,168544,"TILEFISH, GOLDFACE",1,30660,48326.55,66,88.00666666666666,68874.76037421408,0.03066,0.06887476037421408
2008,173138,"TRIGGERFISH, GRAY",1,27361.36,25387.66,363,88.00666666666666,36182.36764184532,0.02736136,0.03618236764184532
2008,168860,"SNAPPER, LANE",1,25348.88,53747.83,1370,88.00666666666666,76601.14185440498,0.02534888,0.07660114185440497
2008,168690,"AMBERJACK, LESSER",1,24126.38,32018.05,104,88.00666666666666,45631.966722218014,0.02412638,0.04563196672221802
2008,168691,"JACK, ALMACO",1,24122.47,26770.45,330,88.00666666666666,38153.11312021817,0.02412247,0.03815311312021817
2008,170566,HOGFISH,1,24090.31,77303.63,336,88.00666666666666,110172.75167184306,0.02409031,0.11017275167184305
2008,168861,"SNAPPER, SILK",1,18944.13,47985.05,183,88.00666666666666,68388.05626088934,0.01894413,0.06838805626088934
2008,168902,"SNAPPER, QUEEN",1,13478.47,31141.91,110,88.00666666666666,44383.2963214908,0.01347847,0.0443832963214908
2008,168852,"SNAPPER, BLACKFIN",1,3410.49,8068.65,68,88.00666666666666,11499.400128778123,0.00341049,0.011499400128778123
2008,168847,"SNAPPER, CUBERA",1,621.53,1055.46,16,88.00666666666666,1504.2363790621923,6.2153e-4,0.0015042363790621924
2009,167702,"GROUPER, RED",1,4355691.71,10414803.79,5841,88.56416666666667,14749691.354107473,4.35569171,14.749691354107473
2009,168909,"SNAPPER, VERMILION",1,3793171.19,8236859.59,5271,88.56416666666667,11665235.28712779,3.79317119,11.66523528712779
2009,172435,"MACKEREL, KING",1,2851887.1,3464111.02,3869,88.56416666666667,4905955.9250095505,2.8518871,4.90595592500955
2009,168853,"SNAPPER, RED",1,2500791.75,7982523.42,3280,88.56416666666667,11305038.390160054,2.50079175,11.305038390160053
2009,172436,"MACKEREL, SPANISH",1,1815727.32,948298.13,3552,88.56416666666667,1343002.2313629477,1.8157273200000001,1.3430022313629477
2009,167699,"GROUPER, YELLOWEDGE",1,958161.49,2833239.5700000003,1215,88.56416666666667,4012500.8624616805,0.95816149,4.012500862461681
2009,167759,"GROUPER, GAG",1,840294.87,2798223.9699999997,4343,88.56416666666667,3962910.9419031395,0.84029487,3.9629109419031394
2009,168907,"SNAPPER, YELLOWTAIL",1,685743.9400000001,1496094.1208,1942,88.56416666666667,2118803.864522423,0.68574394,2.118803864522423
2009,168689,"AMBERJACK, GREATER",1,595816.12,635683.9,1261,88.56416666666667,900270.5680137754,0.59581612,0.9002705680137754
2009,168546,"TILEFISH, GOLDEN",1,504392.88,755880.89,561,88.56416666666667,1070496.3869480696,0.50439288,1.0704963869480695
2009,167763,SCAMP,1,295224.46,966723.56,2939,88.56416666666667,1369096.7609428193,0.29522446,1.3690967609428193
2009,168848,"SNAPPER, GRAY",1,180843.32,372509.33,3642,88.56416666666667,527556.5200086567,0.18084332,0.5275565200086567
2009,168543,"TILEFISH, BLUELINE",1,112558.99,88825.87,268,88.56416666666667,125797.29711452148,0.11255899000000001,0.12579729711452148
2009,168566,COBIA,1,62150.2,158917.98,1191,88.56416666666667,225063.4004136361,0.062150199999999996,0.2250634004136361
2009,168690,"AMBERJACK, LESSER",1,46477.81,56625.58,92,88.56416666666667,80194.485137518,0.046477809999999994,0.080194485137518
2009,168849,"SNAPPER, MUTTON",1,41745.83,88933.08,399,88.56416666666667,125949.13045117946,0.041745830000000005,0.12594913045117945
2009,168691,"JACK, ALMACO",1,37732.36,38523.04,527,88.56416666666667,54557.240009409375,0.03773236,0.054557240009409376
2009,168860,"SNAPPER, LANE",1,35902.75,79539.28,2015,88.56416666666667,112645.40880303358,0.03590275,0.11264540880303359
2009,169290,"DRUM, RED",1,35290,55728.8,119,88.56416666666667,78924.44409985228,0.03529,0.07892444409985228
2009,170566,HOGFISH,1,32066.54,100996.34,390,88.56416666666667,143033.40446267772,0.03206654,0.1430334044626777
2009,168913,WENCHMAN,1,30446.14,13713.4,32,88.56416666666667,19421.241292095183,0.03044614,0.019421241292095184
2009,173138,"TRIGGERFISH, GRAY",1,19475.88,20512.42,354,88.56416666666667,29050.174158472666,0.01947588,0.029050174158472667
2009,168861,"SNAPPER, SILK",1,19181.2,47266.54,191,88.56416666666667,66939.99142316775,0.019181200000000002,0.06693999142316776
2009,168902,"SNAPPER, QUEEN",1,10382.1,24674.7,136,88.56416666666667,34944.893499063764,0.0103821,0.03494489349906377
2009,168852,"SNAPPER, BLACKFIN",1,1739.38,3730.35,50,88.56416666666667,5283.009862905426,0.00173938,0.005283009862905427
2009,168847,"SNAPPER, CUBERA",1,1522.06,2303.5,18,88.56416666666667,3262.271159328923,0.00152206,0.003262271159328923
2010,167702,"GROUPER, RED",1,3470137.22,8947544.41,4122,89.63416666666667,12520456.338616412,3.4701372200000002,12.520456338616412
2010,168853,"SNAPPER, RED",1,3319537.27,10340966.08,4162,89.63416666666667,14470295.800828924,3.31953727,14.470295800828925
2010,172435,"MACKEREL, KING",1,2262617.92,3148922.86,2543,89.63416666666667,4406343.168102937,2.26261792,4.406343168102937
2010,168909,"SNAPPER, VERMILION",1,2101213.77,5074279.9666,4155,89.63416666666667,7100529.2469659,2.10121377,7.1005292469659
2010,172436,"MACKEREL, SPANISH",1,1251654.42,831090.68,3339,89.63416666666667,1162959.812833276,1.25165442,1.162959812833276
2010,167759,"GROUPER, GAG",1,582080.11,2106987.11,3199,89.63416666666667,2948344.138677773,0.58208011,2.948344138677773
2010,167699,"GROUPER, YELLOWEDGE",1,524737.14,1707674.4,565,89.63416666666667,2389578.8370580412,0.52473714,2.3895788370580413
2010,168689,"AMBERJACK, GREATER",1,520882.25,546099.6900000001,682,89.63416666666667,764166.9056747335,0.52088225,0.7641669056747334
2010,168907,"SNAPPER, YELLOWTAIL",1,364230.37,968100.99,1028,89.63416666666667,1354680.7505218433,0.36423036999999997,1.3546807505218432
2010,168546,"TILEFISH, GOLDEN",1,243130.95,493312.41,319,89.63416666666667,690300.7358979555,0.24313095,0.6903007358979555
2010,167763,SCAMP,1,184407.55,638488.71,1977,89.63416666666667,893448.4870865833,0.18440754999999998,0.8934484870865833
2010,168848,"SNAPPER, GRAY",1,101362.7,255567.867,2263,89.63416666666667,357620.6133998754,0.1013627,0.3576206133998754
2010,168566,COBIA,1,81637.62,260380.44,1148,89.63416666666667,364354.9314833443,0.08163762,0.3643549314833443
2010,168849,"SNAPPER, MUTTON",1,51262.45,104707.97,355,89.63416666666667,146519.70491758164,0.051262449999999994,0.14651970491758162
2010,169290,"DRUM, RED",1,46002,79957.97,160,89.63416666666667,111886.59440354774,0.046002,0.11188659440354774
2010,170566,HOGFISH,1,34779.29,119871.06,341,89.63416666666667,167737.6835722985,0.03477929,0.16773768357229848
2010,168543,"TILEFISH, BLUELINE",1,33069.57,39741.3,113,89.63416666666667,55610.700398843444,0.03306957,0.05561070039884344
2010,168861,"SNAPPER, SILK",1,32637.62,89683.58,203,89.63416666666667,125495.81161350303,0.03263762,0.12549581161350304
2010,168913,WENCHMAN,1,31620,15702.75,17,89.63416666666667,21973.134388858412,0.03162,0.021973134388858413
2010,168691,"JACK, ALMACO",1,27895.25,28302.89,370,89.63416666666667,39604.73200955737,0.02789525,0.039604732009557365
2010,168690,"AMBERJACK, LESSER",1,26996.3,35391.700000000004,70,89.63416666666667,49524.22858099126,0.0269963,0.04952422858099126
2010,168860,"SNAPPER, LANE",1,17266.29,42559.0368,1135,89.63416666666667,59553.609085464064,0.01726629,0.05955360908546407
2010,173138,"TRIGGERFISH, GRAY",1,11695.6,13054.05,270,89.63416666666667,18266.76187093835,0.0116956,0.01826676187093835
2010,168902,"SNAPPER, QUEEN",1,4037.94,8804,90,89.63416666666667,12319.59211982038,0.00403794,0.01231959211982038
2010,168852,"SNAPPER, BLACKFIN",1,2285.5,5256.58,40,89.63416666666667,7355.624891549911,0.0022855,0.007355624891549911
2010,168847,"SNAPPER, CUBERA",1,1217.83,2123.77,25,89.63416666666667,2971.828731975344,0.0012178299999999998,0.002971828731975344
2011,167702,"GROUPER, RED",1,5593727.37,15038652.1,5026,91.48166666666667,20618863.56897739,5.59372737,20.61886356897739
2011,168853,"SNAPPER, RED",1,3562086.86,11430676.27,4895,91.48166666666667,15672119.611855198,3.56208686,15.672119611855198
2011,168909,"SNAPPER, VERMILION",1,3141431.08,8122361.738,5968,91.48166666666667,11136228.660659293,3.1414310800000003,11.136228660659294
2011,172435,"MACKEREL, KING",1,2547655.18,3797206.29,3051,91.48166666666667,5206189.884316348,2.54765518,5.206189884316347
2011,172436,"MACKEREL, SPANISH",1,1319905.45,933232.24,4413,91.48166666666667,1279515.4849503543,1.31990545,1.2795154849503543
2011,167699,"GROUPER, YELLOWEDGE",1,647406.93,2184740.82,723,91.48166666666667,2995406.277212556,0.64740693,2.995406277212556
2011,168689,"AMBERJACK, GREATER",1,497775.71,586482.29,562,91.48166666666667,804101.2081881616,0.49777571000000004,0.8041012081881616
2011,168907,"SNAPPER, YELLOWTAIL",1,429604.27,1172093.972,1328,91.48166666666667,1607008.7623536957,0.42960427,1.6070087623536957
2011,167759,"GROUPER, GAG",1,371522.19,1444568.61,2643,91.48166666666667,1980587.2818626682,0.37152219000000003,1.9805872818626682
2011,168546,"TILEFISH, GOLDEN",1,356837.08,773378.92,386,91.48166666666667,1060347.3191991108,0.35683708000000003,1.0603473191991108
2011,168848,"SNAPPER, GRAY",1,181665.16,433377.82,2510,91.48166666666667,594186.1069052087,0.18166516,0.5941861069052087
2011,167763,SCAMP,1,169594.13,603064.856,2339,91.48166666666667,826836.8671889814,0.16959413,0.8268368671889814
2011,168849,"SNAPPER, MUTTON",1,90299.15,206363.19,492,91.48166666666667,282935.89292280783,0.09029915,0.28293589292280785
2011,168566,COBIA,1,68118.08,219241.5,1213,91.48166666666667,300592.8022736796,0.06811808,0.30059280227367957
2011,168861,"SNAPPER, SILK",1,53220.55,169866.51,322,91.48166666666667,232896.82953888757,0.053220550000000005,0.23289682953888757
2011,170566,HOGFISH,1,45220.63,171182.09,389,91.48166666666667,234700.56596112152,0.04522063,0.23470056596112152
2011,168543,"TILEFISH, BLUELINE",1,42475.52,45228,134,91.48166666666667,62010.20911293702,0.042475519999999996,0.06201020911293702
2011,168691,"JACK, ALMACO",1,36343.04,37786.294,356,91.48166666666667,51807.19891533823,0.03634304,0.05180719891533823
2011,169290,"DRUM, RED",1,35223,72250.6,139,91.48166666666667,99059.75976242963,0.035223,0.09905975976242963
2011,168913,WENCHMAN,1,34539.62,19101.05,58,91.48166666666667,26188.64651933903,0.03453962,0.02618864651933903
2011,173138,"TRIGGERFISH, GRAY",1,15897.4,18171.19,299,91.48166666666667,24913.75457086119,0.0158974,0.02491375457086119
2011,168860,"SNAPPER, LANE",1,14288.53,29627.042800000003,1136,91.48166666666667,40620.39266440999,0.01428853,0.04062039266440999
2011,168902,"SNAPPER, QUEEN",1,13981.87,36785.95,162,91.48166666666667,50435.6693180783,0.01398187,0.050435669318078295
2011,168852,"SNAPPER, BLACKFIN",1,10241.77,29021.31,123,91.48166666666667,39789.89789138079,0.01024177,0.039789897891380786
2011,168690,"AMBERJACK, LESSER",1,6414.25,7043.35,37,91.48166666666667,9656.841035544463,0.00641425,0.009656841035544463
2011,168847,"SNAPPER, CUBERA",1,1499.01,2062.2088,23,91.48166666666667,2827.407776654703,0.00149901,0.002827407776654703
2012,167702,"GROUPER, RED",1,6129731.68,16706110.975,5054,93.18083333333334,22487369.318343364,6.12973168,22.487369318343365
2012,168853,"SNAPPER, RED",1,4034210.12,13677352,4926,93.18083333333334,18410488.603915323,4.03421012,18.410488603915322
2012,172435,"MACKEREL, KING",1,2531194.4,4014889.86,3442,93.18083333333334,5404268.605027142,2.5311944,5.404268605027142
2012,168909,"SNAPPER, VERMILION",1,2433088.72,6575015.214,5870,93.18083333333334,8850341.986366723,2.43308872,8.850341986366722
2012,172436,"MACKEREL, SPANISH",1,1652246.98,1382686.66,6279,93.18083333333334,1861174.3703544182,1.65224698,1.8611743703544181
2012,167699,"GROUPER, YELLOWEDGE",1,791053.84,2940581.37,888,93.18083333333334,3958188.67579563,0.79105384,3.95818867579563
2012,167759,"GROUPER, GAG",1,620540.22,2468724.558,3277,93.18083333333334,3323042.7455010954,0.62054022,3.3230427455010956
2012,168907,"SNAPPER, YELLOWTAIL",1,395972.44,1129403.37,1192,93.18083333333334,1520240.7507395118,0.39597244,1.5202407507395117
2012,168546,"TILEFISH, GOLDEN",1,372592.97,864873.49,464,93.18083333333334,1164168.5855181233,0.37259296999999997,1.1641685855181234
2012,168689,"AMBERJACK, GREATER",1,301757.99,362639.63,338,93.18083333333334,488133.43222014536,0.30175799,0.4881334322201454
2012,167763,SCAMP,1,293976.35000000003,1082541.48,2820,93.18083333333334,1457161.9989604442,0.29397635000000005,1.4571619989604443
2012,168848,"SNAPPER, GRAY",1,168551.02,408236.4298,2964,93.18083333333334,549509.3011085755,0.16855102,0.5495093011085755
2012,168543,"TILEFISH, BLUELINE",1,91098.48,107857.47,217,93.18083333333334,145182.24889453303,0.09109848,0.14518224889453302
2012,168849,"SNAPPER, MUTTON",1,82402.34,192100.75,435,93.18083333333334,258578.46377563337,0.08240233999999999,0.25857846377563337
2012,168861,"SNAPPER, SILK",1,54359.630000000005,159310.29,315,93.18083333333334,214440.65185508464,0.054359630000000006,0.21444065185508462
2012,168566,COBIA,1,53357.55,143421.803,1001,93.18083333333334,193053.85060532836,0.053357550000000004,0.19305385060532837
2012,168691,"JACK, ALMACO",1,47844.84,57186.83,596,93.18083333333334,76976.70440952627,0.04784484,0.07697670440952627
2012,169290,"DRUM, RED",1,43620,87943.35,250,93.18083333333334,118376.71816628956,0.04362,0.11837671816628956
2012,170566,HOGFISH,1,42669.33,166887.63,429,93.18083333333334,224640.17963780105,0.04266933,0.22464017963780106
2012,168913,WENCHMAN,1,31756.81,22391.41,42,93.18083333333334,30140.10304265004,0.03175681,0.03014010304265004
2012,168860,"SNAPPER, LANE",1,29056.12,59844.047,1591,93.18083333333334,80553.46863235465,0.029056119999999998,0.08055346863235464
2012,168902,"SNAPPER, QUEEN",1,26502.15,68470.978,222,93.18083333333334,92165.80520614932,0.026502150000000002,0.09216580520614932
2012,173138,"TRIGGERFISH, GRAY",1,8997.14,10659,164,93.18083333333334,14347.616265862971,0.008997139999999999,0.014347616265862971
2012,168690,"AMBERJACK, LESSER",1,5492,6013.8,52,93.18083333333334,8094.914597959165,0.005492,0.008094914597959165
2012,168852,"SNAPPER, BLACKFIN",1,4449.47,11829.6,85,93.18083333333334,15923.31000831716,0.0044494700000000005,0.01592331000831716
2012,168847,"SNAPPER, CUBERA",1,1116.84,2716.23,16,93.18083333333334,3656.199055242047,0.00111684,0.003656199055242047
2013,168853,"SNAPPER, RED",1,5483810.94,21040157.02,4863,94.7675,27847065.303631168,5.483810940000001,27.84706530363117
2013,167702,"GROUPER, RED",1,5403468.94,16356719.138,4649,94.7675,21648442.336056277,5.403468940000001,21.648442336056277
2013,172435,"MACKEREL, KING",1,2358937.47,4446543.15,3316,94.7675,5885088.089207798,2.3589374700000003,5.885088089207798
2013,168909,"SNAPPER, VERMILION",1,1423777.91,4040389.916,4696,94.7675,5347536.22494519,1.4237779099999999,5.34753622494519
2013,172436,"MACKEREL, SPANISH",1,1333219.48,1332642.39,7081,94.7675,1763778.6460168306,1.33321948,1.7637786460168305
2013,167699,"GROUPER, YELLOWEDGE",1,783035.2000000001,3037000.83,676,94.7675,4019530.8599551534,0.7830352,4.019530859955154
2013,167759,"GROUPER, GAG",1,692901.47,2874286.8200000003,3222,94.7675,3804175.6390802055,0.69290147,3.8041756390802055
2013,168689,"AMBERJACK, GREATER",1,458567.11,641320.97,585,94.7675,848801.0291559167,0.45856711,0.8488010291559166
2013,168546,"TILEFISH, GOLDEN",1,435393.43,1080079.74,401,94.7675,1429506.9672873083,0.43539342999999997,1.4295069672873082
2013,168907,"SNAPPER, YELLOWTAIL",1,394152.88,1007303.67,1039,94.7675,1333186.3945888623,0.39415288,1.3331863945888622
2013,167763,SCAMP,1,293386.43,1122985.33,2416,94.7675,1486293.3670031042,0.29338643,1.4862933670031042
2013,168848,"SNAPPER, GRAY",1,134324.76,338771.5,2866,94.7675,448370.8022968493,0.13432476000000002,0.44837080229684934
2013,168849,"SNAPPER, MUTTON",1,111405.95,260064.81,435,94.7675,344200.9363505421,0.11140595,0.3442009363505421
2013,168566,COBIA,1,82174.18000000001,281707.2,1336,94.7675,372845.06895296386,0.08217418000000001,0.3728450689529639
2013,168543,"TILEFISH, BLUELINE",1,54990.47,77117.52,162,94.7675,102066.56791832643,0.05499047,0.10206656791832643
2013,169290,"DRUM, RED",1,44907,92415,274,94.7675,122313.0862373704,0.044907,0.1223130862373704
2013,168691,"JACK, ALMACO",1,32410.4,43637.1,436,94.7675,57754.56771572532,0.0324104,0.057754567715725326
2013,168861,"SNAPPER, SILK",1,29971.78,79799.53,247,94.7675,105616.26137089895,0.02997178,0.10561626137089895
2013,168913,WENCHMAN,1,23945.52,16630.1,49,94.7675,22010.267331451534,0.02394552,0.022010267331451533
2013,170566,HOGFISH,1,23818.41,96973.1,312,94.7675,128345.82203111124,0.023818409999999998,0.12834582203111125
2013,168860,"SNAPPER, LANE",1,23340.06,57281.913,1348,94.7675,75813.74846735431,0.023340060000000003,0.07581374846735431
2013,168690,"AMBERJACK, LESSER",1,20575.27,28231.13,62,94.7675,37364.46072897706,0.02057527,0.037364460728977054
2013,168902,"SNAPPER, QUEEN",1,7130.62,21756.15,101,94.7675,28794.696219695572,0.00713062,0.028794696219695572
2013,173138,"TRIGGERFISH, GRAY",1,6906.78,9537.81,204,94.7675,12623.480788244915,0.0069067799999999995,0.012623480788244915
2013,168852,"SNAPPER, BLACKFIN",1,4281.67,12241.7,56,94.7675,16202.132854969619,0.0042816700000000004,0.01620213285496962
2013,168847,"SNAPPER, CUBERA",1,963.34,1725.46,17,94.7675,2283.680547304368,9.6334e-4,0.002283680547304368
2013,168544,"TILEFISH, GOLDFACE",1,157.63,252.12,6,94.7675,333.6858226712744,1.5763e-4,3.3368582267127443e-4
2014,167702,"GROUPER, RED",1,6500123.55,21042429.364,5306,96.405,27377021.66584001,6.50012355,27.37702166584001
2014,168853,"SNAPPER, RED",1,5693623,23096057.818,5121,96.405,30048872.41587414,5.693623,30.04887241587414
2014,172435,"MACKEREL, KING",1,3081321.79,5471994.677,4122,96.405,7119278.588806112,3.08132179,7.119278588806112
2014,168909,"SNAPPER, VERMILION",1,1746852.74,4901027.764,5381,96.405,6376428.356198399,1.74685274,6.376428356198399
2014,167699,"GROUPER, YELLOWEDGE",1,897796.65,3577555.21,800,96.405,4654538.922320073,0.89779665,4.654538922320072
2014,172436,"MACKEREL, SPANISH",1,841068.98,893437.7000000001,5884,96.405,1162397.3091160555,0.84106898,1.1623973091160555
2014,167759,"GROUPER, GAG",1,685689.8200000001,2893668.724,3547,96.405,3764775.919183721,0.6856898200000001,3.764775919183721
2014,168546,"TILEFISH, GOLDEN",1,501917.94,1308607.24,471,96.405,1702549.0803284752,0.50191794,1.7025490803284753
2014,168689,"AMBERJACK, GREATER",1,483072.35,697602.38,816,96.405,907607.9164165066,0.48307235,0.9076079164165066
2014,168907,"SNAPPER, YELLOWTAIL",1,466968.04,1363269.2425,1164,96.405,1773666.4784603147,0.46696804,1.7736664784603147
2014,168848,"SNAPPER, GRAY",1,198897,547336.092,3579,96.405,712105.6124259114,0.198897,0.7121056124259113
2014,167763,SCAMP,1,194930,756929.8954,2596,96.405,984795.3288768285,0.19493,0.9847953288768285
2014,168849,"SNAPPER, MUTTON",1,129382.73,321259.926,481,96.405,417971.69910025405,0.12938273,0.41797169910025406
2014,168543,"TILEFISH, BLUELINE",1,78866.78,96894.32,211,96.405,126063.29107964663,0.07886678,0.12606329107964664
2014,168566,COBIA,1,78396.94,254760.342,1433,96.405,331453.1455414138,0.07839694,0.3314531455414138
2014,169290,"DRUM, RED",1,57350,119503.65,206,96.405,155478.91161246822,0.05735,0.1554789116124682
2014,168691,"JACK, ALMACO",1,40044.36,54409.23,577,96.405,70788.53124630464,0.04004436,0.07078853124630465
2014,170566,HOGFISH,1,37100.1,158068.648,433,96.405,205653.47879411507,0.0371001,0.20565347879411508
2014,168861,"SNAPPER, SILK",1,31024.52,95369.436,217,96.405,124079.35749556556,0.03102452,0.12407935749556556
2014,168860,"SNAPPER, LANE",1,30231.65,67939.8086,1776,96.405,88392.34196016112,0.030231650000000002,0.08839234196016113
2014,168902,"SNAPPER, QUEEN",1,23990.88,78009.11,140,96.405,101492.89597980739,0.023990880000000003,0.10149289597980739
2014,173138,"TRIGGERFISH, GRAY",1,22597.35,41381.81,793,96.405,53839.3495040022,0.02259735,0.0538393495040022
2014,168913,WENCHMAN,1,20798.07,9507.25,36,96.405,12369.303217329667,0.02079807,0.012369303217329666
2014,168852,"SNAPPER, BLACKFIN",1,10047.01,28161.33,58,96.405,36638.98916861159,0.01004701,0.03663898916861159
2014,168690,"AMBERJACK, LESSER",1,3942.61,4671.5,57,96.405,6077.8037791954075,0.00394261,0.0060778037791954075
2014,168847,"SNAPPER, CUBERA",1,1583.75,2706.1,26,96.405,3520.741690437909,0.00158375,0.0035207416904379086
2015,168853,"SNAPPER, RED",1,6791229.29,27598411.245,5537,97.31333333333333,35571453.66605672,6.79122929,35.57145366605672
2015,167702,"GROUPER, RED",1,5557858.82,18785597.423,5140,97.31333333333333,24212662.18512859,5.55785882,24.21266218512859
2015,172435,"MACKEREL, KING",1,2376596.2800000003,4093942.9,3206,97.31333333333333,5276662.445749126,2.3765962800000002,5.2766624457491265
2015,168909,"SNAPPER, VERMILION",1,1352127.98,3885864.668,4783,97.31333333333333,5008471.457405768,1.35212798,5.0084714574057685
2015,172436,"MACKEREL, SPANISH",1,1070715.64,1160956.95,5758,97.31333333333333,1496351.5830170582,1.07071564,1.4963515830170582
2015,167699,"GROUPER, YELLOWEDGE",1,841364.51,3422479.69,718,97.31333333333333,4411216.886186202,0.84136451,4.411216886186202
2015,167759,"GROUPER, GAG",1,636014.72,2772804.602,3050,97.31333333333333,3573853.927658286,0.6360147199999999,3.573853927658286
2015,168546,"TILEFISH, GOLDEN",1,536253.3,1491042.55,505,97.31333333333333,1921797.2553058846,0.5362533,1.9217972553058846
2015,168907,"SNAPPER, YELLOWTAIL",1,504192.73,1481881.1,1334,97.31333333333333,1909989.1084058369,0.50419273,1.909989108405837
2015,168689,"AMBERJACK, GREATER",1,456928.87,672106.68,639,97.31333333333333,866274.9248146879,0.45692887,0.8662749248146879
2015,167763,SCAMP,1,206603.84,818472.9400000001,2383,97.31333333333333,1054925.6623388368,0.20660383999999998,1.0549256623388368
2015,168848,"SNAPPER, GRAY",1,164783.96,440082.838,3622,97.31333333333333,567220.5599871206,0.16478395999999998,0.5672205599871205
2015,168849,"SNAPPER, MUTTON",1,123255.03,312518.27,515,97.31333333333333,402803.2288675755,0.12325503,0.4028032288675755
2015,168566,COBIA,1,70160.69,229042.253,1305,97.31333333333333,295211.4097377543,0.07016069,0.29521140973775434
2015,168543,"TILEFISH, BLUELINE",1,56200.4,78155.46,157,97.31333333333333,100734.17993012263,0.056200400000000005,0.10073417993012262
2015,173138,"TRIGGERFISH, GRAY",1,47491.44,91601.11,1605,97.31333333333333,118064.2106967185,0.04749144,0.11806421069671849
2015,168860,"SNAPPER, LANE",1,45980.21,102591.446,2150,97.31333333333333,132229.5995782695,0.04598021,0.1322295995782695
2015,169290,"DRUM, RED",1,41931,97767.3,652,97.31333333333333,126011.7820237035,0.041931,0.1260117820237035
2015,170566,HOGFISH,1,28394.95,127260.122,425,97.31333333333333,164024.932198945,0.028394950000000002,0.16402493219894498
2015,168861,"SNAPPER, SILK",1,21666.67,70797.67,237,97.31333333333333,91250.76134685209,0.02166667,0.09125076134685209
2015,168691,"JACK, ALMACO",1,17571.39,24980.035,314,97.31333333333333,32196.641672261423,0.01757139,0.032196641672261425
2015,168913,WENCHMAN,1,12901.32,6489.75,33,97.31333333333333,8364.606186202644,0.012901319999999999,0.008364606186202644
2015,168902,"SNAPPER, QUEEN",1,10377.03,33474.73,94,97.31333333333333,43145.41140097281,0.01037703,0.043145411400972805
2015,168852,"SNAPPER, BLACKFIN",1,6976.9000000000005,21476.3,51,97.31333333333333,27680.695225046242,0.0069769,0.02768069522504624
2015,168690,"AMBERJACK, LESSER",1,4645.84,5091.18,53,97.31333333333333,6561.996336233473,0.00464584,0.006561996336233473
2015,168847,"SNAPPER, CUBERA",1,1027.3,2597.28,20,97.31333333333333,3347.6211495512775,0.0010272999999999999,0.0033476211495512775
2016,168853,"SNAPPER, RED",1,6660367.67,26934214.644,6421,98.255,34382665.12728553,6.66036767,34.382665127285534
2016,167702,"GROUPER, RED",1,5210093.38,17803367.574,4938,98.255,22726752.33065228,5.21009338,22.726752330652282
2016,172435,"MACKEREL, KING",1,2686759.71,5071822.98,3780,98.255,6474396.725915221,2.68675971,6.474396725915221
2016,168909,"SNAPPER, VERMILION",1,1565634.56,4426826.193,5455,98.255,5651031.02438227,1.5656345600000001,5.65103102438227
2016,172436,"MACKEREL, SPANISH",1,1232699.56,1218253.3,6603,98.255,1555151.9065153596,1.2326995600000001,1.5551519065153596
2016,167759,"GROUPER, GAG",1,1076987.97,4697975.1,3531,98.255,5997164.0819907375,1.07698797,5.9971640819907375
2016,167699,"GROUPER, YELLOWEDGE",1,829777.38,3356797.45,753,98.255,4285094.039271963,0.82977738,4.2850940392719625
2016,168689,"AMBERJACK, GREATER",1,437102.09,725852.28,808,98.255,926581.1609872271,0.43710209,0.9265811609872271
2016,168546,"TILEFISH, GOLDEN",1,414608.4,1177723.21,444,98.255,1503413.5309782368,0.41460840000000004,1.5034135309782368
2016,167763,SCAMP,1,333938.2,1313557.409,2734,98.255,1676811.6359083336,0.3339382,1.6768116359083336
2016,168907,"SNAPPER, YELLOWTAIL",1,317793.84,900615.05,1135,98.255,1149673.2346581174,0.31779384000000005,1.1496732346581173
2016,168848,"SNAPPER, GRAY",1,156190.67,426801.354,3595,98.255,544829.9950235611,0.15619067,0.5448299950235611
2016,168849,"SNAPPER, MUTTON",1,78145.67,200819.036,549,98.255,256354.00019025322,0.07814567,0.25635400019025323
2016,168566,COBIA,1,75255.35,280568.43,1400,98.255,358157.47744949366,0.07525535000000001,0.35815747744949367
2016,169290,"DRUM, RED",1,68461.6,171998.66,1235,98.255,219563.57025019932,0.06846160000000001,0.21956357025019932
2016,173138,"TRIGGERFISH, GRAY",1,59094.52,111246.79,1947,98.255,142011.23654843686,0.05909452,0.14201123654843686
2016,168543,"TILEFISH, BLUELINE",1,50893.75,81632.27,157,98.255,104207.04817600461,0.05089375,0.10420704817600461
2016,168860,"SNAPPER, LANE",1,34729.68,82369.78,2171,98.255,105148.51091004699,0.03472968,0.10514851091004698
2016,170566,HOGFISH,1,30746.28,139180.19,464,98.255,177669.4040785032,0.030746279999999997,0.1776694040785032
2016,168861,"SNAPPER, SILK",1,27733.12,87282.61,272,98.255,111419.94636676674,0.02773312,0.11141994636676675
2016,168902,"SNAPPER, QUEEN",1,23898.19,81809.57,112,98.255,104433.37913117229,0.02389819,0.10443337913117229
2016,168913,WENCHMAN,1,22969.23,10432.5,32,98.255,13317.527861177548,0.02296923,0.013317527861177549
2016,168691,"JACK, ALMACO",1,22198.93,32600.802,440,98.255,41616.30375573762,0.02219893,0.041616303755737626
2016,168852,"SNAPPER, BLACKFIN",1,4046.84,11502.2,79,98.255,14683.045191932557,0.00404684,0.014683045191932557
2016,168544,"TILEFISH, GOLDFACE",1,3914.4,9367.3,14,98.255,11957.754970909027,0.0039144,0.011957754970909028
2016,168690,"AMBERJACK, LESSER",1,3027.19,3897.6,56,98.255,4975.451386697878,0.00302719,0.004975451386697877
2016,168847,"SNAPPER, CUBERA",1,1502.06,2988,28,98.255,3814.3084830288535,0.00150206,0.0038143084830288537
2017,168853,"SNAPPER, RED",1,6879936.32,28351406.812,6670,99.99833333333333,35560817.19768449,6.8799363200000005,35.560817197684486
2017,167702,"GROUPER, RED",1,3860708.98,14082500.73,4445,99.99833333333333,17663505.640708677,3.86070898,17.663505640708678
2017,172435,"MACKEREL, KING",1,2782539.86,5185208.71,3750,99.99833333333333,6503742.840376672,2.78253986,6.503742840376672
2017,168909,"SNAPPER, VERMILION",1,1612855.57,4494302.808,6042,99.99833333333333,5637148.154450041,1.61285557,5.637148154450041
2017,167699,"GROUPER, YELLOWEDGE",1,787412.84,3216968.79,707,99.99833333333333,4035003.9710701844,0.78741284,4.035003971070184
2017,168907,"SNAPPER, YELLOWTAIL",1,687627.1,1944225.59,1830,99.99833333333333,2438617.9936505607,0.6876270999999999,2.4386179936505608
2017,172436,"MACKEREL, SPANISH",1,629178.16,671643.16,5063,99.99833333333333,842433.6680438007,0.62917816,0.8424336680438007
2017,167759,"GROUPER, GAG",1,576964.88,2572316.935,2947,99.99833333333333,3226425.161425357,0.57696488,3.2264251614253574
2017,168546,"TILEFISH, GOLDEN",1,472422.3,1362330.35,524,99.99833333333333,1708754.0262271038,0.47242229999999996,1.7087540262271037
2017,168689,"AMBERJACK, GREATER",1,453730.01,784006.2000000001,834,99.99833333333333,983369.2326072102,0.45373001,0.9833692326072102
2017,167763,SCAMP,1,190951.74,784671.682,2221,99.99833333333333,984203.9384088402,0.19095173999999998,0.9842039384088402
2017,168848,"SNAPPER, GRAY",1,136854.35,381882.872,3391,99.99833333333333,478990.94010286836,0.13685435,0.47899094010286836
2017,168849,"SNAPPER, MUTTON",1,125729.65,344143.42,559,99.99833333333333,431654.81450557505,0.12572965,0.431654814505575
2017,169290,"DRUM, RED",1,86153,224278.53,1313,99.99833333333333,281309.7727242121,0.086153,0.2813097727242121
2017,168566,COBIA,1,73461.27,273873.41000000003,1411,99.99833333333333,343516.01431623864,0.07346127000000001,0.3435160143162386
2017,168543,"TILEFISH, BLUELINE",1,72302.21,116156.79,182,99.99833333333333,145694.01803763394,0.07230221,0.14569401803763393
2017,173138,"TRIGGERFISH, GRAY",1,62645.17,123499.31,1838,99.99833333333333,154903.64961682694,0.06264517,0.15490364961682693
2017,168860,"SNAPPER, LANE",1,42615.32,107573.23,2377,99.99833333333333,134927.76541075684,0.04261532,0.13492776541075685
2017,168861,"SNAPPER, SILK",1,20547.17,64997.61,236,99.99833333333333,81525.69439757329,0.020547169999999997,0.08152569439757329
2017,168691,"JACK, ALMACO",1,18991.59,28913.64,352,99.99833333333333,36266.01929765496,0.01899159,0.03626601929765496
2017,170566,HOGFISH,1,17838.39,80522.29000000001,329,99.99833333333333,100998.10757245954,0.01783839,0.10099810757245954
2017,168913,WENCHMAN,1,11296.47,5194.75,21,99.99833333333333,6515.710361839364,0.01129647,0.006515710361839364
2017,168852,"SNAPPER, BLACKFIN",1,4798.6500000000005,13224.35,51,99.99833333333333,16587.13784563076,0.004798650000000001,0.01658713784563076
2017,168902,"SNAPPER, QUEEN",1,4282.96,15612.45,55,99.99833333333333,19582.50199503325,0.00428296,0.01958250199503325
2017,168690,"AMBERJACK, LESSER",1,2376.57,3525,34,99.99833333333333,4421.363689394823,0.00237657,0.0044213636893948235
2017,168847,"SNAPPER, CUBERA",1,1969.45,3585.4300000000003,36,99.99833333333333,4497.1602873381225,0.00196945,0.004497160287338123
2017,168544,"TILEFISH, GOLDFACE",1,1472.8,3147.77,7,99.99833333333333,3948.208788813147,0.0014728,0.003948208788813147
2018,168853,"SNAPPER, RED",1,6847569.83,28967497.922,6319,102.27916666666667,35523331.13811108,6.84756983,35.523331138111075
2018,172435,"MACKEREL, KING",1,2917124.9699999997,5578669.7,3263,102.27916666666667,6841216.718021754,2.9171249699999997,6.841216718021754
2018,167702,"GROUPER, RED",1,2749079.16,11146191.48,3948,102.27916666666667,13668762.55377651,2.74907916,13.66876255377651
2018,168909,"SNAPPER, VERMILION",1,1399415.77,3994353.983,5292,102.27916666666667,4898343.640276172,1.39941577,4.898343640276172
2018,172436,"MACKEREL, SPANISH",1,1150890.26,849415.85,4786,102.27916666666667,1041652.9793066361,1.15089026,1.0416529793066363
2018,167699,"GROUPER, YELLOWEDGE",1,759924.23,3304085.98,672,102.27916666666667,4051856.349221982,0.75992423,4.051856349221982
2018,167759,"GROUPER, GAG",1,579566.09,2779848.52,2684,102.27916666666667,3408975.11257783,0.5795660899999999,3.40897511257783
2018,168907,"SNAPPER, YELLOWTAIL",1,532941.99,1752815.09,1605,102.27916666666667,2149506.7000128734,0.53294199,2.1495067000128736
2018,168689,"AMBERJACK, GREATER",1,325840.79,587149.67,493,102.27916666666667,720031.5405633275,0.32584079,0.7200315405633275
2018,168546,"TILEFISH, GOLDEN",1,324393.37,878758.9400000001,401,102.27916666666667,1077636.9053430562,0.32439337,1.0776369053430561
2018,167763,SCAMP,1,168197.35,757644.71,2159,102.27916666666667,929112.4829227196,0.16819735,0.9291124829227195
2018,168849,"SNAPPER, MUTTON",1,138751.77,372085.88,591,102.27916666666667,456295.18858157814,0.13875177,0.45629518858157814
2018,168848,"SNAPPER, GRAY",1,111893.46,337935.403,2815,102.27916666666667,414415.88280715357,0.11189346,0.4144158828071536
2018,169290,"DRUM, RED",1,76518.64,185104.35,1118,102.27916666666667,226996.58554772477,0.07651864,0.22699658554772476
2018,168543,"TILEFISH, BLUELINE",1,75905.22,129254.26,155,102.27916666666667,158506.67846270418,0.07590522,0.15850667846270416
2018,173138,"TRIGGERFISH, GRAY",1,64655.05,130930.83,1517,102.27916666666667,160562.68452324113,0.06465505,0.16056268452324113
2018,168913,WENCHMAN,1,43835.13,26793.45,44,102.27916666666667,32857.25951358618,0.04383513,0.03285725951358618
2018,168861,"SNAPPER, SILK",1,42858.02,154094.38,304,102.27916666666667,188968.53646115615,0.04285802,0.18896853646115616
2018,168566,COBIA,1,40968.22,141077.84,969,102.27916666666667,173006.1339803642,0.04096822,0.17300613398036419
2018,168860,"SNAPPER, LANE",1,26435.36,72099.08,1743,102.27916666666667,88416.3175048682,0.02643536,0.0884163175048682
2018,168691,"JACK, ALMACO",1,20080.14,30096.02,378,102.27916666666667,36907.25679097242,0.02008014,0.03690725679097242
2018,170566,HOGFISH,1,11004.16,50817.735,205,102.27916666666667,62318.645295311035,0.01100416,0.06231864529531103
2018,168852,"SNAPPER, BLACKFIN",1,7924.54,25838.1,67,102.27916666666667,31685.69769992259,0.00792454,0.03168569769992259
2018,168902,"SNAPPER, QUEEN",1,6459.71,24307.75,102,102.27916666666667,29809.00369087872,0.0064597100000000005,0.02980900369087872
2018,168690,"AMBERJACK, LESSER",1,2618.32,3939.34,29,102.27916666666667,4830.879065303296,0.0026183200000000004,0.0048308790653032955
2018,168847,"SNAPPER, CUBERA",1,1355.32,2756.0080000000003,32,102.27916666666667,3379.739080914165,0.00135532,0.003379739080914165
2018,168544,"TILEFISH, GOLDFACE",1,962.08,1822.2,6,102.27916666666667,2234.5945850816797,9.6208e-4,0.0022345945850816796
2019,168853,"SNAPPER, RED",1,7506936.66,32181472.754,6303,103.98083333333334,38818835.41958893,7.50693666,38.81883541958893
2019,172435,"MACKEREL, KING",1,2635226.2800000003,5248809.15,3121,103.98083333333334,6331365.257898491,2.6352262800000004,6.331365257898491
2019,167702,"GROUPER, RED",1,2364789.2800000003,10630060.28,3708,103.98083333333334,12822488.382180689,2.36478928,12.822488382180689
2019,168909,"SNAPPER, VERMILION",1,1306418.85,3809334.3157,4929,103.98083333333334,4595001.695221382,1.30641885,4.595001695221383
2019,167699,"GROUPER, YELLOWEDGE",1,984166.74,4759790.55,820,103.98083333333334,5741487.575928256,0.98416674,5.7414875759282555
2019,172436,"MACKEREL, SPANISH",1,895490.39,772042.99,3788,103.98083333333334,931275.2711708087,0.89549039,0.9312752711708087
2019,167759,"GROUPER, GAG",1,626525.09,3224184.8798,2672,103.98083333333334,3889166.389867184,0.62652509,3.889166389867184
2019,168907,"SNAPPER, YELLOWTAIL",1,490576.78,1495125.2357,1323,103.98083333333334,1803491.7450786475,0.49057678000000005,1.8034917450786474
2019,168689,"AMBERJACK, GREATER",1,361238.75,659462.9500000001,577,103.98083333333334,795475.8291223544,0.36123875,0.7954758291223544
2019,168546,"TILEFISH, GOLDEN",1,329892.37,975055.64,478,103.98083333333334,1176158.8633135913,0.32989237,1.1761588633135913
2019,168543,"TILEFISH, BLUELINE",1,145143.63,265613.33,306,103.98083333333334,320395.53383203637,0.14514363,0.32039553383203634
2019,167763,SCAMP,1,131108.03,622517.24,1973,103.98083333333334,750910.1423089191,0.13110803,0.7509101423089191
2019,168848,"SNAPPER, GRAY",1,114162.62,370578.237,2831,103.98083333333334,447009.2373381633,0.11416261999999999,0.44700923733816333
2019,169290,"DRUM, RED",1,76229.14,193558.31,1307,103.98083333333334,233479.31393381793,0.07622914,0.23347931393381793
2019,173138,"TRIGGERFISH, GRAY",1,62373.02,135785.275,1489,103.98083333333334,163790.70911145484,0.062373019999999994,0.16379070911145485
2019,168849,"SNAPPER, MUTTON",1,59199.75,171002.785,472,103.98083333333334,206271.75822403168,0.05919975,0.20627175822403168
2019,168566,COBIA,1,43022.75,164266.865,988,103.98083333333334,198146.5685573463,0.04302275,0.1981465685573463
2019,168861,"SNAPPER, SILK",1,31992.5,113245.83,327,103.98083333333334,136602.54986864567,0.0319925,0.13660254986864567
2019,168691,"JACK, ALMACO",1,29186.06,50417.7668,617,103.98083333333334,60816.327661360665,0.02918606,0.060816327661360664
2019,168860,"SNAPPER, LANE",1,24299.99,64468.7331,1712,103.98083333333334,77765.27690477572,0.02429999,0.07776527690477572
2019,168902,"SNAPPER, QUEEN",1,16439.170000000002,65320.33,138,103.98083333333334,78792.51391650704,0.016439170000000003,0.07879251391650705
2019,170566,HOGFISH,1,10595.27,52835.96,217,103.98083333333334,63733.26824270498,0.01059527,0.06373326824270498
2019,168852,"SNAPPER, BLACKFIN",1,4849.68,14196.55,74,103.98083333333334,17124.559282560087,0.00484968,0.017124559282560087
2019,168690,"AMBERJACK, LESSER",1,1945.41,3514.2000000000003,38,103.98083333333334,4238.996533014899,0.00194541,0.004238996533014899
2019,168847,"SNAPPER, CUBERA",1,1647.78,4299.71,38,103.98083333333334,5186.5163573414975,0.00164778,0.005186516357341498
2019,168913,WENCHMAN,1,1136.53,705,9,103.98083333333334,850.404802167066,0.00113653,8.50404802167066e-4
2019,168544,"TILEFISH, GOLDFACE",1,275.84000000000003,780.75,11,103.98083333333334,941.7780841020381,2.7584e-4,9.41778084102038e-4
2020,168853,"SNAPPER, RED",1,7286593.93,30970775.7,5994,105.38333333333334,36861247.76339079,7.2865939299999996,36.861247763390786
2020,167702,"GROUPER, RED",1,2484731.29,12023000.244,3462,105.38333333333334,14309709.099517064,2.48473129,14.309709099517065
2020,172435,"MACKEREL, KING",1,2178965.68,4398387.698,2717,105.38333333333334,5234936.9698037,2.17896568,5.2349369698037
2020,168909,"SNAPPER, VERMILION",1,838818.38,2575916.52,4298,105.38333333333334,3065841.746467183,0.83881838,3.065841746467183
2020,167699,"GROUPER, YELLOWEDGE",1,709701.42,3447134.97,718,105.38333333333334,4102761.1782748695,0.70970142,4.10276117827487
2020,172436,"MACKEREL, SPANISH",1,523239.85,533017.38,3248,105.38333333333334,634394.3689590384,0.52323985,0.6343943689590384
2020,167759,"GROUPER, GAG",1,509248.87,2827145.854,2585,105.38333333333334,3364853.5250454526,0.50924887,3.3648535250454525
2020,168689,"AMBERJACK, GREATER",1,311484.43,606098.526,859,105.38333333333334,721375.1490219198,0.31148443,0.7213751490219198
2020,168546,"TILEFISH, GOLDEN",1,275902.93,797793.8200000001,506,105.38333333333334,949529.8389675786,0.27590293,0.9495298389675786
2020,168907,"SNAPPER, YELLOWTAIL",1,211741.33,631243.74,870,105.38333333333334,751302.8451279455,0.21174132999999998,0.7513028451279455
2020,167763,SCAMP,1,124864.6,660602.782,1906,105.38333333333334,786245.8162611418,0.1248646,0.7862458162611418
2020,168543,"TILEFISH, BLUELINE",1,102352.46,190137.9068,251,105.38333333333334,226301.09622237543,0.10235246,0.22630109622237543
2020,168913,WENCHMAN,1,93336.8,82712.95,26,105.38333333333334,98444.50047762136,0.0933368,0.09844450047762136
2020,168848,"SNAPPER, GRAY",1,87635.13,285660.18,2571,105.38333333333334,339991.1830789182,0.08763513,0.3399911830789182
2020,168849,"SNAPPER, MUTTON",1,59665.66,181710.36,486,105.38333333333334,216270.67613727658,0.05966566,0.21627067613727657
2020,169290,"DRUM, RED",1,55133.74,144262.26,777,105.38333333333334,171700.15243650164,0.05513374,0.17170015243650164
2020,173138,"TRIGGERFISH, GRAY",1,52692.12,114141.636,1422,105.38333333333334,135850.7505743476,0.05269212,0.1358507505743476
2020,168691,"JACK, ALMACO",1,35243.63,58140.72,641,105.38333333333334,69198.76679297801,0.03524363,0.06919876679297801
2020,168566,COBIA,1,34937.53,124284.49,787,105.38333333333334,147922.71990257787,0.03493753,0.14792271990257788
2020,168861,"SNAPPER, SILK",1,30736.92,123189.956,292,105.38333333333334,146620.0115251621,0.030736919999999997,0.14662001152516208
2020,168860,"SNAPPER, LANE",1,23243.99,62252.33,1644,105.38333333333334,74092.38251589435,0.023243990000000003,0.07409238251589435
2020,168902,"SNAPPER, QUEEN",1,20767.28,80841.7,132,105.38333333333334,96217.34896726235,0.02076728,0.09621734896726235
2020,170566,HOGFISH,1,8880.01,45417.372,223,105.38333333333334,54055.50762663293,0.00888001,0.05405550762663293
2020,168852,"SNAPPER, BLACKFIN",1,7316.43,25259.58,71,105.38333333333334,30063.813893405026,0.0073164300000000005,0.030063813893405025
2020,168690,"AMBERJACK, LESSER",1,2306.4,4906.2,33,105.38333333333334,5839.332392851494,0.0023064,0.0058393323928514936
2020,168847,"SNAPPER, CUBERA",1,1817.94,5964.4000000000005,34,105.38333333333334,7098.796242290052,0.00181794,0.007098796242290052
2020,168544,"TILEFISH, GOLDFACE",1,71.79,127.202,10,105.38333333333334,151.39512433971214,7.179e-5,1.5139512433971213e-4
2021,168853,"SNAPPER, RED",1,7312268.33,32358744.752,5712,110.1825,36835699.78681599,7.31226833,36.835699786815994
2021,167702,"GROUPER, RED",1,3094448.55,15538098.61,3490,110.1825,17687853.470290348,3.0944485499999996,17.68785347029035
2021,172435,"MACKEREL, KING",1,2131639.81,4802595.09,2546,110.1825,5467052.331254055,2.1316398100000002,5.467052331254055
2021,168909,"SNAPPER, VERMILION",1,770688.17,2577220.6636,3748,110.1825,2933788.9147532745,0.77068817,2.9337889147532747
2021,167699,"GROUPER, YELLOWEDGE",1,721357.06,3871495.8,744,110.1825,4407131.923926213,0.7213570600000001,4.407131923926213
2021,167759,"GROUPER, GAG",1,601540.41,3521085.772,2714,110.1825,4008241.3398623792,0.60154041,4.008241339862379
2021,172436,"MACKEREL, SPANISH",1,421865.01,484745.09,2279,110.1825,551811.4112652492,0.42186501,0.5518114112652492
2021,168546,"TILEFISH, GOLDEN",1,387549.66,1214030,520,110.1825,1381995.6538772793,0.38754965999999996,1.3819956538772793
2021,168689,"AMBERJACK, GREATER",1,328088.28,676666.659,932,110.1825,770286.0570675016,0.32808828,0.7702860570675016
2021,168907,"SNAPPER, YELLOWTAIL",1,227503.53,847244.438,836,110.1825,964463.9185915487,0.22750353,0.9644639185915487
2021,168913,WENCHMAN,1,160922.51,103846.83,30,110.1825,118214.43269847751,0.16092251000000002,0.1182144326984775
2021,167763,SCAMP,1,135686.06,783296.344,1961,110.1825,891668.3633073007,0.13568606,0.8916683633073007
2021,168543,"TILEFISH, BLUELINE",1,128118.69,285378.65,285,110.1825,324861.86833057273,0.12811869,0.32486186833057273
2021,168848,"SNAPPER, GRAY",1,99719.37,328030.479,2640,110.1825,373414.73960057175,0.09971937,0.37341473960057175
2021,168849,"SNAPPER, MUTTON",1,56509.59,187632.67,439,110.1825,213592.36136289034,0.05650959,0.21359236136289034
2021,173138,"TRIGGERFISH, GRAY",1,44935.49,107920.349,1341,110.1825,122851.53849815835,0.044935489999999995,0.12285153849815834
2021,169290,"DRUM, RED",1,36987,97160.2,889,110.1825,110602.68208351295,0.036987,0.11060268208351295
2021,168691,"JACK, ALMACO",1,36612.7,65482.035,571,110.1825,74541.72283801874,0.0366127,0.07454172283801874
2021,168861,"SNAPPER, SILK",1,34970.68,150154.86000000002,241,110.1825,170929.3542404647,0.03497068,0.17092935424046468
2021,168566,COBIA,1,31184.81,116122.93,653,110.1825,132188.97768217878,0.03118481,0.13218897768217877
2021,168860,"SNAPPER, LANE",1,21905.53,60759.2176,1408,110.1825,69165.48574267843,0.02190553,0.06916548574267843
2021,170566,HOGFISH,1,11137.07,58677.48,227,110.1825,66795.73185215438,0.011137069999999999,0.06679573185215437
2021,168902,"SNAPPER, QUEEN",1,10486.51,44249.43,89,110.1825,50371.5064261566,0.010486510000000001,0.0503715064261566
2021,168852,"SNAPPER, BLACKFIN",1,5777.57,22811.83,52,110.1825,25967.933178741332,0.00577757,0.025967933178741333
2021,168690,"AMBERJACK, LESSER",1,1628.47,3257.7000000000003,44,110.1825,3708.415147596034,0.0016284700000000001,0.003708415147596034
2021,168847,"SNAPPER, CUBERA",1,1253.53,4532.55,35,110.1825,5159.645479091507,0.0012535299999999999,0.005159645479091507
2021,168544,"TILEFISH, GOLDFACE",1,220.53,575.7,16,110.1825,655.35027794795,2.2053e-4,6.5535027794795e-4
2022,168853,"SNAPPER, RED",1,7249879.73,36283777.567,4898,117.98083333333334,38573666.12630797,7.249879730000001,38.57366612630797
2022,167702,"GROUPER, RED",1,2542782.42,14599614.711,2957,117.98083333333334,15521004.184168557,2.54278242,15.521004184168557
2022,172435,"MACKEREL, KING",1,1618564.34,4281027.21,1775,117.98083333333334,4551205.121110914,1.61856434,4.551205121110915
2022,168909,"SNAPPER, VERMILION",1,870605.16,3300746.734,3653,117.98083333333334,3509058.6213001264,0.87060516,3.5090586213001265
2022,167759,"GROUPER, GAG",1,735803.9500000001,4837136.368,2566,117.98083333333334,5142410.624751308,0.7358039500000001,5.142410624751308
2022,167699,"GROUPER, YELLOWEDGE",1,485573.07,2995435.63,663,117.98083333333334,3184479.170646079,0.48557307,3.184479170646079
2022,172436,"MACKEREL, SPANISH",1,359384.5,474269.2,1630,117.98083333333334,504200.5822301645,0.3593845,0.5042005822301645
2022,168546,"TILEFISH, GOLDEN",1,332104.41000000003,1174423.66,406,117.98083333333334,1248542.1637265938,0.33210441,1.2485421637265939
2022,168907,"SNAPPER, YELLOWTAIL",1,294543.08,1172677.13,818,117.98083333333334,1246685.4092865365,0.29454308,1.2466854092865365
2022,168689,"AMBERJACK, GREATER",1,278613.64,664595.064,874,117.98083333333334,706538.0130442656,0.27861364,0.7065380130442656
2022,167763,SCAMP,1,128370.69,833260.399,1913,117.98083333333334,885847.9073174879,0.12837069,0.8858479073174879
2022,168848,"SNAPPER, GRAY",1,110886.36,397967.6734,2316,117.98083333333334,423083.62558029057,0.11088636,0.42308362558029056
2022,168543,"TILEFISH, BLUELINE",1,83349.15000000001,216702.44,256,117.98083333333334,230378.64659711675,0.08334915000000001,0.23037864659711674
2022,168849,"SNAPPER, MUTTON",1,63507.07,234074.49,449,117.98083333333334,248847.05594044228,0.06350707,0.2488470559404423
2022,169290,"DRUM, RED",1,53860.92,165453.30000000002,1226,117.98083333333334,175895.14603078185,0.05386092,0.17589514603078185
2022,173138,"TRIGGERFISH, GRAY",1,45265.67,121933.747,1427,117.98083333333334,129629.05082367898,0.04526567,0.12962905082367898
2022,168691,"JACK, ALMACO",1,40672.58,76428.93000000001,672,117.98083333333334,81252.40054641644,0.04067258,0.08125240054641644
2022,168861,"SNAPPER, SILK",1,37951.64,183393.4628,312,117.98083333333334,194967.52207599822,0.03795164,0.1949675220759982
2022,168566,COBIA,1,27927.91,109699.3776,585,117.98083333333334,116622.5638439238,0.02792791,0.11662256384392379
2022,168913,WENCHMAN,1,22453.48,17308.55,39,117.98083333333334,18400.901824448883,0.022453479999999998,0.018400901824448885
2022,168860,"SNAPPER, LANE",1,15825.05,52255.1227,1101,117.98083333333334,55552.97137121425,0.01582505,0.055552971371214246
2022,168902,"SNAPPER, QUEEN",1,11225.4,50306.75,103,117.98083333333334,53481.63583067871,0.0112254,0.053481635830678706
2022,170566,HOGFISH,1,9036.39,54450.112,176,117.98083333333334,57886.48761694343,0.00903639,0.05788648761694343
2022,168852,"SNAPPER, BLACKFIN",1,5318.81,24075.308,68,117.98083333333334,25594.713531830734,0.00531881,0.025594713531830734
2022,168690,"AMBERJACK, LESSER",1,1357.15,2445.88,41,117.98083333333334,2600.2407916540114,0.0013571500000000001,0.0026002407916540116
2022,168847,"SNAPPER, CUBERA",1,1194.62,3978.9662,32,117.98083333333334,4230.080879623102,0.00119462,0.0042300808796231024
2023,168853,"SNAPPER, RED",1,7837667.08,42326642.336,5113,122.37666666666667,43381551.43461466,7.83766708,43.38155143461466
2023,167702,"GROUPER, RED",1,2611251.25,15700862.8422,3117,122.37666666666667,16092176.259807196,2.61125125,16.092176259807196
2023,172435,"MACKEREL, KING",1,1606532.66,4175623.6,2025,122.37666666666667,4279692.883196688,1.6065326599999998,4.279692883196688
2023,168909,"SNAPPER, VERMILION",1,1048685.7,3877466.93,4157,122.37666666666667,3974105.2390717184,1.0486857,3.974105239071718
2023,167699,"GROUPER, YELLOWEDGE",1,544274.3200000001,3523959.75,658,122.37666666666667,3611787.581319968,0.5442743200000001,3.6117875813199682
2023,172436,"MACKEREL, SPANISH",1,265863.31,367659.85,1689,122.37666666666667,376823.0554789856,0.26586331,0.3768230554789856
2023,168546,"TILEFISH, GOLDEN",1,253720.98,968092.06,404,122.37666666666667,992219.8685392096,0.25372098,0.9922198685392096
2023,167759,"GROUPER, GAG",1,250337.14,1749024.96,1899,122.37666666666667,1792615.9996426334,0.25033714,1.7926159996426334
2023,168907,"SNAPPER, YELLOWTAIL",1,218193.54,876901.0608,1111,122.37666666666667,898756.1113442759,0.21819354000000002,0.8987561113442759
2023,168689,"AMBERJACK, GREATER",1,135371.52,339487.4296,337,122.37666666666667,347948.49238658784,0.13537152,0.3479484923865878
2023,167763,SCAMP,1,116366.07,796879.8300000001,1817,122.37666666666667,816740.5072655464,0.11636607,0.8167405072655464
2023,168848,"SNAPPER, GRAY",1,106459.71,418752.384,2340,122.37666666666667,429188.9713494403,0.10645971000000001,0.4291889713494403
2023,168849,"SNAPPER, MUTTON",1,93823.74,340180.536,596,122.37666666666667,348658.8731132841,0.09382374,0.34865887311328414
2023,168543,"TILEFISH, BLUELINE",1,83110.17,231434.35,256,122.37666666666667,237202.40028872606,0.08311017,0.23720240028872605
2023,173138,"TRIGGERFISH, GRAY",1,54410.45,159041.623,1547,122.37666666666667,163005.42560520794,0.05441045,0.16300542560520795
2023,168861,"SNAPPER, SILK",1,46614.88,237471.4,340,122.37666666666667,243389.91199847465,0.04661488,0.24338991199847465
2023,169290,"DRUM, RED",1,40750.36,134288.44,1089,122.37666666666667,137635.31774357858,0.04075036,0.13763531774357857
2023,168691,"JACK, ALMACO",1,28462.96,58068.33,597,122.37666666666667,59515.569995369486,0.02846296,0.059515569995369486
2023,168860,"SNAPPER, LANE",1,27010.99,93427.092,1527,122.37666666666667,95755.58025157302,0.027010990000000002,0.09575558025157302
2023,168566,COBIA,1,22361.6,87051.857,572,122.37666666666667,89221.4549395582,0.0223616,0.0892214549395582
2023,168902,"SNAPPER, QUEEN",1,16630.94,85244.3452,143,122.37666666666667,87368.89442937379,0.01663094,0.08736889442937379
2023,168852,"SNAPPER, BLACKFIN",1,9153.12,42565.69,71,122.37666666666667,43626.556895922426,0.00915312,0.04362655689592242
2023,170566,HOGFISH,1,8950.050000000001,62279.9828,169,122.37666666666667,63832.19003618337,0.008950050000000001,0.06383219003618337
2023,168913,WENCHMAN,1,3605.83,3743.45,20,122.37666666666667,3836.7481981859282,0.00360583,0.0038367481981859282
2023,168847,"SNAPPER, CUBERA",1,1521.29,5070.78,51,122.37666666666667,5197.159312505107,0.00152129,0.005197159312505107
2023,168690,"AMBERJACK, LESSER",1,585.37,1496.82,34,122.37666666666667,1534.1253223653746,5.8537e-4,0.0015341253223653745
2023,168544,"TILEFISH, GOLDFACE",1,66.08,202,5,122.37666666666667,207.03445645956472,6.608e-5,2.070344564595647e-4
2024,168853,"SNAPPER, RED",1,7900721.48,42677259.3196,5008,125.42666666666666,42677259.3196,7.9007214800000005,42.677259319600005
2024,167702,"GROUPER, RED",1,2683884.46,16168838.316,3049,125.42666666666666,16168838.316,2.68388446,16.168838316
2024,172435,"MACKEREL, KING",1,1391093.78,4106899.19,1848,125.42666666666666,4106899.19,1.39109378,4.10689919
2024,168909,"SNAPPER, VERMILION",1,1125511.33,4113966.2956,4022,125.42666666666666,4113966.2956,1.1255113300000001,4.1139662956
2024,172436,"MACKEREL, SPANISH",1,405180.63,546380.02,1644,125.42666666666666,546380.02,0.40518063,0.54638002
2024,167699,"GROUPER, YELLOWEDGE",1,388229.07,2517956.8,545,125.42666666666666,2517956.8,0.38822907,2.5179568
2024,168907,"SNAPPER, YELLOWTAIL",1,228703.5,971516.2927,1196,125.42666666666666,971516.2927,0.2287035,0.9715162927
2024,168546,"TILEFISH, GOLDEN",1,227031.46,877707.0700000001,397,125.42666666666666,877707.0700000001,0.22703146,0.87770707
2024,167759,"GROUPER, GAG",1,150973.22,1086041.792,1469,125.42666666666666,1086041.792,0.15097322,1.0860417919999998
2024,168848,"SNAPPER, GRAY",1,102033.31,406034.78,2226,125.42666666666666,406034.78,0.10203331,0.40603478000000004
2024,167763,SCAMP,1,84976.37,578062.25,1684,125.42666666666666,578062.25,0.08497637,0.57806225
2024,168849,"SNAPPER, MUTTON",1,84739.76,337460.7608,555,125.42666666666666,337460.7608,0.08473976,0.3374607608
2024,168689,"AMBERJACK, GREATER",1,57505.9,166118.791,329,125.42666666666666,166118.791,0.0575059,0.166118791
2024,168543,"TILEFISH, BLUELINE",1,55863.04,166887.6,219,125.42666666666666,166887.6,0.05586304,0.1668876
2024,173138,"TRIGGERFISH, GRAY",1,52106.46,158954.8922,1497,125.42666666666666,158954.8922,0.05210646,0.1589548922
2024,168861,"SNAPPER, SILK",1,38046.8,188670.4453,320,125.42666666666666,188670.4453,0.038046800000000006,0.1886704453
2024,169290,"DRUM, RED",1,36113.68,110743.28,1029,125.42666666666666,110743.28,0.03611368,0.11074328
2024,168860,"SNAPPER, LANE",1,29342.36,110166.4052,1350,125.42666666666666,110166.4052,0.02934236,0.1101664052
2024,168691,"JACK, ALMACO",1,27585.79,55824.3535,562,125.42666666666666,55824.3535,0.027585790000000002,0.0558243535
2024,168566,COBIA,1,16550.87,65934.01,424,125.42666666666666,65934.01,0.01655087,0.06593401
2024,168902,"SNAPPER, QUEEN",1,8361.28,43340.89,84,125.42666666666666,43340.89,0.00836128,0.04334089
2024,170566,HOGFISH,1,7468.32,53621.8,151,125.42666666666666,53621.8,0.00746832,0.053621800000000004
2024,168852,"SNAPPER, BLACKFIN",1,4549.79,22945.43,66,125.42666666666666,22945.43,0.00454979,0.02294543
2024,168847,"SNAPPER, CUBERA",1,2091.53,7366.03,65,125.42666666666666,7366.03,0.0020915300000000003,0.00736603
2024,168690,"AMBERJACK, LESSER",1,535.97,1157.96,21,125.42666666666666,1157.96,5.3597e-4,0.00115796
2024,168544,"TILEFISH, GOLDFACE",1,108.31,284.40000000000003,13,125.42666666666666,284.40000000000003,1.0831e-4,2.8440000000000003e-4
2024,168913,WENCHMAN,1,73.43,158.75,14,125.42666666666666,158.75,7.3430000000000007e-05,1.5875e-4
2025,168853,"SNAPPER, RED",1,7891749.18,43588495.033,4827,127.91499999999999,42740567.0719286,7.89174918,42.740567071928595
2025,167702,"GROUPER, RED",1,2702211.59,16685412.715,3166,127.91499999999999,16360831.01121891,2.7022115899999997,16.36083101121891
2025,168909,"SNAPPER, VERMILION",1,1230505.01,4677600.1281,3666,127.91499999999999,4586606.6690158,1.23050501,4.5866066690158
2025,172435,"MACKEREL, KING",1,1096032.38,3675169.27,1756,127.91499999999999,3603676.120641572,1.0960323799999998,3.603676120641572
2025,167699,"GROUPER, YELLOWEDGE",1,489396.94,3281789.99,720,127.91499999999999,3217949.256504189,0.48939694,3.2179492565041894
2025,172436,"MACKEREL, SPANISH",1,453761.23,647341.6916,2669,127.91499999999999,634748.9393093018,0.45376122999999996,0.6347489393093018
2025,168907,"SNAPPER, YELLOWTAIL",1,235282.91,1011401.3132,993,127.91499999999999,991726.50101212,0.23528291,0.99172650101212
2025,168546,"TILEFISH, GOLDEN",1,210445.78,877140.5700000001,403,127.91499999999999,860077.53502873,0.21044578,0.8600775350287301
2025,167759,"GROUPER, GAG",1,193877.44,1450491.4476,1600,127.91499999999999,1422275.0052845718,0.19387744,1.4222750052845718
2025,168849,"SNAPPER, MUTTON",1,127440.83,509137.824,648,127.91499999999999,499233.5546123598,0.12744083,0.4992335546123598
2025,168848,"SNAPPER, GRAY",1,106221.09,442331.2875,2300,127.91499999999999,433726.6071492788,0.10622108999999999,0.4337266071492788
2025,168861,"SNAPPER, SILK",1,105976.24,564260.296,457,127.91499999999999,553283.7279414195,0.10597624,0.5532837279414194
2025,168689,"AMBERJACK, GREATER",1,103540.9,241539.2422,607,127.91499999999999,236840.57396191743,0.10354089999999999,0.23684057396191743
2025,167763,SCAMP,1,97092.06,683867.296,1713,127.91499999999999,670564.0103164341,0.09709206,0.6705640103164341
2025,168543,"TILEFISH, BLUELINE",1,64461.21,193033.16,303,127.91499999999999,189278.08165526588,0.06446121,0.18927808165526588
2025,169290,"DRUM, RED",1,61260.96,207648.31,1643,127.91499999999999,203608.92281801716,0.061260959999999996,0.20360892281801715
2025,173138,"TRIGGERFISH, GRAY",1,45937.29,143297.4339,1477,127.91499999999999,140509.86573868585,0.04593729,0.14050986573868585
2025,168691,"JACK, ALMACO",1,35746.8,76504.91,644,127.91499999999999,75016.65828818617,0.0357468,0.07501665828818617
2025,168860,"SNAPPER, LANE",1,28813.14,112030.4349,1542,127.91499999999999,109851.10436402298,0.02881314,0.10985110436402297
2025,168902,"SNAPPER, QUEEN",1,20910.19,104404.86,165,127.91499999999999,102373.8699417582,0.02091019,0.10237386994175819
2025,168566,COBIA,1,20124.75,74577.45,501,127.91499999999999,73126.69321033498,0.02012475,0.07312669321033498
2025,170566,HOGFISH,1,17675.8,147850.206,194,127.91499999999999,144974.07266200212,0.0176758,0.14497407266200213
2025,168852,"SNAPPER, BLACKFIN",1,8121.13,37504.7125,138,127.91499999999999,36775.1324955374,0.00812113,0.0367751324955374
2025,168847,"SNAPPER, CUBERA",1,3585.61,10283.32,83,127.91499999999999,10083.27834786121,0.00358561,0.01008327834786121
2025,168913,WENCHMAN,1,1847,2305.25,14,127.91499999999999,2260.405920598314,0.001847,0.0022604059205983138
2025,168690,"AMBERJACK, LESSER",1,1399.5,3350.85,16,127.91499999999999,3285.6658405972717,0.0013995,0.0032856658405972716
2025,168544,"TILEFISH, GOLDFACE",1,895.12,4137.8,41,127.91499999999999,4057.3072847854696,8.9512e-4,0.00405730728478547
