"Yr","Bio_Area1"
2000,8.5072097022
2001,8.8968101486
2002,9.5094960928
2003,9.9451730972
2004,10.5365183198
2005,10.9786107684
2006,12.6399462618
2007,12.6355149756
2008,13.429883654
2009,12.459299699
2010,12.925246136
2011,13.7585704498
2012,15.0764922858
2013,15.5077159578
2014,15.9515721024
2015,16.6898772942
2016,18.0760541654
2017,19.0123562794
2018,20.281291459
2019,22.762481038
2020,24.898316894
2021,27.972659484
2022,30.786856914
2023,33.359868916
