"Yr","Bio_Area1"
2000,68.38069854
2001,69.566343176
2002,69.555540538
2003,74.224264312
2004,74.747861562
2005,72.330716194
2006,58.730415414
2007,68.711612002
2008,76.882595108
2009,79.39167313
2010,81.94241847
2011,82.749750314
2012,79.553492238
2013,73.775844604
2014,65.11014477
2015,51.49441165
2016,52.063424072
2017,52.009631344
2018,53.779941204
2019,55.972656256
2020,61.484206256
2021,67.98496925
2022,69.558186082
