LAND_YEAR,SPECIES_ITIS,COMMON_NAME,FLAG_FMP_SPP,TOTAL_LIVE_POUNDS,TOTAL_DOLLARS,RECORD_COUNT,fmp_status,annual_deflator,TOTAL_DOLLARS_2024,total_mil_lbs,total_mil_dollars_2024,Species_Type
1972,170335,"MULLET, STRIPED",0,28705342,2501623,455,Unmanaged,22.1225,14183308.13184164,28.705342,14.18330813184164,Food
1972,169283,"CROAKER, ATLANTIC",0,11873603,1516031,1178,Unmanaged,22.1225,8595353.820469357,11.873603,8.595353820469358,Food
1972,169239,"SEATROUT, SPOTTED",0,5814009,1718235,693,Unmanaged,22.1225,9741778.216747656,5.814009,9.741778216747656,Food
1972,172702,FLATFISHES,0,2582119,498787,1401,Unmanaged,22.1225,2827943.9840283273,2.582119,2.827943984028327,Food
1972,168612,"RUNNER, BLUE",1,2062600,102821,45,Managed,22.1225,582958.3136324256,2.0626,0.5829583136324257,Food
1972,169288,"DRUM, BLACK",0,1868396,186843,561,Unmanaged,22.1225,1059333.0175161036,1.868396,1.0593330175161035,Food
1972,169273,KINGFISHES,0,1653683,120358,769,Unmanaged,22.1225,682386.8345199082,1.653683,0.6823868345199082,Food
1972,169243,"SEATROUT, SAND",0,1505801,108379,677,Unmanaged,22.1225,614470.1867630995,1.505801,0.6144701867630995,Food
1972,168708,"POMPANO, FLORIDA",0,1126428,1436177,273,Unmanaged,22.1225,8142610.186612424,1.126428,8.142610186612425,Food
1972,161111,LADYFISH,0,999900,34124,29,Unmanaged,22.1225,193470.88138019363,0.9999,0.19347088138019364,Food
1972,169189,SHEEPSHEAD,0,904220,78631,648,Unmanaged,22.1225,445809.66105397977,0.90422,0.4458096610539798,Food
1972,168609,"JACK, CREVALLE",1,902700,32526,115,Managed,22.1225,184410.79263193582,0.9027,0.18441079263193583,Food
1972,161748,"HERRING, ATLANTIC THREAD",0,805000,27790,5,Unmanaged,22.1225,157559.36565336952,0.805,0.1575593656533695,Bait
1972,168559,BLUEFISH,0,547634,56421,222,Unmanaged,22.1225,319886.90066674206,0.547634,0.3198869006667421,Food
1972,168723,SCADS,0,509200,68309,7,Unmanaged,22.1225,387287.61095415684,0.5092,0.38728761095415687,Bait
1972,170336,"MULLET, WHITE",0,435300,37850,31,Unmanaged,22.1225,214595.96941273968,0.4353,0.21459596941273967,Food
1972,169055,GRUNTS,0,276500,44530,43,Unmanaged,22.1225,252469.18145176483,0.2765,0.25246918145176483,Bait
1972,169013,MOJARRAS,0,93400,9959,37,Unmanaged,22.1225,56463.96986476815,0.0934,0.05646396986476815,Bait
1972,161763,"SARDINE, SPANISH",0,87200,3337,5,Unmanaged,22.1225,18919.597091950127,0.0872,0.018919597091950128,Bait
1972,169180,PORGIES,0,83500,13819,59,Unmanaged,22.1225,78348.78999510303,0.0835,0.07834878999510303,Bait
1972,168790,DOLPHINFISH,0,55300,9968,8,Unmanaged,22.1225,56514.99664745546,0.0553,0.05651499664745546,Food
1973,170335,"MULLET, STRIPED",0,30182149,3202607,701,Unmanaged,23.3475,17204939.314844556,30.182149,17.204939314844555,Food
1973,169283,"CROAKER, ATLANTIC",0,16609506,1993881,1430,Unmanaged,23.3475,10711461.508084375,16.609506,10.711461508084376,Food
1973,169239,"SEATROUT, SPOTTED",0,7439185,2500879,830,Unmanaged,23.3475,13435139.381375592,7.439185,13.435139381375592,Food
1973,168609,"JACK, CREVALLE",1,2428300,137075,147,Managed,23.3475,736389.7776350073,2.4283,0.7363897776350072,Food
1973,169243,"SEATROUT, SAND",0,2024547,155074,812,Unmanaged,23.3475,833083.4096441445,2.024547,0.8330834096441445,Food
1973,169288,"DRUM, BLACK",0,1926160,212801,653,Unmanaged,23.3475,1143202.4882035905,1.92616,1.1432024882035905,Food
1973,172702,FLATFISHES,0,1692103,392771,1454,Unmanaged,23.3475,2110031.3649569904,1.692103,2.11003136495699,Food
1973,161111,LADYFISH,0,1526200,76833,42,Unmanaged,23.3475,412759.69932540954,1.5262,0.41275969932540957,Food
1973,169273,KINGFISHES,0,1406276,111513,757,Unmanaged,23.3475,599066.4473712388,1.406276,0.5990664473712388,Food
1973,168612,"RUNNER, BLUE",1,1373700,87178,53,Managed,23.3475,468334.76589213684,1.3737,0.46833476589213685,Food
1973,169189,SHEEPSHEAD,0,1349568,109674,802,Unmanaged,23.3475,589187.0324445871,1.349568,0.5891870324445871,Food
1973,161748,"HERRING, ATLANTIC THREAD",0,952600,43246,8,Unmanaged,23.3475,232324.72969982508,0.9526,0.2323247296998251,Bait
1973,168708,"POMPANO, FLORIDA",0,947936,1129948,351,Unmanaged,23.3475,6070269.242816861,0.947936,6.0702692428168605,Food
1973,170336,"MULLET, WHITE",0,609300,80738,28,Unmanaged,23.3475,433738.0110647107,0.6093,0.43373801106471066,Food
1973,168559,BLUEFISH,0,530452,61962,220,Unmanaged,23.3475,332870.2053753078,0.530452,0.3328702053753078,Food
1973,168723,SCADS,0,519200,79459,7,Unmanaged,23.3475,426867.00960131345,0.5192,0.42686700960131346,Bait
1973,169055,GRUNTS,0,238900,43706,39,Unmanaged,23.3475,234795.92647321266,0.2389,0.23479592647321265,Bait
1973,169013,MOJARRAS,0,185300,22444,50,Unmanaged,23.3475,120572.91387371952,0.1853,0.12057291387371952,Bait
1973,161763,"SARDINE, SPANISH",0,154100,9242,3,Unmanaged,23.3475,49649.5664774958,0.1541,0.0496495664774958,Bait
1973,169180,PORGIES,0,70800,13700,58,Unmanaged,23.3475,73598.68651176071,0.0708,0.07359868651176071,Bait
1973,168790,DOLPHINFISH,0,69600,15543,16,Unmanaged,23.3475,83499.59010600706,0.0696,0.08349959010600706,Food
1974,170335,"MULLET, STRIPED",0,27747810,3363596,601,Unmanaged,25.451666666666668,16575913.86130574,27.74781,16.57591386130574,Food
1974,169283,"CROAKER, ATLANTIC",0,14539261,1864204,1243,Unmanaged,25.451666666666668,9186859.81428852,14.539261,9.18685981428852,Food
1974,169239,"SEATROUT, SPOTTED",0,7038552,2365928,826,Unmanaged,25.451666666666668,11659372.507890772,7.038552,11.659372507890772,Food
1974,169243,"SEATROUT, SAND",0,2239490,203997,843,Unmanaged,25.451666666666668,1005304.0555300895,2.23949,1.0053040555300896,Food
1974,168609,"JACK, CREVALLE",1,2089100,136873,111,Managed,25.451666666666668,674514.7330233776,2.0891,0.6745147330233776,Food
1974,172702,FLATFISHES,0,2063005,476040,1411,Unmanaged,25.451666666666668,2345941.0804793397,2.063005,2.34594108047934,Food
1974,161111,LADYFISH,0,1968800,87245,46,Unmanaged,25.451666666666668,429946.2851155785,1.9688,0.42994628511557853,Food
1974,169288,"DRUM, BLACK",0,1919668,273493,550,Unmanaged,25.451666666666668,1347782.673564272,1.919668,1.347782673564272,Food
1974,168708,"POMPANO, FLORIDA",0,1245811,1565999,337,Unmanaged,25.451666666666668,7717295.576190163,1.245811,7.717295576190163,Food
1974,169273,KINGFISHES,0,1061281,93282,722,Unmanaged,25.451666666666668,459696.82352170773,1.061281,0.4596968235217077,Food
1974,169189,SHEEPSHEAD,0,1061017,84819,722,Unmanaged,25.451666666666668,417990.8757776176,1.061017,0.4179908757776176,Food
1974,161763,"SARDINE, SPANISH",0,786000,59108,9,Unmanaged,25.451666666666668,291286.20574945974,0.786,0.29128620574945974,Bait
1974,161748,"HERRING, ATLANTIC THREAD",0,731600,34980,11,Unmanaged,25.451666666666668,172382.6127954947,0.7316,0.1723826127954947,Bait
1974,168723,SCADS,0,725000,110313,8,Unmanaged,25.451666666666668,543626.1625302861,0.725,0.5436261625302862,Bait
1974,168612,"RUNNER, BLUE",1,658300,59366,60,Managed,25.451666666666668,292557.63839958084,0.6583,0.2925576383995808,Food
1974,170336,"MULLET, WHITE",0,606600,93411,39,Unmanaged,25.451666666666668,460332.5398467683,0.6066,0.4603325398467683,Food
1974,168559,BLUEFISH,0,536492,58272,194,Unmanaged,25.451666666666668,287166.369720385,0.536492,0.287166369720385,Food
1974,169055,GRUNTS,0,258300,53306,48,Unmanaged,25.451666666666668,262693.7552223168,0.2583,0.26269375522231675,Bait
1974,169013,MOJARRAS,0,128400,17245,38,Unmanaged,25.451666666666668,84983.93818348502,0.1284,0.08498393818348503,Bait
1974,169180,PORGIES,0,79800,16589,60,Unmanaged,25.451666666666668,81751.14818937855,0.0798,0.08175114818937855,Bait
1974,168790,DOLPHINFISH,0,69800,16937,12,Unmanaged,25.451666666666668,83466.10385698381,0.0698,0.08346610385698382,Food
1975,170335,"MULLET, STRIPED",0,25328782,3586104,532,Unmanaged,27.785,16188341.588626955,25.328782,16.188341588626955,Food
1975,169283,"CROAKER, ATLANTIC",0,12795069,1739807,1097,Unmanaged,27.785,7853812.944154519,12.795069,7.853812944154519,Food
1975,169239,"SEATROUT, SPOTTED",0,6247257,2447036,756,Unmanaged,27.785,11046376.415092075,6.247257,11.046376415092075,Food
1975,168609,"JACK, CREVALLE",1,2847000,201116,113,Managed,27.785,907875.0942354987,2.847,0.9078750942354987,Food
1975,169243,"SEATROUT, SAND",0,2592736,267888,780,Unmanaged,27.785,1209296.3426309158,2.592736,1.2092963426309158,Food
1975,172702,FLATFISHES,0,1890886,503910,1224,Unmanaged,27.785,2274743.6242576926,1.890886,2.2747436242576926,Food
1975,168612,"RUNNER, BLUE",1,1680227,170294,45,Managed,27.785,768738.8437406274,1.680227,0.7687388437406274,Food
1975,169288,"DRUM, BLACK",0,1520860,243214,476,Unmanaged,27.785,1097913.3095795093,1.52086,1.0979133095795093,Food
1975,168708,"POMPANO, FLORIDA",0,1192920,1326530,302,Unmanaged,27.785,5988203.567872353,1.19292,5.988203567872353,Food
1975,161111,LADYFISH,0,1002400,41841,40,Unmanaged,27.785,188878.0694619399,1.0024,0.18887806946193988,Food
1975,161748,"HERRING, ATLANTIC THREAD",0,860900,50310,14,Unmanaged,27.785,227108.713334533,0.8609,0.227108713334533,Bait
1975,169273,KINGFISHES,0,833927,81649,627,Unmanaged,27.785,368578.79815248033,0.833927,0.36857879815248035,Food
1975,169189,SHEEPSHEAD,0,830815,81612,598,Unmanaged,27.785,368411.77325895266,0.830815,0.36841177325895264,Food
1975,168723,SCADS,0,696300,104512,8,Unmanaged,27.785,471786.6397936536,0.6963,0.47178663979365365,Bait
1975,170336,"MULLET, WHITE",0,531900,96487,33,Unmanaged,27.785,435560.29464339267,0.5319,0.4355602946433927,Food
1975,168559,BLUEFISH,0,530941,61560,202,Unmanaged,27.785,277893.3093395717,0.530941,0.2778933093395717,Food
1975,161763,"SARDINE, SPANISH",0,248400,23287,13,Unmanaged,27.785,105121.8566372743,0.2484,0.10512185663727429,Bait
1975,169055,GRUNTS,0,220700,43070,42,Unmanaged,27.785,194426.00443884588,0.2207,0.1944260044388459,Bait
1975,169013,MOJARRAS,0,147300,21509,31,Unmanaged,27.785,97095.6333753224,0.1473,0.0970956333753224,Bait
1975,169180,PORGIES,0,108500,24828,61,Unmanaged,27.785,112078.2177433867,0.1085,0.11207821774338671,Bait
1975,168790,DOLPHINFISH,0,106300,25037,14,Unmanaged,27.785,113021.68268250253,0.1063,0.11302168268250254,Food
1976,170335,"MULLET, STRIPED",0,18567096,2986031,439,Unmanaged,29.330833333333334,12769085.372957923,18.567096,12.769085372957923,Food
1976,169283,"CROAKER, ATLANTIC",0,8216641,1169413,914,Unmanaged,29.330833333333334,5000729.876296275,8.216641,5.000729876296275,Food
1976,169239,"SEATROUT, SPOTTED",0,5882517,2657781,632,Unmanaged,29.330833333333334,11365398.581470013,5.882517,11.365398581470012,Food
1976,169288,"DRUM, BLACK",0,2763381,584678,440,Unmanaged,29.330833333333334,2500243.0643520756,2.763381,2.5002430643520754,Food
1976,161111,LADYFISH,0,2659700,128216,36,Unmanaged,29.330833333333334,548286.6889791744,2.6597,0.5482866889791743,Food
1976,172702,FLATFISHES,0,1880504,572101,1180,Unmanaged,29.330833333333334,2446460.3719635196,1.880504,2.4464603719635196,Food
1976,169243,"SEATROUT, SAND",0,1777716,226870,665,Unmanaged,29.330833333333334,970158.179390289,1.777716,0.970158179390289,Food
1976,168609,"JACK, CREVALLE",1,1691100,137831,106,Managed,29.330833333333334,589403.0591243572,1.6911,0.5894030591243572,Food
1976,161763,"SARDINE, SPANISH",0,1439600,117688,13,Unmanaged,29.330833333333334,503266.08108645625,1.4396,0.5032660810864562,Bait
1976,168612,"RUNNER, BLUE",1,1139900,130476,51,Managed,29.330833333333334,557951.0671932267,1.1399,0.5579510671932266,Food
1976,168708,"POMPANO, FLORIDA",0,988242,1303999,292,Unmanaged,29.330833333333334,5576256.42776373,0.988242,5.57625642776373,Food
1976,169189,SHEEPSHEAD,0,987249,107298,570,Unmanaged,29.330833333333334,458835.59894309175,0.987249,0.4588355989430917,Food
1976,168723,SCADS,0,771100,115125,8,Unmanaged,29.330833333333334,492305.99198795354,0.7711,0.49230599198795355,Bait
1976,170336,"MULLET, WHITE",0,746300,136012,60,Unmanaged,29.330833333333334,581624.5175441089,0.7463,0.5816245175441089,Food
1976,168559,BLUEFISH,0,596839,64949,163,Unmanaged,29.330833333333334,277739.69054180756,0.596839,0.2777396905418076,Food
1976,169273,KINGFISHES,0,572259,67007,608,Unmanaged,29.330833333333334,286540.2614995596,0.572259,0.28654026149955963,Food
1976,161748,"HERRING, ATLANTIC THREAD",0,286100,12213,12,Unmanaged,29.330833333333334,52226.12881779697,0.2861,0.052226128817796966,Bait
1976,169055,GRUNTS,0,207300,40974,45,Unmanaged,29.330833333333334,175216.03227547804,0.2073,0.17521603227547802,Bait
1976,169013,MOJARRAS,0,134200,20143,37,Unmanaged,29.330833333333334,86136.97803790096,0.1342,0.08613697803790096,Bait
1976,169180,PORGIES,0,120400,31915,56,Unmanaged,29.330833333333334,136477.2702218939,0.1204,0.1364772702218939,Bait
1976,168790,DOLPHINFISH,0,83900,23187,10,Unmanaged,29.330833333333334,99153.95471204932,0.0839,0.09915395471204932,Food
1977,170335,"MULLET, STRIPED",0,21236413,4013047,7715,Unmanaged,31.144166666666667,16161713.805795629,21.236413,16.161713805795628,Food
1977,169239,"SEATROUT, SPOTTED",0,4530823,2317604,9667,Unmanaged,31.144166666666667,9333669.045781715,4.530823,9.333669045781715,Food
1977,169283,"CROAKER, ATLANTIC",0,4503819,676114,3162,Unmanaged,31.144166666666667,2722908.794263238,4.503819,2.722908794263238,Food
1977,169288,"DRUM, BLACK",0,2125089,489050.9999999999,853,Unmanaged,31.144166666666667,1969551.3903620255,2.125089,1.9695513903620254,Food
1977,161111,LADYFISH,0,1580163,67417,317,Unmanaged,31.144166666666667,271507.97377786104,1.580163,0.27150797377786107,Food
1977,172702,FLATFISHES,0,1554089,571159.9999999999,6822,Unmanaged,31.144166666666667,2300228.344526797,1.554089,2.300228344526797,Food
1977,168609,"JACK, CREVALLE",1,1432974,116642,2396,Managed,31.144166666666667,469751.44366253715,1.432974,0.4697514436625371,Food
1977,168612,"RUNNER, BLUE",1,1349975,164337,461,Managed,31.144166666666667,661833.156128756,1.349975,0.661833156128756,Food
1977,161763,"SARDINE, SPANISH",0,947219,70478,115,Unmanaged,31.144166666666667,283835.51590720576,0.947219,0.28383551590720574,Bait
1977,168708,"POMPANO, FLORIDA",0,938448,1398640,3213,Unmanaged,31.144166666666667,5632732.284804538,0.938448,5.632732284804538,Food
1977,168559,BLUEFISH,0,933254,107964.9999999999,3023,Unmanaged,31.144166666666667,434806.62724426686,0.933254,0.43480662724426683,Food
1977,168723,SCADS,0,903200,128851,69,Unmanaged,31.144166666666667,518920.65694485325,0.9032,0.5189206569448532,Bait
1977,169189,SHEEPSHEAD,0,875012,93652,3447,Unmanaged,31.144166666666667,377163.99068846495,0.875012,0.37716399068846496,Food
1977,169243,"SEATROUT, SAND",0,786680.9999999999,124102,2199,Unmanaged,31.144166666666667,499795.0451930538,0.7866809999999999,0.4997950451930538,Food
1977,170336,"MULLET, WHITE",0,524079.9999999999,99432,470,Unmanaged,31.144166666666667,400441.7409359698,0.5240799999999999,0.4004417409359698,Food
1977,169273,KINGFISHES,0,420562,55975,1733,Unmanaged,31.144166666666667,225427.6937896342,0.420562,0.2254276937896342,Food
1977,169013,MOJARRAS,0,202551.99999999988,32047,543,Unmanaged,31.144166666666667,129062.64051588044,0.20255199999999987,0.12906264051588043,Bait
1977,161748,"HERRING, ATLANTIC THREAD",0,190345,8988,30,Unmanaged,31.144166666666667,36197.30436411313,0.190345,0.03619730436411313,Bait
1977,169055,GRUNTS,0,164647,28298,844,Unmanaged,31.144166666666667,113964.32119444519,0.164647,0.11396432119444519,Bait
1977,169180,PORGIES,0,120819,37353,1785,Unmanaged,31.144166666666667,150431.4541513927,0.120819,0.15043145415139272,Bait
1977,168790,DOLPHINFISH,0,63647,20722,242,Unmanaged,31.144166666666667,83453.55374200626,0.063647,0.08345355374200626,Food
1978,170335,"MULLET, STRIPED",0,28727237,5247807,11561,Unmanaged,33.333333333333336,19746448.179599997,28.727237,19.746448179599998,Food
1978,169239,"SEATROUT, SPOTTED",0,3998327.15384615,2402719.07692308,14776,Unmanaged,33.333333333333336,9040951.342646163,3.99832715384615,9.040951342646164,Food
1978,169283,"CROAKER, ATLANTIC",0,3461754,612885.9999999999,3112,Unmanaged,33.333333333333336,2306167.440799999,3.461754,2.306167440799999,Food
1978,169288,"DRUM, BLACK",0,2813035,783540.9999999999,1315,Unmanaged,33.333333333333336,2948308.074799999,2.813035,2.948308074799999,Food
1978,161763,"SARDINE, SPANISH",0,2352281,193099,146,Unmanaged,33.333333333333336,726592.9171999999,2.352281,0.7265929171999999,Bait
1978,161111,LADYFISH,0,2282137,180972,381,Unmanaged,33.333333333333336,680961.4415999999,2.282137,0.6809614415999999,Food
1978,168609,"JACK, CREVALLE",1,1807308,161573,2660,Managed,33.333333333333336,607966.8843999999,1.807308,0.6079668843999999,Food
1978,172702,FLATFISHES,0,1559719,678836,8282,Unmanaged,33.333333333333336,2554324.1007999997,1.559719,2.5543241007999997,Food
1978,169243,"SEATROUT, SAND",0,1186102,219038,2286,Unmanaged,33.333333333333336,824196.1863999999,1.186102,0.8241961863999999,Food
1978,169189,SHEEPSHEAD,0,940778,121664.9999999999,5059,Unmanaged,33.333333333333336,457801.06199999957,0.940778,0.4578010619999996,Food
1978,168559,BLUEFISH,0,869392.9999999999,111452.9999999999,3950,Unmanaged,33.333333333333336,419375.34839999955,0.8693929999999999,0.41937534839999957,Food
1978,170336,"MULLET, WHITE",0,698734,148281,623,Unmanaged,33.333333333333336,557951.7468,0.698734,0.5579517467999999,Food
1978,168708,"POMPANO, FLORIDA",0,693430,1380587,3750,Unmanaged,33.333333333333336,5194872.763599999,0.69343,5.194872763599999,Food
1978,168723,SCADS,0,688113,111799,86,Unmanaged,33.333333333333336,420677.27719999995,0.688113,0.4206772772,Bait
1978,168612,"RUNNER, BLUE",1,679182,93721,337,Managed,33.333333333333336,352653.37879999995,0.679182,0.3526533788,Food
1978,169273,KINGFISHES,0,578677,94175,2045,Unmanaged,33.333333333333336,354361.68999999994,0.578677,0.35436168999999995,Food
1978,169180,PORGIES,0,172483.99999999988,63458,2564,Unmanaged,33.333333333333336,238779.76239999998,0.1724839999999999,0.23877976239999998,Bait
1978,169055,GRUNTS,0,140245,25291,1289,Unmanaged,33.333333333333336,95164.97479999998,0.140245,0.09516497479999998,Bait
1978,168790,DOLPHINFISH,0,93494,34386,310,Unmanaged,33.333333333333336,129387.64079999998,0.093494,0.12938764079999998,Food
1978,161748,"HERRING, ATLANTIC THREAD",0,55626,2423,16,Unmanaged,33.333333333333336,9117.264399999998,0.055626,0.009117264399999998,Bait
1979,170335,"MULLET, STRIPED",0,27450533.99999999,5000361,12088,Unmanaged,36.11,17368557.52866242,27.45053399999999,17.36855752866242,Food
1979,169283,"CROAKER, ATLANTIC",0,5081787,863618,2744,Unmanaged,36.11,2999743.2016985137,5.081787,2.9997432016985135,Food
1979,169288,"DRUM, BLACK",0,4247118,972252,1991,Unmanaged,36.11,3377079.133757962,4.247118,3.3770791337579618,Food
1979,169239,"SEATROUT, SPOTTED",0,4098909.1590909096,2903037.63636364,15509,Unmanaged,36.11,10083587.204014681,4.098909159090909,10.083587204014682,Food
1979,161763,"SARDINE, SPANISH",0,2691795,222252,136,Unmanaged,36.11,771983.5923566879,2.691795,0.7719835923566879,Bait
1979,161111,LADYFISH,0,1979685,117167,357,Unmanaged,36.11,406974.9723991508,1.979685,0.40697497239915076,Food
1979,172702,FLATFISHES,0,1556892,767848.9999999999,9566,Unmanaged,36.11,2667093.341825902,1.556892,2.667093341825902,Food
1979,168609,"JACK, CREVALLE",1,1364908,139575.99999999988,2803,Managed,36.11,484811.75371549855,1.364908,0.48481175371549856,Food
1979,169243,"SEATROUT, SAND",0,1352181,291702,2144,Unmanaged,36.11,1013215.4394904459,1.352181,1.0132154394904458,Food
1979,168612,"RUNNER, BLUE",1,1138237,174767,457,Managed,36.11,607046.3099787686,1.138237,0.6070463099787686,Food
1979,169189,SHEEPSHEAD,0,1121132,146023.99999999988,5558,Unmanaged,36.11,507208.6284501058,1.121132,0.5072086284501058,Food
1979,168723,SCADS,0,991642,171842,155,Unmanaged,36.11,596886.4373673036,0.991642,0.5968864373673036,Bait
1979,168559,BLUEFISH,0,947351,131132,4656,Unmanaged,36.11,455481.8513800425,0.947351,0.4554818513800425,Food
1979,169273,KINGFISHES,0,810046.9999999999,149728,2489,Unmanaged,36.11,520074.3269639066,0.8100469999999999,0.5200743269639065,Food
1979,168708,"POMPANO, FLORIDA",0,674726,1669536,3527,Unmanaged,36.11,5799067.719745223,0.674726,5.799067719745223,Food
1979,170336,"MULLET, WHITE",0,594288.9999999999,114946.9999999999,549,Unmanaged,36.11,399263.88959660265,0.5942889999999998,0.39926388959660264,Food
1979,161748,"HERRING, ATLANTIC THREAD",0,511973,42753,85,Unmanaged,36.11,148500.86624203823,0.511973,0.14850086624203823,Bait
1979,169180,PORGIES,0,178147.99999999988,73145,2514,Unmanaged,36.11,254066.28450106157,0.1781479999999999,0.25406628450106156,Bait
1979,169055,GRUNTS,0,139919.99999999988,26904,1372,Unmanaged,36.11,93449.9872611465,0.13991999999999988,0.09344998726114649,Bait
1979,168790,DOLPHINFISH,0,66399,32153,287,Unmanaged,36.11,111682.18259023355,0.066399,0.11168218259023356,Food
1980,170335,"MULLET, STRIPED",0,30137898.99999999,5915864,7522,Unmanaged,39.37916666666666,18842630.882827215,30.13789899999999,18.842630882827216,Food
1980,169283,"CROAKER, ATLANTIC",0,6464840,1262727,2600,Unmanaged,39.37916666666666,4021914.426494551,6.46484,4.0219144264945506,Food
1980,169288,"DRUM, BLACK",0,5938040,1051426,1612,Unmanaged,39.37916666666666,3348899.166479738,5.93804,3.348899166479738,Food
1980,169239,"SEATROUT, SPOTTED",0,3591602,2785119.1615782096,9191,Unmanaged,39.37916666666666,8870888.905882118,3.591602,8.870888905882119,Food
1980,161763,"SARDINE, SPANISH",0,2966714,246149.99999999988,143,Unmanaged,39.37916666666666,784012.8832927729,2.966714,0.784012883292773,Bait
1980,168609,"JACK, CREVALLE",1,2630777,362829,2143,Managed,39.37916666666666,1155647.4118717597,2.630777,1.1556474118717597,Food
1980,168612,"RUNNER, BLUE",1,1779998,302104.9999999999,573,Managed,39.37916666666666,962235.2716114693,1.779998,0.9622352716114694,Food
1980,161111,LADYFISH,0,1350301,72833,285,Unmanaged,39.37916666666666,231980.5416569675,1.350301,0.23198054165696752,Food
1980,172702,FLATFISHES,0,1254367,668190.9999999999,6055,Unmanaged,39.37916666666666,2128256.5610411596,1.254367,2.1282565610411597,Food
1980,169189,SHEEPSHEAD,0,1190258,172782,2999,Unmanaged,39.37916666666666,550328.3120093112,1.190258,0.5503283120093112,Food
1980,169243,"SEATROUT, SAND",0,1171929,246885.99999999988,1739,Unmanaged,39.37916666666666,786357.1184424926,1.171929,0.7863571184424926,Food
1980,168559,BLUEFISH,0,1169011,170223,2679,Unmanaged,39.37916666666666,542177.6357210877,1.169011,0.5421776357210877,Food
1980,168723,SCADS,0,801604,138564.99999999988,134,Unmanaged,39.37916666666666,441343.6732620883,0.801604,0.44134367326208834,Bait
1980,168708,"POMPANO, FLORIDA",0,639353.9999999999,1656083,3117,Unmanaged,39.37916666666666,5274793.450343879,0.6393539999999999,5.274793450343879,Food
1980,169273,KINGFISHES,0,602820,121228,2212,Unmanaged,39.37916666666666,386123.5580573485,0.60282,0.3861235580573485,Food
1980,170336,"MULLET, WHITE",0,498974,89065,171,Unmanaged,39.37916666666666,283681.11903502274,0.498974,0.28368111903502274,Food
1980,169180,PORGIES,0,163341,73945,3131,Unmanaged,39.37916666666666,235522.3751983917,0.163341,0.2355223751983917,Bait
1980,161748,"HERRING, ATLANTIC THREAD",0,116015,7748,29,Unmanaged,39.37916666666666,24678.171114167813,0.116015,0.024678171114167813,Bait
1980,168790,DOLPHINFISH,0,94984,55676,374,Unmanaged,39.37916666666666,177333.7448312348,0.094984,0.1773337448312348,Food
1980,169055,GRUNTS,0,69288,15382,723,Unmanaged,39.37916666666666,48993.240588297536,0.069288,0.048993240588297536,Bait
1980,169013,MOJARRAS,0,49218,12643,294,Unmanaged,39.37916666666666,40269.245921066555,0.049218,0.04026924592106655,Bait
1981,170335,"MULLET, STRIPED",0,33382806.99999999,7684609,6805,Unmanaged,43.08416666666667,22371440.97421713,33.382806999999985,22.371440974217133,Food
1981,169288,"DRUM, BLACK",0,6519016,1306230,1573,Unmanaged,43.08416666666667,3802698.0089359973,6.519016,3.802698008935997,Food
1981,169283,"CROAKER, ATLANTIC",0,6509560,2091546,2534,Unmanaged,43.08416666666667,6088910.689387052,6.50956,6.088910689387053,Food
1981,161111,LADYFISH,0,4000038,263356,305,Unmanaged,43.08416666666667,766682.235778805,4.000038,0.766682235778805,Food
1981,169239,"SEATROUT, SPOTTED",0,3241823,2887800.1522017997,8998,Unmanaged,43.08416666666667,8406966.528852386,3.241823,8.406966528852386,Food
1981,161763,"SARDINE, SPANISH",0,2780977,282942.9999999999,134,Unmanaged,43.08416666666667,823703.9286667566,2.780977,0.8237039286667566,Bait
1981,168609,"JACK, CREVALLE",1,1946952,273117,1962,Managed,43.08416666666667,795098.4681921046,1.946952,0.7950984681921046,Food
1981,168612,"RUNNER, BLUE",1,1561255,264998.9999999999,424,Managed,43.08416666666667,771465.3389296142,1.561255,0.7714653389296142,Food
1981,169243,"SEATROUT, SAND",0,1199496,292290,1620,Unmanaged,43.08416666666667,850914.9238892865,1.199496,0.8509149238892865,Food
1981,172702,FLATFISHES,0,1196754,724433,5865,Unmanaged,43.08416666666667,2108970.0333842672,1.196754,2.108970033384267,Food
1981,168723,SCADS,0,1139454,189434.99999999988,130,Unmanaged,43.08416666666667,551483.3508055933,1.139454,0.5514833508055933,Bait
1981,169189,SHEEPSHEAD,0,1046760,196778,2816,Unmanaged,43.08416666666667,572860.2993365698,1.04676,0.5728602993365699,Food
1981,168559,BLUEFISH,0,788153.9999999999,129246,2539,Unmanaged,43.08416666666667,376261.0771938647,0.7881539999999999,0.3762610771938647,Food
1981,169273,KINGFISHES,0,594294.9999999999,134665,1804,Unmanaged,43.08416666666667,392036.8751087987,0.5942949999999999,0.3920368751087987,Food
1981,168708,"POMPANO, FLORIDA",0,590744.9999999999,1498592,2721,Unmanaged,43.08416666666667,4362702.4449043535,0.5907449999999999,4.362702444904354,Food
1981,161748,"HERRING, ATLANTIC THREAD",0,492341,40468,29,Unmanaged,43.08416666666667,117810.47979729598,0.492341,0.11781047979729597,Bait
1981,170336,"MULLET, WHITE",0,282444,74730,269,Unmanaged,43.08416666666667,217554.04653681745,0.282444,0.21755404653681745,Food
1981,169180,PORGIES,0,189376.99999999988,90007.35830593991,3070,Unmanaged,43.08416666666667,262029.50645719864,0.18937699999999988,0.26202950645719864,Bait
1981,168790,DOLPHINFISH,0,73075,46951,358,Unmanaged,43.08416666666667,136683.79551652772,0.073075,0.13668379551652773,Food
1981,169013,MOJARRAS,0,57837,13754,387,Unmanaged,43.08416666666667,40040.65778224792,0.057837,0.040040657782247926,Bait
1981,169055,GRUNTS,0,20090,4539.761071211708,395,Unmanaged,43.08416666666667,13216.156715541607,0.02009,0.013216156715541607,Bait
1982,170335,"MULLET, STRIPED",0,26601547.99999999,5912973,7333,Unmanaged,45.7525,16209922.812523905,26.60154799999999,16.209922812523907,Food
1982,169288,"DRUM, BLACK",0,4265891,1535678,1556,Unmanaged,45.7525,4209933.284811394,4.265891,4.209933284811394,Food
1982,161111,LADYFISH,0,3294458,274250.9999999999,290,Unmanaged,45.7525,751836.2659963933,3.294458,0.7518362659963933,Food
1982,169283,"CROAKER, ATLANTIC",0,2934711,1117910,2370,Unmanaged,45.7525,3064657.1211044933,2.934711,3.064657121104493,Food
1982,169239,"SEATROUT, SPOTTED",0,2816830,2519597,9628,Unmanaged,45.7525,6907265.243502176,2.81683,6.907265243502176,Food
1982,161763,"SARDINE, SPANISH",0,2788767,252321.9999999999,120,Unmanaged,45.7525,691719.7396135,2.788767,0.6917197396135,Bait
1982,168609,"JACK, CREVALLE",1,1999480,342614,2034,Managed,45.7525,939247.7345135966,1.99948,0.9392477345135967,Food
1982,168612,"RUNNER, BLUE",1,1967272,370944.9999999999,569,Managed,45.7525,1016914.810483944,1.967272,1.016914810483944,Food
1982,172702,FLATFISHES,0,1806148,1200282,6788,Unmanaged,45.7525,3290473.095896399,1.806148,3.2904730958963992,Food
1982,168723,SCADS,0,1756881,325413,165,Unmanaged,45.7525,892092.6261952899,1.756881,0.8920926261952898,Bait
1982,169189,SHEEPSHEAD,0,1231286,224888.99999999988,3213,Unmanaged,45.7525,616514.4558220858,1.231286,0.6165144558220859,Food
1982,168559,BLUEFISH,0,1168540,204588,2813,Unmanaged,45.7525,560860.9557947653,1.16854,0.5608609557947652,Food
1982,169243,"SEATROUT, SAND",0,1038143,290980.9999999999,1483,Unmanaged,45.7525,797700.167058266,1.038143,0.797700167058266,Food
1982,169273,KINGFISHES,0,981474,244893.99999999988,1857,Unmanaged,45.7525,671356.49651203,0.981474,0.67135649651203,Food
1982,168708,"POMPANO, FLORIDA",0,687040,1671126,2848,Unmanaged,45.7525,4581252.691328342,0.68704,4.581252691328342,Food
1982,170336,"MULLET, WHITE",0,319354,83193,302,Unmanaged,45.7525,228066.67788645427,0.319354,0.22806667788645427,Food
1982,161748,"HERRING, ATLANTIC THREAD",0,294846,14250,34,Unmanaged,45.7525,39065.187694661494,0.294846,0.039065187694661496,Bait
1982,169180,PORGIES,0,188582,95212,3349,Unmanaged,45.7525,261015.76496730596,0.188582,0.26101576496730594,Bait
1982,168790,DOLPHINFISH,0,162456.99999999988,115804.9999999999,446,Unmanaged,45.7525,317469.7586652821,0.16245699999999988,0.3174697586652821,Food
1982,169013,MOJARRAS,0,108683.9999999999,27837,435,Unmanaged,45.7525,76312.8161302661,0.10868399999999989,0.07631281613026611,Bait
1982,169055,GRUNTS,0,54511,16349.4877260538,543,Unmanaged,45.7525,44820.75836700744,0.054511,0.04482075836700744,Bait
1983,170335,"MULLET, STRIPED",0,25616372,6442904,7056,Unmanaged,47.54416666666667,16997079.327081837,25.616372,16.99707932708184,Food
1983,169288,"DRUM, BLACK",0,5274213,1939088,1606,Unmanaged,47.54416666666667,5115524.390584193,5.274213,5.115524390584193,Food
1983,161111,LADYFISH,0,4162381,356367.9999999999,247,Unmanaged,47.54416666666667,940137.423378262,4.162381,0.940137423378262,Food
1983,169239,"SEATROUT, SPOTTED",0,3324737,3040234.9899799596,9088,Unmanaged,47.54416666666667,8020469.542563295,3.324737,8.020469542563294,Food
1983,161763,"SARDINE, SPANISH",0,2676287,292586.9999999999,131,Unmanaged,47.54416666666667,771876.229891504,2.676287,0.7718762298915041,Bait
1983,168612,"RUNNER, BLUE",1,2034290,380634,468,Managed,47.54416666666667,1004153.7624314234,2.03429,1.0041537624314234,Food
1983,169189,SHEEPSHEAD,0,1676929,273903,3346,Unmanaged,47.54416666666667,722585.8120694793,1.676929,0.7225858120694792,Food
1983,168723,SCADS,0,1648409,282480,115,Unmanaged,47.54416666666667,745212.8680349849,1.648409,0.7452128680349849,Bait
1983,172702,FLATFISHES,0,1632186,1099429,6647,Unmanaged,47.54416666666667,2900412.908138047,1.632186,2.9004129081380468,Food
1983,168609,"JACK, CREVALLE",1,1559073,261675,2129,Managed,47.54416666666667,690327.0222424762,1.559073,0.6903270222424762,Food
1983,169273,KINGFISHES,0,1010497,251178.99999999988,2054,Unmanaged,47.54416666666667,662637.4362084374,1.010497,0.6626374362084374,Food
1983,169283,"CROAKER, ATLANTIC",0,893086.9999999999,337535,1921,Unmanaged,47.54416666666667,890453.9274008378,0.8930869999999999,0.8904539274008377,Food
1983,168559,BLUEFISH,0,728262.9999999999,132770,2445,Unmanaged,47.54416666666667,350261.65565351513,0.7282629999999999,0.35026165565351514,Food
1983,169243,"SEATROUT, SAND",0,668283,207425,1642,Unmanaged,47.54416666666667,547209.6401591502,0.668283,0.5472096401591502,Food
1983,168708,"POMPANO, FLORIDA",0,533320.9999999999,1428126,2916,Unmanaged,47.54416666666667,3767551.233274324,0.5333209999999999,3.767551233274324,Food
1983,170336,"MULLET, WHITE",0,217982,52021,263,Unmanaged,47.54416666666667,137237.03840288855,0.217982,0.13723703840288853,Food
1983,161748,"HERRING, ATLANTIC THREAD",0,210486,13347,23,Unmanaged,47.54416666666667,35210.83315513645,0.210486,0.035210833155136456,Bait
1983,169180,PORGIES,0,209300.99999999988,102727.7585358933,3174,Unmanaged,47.54416666666667,271006.9653261769,0.20930099999999988,0.2710069653261769,Bait
1983,168790,DOLPHINFISH,0,190808,136588.99999999988,490,Unmanaged,47.54416666666667,360336.59173049586,0.190808,0.36033659173049587,Food
1983,169013,MOJARRAS,0,114830.9999999999,28775,338,Unmanaged,47.54416666666667,75911.56994373653,0.11483099999999989,0.07591156994373653,Bait
1983,169055,GRUNTS,0,42694,10797.8023042414,582,Unmanaged,47.54416666666667,28485.773235692806,0.042694,0.028485773235692808,Bait
1984,170335,"MULLET, STRIPED",0,22512009,6057738,6886,Unmanaged,49.263333333333335,15423273.933554368,22.512009,15.423273933554368,Food
1984,169288,"DRUM, BLACK",0,5933638,1929744,2153,Unmanaged,49.263333333333335,4913215.185871845,5.933638,4.913215185871845,Food
1984,161763,"SARDINE, SPANISH",0,3516990,308488,121,Unmanaged,49.263333333333335,785424.3496853644,3.51699,0.7854243496853645,Bait
1984,161111,LADYFISH,0,3439895,255754,274,Unmanaged,49.263333333333335,651161.2092834427,3.439895,0.6511612092834427,Food
1984,169239,"SEATROUT, SPOTTED",0,2599657,2545538,8149,Unmanaged,49.263333333333335,6481054.459976994,2.599657,6.481054459976995,Food
1984,169189,SHEEPSHEAD,0,1507605,223160.99999999988,3357,Unmanaged,49.263333333333335,568177.9625143782,1.507605,0.5681779625143782,Food
1984,168609,"JACK, CREVALLE",1,1369530,195142.5126238547,2405,Managed,49.263333333333335,496841.6310312203,1.36953,0.4968416310312203,Food
1984,172702,FLATFISHES,0,1309944,926520,6667,Unmanaged,49.263333333333335,2358961.672643616,1.309944,2.358961672643616,Food
1984,168612,"RUNNER, BLUE",1,1122157.34975871,222931.9294423814,514,Managed,49.263333333333335,567594.7385518592,1.12215734975871,0.5675947385518592,Food
1984,168723,SCADS,0,970086,135617,108,Unmanaged,49.263333333333335,345286.9934366331,0.970086,0.3452869934366331,Bait
1984,169243,"SEATROUT, SAND",0,677391.9999999999,249049,1627,Unmanaged,49.263333333333335,634089.9771297111,0.6773919999999999,0.634089977129711,Food
1984,168559,BLUEFISH,0,607464,109717,2583,Unmanaged,49.263333333333335,279344.4262805332,0.607464,0.2793444262805332,Food
1984,169273,KINGFISHES,0,532121,135881.99999999988,1827,Unmanaged,49.263333333333335,345961.6953785774,0.532121,0.3459616953785774,Food
1984,168708,"POMPANO, FLORIDA",0,521302,1525183,3557,Unmanaged,49.263333333333335,3883184.648758373,0.521302,3.883184648758373,Food
1984,161748,"HERRING, ATLANTIC THREAD",0,496823,29953,25,Unmanaged,49.263333333333335,76261.68780025712,0.496823,0.07626168780025712,Bait
1984,169283,"CROAKER, ATLANTIC",0,434522.9999999999,194511.99999999988,1407,Unmanaged,49.263333333333335,495236.3174775016,0.4345229999999999,0.4952363174775016,Food
1984,169180,PORGIES,0,227325.99999999988,123180.0798023245,3939,Unmanaged,49.263333333333335,313622.0341566998,0.2273259999999999,0.31362203415669976,Bait
1984,170336,"MULLET, WHITE",0,180002,45974,223,Unmanaged,49.263333333333335,117051.87576967318,0.180002,0.11705187576967317,Food
1984,169055,GRUNTS,0,50763.8318936232,16709.3613567953,483,Unmanaged,49.263333333333335,42542.78700409321,0.050763831893623206,0.04254278700409321,Bait
1984,168790,DOLPHINFISH,0,19657.7104547566,17930.481290121,521,Unmanaged,49.263333333333335,45651.813382818385,0.019657710454756602,0.04565181338281839,Food
1985,170335,"MULLET, STRIPED",0,19435441.99999999,5389812,7465,Unmanaged,50.81333333333333,13304109.547100497,19.435441999999988,13.304109547100497,Food
1985,169288,"DRUM, BLACK",0,7011194,2009091,1790,Unmanaged,50.81333333333333,4959202.056415639,7.011194,4.959202056415639,Food
1985,161763,"SARDINE, SPANISH",0,4551761,376818,125,Unmanaged,50.81333333333333,930130.3925478876,4.551761,0.9301303925478877,Bait
1985,161111,LADYFISH,0,2960573,241892,206,Unmanaged,50.81333333333333,597081.6174232485,2.960573,0.5970816174232485,Food
1985,169239,"SEATROUT, SPOTTED",0,2344229,2359534,8598,Unmanaged,50.81333333333333,5824228.900026239,2.344229,5.824228900026239,Food
1985,169189,SHEEPSHEAD,0,1652452,253869.9999999999,3691,Unmanaged,50.81333333333333,626647.8850695352,1.652452,0.6266478850695353,Food
1985,172702,FLATFISHES,0,1626027,1171507,6821,Unmanaged,50.81333333333333,2891725.622933613,1.6260269999999999,2.8917256229336132,Food
1985,168609,"JACK, CREVALLE",1,1152145,188839.7823606845,2540,Managed,50.81333333333333,466128.5312692099,1.152145,0.46612853126920994,Food
1985,168612,"RUNNER, BLUE",1,1007631,201394.2809069641,465,Managed,50.81333333333333,497117.81697502255,1.007631,0.49711781697502255,Food
1985,168723,SCADS,0,876443,130354,93,Unmanaged,50.81333333333333,321763.337181842,0.876443,0.321763337181842,Bait
1985,169243,"SEATROUT, SAND",0,627362,283907,2045,Unmanaged,50.81333333333333,700790.6452374704,0.627362,0.7007906452374704,Food
1985,169273,KINGFISHES,0,614584,181712.99999999988,1568,Unmanaged,50.81333333333333,448536.9170821303,0.614584,0.44853691708213034,Food
1985,168559,BLUEFISH,0,567631.9999999999,114766.9999999999,2808,Unmanaged,50.81333333333333,283288.68249803176,0.5676319999999999,0.28328868249803174,Food
1985,161748,"HERRING, ATLANTIC THREAD",0,485254,39613,27,Unmanaged,50.81333333333333,97779.97664654945,0.485254,0.09777997664654944,Bait
1985,168708,"POMPANO, FLORIDA",0,446018,1407284,3652,Unmanaged,50.81333333333333,3473713.0905274204,0.446018,3.4737130905274203,Food
1985,170336,"MULLET, WHITE",0,421187,120402,333,Unmanaged,50.81333333333333,297198.0094463395,0.421187,0.2971980094463395,Food
1985,169180,PORGIES,0,318436,192857.39208344472,4419,Unmanaged,50.81333333333333,476045.5227837744,0.318436,0.47604552278377443,Bait
1985,169283,"CROAKER, ATLANTIC",0,311862,145484.99999999988,1684,Unmanaged,50.81333333333333,359112.4101285749,0.311862,0.35911241012857487,Food
1985,168790,DOLPHINFISH,0,101526,106121.8997451244,532,Unmanaged,50.81333333333333,261949.28126538577,0.101526,0.26194928126538575,Food
1985,169013,MOJARRAS,0,79575,35759,582,Unmanaged,50.81333333333333,88266.8362634479,0.079575,0.0882668362634479,Bait
1985,169055,GRUNTS,0,41865,12066.4673127753,646,Unmanaged,50.81333333333333,29784.63868047159,0.041865,0.02978463868047159,Bait
1986,170335,"MULLET, STRIPED",0,25842936,2925454.62,287386,Unmanaged,51.84916666666667,7076874.037921535,25.842936,7.0768740379215345,Food
1986,169288,"DRUM, BLACK",0,7618472,2552568.35,3480,Unmanaged,51.84916666666667,6174836.745932914,7.618472,6.1748367459329145,Food
1986,161763,"SARDINE, SPANISH",0,6110762,216,941,Unmanaged,51.84916666666667,522.5187161478004,6.110762,5.225187161478005e-4,Bait
1986,161111,LADYFISH,0,4480150.19554821,926.009500043474,1738,Unmanaged,51.84916666666667,2240.0800699230676,4.480150195548211,0.0022400800699230675,Food
1986,169239,"SEATROUT, SPOTTED",0,3282133,1882283.37,241133,Unmanaged,51.84916666666667,4553371.71258683,3.282133,4.553371712586831,Food
1986,172702,FLATFISHES,0,1799721,1368170,1652,Unmanaged,51.84916666666667,3309696.443851556,1.799721,3.309696443851556,Food
1986,169189,SHEEPSHEAD,0,1745838,231763.43,45812,Unmanaged,51.84916666666667,560651.5272852343,1.745838,0.5606515272852343,Food
1986,168609,"JACK, CREVALLE",1,1087793.29444127,6783.618585459288,4880,Managed,51.84916666666667,16410.03552828956,1.08779329444127,0.01641003552828956,Food
1986,169273,KINGFISHES,0,755900,208741.38,3261,Unmanaged,51.84916666666667,504959.61983574147,0.7559,0.5049596198357414,Food
1986,161748,"HERRING, ATLANTIC THREAD",0,692305,NA,99,Unmanaged,51.84916666666667,NA,0.692305,NA,Bait
1986,169243,"SEATROUT, SAND",0,596123,212408.65,8702,Unmanaged,51.84916666666667,513830.99581799767,0.596123,0.5138309958179976,Food
1986,170336,"MULLET, WHITE",0,528882,8902.560000000001,4239,Unmanaged,51.84916666666667,21535.899174207236,0.528882,0.021535899174207236,Food
1986,168612,"RUNNER, BLUE",1,508480.9186782282,41959.2154909773,396,Managed,51.84916666666667,101502.20096719611,0.5084809186782282,0.10150220096719612,Food
1986,168559,BLUEFISH,0,457608.83861907513,14216.5089547816,15293,Unmanaged,51.84916666666667,34390.70373683421,0.45760883861907514,0.03439070373683421,Food
1986,168708,"POMPANO, FLORIDA",0,450114.9999999999,398215.2599999999,59743,Unmanaged,51.84916666666667,963309.8444706597,0.4501149999999999,0.9633098444706597,Food
1986,168791,DOLPHIN,1,417992.4,56148.8,4713,Managed,51.84916666666667,135827.7726353686,0.41799240000000004,0.1358277726353686,Food
1986,168725,"SCAD, ROUND",0,377733,179.75,325,Unmanaged,51.84916666666667,434.8274964239219,0.377733,4.348274964239219e-4,Bait
1986,169180,PORGIES,0,350231.6549622166,45055.0159949622,9938,Unmanaged,51.84916666666667,108991.15330419567,0.35023165496221664,0.10899115330419568,Bait
1986,169283,"CROAKER, ATLANTIC",0,254908.6011430904,53847.2,5156,Unmanaged,51.84916666666667,130260.04542663814,0.2549086011430904,0.13026004542663813,Food
1986,161700,HERRINGS,0,184780,NA,255,Unmanaged,51.84916666666667,NA,0.18478,NA,Bait
1986,169055,GRUNTS,0,109617.2406400966,699.4236865942031,13149,Unmanaged,51.84916666666667,1691.9535498266878,0.1096172406400966,0.0016919535498266878,Bait
1986,168790,DOLPHINFISH,0,44314,38302,102,Unmanaged,51.84916666666667,92655.14752728265,0.044314,0.09265514752728266,Food
1986,169013,MOJARRAS,0,26145.6501370747,1069.706817448798,2150,Unmanaged,51.84916666666667,2587.6936708698863,0.026145650137074698,0.0025876936708698864,Bait
1987,170335,"MULLET, STRIPED",0,23315539.99999999,1846015.18,330097,Unmanaged,53.130833333333335,4357912.649154759,23.315539999999988,4.357912649154759,Food
1987,169288,"DRUM, BLACK",0,10646141,3563009.59,6197,Unmanaged,53.130833333333335,8411244.246280095,10.646141,8.411244246280095,Food
1987,161763,"SARDINE, SPANISH",0,6439102,5084.6500000000005,1324,Unmanaged,53.130833333333335,12003.401050865004,6.439102,0.012003401050865005,Bait
1987,161111,LADYFISH,0,5120615,2225.08,3850,Unmanaged,53.130833333333335,5252.776023965996,5.120615,0.005252776023965996,Food
1987,169189,SHEEPSHEAD,0,3348289,470959.71,39184,Unmanaged,53.130833333333335,1111800.8669090453,3.348289,1.1118008669090453,Food
1987,169239,"SEATROUT, SPOTTED",0,3209088,1804600.65,246375,Unmanaged,53.130833333333335,4260144.815985695,3.209088,4.260144815985695,Food
1987,172702,FLATFISHES,0,1832781,1544537,1669,Unmanaged,53.130833333333335,3646209.089888169,1.832781,3.646209089888169,Food
1987,168609,"JACK, CREVALLE",1,1579195,2572.74,11329,Managed,53.130833333333335,6073.501621469014,1.579195,0.006073501621469014,Food
1987,161748,"HERRING, ATLANTIC THREAD",0,1125724,189,148,Unmanaged,53.130833333333335,446.17482001976254,1.125724,4.461748200197625e-4,Bait
1987,168612,"RUNNER, BLUE",1,1063258.9816953,50938.6752830189,1543,Managed,53.130833333333335,120251.60992828615,1.0632589816953,0.12025160992828615,Food
1987,168725,"SCAD, ROUND",0,944857,39.7,440,Unmanaged,53.130833333333335,93.72031933748451,0.944857,9.37203193374845e-5,Bait
1987,169273,KINGFISHES,0,736235,217319.3,3610,Unmanaged,53.130833333333335,513028.5691233903,0.736235,0.5130285691233903,Food
1987,169180,PORGIES,0,600457.4902,184901.5289999999,12972,Unmanaged,53.130833333333335,436499.5048833537,0.6004574902,0.4364995048833537,Bait
1987,169243,"SEATROUT, SAND",0,527541.9999999999,183994.35,10603,Unmanaged,53.130833333333335,434357.9153222391,0.5275419999999998,0.4343579153222391,Food
1987,168708,"POMPANO, FLORIDA",0,491530.9999999999,418046.31,69567,Unmanaged,53.130833333333335,986887.4980115124,0.4915309999999999,0.9868874980115124,Food
1987,168559,BLUEFISH,0,478074.9999999999,22522.5,12159,Unmanaged,53.130833333333335,53169.16605235503,0.47807499999999986,0.053169166052355034,Food
1987,170336,"MULLET, WHITE",0,447244.9999999999,4792.5,4070,Unmanaged,53.130833333333335,11313.718650501121,0.4472449999999999,0.011313718650501122,Food
1987,168791,DOLPHIN,1,302796,89472.18000000001,4283,Managed,53.130833333333335,211218.16829775556,0.302796,0.21121816829775555,Food
1987,161700,HERRINGS,0,223231,NA,106,Unmanaged,53.130833333333335,NA,0.223231,NA,Bait
1987,169283,"CROAKER, ATLANTIC",0,200587,60705.15,4109,Unmanaged,53.130833333333335,143307.45701334756,0.200587,0.14330745701334757,Food
1987,169055,GRUNTS,0,139234.8581304006,4509.056242471851,25550,Unmanaged,53.130833333333335,10644.589192824682,0.1392348581304006,0.010644589192824683,Bait
1987,168790,DOLPHINFISH,0,78441,69471,178,Unmanaged,53.130833333333335,164001.11598726414,0.078441,0.16400111598726413,Food
1987,169013,MOJARRAS,0,68733,281.49,5434,Unmanaged,53.130833333333335,664.5171962294336,0.068733,6.645171962294336e-4,Bait
1988,170335,"MULLET, STRIPED",0,25313878.2,10941553.36,378854,Unmanaged,55.004999999999995,24949778.494687147,25.313878199999998,24.94977849468715,Food
1988,169288,"DRUM, BLACK",0,10469030,3091016.35,5909,Unmanaged,55.004999999999995,7048375.1912129205,10.46903,7.04837519121292,Food
1988,161111,LADYFISH,0,4147993,703335.61,3667,Unmanaged,55.004999999999995,1603800.401968306,4.147993,1.6038004019683059,Food
1988,161763,"SARDINE, SPANISH",0,3505561,338767.5999999999,1080,Unmanaged,55.004999999999995,772484.1531254733,3.505561,0.7724841531254732,Bait
1988,169189,SHEEPSHEAD,0,3176412,665648.28,42905,Unmanaged,55.004999999999995,1517862.8294300518,3.176412,1.5178628294300518,Food
1988,169239,"SEATROUT, SPOTTED",0,2862230,2954202.53,244434,Unmanaged,55.004999999999995,6736401.708865254,2.86223,6.736401708865254,Food
1988,168612,"RUNNER, BLUE",1,1930791.89089795,525385.2772724486,1594,Managed,55.004999999999995,1198024.25314109,1.93079189089795,1.19802425314109,Food
1988,168725,"SCAD, ROUND",0,1882872.53,304546.5,517,Unmanaged,55.004999999999995,694450.5470411781,1.88287253,0.6944505470411781,Bait
1988,161748,"HERRING, ATLANTIC THREAD",0,1673491,117144.4099999999,179,Unmanaged,55.004999999999995,267121.7682925792,1.673491,0.2671217682925792,Bait
1988,168609,"JACK, CREVALLE",1,1461682.95684068,322026.493091403,19165,Managed,55.004999999999995,734309.7828708488,1.46168295684068,0.7343097828708488,Food
1988,172702,FLATFISHES,0,972593,973488,1614,Unmanaged,55.004999999999995,2219822.832106172,0.972593,2.219822832106172,Food
1988,168559,BLUEFISH,0,728872,136520.21999999988,12996,Unmanaged,55.004999999999995,311303.9928588308,0.728872,0.31130399285883076,Food
1988,169180,PORGIES,0,652406.5645052893,501205.1792906035,16285,Unmanaged,55.004999999999995,1142886.9185435765,0.6524065645052893,1.1428869185435766,Bait
1988,169273,KINGFISHES,0,526655.9999999999,194348.9,3807,Unmanaged,55.004999999999995,443169.4336393661,0.5266559999999999,0.4431694336393661,Food
1988,168708,"POMPANO, FLORIDA",0,492741,1328420.19,65509,Unmanaged,55.004999999999995,3029166.736922098,0.492741,3.029166736922098,Food
1988,170336,"MULLET, WHITE",0,383500.9999999999,120134.83,3548,Unmanaged,55.004999999999995,273940.7558852226,0.38350099999999987,0.2739407558852226,Food
1988,169243,"SEATROUT, SAND",0,375036.9999999999,218223.65,10204,Unmanaged,55.004999999999995,497610.49008877977,0.3750369999999999,0.4976104900887798,Food
1988,168791,DOLPHIN,1,297694.8,280406.13,4433,Managed,55.004999999999995,639403.8032687937,0.2976948,0.6394038032687938,Food
1988,168790,DOLPHINFISH,0,172273,218100,279,Unmanaged,55.004999999999995,497328.5337696573,0.172273,0.4973285337696573,Food
1988,169055,GRUNTS,0,166278.1514692,69002.956946213,24621,Unmanaged,55.004999999999995,157345.8936443416,0.1662781514692,0.1573458936443416,Bait
1988,169283,"CROAKER, ATLANTIC",0,129481.9999999999,51055.58,4371,Unmanaged,55.004999999999995,116420.89290306943,0.1294819999999999,0.11642089290306942,Food
1988,169013,MOJARRAS,0,84108,51200.55,1724,Unmanaged,55.004999999999995,116751.46473956914,0.084108,0.11675146473956914,Bait
1988,161700,HERRINGS,0,68765,77016.8,117,Unmanaged,55.004999999999995,175619.68005332848,0.068765,0.17561968005332848,Bait
1989,170335,"MULLET, STRIPED",0,27890353.2,13600176.68999999,412038,Unmanaged,57.1625,29841676.419057928,27.8903532,29.84167641905793,Food
1989,161748,"HERRING, ATLANTIC THREAD",0,7457775,1939248.24,711,Unmanaged,57.1625,4255122.546816532,7.457775,4.255122546816532,Bait
1989,169288,"DRUM, BLACK",0,5490011,2508313.0300000003,8618,Unmanaged,57.1625,5503771.568938844,5.490011,5.503771568938844,Food
1989,161111,LADYFISH,0,4332905,504155.89,5951,Unmanaged,57.1625,1106225.1084726292,4.332905,1.1062251084726291,Food
1989,169189,SHEEPSHEAD,0,4253456,874038.46,103544,Unmanaged,57.1625,1917826.0323860338,4.253456,1.9178260323860339,Food
1989,169239,"SEATROUT, SPOTTED",0,2571267,2424239.05,196269,Unmanaged,57.1625,5319295.398988264,2.571267,5.319295398988264,Food
1989,168725,"SCAD, ROUND",0,2562948,NA,589,Unmanaged,57.1625,NA,2.562948,NA,Bait
1989,161763,"SARDINE, SPANISH",0,2165620,512628,945,Unmanaged,57.1625,1124814.717340914,2.16562,1.124814717340914,Bait
1989,168609,"JACK, CREVALLE",1,2003398.85361892,350036.6378608091,44309,Managed,57.1625,768054.7334019403,2.0033988536189202,0.7680547334019403,Food
1989,172702,FLATFISHES,0,925772,939514,1916,Unmanaged,57.1625,2061493.2745535388,0.925772,2.0614932745535386,Food
1989,168612,"RUNNER, BLUE",1,774945.4075630252,208202.8844139194,1190,Managed,57.1625,456841.35197766364,0.7749454075630252,0.4568413519776636,Food
1989,170336,"MULLET, WHITE",0,715391.1527439493,199622.52326188012,10325,Unmanaged,57.1625,438014.2170885939,0.7153911527439494,0.43801421708859395,Food
1989,169180,PORGIES,0,661343.3849623073,498584.1167017793,18712,Unmanaged,57.1625,1093999.4543774065,0.6613433849623073,1.0939994543774065,Bait
1989,169273,KINGFISHES,0,636193.9999999999,230338.0399999999,7878,Unmanaged,57.1625,505410.58497674734,0.6361939999999999,0.5054105849767473,Food
1989,168559,BLUEFISH,0,585141.9999999999,101321.12999999987,16073,Unmanaged,57.1625,222320.08045134458,0.5851419999999998,0.22232008045134458,Food
1989,168791,DOLPHIN,1,550122,450116.69,8055,Managed,57.1625,987651.6254140972,0.550122,0.9876516254140972,Food
1989,168708,"POMPANO, FLORIDA",0,472962.3128981848,1095561.95673398,47830,Unmanaged,57.1625,2403895.637173916,0.4729623128981848,2.403895637173916,Food
1989,168790,DOLPHINFISH,0,404240,318967,398,Unmanaged,57.1625,699881.3485531015,0.40424,0.6998813485531016,Food
1989,169243,"SEATROUT, SAND",0,288339.9999999999,122945.92999999988,8490,Unmanaged,57.1625,269769.48489190143,0.2883399999999999,0.26976948489190145,Food
1989,169055,GRUNTS,0,245448.5676219796,106635.5280928987,29826,Unmanaged,57.1625,233980.99867801397,0.2454485676219796,0.23398099867801397,Bait
1989,169283,"CROAKER, ATLANTIC",0,115528.9999999999,59453.22,4282,Unmanaged,57.1625,130452.9929096873,0.1155289999999999,0.1304529929096873,Food
1989,169013,MOJARRAS,0,107940,35913.74,5446,Unmanaged,57.1625,78802.37385931918,0.10794,0.07880237385931918,Bait
1989,161700,HERRINGS,0,10839,11171.82,74,Unmanaged,57.1625,24513.346043297614,0.010839,0.024513346043297614,Bait
1990,170335,"MULLET, STRIPED",0,29161294.79999999,15241117.40999999,481690,Unmanaged,59.30416666666667,32234540.34446594,29.16129479999999,32.23454034446594,Food
1990,161111,LADYFISH,0,5797081,1441678.75,5696,Unmanaged,59.30416666666667,3049110.5461954614,5.797081,3.0491105461954615,Food
1990,169189,SHEEPSHEAD,0,3966792,921393.1,105588,Unmanaged,59.30416666666667,1948720.8356242536,3.966792,1.9487208356242536,Food
1990,169288,"DRUM, BLACK",0,3797291,1690775.16,8214,Unmanaged,59.30416666666667,3575942.5403206632,3.797291,3.5759425403206633,Food
1990,161748,"HERRING, ATLANTIC THREAD",0,3646389,118431.68,717,Unmanaged,59.30416666666667,250479.71643588843,3.646389,0.25047971643588846,Bait
1990,168609,"JACK, CREVALLE",1,2397514.2420807597,571133.4895161849,53622,Managed,59.30416666666667,1207931.479998033,2.3975142420807596,1.207931479998033,Food
1990,161763,"SARDINE, SPANISH",0,2120549,565416,750,Unmanaged,59.30416666666667,1195839.1483453945,2.120549,1.1958391483453945,Bait
1990,168612,"RUNNER, BLUE",1,1776261.929647,469617.40640582575,2060,Managed,59.30416666666667,993227.781535216,1.7762619296470001,0.9932277815352161,Food
1990,169239,"SEATROUT, SPOTTED",0,1446734,1813711.05,188387,Unmanaged,59.30416666666667,3835948.5359038855,1.446734,3.8359485359038854,Food
1990,168725,"SCAD, ROUND",0,986232,172999.75,591,Unmanaged,59.30416666666667,365889.67009063443,0.986232,0.36588967009063444,Bait
1990,172702,FLATFISHES,0,829352,922556,1455,Unmanaged,59.30416666666667,1951180.3368509803,0.829352,1.9511803368509804,Food
1990,169180,PORGIES,0,741091.4036646528,538385.4384914911,18825,Unmanaged,59.30416666666667,1138670.2609180259,0.7410914036646529,1.138670260918026,Bait
1990,170336,"MULLET, WHITE",0,653121.2475576847,226520.753970204,8892,Unmanaged,59.30416666666667,479085.1081509639,0.6531212475576846,0.4790851081509639,Food
1990,168708,"POMPANO, FLORIDA",0,651123.9999999999,1367913.65,69974,Unmanaged,59.30416666666667,2893099.406854493,0.6511239999999999,2.893099406854493,Food
1990,168791,DOLPHIN,1,634027.2000000001,442541.21,5601,Managed,59.30416666666667,935962.3775665005,0.6340272000000001,0.9359623775665005,Food
1990,168559,BLUEFISH,0,546061.096781195,100433.4457725782,18218,Unmanaged,59.30416666666667,212413.95053920173,0.5460610967811951,0.21241395053920173,Food
1990,169273,KINGFISHES,0,535663,224176.8,7812,Unmanaged,59.30416666666667,474127.7105543455,0.535663,0.4741277105543455,Food
1990,169055,GRUNTS,0,446261.8238762081,209520.6946670622,25971,Unmanaged,59.30416666666667,443130.45451737323,0.4462618238762081,0.4431304545173732,Bait
1990,168790,DOLPHINFISH,0,399296,292275,229,Unmanaged,59.30416666666667,618153.5136654255,0.399296,0.6181535136654255,Food
1990,169243,"SEATROUT, SAND",0,304981.9999999999,156691.9499999999,8246,Unmanaged,59.30416666666667,331399.125671327,0.30498199999999986,0.331399125671327,Food
1990,169013,MOJARRAS,0,160168.5991875423,73167.4789708869,11711,Unmanaged,59.30416666666667,154747.18744981565,0.1601685991875423,0.15474718744981567,Bait
1990,169283,"CROAKER, ATLANTIC",0,126259.9999999999,88172.12999999999,3274,Unmanaged,59.30416666666667,186481.60796121688,0.1262599999999999,0.18648160796121688,Food
1990,161700,HERRINGS,0,4937,135,31,Unmanaged,59.30416666666667,285.52125342513875,0.004937,2.8552125342513874e-4,Bait
1991,170335,"MULLET, STRIPED",0,25302316.67386513,12333780.05218157,251750,Unmanaged,61.29833333333333,25236981.745207217,25.30231667386513,25.236981745207217,Food
1991,161111,LADYFISH,0,4285684.09698257,426303.85397592286,5950,Unmanaged,61.29833333333333,872289.1550833913,4.28568409698257,0.8722891550833913,Food
1991,169189,SHEEPSHEAD,0,3248618,1038269.35,83712,Unmanaged,61.29833333333333,2124473.155974877,3.248618,2.124473155974877,Food
1991,161748,"HERRING, ATLANTIC THREAD",0,2904777,65915.22,441,Unmanaged,61.29833333333333,134873.59080779794,2.904777,0.13487359080779793,Bait
1991,169288,"DRUM, BLACK",0,2680054,1698232.85,6912,Unmanaged,61.29833333333333,3474869.1198673155,2.680054,3.4748691198673156,Food
1991,168725,"SCAD, ROUND",0,2082035,517938.45,738,Unmanaged,61.29833333333333,1059788.901090296,2.082035,1.0597889010902959,Bait
1991,169239,"SEATROUT, SPOTTED",0,2072986,2441660.46,103755,Unmanaged,61.29833333333333,4996046.645579271,2.072986,4.996046645579271,Food
1991,168609,"JACK, CREVALLE",1,1930573.13749211,454806.2321057899,47776,Managed,61.29833333333333,930609.7991612965,1.93057313749211,0.9306097991612965,Food
1991,161763,"SARDINE, SPANISH",0,1661332,518155.2,499,Unmanaged,61.29833333333333,1060232.4079284375,1.661332,1.0602324079284375,Bait
1991,168612,"RUNNER, BLUE",1,1337699.2,298894,2216,Managed,61.29833333333333,611587.2335843823,1.3376991999999999,0.6115872335843824,Food
1991,172702,FLATFISHES,0,1279272,1329381,1532,Unmanaged,61.29833333333333,2720136.396748144,1.279272,2.7201363967481442,Food
1991,168791,DOLPHIN,1,842710.8,661044.4,7028,Managed,61.29833333333333,1352607.6665053428,0.8427108000000001,1.3526076665053428,Food
1991,169055,GRUNTS,0,714821.494507244,203911.592408852,31858,Unmanaged,61.29833333333333,417237.30385058234,0.714821494507244,0.41723730385058233,Bait
1991,168790,DOLPHINFISH,0,615195,520709,217,Unmanaged,61.29833333333333,1065457.9108730524,0.615195,1.0654579108730524,Food
1991,169273,KINGFISHES,0,579368.9999999999,245225.1499999999,5682,Unmanaged,61.29833333333333,501771.7689007312,0.5793689999999999,0.5017717689007312,Food
1991,169180,PORGIES,0,559702.8046672416,376733.4924742876,23444,Unmanaged,61.29833333333333,770859.8849790638,0.5597028046672416,0.7708598849790638,Bait
1991,168559,BLUEFISH,0,444975.9999999999,76474.81,16517,Unmanaged,61.29833333333333,156480.28226324805,0.44497599999999987,0.15648028226324806,Food
1991,168708,"POMPANO, FLORIDA",0,434780.6694431548,857213.7804517028,50482,Unmanaged,61.29833333333333,1754003.1067096263,0.4347806694431548,1.7540031067096262,Food
1991,170336,"MULLET, WHITE",0,317298.0589270686,90115.0682908792,3633,Unmanaged,61.29833333333333,184390.5375159304,0.3172980589270686,0.1843905375159304,Food
1991,169243,"SEATROUT, SAND",0,305187,168233.15,5666,Unmanaged,61.29833333333333,344233.2291905707,0.305187,0.3442332291905707,Food
1991,172568,"BUTTERFISH,GULF",0,228831,1631.21,271,Unmanaged,61.29833333333333,3337.7291323853287,0.228831,0.0033377291323853286,Bait
1991,169013,MOJARRAS,0,150612,56986.51,11037,Unmanaged,61.29833333333333,116603.95324940863,0.150612,0.11660395324940863,Bait
1991,169283,"CROAKER, ATLANTIC",0,110521.9999999999,60243.21,1996,Unmanaged,61.29833333333333,123267.70743522118,0.1105219999999999,0.12326770743522118,Food
1991,161700,HERRINGS,0,8389,3082.36,56,Unmanaged,61.29833333333333,6307.025317708475,0.008389,0.006307025317708475,Bait
1992,170335,"MULLET, STRIPED",0,26185583.87893829,13568282.0437194,135060,Unmanaged,62.70583333333333,27139809.785962153,26.185583878938292,27.139809785962154,Food
1992,161111,LADYFISH,0,4586841.5,709476.52,6116,Unmanaged,62.70583333333333,1419122.7554352998,4.5868415,1.4191227554352999,Food
1992,169189,SHEEPSHEAD,0,4163006.0010521,1227034.21043136,60365,Unmanaged,62.70583333333333,2454361.942408931,4.1630060010521,2.454361942408931,Food
1992,169288,"DRUM, BLACK",0,3973518.01461716,2140449.28359582,4849,Unmanaged,62.70583333333333,4281410.588761997,3.97351801461716,4.2814105887619975,Food
1992,161748,"HERRING, ATLANTIC THREAD",0,3413274,224800.82,488,Unmanaged,62.70583333333333,449655.41509747895,3.413274,0.44965541509747897,Bait
1992,168725,"SCAD, ROUND",0,2723696,NA,669,Unmanaged,62.70583333333333,NA,2.723696,NA,Bait
1992,168609,"JACK, CREVALLE",1,1919012.71039563,478970.3522576956,40395,Managed,62.70583333333333,958055.280064458,1.91901271039563,0.9580552800644581,Food
1992,161763,"SARDINE, SPANISH",0,1881396,456682.62,551,Unmanaged,62.70583333333333,913474.4840517229,1.881396,0.9134744840517229,Bait
1992,169239,"SEATROUT, SPOTTED",0,1667553,1819716.01,46074,Unmanaged,62.70583333333333,3639867.31826013,1.667553,3.63986731826013,Food
1992,172702,FLATFISHES,0,1293186,1534195,1501,Unmanaged,62.70583333333333,3068756.99815275,1.293186,3.0687569981527503,Food
1992,168612,"RUNNER, BLUE",1,1186814.04546805,262062.0368618127,1513,Managed,62.70583333333333,524186.7621585598,1.18681404546805,0.5241867621585599,Food
1992,169273,KINGFISHES,0,900389,342362.62,6554,Unmanaged,62.70583333333333,684807.1373136471,0.900389,0.6848071373136471,Food
1992,169055,GRUNTS,0,608449.1365276817,246304.1235468018,24766,Unmanaged,62.70583333333333,492667.1660435131,0.6084491365276817,0.4926671660435131,Bait
1992,169180,PORGIES,0,539104.5526719493,351605.8773762282,14606,Unmanaged,62.70583333333333,703295.8631659849,0.5391045526719492,0.7032958631659849,Bait
1992,168708,"POMPANO, FLORIDA",0,440868.4831737584,1086737.77187608,28068,Unmanaged,62.70583333333333,2173735.504679423,0.4408684831737584,2.173735504679423,Food
1992,170336,"MULLET, WHITE",0,376762.3070256203,125775.4004143314,3075,Unmanaged,62.70583333333333,251580.8878382108,0.3767623070256203,0.2515808878382108,Food
1992,169243,"SEATROUT, SAND",0,371998,204797.82,4785,Unmanaged,62.70583333333333,409644.63013595226,0.371998,0.40964463013595226,Food
1992,168790,DOLPHINFISH,0,360001,325766,246,Unmanaged,62.70583333333333,651609.9271997554,0.360001,0.6516099271997554,Food
1992,169013,MOJARRAS,0,339731.9594370568,145958.5368791224,14316,Unmanaged,62.70583333333333,291951.9888201585,0.3397319594370568,0.29195198882015855,Bait
1992,168559,BLUEFISH,0,333700,60265.04,10595,Unmanaged,62.70583333333333,120544.49613247039,0.3337,0.1205444961324704,Food
1992,168791,DOLPHIN,1,292341.60000000003,297202.85000000003,2886,Managed,62.70583333333333,594476.794545962,0.29234160000000003,0.594476794545962,Food
1992,172568,"BUTTERFISH,GULF",0,262783,6385.4000000000005,374,Unmanaged,62.70583333333333,12772.3274655468,0.262783,0.012772327465546799,Bait
1992,169283,"CROAKER, ATLANTIC",0,110056,50625.49,1850,Unmanaged,62.70583333333333,101263.09023456083,0.110056,0.10126309023456083,Food
1992,161700,HERRINGS,0,72625,16383,29,Unmanaged,62.70583333333333,32769.91901338259,0.072625,0.03276991901338259,Bait
1993,170335,"MULLET, STRIPED",0,30098233,16176144.45999999,103293,Unmanaged,64.18833333333333,31608857.463239923,30.098233,31.60885746323992,Food
1993,169189,SHEEPSHEAD,0,4658101.402286691,1426959.14351195,52744,Unmanaged,64.18833333333333,2788337.3745004362,4.6581014022866905,2.7883373745004363,Food
1993,161748,"HERRING, ATLANTIC THREAD",0,4584939.17230171,360710.6017953744,584,Unmanaged,64.18833333333333,704843.4826866953,4.584939172301709,0.7048434826866953,Bait
1993,169288,"DRUM, BLACK",0,4168998,2658057.33,4456,Unmanaged,64.18833333333333,5193954.312218731,4.168998,5.1939543122187315,Food
1993,161111,LADYFISH,0,4009953.7,764630.98,4978,Unmanaged,64.18833333333333,1494120.661357983,4.0099537000000005,1.494120661357983,Food
1993,168725,"SCAD, ROUND",0,3111147.38,663128.75,680,Unmanaged,64.18833333333333,1295781.0923584243,3.11114738,1.2957810923584243,Bait
1993,169239,"SEATROUT, SPOTTED",0,1738056,2000205.6,38510,Unmanaged,64.18833333333333,3908484.7358969697,1.738056,3.9084847358969697,Food
1993,168609,"JACK, CREVALLE",1,1717550.92187089,540636.5646666802,25579,Managed,64.18833333333333,1056426.2797121927,1.71755092187089,1.0564262797121926,Food
1993,161763,"SARDINE, SPANISH",0,1658619,435193.38,413,Unmanaged,64.18833333333333,850385.9217739464,1.658619,0.8503859217739463,Bait
1993,168612,"RUNNER, BLUE",1,1491913.36937993,557731.9237769018,1659,Managed,64.18833333333333,1089831.3207424642,1.49191336937993,1.0898313207424641,Food
1993,172702,FLATFISHES,0,1331579,1811207,1458,Unmanaged,64.18833333333333,3539173.629475761,1.331579,3.539173629475761,Food
1993,169055,GRUNTS,0,764431.66489832,301514.41553492483,12674,Unmanaged,64.18833333333333,589171.6785370213,0.76443166489832,0.5891716785370212,Bait
1993,169180,PORGIES,0,676530.692536276,554906.3289783293,13075,Unmanaged,64.18833333333333,1084309.9912651093,0.676530692536276,1.0843099912651093,Bait
1993,172568,"BUTTERFISH,GULF",0,544490,26535.76,344,Unmanaged,64.18833333333333,51851.976074572216,0.54449,0.05185197607457222,Bait
1993,169013,MOJARRAS,0,504557.3772819472,248654.9309533468,15675,Unmanaged,64.18833333333333,485882.0523933494,0.5045573772819472,0.4858820523933494,Bait
1993,169273,KINGFISHES,0,464778.9999999999,181669.3,3544,Unmanaged,64.18833333333333,354989.35011035233,0.4647789999999999,0.3549893501103523,Food
1993,168708,"POMPANO, FLORIDA",0,429166,1213276.77,22549,Unmanaged,64.18833333333333,2370793.1504458236,0.429166,2.3707931504458237,Food
1993,170336,"MULLET, WHITE",0,362817,115487.6,1494,Unmanaged,64.18833333333333,225667.56226728638,0.362817,0.22566756226728638,Food
1993,169243,"SEATROUT, SAND",0,359618,197320.98,2796,Unmanaged,64.18833333333333,385573.3822574196,0.359618,0.3855733822574196,Food
1993,168791,DOLPHIN,1,272305.2,334305.19,3374,Managed,64.18833333333333,653246.2124124322,0.2723052,0.6532462124124322,Food
1993,168790,DOLPHINFISH,0,197147,177884,168,Unmanaged,64.18833333333333,347592.7168488562,0.197147,0.3475927168488562,Food
1993,168559,BLUEFISH,0,188380.99999999988,48871.18,7511,Unmanaged,64.18833333333333,95496.31350660816,0.18838099999999988,0.09549631350660816,Food
1993,169283,"CROAKER, ATLANTIC",0,95121,41780.880000000005,1064,Unmanaged,64.18833333333333,81641.57311245555,0.095121,0.08164157311245554,Food
1993,161700,HERRINGS,0,6299,2463,21,Unmanaged,64.18833333333333,4812.804195985771,0.006299,0.004812804195985771,Bait
1994,170335,"MULLET, STRIPED",0,26970906.69712248,17789736.22698199,87269,Unmanaged,65.56083333333333,34034151.22081925,26.97090669712248,34.03415122081925,Food
1994,169288,"DRUM, BLACK",0,5723602.77788664,4044006.51417876,4727,Unmanaged,65.56083333333333,7736726.811766088,5.72360277788664,7.736726811766088,Food
1994,161748,"HERRING, ATLANTIC THREAD",0,4946297.87743118,441140.5678205704,628,Unmanaged,65.56083333333333,843961.0685217251,4.9462978774311805,0.8439610685217251,Bait
1994,169189,SHEEPSHEAD,0,4332534.09297917,1392648.89470014,41410,Unmanaged,65.56083333333333,2664324.10660719,4.33253409297917,2.66432410660719,Food
1994,161111,LADYFISH,0,4267011,1307656.84,7584,Unmanaged,65.56083333333333,2501722.9075042265,4.267011,2.5017229075042264,Food
1994,161763,"SARDINE, SPANISH",0,2140642.13017751,313890.62,515,Unmanaged,65.56083333333333,600514.852585258,2.14064213017751,0.6005148525852579,Bait
1994,168725,"SCAD, ROUND",0,1889681.13,337286.34,626,Unmanaged,65.56083333333333,645274.0025940285,1.8896811299999998,0.6452740025940285,Bait
1994,169239,"SEATROUT, SPOTTED",0,1761626.34302053,1930345.75677642,32118,Unmanaged,65.56083333333333,3693010.3154059523,1.76162634302053,3.693010315405952,Food
1994,168609,"JACK, CREVALLE",1,1697898.17889573,555152.7191406898,23655,Managed,65.56083333333333,1062081.604404351,1.6978981788957301,1.062081604404351,Food
1994,172702,FLATFISHES,0,1445501,1946862,1413,Unmanaged,65.56083333333333,3724608.103720463,1.445501,3.724608103720463,Food
1994,168612,"RUNNER, BLUE",1,1081680.37844682,408084.5250095123,2392,Managed,65.56083333333333,780720.4254093744,1.0816803784468199,0.7807204254093744,Food
1994,169055,GRUNTS,0,822057.624087522,328096.9421260239,13008,Unmanaged,65.56083333333333,627693.4520518107,0.822057624087522,0.6276934520518107,Bait
1994,172568,"BUTTERFISH,GULF",0,788321,38610.1,610,Unmanaged,65.56083333333333,73866.29938098203,0.788321,0.07386629938098203,Bait
1994,169273,KINGFISHES,0,654144.9999999999,238691.02,3503,Unmanaged,65.56083333333333,456647.93261017115,0.6541449999999999,0.45664793261017117,Food
1994,169180,PORGIES,0,568847.2539984513,496274.8313675577,12529,Unmanaged,65.56083333333333,949440.3088581068,0.5688472539984513,0.9494403088581068,Bait
1994,169243,"SEATROUT, SAND",0,567564.4461093051,335436.9855637952,3233,Unmanaged,65.56083333333333,641735.9395367907,0.5675644461093051,0.6417359395367908,Food
1994,168708,"POMPANO, FLORIDA",0,499262.9659554769,1336494.58391252,24115,Unmanaged,65.56083333333333,2556893.3790988163,0.4992629659554769,2.5568933790988164,Food
1994,169013,MOJARRAS,0,462932.98425605166,250614.7289648642,15336,Unmanaged,65.56083333333333,479459.586973417,0.46293298425605167,0.479459586973417,Bait
1994,168791,DOLPHIN,1,297138,436950.66,3962,Managed,65.56083333333333,835945.2129437036,0.297138,0.8359452129437036,Food
1994,168559,BLUEFISH,0,250974.0783891487,72884.38914261821,8186,Unmanaged,65.56083333333333,139437.61110716194,0.2509740783891487,0.13943761110716194,Food
1994,170336,"MULLET, WHITE",0,245919.2398213623,88218.8146439681,1675,Unmanaged,65.56083333333333,168774.42362300822,0.2459192398213623,0.1687744236230082,Food
1994,169283,"CROAKER, ATLANTIC",0,137587.96118143448,106878.3532151898,1090,Unmanaged,65.56083333333333,204472.62337936327,0.1375879611814345,0.20447262337936328,Food
1994,168790,DOLPHINFISH,0,127210,117011,194,Unmanaged,65.56083333333333,223857.73558908392,0.12721,0.22385773558908392,Food
1994,161700,HERRINGS,0,23364,11728,18,Unmanaged,65.56083333333333,22437.236866523457,0.023364,0.022437236866523456,Bait
1995,170335,"MULLET, STRIPED",0,20834927.98759192,15504855.19446233,69650,Unmanaged,66.935,29053892.644965436,20.834927987591918,29.053892644965437,Food
1995,169288,"DRUM, BLACK",0,6034225.83499258,4879532.92960596,2793,Unmanaged,66.935,9143550.463146487,6.03422583499258,9.143550463146488,Food
1995,169189,SHEEPSHEAD,0,4007578.67284787,1434957.95726212,47118,Unmanaged,66.935,2688907.049917036,4.0075786728478695,2.688907049917036,Food
1995,161111,LADYFISH,0,2756584.6570686097,1159431.07719335,10641,Unmanaged,66.935,2172608.877898029,2.75658465706861,2.1726088778980293,Food
1995,161748,"HERRING, ATLANTIC THREAD",0,2414595,517271.59,287,Unmanaged,66.935,969293.3636373596,2.414595,0.9692933636373596,Bait
1995,169283,"CROAKER, ATLANTIC",0,1199887.42180685,169472.71006230518,400,Unmanaged,66.935,317567.7465314319,1.19988742180685,0.31756774653143194,Food
1995,169239,"SEATROUT, SPOTTED",0,1122061.25000608,1247819.70337398,38807,Unmanaged,66.935,2338236.5876624645,1.1220612500060798,2.3382365876624647,Food
1995,168612,"RUNNER, BLUE",1,1119394.47901573,458418.6120488298,1345,Managed,66.935,859011.2564016517,1.1193944790157302,0.8590112564016517,Food
1995,172702,FLATFISHES,0,1096762,1639379,1428,Unmanaged,66.935,3071962.999526904,1.096762,3.071962999526904,Food
1995,168725,"SCAD, ROUND",0,913563.52,347378.24,290,Unmanaged,66.935,650937.3977102162,0.9135635200000001,0.6509373977102162,Bait
1995,172568,"BUTTERFISH,GULF",0,688532,102689.29,361,Unmanaged,66.935,192425.11910161597,0.688532,0.19242511910161597,Bait
1995,169055,GRUNTS,0,618956.2146130913,346162.71725356474,11834,Unmanaged,66.935,648659.6810247321,0.6189562146130914,0.648659681024732,Bait
1995,169180,PORGIES,0,488222.523533597,439321.28946778434,9775,Unmanaged,66.935,823225.5910009107,0.488222523533597,0.8232255910009108,Bait
1995,169273,KINGFISHES,0,473778.72406820074,192652.0797339742,3776,Unmanaged,66.935,361002.5873972252,0.47377872406820076,0.3610025873972252,Food
1995,169013,MOJARRAS,0,385536.219525541,249040.96332387888,13393,Unmanaged,66.935,466667.3323846973,0.385536219525541,0.46666733238469726,Bait
1995,168609,"JACK, CREVALLE",1,383484.3142016905,161937.1142149711,20029,Managed,66.935,303447.1120580131,0.3834843142016905,0.3034471120580131,Food
1995,161763,"SARDINE, SPANISH",0,362790,76752.7,152,Unmanaged,66.935,143823.63963048728,0.36279,0.14382363963048728,Bait
1995,168708,"POMPANO, FLORIDA",0,344956.4147885664,1052728.75627542,22343,Unmanaged,66.935,1972663.9098195515,0.3449564147885664,1.9726639098195515,Food
1995,170336,"MULLET, WHITE",0,298443.01442813163,99309.974963814,3230,Unmanaged,66.935,186092.76352373662,0.29844301442813165,0.18609276352373663,Food
1995,168559,BLUEFISH,0,296922.7154561642,90207.7143516663,10724,Unmanaged,66.935,169036.42218194265,0.2969227154561642,0.16903642218194265,Food
1995,169243,"SEATROUT, SAND",0,289892.9999999999,138222.3699999999,1967,Unmanaged,66.935,259009.05546973413,0.2898929999999999,0.25900905546973413,Food
1995,168790,DOLPHINFISH,0,267739,275719,193,Unmanaged,66.935,516658.17743582075,0.267739,0.5166581774358208,Food
1995,168791,DOLPHIN,1,217395.6,294414.3,1734,Managed,66.935,551690.5097183834,0.2173956,0.5516905097183834,Food
1995,161700,HERRINGS,0,23818,16406,23,Unmanaged,66.935,30742.509798062794,0.023818,0.030742509798062794,Bait
1996,170335,"MULLET, STRIPED",0,15256410.65252216,12052266.60939162,35022,Unmanaged,68.16166666666666,22177797.294578474,15.25641065252216,22.177797294578475,Food
1996,169288,"DRUM, BLACK",0,6018399,4891831.1,1404,Unmanaged,68.16166666666666,9001629.490221776,6.018399,9.001629490221775,Food
1996,161748,"HERRING, ATLANTIC THREAD",0,3475361,659305.19,485,Unmanaged,68.16166666666666,1213210.5381480304,3.475361,1.2132105381480305,Bait
1996,169189,SHEEPSHEAD,0,3436073.24441606,1124234.69986796,11471,Unmanaged,68.16166666666666,2068743.5893406167,3.4360732444160598,2.0687435893406168,Food
1996,161111,LADYFISH,0,1860409.35,1346998.16,6449,Unmanaged,68.16166666666666,2478658.42308629,1.86040935,2.47865842308629,Food
1996,161763,"SARDINE, SPANISH",0,1067155,132069.55,120,Unmanaged,68.16166666666666,243025.79785314325,1.067155,0.24302579785314324,Bait
1996,169239,"SEATROUT, SPOTTED",0,873098.9999999999,861647.1399999999,1673,Unmanaged,68.16166666666666,1585547.0368936595,0.8730989999999998,1.5855470368936595,Food
1996,172568,"BUTTERFISH,GULF",0,586384,10845.01,102,Unmanaged,68.16166666666666,19956.282185979413,0.586384,0.019956282185979415,Bait
1996,169180,PORGIES,0,499911.5502018847,455193.70459148893,4900,Unmanaged,68.16166666666666,837617.8554108392,0.4999115502018847,0.8376178554108392,Bait
1996,172702,FLATFISHES,0,490638,831734,1109,Unmanaged,68.16166666666666,1530502.8218206714,0.490638,1.5305028218206715,Food
1996,168609,"JACK, CREVALLE",1,482356.5729491832,262340.6222136137,10393,Managed,68.16166666666666,482742.15383298806,0.48235657294918316,0.4827421538329881,Food
1996,169055,GRUNTS,0,403986.0034738941,307377.5274744799,6926,Unmanaged,68.16166666666666,565616.1382893479,0.4039860034738941,0.5656161382893479,Bait
1996,169273,KINGFISHES,0,343410.8408442908,137659.7271820071,773,Unmanaged,68.16166666666666,253312.47839228125,0.3434108408442908,0.25331247839228127,Food
1996,169013,MOJARRAS,0,336311.4519863159,213237.49176021,8726,Unmanaged,68.16166666666666,392385.76619082975,0.3363114519863159,0.39238576619082977,Bait
1996,168790,DOLPHINFISH,0,304492,317814,185,Unmanaged,68.16166666666666,584820.6563806636,0.304492,0.5848206563806636,Food
1996,168708,"POMPANO, FLORIDA",0,232140.1612465001,667074.3332423213,2825,Unmanaged,68.16166666666666,1227506.8103402238,0.23214016124650008,1.2275068103402238,Food
1996,168612,"RUNNER, BLUE",1,218655.226661408,105829.8098118224,658,Managed,68.16166666666666,194741.1342445291,0.218655226661408,0.1947411342445291,Food
1996,170336,"MULLET, WHITE",0,214886.4833753203,126191.4657768728,2153,Unmanaged,68.16166666666666,232209.32949860234,0.2148864833753203,0.23220932949860235,Food
1996,169243,"SEATROUT, SAND",0,183995,102222.04,835,Unmanaged,68.16166666666666,188102.3508384478,0.183995,0.1881023508384478,Food
1996,168791,DOLPHIN,1,150241.2,234574.92,1037,Managed,68.16166666666666,431649.51413355506,0.15024120000000002,0.43164951413355507,Food
1996,168559,BLUEFISH,0,132294.8709964412,51019.8565925267,1936,Unmanaged,68.16166666666666,93883.42244485389,0.1322948709964412,0.09388342244485388,Food
1996,168725,"SCAD, ROUND",0,110413.58,124655.27,174,Unmanaged,68.16166666666666,229382.5219238575,0.11041358,0.2293825219238575,Bait
1996,169283,"CROAKER, ATLANTIC",0,76842,100962.9,345,Unmanaged,68.16166666666666,185785.36328826073,0.076842,0.18578536328826073,Food
1996,161700,HERRINGS,0,16893,11879.08,39,Unmanaged,68.16166666666666,21859.11055774262,0.016893,0.02185911055774262,Bait
1997,170335,"MULLET, STRIPED",0,17255792.4,12259246.19,34751,Unmanaged,69.3275,22179313.915224597,17.255792399999997,22.179313915224597,Food
1997,169288,"DRUM, BLACK",0,5665023,4594512.62,1389,Unmanaged,69.3275,8312349.397923382,5.665023,8.312349397923382,Food
1997,169189,SHEEPSHEAD,0,3715115,1222483.71,8998,Unmanaged,69.3275,2211706.1310389093,3.715115,2.2117061310389095,Food
1997,161748,"HERRING, ATLANTIC THREAD",0,3566943,421817.91,347,Unmanaged,69.3275,763149.0302059066,3.566943,0.7631490302059066,Bait
1997,161111,LADYFISH,0,1892135.2,854829.46,1509,Unmanaged,69.3275,1546549.4895426296,1.8921352,1.5465494895426295,Food
1997,161763,"SARDINE, SPANISH",0,887046,115721.49,202,Unmanaged,69.3275,209362.24084814827,0.887046,0.20936224084814828,Bait
1997,172568,"BUTTERFISH,GULF",0,658570,122280.26,120,Unmanaged,69.3275,221228.30638539296,0.65857,0.22122830638539295,Bait
1997,169239,"SEATROUT, SPOTTED",0,631146,701887.4400000001,1694,Unmanaged,69.3275,1269848.2128217518,0.631146,1.2698482128217519,Food
1997,168708,"POMPANO, FLORIDA",0,570607,1441920.52,4587,Unmanaged,69.3275,2608709.1619035252,0.570607,2.6087091619035254,Food
1997,172702,FLATFISHES,0,466719,772837,1059,Unmanaged,69.3275,1398209.4953181155,0.466719,1.3982094953181154,Food
1997,168609,"JACK, CREVALLE",1,436595,257259.36,5542,Managed,69.3275,465431.2357087735,0.436595,0.4654312357087735,Food
1997,168725,"SCAD, ROUND",0,402109.31,350556.74,345,Unmanaged,69.3275,634223.9858026516,0.40210931,0.6342239858026516,Bait
1997,169180,PORGIES,0,379491.61,347973.28,3355,Unmanaged,69.3275,629550.0140559903,0.37949161,0.6295500140559903,Bait
1997,169273,KINGFISHES,0,373149,148609.13,842,Unmanaged,69.3275,268862.2525279771,0.373149,0.26886225252797713,Food
1997,169055,GRUNTS,0,355629,287653.91000000003,3635,Unmanaged,69.3275,520420.7722034306,0.355629,0.5204207722034306,Bait
1997,168790,DOLPHINFISH,0,269310,245660,191,Unmanaged,69.3275,444445.7817364441,0.26931,0.4444457817364441,Food
1997,169013,MOJARRAS,0,237603,161023.03,7492,Unmanaged,69.3275,291321.36467443174,0.237603,0.29132136467443176,Bait
1997,168612,"RUNNER, BLUE",1,218591,105015.07,363,Managed,69.3275,189992.28559902875,0.218591,0.18999228559902875,Food
1997,169243,"SEATROUT, SAND",0,158944,91914.18,956,Unmanaged,69.3275,166290.277549313,0.158944,0.166290277549313,Food
1997,170336,"MULLET, WHITE",0,146804.2,83922.38,725,Unmanaged,69.3275,151831.58749606335,0.14680420000000002,0.15183158749606335,Food
1997,168791,DOLPHIN,1,143833.2,161582.28,868,Managed,69.3275,292333.1545606,0.14383320000000002,0.2923331545606,Food
1997,168559,BLUEFISH,0,90198,36454.76,1971,Unmanaged,69.3275,65953.61192792663,0.090198,0.06595361192792663,Food
1997,169283,"CROAKER, ATLANTIC",0,65411,176564.9,338,Unmanaged,69.3275,319439.57098313555,0.065411,0.3194395709831355,Food
1997,161700,HERRINGS,0,24045,17084,56,Unmanaged,69.3275,30908.213527580443,0.024045,0.03090821352758044,Bait
1998,170335,"MULLET, STRIPED",0,15577220.4,8185329,31249,Unmanaged,70.11833333333334,14641798.845380427,15.5772204,14.641798845380427,Food
1998,169288,"DRUM, BLACK",0,4555144,4347660.04,1410,Unmanaged,70.11833333333334,7777031.778903282,4.555144,7.777031778903282,Food
1998,169189,SHEEPSHEAD,0,2864606,947437.22,9054,Unmanaged,70.11833333333334,1694762.0790644386,2.864606,1.6947620790644387,Food
1998,161748,"HERRING, ATLANTIC THREAD",0,2699323,257807.96,226,Unmanaged,70.11833333333334,461163.1726785671,2.699323,0.4611631726785671,Bait
1998,161111,LADYFISH,0,2138581.8,788174.46,857,Unmanaged,70.11833333333334,1409875.1434898146,2.1385818,1.4098751434898147,Food
1998,172568,"BUTTERFISH,GULF",0,1239505,368205.02,132,Unmanaged,70.11833333333334,658639.8465717478,1.239505,0.6586398465717478,Bait
1998,168725,"SCAD, ROUND",0,1004331.44,542950.45,258,Unmanaged,70.11833333333334,971221.9596681799,1.0043314399999999,0.9712219596681798,Bait
1998,161763,"SARDINE, SPANISH",0,800664,124214.05,94,Unmanaged,70.11833333333334,222192.30697630194,0.800664,0.22219230697630193,Bait
1998,168609,"JACK, CREVALLE",1,658364,337383.02,6526,Managed,70.11833333333334,603505.8960595184,0.658364,0.6035058960595184,Food
1998,168708,"POMPANO, FLORIDA",0,581541,1482063.18,6478,Unmanaged,70.11833333333334,2651093.3106909744,0.581541,2.651093310690974,Food
1998,172702,FLATFISHES,0,559255,933751,1129,Unmanaged,70.11833333333334,1670280.3654774071,0.559255,1.6702803654774072,Food
1998,169055,GRUNTS,0,414298,313149.51,4365,Unmanaged,70.11833333333334,560157.341745145,0.414298,0.5601573417451451,Bait
1998,168612,"RUNNER, BLUE",1,358977,175230.06,361,Managed,70.11833333333334,313449.0122735376,0.358977,0.31344901227353755,Food
1998,169180,PORGIES,0,311809.21,297026.92,3081,Unmanaged,70.11833333333334,531317.4845266335,0.31180921,0.5313174845266335,Bait
1998,169273,KINGFISHES,0,241266,109309.64,1130,Unmanaged,70.11833333333334,195531.51262960234,0.241266,0.19553151262960233,Food
1998,169013,MOJARRAS,0,237334,163178.36000000002,6936,Unmanaged,70.11833333333334,291891.1045651399,0.237334,0.2918911045651399,Bait
1998,169239,"SEATROUT, SPOTTED",0,194719,354401.78,1740,Unmanaged,70.11833333333334,633948.8092909605,0.194719,0.6339488092909605,Food
1998,170336,"MULLET, WHITE",0,165637.80000000002,82857.79000000001,574,Unmanaged,70.11833333333334,148214.8236134154,0.16563780000000003,0.14821482361341543,Food
1998,169243,"SEATROUT, SAND",0,116225,72629.73,761,Unmanaged,70.11833333333334,129919.01692091938,0.116225,0.1299190169209194,Food
1998,169283,"CROAKER, ATLANTIC",0,112886,232776.69,458,Unmanaged,70.11833333333334,416387.59674455086,0.112886,0.41638759674455084,Food
1998,168790,DOLPHINFISH,0,73359,76871,155,Unmanaged,70.11833333333334,137505.73972570177,0.073359,0.13750573972570176,Food
1998,168559,BLUEFISH,0,54911,21706.4,2039,Unmanaged,70.11833333333334,38828.09627534406,0.054911,0.03882809627534406,Food
1998,168791,DOLPHIN,1,30774,43263.1,531,Managed,70.11833333333334,77388.41134273013,0.030774,0.07738841134273014,Food
1998,161700,HERRINGS,0,19040,12858,57,Unmanaged,70.11833333333334,23000.205557272227,0.01904,0.023000205557272228,Bait
1999,170335,"MULLET, STRIPED",0,19847598.81,13969626.57,34465,Unmanaged,71.11333333333333,24639031.99474829,19.847598809999997,24.63903199474829,Food
1999,169288,"DRUM, BLACK",0,5088924,4264033.14,1503,Unmanaged,71.11333333333333,7520719.930248429,5.088924,7.520719930248429,Food
1999,161111,LADYFISH,0,4226835.95,1659505.67,1362,Unmanaged,71.11333333333333,2926965.3768988466,4.22683595,2.9269653768988464,Food
1999,169189,SHEEPSHEAD,0,3663407.25,1103299.46,9778,Unmanaged,71.11333333333333,1945952.567773507,3.66340725,1.945952567773507,Food
1999,161748,"HERRING, ATLANTIC THREAD",0,2727156,339728.53,387,Unmanaged,71.11333333333333,599198.7028611606,2.727156,0.5991987028611606,Bait
1999,172702,FLATFISHES,0,677045,1191561,1149,Unmanaged,71.11333333333333,2101624.5105465455,0.677045,2.1016245105465456,Food
1999,161763,"SARDINE, SPANISH",0,671073,126477.34,91,Unmanaged,71.11333333333333,223075.34215430767,0.671073,0.22307534215430766,Bait
1999,168609,"JACK, CREVALLE",1,565861,289720.8,6364,Managed,71.11333333333333,510997.19988750346,0.565861,0.5109971998875035,Food
1999,172568,"BUTTERFISH,GULF",0,510171,99452.89,82,Unmanaged,71.11333333333333,175410.7689565951,0.510171,0.1754107689565951,Bait
1999,168725,"SCAD, ROUND",0,504222.66,294154.97000000003,160,Unmanaged,71.11333333333333,518817.99996062624,0.5042226599999999,0.5188179999606263,Bait
1999,169055,GRUNTS,0,476465,330408.06,4992,Unmanaged,71.11333333333333,582759.6550895284,0.476465,0.5827596550895284,Bait
1999,168708,"POMPANO, FLORIDA",0,424568.5,1200005.84,4641,Unmanaged,71.11333333333333,2116519.1594412676,0.4245685,2.1165191594412676,Food
1999,169180,PORGIES,0,281138.48,263812.75,3023,Unmanaged,71.11333333333333,465301.68543170526,0.28113847999999997,0.46530168543170525,Bait
1999,168612,"RUNNER, BLUE",1,255383,109423.89,571,Managed,71.11333333333333,192997.19381831816,0.255383,0.19299719381831817,Food
1999,169013,MOJARRAS,0,240314.5,179265.52,6269,Unmanaged,71.11333333333333,316180.88434236427,0.2403145,0.31618088434236424,Bait
1999,169273,KINGFISHES,0,239522.22,121409,872,Unmanaged,71.11333333333333,214136.02006187307,0.23952222,0.21413602006187307,Food
1999,169243,"SEATROUT, SAND",0,194900,98792.35,826,Unmanaged,71.11333333333333,174245.73665510453,0.1949,0.17424573665510454,Food
1999,170336,"MULLET, WHITE",0,155270,98884.96,735,Unmanaged,71.11333333333333,174409.07822630543,0.15527,0.17440907822630544,Food
1999,169239,"SEATROUT, SPOTTED",0,149591,280644.12,1275,Unmanaged,71.11333333333333,494988.138528171,0.149591,0.494988138528171,Food
1999,168790,DOLPHINFISH,0,141767,146537,202,Unmanaged,71.11333333333333,258455.7155713884,0.141767,0.2584557155713884,Food
1999,169283,"CROAKER, ATLANTIC",0,133604,342956.52,634,Unmanaged,71.11333333333333,604892.0940545608,0.133604,0.6048920940545608,Food
1999,168559,BLUEFISH,0,102559,37648.55,1721,Unmanaged,71.11333333333333,66402.90800599981,0.102559,0.06640290800599981,Food
1999,168791,DOLPHIN,1,32326.8,51593.84,570,Managed,71.11333333333333,90999.01619574387,0.032326799999999996,0.09099901619574387,Food
1999,161700,HERRINGS,0,23159,16042,78,Unmanaged,71.11333333333333,28294.195931377144,0.023159,0.028294195931377143,Bait
2000,170335,"MULLET, STRIPED",0,16444348.43,11448033.647,35230,Unmanaged,72.71833333333333,19745896.727983132,16.444348429999998,19.745896727983133,Food
2000,169288,"DRUM, BLACK",0,5795315.78,4112767.37,10881,Unmanaged,72.71833333333333,7093819.101022667,5.79531578,7.093819101022667,Food
2000,169189,SHEEPSHEAD,0,3154764.65,894526.7552,13218,Unmanaged,72.71833333333333,1542905.3995858724,3.1547646499999997,1.5429053995858724,Food
2000,161748,"HERRING, ATLANTIC THREAD",0,2728972,340143.08,393,Unmanaged,72.71833333333333,586688.538618872,2.728972,0.5866885386188719,Bait
2000,161763,"SARDINE, SPANISH",0,1354416.1,147779.84,86,Unmanaged,72.71833333333333,254894.90589351606,1.3544161000000001,0.25489490589351604,Bait
2000,161700,HERRINGS,0,1130660,144103.07,436,Unmanaged,72.71833333333333,248553.10755930416,1.13066,0.24855310755930415,Bait
2000,169055,GRUNTS,0,653553.34,482524.418,5153,Unmanaged,72.71833333333333,832271.9534507117,0.65355334,0.8322719534507117,Bait
2000,168725,"SCAD, ROUND",0,586404.86,420454.54,193,Unmanaged,72.71833333333333,725212.0479072218,0.58640486,0.7252120479072218,Bait
2000,172568,"BUTTERFISH,GULF",0,521168.3,281113.532,114,Unmanaged,72.71833333333333,484872.6814464945,0.5211683,0.4848726814464945,Bait
2000,168708,"POMPANO, FLORIDA",0,465865.64,1418029.58,6456,Unmanaged,72.71833333333333,2445858.084217185,0.46586564,2.445858084217185,Food
2000,168609,"JACK, CREVALLE",1,460095.67,248176.14,5871,Managed,72.71833333333333,428061.3231839747,0.46009566999999996,0.4280613231839747,Food
2000,172702,FLATFISHES,0,428582,791150,846,Unmanaged,72.71833333333333,1364598.2076963626,0.428582,1.3645982076963625,Food
2000,161111,LADYFISH,0,341248.79,171833.69,1367,Unmanaged,72.71833333333333,296383.67616236163,0.34124878999999997,0.2963836761623616,Food
2000,170336,"MULLET, WHITE",0,273359.87,154146.22,710,Unmanaged,72.71833333333333,265875.82068529254,0.27335987,0.26587582068529253,Food
2000,169013,MOJARRAS,0,258841.98,196896.745,6546,Unmanaged,72.71833333333333,339613.1521560358,0.25884198,0.3396131521560358,Bait
2000,169180,PORGIES,0,203091.8,190553.5475,2490,Unmanaged,72.71833333333333,328672.2232050606,0.2030918,0.32867222320506057,Bait
2000,169273,KINGFISHES,0,201590.87,93278.215,1074,Unmanaged,72.71833333333333,160888.94015814443,0.20159087,0.16088894015814442,Food
2000,169243,"SEATROUT, SAND",0,144641.37,107361.87,1290,Unmanaged,72.71833333333333,185180.83217712175,0.14464137,0.18518083217712175,Food
2000,168612,"RUNNER, BLUE",1,133944.45,55075.34,771,Managed,72.71833333333333,94995.52581971533,0.13394445000000002,0.09499552581971533,Food
2000,168790,DOLPHINFISH,0,132390.42,134134.47,620,Unmanaged,72.71833333333333,231358.98041117552,0.13239042,0.23135898041117553,Food
2000,169239,"SEATROUT, SPOTTED",0,106661.46,195695.16,1461,Unmanaged,72.71833333333333,337540.6238903532,0.10666146,0.3375406238903532,Food
2000,169283,"CROAKER, ATLANTIC",0,105451.4,342427.48,938,Unmanaged,72.71833333333333,590628.7372482867,0.1054514,0.5906287372482867,Food
2000,168559,BLUEFISH,0,85222.62,31024.54,1485,Unmanaged,72.71833333333333,53512.01627833421,0.08522262,0.05351201627833421,Food
2000,168791,DOLPHIN,1,41598.24,64145.39,598,Managed,72.71833333333333,110639.80816025303,0.041598239999999995,0.11063980816025303,Food
2001,170335,"MULLET, STRIPED",0,15888708.56,10019363.6342,33016,Unmanaged,74.35249999999999,16901857.80920514,15.888708560000001,16.90185780920514,Food
2001,169288,"DRUM, BLACK",0,5822128.64,3509051.51,10310,Unmanaged,74.35249999999999,5919486.689229459,5.82212864,5.919486689229458,Food
2001,169189,SHEEPSHEAD,0,2616344.11,831525.311,12322,Unmanaged,74.35249999999999,1402716.0890043152,2.61634411,1.402716089004315,Food
2001,161748,"HERRING, ATLANTIC THREAD",0,2170176.08,346203.14,231,Unmanaged,74.35249999999999,584016.7558553289,2.17017608,0.5840167558553289,Bait
2001,161700,HERRINGS,0,1677096,197204.23,375,Unmanaged,74.35249999999999,332667.6200728512,1.677096,0.33266762007285117,Bait
2001,161763,"SARDINE, SPANISH",0,1373618.84,630537.54,83,Unmanaged,74.35249999999999,1063665.940626072,1.37361884,1.063665940626072,Bait
2001,161111,LADYFISH,0,1199806.05,786767.05,2360,Unmanaged,74.35249999999999,1327212.5150420857,1.19980605,1.3272125150420857,Food
2001,172568,"BUTTERFISH,GULF",0,1105073.18,552168.3200000001,157,Unmanaged,74.35249999999999,931463.391500398,1.10507318,0.931463391500398,Bait
2001,169055,GRUNTS,0,719013.56,479491.398,4397,Unmanaged,74.35249999999999,808863.2896873676,0.71901356,0.8088632896873676,Bait
2001,168609,"JACK, CREVALLE",1,485236.91,274442.13,4698,Managed,74.35249999999999,462961.7236649743,0.48523690999999997,0.46296172366497435,Food
2001,168725,"SCAD, ROUND",0,472018.13,724340.5,212,Unmanaged,74.35249999999999,1221903.9635071675,0.47201813,1.2219039635071676,Bait
2001,168708,"POMPANO, FLORIDA",0,355814.96,1099151.46,3742,Unmanaged,74.35249999999999,1854179.802825729,0.35581496,1.8541798028257288,Food
2001,172702,FLATFISHES,0,341885,618880,789,Unmanaged,74.35249999999999,1044000.6115015188,0.341885,1.0440006115015188,Food
2001,169013,MOJARRAS,0,249233.83,170520.26,5447,Unmanaged,74.35249999999999,287653.91628974595,0.24923383,0.28765391628974596,Bait
2001,169180,PORGIES,0,236346.12,214994.344,2713,Unmanaged,74.35249999999999,362678.10658830125,0.23634612,0.36267810658830124,Bait
2001,168612,"RUNNER, BLUE",1,193713.81,84543.29000000001,805,Managed,74.35249999999999,142617.7069195163,0.19371381,0.14261770691951628,Food
2001,169273,KINGFISHES,0,173222.81,77424.81,1054,Unmanaged,74.35249999999999,130609.40567701154,0.17322281,0.13060940567701154,Food
2001,169239,"SEATROUT, SPOTTED",0,170399.55000000002,337399.1888,1167,Unmanaged,74.35249999999999,569165.200729247,0.17039955,0.5691652007292469,Food
2001,168790,DOLPHINFISH,0,111615.98,101355.28,520,Unmanaged,74.35249999999999,170978.17718928977,0.11161597999999999,0.17097817718928976,Food
2001,169243,"SEATROUT, SAND",0,111418.74,66431.8405,898,Unmanaged,74.35249999999999,112065.15334987617,0.11141874,0.11206515334987617,Food
2001,170336,"MULLET, WHITE",0,103800.17,52272.75,605,Unmanaged,74.35249999999999,88179.91042668371,0.10380017,0.0881799104266837,Food
2001,168559,BLUEFISH,0,100694.16,34726.75,1148,Unmanaged,74.35249999999999,58581.22452730798,0.10069416,0.05858122452730798,Food
2001,169283,"CROAKER, ATLANTIC",0,94767.36,412413.17,776,Unmanaged,74.35249999999999,695707.7327935622,0.09476736,0.6957077327935622,Food
2001,168791,DOLPHIN,1,33710.47,43455.34,536,Managed,74.35249999999999,73305.6513912332,0.03371047,0.0733056513912332,Food
2002,170335,"MULLET, STRIPED",0,12305753.65,8591603.341,31022,Unmanaged,75.5175,14269754.273960693,12.30575365,14.269754273960693,Food
2002,169288,"DRUM, BLACK",0,5631234.9,3474864.05,10450,Unmanaged,75.5175,5771385.637916156,5.6312349,5.771385637916156,Food
2002,161748,"HERRING, ATLANTIC THREAD",0,2934735.2,364883.43,292,Unmanaged,75.5175,606033.2021955176,2.9347352,0.6060332021955176,Bait
2002,169189,SHEEPSHEAD,0,2283820.65,675321,12757,Unmanaged,75.5175,1121637.527195683,2.28382065,1.1216375271956829,Food
2002,161111,LADYFISH,0,1674138.55,1149536.43,3175,Unmanaged,75.5175,1909259.7427986888,1.6741385500000001,1.9092597427986888,Food
2002,161763,"SARDINE, SPANISH",0,1433226,403426.78,88,Unmanaged,75.5175,670049.6740419992,1.4332260000000001,0.6700496740419991,Bait
2002,172568,"BUTTERFISH,GULF",0,1216290.27,693656.9,139,Unmanaged,75.5175,1152091.5387470894,1.21629027,1.1520915387470894,Bait
2002,161700,HERRINGS,0,842678,128419.22,578,Unmanaged,75.5175,213290.8888738813,0.842678,0.2132908888738813,Bait
2002,169055,GRUNTS,0,505154.73,340539.537,3710,Unmanaged,75.5175,565600.5428426523,0.50515473,0.5656005428426523,Bait
2002,172702,FLATFISHES,0,395093,722869.75,3621,Unmanaged,75.5175,1200611.0262742632,0.395093,1.200611026274263,Food
2002,168725,"SCAD, ROUND",0,381345.44,353630.55,163,Unmanaged,75.5175,587343.3458205052,0.38134544,0.5873433458205052,Bait
2002,168609,"JACK, CREVALLE",1,351125.7,199799.74,3887,Managed,75.5175,331846.46458194015,0.3511257,0.33184646458194017,Food
2002,168708,"POMPANO, FLORIDA",0,280313.59,932874.06,4243,Unmanaged,75.5175,1549406.21399808,0.28031359,1.54940621399808,Food
2002,168612,"RUNNER, BLUE",1,253524.7,106337,1257,Managed,75.5175,176614.63175202213,0.2535247,0.17661463175202213,Food
2002,169180,PORGIES,0,223693.93,212968.12,2503,Unmanaged,75.5175,353717.76605246024,0.22369392999999999,0.35371776605246025,Bait
2002,169013,MOJARRAS,0,215310.31,160664.14,4861,Unmanaged,75.5175,266846.32744816324,0.21531031,0.2668463274481632,Bait
2002,169239,"SEATROUT, SPOTTED",0,131949.15,250909.89,1219,Unmanaged,75.5175,416735.0764577747,0.13194915,0.4167350764577747,Food
2002,169243,"SEATROUT, SAND",0,130968.33,76181.45,2238,Unmanaged,75.5175,126529.41815252534,0.13096833,0.12652941815252533,Food
2002,168559,BLUEFISH,0,129407.02,39482.62,2205,Unmanaged,75.5175,65576.50104766003,0.12940702,0.06557650104766002,Food
2002,170336,"MULLET, WHITE",0,114608.52,57816.15,458,Unmanaged,75.5175,96026.57627702189,0.11460852,0.09602657627702188,Food
2002,169273,KINGFISHES,0,106575.04,53841.22,1246,Unmanaged,75.5175,89424.63341433,0.10657504,0.08942463341433,Food
2002,168790,DOLPHINFISH,0,96906.52,84206.35,600,Unmanaged,75.5175,139857.93746703304,0.09690652000000001,0.13985793746703304,Food
2002,169283,"CROAKER, ATLANTIC",0,91954.35,473642.29,1024,Unmanaged,75.5175,786670.2900263735,0.09195435,0.7866702900263735,Food
2002,168791,DOLPHIN,1,25455.09,32474.34,479,Managed,75.5175,53936.48119177674,0.02545509,0.053936481191776735,Food
2003,170335,"MULLET, STRIPED",0,12311808.32,7858058.032,30563,Unmanaged,77.005,12799299.077033784,12.31180832,12.799299077033785,Food
2003,169288,"DRUM, BLACK",0,5366941.13,3327829.25,10235,Unmanaged,77.005,5420408.156137047,5.36694113,5.420408156137047,Food
2003,169189,SHEEPSHEAD,0,2361647.48,808442.51,12350,Unmanaged,77.005,1316800.8469701102,2.36164748,1.3168008469701102,Food
2003,161748,"HERRING, ATLANTIC THREAD",0,2004722.82,531984.48,220,Unmanaged,77.005,866502.6952119991,2.00472282,0.8665026952119991,Bait
2003,161111,LADYFISH,0,1905319.76,1048512.22,3214,Unmanaged,77.005,1707829.2671107936,1.90531976,1.7078292671107935,Food
2003,161763,"SARDINE, SPANISH",0,1581548,597274.49,90,Unmanaged,77.005,972847.8457987576,1.581548,0.9728478457987576,Bait
2003,172568,"BUTTERFISH,GULF",0,1033119,516610.75,107,Unmanaged,77.005,841461.7795814124,1.033119,0.8414617795814124,Bait
2003,168725,"SCAD, ROUND",0,898730.25,781855.28,171,Unmanaged,77.005,1273495.2481804213,0.89873025,1.2734952481804214,Bait
2003,161700,HERRINGS,0,708912,118301.65,561,Unmanaged,77.005,192691.14499924245,0.708912,0.19269114499924245,Bait
2003,168609,"JACK, CREVALLE",1,501694.78,300282.45,4281,Managed,77.005,489103.6525160704,0.50169478,0.4891036525160704,Food
2003,169055,GRUNTS,0,479535.05,324747.058,3848,Unmanaged,77.005,528951.8991591022,0.47953504999999996,0.5289518991591022,Bait
2003,172702,FLATFISHES,0,304822,590695.48,3277,Unmanaged,77.005,962131.8754816786,0.304822,0.9621318754816787,Food
2003,168612,"RUNNER, BLUE",1,304267.9,129279.97,1379,Managed,77.005,210572.76415644004,0.30426790000000004,0.21057276415644005,Food
2003,169180,PORGIES,0,284497.36,258576.68,2445,Unmanaged,77.005,421172.7946254572,0.28449736,0.4211727946254572,Bait
2003,168708,"POMPANO, FLORIDA",0,260774.23,867793.495,3682,Unmanaged,77.005,1413472.4424760297,0.26077423,1.4134724424760297,Food
2003,169013,MOJARRAS,0,257325.93,189050.18,5234,Unmanaged,77.005,307927.19836547406,0.25732593,0.30792719836547405,Bait
2003,170336,"MULLET, WHITE",0,191556.11,103966.6,595,Unmanaged,77.005,169342.04379802177,0.19155610999999997,0.16934204379802176,Food
2003,169273,KINGFISHES,0,115127.06,60050.380000000005,1315,Unmanaged,77.005,97810.77846200463,0.11512706,0.09781077846200463,Food
2003,168559,BLUEFISH,0,111350.98,33710.32,2059,Unmanaged,77.005,54907.77312988334,0.11135098,0.05490777312988334,Food
2003,169243,"SEATROUT, SAND",0,109694.91,67902.37,1897,Unmanaged,77.005,110600.19385581021,0.10969491,0.11060019385581021,Food
2003,169283,"CROAKER, ATLANTIC",0,92134.87,516415.24,828,Unmanaged,77.005,841143.33055083,0.09213487,0.84114333055083,Food
2003,169239,"SEATROUT, SPOTTED",0,85293.08,165835.2,1244,Unmanaged,77.005,270114.3607817674,0.08529308000000001,0.2701143607817674,Food
2003,168790,DOLPHINFISH,0,71752.88,70579.09,486,Unmanaged,77.005,114960.06746401748,0.07175288,0.11496006746401749,Food
2003,168791,DOLPHIN,1,27070.41,36055.44,533,Managed,77.005,58727.53268489059,0.02707041,0.05872753268489059,Food
2004,170335,"MULLET, STRIPED",0,12389544.73,7976537.53,29376,Unmanaged,79.07083333333333,12652838.875642728,12.38954473,12.652838875642727,Food
2004,169288,"DRUM, BLACK",0,5181870.98,3516751.7800000003,10839,Unmanaged,79.07083333333333,5578472.297110819,5.18187098,5.578472297110819,Food
2004,161748,"HERRING, ATLANTIC THREAD",0,3183130.27,433798.13,229,Unmanaged,79.07083333333333,688115.3411240977,3.18313027,0.6881153411240977,Bait
2004,161763,"SARDINE, SPANISH",0,2118235,322975.75,121,Unmanaged,79.07083333333333,512322.55977235606,2.118235,0.5123225597723561,Bait
2004,169189,SHEEPSHEAD,0,1805850.43,571871.6900000001,11491,Unmanaged,79.07083333333333,907135.4988173053,1.80585043,0.9071354988173053,Food
2004,161111,LADYFISH,0,1462794.97,709438.53,2250,Unmanaged,79.07083333333333,1125351.8683391477,1.46279497,1.1253518683391477,Food
2004,168725,"SCAD, ROUND",0,853169.1,914776.46,156,Unmanaged,79.07083333333333,1451070.6070245034,0.8531691,1.4510706070245034,Bait
2004,161700,HERRINGS,0,850156,124997.73,558,Unmanaged,79.07083333333333,198278.53019718608,0.850156,0.19827853019718608,Bait
2004,172568,"BUTTERFISH,GULF",0,813614.3,463872.448,78,Unmanaged,79.07083333333333,735820.9400155557,0.8136143,0.7358209400155558,Bait
2004,168612,"RUNNER, BLUE",1,434544.14,180495.02,1476,Managed,79.07083333333333,286311.49760489014,0.43454414,0.28631149760489016,Food
2004,169055,GRUNTS,0,416503.17,288399.36,3078,Unmanaged,79.07083333333333,457475.5174402698,0.41650317,0.4574755174402698,Bait
2004,168609,"JACK, CREVALLE",1,340649.46,205676.15,3121,Managed,79.07083333333333,326255.2425441324,0.34064946,0.3262552425441324,Food
2004,172702,FLATFISHES,0,307337,587237.65,3131,Unmanaged,79.07083333333333,931509.8611666756,0.307337,0.9315098611666756,Food
2004,169013,MOJARRAS,0,266021.19,193887.85,4942,Unmanaged,79.07083333333333,307555.9685851294,0.26602119,0.3075559685851294,Bait
2004,169180,PORGIES,0,219704.19,206821.17,2367,Unmanaged,79.07083333333333,328071.53858923964,0.21970419,0.32807153858923965,Bait
2004,168708,"POMPANO, FLORIDA",0,213139.35,763985.33,1839,Unmanaged,79.07083333333333,1211877.1142852928,0.21313935,1.2118771142852929,Food
2004,169273,KINGFISHES,0,145698.9,83298.81,941,Unmanaged,79.07083333333333,132133.3244529694,0.1456989,0.13213332445296938,Food
2004,168790,DOLPHINFISH,0,131942.93,123611.49,492,Unmanaged,79.07083333333333,196079.59722695898,0.13194292999999999,0.19607959722695897,Food
2004,170336,"MULLET, WHITE",0,131074.48,70495.71,542,Unmanaged,79.07083333333333,111824.31684165045,0.13107448000000002,0.11182431684165045,Food
2004,168559,BLUEFISH,0,130964.53,34231.31,1790,Unmanaged,79.07083333333333,54299.65674996048,0.13096453,0.05429965674996048,Food
2004,169283,"CROAKER, ATLANTIC",0,74852.86,438393.96,688,Unmanaged,79.07083333333333,695405.5088530327,0.07485286000000001,0.6954055088530328,Food
2004,169239,"SEATROUT, SPOTTED",0,70074.29000000001,138501.2368,816,Unmanaged,79.07083333333333,219698.56303147605,0.07007429000000001,0.21969856303147606,Food
2004,169243,"SEATROUT, SAND",0,65561.9,35191.33,1127,Unmanaged,79.07083333333333,55822.49524118671,0.06556189999999999,0.05582249524118671,Food
2004,168791,DOLPHIN,1,43448.41,70633.2,399,Managed,79.07083333333333,112042.4113231807,0.04344841000000001,0.1120424113231807,Food
2005,170335,"MULLET, STRIPED",0,8388696.05,6122155.5,23809,Unmanaged,81.55,9416082.85935009,8.38869605,9.416082859350091,Food
2005,169288,"DRUM, BLACK",0,4566062.9,3694957.13,7902,Unmanaged,81.55,5682969.421117514,4.5660629,5.682969421117514,Food
2005,161748,"HERRING, ATLANTIC THREAD",0,1970925.64,258879.55,154,Unmanaged,81.55,398165.53065195173,1.97092564,0.39816553065195176,Bait
2005,161111,LADYFISH,0,1922670.53,1021628.54,2777,Unmanaged,81.55,1571299.354306969,1.92267053,1.571299354306969,Food
2005,169189,SHEEPSHEAD,0,1501856.14,532826.15,9713,Unmanaged,81.55,819504.6953688944,1.50185614,0.8195046953688944,Food
2005,168725,"SCAD, ROUND",0,1045943.75,1130788.18,83,Unmanaged,81.55,1739190.583978745,1.04594375,1.739190583978745,Bait
2005,161763,"SARDINE, SPANISH",0,1005613,637582.4500000001,47,Unmanaged,81.55,980623.4387328838,1.005613,0.9806234387328838,Bait
2005,161700,HERRINGS,0,842191,166294.27,660,Unmanaged,81.55,255766.22896219086,0.842191,0.25576622896219087,Bait
2005,172568,"BUTTERFISH,GULF",0,474087.5,289041.66000000003,54,Unmanaged,81.55,444555.87911220116,0.4740875,0.4445558791122012,Bait
2005,169055,GRUNTS,0,305638.27,244211.29,2350,Unmanaged,81.55,375605.2491363172,0.30563827000000005,0.37560524913631715,Bait
2005,169180,PORGIES,0,277868.27,235068.71,2031,Unmanaged,81.55,361543.65092499484,0.27786827000000003,0.36154365092499485,Bait
2005,172702,FLATFISHES,0,247159,509849.83,2738,Unmanaged,81.55,784166.335713877,0.247159,0.784166335713877,Food
2005,168609,"JACK, CREVALLE",1,243563.56,155306.91,3171,Managed,81.55,238867.29652483138,0.24356355999999998,0.23886729652483138,Food
2005,168612,"RUNNER, BLUE",1,238795.49,111539.13,1044,Managed,81.55,171550.96601839364,0.23879549,0.17155096601839365,Food
2005,168723,SCADS,0,228996,107704.3,24,Unmanaged,81.55,165652.86737788678,0.228996,0.1656528673778868,Bait
2005,168708,"POMPANO, FLORIDA",0,207077.19,736733.3,2477,Unmanaged,81.55,1133120.8098262826,0.20707719,1.1331208098262826,Food
2005,169013,MOJARRAS,0,188075.31,142330.68,3650,Unmanaged,81.55,218909.41455303493,0.18807531,0.21890941455303495,Bait
2005,168559,BLUEFISH,0,140765.34,41523.63,1960,Unmanaged,81.55,63864.75167136725,0.14076534,0.06386475167136725,Food
2005,170336,"MULLET, WHITE",0,99244.91,63706,517,Unmanaged,81.55,97981.98929082362,0.09924491,0.09798198929082362,Food
2005,169273,KINGFISHES,0,75407.81,42729.46,853,Unmanaged,81.55,65719.35912037604,0.07540780999999999,0.06571935912037605,Food
2005,169283,"CROAKER, ATLANTIC",0,72828.33,441194.39,641,Unmanaged,81.55,678571.939788269,0.07282833,0.678571939788269,Food
2005,169243,"SEATROUT, SAND",0,68606.5,36326.69,926,Unmanaged,81.55,55871.68163989373,0.0686065,0.05587168163989373,Food
2005,169239,"SEATROUT, SPOTTED",0,67392.28,131978.03,969,Unmanaged,81.55,202986.68762885753,0.06739228,0.20298668762885752,Food
2005,168790,DOLPHINFISH,0,31270,34007.65,311,Unmanaged,81.55,52304.91944410382,0.03127,0.05230491944410382,Food
2005,168791,DOLPHIN,1,21650.86,35692.64,371,Managed,81.55,54896.491229102794,0.02165086,0.05489649122910279,Food
2006,170335,"MULLET, STRIPED",0,12210317.45,9039050.366,28270,Unmanaged,84.07583333333334,13484706.74973379,12.21031745,13.48470674973379,Food
2006,169288,"DRUM, BLACK",0,4208920.09,3412167.21,6363,Unmanaged,84.07583333333334,5090365.950496278,4.2089200899999994,5.0903659504962775,Food
2006,161763,"SARDINE, SPANISH",0,2248835.58,374674.755,72,Unmanaged,84.07583333333334,558950.2207784639,2.24883558,0.5589502207784639,Bait
2006,161111,LADYFISH,0,1777533.94,1063076.29,2971,Unmanaged,84.07583333333334,1585926.7780127067,1.7775339399999999,1.5859267780127067,Food
2006,169189,SHEEPSHEAD,0,973385.08,465587.19,7839,Unmanaged,84.07583333333334,694575.9199659037,0.9733850799999999,0.6945759199659037,Food
2006,161700,HERRINGS,0,828263,162921.5,593,Unmanaged,84.07583333333334,243050.8252272254,0.828263,0.2430508252272254,Bait
2006,168725,"SCAD, ROUND",0,716400.25,467360.5,115,Unmanaged,84.07583333333334,697221.3931470596,0.71640025,0.6972213931470596,Bait
2006,172568,"BUTTERFISH,GULF",0,621754,218624.65,33,Unmanaged,84.07583333333334,326150.33373442624,0.621754,0.32615033373442626,Bait
2006,161748,"HERRING, ATLANTIC THREAD",0,462206.6,62832.19,44,Unmanaged,84.07583333333334,93734.80866757192,0.46220659999999997,0.09373480866757193,Bait
2006,168609,"JACK, CREVALLE",1,381824.98,264468.46,3068,Managed,84.07583333333334,394541.4046002121,0.38182498,0.39454140460021214,Food
2006,168708,"POMPANO, FLORIDA",0,341557.95,1075764.3,2378,Unmanaged,84.07583333333334,1604855.104237246,0.34155795,1.604855104237246,Food
2006,169013,MOJARRAS,0,285465.81,226622.69,4952,Unmanaged,84.07583333333334,338082.032265316,0.28546581,0.338082032265316,Bait
2006,169180,PORGIES,0,247117.86,252995.09,1825,Unmanaged,84.07583333333334,377425.11211188306,0.24711786,0.37742511211188307,Bait
2006,172702,FLATFISHES,0,203282,425541.95,2090,Unmanaged,84.07583333333334,634835.3171085627,0.203282,0.6348353171085627,Food
2006,168559,BLUEFISH,0,129629.72,44035.7,1976,Unmanaged,84.07583333333334,65693.68207669663,0.12962972,0.06569368207669662,Food
2006,168612,"RUNNER, BLUE",1,126087.05,73540.53,898,Managed,84.07583333333334,109709.80812322209,0.12608705,0.10970980812322209,Food
2006,170336,"MULLET, WHITE",0,98643,54055.3,493,Unmanaged,84.07583333333334,80641.20004361142,0.098643,0.08064120004361142,Food
2006,169283,"CROAKER, ATLANTIC",0,85038.88,538661.1,696,Unmanaged,84.07583333333334,803589.6113944751,0.08503888000000001,0.803589611394475,Food
2006,169055,GRUNTS,0,79066.08,67381.5475,1276,Unmanaged,84.07583333333334,100521.66672270073,0.07906608,0.10052166672270073,Bait
2006,169273,KINGFISHES,0,66225.29000000001,50599.07,817,Unmanaged,84.07583333333334,75485.09999742295,0.06622529,0.07548509999742295,Food
2006,169243,"SEATROUT, SAND",0,51664.1,34754.270000000004,1043,Unmanaged,84.07583333333334,51847.38664737192,0.0516641,0.051847386647371915,Food
2006,169239,"SEATROUT, SPOTTED",0,44562.14,91818.7,555,Unmanaged,84.07583333333334,136977.69052145383,0.04456214,0.13697769052145384,Food
2006,168790,DOLPHINFISH,0,40346.01,38370.41,319,Unmanaged,84.07583333333334,57242.044879325214,0.04034601,0.057242044879325216,Food
2006,168791,DOLPHIN,1,32345.04,53277.16,304,Managed,84.07583333333334,79480.34914828875,0.03234504,0.07948034914828875,Food
2007,170335,"MULLET, STRIPED",0,8550876.43,5193634.629,23400,Unmanaged,86.3325,7545481.474532071,8.550876429999999,7.54548147453207,Food
2007,169288,"DRUM, BLACK",0,4219376.9,3503922.5,7567,Unmanaged,86.3325,5090612.682747903,4.2193769,5.090612682747904,Food
2007,169189,SHEEPSHEAD,0,1388607.6,519131.05,8137,Unmanaged,86.3325,754210.4904255833,1.3886076,0.7542104904255833,Food
2007,161111,LADYFISH,0,1216926.6,952814.03,2869,Unmanaged,86.3325,1384279.2428822673,1.2169266,1.3842792428822674,Food
2007,161700,HERRINGS,0,1058537,197160.41,1078,Unmanaged,86.3325,286441.06246122066,1.058537,0.28644106246122064,Bait
2007,172568,"BUTTERFISH,GULF",0,1024196,371115.15,32,Unmanaged,86.3325,539168.1720557149,1.024196,0.5391681720557149,Bait
2007,168725,"SCAD, ROUND",0,813688.5,551271.65,83,Unmanaged,86.3325,800905.4004845608,0.8136885,0.8009054004845607,Bait
2007,168708,"POMPANO, FLORIDA",0,331544.02,1019336.7,2189,Unmanaged,86.3325,1480925.5435901892,0.33154402,1.4809255435901891,Food
2007,168609,"JACK, CREVALLE",1,310012.67,211958.22,2843,Managed,86.3325,307939.8025911447,0.31001267,0.3079398025911447,Food
2007,169013,MOJARRAS,0,271751.59,222057.18,4317,Unmanaged,86.3325,322611.9004639041,0.27175159000000004,0.3226119004639041,Bait
2007,169180,PORGIES,0,248771.14,247548.96,1376,Unmanaged,86.3325,359647.18836591084,0.24877114,0.35964718836591086,Bait
2007,168612,"RUNNER, BLUE",1,246177.78,143558.91,855,Managed,86.3325,208567.05819477024,0.24617778,0.20856705819477026,Food
2007,172702,FLATFISHES,0,182425,383174.46,2540,Unmanaged,86.3325,556688.3302302146,0.182425,0.5566883302302146,Food
2007,168559,BLUEFISH,0,155497.34,49038.62,2251,Unmanaged,86.3325,71244.90365196575,0.15549733999999998,0.07124490365196576,Food
2007,168791,DOLPHIN,1,139171.66,273439.22000000003,496,Managed,86.3325,397261.40098495164,0.13917166,0.39726140098495166,Food
2007,161748,"HERRING, ATLANTIC THREAD",0,112236.8,22726.79,29,Unmanaged,86.3325,33018.22041216614,0.1122368,0.03301822041216614,Bait
2007,168790,DOLPHINFISH,0,109540.82,117056.37,337,Unmanaged,86.3325,170063.30525815886,0.10954082000000001,0.17006330525815885,Food
2007,169055,GRUNTS,0,99939.66,93956.87,1469,Unmanaged,86.3325,136503.5996239346,0.09993966,0.1365035996239346,Bait
2007,170336,"MULLET, WHITE",0,84393.3,55299.91,398,Unmanaged,86.3325,80341.50960839391,0.0843933,0.08034150960839391,Food
2007,169283,"CROAKER, ATLANTIC",0,83053.76,510316.4,1011,Unmanaged,86.3325,741404.2799332041,0.08305375999999999,0.741404279933204,Food
2007,169243,"SEATROUT, SAND",0,75036.8,47342.2,1582,Unmanaged,86.3325,68780.28944680933,0.0750368,0.06878028944680933,Food
2007,169273,KINGFISHES,0,68962.65,58064.29,1362,Unmanaged,86.3325,84357.6908703752,0.06896265,0.0843576908703752,Food
2007,169239,"SEATROUT, SPOTTED",0,51233.95,101627.81,429,Unmanaged,86.3325,147648.19099334936,0.05123395,0.14764819099334936,Food
2008,170335,"MULLET, STRIPED",0,10371224.03,5856303.02,24539,Unmanaged,88.00666666666666,8346374.139707598,10.371224029999999,8.346374139707597,Food
2008,169288,"DRUM, BLACK",0,4092252.04,3278626.06,8217,Unmanaged,88.00666666666666,4672681.667513068,4.09225204,4.672681667513068,Food
2008,161763,"SARDINE, SPANISH",0,2166963,434614.4,70,Unmanaged,88.00666666666666,619410.2963108856,2.166963,0.6194102963108856,Bait
2008,161700,HERRINGS,0,1524941.5,311774.18,1481,Unmanaged,88.00666666666666,444339.02147716086,1.5249415,0.44433902147716087,Bait
2008,161111,LADYFISH,0,1485809.3,1160913.76,3291,Unmanaged,88.00666666666666,1654528.5569759868,1.4858093,1.6545285569759869,Food
2008,169189,SHEEPSHEAD,0,1471482.51,549877.1900000001,8492,Unmanaged,88.00666666666666,783682.255333687,1.47148251,0.783682255333687,Food
2008,161748,"HERRING, ATLANTIC THREAD",0,1094475.16,205266.4,86,Unmanaged,88.00666666666666,292544.65946519206,1.09447516,0.29254465946519204,Bait
2008,172568,"BUTTERFISH,GULF",0,779138,256787.28,49,Unmanaged,88.00666666666666,365971.9631785471,0.779138,0.3659719631785471,Bait
2008,168725,"SCAD, ROUND",0,520316.75,408610.77,140,Unmanaged,88.00666666666666,582350.0512673283,0.52031675,0.5823500512673283,Bait
2008,168708,"POMPANO, FLORIDA",0,309126.7,871748.91,2112,Unmanaged,88.00666666666666,1242412.240946898,0.30912670000000003,1.242412240946898,Food
2008,168609,"JACK, CREVALLE",1,276721.42,206855.55,2468,Managed,88.00666666666666,294809.5081963488,0.27672142,0.29480950819634877,Food
2008,169180,PORGIES,0,261109.34,282980.66000000003,1526,Unmanaged,88.00666666666666,403302.63898492546,0.26110934,0.40330263898492547,Bait
2008,169013,MOJARRAS,0,260717.2,213380.3,4091,Unmanaged,88.00666666666666,304108.5496704795,0.26071720000000004,0.3041085496704795,Bait
2008,168791,DOLPHIN,1,210823.88,450571.73,404,Managed,88.00666666666666,642152.6042133172,0.21082388,0.6421526042133172,Food
2008,169055,GRUNTS,0,204759.3,171627.01,2013,Unmanaged,88.00666666666666,244601.96698280436,0.20475929999999998,0.24460196698280434,Bait
2008,168559,BLUEFISH,0,184802.77,63296.21,2358,Unmanaged,88.00666666666666,90209.44587076738,0.18480276999999998,0.09020944587076737,Food
2008,172702,FLATFISHES,0,181863,398125.01,2232,Unmanaged,88.00666666666666,567405.7979047042,0.181863,0.5674057979047042,Food
2008,168612,"RUNNER, BLUE",1,156344.6,97035.07,915,Managed,88.00666666666666,138293.9025058708,0.1563446,0.13829390250587079,Food
2008,170336,"MULLET, WHITE",0,117433.95,66444.62,301,Unmanaged,88.00666666666666,94696.54425270813,0.11743395,0.09469654425270813,Food
2008,169283,"CROAKER, ATLANTIC",0,80077.05,509736.4,807,Unmanaged,88.00666666666666,726473.7996818423,0.08007705,0.7264737996818423,Food
2008,169243,"SEATROUT, SAND",0,66187.22,53096.55,1307,Unmanaged,88.00666666666666,75672.94081508978,0.06618722,0.07567294081508978,Food
2008,169273,KINGFISHES,0,61516.72,44362.8,1290,Unmanaged,88.00666666666666,63225.6434512537,0.061516720000000004,0.0632256434512537,Food
2008,169239,"SEATROUT, SPOTTED",0,60510.16,121756.67,475,Unmanaged,88.00666666666666,173527.0047253996,0.06051016,0.17352700472539961,Food
2008,168790,DOLPHINFISH,0,49447.57,52270.35,232,Unmanaged,88.00666666666666,74495.4446557079,0.049447569999999996,0.07449544465570791,Food
2009,170335,"MULLET, STRIPED",0,11181274.21,5962100.8571,25635,Unmanaged,88.56416666666667,8443668.189766696,11.181274210000002,8.443668189766695,Food
2009,169288,"DRUM, BLACK",0,4941669.85,3811630.53,10292,Unmanaged,88.56416666666667,5398121.271125078,4.941669849999999,5.398121271125079,Food
2009,169189,SHEEPSHEAD,0,1520357.01,637527.9728,8880,Unmanaged,88.56416666666667,902882.18751069,1.5203570100000001,0.9028821875106899,Food
2009,161763,"SARDINE, SPANISH",0,1374850,203275.9,68,Unmanaged,88.56416666666667,287884.1354272326,1.37485,0.2878841354272326,Bait
2009,161700,HERRINGS,0,1343827,289847.98,1653,Unmanaged,88.56416666666667,410489.5618596686,1.343827,0.41048956185966856,Bait
2009,172568,"BUTTERFISH,GULF",0,1301221.6,383099.04,79,Unmanaged,88.56416666666667,542553.9176724973,1.3012216,0.5425539176724974,Bait
2009,161748,"HERRING, ATLANTIC THREAD",0,864863.84,129791.6,64,Unmanaged,88.56416666666667,183813.9324519887,0.8648638399999999,0.18381393245198868,Bait
2009,161111,LADYFISH,0,858478.77,444109.89,2259,Unmanaged,88.56416666666667,628958.9258605343,0.8584787700000001,0.6289589258605343,Food
2009,168725,"SCAD, ROUND",0,432480.5,310650.95,87,Unmanaged,88.56416666666667,439951.2197973221,0.4324805,0.4399512197973221,Bait
2009,169180,PORGIES,0,358937.47000000003,379945.24,1670,Unmanaged,88.56416666666667,538087.4315503825,0.35893747000000004,0.5380874315503825,Bait
2009,169055,GRUNTS,0,342141.63,270220.96,2552,Unmanaged,88.56416666666667,382693.3121138158,0.34214163000000003,0.3826933121138158,Bait
2009,168609,"JACK, CREVALLE",1,333043.64,237640.79,2453,Managed,88.56416666666667,336552.5050996923,0.33304364000000003,0.3365525050996923,Food
2009,168791,DOLPHIN,1,295004.78,464871.52,691,Managed,88.56416666666667,658362.0371128278,0.29500478,0.6583620371128278,Food
2009,168708,"POMPANO, FLORIDA",0,274470.67,755244.64,2017,Unmanaged,88.56416666666667,1069595.3146558523,0.27447066999999997,1.0695953146558523,Food
2009,169013,MOJARRAS,0,198227.33,159649.53,3673,Unmanaged,88.56416666666667,226099.43881893542,0.19822732999999998,0.22609943881893543,Bait
2009,168559,BLUEFISH,0,170270.17,58823.164,2081,Unmanaged,88.56416666666667,83306.75555358168,0.17027017000000003,0.08330675555358168,Food
2009,172702,FLATFISHES,0,153399,345247.76,2370,Unmanaged,88.56416666666667,488948.0400568326,0.153399,0.4889480400568326,Food
2009,169283,"CROAKER, ATLANTIC",0,86453.1,557841.45,814,Unmanaged,88.56416666666667,790028.2499731831,0.0864531,0.7900282499731831,Food
2009,168790,DOLPHINFISH,0,80272.96,74215.25,330,Unmanaged,88.56416666666667,105105.3916463581,0.08027296,0.1051053916463581,Food
2009,169239,"SEATROUT, SPOTTED",0,79182.77,173324.5,910,Unmanaged,88.56416666666667,245466.25463646886,0.07918277,0.24546625463646887,Food
2009,168612,"RUNNER, BLUE",1,75860.42,45724.61,662,Managed,88.56416666666667,64756.2737028708,0.07586042,0.0647562737028708,Food
2009,169273,KINGFISHES,0,71048.58,53137.15,1112,Unmanaged,88.56416666666667,75254.08809808332,0.07104858,0.07525408809808332,Food
2009,170336,"MULLET, WHITE",0,67213,45896.64,431,Unmanaged,88.56416666666667,64999.906656002706,0.067213,0.0649999066560027,Food
2009,169243,"SEATROUT, SAND",0,65489.04,47912.66,1561,Unmanaged,88.56416666666667,67855.04184273173,0.06548904,0.06785504184273174,Food
2010,170335,"MULLET, STRIPED",0,8600019.48,4921693.01,22364,Unmanaged,89.63416666666667,6887011.633595075,8.60001948,6.887011633595075,Food
2010,169288,"DRUM, BLACK",0,4635073.54,3921482.24,8126,Unmanaged,89.63416666666667,5487399.102898634,4.63507354,5.487399102898634,Food
2010,161763,"SARDINE, SPANISH",0,1999817,300378.76,60,Unmanaged,89.63416666666667,420325.284490847,1.999817,0.42032528449084705,Bait
2010,161111,LADYFISH,0,1459061.9,745287.65,2482,Unmanaged,89.63416666666667,1042894.1231189743,1.4590618999999998,1.0428941231189743,Food
2010,169189,SHEEPSHEAD,0,1349318.08,610069.8,7932,Unmanaged,89.63416666666667,853681.4062494771,1.34931808,0.8536814062494771,Food
2010,161748,"HERRING, ATLANTIC THREAD",0,1156848,179247.38,46,Unmanaged,89.63416666666667,250824.0129652941,1.156848,0.2508240129652941,Bait
2010,161700,HERRINGS,0,858385.3,192280.37,926,Unmanaged,89.63416666666667,269061.3052076496,0.8583853,0.2690613052076496,Bait
2010,168725,"SCAD, ROUND",0,652261.75,428491.1,62,Unmanaged,89.63416666666667,599595.1361850484,0.65226175,0.5995951361850483,Bait
2010,168609,"JACK, CREVALLE",1,300112.03,207113.59,1639,Managed,89.63416666666667,289817.6909668002,0.30011203000000003,0.2898176909668002,Food
2010,170336,"MULLET, WHITE",0,297085.41000000003,118238.12,701,Unmanaged,89.63416666666667,165452.6818962263,0.29708541000000005,0.1654526818962263,Food
2010,169055,GRUNTS,0,233143.53,194097.21,2048,Unmanaged,89.63416666666667,271603.641389723,0.23314353,0.271603641389723,Bait
2010,169013,MOJARRAS,0,232697.05,180783.42,2489,Unmanaged,89.63416666666667,252973.42076626286,0.23269705,0.25297342076626284,Bait
2010,169180,PORGIES,0,227053.27,260138.61,1072,Unmanaged,89.63416666666667,364016.53450897627,0.22705327,0.36401653450897625,Bait
2010,172568,"BUTTERFISH,GULF",0,169847.25,52494.2,34,Unmanaged,89.63416666666667,73456.0577755878,0.16984725,0.07345605777558781,Bait
2010,169283,"CROAKER, ATLANTIC",0,146873.56,600553.8200000001,518,Unmanaged,89.63416666666667,840365.5279872817,0.14687356,0.8403655279872817,Food
2010,172702,FLATFISHES,0,101163,223080.7,1144,Unmanaged,89.63416666666667,312160.74895547645,0.101163,0.31216074895547646,Food
2010,168708,"POMPANO, FLORIDA",0,83090.38,290287.94,962,Unmanaged,89.63416666666667,406205.0225014643,0.08309038,0.4062050225014643,Food
2010,168559,BLUEFISH,0,81755.67,28940.84,1233,Unmanaged,89.63416666666667,40497.42667026152,0.08175567,0.04049742667026152,Food
2010,169243,"SEATROUT, SAND",0,79848.93000000001,51895.6,937,Unmanaged,89.63416666666667,72618.42626230697,0.07984893000000001,0.07261842626230697,Food
2010,169239,"SEATROUT, SPOTTED",0,59836.6,132533.92,654,Unmanaged,89.63416666666667,185457.04639265162,0.0598366,0.18545704639265162,Food
2010,169273,KINGFISHES,0,40925.65,35375.07,670,Unmanaged,89.63416666666667,49500.95792936101,0.04092565,0.04950095792936101,Food
2010,168612,"RUNNER, BLUE",1,39276.2,22615.42,365,Managed,89.63416666666667,31646.155158840094,0.0392762,0.031646155158840096,Food
2010,168791,DOLPHIN,1,19684.32,33376.65,194,Managed,89.63416666666667,46704.53365811028,0.019684319999999998,0.04670453365811028,Food
2010,168790,DOLPHINFISH,0,5210,7478.1,64,Unmanaged,89.63416666666667,10464.236918585733,0.00521,0.010464236918585734,Food
2011,170335,"MULLET, STRIPED",0,14033033.88,10145516,28270,Unmanaged,91.48166666666667,13910090.402375704,14.033033880000001,13.910090402375703,Food
2011,169288,"DRUM, BLACK",0,5681429.44,4358859.93,10678,Unmanaged,91.48166666666667,5976249.574451711,5.6814294400000005,5.976249574451711,Food
2011,169189,SHEEPSHEAD,0,1249149.15,637879.55,9060,Unmanaged,91.48166666666667,874569.8302902221,1.2491491499999998,0.8745698302902221,Food
2011,172568,"BUTTERFISH,GULF",0,1037421,261443.05,93,Unmanaged,91.48166666666667,358453.57304377924,1.037421,0.35845357304377923,Bait
2011,168725,"SCAD, ROUND",0,950845,630996.5,149,Unmanaged,91.48166666666667,865132.7698445955,0.950845,0.8651327698445954,Bait
2011,161111,LADYFISH,0,915855.85,556351.13,2175,Unmanaged,91.48166666666667,762789.6416272841,0.91585585,0.7627896416272841,Food
2011,161748,"HERRING, ATLANTIC THREAD",0,871267,123043.63,63,Unmanaged,91.48166666666667,168699.9475173532,0.871267,0.1686999475173532,Bait
2011,161700,HERRINGS,0,705321,180517.89,661,Unmanaged,91.48166666666667,247500.48880176357,0.705321,0.24750048880176356,Bait
2011,169055,GRUNTS,0,431594.6,368694.47,2451,Unmanaged,91.48166666666667,505501.4854400699,0.4315946,0.5055014854400699,Bait
2011,169180,PORGIES,0,370533.45,420523.36,1497,Unmanaged,91.48166666666667,576561.8972865237,0.37053345,0.5765618972865237,Bait
2011,172702,FLATFISHES,0,240693,544935.1,2087,Unmanaged,91.48166666666667,747137.6029003989,0.240693,0.7471376029003989,Food
2011,169283,"CROAKER, ATLANTIC",0,126336,676059.88,691,Unmanaged,91.48166666666667,926917.2753972562,0.126336,0.9269172753972562,Food
2011,170336,"MULLET, WHITE",0,123359.6,65476.29,613,Unmanaged,91.48166666666667,89771.78815864745,0.1233596,0.08977178815864745,Food
2011,168559,BLUEFISH,0,120324.63,37600.02,1377,Unmanaged,91.48166666666667,51551.80646614075,0.12032463,0.05155180646614075,Food
2011,169013,MOJARRAS,0,96924.4,82977.95,2216,Unmanaged,91.48166666666667,113767.57829801962,0.0969244,0.11376757829801962,Bait
2011,168791,DOLPHIN,1,79717.08,193845.58,412,Managed,91.48166666666667,265773.52417570003,0.07971708,0.26577352417570005,Food
2011,168708,"POMPANO, FLORIDA",0,73507.38,250083.96,873,Unmanaged,91.48166666666667,342879.60235675634,0.07350738000000001,0.34287960235675635,Food
2011,169243,"SEATROUT, SAND",0,71456.58,50831.69,1494,Unmanaged,91.48166666666667,69693.19285539907,0.07145658,0.06969319285539907,Food
2011,169239,"SEATROUT, SPOTTED",0,57378,137100.13,523,Unmanaged,91.48166666666667,187972.22363825174,0.057378,0.18797222363825175,Food
2011,168609,"JACK, CREVALLE",1,55771.81,43309.04,1035,Managed,91.48166666666667,59379.20374282643,0.05577181,0.05937920374282643,Food
2011,168612,"RUNNER, BLUE",1,52866.19,31536.47,659,Managed,91.48166666666667,43238.32801326313,0.05286619,0.04323832801326313,Food
2011,169273,KINGFISHES,0,51220.59,42053.25,968,Unmanaged,91.48166666666667,57657.44287562171,0.051220589999999996,0.05765744287562171,Food
2011,168790,DOLPHINFISH,0,30340.18,37408.7,155,Unmanaged,91.48166666666667,51289.49565851081,0.03034018,0.051289495658510806,Food
2012,170335,"MULLET, STRIPED",0,12048195.15,8499929.36,28610,Unmanaged,93.18083333333334,11441385.190376416,12.04819515,11.441385190376415,Food
2012,169288,"DRUM, BLACK",0,5898771.28,4859441,12426,Unmanaged,93.18083333333334,6541082.159170788,5.89877128,6.541082159170788,Food
2012,161748,"HERRING, ATLANTIC THREAD",0,2708557,360480.63,252,Unmanaged,93.18083333333334,485227.2962300902,2.708557,0.4852272962300902,Bait
2012,161111,LADYFISH,0,1118847.18,833841.09,3197,Unmanaged,93.18083333333334,1122397.2216933023,1.11884718,1.1223972216933022,Food
2012,169189,SHEEPSHEAD,0,1072208.24,587706.75,9880,Unmanaged,93.18083333333334,791086.4927157765,1.07220824,0.7910864927157766,Food
2012,172568,"BUTTERFISH,GULF",0,980230.8,298024.36,153,Unmanaged,93.18083333333334,401157.62784120475,0.9802308000000001,0.40115762784120473,Bait
2012,161763,"SARDINE, SPANISH",0,958657,146269,50,Unmanaged,93.18083333333334,196886.3386426035,0.958657,0.19688633864260352,Bait
2012,169055,GRUNTS,0,571682.24,513305.714,3040,Unmanaged,93.18083333333334,690938.4943753453,0.57168224,0.6909384943753453,Bait
2012,161700,HERRINGS,0,455864,166349.06,404,Unmanaged,93.18083333333334,223915.2339869608,0.455864,0.2239152339869608,Bait
2012,169180,PORGIES,0,276404.5,315875.456,1385,Unmanaged,93.18083333333334,425186.2116983285,0.2764045,0.4251862116983285,Bait
2012,168725,"SCAD, ROUND",0,241197,174453.25,82,Unmanaged,93.18083333333334,234823.93163830184,0.241197,0.23482393163830184,Bait
2012,172702,FLATFISHES,0,186232,460728.03,1875,Unmanaged,93.18083333333334,620165.9609125624,0.186232,0.6201659609125625,Food
2012,168559,BLUEFISH,0,167552.82,67602.93000000001,1882,Unmanaged,93.18083333333334,90997.36355080176,0.16755282000000002,0.09099736355080176,Food
2012,169283,"CROAKER, ATLANTIC",0,137619.36000000002,777747.01,678,Unmanaged,93.18083333333334,1046891.4205274689,0.13761936000000002,1.0468914205274689,Food
2012,169013,MOJARRAS,0,126854.37,133737.06,2635,Unmanaged,93.18083333333334,180017.63930994392,0.12685437,0.1800176393099439,Bait
2012,168609,"JACK, CREVALLE",1,104768.61,71569.85,1932,Managed,93.18083333333334,96337.06201382616,0.10476861,0.09633706201382616,Food
2012,168612,"RUNNER, BLUE",1,93814.18,64424.35,984,Managed,93.18083333333334,86718.81527138091,0.09381418,0.08671881527138091,Food
2012,169239,"SEATROUT, SPOTTED",0,84278.24,203822.66,908,Unmanaged,93.18083333333334,274356.81695913855,0.08427824,0.27435681695913855,Food
2012,168708,"POMPANO, FLORIDA",0,68101.25,248864.39,1194,Unmanaged,93.18083333333334,334985.5305336398,0.06810125,0.3349855305336398,Food
2012,170336,"MULLET, WHITE",0,58588,39356.55,382,Unmanaged,93.18083333333334,52976.14006456979,0.058588,0.052976140064569785,Food
2012,168791,DOLPHIN,1,48700.96,115437.454,475,Managed,93.18083333333334,155385.33565064345,0.04870096,0.15538533565064344,Food
2012,169243,"SEATROUT, SAND",0,43104.82,32791.79,1419,Unmanaged,93.18083333333334,44139.602175697786,0.04310482,0.04413960217569778,Food
2012,168790,DOLPHINFISH,0,35587.19,52642.9,321,Unmanaged,93.18083333333334,70860.31788368494,0.035587190000000005,0.07086031788368494,Food
2012,169273,KINGFISHES,0,32996.1,36395.28,892,Unmanaged,93.18083333333334,48990.10332382374,0.0329961,0.048990103323823746,Food
2012,168723,SCADS,0,315,150.70000000000002,3,Unmanaged,93.18083333333334,202.850715007557,3.15e-4,2.02850715007557e-4,Bait
2013,170335,"MULLET, STRIPED",0,13701777.37,13260893.08,34234,Unmanaged,94.7675,17551055.119608164,13.701777369999999,17.551055119608165,Food
2013,169288,"DRUM, BLACK",0,5660428.42,5097931,13258,Unmanaged,94.7675,6747212.83379499,5.66042842,6.74721283379499,Food
2013,169189,SHEEPSHEAD,0,1696630.55,888599.73,11080,Unmanaged,94.7675,1176079.374625267,1.69663055,1.176079374625267,Food
2013,161748,"HERRING, ATLANTIC THREAD",0,1636837.12,267524.26,279,Unmanaged,94.7675,354073.6664390922,1.63683712,0.3540736664390922,Bait
2013,161111,LADYFISH,0,1407300.37,1076428.88,3952,Unmanaged,94.7675,1424674.9816354057,1.4073003700000002,1.4246749816354056,Food
2013,161700,HERRINGS,0,1074567,313722,747,Unmanaged,94.7675,415217.29200411536,1.074567,0.41521729200411533,Bait
2013,168725,"SCAD, ROUND",0,704456.48,461258.7,129,Unmanaged,94.7675,610485.0419394835,0.7044564799999999,0.6104850419394835,Bait
2013,161763,"SARDINE, SPANISH",0,656062,113119,95,Unmanaged,94.7675,149715.24105486233,0.656062,0.14971524105486234,Bait
2013,169055,GRUNTS,0,590875.14,590578.93,2870,Unmanaged,94.7675,781642.9323709782,0.59087514,0.7816429323709781,Bait
2013,168559,BLUEFISH,0,256359.55,94851.24,2824,Unmanaged,94.7675,125537.49821827104,0.25635955,0.12553749821827104,Food
2013,172568,"BUTTERFISH,GULF",0,254722,98463.55,113,Unmanaged,94.7675,130318.46218024816,0.254722,0.13031846218024815,Bait
2013,168609,"JACK, CREVALLE",1,238846.71,172143.51,3783,Managed,94.7675,227835.35122906062,0.23884671,0.22783535122906062,Food
2013,169013,MOJARRAS,0,170845.95,181270.06,3414,Unmanaged,94.7675,239914.5212469113,0.17084595000000002,0.2399145212469113,Bait
2013,168708,"POMPANO, FLORIDA",0,160176.23,588749.84,1622,Unmanaged,94.7675,779222.0954624036,0.16017623,0.7792220954624036,Food
2013,168612,"RUNNER, BLUE",1,158713.97,96447.87,1391,Managed,94.7675,127650.66970427625,0.15871397,0.12765066970427624,Food
2013,169180,PORGIES,0,156740.13,180905.67,1052,Unmanaged,94.7675,239432.24385153138,0.15674013,0.2394322438515314,Bait
2013,169283,"CROAKER, ATLANTIC",0,144582.54,850078.73,490,Unmanaged,94.7675,1125096.0667753536,0.14458254,1.1250960667753536,Food
2013,169273,KINGFISHES,0,88772.65000000001,155765.47,1012,Unmanaged,94.7675,206158.69030908978,0.08877265000000001,0.2061586903090898,Food
2013,170336,"MULLET, WHITE",0,85840.7,57206.33,622,Unmanaged,94.7675,75713.71286710458,0.08584069999999999,0.07571371286710459,Food
2013,169239,"SEATROUT, SPOTTED",0,70141.36,169234.52,1047,Unmanaged,94.7675,223985.24524265525,0.07014136,0.22398524524265526,Food
2013,172702,FLATFISHES,0,63772,174888.32,1225,Unmanaged,94.7675,231468.1617277372,0.063772,0.2314681617277372,Food
2013,168791,DOLPHIN,1,51915.5,121332.07,359,Managed,94.7675,160585.402167058,0.0519155,0.160585402167058,Food
2013,169243,"SEATROUT, SAND",0,31176.7,23419.28,875,Unmanaged,94.7675,30995.881775221813,0.0311767,0.030995881775221813,Food
2013,168790,DOLPHINFISH,0,27460.91,36617.75,171,Unmanaged,94.7675,48464.318709824925,0.02746091,0.04846431870982493,Food
2014,170335,"MULLET, STRIPED",0,14967456.55,11398394.46,31129,Unmanaged,96.405,14829755.951139463,14.967456550000001,14.829755951139463,Food
2014,169288,"DRUM, BLACK",0,5201770.93,5178320.41,17228,Unmanaged,96.405,6737196.9084411245,5.2017709299999995,6.737196908441124,Food
2014,161748,"HERRING, ATLANTIC THREAD",0,2241539.48,372770.64,307,Unmanaged,96.405,484989.14793216117,2.24153948,0.4849891479321612,Bait
2014,161700,HERRINGS,0,1653547.7000000002,397674.26,1492,Unmanaged,96.405,517389.7292768355,1.6535477000000003,0.5173897292768355,Bait
2014,161111,LADYFISH,0,1499506.15,1089447.08,3789,Unmanaged,96.405,1417413.1606673235,1.49950615,1.4174131606673235,Food
2014,169189,SHEEPSHEAD,0,1461172.76,802281.02,10572,Unmanaged,96.405,1043798.9115557629,1.46117276,1.0437989115557629,Food
2014,161763,"SARDINE, SPANISH",0,1081454,201758.5,89,Unmanaged,96.405,262495.68099856505,1.081454,0.2624956809985651,Bait
2014,168609,"JACK, CREVALLE",1,344065.64,230557.21,3438,Managed,96.405,299963.92641737114,0.34406564,0.29996392641737113,Food
2014,172568,"BUTTERFISH,GULF",0,341403,121279.45,70,Unmanaged,96.405,157789.2967031447,0.341403,0.1577892967031447,Bait
2014,168725,"SCAD, ROUND",0,319070,215976.85,63,Unmanaged,96.405,280994.30914025893,0.31907,0.2809943091402589,Bait
2014,169055,GRUNTS,0,245611.95,255107.255,2164,Unmanaged,96.405,331904.492890756,0.24561195000000002,0.331904492890756,Bait
2014,169013,MOJARRAS,0,209186.24,202757.48,3551,Unmanaged,96.405,263795.3929581799,0.20918624,0.2637953929581799,Bait
2014,168559,BLUEFISH,0,209085.69,91235.1,2405,Unmanaged,96.405,118700.425040195,0.20908569,0.118700425040195,Food
2014,169180,PORGIES,0,203006.22,245973.92,1097,Unmanaged,96.405,320021.6676783707,0.20300622000000001,0.3200216676783707,Bait
2014,168612,"RUNNER, BLUE",1,105207.37,66553.33,1325,Managed,96.405,86588.47920197775,0.10520737,0.08658847920197775,Food
2014,169283,"CROAKER, ATLANTIC",0,101698.77,709469.13,2767,Unmanaged,96.405,923047.0212001451,0.10169877000000001,0.9230470212001451,Food
2014,170336,"MULLET, WHITE",0,95754.51,82041.52,648,Unmanaged,96.405,106739.21873208512,0.09575451,0.10673921873208513,Food
2014,168708,"POMPANO, FLORIDA",0,91716.42,370345.05,1481,Unmanaged,96.405,481833.3606970592,0.09171641999999999,0.4818333606970592,Food
2014,169239,"SEATROUT, SPOTTED",0,46884.2,130327.81,1037,Unmanaged,96.405,169561.5661248552,0.046884199999999994,0.16956156612485518,Food
2014,168791,DOLPHIN,1,41295.14,90967.56,319,Managed,96.405,118352.3450609408,0.04129514,0.1183523450609408,Food
2014,169243,"SEATROUT, SAND",0,36952.49,25030.96,788,Unmanaged,96.405,32566.25565340663,0.03695249,0.03256625565340663,Food
2014,169273,KINGFISHES,0,24511.17,22892.15,953,Unmanaged,96.405,29783.580388292445,0.02451117,0.029783580388292444,Food
2014,168790,DOLPHINFISH,0,23139.4,31051.1,244,Unmanaged,96.405,40398.692695745376,0.0231394,0.04039869269574538,Food
2014,172702,FLATFISHES,0,23082,51488.48,954,Unmanaged,96.405,66988.52153034939,0.023082,0.06698852153034938,Food
2015,170335,"MULLET, STRIPED",0,10691095.48,7355634.62,28006,Unmanaged,97.31333333333333,9480640.524811948,10.691095480000001,9.480640524811948,Food
2015,169288,"DRUM, BLACK",0,6179822.99,5999952.37,17308,Unmanaged,97.31333333333333,7733308.480453517,6.17982299,7.733308480453517,Food
2015,161748,"HERRING, ATLANTIC THREAD",0,1411645.3,286465.83,320,Unmanaged,97.31333333333333,369224.36977598135,1.4116453,0.36922436977598133,Bait
2015,161111,LADYFISH,0,1360216.75,988290.91,3585,Unmanaged,97.31333333333333,1273803.1911173528,1.36021675,1.2738031911173529,Food
2015,161763,"SARDINE, SPANISH",0,1336590,248399.66,79,Unmanaged,97.31333333333333,320161.0744152908,1.33659,0.3201610744152908,Bait
2015,169189,SHEEPSHEAD,0,1100697.63,623866.36,10994,Unmanaged,97.31333333333333,804098.2186093032,1.10069763,0.8040982186093032,Food
2015,161700,HERRINGS,0,1020883.58,259558.08,1438,Unmanaged,97.31333333333333,334543.1059203946,1.02088358,0.3345431059203946,Bait
2015,168609,"JACK, CREVALLE",1,405412.92,294994.25,3844,Managed,97.31333333333333,380216.60748783994,0.40541292,0.3802166074878399,Food
2015,172568,"BUTTERFISH,GULF",0,384478,131904.9,127,Unmanaged,97.31333333333333,170011.5632390217,0.384478,0.1700115632390217,Bait
2015,168725,"SCAD, ROUND",0,316031.39,243593.8,98,Unmanaged,97.31333333333333,313966.8255943002,0.31603139,0.31396682559430017,Bait
2015,169055,GRUNTS,0,230265.2,263519.9582,2060,Unmanaged,97.31333333333333,339649.55083748716,0.2302652,0.33964955083748716,Bait
2015,169013,MOJARRAS,0,168541.01,158092.27,3847,Unmanaged,97.31333333333333,203764.3329300541,0.16854101000000002,0.2037643329300541,Bait
2015,169180,PORGIES,0,116606.44,143438.06,862,Unmanaged,97.31333333333333,184876.59524833868,0.11660644,0.1848765952483387,Bait
2015,169283,"CROAKER, ATLANTIC",0,99526.94,738184.53,2826,Unmanaged,97.31333333333333,951442.3338644927,0.09952694000000001,0.9514423338644927,Food
2015,168559,BLUEFISH,0,99179.43,46268.9,1992,Unmanaged,97.31333333333333,59635.75286702747,0.09917943,0.05963575286702747,Food
2015,168708,"POMPANO, FLORIDA",0,89883.55,366111.25,1332,Unmanaged,97.31333333333333,471878.95166815096,0.08988355,0.47187895166815097,Food
2015,168612,"RUNNER, BLUE",1,83082.25,56667.72,1388,Managed,97.31333333333333,73038.73974652325,0.08308225,0.07303873974652325,Food
2015,170336,"MULLET, WHITE",0,78762.96,87388.74,901,Unmanaged,97.31333333333333,112634.90815647051,0.07876296,0.11263490815647051,Food
2015,169239,"SEATROUT, SPOTTED",0,34937.49,94588.86,1266,Unmanaged,97.31333333333333,121915.10666849352,0.034937489999999995,0.12191510666849352,Food
2015,169273,KINGFISHES,0,29360.77,30872.8,990,Unmanaged,97.31333333333333,39791.79688977187,0.02936077,0.039791796889771865,Food
2015,172702,FLATFISHES,0,26578,66200.03,888,Unmanaged,97.31333333333333,85324.88623826813,0.026578,0.08532488623826813,Food
2015,168791,DOLPHIN,1,24226.07,58471.786,360,Managed,97.31333333333333,75363.9913546619,0.02422607,0.0753639913546619,Food
2015,168790,DOLPHINFISH,0,18684.68,32959.21,199,Unmanaged,97.31333333333333,42480.960261697604,0.01868468,0.042480960261697606,Food
2015,169243,"SEATROUT, SAND",0,18030.23,11719.68,694,Unmanaged,97.31333333333333,15105.436700691922,0.01803023,0.015105436700691923,Food
2016,170335,"MULLET, STRIPED",0,11253501.97,8242596.028,28898,Unmanaged,98.255,10522022.741559682,11.25350197,10.522022741559683,Food
2016,169288,"DRUM, BLACK",0,6037320.23,6164899.69,17628,Unmanaged,98.255,7869755.416529099,6.037320230000001,7.8697554165291,Food
2016,161748,"HERRING, ATLANTIC THREAD",0,2470806.06,497597.5,371,Unmanaged,98.255,635204.2722168507,2.47080606,0.6352042722168506,Bait
2016,161111,LADYFISH,0,2256653.53,1780176.36,3989,Unmanaged,98.255,2272470.4789944533,2.25665353,2.272470478994453,Food
2016,161763,"SARDINE, SPANISH",0,1607054,293969.36,93,Unmanaged,98.255,375264.33186029544,1.607054,0.37526433186029545,Bait
2016,169189,SHEEPSHEAD,0,1122448.96,676296.74,10465,Unmanaged,98.255,863321.4164748188,1.12244896,0.8633214164748189,Food
2016,161700,HERRINGS,0,1064087.75,272876.45,1285,Unmanaged,98.255,348338.3393754347,1.06408775,0.3483383393754347,Bait
2016,168725,"SCAD, ROUND",0,714759.89,482549.45,152,Unmanaged,98.255,615994.7994029141,0.7147598900000001,0.6159947994029141,Bait
2016,172568,"BUTTERFISH,GULF",0,577592,204519.5,42,Unmanaged,98.255,261077.799128119,0.577592,0.261077799128119,Bait
2016,168609,"JACK, CREVALLE",1,434520.2,331078.27,4038,Managed,98.255,422635.42630773666,0.4345202,0.42263542630773665,Food
2016,169013,MOJARRAS,0,280624.32,258316.06,4631,Unmanaged,98.255,329751.3851943073,0.28062432,0.3297513851943073,Bait
2016,168559,BLUEFISH,0,246384.67,91794.24,2359,Unmanaged,98.255,117179.23304055774,0.24638467,0.11717923304055773,Food
2016,168708,"POMPANO, FLORIDA",0,243111.26,868558.91,1524,Unmanaged,98.255,1108752.2150011025,0.24311126,1.1087522150011024,Food
2016,169055,GRUNTS,0,204641.86,234536.712,1963,Unmanaged,98.255,299396.0408846369,0.20464185999999998,0.29939604088463695,Bait
2016,169180,PORGIES,0,167560.22,207836.56,1247,Unmanaged,98.255,265312.1666303665,0.16756022,0.26531216663036655,Bait
2016,170336,"MULLET, WHITE",0,157915.9,129729.08,1169,Unmanaged,98.255,165604.66209488915,0.1579159,0.16560466209488914,Food
2016,169283,"CROAKER, ATLANTIC",0,120021.95,873098.9400000001,3710,Unmanaged,98.255,1114547.755477075,0.12002195,1.114547755477075,Food
2016,168612,"RUNNER, BLUE",1,94820.68,62064.81,1407,Managed,98.255,79228.35718894712,0.09482067999999999,0.07922835718894712,Food
2016,169239,"SEATROUT, SPOTTED",0,65241.3,199475.44,1900,Unmanaged,98.255,254638.8430213899,0.0652413,0.2546388430213899,Food
2016,169273,KINGFISHES,0,40949.62,43372.06,1175,Unmanaged,98.255,55366.270543653416,0.040949620000000006,0.055366270543653416,Food
2016,172702,FLATFISHES,0,20196,56409.8,818,Unmanaged,98.255,72009.49754550235,0.020196,0.07200949754550236,Food
2016,169243,"SEATROUT, SAND",0,17921.12,14989.29,781,Unmanaged,98.255,19134.46318660628,0.01792112,0.01913446318660628,Food
2016,168790,DOLPHINFISH,0,8532,10861,170,Unmanaged,98.255,13864.526249724357,0.008532,0.013864526249724356,Food
2016,168791,DOLPHIN,1,5927.84,14237.958,197,Managed,98.255,18175.35608447407,0.00592784,0.01817535608447407,Food
2017,170335,"MULLET, STRIPED",0,9130940.58,6335596.35,23905,Unmanaged,99.99833333333333,7946659.759589326,9.13094058,7.946659759589326,Food
2017,169288,"DRUM, BLACK",0,5465610.78,5648649.01,17426,Unmanaged,99.99833333333333,7085030.248780146,5.4656107800000004,7.085030248780146,Food
2017,161748,"HERRING, ATLANTIC THREAD",0,2800301.92,591207.9,432,Unmanaged,99.99833333333333,741544.7211186853,2.80030192,0.7415447211186853,Bait
2017,168725,"SCAD, ROUND",0,1191522.03,763728.25,148,Unmanaged,99.99833333333333,957934.8519475324,1.19152203,0.9579348519475324,Bait
2017,161111,LADYFISH,0,1164429.75,976074.29,4097,Unmanaged,99.99833333333333,1224277.8507681794,1.16442975,1.2242778507681793,Food
2017,161700,HERRINGS,0,1119548.73,349917.10000000003,878,Unmanaged,99.99833333333333,438896.6695711596,1.11954873,0.4388966695711596,Bait
2017,169189,SHEEPSHEAD,0,977386.94,653437.71,9814,Unmanaged,99.99833333333333,819598.7983759729,0.9773869399999999,0.8195987983759729,Food
2017,161763,"SARDINE, SPANISH",0,807228,142005.45,52,Unmanaged,99.99833333333333,178115.6710145169,0.807228,0.17811567101451692,Bait
2017,168609,"JACK, CREVALLE",1,445367.61,351908.06,3633,Managed,99.99833333333333,441393.90595443256,0.44536760999999997,0.44139390595443256,Food
2017,172568,"BUTTERFISH,GULF",0,380260,133276.4,25,Unmanaged,99.99833333333333,167166.93208886814,0.38026,0.16716693208886815,Bait
2017,169013,MOJARRAS,0,258058.98,254608.81,4710,Unmanaged,99.99833333333333,319352.6659670994,0.25805898,0.31935266596709944,Bait
2017,169055,GRUNTS,0,210011.31,226990.42,1977,Unmanaged,99.99833333333333,284711.26264637744,0.21001131,0.2847112626463774,Bait
2017,168559,BLUEFISH,0,154649.31,58688.9,2095,Unmanaged,99.99833333333333,73612.75785263088,0.15464930999999998,0.07361275785263088,Food
2017,169180,PORGIES,0,127828.47,158584.45,1123,Unmanaged,99.99833333333333,198910.50466174437,0.12782847,0.19891050466174437,Bait
2017,169283,"CROAKER, ATLANTIC",0,123537.39,787300.75,3441,Unmanaged,99.99833333333333,987501.545725762,0.12353739,0.987501545725762,Food
2017,168708,"POMPANO, FLORIDA",0,89609.44,379720.75,1586,Unmanaged,99.99833333333333,476279.01735028916,0.08960944,0.47627901735028916,Food
2017,170336,"MULLET, WHITE",0,88171.96,94500.73,973,Unmanaged,99.99833333333333,118531.0911328522,0.08817196000000001,0.1185310911328522,Food
2017,168612,"RUNNER, BLUE",1,86530.7,66482.85,1418,Managed,99.99833333333333,83388.61247020784,0.0865307,0.08338861247020783,Food
2017,169239,"SEATROUT, SPOTTED",0,77562.81,309038.76,1355,Unmanaged,99.99833333333333,387623.4757672628,0.07756281,0.3876234757672628,Food
2017,169273,KINGFISHES,0,37704.97,44208.42,1123,Unmanaged,99.99833333333333,55450.07175986266,0.037704970000000004,0.055450071759862656,Food
2017,169243,"SEATROUT, SAND",0,13593.77,13310.28,781,Unmanaged,99.99833333333333,16694.91877664628,0.01359377,0.016694918776646278,Food
2017,172702,FLATFISHES,0,12046,32776.85,647,Unmanaged,99.99833333333333,41111.59558659311,0.012046,0.04111159558659311,Food
2017,168791,DOLPHIN,1,10200.9,25248.65,269,Managed,99.99833333333333,31669.06789113152,0.010200899999999999,0.03166906789113152,Food
2017,168790,DOLPHINFISH,0,4234,6253.91,148,Unmanaged,99.99833333333333,7844.201586026434,0.004234,0.007844201586026434,Food
2018,170335,"MULLET, STRIPED",0,7964631.31,5512503.81,19913,Unmanaged,102.27916666666667,6760076.371456551,7.96463131,6.7600763714565515,Food
2018,169288,"DRUM, BLACK",0,4235681.81,4362264.63,13384,Unmanaged,102.27916666666667,5349518.67022903,4.23568181,5.34951867022903,Food
2018,161748,"HERRING, ATLANTIC THREAD",0,2261679.04,485108.24,292,Unmanaged,102.27916666666667,594896.4143795982,2.26167904,0.5948964143795982,Bait
2018,161111,LADYFISH,0,1931355.3,1458087.14,3425,Unmanaged,102.27916666666667,1788076.845363425,1.9313553,1.788076845363425,Food
2018,161763,"SARDINE, SPANISH",0,1779755.3,393031.24,78,Unmanaged,102.27916666666667,481980.8367204139,1.7797553000000002,0.48198083672041386,Bait
2018,169189,SHEEPSHEAD,0,1641957.2000000002,984122.38,7985,Unmanaged,102.27916666666667,1206845.8684039596,1.6419572000000002,1.2068458684039596,Food
2018,161700,HERRINGS,0,1587711.3,427001.55,1210,Unmanaged,102.27916666666667,523639.200664847,1.5877113,0.523639200664847,Bait
2018,168725,"SCAD, ROUND",0,747965.39,498928,85,Unmanaged,102.27916666666667,611843.8190899091,0.7479653900000001,0.611843819089909,Bait
2018,168609,"JACK, CREVALLE",1,289950.26,233866.19,2968,Managed,102.27916666666667,286794.05213899864,0.28995026,0.2867940521389986,Food
2018,169013,MOJARRAS,0,249767.99,240634.64,4062,Unmanaged,102.27916666666667,295094.3165004277,0.24976799,0.2950943165004277,Bait
2018,172568,"BUTTERFISH,GULF",0,194203.19,68022.14,34,Unmanaged,102.27916666666667,83416.69723941825,0.19420319,0.08341669723941825,Bait
2018,169055,GRUNTS,0,191051.6,232419.348,1658,Unmanaged,102.27916666666667,285019.7653984275,0.19105160000000002,0.2850197653984275,Bait
2018,169283,"CROAKER, ATLANTIC",0,162576.01,1305846.24,4247,Unmanaged,102.27916666666667,1601381.2626787794,0.16257601000000002,1.6013812626787793,Food
2018,170336,"MULLET, WHITE",0,139661.69,112633.25,1019,Unmanaged,102.27916666666667,138124.0536440298,0.13966169,0.1381240536440298,Food
2018,168559,BLUEFISH,0,127170.68,56367.85,1625,Unmanaged,102.27916666666667,69124.84490324682,0.12717067999999998,0.06912484490324682,Food
2018,168708,"POMPANO, FLORIDA",0,119438.7,472767.53,1576,Unmanaged,102.27916666666667,579762.7936233348,0.1194387,0.5797627936233348,Food
2018,168612,"RUNNER, BLUE",1,101891.13,62149.19,1068,Managed,102.27916666666667,76214.59962749011,0.10189113000000001,0.07621459962749011,Food
2018,169239,"SEATROUT, SPOTTED",0,92608.84,290666.27,1111,Unmanaged,102.27916666666667,356448.947979305,0.09260884,0.356448947979305,Food
2018,169180,PORGIES,0,76140.86,96067.56,718,Unmanaged,102.27916666666667,117809.26867413532,0.07614086,0.11780926867413533,Bait
2018,169273,KINGFISHES,0,30415.79,37247.02,889,Unmanaged,102.27916666666667,45676.648667780166,0.03041579,0.045676648667780165,Food
2018,168791,DOLPHIN,1,21348.3,52354.37,337,Managed,102.27916666666667,64203.046705829634,0.0213483,0.06420304670582963,Food
2018,169243,"SEATROUT, SAND",0,16851.33,15694.5,821,Unmanaged,102.27916666666667,19246.429983297345,0.01685133,0.019246429983297345,Food
2018,172702,FLATFISHES,0,15412,45542.2,752,Unmanaged,102.27916666666667,55849.167771214394,0.015412,0.055849167771214396,Food
2018,168790,DOLPHINFISH,0,8705.6,13685.11,205,Unmanaged,102.27916666666667,16782.28114490569,0.0087056,0.01678228114490569,Food
2019,170335,"MULLET, STRIPED",0,6840088.82,4764179.28,17509,Unmanaged,103.98083333333334,5746781.472477781,6.84008882,5.746781472477781,Food
2019,169288,"DRUM, BLACK",0,5152737.97,5686046.73,14966,Unmanaged,103.98083333333334,6858782.190834529,5.1527379699999996,6.858782190834528,Food
2019,161748,"HERRING, ATLANTIC THREAD",0,4876876.88,1011842.09,483,Unmanaged,103.98083333333334,1220532.443079093,4.87687688,1.220532443079093,Bait
2019,161700,HERRINGS,0,1889971.49,498708.96,1118,Unmanaged,103.98083333333334,601566.658819494,1.88997149,0.601566658819494,Bait
2019,161111,LADYFISH,0,1364219.26,1074887.31,2918,Unmanaged,103.98083333333334,1296580.6102304112,1.36421926,1.2965806102304112,Food
2019,169189,SHEEPSHEAD,0,1327040.95,818469.11,7184,Unmanaged,103.98083333333334,987276.6830771696,1.32704095,0.9872766830771695,Food
2019,168609,"JACK, CREVALLE",1,314054.52,260874.02,2633,Managed,103.98083333333334,314678.75087748544,0.31405452,0.3146787508774854,Food
2019,161763,"SARDINE, SPANISH",0,287168.56,72449.1,30,Unmanaged,103.98083333333334,87391.57808891062,0.28716856,0.08739157808891063,Bait
2019,169013,MOJARRAS,0,227837.05,248112.63,3523,Unmanaged,103.98083333333334,299285.3503975893,0.22783704999999999,0.2992853503975893,Bait
2019,168708,"POMPANO, FLORIDA",0,172963.19,667793.3,1184,Unmanaged,103.98083333333334,805524.2967021166,0.17296319,0.8055242967021166,Food
2019,169055,GRUNTS,0,154864.95,201512.21,1386,Unmanaged,103.98083333333334,243073.6894741819,0.15486495,0.24307368947418193,Bait
2019,169283,"CROAKER, ATLANTIC",0,142728.16,1348144.83,4600,Unmanaged,103.98083333333334,1626196.9325513516,0.14272816,1.6261969325513517,Food
2019,168559,BLUEFISH,0,111795.73,41306.31,1216,Unmanaged,103.98083333333334,49825.65160822908,0.11179573,0.04982565160822908,Food
2019,168612,"RUNNER, BLUE",1,96025.14,56658.23,857,Managed,103.98083333333334,68343.8735805477,0.09602514,0.0683438735805477,Food
2019,168725,"SCAD, ROUND",0,93279.75,101750.45,47,Unmanaged,103.98083333333334,122736.27135129069,0.09327975,0.1227362713512907,Bait
2019,170336,"MULLET, WHITE",0,80011.40000000001,90018.11,909,Unmanaged,103.98083333333334,108584.1603205719,0.08001140000000001,0.1085841603205719,Food
2019,169239,"SEATROUT, SPOTTED",0,47751.77,167217.38,947,Unmanaged,103.98083333333334,201705.62121673065,0.04775177,0.20170562121673066,Food
2019,168791,DOLPHIN,1,37095,77185.19,436,Managed,103.98083333333334,93104.47692507433,0.037095,0.09310447692507433,Food
2019,169273,KINGFISHES,0,28472.83,33653.9,782,Unmanaged,103.98083333333334,40594.94776120599,0.02847283,0.04059494776120599,Food
2019,169180,PORGIES,0,21461.29,29341.17,302,Unmanaged,103.98083333333334,35392.72605560319,0.02146129,0.03539272605560319,Bait
2019,169243,"SEATROUT, SAND",0,14035.32,15182.57,545,Unmanaged,103.98083333333334,18313.94388260657,0.01403532,0.01831394388260657,Food
2019,172702,FLATFISHES,0,11729,42714.3,483,Unmanaged,103.98083333333334,51524.03665419108,0.011729,0.05152403665419108,Food
2019,172568,"BUTTERFISH,GULF",0,1849,1209.15,12,Unmanaged,103.98083333333334,1458.5347043124937,0.001849,0.0014585347043124936,Bait
2019,168790,DOLPHINFISH,0,1239.6,4292.75,59,Unmanaged,103.98083333333334,5178.120871634997,0.0012396,0.005178120871634996,Food
2020,170335,"MULLET, STRIPED",0,6086669.67,3640296.43,14746,Unmanaged,105.38333333333334,4332660.890970741,6.08666967,4.332660890970741,Food
2020,169288,"DRUM, BLACK",0,2532414.0700000003,3068143.28,9062,Unmanaged,105.38333333333334,3651687.3427120033,2.53241407,3.651687342712003,Food
2020,161700,HERRINGS,0,2031888.03,587679.38,1868,Unmanaged,105.38333333333334,699452.7822438715,2.03188803,0.6994527822438715,Bait
2020,161748,"HERRING, ATLANTIC THREAD",0,1879415.86,447721.18,211,Unmanaged,105.38333333333334,532875.2984671833,1.8794158600000002,0.5328752984671833,Bait
2020,161111,LADYFISH,0,1229224.27,1064062.37,2621,Unmanaged,105.38333333333334,1266441.2101331647,1.22922427,1.2664412101331646,Food
2020,161763,"SARDINE, SPANISH",0,660057,168737.45,36,Unmanaged,105.38333333333334,200830.38964415624,0.660057,0.20083038964415623,Bait
2020,169189,SHEEPSHEAD,0,537157.88,390589.5,5411,Unmanaged,105.38333333333334,464877.4855606515,0.53715788,0.4648774855606515,Food
2020,168609,"JACK, CREVALLE",1,340279.53,262384.98,2460,Managed,105.38333333333334,312289.1674028151,0.34027953000000005,0.3122891674028151,Food
2020,169013,MOJARRAS,0,237113.97,243666.18,3433,Unmanaged,105.38333333333334,290010.15407369914,0.23711397,0.2900101540736991,Bait
2020,169283,"CROAKER, ATLANTIC",0,198527.2,1397203.05,4535,Unmanaged,105.38333333333334,1662943.4244947017,0.19852720000000001,1.6629434244947017,Food
2020,168725,"SCAD, ROUND",0,156765.4,185578.77,89,Unmanaged,105.38333333333334,220874.83655100423,0.1567654,0.22087483655100423,Bait
2020,168708,"POMPANO, FLORIDA",0,126983.34,480901.43,1156,Unmanaged,105.38333333333334,572366.2504520005,0.12698334,0.5723662504520005,Food
2020,169055,GRUNTS,0,116286.78,147212.15,1407,Unmanaged,105.38333333333334,175211.09537244975,0.11628677999999999,0.17521109537244975,Bait
2020,168559,BLUEFISH,0,94217.38,45419.97,1168,Unmanaged,105.38333333333334,54058.599752016446,0.09421738,0.05405859975201645,Food
2020,170336,"MULLET, WHITE",0,82427.33,89849.64,961,Unmanaged,105.38333333333334,106938.54986303968,0.08242733000000001,0.10693854986303968,Food
2020,169243,"SEATROUT, SAND",0,38979.62,30436.28,518,Unmanaged,105.38333333333334,36225.09390605724,0.03897962,0.03622509390605724,Food
2020,168612,"RUNNER, BLUE",1,33758,24378.09,676,Managed,105.38333333333334,29014.669318994143,0.033758,0.029014669318994143,Food
2020,169273,KINGFISHES,0,27586.39,36297.22,594,Unmanaged,105.38333333333334,43200.75262248932,0.02758639,0.043200752622489326,Food
2020,169239,"SEATROUT, SPOTTED",0,23168.1,79566.05,606,Unmanaged,105.38333333333334,94699.07731772892,0.023168099999999997,0.09469907731772892,Food
2020,169180,PORGIES,0,7540.13,11445.01,243,Unmanaged,105.38333333333334,13621.788273920605,0.00754013,0.013621788273920606,Bait
2020,168791,DOLPHIN,1,6032.39,12786.73,192,Managed,105.38333333333334,15218.696075913329,0.00603239,0.01521869607591333,Food
2020,172702,FLATFISHES,0,5103,18932.44,261,Unmanaged,105.38333333333334,22533.28648805946,0.005103,0.02253328648805946,Food
2020,168790,DOLPHINFISH,0,559.97,1567.5,32,Unmanaged,105.38333333333334,1865.6299225051398,5.5997e-4,0.0018656299225051397,Food
2020,172568,"BUTTERFISH,GULF",0,477,322.40000000000003,21,Unmanaged,105.38333333333334,383.71871579946225,4.77e-4,3.8371871579946225e-4,Bait
2021,170335,"MULLET, STRIPED",0,6477939.74,4528842.78,13255,Unmanaged,110.1825,5155425.351147414,6.47793974,5.155425351147414,Food
2021,169288,"DRUM, BLACK",0,2265104.21,2991553.27,7160,Unmanaged,110.1825,3405446.0083213453,2.26510421,3.4054460083213454,Food
2021,161700,HERRINGS,0,1240820.25,479680.95,751,Unmanaged,110.1825,546046.6282939668,1.24082025,0.5460466282939668,Bait
2021,161748,"HERRING, ATLANTIC THREAD",0,1144398.52,292088.37,175,Unmanaged,110.1825,332499.9035345903,1.14439852,0.3324999035345903,Bait
2021,161111,LADYFISH,0,1091458.02,1044149.73,2135,Unmanaged,110.1825,1188611.8043682072,1.09145802,1.1886118043682072,Food
2021,169189,SHEEPSHEAD,0,699126.96,598826.33,4808,Unmanaged,110.1825,681676.2233942171,0.69912696,0.6816762233942171,Food
2021,161763,"SARDINE, SPANISH",0,456890,125042.5,41,Unmanaged,110.1825,142342.60401303897,0.45689,0.14234260401303897,Bait
2021,168725,"SCAD, ROUND",0,452468.07,317079.91000000003,132,Unmanaged,110.1825,360949.117856889,0.45246807,0.360949117856889,Bait
2021,168609,"JACK, CREVALLE",1,373159.07,321971.47000000003,2363,Managed,110.1825,366517.44373078,0.37315907,0.36651744373078,Food
2021,170336,"MULLET, WHITE",0,267117.38,173620.06,1091,Unmanaged,110.1825,197641.05363616423,0.26711738,0.19764105363616424,Food
2021,169283,"CROAKER, ATLANTIC",0,171778.13,1142823.57,3622,Unmanaged,110.1825,1300937.5442851633,0.17177813,1.3009375442851634,Food
2021,169013,MOJARRAS,0,169164.07,187867.538,2818,Unmanaged,110.1825,213859.72424126638,0.16916407,0.21385972424126637,Bait
2021,168708,"POMPANO, FLORIDA",0,96427.29,425074.01,1192,Unmanaged,110.1825,483884.6110855474,0.09642729,0.4838846110855474,Food
2021,168559,BLUEFISH,0,90770.2,50431.09,962,Unmanaged,110.1825,57408.42252686829,0.0907702,0.05740842252686829,Food
2021,169055,GRUNTS,0,72168.14,103045.301,967,Unmanaged,110.1825,117302.00912207777,0.07216814,0.11730200912207776,Bait
2021,169243,"SEATROUT, SAND",0,49139.08,24406.13,527,Unmanaged,110.1825,27782.810629032134,0.04913908,0.027782810629032133,Food
2021,168612,"RUNNER, BLUE",1,28536.63,27105.7,566,Managed,110.1825,30855.87637480241,0.02853663,0.03085587637480241,Food
2021,169239,"SEATROUT, SPOTTED",0,27666.65,97067.34,736,Unmanaged,110.1825,110496.974550405,0.02766665,0.110496974550405,Food
2021,169273,KINGFISHES,0,16859.08,23135.78,446,Unmanaged,110.1825,26336.702889599826,0.016859080000000002,0.026336702889599828,Food
2021,172702,FLATFISHES,0,14646,49197.75,389,Unmanaged,110.1825,56004.44526127107,0.014646,0.05600444526127107,Food
2021,168791,DOLPHIN,1,9554.5,22060.46,308,Managed,110.1825,25112.60829018522,0.0095545,0.02511260829018522,Food
2021,169180,PORGIES,0,6068.9000000000005,10465.81,173,Unmanaged,110.1825,11913.794497916335,0.0060689,0.011913794497916335,Bait
2021,168790,DOLPHINFISH,0,483.09,1487.75,34,Unmanaged,110.1825,1693.5858537729068,4.8309e-4,0.0016935858537729068,Food
2021,172568,"BUTTERFISH,GULF",0,353,343.3,26,Unmanaged,110.1825,390.796856730122,3.53e-4,3.9079685673012196e-4,Bait
2022,170335,"MULLET, STRIPED",0,7239638.85,6307959.66,14202,Unmanaged,117.98083333333334,6706058.359379842,7.2396388499999995,6.706058359379842,Food
2022,169288,"DRUM, BLACK",0,2798745.15,3770252.67,8466,Unmanaged,117.98083333333334,4008195.327398094,2.79874515,4.008195327398094,Food
2022,161700,HERRINGS,0,1480766.8,557562.98,860,Unmanaged,117.98083333333334,592751.0771224139,1.4807668,0.5927510771224139,Bait
2022,161748,"HERRING, ATLANTIC THREAD",0,1347570.12,344589.3,157,Unmanaged,117.98083333333334,366336.51455815556,1.34757012,0.3663365145581556,Bait
2022,161111,LADYFISH,0,880201.75,875706.01,1665,Unmanaged,117.98083333333334,930972.2834720328,0.88020175,0.9309722834720328,Food
2022,169189,SHEEPSHEAD,0,575526.49,632933.3200000001,4733,Unmanaged,117.98083333333334,672878.0794891826,0.57552649,0.6728780794891825,Food
2022,161763,"SARDINE, SPANISH",0,544008,150569.82,41,Unmanaged,117.98083333333334,160072.361667785,0.544008,0.16007236166778502,Bait
2022,168725,"SCAD, ROUND",0,349025,235170.15,47,Unmanaged,117.98083333333334,250011.8636275666,0.349025,0.2500118636275666,Bait
2022,168609,"JACK, CREVALLE",1,253667.36,240140.4,1790,Managed,117.98083333333334,255295.78875664828,0.25366736,0.25529578875664827,Food
2022,169013,MOJARRAS,0,177444.87,220652.92,2626,Unmanaged,117.98083333333334,234578.44349746074,0.17744487,0.23457844349746074,Bait
2022,170336,"MULLET, WHITE",0,124980.75,101375.8,885,Unmanaged,117.98083333333334,107773.68082103731,0.12498075,0.10777368082103732,Food
2022,169283,"CROAKER, ATLANTIC",0,106836.31,898480,2933,Unmanaged,117.98083333333334,955183.5521306426,0.10683631,0.9551835521306425,Food
2022,168708,"POMPANO, FLORIDA",0,97108.87,461397.1,926,Unmanaged,117.98083333333334,490516.11713201995,0.09710887,0.4905161171320199,Food
2022,168612,"RUNNER, BLUE",1,68799.92,69043.03,546,Managed,117.98083333333334,73400.37245710814,0.06879992,0.07340037245710813,Food
2022,168559,BLUEFISH,0,55942.28,35640.05,710,Unmanaged,117.98083333333334,37889.312569131995,0.05594228,0.03788931256913199,Food
2022,169055,GRUNTS,0,55502.87,104972.326,821,Unmanaged,117.98083333333334,111597.18549561016,0.05550287,0.11159718549561017,Bait
2022,169239,"SEATROUT, SPOTTED",0,35691.5,139832.75,1104,Unmanaged,117.98083333333334,148657.669451959,0.0356915,0.148657669451959,Food
2022,169243,"SEATROUT, SAND",0,32340.72,25365.52,631,Unmanaged,117.98083333333334,26966.35149946672,0.03234072,0.02696635149946672,Food
2022,169273,KINGFISHES,0,21417.54,34041.76,394,Unmanaged,117.98083333333334,36190.15363455928,0.021417540000000002,0.03619015363455928,Food
2022,172702,FLATFISHES,0,16506,66551.61,516,Unmanaged,117.98083333333334,70751.71761175897,0.016506,0.07075171761175897,Food
2022,168791,DOLPHIN,1,8323.3,20339.2374,251,Managed,117.98083333333334,21622.857523106155,0.008323299999999999,0.021622857523106154,Food
2022,169180,PORGIES,0,5960.71,10958.25,142,Unmanaged,117.98083333333334,11649.831003623469,0.00596071,0.011649831003623469,Bait
2022,168790,DOLPHINFISH,0,554.2,1566.4,36,Unmanaged,117.98083333333334,1665.2563396596904,5.542e-4,0.0016652563396596905,Food
2022,172568,"BUTTERFISH,GULF",0,385.42,353.32,23,Unmanaged,117.98083333333334,375.61821369290203,3.8542000000000003e-4,3.7561821369290206e-4,Bait
2023,170335,"MULLET, STRIPED",0,4145034.27,3705984.88,10130,Unmanaged,122.37666666666667,3798349.3330602236,4.14503427,3.798349333060224,Food
2023,169288,"DRUM, BLACK",0,2881364.9,3799125.41,8765,Unmanaged,122.37666666666667,3893811.2093122327,2.8813649,3.893811209312233,Food
2023,161700,HERRINGS,0,2251502.16,792823.0700000001,1084,Unmanaged,122.37666666666667,812582.6404260072,2.2515021600000003,0.8125826404260073,Bait
2023,161111,LADYFISH,0,1215474.31,1174919.79,1729,Unmanaged,122.37666666666667,1204202.3767635443,1.21547431,1.2042023767635444,Food
2023,161748,"HERRING, ATLANTIC THREAD",0,865461.29,241212.36,105,Unmanaged,122.37666666666667,247224.10813826162,0.86546129,0.24722410813826162,Bait
2023,169189,SHEEPSHEAD,0,627449.4400000001,745323.52,3970,Unmanaged,122.37666666666667,763899.2566818293,0.62744944,0.7638992566818293,Food
2023,168725,"SCAD, ROUND",0,495101.19,465251.29,85,Unmanaged,122.37666666666667,476846.77199139266,0.49510119,0.47684677199139264,Bait
2023,169283,"CROAKER, ATLANTIC",0,223551.24,1254286.35,3544,Unmanaged,122.37666666666667,1285546.9936480266,0.22355123999999998,1.2855469936480266,Food
2023,161763,"SARDINE, SPANISH",0,223074.92,88067.17,30,Unmanaged,122.37666666666667,90262.07263803012,0.22307492,0.09026207263803011,Bait
2023,169013,MOJARRAS,0,174539,243094.29,2110,Unmanaged,122.37666666666667,249152.94157709804,0.174539,0.24915294157709805,Bait
2023,168609,"JACK, CREVALLE",1,144787.7,145301.85,940,Managed,122.37666666666667,148923.2155312832,0.14478770000000002,0.1489232155312832,Food
2023,168708,"POMPANO, FLORIDA",0,107345.92,516779.47,931,Unmanaged,122.37666666666667,529659.191489663,0.10734592,0.529659191489663,Food
2023,170336,"MULLET, WHITE",0,90013.96,88616.51,663,Unmanaged,122.37666666666667,90825.10386729495,0.09001396,0.09082510386729495,Food
2023,168559,BLUEFISH,0,68772.63,43427.97,725,Unmanaged,122.37666666666667,44510.32754501131,0.06877263,0.04451032754501131,Food
2023,169055,GRUNTS,0,65978.7,113528.738,775,Unmanaged,122.37666666666667,116358.2206156947,0.0659787,0.1163582206156947,Bait
2023,169239,"SEATROUT, SPOTTED",0,38291.32,151203.30000000002,1339,Unmanaged,122.37666666666667,154971.74767521044,0.03829132,0.15497174767521044,Food
2023,168612,"RUNNER, BLUE",1,31672.93,26863.93,496,Managed,122.37666666666667,27533.461118404924,0.03167293,0.027533461118404923,Food
2023,172702,FLATFISHES,0,22282,89223.17,646,Unmanaged,122.37666666666667,91446.88368588783,0.022282,0.09144688368588784,Food
2023,169243,"SEATROUT, SAND",0,17853.47,27404.27,693,Unmanaged,122.37666666666667,28087.268040203744,0.01785347,0.028087268040203745,Food
2023,169273,KINGFISHES,0,17133.14,25572.53,422,Unmanaged,122.37666666666667,26209.875489336202,0.017133139999999998,0.0262098754893362,Food
2023,169180,PORGIES,0,11463.32,23212.68,183,Unmanaged,122.37666666666667,23791.210825593113,0.011463319999999999,0.02379121082559311,Bait
2023,168791,DOLPHIN,1,8952.73,21133.7096,237,Managed,122.37666666666667,21660.426138664778,0.008952729999999999,0.021660426138664778,Food
2023,168790,DOLPHINFISH,0,677.26,1890.15,34,Unmanaged,122.37666666666667,1937.2583063220113,6.7726e-4,0.0019372583063220112,Food
2023,172568,"BUTTERFISH,GULF",0,129,427.5,7,Unmanaged,122.37666666666667,438.15460463596,1.29e-4,4.3815460463596e-4,Bait
2024,170335,"MULLET, STRIPED",0,4506572.26,4091503.54,11199,Unmanaged,125.42666666666666,4091503.54,4.5065722599999996,4.09150354,Food
2024,169288,"DRUM, BLACK",0,2951515.42,3835518.34,8663,Unmanaged,125.42666666666666,3835518.34,2.95151542,3.8355183399999997,Food
2024,161700,HERRINGS,0,2133602.3,701526.66,803,Unmanaged,125.42666666666666,701526.66,2.1336022999999997,0.7015266600000001,Bait
2024,161748,"HERRING, ATLANTIC THREAD",0,1824853.76,439935.89,170,Unmanaged,125.42666666666666,439935.89,1.82485376,0.43993589,Bait
2024,161111,LADYFISH,0,971243.77,890402.8,1667,Unmanaged,125.42666666666666,890402.8,0.9712437700000001,0.8904028,Food
2024,169189,SHEEPSHEAD,0,565053.2000000001,589050.29,4177,Unmanaged,125.42666666666666,589050.29,0.5650532,0.5890502900000001,Food
2024,161763,"SARDINE, SPANISH",0,394079,172568,37,Unmanaged,125.42666666666666,172568,0.394079,0.172568,Bait
2024,168725,"SCAD, ROUND",0,266905.92,370092.4,78,Unmanaged,125.42666666666666,370092.4,0.26690591999999996,0.37009240000000004,Bait
2024,169283,"CROAKER, ATLANTIC",0,169426.15,995006.67,3069,Unmanaged,125.42666666666666,995006.67,0.16942615,0.9950066700000001,Food
2024,170336,"MULLET, WHITE",0,146277.42,135217.32,1000,Unmanaged,125.42666666666666,135217.32,0.14627742000000002,0.13521732,Food
2024,169013,MOJARRAS,0,140436.05000000002,205586.93,2180,Unmanaged,125.42666666666666,205586.93,0.14043605,0.20558693,Bait
2024,168708,"POMPANO, FLORIDA",0,77082.7,390441.16,773,Unmanaged,125.42666666666666,390441.16,0.0770827,0.39044115999999995,Food
2024,168559,BLUEFISH,0,67556.31,44145.394,745,Unmanaged,125.42666666666666,44145.394,0.06755631,0.044145394,Food
2024,169055,GRUNTS,0,61575.49,88256.1424,732,Unmanaged,125.42666666666666,88256.1424,0.06157549,0.0882561424,Bait
2024,168609,"JACK, CREVALLE",1,60403.51,57920.83,795,Managed,125.42666666666666,57920.83,0.06040351,0.05792083,Food
2024,169239,"SEATROUT, SPOTTED",0,46670.04,177536.86000000002,1370,Unmanaged,125.42666666666666,177536.86000000002,0.04667004,0.17753686000000002,Food
2024,168612,"RUNNER, BLUE",1,24749.79,22696.03,494,Managed,125.42666666666666,22696.03,0.02474979,0.02269603,Food
2024,172702,FLATFISHES,0,20678,85843.41,713,Unmanaged,125.42666666666666,85843.41,0.020678,0.08584341000000001,Food
2024,169243,"SEATROUT, SAND",0,18922.31,27126.18,776,Unmanaged,125.42666666666666,27126.18,0.01892231,0.02712618,Food
2024,169273,KINGFISHES,0,12612.16,21459.58,349,Unmanaged,125.42666666666666,21459.58,0.012612159999999999,0.021459580000000002,Food
2024,169180,PORGIES,0,7013.1500000000005,14418.08,121,Unmanaged,125.42666666666666,14418.08,0.00701315,0.01441808,Bait
2024,168791,DOLPHIN,1,5033.36,12617.57,165,Managed,125.42666666666666,12617.57,0.00503336,0.01261757,Food
2024,172568,"BUTTERFISH,GULF",0,2777,5218,16,Unmanaged,125.42666666666666,5218,0.002777,0.005218,Bait
2024,168790,DOLPHINFISH,0,493.6,1299.57,27,Unmanaged,125.42666666666666,1299.57,4.936000000000001e-4,0.00129957,Food
2025,170335,"MULLET, STRIPED",0,5975020.51,5579013.87,12014,Unmanaged,127.91499999999999,5470485.189392956,5.975020509999999,5.470485189392956,Food
2025,169288,"DRUM, BLACK",0,3201313.51,4496945.76,8184,Unmanaged,127.91499999999999,4409466.574347028,3.20131351,4.409466574347028,Food
2025,161700,HERRINGS,0,2409656.8,864240.74,827,Unmanaged,127.91499999999999,847428.6457079571,2.4096567999999996,0.8474286457079571,Bait
2025,161748,"HERRING, ATLANTIC THREAD",0,2103315.96,532672.35,208,Unmanaged,127.91499999999999,522310.26295586914,2.1033159599999998,0.5223102629558691,Bait
2025,161763,"SARDINE, SPANISH",0,829116.22,315409.42,109,Unmanaged,127.91499999999999,309273.7535540528,0.82911622,0.3092737535540528,Bait
2025,161111,LADYFISH,0,815891.51,687331.64,1529,Unmanaged,127.91499999999999,673960.962355731,0.81589151,0.6739609623557311,Food
2025,169189,SHEEPSHEAD,0,749130.0700000001,778046.93,4266,Unmanaged,127.91499999999999,762911.5658064601,0.7491300700000001,0.7629115658064601,Food
2025,168725,"SCAD, ROUND",0,496208,494498.75,68,Unmanaged,127.91499999999999,484879.25484371133,0.496208,0.4848792548437113,Bait
2025,169283,"CROAKER, ATLANTIC",0,229151.28,1011851.24,3084,Unmanaged,127.91499999999999,992167.6753760962,0.22915127999999998,0.9921676753760962,Food
2025,169013,MOJARRAS,0,172252.07,236468.45,2320,Unmanaged,127.91499999999999,231868.42399510092,0.17225207,0.2318684239951009,Bait
2025,168609,"JACK, CREVALLE",1,163097.36000000002,157684.5,1326,Managed,127.91499999999999,154617.05992260485,0.16309736000000002,0.15461705992260485,Food
2025,170336,"MULLET, WHITE",0,128762.95,118059.28,921,Unmanaged,127.91499999999999,115762.67020651734,0.12876295,0.11576267020651734,Food
2025,168708,"POMPANO, FLORIDA",0,78096.16,429366.35,683,Unmanaged,127.91499999999999,421013.8768661481,0.07809616,0.4210138768661481,Food
2025,169239,"SEATROUT, SPOTTED",0,65596.26,254208.76,1505,Unmanaged,127.91499999999999,249263.63135102738,0.06559625999999999,0.2492636313510274,Food
2025,168559,BLUEFISH,0,55450.36,36661.06,664,Unmanaged,127.91499999999999,35947.89158633989,0.05545036,0.03594789158633989,Food
2025,168612,"RUNNER, BLUE",1,45308.88,44871.2,623,Managed,127.91499999999999,43998.31955074333,0.045308879999999996,0.04399831955074333,Food
2025,169055,GRUNTS,0,38660.58,61656.29,603,Unmanaged,127.91499999999999,60456.888822525376,0.03866058,0.060456888822525374,Bait
2025,169273,KINGFISHES,0,26885.59,40766.87,521,Unmanaged,127.91499999999999,39973.831173305196,0.02688559,0.0399738311733052,Food
2025,172702,FLATFISHES,0,12862,54018,447,Unmanaged,127.91499999999999,52967.18664738303,0.012862,0.05296718664738303,Food
2025,169243,"SEATROUT, SAND",0,11699.85,18153.98,479,Unmanaged,127.91499999999999,17800.83022423745,0.011699850000000001,0.017800830224237448,Food
2025,169180,PORGIES,0,9592.11,20193.68,189,Unmanaged,127.91499999999999,19800.85189487811,0.009592110000000001,0.01980085189487811,Bait
2025,168791,DOLPHIN,1,8942.81,25790.77,333,Managed,127.91499999999999,25289.061578913082,0.008942809999999999,0.025289061578913082,Food
2025,172568,"BUTTERFISH,GULF",0,3178,7164.14,44,Unmanaged,127.91499999999999,7024.775825613364,0.003178,0.007024775825613364,Bait
2025,168790,DOLPHINFISH,0,573,1968.85,49,Unmanaged,127.91499999999999,1930.5499172627656,5.73e-4,0.0019305499172627657,Food
