Date,West,Central,WFS
01/01/1993,0.5882709184998284,-0.012425425786773303,0.2922341544679971
01/02/1993,0.5919121183191405,-0.01816425606934924,0.24886133202268057
01/03/1993,0.6010231888781852,0.018448149416700962,0.2263154725053802
01/04/1993,0.6182422867904992,0.14743889396772408,0.2648144631244744
01/05/1993,0.6221775648928819,0.20494181368705838,0.2458398930743732
01/06/1993,0.635143643683632,0.09580398340693409,0.15499879304588654
01/07/1993,0.6497491648788268,-0.03464096298146975,0.09763576243450625
01/08/1993,0.6177966202507281,-0.0654353867645786,0.1000621487771306
01/09/1993,0.5809803744776174,-0.10871019277870703,0.06784701917262631
01/10/1993,0.6046635082235977,-0.21686608744845676,0.00970171654045332
01/11/1993,0.5894651346014506,-0.2843706229219847,-0.028575443011798846
01/12/1993,0.5572141826936021,-0.36087886733285063,-0.05349607571697393
01/13/1993,0.5058635873656578,-0.41403051405052316,-0.06986203090401889
01/14/1993,0.49305606724998885,-0.4555807820704732,-0.10217896664474474
01/15/1993,0.5083691959706174,-0.47195937175452757,-0.11609719231353803
01/16/1993,0.49682926478168743,-0.4440113457857151,-0.11428091241339824
01/17/1993,0.4909434434963617,-0.49468093783699413,-0.1822124668349362
01/18/1993,0.48158231834931486,-0.5290567285209918,-0.14279304162277362
01/19/1993,0.45938934999507175,-0.42167649428376186,-0.09041234407645515
01/20/1993,0.4837750652279694,-0.3518288301531767,-0.07066808068321133
01/21/1993,0.5127785358960927,-0.2359615437648121,0.0199657551986811
01/22/1993,0.5371537588150022,-0.18252041892962834,0.08997952711174287
01/23/1993,0.5940970143055089,-0.19289994161370405,0.1092031144029657
01/24/1993,0.6278377647409723,-0.13137221914288572,0.19494059856800444
01/25/1993,0.633935706863715,-0.02940240725491683,0.2797510747664981
01/26/1993,0.6745091548926518,-0.03988815020564168,0.2424434878029114
01/27/1993,0.6811267233628833,-0.1557004181363767,0.14496778453524523
01/28/1993,0.671913811322573,-0.31517743613365123,0.13293627936144115
01/29/1993,0.6051490895802314,-0.1917907060928296,0.2858955153410533
01/30/1993,0.5649656548032063,-0.010194976340165085,0.35871733502251596
01/31/1993,0.6028983781697299,0.10751445953718175,0.3892579180205496
02/01/1993,0.6108887888843341,0.18258265306935423,0.4070240423357415
02/02/1993,0.6005552536859924,0.13131044156168087,0.38691808109544373
02/03/1993,0.6109076457003877,0.13533289560632933,0.40564034721768083
02/04/1993,0.6204246881008127,0.23071299944278578,0.5069722672895439
02/05/1993,0.6354271929663036,0.3264959652192525,0.5585911027339692
02/06/1993,0.6219949399311655,0.39006160189381694,0.5775915605142028
02/07/1993,0.5762514592123386,0.386107377782746,0.5386549942183467
02/08/1993,0.5741773561918997,0.23360132167410164,0.42767778469957823
02/09/1993,0.5501540293422561,0.1490927946038178,0.3960910614847213
02/10/1993,0.5076155103110029,0.2374675867141704,0.4368100669801974
02/11/1993,0.48539579756200535,0.32457348995648694,0.4466444423556726
02/12/1993,0.490582779374492,0.3742785268279762,0.4421564107459416
02/13/1993,0.48565946280906636,0.2743612498438067,0.369964295898273
02/14/1993,0.48218606664079955,0.16525295455214462,0.3583791308992056
02/15/1993,0.45491507511936513,0.20541842502170993,0.3998302560103826
02/16/1993,0.4320643927607639,0.3690450795387932,0.4967606127372759
02/17/1993,0.43002565544202875,0.5131766452714075,0.5107431113912309
02/18/1993,0.5050507632090026,0.4203710764330051,0.43658864167714634
02/19/1993,0.5273232310192594,0.232337893549459,0.3513918783456085
02/20/1993,0.48421610927975434,0.11767332121403418,0.3930121258066309
02/21/1993,0.41430831582782535,0.19555068555715516,0.4527612909921516
02/22/1993,0.38611572493649415,0.22414020208049334,0.4581974302857798
02/23/1993,0.4207839078814519,0.1781693154895566,0.4148182373488803
02/24/1993,0.47060313897634864,0.0548164655448411,0.3502640984531923
02/25/1993,0.48275202792734573,0.024935160261817968,0.36613437258800124
02/26/1993,0.42815864722048524,0.1784660158805903,0.43145073877300283
02/27/1993,0.43156090843480055,0.1417910173573661,0.3520167140138597
02/28/1993,0.49449109296365135,-0.05450861538776475,0.2573602170189666
03/01/1993,0.4737844746142351,-0.12397584772862147,0.23796247590683706
03/02/1993,0.40334080273405104,-0.12122457254117458,0.22475169941500195
03/03/1993,0.33963888283061294,-0.06246844157193465,0.25157215878575034
03/04/1993,0.3196107429950641,-0.008257175765294056,0.278213148829872
03/05/1993,0.3125589908322004,-0.18678637515547913,0.1942574546423833
03/06/1993,0.2788805706116747,-0.35205741804596924,0.19642427388520656
03/07/1993,0.19197878707489024,-0.3505927057454983,0.22875886035102255
03/08/1993,0.11900397284661235,-0.35476271729710696,0.251051198649077
03/09/1993,0.07521107199713684,-0.40580223067502186,0.2365656340418143
03/10/1993,0.031441136841929285,-0.4269423537272783,0.23747336822808696
03/11/1993,-0.04169671180376755,-0.4078926384765479,0.23275603949768175
03/12/1993,-0.07290298142758889,-0.4235735447950332,0.19064952470447105
03/13/1993,-0.1679861651427521,-0.4372780730288659,0.2352476726585767
03/14/1993,-0.3496537215532405,-0.7799879281610247,-0.07208699609869929
03/15/1993,-0.4624900839747498,-1.1967173379408471,-0.21239382714506716
03/16/1993,-0.5493964899995145,-1.1698036824625166,-0.1284835785026337
03/17/1993,-0.6209015731678571,-0.9341077807365429,-0.0456281939986245
03/18/1993,-0.5882215369787124,-0.8732552527633458,-0.11022858996696872
03/19/1993,-0.44795008471239206,-0.9446500100866675,-0.2334628687533019
03/20/1993,-0.4105925676083786,-0.9212807293765624,-0.23373006421245324
03/21/1993,-0.4357795140915718,-0.8232372507059862,-0.19996033177934125
03/22/1993,-0.4370377846695225,-0.7431333122825334,-0.21198372167724144
03/23/1993,-0.4042703981320749,-0.6654623992702797,-0.21502333884357283
03/24/1993,-0.3668604561445198,-0.6544553608373528,-0.22634930193026043
03/25/1993,-0.3360501429714453,-0.7019995287022438,-0.24912997695585176
03/26/1993,-0.32873942142232837,-0.7463853317673723,-0.25343959422482565
03/27/1993,-0.3274851129769335,-0.8062060141099355,-0.2731382091911039
03/28/1993,-0.3167124781066759,-0.9109373767777577,-0.3016452257766616
03/29/1993,-0.3369440807862747,-0.9575960821655545,-0.329261469102587
03/30/1993,-0.3850389404316612,-0.9557967965763248,-0.3418425407606277
03/31/1993,-0.4503260435353674,-0.919618666984213,-0.3563949346649614
04/01/1993,-0.5342904193913706,-0.8979065163821003,-0.3756506990251467
04/02/1993,-0.6111094193596514,-0.9116190889368476,-0.41042826757281103
04/03/1993,-0.629977865007795,-0.953723827923054,-0.44327557717026284
04/04/1993,-0.6020886340619155,-0.9265535175052437,-0.4344420587720618
04/05/1993,-0.6343063847663999,-0.8470224286790419,-0.418723824331318
04/06/1993,-0.6619931434013684,-0.8245881681602638,-0.45799912224341627
04/07/1993,-0.5937821699031143,-0.8207780959312416,-0.4739499810679566
04/08/1993,-0.5362084217263681,-0.7194318069905039,-0.43656099788704883
04/09/1993,-0.5162833707101119,-0.5463257716841647,-0.35577070764240293
04/10/1993,-0.5410717560072615,-0.4823603851061511,-0.3237619089277655
04/11/1993,-0.502740764945998,-0.5634686305725863,-0.34642686011896234
04/12/1993,-0.46895668785730016,-0.5647696967242739,-0.2835015788264044
04/13/1993,-0.4608986273979402,-0.49254602204092846,-0.21786713440233363
04/14/1993,-0.42488042115722185,-0.4139689779314263,-0.17147802620891273
04/15/1993,-0.3910351144459667,-0.2806263732020355,-0.09670712013713861
04/16/1993,-0.40434894374136604,-0.14227896779392418,-0.06976545912075799
04/17/1993,-0.34460989012255655,-0.19835076172053923,-0.13904646219604072
04/18/1993,-0.2768362920348363,-0.284091244243867,-0.1572973525173768
04/19/1993,-0.25779145811510806,-0.27553337858163207,-0.13954758048312776
04/20/1993,-0.2455235951281809,-0.22456415025577603,-0.11729569683546065
04/21/1993,-0.2171581378608749,-0.15755301937077726,-0.11922344005014435
04/22/1993,-0.17566782300925932,-0.20023835868679551,-0.1747898703054545
04/23/1993,-0.15603622660706234,-0.3348114509274565,-0.24843165746428547
04/24/1993,-0.2002865703347339,-0.3275652205976701,-0.22114095843126358
04/25/1993,-0.24480178996108254,-0.20641669073601565,-0.19556595045354808
04/26/1993,-0.23826339076915526,-0.1334719043364137,-0.22241193236701595
04/27/1993,-0.18117555412674935,-0.1454769083038687,-0.28677138579376305
04/28/1993,-0.13311580337818552,-0.19980008999123522,-0.36261578056215826
04/29/1993,-0.1306861356472212,-0.2057771378646293,-0.37856574670634807
04/30/1993,-0.1582809948187261,-0.18482684904237642,-0.38033187420139847
05/01/1993,-0.18612627544236238,-0.15040249884454995,-0.3742550338751249
05/02/1993,-0.20556974392095145,-0.0622540046378271,-0.35262396883413505
05/03/1993,-0.21637018709192934,0.03970823267059659,-0.35213080351743103
05/04/1993,-0.21649499426745317,0.0962099573835011,-0.3775430596368898
05/05/1993,-0.18312125470323493,0.11197899892599694,-0.41383749498020456
05/06/1993,-0.1326797486785084,0.12671601868484697,-0.43644056719262914
05/07/1993,-0.10568500584364293,0.13667882205858167,-0.43668057647750175
05/08/1993,-0.0927104524915911,0.13556923423168155,-0.4133095151298724
05/09/1993,-0.06657211727150403,0.16191497239711614,-0.35436254496749237
05/10/1993,-0.036550672027693965,0.20314470065165127,-0.27739020800116165
05/11/1993,-0.03479067807158698,0.23689990427196053,-0.1788431260086138
05/12/1993,-0.03328789255392811,0.2819856219741539,-0.06820586539747087
05/13/1993,-0.037376152996687007,0.3146283018840206,0.05090954568002015
05/14/1993,-0.0599081038029739,0.31899472404477064,0.1602869502833989
05/15/1993,-0.0748874962285554,0.31687448766643006,0.2661616800773479
05/16/1993,-0.08233832318724388,0.3514283103285787,0.38929220506124573
05/17/1993,-0.07423524849966773,0.39947574735070984,0.480490458382282
05/18/1993,-0.04865762840913729,0.43015003477916836,0.542871001779768
05/19/1993,-0.036057093033122656,0.45870631710077936,0.5873120785687425
05/20/1993,-0.04545314364492853,0.4513751810188787,0.5994708718451045
05/21/1993,-0.03740847372615025,0.38887996748472886,0.5834906357217922
05/22/1993,-0.03129086768627365,0.3025096205057123,0.5382836797693458
05/23/1993,-0.026399688418251355,0.24278576360245444,0.47541662558140363
05/24/1993,-0.04188825156373516,0.2839318191759629,0.4472293914428523
05/25/1993,-0.06763158417979848,0.35958906838255167,0.4220909041560298
05/26/1993,-0.05512096720097115,0.3901517922363095,0.4020664608621894
05/27/1993,0.0016111579852623459,0.38313033315071005,0.3859158039448847
05/28/1993,0.05105009772757574,0.41294563977164656,0.3842170332398401
05/29/1993,0.0877701517269599,0.4617834753616918,0.37443662444912723
05/30/1993,0.11494069585080502,0.4899714217337824,0.35315630163271994
05/31/1993,0.13262820587866914,0.4979365912260032,0.3376344568688607
06/01/1993,0.1408641587525336,0.5006258018353141,0.32605752887483225
06/02/1993,0.15548519830023444,0.44844916204284957,0.30652572340476514
06/03/1993,0.13366584437149254,0.4040519677495654,0.3088722960088692
06/04/1993,0.0877402889871357,0.4089861897878705,0.3168932318307751
06/05/1993,0.07104111091361098,0.43185249492909017,0.3262982685345352
06/06/1993,0.08241059702979353,0.44427204565306344,0.319137957722281
06/07/1993,0.1094528120825064,0.437735066070016,0.30696784363603136
06/08/1993,0.12883424383746422,0.4412521371212748,0.3022805008500931
06/09/1993,0.14253595857284718,0.4651814082587038,0.3041197469810431
06/10/1993,0.15454371489473162,0.5006332589795185,0.30907229698353117
06/11/1993,0.15638144735905407,0.5134844433022386,0.2901332312655132
06/12/1993,0.14971273802971435,0.4888305373882966,0.25037535847176473
06/13/1993,0.1333282560031248,0.45940223893622606,0.21150087403657541
06/14/1993,0.10485981997576188,0.426160227759536,0.1770395577909022
06/15/1993,0.07653365385630456,0.3812516612704305,0.12289967131043372
06/16/1993,0.06284217463002495,0.3441110903346815,0.07442846735462605
06/17/1993,0.08269443980376134,0.36396400460558165,0.05928763479447119
06/18/1993,0.11784453546409623,0.41179471470443785,0.05461761812258836
06/19/1993,0.1926502217975508,0.44575143737125883,0.057373809277964205
06/20/1993,0.291749944018918,0.46356960819264276,0.05999516512418801
06/21/1993,0.27696069726963285,0.45447606121883477,0.05297305746058534
06/22/1993,0.2374414333055791,0.41617358501141816,0.03845503174970444
06/23/1993,0.19002538235177302,0.3632699030179346,0.031798963605763286
06/24/1993,0.15331930587557474,0.3313535019793674,0.052856197487559875
06/25/1993,0.13429637374414327,0.3287781449339217,0.0835360386201135
06/26/1993,0.12785368940258507,0.32091972416738596,0.10851510131179731
06/27/1993,0.1199154834530542,0.3075972718180628,0.11864446696639686
06/28/1993,0.11630205524804882,0.26738394644671937,0.11952347307597033
06/29/1993,0.10864618792957287,0.22680322460858493,0.1308131608793629
06/30/1993,0.08085978899809304,0.18080456455931726,0.1484607615899729
07/01/1993,0.047169519066313725,0.13597779178576663,0.15262726596837295
07/02/1993,0.016384886382036223,0.11215943832865793,0.14435528408637144
07/03/1993,-0.005684008524934114,0.1395635037943016,0.14427056060593002
07/04/1993,-0.01501006146157452,0.1813060721864288,0.1504284725384869
07/05/1993,-0.014924472061075889,0.20883256399588856,0.1597706564303667
07/06/1993,0.01250823316692079,0.22841261725014061,0.16336803650959875
07/07/1993,0.039455430411105386,0.21356832030656775,0.17009827827530422
07/08/1993,0.029356027897723014,0.2017345957851111,0.18826002229083638
07/09/1993,0.01289531150583162,0.22121312618638778,0.20398227379315192
07/10/1993,0.007434942546948875,0.2403549694627523,0.21806718722901786
07/11/1993,-0.004560230335422466,0.2345499056474083,0.23582337033122858
07/12/1993,-0.012462850464775854,0.23710523996707683,0.24882250042747922
07/13/1993,-0.024990343193381226,0.23190725815111557,0.2574080565704233
07/14/1993,-0.037649613515900404,0.2498975891835622,0.26779800373430884
07/15/1993,-0.03867771354145633,0.2671769079391431,0.26444383847392583
07/16/1993,-0.034834041411229755,0.2569014916855659,0.2564449762024813
07/17/1993,-0.04100733742536883,0.24320876570358146,0.26353744330817475
07/18/1993,-0.043337181427758664,0.2367561634136094,0.2772039331184156
07/19/1993,-0.044939020259325835,0.23732637071566937,0.296473655753157
07/20/1993,-0.05539497801637444,0.243954597559285,0.3114794501222652
07/21/1993,-0.07061873863600776,0.24207944873926018,0.326610584927714
07/22/1993,-0.08213056803291813,0.26677152113928676,0.34936086824504153
07/23/1993,-0.08358012156595207,0.2804129278769096,0.36285003927677717
07/24/1993,-0.08441345342723106,0.2676770650598257,0.37654132125490525
07/25/1993,-0.0882166971308207,0.28288435464487094,0.4016695427177124
07/26/1993,-0.07904967979262156,0.32967769965202937,0.42259551201175627
07/27/1993,-0.04999451796920318,0.33549204085937506,0.4182108284406688
07/28/1993,-0.01560478489556999,0.2981235866428827,0.4105748407312847
07/29/1993,-0.002611374727463034,0.26523029971363854,0.4109835260258239
07/30/1993,-0.011154979857043501,0.21571034094081054,0.4065208546532978
07/31/1993,-0.03131152213654398,0.15518956780816806,0.39946409476158257
08/01/1993,-0.05946992129137135,0.09581754718891144,0.38777472961990417
08/02/1993,-0.10385428048412082,0.07216389679866098,0.3874400556416092
08/03/1993,-0.15054870970289141,0.08780164562903608,0.3915605058292551
08/04/1993,-0.1773701459248245,0.13604701991975326,0.39940822108698226
08/05/1993,-0.17887102374902691,0.18623113426807267,0.3930152907642366
08/06/1993,-0.15852173105793854,0.20083897515095364,0.4021500887803853
08/07/1993,-0.13822959579761593,0.23094082400585952,0.41256831768079316
08/08/1993,-0.12493895231495439,0.2486750285578619,0.421761992023628
08/09/1993,-0.10587548169765126,0.26048115577399655,0.43556790227390363
08/10/1993,-0.08273739798305721,0.2916281791708285,0.4503671222948653
08/11/1993,-0.056286641273622484,0.3213488916239563,0.46817654160700944
08/12/1993,-0.023102900640042542,0.325183390404071,0.49037096910127626
08/13/1993,0.0011713612715047866,0.3064533341536924,0.512172536089014
08/14/1993,0.007761231500249682,0.28715354034261886,0.5236866924239213
08/15/1993,-0.014931699284347011,0.23144338855104715,0.5221054309139707
08/16/1993,-0.06631879759278762,0.12926671430851744,0.5106187042116201
08/17/1993,-0.12955076455134393,0.04760710991237768,0.49680175718611164
08/18/1993,-0.17955034605038625,0.007397718624982563,0.47850351422987686
08/19/1993,-0.2043203881412538,-0.03026725982952716,0.4489232524059747
08/20/1993,-0.22378029213267314,-0.07260962922984751,0.4195158459588361
08/21/1993,-0.25479014270365336,-0.12098717699774619,0.4091241540106333
08/22/1993,-0.30574789992590756,-0.1911545588463561,0.4056945166843413
08/23/1993,-0.3520364306761243,-0.24255659512437597,0.4031137372176413
08/24/1993,-0.3781231848001549,-0.2661219341376006,0.3926315599431014
08/25/1993,-0.38422402514948667,-0.2556102379763414,0.3660685982767973
08/26/1993,-0.3418511452709412,-0.23886824462712064,0.34333945525319853
08/27/1993,-0.29704966156739093,-0.29919313560965616,0.3149963672409052
08/28/1993,-0.3321873939066912,-0.3785701492674297,0.30122876109289587
08/29/1993,-0.3640044556132102,-0.4754694554029483,0.2909587982832576
08/30/1993,-0.40398097902339586,-0.5382606647160805,0.291650341519442
08/31/1993,-0.43390307746200035,-0.5327655714853894,0.297338419553517
09/01/1993,-0.4498423698721854,-0.5124282951472784,0.2903262125265174
09/02/1993,-0.4569804818502192,-0.44414804052355716,0.3018370821746807
09/03/1993,-0.4484583749583986,-0.3588245708989257,0.3259503666565193
09/04/1993,-0.4280656088684238,-0.3346165669777581,0.32827194421084116
09/05/1993,-0.405389553833603,-0.3826223731712224,0.32224111749894324
09/06/1993,-0.3920351860523234,-0.39392599455983807,0.3260961170117592
09/07/1993,-0.39979417887650726,-0.34581919397243627,0.318116731402487
09/08/1993,-0.38826807846511313,-0.32534187598923936,0.28592201171688125
09/09/1993,-0.36337788837311213,-0.33805800966890187,0.2367340260168283
09/10/1993,-0.3662125740987251,-0.39957780525414793,0.18845823790479602
09/11/1993,-0.38647939573437823,-0.4761415965816831,0.15269348661975218
09/12/1993,-0.39096405286483793,-0.5107730440047534,0.10111433487450024
09/13/1993,-0.3731027226142712,-0.5296744384188035,0.06808646038817957
09/14/1993,-0.33718602767710043,-0.49105089398693563,0.05026263646131256
09/15/1993,-0.2991909374092293,-0.45101671622949047,0.03183479254888349
09/16/1993,-0.2230217271801891,-0.44027484679832485,-0.026650864754715734
09/17/1993,-0.131458714809303,-0.4549432255998962,-0.11164912843763407
09/18/1993,-0.02980602182436215,-0.4334516772873356,-0.1912222490257752
09/19/1993,0.060983494224132184,-0.4489910153012923,-0.2765213865628441
09/20/1993,0.12321465584807767,-0.5165168652893535,-0.3600147534820731
09/21/1993,0.15798838560196676,-0.5677782727455811,-0.4041887565410387
09/22/1993,0.15855867588519712,-0.6179485297235707,-0.4428768736650836
09/23/1993,0.10699830765024154,-0.7004210802732501,-0.4773658630015918
09/24/1993,0.010266656673149743,-0.758321577342211,-0.4688278623754486
09/25/1993,-0.06496701334922206,-0.7755213923713997,-0.4268150384425511
09/26/1993,-0.14321843429587233,-0.7447270860236324,-0.35713387111242617
09/27/1993,-0.20786381867109527,-0.6996982657445351,-0.28687083849996586
09/28/1993,-0.2108831471111221,-0.7142142721901342,-0.24193627178324928
09/29/1993,-0.15334201315513807,-0.7112590705316696,-0.19343021271743432
09/30/1993,-0.06335402184823857,-0.6762557640988202,-0.1438445784980713
10/01/1993,-0.0002656088220220898,-0.6408938688498177,-0.0563354484503652
10/02/1993,0.002928346941783122,-0.540535328568875,0.0916476626502487
10/03/1993,-0.011548331572503456,-0.4405115964473717,0.2155254422394136
10/04/1993,-0.015902972056848208,-0.38851780348207343,0.3100895468181346
10/05/1993,-0.041993688313434197,-0.3452286116385752,0.4107838496621985
10/06/1993,-0.04352556615624792,-0.29061066724331885,0.5258026694632028
10/07/1993,-0.01754091031837368,-0.18770765541181877,0.6498283499557271
10/08/1993,0.02154692143398318,-0.12741000942857672,0.724766065523718
10/09/1993,0.016579764605549885,-0.11460850025543379,0.7915499170504883
10/10/1993,-0.07663718130273844,-0.1250378155244246,0.8266277102302327
10/11/1993,-0.13940436810058188,-0.1473332674692075,0.8128596171656697
10/12/1993,-0.18984425992315934,-0.12011968212794732,0.7762760345418833
10/13/1993,-0.23560311224884667,-0.09472211691212007,0.7091040699449885
10/14/1993,-0.28594442768087447,-0.019292105091896605,0.6672189804548256
10/15/1993,-0.3228918273788899,0.11696271996086671,0.6255350686543333
10/16/1993,-0.32261561537873007,0.24440490337738086,0.5674086746150147
10/17/1993,-0.28448386822407334,0.37458203846883,0.5050892392450905
10/18/1993,-0.21503957090841297,0.3066952509577763,0.3729926734074728
10/19/1993,-0.14179375415055473,0.23019452240878469,0.3277433557148146
10/20/1993,-0.0763083976733836,0.2639827253601368,0.338276010005476
10/21/1993,-0.03654557261634683,0.3144639511231879,0.3511005805170251
10/22/1993,0.016655705479545757,0.30736063960435644,0.35327490639006087
10/23/1993,0.12757560639538634,0.27638753794871396,0.33861031879635184
10/24/1993,0.26988289775384966,0.27929553059978085,0.31626628619078945
10/25/1993,0.37273905181637956,0.2930721641334759,0.308062878390178
10/26/1993,0.43178792395571897,0.30579246676776783,0.2749748697094072
10/27/1993,0.4818189823967334,0.2908892172826181,0.22421195241460534
10/28/1993,0.44694451175395655,0.20535424660742096,0.14198444680731126
10/29/1993,0.3615365989365822,0.16536305018507114,0.09903605329178866
10/30/1993,0.16233796336137907,0.26853768996213034,0.15643755031095852
10/31/1993,-0.0441494919746408,0.2574102215861984,0.1509479313491211
11/01/1993,-0.10426058250321213,-0.14847567847413679,-0.11617919717654668
11/02/1993,-0.11175414913253023,-0.36761020240655995,-0.15377710813561096
11/03/1993,-0.17442877611148666,-0.26523987728541853,0.007542850268013268
11/04/1993,-0.24424606418363637,-0.1258169990172009,0.1341214342545074
11/05/1993,-0.33313790216968475,0.007446454291825999,0.20204605011514598
11/06/1993,-0.46576951907981945,0.11861239292465542,0.22956734471298645
11/07/1993,-0.5115583075181553,0.146409866785292,0.18759294661149806
11/08/1993,-0.49264360030377397,0.13435847585782934,0.11514580921853756
11/09/1993,-0.4673497863008018,0.21316469503683533,0.127553660312401
11/10/1993,-0.4090836187734117,0.2826927001670725,0.09412079298208131
11/11/1993,-0.29007007157803066,0.29285620053992156,0.02893309449654291
11/12/1993,-0.2033578467349415,0.28761447405914375,0.03680921321993669
11/13/1993,-0.1650837562995533,0.395270446478893,0.09061024635502357
11/14/1993,-0.12138822118901493,0.5340511882982082,0.1203660415967327
11/15/1993,-0.03802935457230028,0.6003690983606238,0.1120054814782363
11/16/1993,0.07275344921980742,0.6071839299623434,0.10270152053586146
11/17/1993,0.118050052747249,0.639878163987255,0.12724495521700607
11/18/1993,0.11549865949941895,0.635077289779554,0.07885924569285097
11/19/1993,0.12325926652575037,0.5223208068775269,-0.029654368943275555
11/20/1993,0.05427197185133936,0.4031286910924152,-0.13379109067318318
11/21/1993,0.02312645492671561,0.26916643878207114,-0.2832999953729407
11/22/1993,-0.0009198376171895006,0.17735161320467818,-0.40103171133237114
11/23/1993,-0.052973307923349644,0.15419500789854934,-0.5023611968214623
11/24/1993,-0.11771701188422945,0.11980759111571848,-0.6011852937570021
11/25/1993,-0.1829727847916054,0.049020033227118565,-0.7029743878969361
11/26/1993,-0.20787849323611884,-0.0021663917633766294,-0.7657093253931608
11/27/1993,-0.24804916114157582,0.06355659085753196,-0.7089651251458644
11/28/1993,-0.2849991655748785,0.171303340796488,-0.6114288819199551
11/29/1993,-0.27757930194839275,0.20695336365657135,-0.5264017278548179
11/30/1993,-0.24081346330613607,0.2898310661354234,-0.349234786158227
12/01/1993,-0.1725441217255027,0.47052941372380275,-0.12904174717933303
12/02/1993,-0.04236066249826387,0.6855505299393615,0.11010670979852688
12/03/1993,0.12682269115043698,0.8534817769097425,0.3472407118386669
12/04/1993,0.26452620459686327,0.9640689354605627,0.5232091084369521
12/05/1993,0.32408666875933434,0.9709577513276123,0.6116454899094816
12/06/1993,0.4021529333818017,0.9167550583009206,0.6427274429630928
12/07/1993,0.45176349216206557,0.9010265319513409,0.7127003138855953
12/08/1993,0.4836294201701118,0.9060705560342187,0.805208048126548
12/09/1993,0.5084342776664977,0.9321030941431013,0.8702144107720061
12/10/1993,0.5263014777430781,0.9733728678491824,0.9288263011922964
12/11/1993,0.5240326432447757,0.9980933008842525,0.930163211744767
12/12/1993,0.5818216672904185,0.8385505778132462,0.8066563408408058
12/13/1993,0.6125990360650128,0.7657233441907725,0.8338249049714688
12/14/1993,0.4680183244066731,0.9221025940246497,0.903566125343288
12/15/1993,0.30179739857212246,0.8759771625239214,0.8251798638561495
12/16/1993,0.2848218250663771,0.6513086155450039,0.6777682710610922
12/17/1993,0.27958527991052073,0.5843122227954,0.6718359232222962
12/18/1993,0.2585853903791109,0.6788553062332512,0.7276514518714879
12/19/1993,0.25872520229737095,0.8183536954262433,0.7696132712953239
12/20/1993,0.293767843455319,0.8944401708070719,0.7686163502268611
12/21/1993,0.24856464353425178,0.9224297688868794,0.7789130934469828
12/22/1993,0.28511836133909213,0.8482163872075934,0.7260590318571665
12/23/1993,0.3209616100783166,0.8252888395356275,0.7516523803584254
12/24/1993,0.3460733861021716,0.8116529522590704,0.6970771904784488
12/25/1993,0.36238082666239146,0.7269926987271941,0.6702852157261227
12/26/1993,0.32680531536202306,0.5531198106389665,0.5636367755274618
12/27/1993,0.3072808065980884,0.49356676344034023,0.5697952149529515
12/28/1993,0.25819970612387644,0.6150198031432551,0.5758392695645709
12/29/1993,0.2669935125871099,0.6542207184330339,0.5032878508762391
12/30/1993,0.3120653751512186,0.5744259285468402,0.43140468458224596
12/31/1993,0.3411347346162942,0.47349694609315446,0.374959694557538
01/01/1994,0.2888329776938342,0.4028567539613732,0.32177402330753585
01/02/1994,0.21226124414620218,0.4544152141146577,0.3461730466539622
01/03/1994,0.15329495312153568,0.4887644056937401,0.28487995022765134
01/04/1994,0.008913852233936322,0.35476504381538915,0.23414393507247516
01/05/1994,-0.08329234632193801,0.1609272081401953,0.13708572217370957
01/06/1994,-0.09080322893798082,0.14945054577545258,0.14051836215208874
01/07/1994,-0.1366794410974458,0.30076991775531287,0.19409452099186733
01/08/1994,-0.1588220756936611,0.37912324753870574,0.18337574284834102
01/09/1994,-0.04044004840406651,0.2363891036557178,0.06296067033477976
01/10/1994,0.05636523220303405,0.06548134051233684,-0.01134794904511166
01/11/1994,0.0540784580489877,0.11310037340761747,0.039102408398233174
01/12/1994,0.03945701495074827,0.15707532892949577,0.0805476499343821
01/13/1994,0.08676605163911849,0.11189724833098347,0.060402978828023465
01/14/1994,0.11985433422722111,0.0008907281746339257,0.04821286058666834
01/15/1994,0.07392180842447776,-0.17843151207865654,0.01901105465456373
01/16/1994,0.032105901661398706,-0.23570860363572768,0.07493313687637557
01/17/1994,0.04711955919630978,-0.06381009723133918,0.19246262016027116
01/18/1994,0.03761678781037192,0.09438881322357051,0.2496789671596853
01/19/1994,0.15796594054138147,-0.11355012983468327,0.12665065407579934
01/20/1994,0.21703682452825312,-0.30047067157244367,0.07927115761101906
01/21/1994,0.14512764052557248,-0.23954057755599373,0.10538696757499516
01/22/1994,0.1324956648939984,-0.2730839865373842,0.0721287815585138
01/23/1994,0.14488088771470015,-0.2941285172214245,0.07991981161404693
01/24/1994,0.13206603031652087,-0.21867272834367651,0.09606973815652037
01/25/1994,0.1299630184029803,-0.15648548899336823,0.09783817850520304
01/26/1994,0.14880405930094098,-0.15958865918248805,0.09542680542300166
01/27/1994,0.16955235341502473,-0.1652591420961419,0.11407497907623049
01/28/1994,0.17238905689332762,-0.1482074130329485,0.1434419714493661
01/29/1994,0.18069320980813797,-0.1415796559306965,0.15309387484613868
01/30/1994,0.2182917199562482,-0.17129989864245643,0.1682829121451635
01/31/1994,0.22043031768996357,-0.19851753550300977,0.1647788983152077
02/01/1994,0.197418361861753,-0.29854614119119466,0.14813085613772936
02/02/1994,0.14194810252190426,-0.37681996724819705,0.1754878163985109
02/03/1994,0.06348224949384584,-0.3654168781250846,0.1838219612939409
02/04/1994,0.012609568062310506,-0.3114508760297695,0.22495821370003044
02/05/1994,-0.012964126582080793,-0.18867210875339335,0.2378217781123007
02/06/1994,-0.015768069093966774,-0.1427103234014478,0.20241515395291526
02/07/1994,0.022306704061984317,-0.16908354143686072,0.15088108256531169
02/08/1994,0.05383665790381542,-0.20193766367961985,0.13025294389695125
02/09/1994,0.058111101890308325,-0.20950854401178193,0.14173179878167352
02/10/1994,0.07016086415456724,-0.25929831048237234,0.11445534205786656
02/11/1994,0.06831278612190683,-0.3274996485564099,0.08511533297711393
02/12/1994,0.07428790213540293,-0.41450203254493717,0.04041115894331837
02/13/1994,0.09371805344623729,-0.531172517953472,0.012039829770883304
02/14/1994,0.07795291143646521,-0.6349831875416623,0.0031902837027716346
02/15/1994,0.08646393903169391,-0.7385666784611618,0.007230514388101961
02/16/1994,0.05217380956816253,-0.6830317401995387,0.044108478645312976
02/17/1994,0.035860279063455014,-0.6104859403736675,0.049636401709419686
02/18/1994,0.057835843736878556,-0.5447948414480539,0.03820031432871113
02/19/1994,0.079789910172536,-0.5187663548584626,0.024475110497302
02/20/1994,0.08338488511202269,-0.5200338345023965,0.03301619492828978
02/21/1994,0.06905205402138481,-0.5023699737201264,0.0401726509844928
02/22/1994,0.07291025397098405,-0.5097651707809728,0.06237466626172966
02/23/1994,0.08549494081677445,-0.4814917901977315,0.12448752728351115
02/24/1994,0.09358906401967937,-0.4510778569220206,0.19181351981706818
02/25/1994,0.1426640378629912,-0.5151205159549346,0.20355827171679514
02/26/1994,0.15869280843341493,-0.5698789717366434,0.24736461220091605
02/27/1994,0.18037348772268313,-0.6148201265330956,0.28732970856488227
02/28/1994,0.19778801415469827,-0.6185896248515277,0.3603761590833763
03/01/1994,0.19521816764134747,-0.49429435628895235,0.46615005657421094
03/02/1994,0.17151533329181956,-0.33294371613109364,0.5811571903779155
03/03/1994,0.15252156685837903,-0.37842137428651157,0.5139703748261139
03/04/1994,0.17775363762901408,-0.7036879122082806,0.3862999616194589
03/05/1994,0.10657851205523183,-0.8030453162004688,0.46071290287109845
03/06/1994,0.01846919524906665,-0.6828568789756146,0.5172385993146734
03/07/1994,-0.009757147141816636,-0.5577176026115946,0.5409940812818884
03/08/1994,-0.0019367045765976698,-0.4270461821665482,0.5424833967158421
03/09/1994,0.028723047559326753,-0.34230836259142106,0.525524661200369
03/10/1994,0.013755724963479543,-0.2792658416468605,0.5278196206497221
03/11/1994,0.02864798715923056,-0.3850823655904877,0.4440773176421313
03/12/1994,0.07643915668145251,-0.5754202170566564,0.39647010653547676
03/13/1994,0.06620691266819434,-0.5287872300087122,0.4389137704661291
03/14/1994,0.04058266414729572,-0.48242968755493454,0.4488412686326074
03/15/1994,0.03662020141320699,-0.5297824358127083,0.38272554777103496
03/16/1994,0.017815370004440112,-0.6190658251624851,0.35112385187213646
03/17/1994,-0.01817282675080545,-0.7080694248104517,0.3091410138837065
03/18/1994,-0.04955078878539909,-0.7691475460752272,0.3032539898608385
03/19/1994,-0.10657680882264109,-0.7362523214628431,0.30580328205703255
03/20/1994,-0.1352542840287605,-0.7531868500549292,0.2664621286809691
03/21/1994,-0.13323062482559378,-0.7853130493316056,0.2310272633614363
03/22/1994,-0.13991866789435126,-0.8244967603438083,0.19898953368819605
03/23/1994,-0.13726502961471143,-0.8907569509357343,0.15012060006032202
03/24/1994,-0.1481370846630069,-0.940207564139237,0.12767808858165958
03/25/1994,-0.1750615363314061,-0.9397591960042855,0.11894106081396089
03/26/1994,-0.18236216911707148,-0.9473290194183721,0.08528948679801862
03/27/1994,-0.1846623338117045,-0.9202504260024981,0.08210902901836814
03/28/1994,-0.22927337834765193,-0.7935003477728216,0.10876697998913304
03/29/1994,-0.23560548984176344,-0.8354175425181913,0.07053632096781448
03/30/1994,-0.18025259033568908,-1.0268672718004237,-0.025101515765805105
03/31/1994,-0.18163423731907502,-1.0759394496150096,-0.042777844553117395
04/01/1994,-0.2209086194792983,-1.0956065224575278,-0.09236911888923349
04/02/1994,-0.24926281401795114,-1.1455963987505293,-0.11836539083914088
04/03/1994,-0.2849108910423612,-1.0685375000220099,-0.10167831418456547
04/04/1994,-0.32651911602393946,-0.9985037008746889,-0.11239047837822919
04/05/1994,-0.3152357329180362,-0.9883513568593049,-0.13231830931242622
04/06/1994,-0.2976598596435882,-0.9195367127127705,-0.10399181703935939
04/07/1994,-0.29953956136387516,-0.8373182922427269,-0.09252623063073862
04/08/1994,-0.24153239990915432,-0.8454259108045408,-0.13280579393599656
04/09/1994,-0.1914669662995675,-0.8282394246866429,-0.12460380630866641
04/10/1994,-0.1685278330002855,-0.7212904130244675,-0.06510893329360928
04/11/1994,-0.13681426366360283,-0.5882187903462553,-0.0010736445628602431
04/12/1994,-0.08234257178719395,-0.5282445025766309,0.03451821076903844
04/13/1994,-0.0613777544661912,-0.49536354635827384,0.08582245754303408
04/14/1994,-0.0552190596442505,-0.5092333648356774,0.138420603907207
04/15/1994,-0.05751412492753327,-0.5408321619923762,0.19891219510882968
04/16/1994,-0.08604947697140503,-0.5177497758222618,0.2783461387152088
04/17/1994,-0.11074853085396913,-0.4980988503392384,0.3082490639090641
04/18/1994,-0.11372783441789347,-0.5206282334848646,0.3104383218897642
04/19/1994,-0.1448088199428209,-0.5178834172412179,0.31044339393720655
04/20/1994,-0.1855771828816879,-0.4946191824443418,0.3085366692871167
04/21/1994,-0.21194407445201757,-0.4849092173614802,0.2941787985462068
04/22/1994,-0.23603960016157155,-0.4984769921398007,0.27201021820569554
04/23/1994,-0.25524570755091075,-0.5392933479912356,0.24087697660837143
04/24/1994,-0.2687672920006264,-0.5919428411874165,0.20629019819721583
04/25/1994,-0.27797991054963805,-0.6184263897264415,0.16280790067995188
04/26/1994,-0.28786157920448796,-0.6642305768497054,0.10436237341569732
04/27/1994,-0.29473367800504835,-0.7054287149973006,0.052892331554978966
04/28/1994,-0.29080823186123095,-0.7190062956266591,0.0196006700253909
04/29/1994,-0.28823933919460465,-0.6845710239420466,0.013991959389658526
04/30/1994,-0.2828209394916939,-0.6388997736256877,0.011968739953961527
05/01/1994,-0.2771275384402404,-0.6065855603668086,0.024953587164622537
05/02/1994,-0.27214611059732025,-0.5982231071133126,0.023627145318065423
05/03/1994,-0.2746426943447883,-0.6071060338016192,0.013109544864205402
05/04/1994,-0.3034478382666172,-0.6031193975362161,0.0036088696339136583
05/05/1994,-0.3281720590282019,-0.6810102082259737,-0.01910923661445557
05/06/1994,-0.35841079789360053,-0.7436177486645447,-0.03353357146502056
05/07/1994,-0.41697643660670614,-0.741940478395436,-0.03243857728725402
05/08/1994,-0.4889617816018585,-0.711837866210807,-0.050053595165111486
05/09/1994,-0.5501368514674662,-0.7478719613562167,-0.10622623653046653
05/10/1994,-0.580737575165589,-0.8305880728047647,-0.1624141346145258
05/11/1994,-0.6120198957226424,-0.8958852935940157,-0.21319194344061104
05/12/1994,-0.6533657027951874,-0.9540141436850866,-0.2608858256939195
05/13/1994,-0.6936112843550872,-0.9968093437633476,-0.3022024806833672
05/14/1994,-0.7282170637122776,-1.0056617959804603,-0.3303157035056693
05/15/1994,-0.7664264393159107,-0.9696290513414836,-0.34914261611068803
05/16/1994,-0.7952888507277469,-0.9359394353595634,-0.36527959878809546
05/17/1994,-0.7957511362124015,-0.9242875007472,-0.38959596804943697
05/18/1994,-0.7790718054880716,-0.9502555668534399,-0.4137710503572844
05/19/1994,-0.7687702975278944,-0.9833524866653475,-0.4293140759912548
05/20/1994,-0.762006570390033,-1.0272942079854985,-0.4706786111085341
05/21/1994,-0.7474074326306284,-1.0904249815894156,-0.5227856209749813
05/22/1994,-0.7695488565752239,-1.1310563180598612,-0.5155484990762964
05/23/1994,-0.824534084854633,-1.0944521330477361,-0.4979123003283261
05/24/1994,-0.8600419830966517,-1.027924366029542,-0.4712291514258819
05/25/1994,-0.8629645327803444,-0.941613734921826,-0.4556172270994835
05/26/1994,-0.8400241521430345,-0.8599736835100951,-0.4333031804383877
05/27/1994,-0.8039929589122717,-0.7920378080261727,-0.42034487017993344
05/28/1994,-0.748221100574774,-0.7727634976842696,-0.40913816107266027
05/29/1994,-0.6762698739433021,-0.7605827517278261,-0.3791081506581451
05/30/1994,-0.6051187779697431,-0.7369968028121189,-0.3401405840083376
05/31/1994,-0.5388575038669483,-0.6913030049101352,-0.3039079464910353
06/01/1994,-0.4745853303666879,-0.6453201399143377,-0.26981624048642255
06/02/1994,-0.4344219630573348,-0.5855858899833323,-0.23683835609967385
06/03/1994,-0.41193752115530546,-0.5253016903467257,-0.20375724540341872
06/04/1994,-0.381916479462034,-0.46774774497138416,-0.1739183091600689
06/05/1994,-0.36608786995853826,-0.43873317122843913,-0.1392111406308712
06/06/1994,-0.36238907247150326,-0.4015732821789654,-0.10770455576557098
06/07/1994,-0.35987708043076233,-0.36180544777670065,-0.0783369141703637
06/08/1994,-0.34587820575364525,-0.3235825340133473,-0.06766301350258747
06/09/1994,-0.3299815796412624,-0.3195319542043389,-0.09941577526244777
06/10/1994,-0.3043552033084437,-0.3449950483408831,-0.14763171321468466
06/11/1994,-0.2944315287112132,-0.3930859364394771,-0.18483100182132722
06/12/1994,-0.2951256723232433,-0.4430614856207784,-0.21613831608680156
06/13/1994,-0.2988455278110822,-0.44535253170375116,-0.22114763244424135
06/14/1994,-0.2912752865795193,-0.3981109359969812,-0.19496470914853592
06/15/1994,-0.2705712729653991,-0.33421859420156136,-0.17409802194496887
06/16/1994,-0.2434613714815077,-0.27966993665795875,-0.1451015324932421
06/17/1994,-0.2224396168482149,-0.23651056958480798,-0.11867381189988302
06/18/1994,-0.2035606788860791,-0.21146507552366645,-0.10789688780450368
06/19/1994,-0.18649217869732365,-0.19948749270852056,-0.10637929063402185
06/20/1994,-0.17605331680853048,-0.19606824529697403,-0.10148159989664485
06/21/1994,-0.1890156902716102,-0.21684989696841694,-0.08602155295879577
06/22/1994,-0.20901561825590187,-0.24728731731248516,-0.061683881098205995
06/23/1994,-0.23224527125623662,-0.23184310192538005,-0.01760580060042749
06/24/1994,-0.26894408382275137,-0.15914205257766145,0.041588076831337695
06/25/1994,-0.30094277995784935,-0.0844736089489409,0.08046406259256467
06/26/1994,-0.30468813250241283,-0.06640970467486401,0.10389387853774545
06/27/1994,-0.29201862667079054,-0.01495928503602767,0.16157989713011656
06/28/1994,-0.269552197797328,0.04718356375508437,0.21483067398251332
06/29/1994,-0.23060524186919878,0.07781269729462581,0.266080751289845
06/30/1994,-0.19154914386370409,0.13562153607932048,0.3493416967071741
07/01/1994,-0.14599984432655155,0.2110280021135157,0.4233782920387479
07/02/1994,-0.08670110103127587,0.2858687233886412,0.4872768383705105
07/03/1994,-0.01805465981594878,0.42013407631614574,0.574825652117388
07/04/1994,0.04738670965256658,0.5135042742778728,0.6213925254294926
07/05/1994,0.09886809204127839,0.4843612849886789,0.6578097043208604
07/06/1994,0.11136862025665722,0.4717467328796652,0.6707440745153971
07/07/1994,0.1055023161428103,0.4489269321337928,0.6636609805533735
07/08/1994,0.07840294365933059,0.47100847560350534,0.6739412497634119
07/09/1994,0.07039378618790909,0.5282214474639592,0.6954119163761522
07/10/1994,0.10082923759744666,0.5592141608216807,0.6968109493656736
07/11/1994,0.12165119802795038,0.513512201163443,0.6918185127821131
07/12/1994,0.12205485862533588,0.49064513269250104,0.6976204075607481
07/13/1994,0.11520653262011293,0.480188278835857,0.699671543545556
07/14/1994,0.11964166309361252,0.4467389355632383,0.6942838118726966
07/15/1994,0.12630846472949442,0.41907563158059485,0.7005290847503636
07/16/1994,0.1396448561686195,0.40310148921366445,0.7130667802586969
07/17/1994,0.14008898187906133,0.35009704769692357,0.7013098554451116
07/18/1994,0.11928096228533447,0.28642466229667274,0.6899634418631503
07/19/1994,0.08502784941206998,0.2551548602500004,0.6717205045122047
07/20/1994,0.049090096474094846,0.24416567198902578,0.6554280331484695
07/21/1994,0.004320383203825218,0.2571293006515088,0.6495713602574825
07/22/1994,-0.047572730793041196,0.25647647758649944,0.6457889518876301
07/23/1994,-0.10344107439556594,0.24932266887070215,0.6393468024165275
07/24/1994,-0.1496242050824993,0.2390825419373328,0.6318346943938241
07/25/1994,-0.18109689143432472,0.22388370769689558,0.6228875215565812
07/26/1994,-0.21949758667945207,0.19773103323336233,0.6162952800576272
07/27/1994,-0.2662679567722177,0.19270985032446414,0.6249539954128501
07/28/1994,-0.32025700220499104,0.18336610735497466,0.6412690678199754
07/29/1994,-0.300199439866576,0.1642768751117324,0.6366724943950255
07/30/1994,-0.25223709154335394,0.13127954046966228,0.640085941745891
07/31/1994,-0.2294155015099083,0.11586803082524488,0.6649956188285939
08/01/1994,-0.2228984171236778,0.10737763176686965,0.6752487830171121
08/02/1994,-0.19613278093524344,0.11803066136196982,0.6861498302574497
08/03/1994,-0.1758479095846101,0.17671597882011164,0.6794161800758625
08/04/1994,-0.15838613105322222,0.19098601694233502,0.6708140281936923
08/05/1994,-0.12367762974085944,0.2031973548053145,0.6473700105156837
08/06/1994,-0.11898811568267265,0.14962006369132544,0.6231752486637674
08/07/1994,-0.1406511121210888,0.10828922360751042,0.6101231258158598
08/08/1994,-0.16552989273878377,0.11472092240664328,0.6069884381923087
08/09/1994,-0.17510317540966325,0.11915997832629066,0.6072314095528821
08/10/1994,-0.15098930649382078,0.13237955731620576,0.624134230817377
08/11/1994,-0.1252588874949827,0.1850792541210006,0.6457839609929488
08/12/1994,-0.08913447408990498,0.28235270925546113,0.6484929618189403
08/13/1994,-0.013670229964604722,0.38524521062386957,0.5993652726188573
08/14/1994,0.08140132415778037,0.45667161677180546,0.5146266166121184
08/15/1994,0.14895520732068557,0.45555374975330953,0.44715617216746006
08/16/1994,0.1770994455202604,0.42174628740590403,0.3955631027240334
08/17/1994,0.18418454563214506,0.31076178637614105,0.29031917332612434
08/18/1994,0.13970795679822354,0.1588488374612032,0.1599583026989167
08/19/1994,0.06663049398759709,0.06285765882374317,0.04126622498897231
08/20/1994,-0.006385005472210881,0.0071743410077697856,-0.06914121100855813
08/21/1994,-0.07135242317687779,-0.016393111841605634,-0.16057979822549895
08/22/1994,-0.1557653271128239,-0.04118189224559396,-0.2656437713802269
08/23/1994,-0.22410466636861964,-0.07376902523879367,-0.390202625499661
08/24/1994,-0.26796499684437575,-0.0881594345863514,-0.5062424687385629
08/25/1994,-0.2810089242025749,-0.07617509923904975,-0.6029526986065541
08/26/1994,-0.2675669859545211,-0.018633249703914112,-0.660576716491017
08/27/1994,-0.23140713347491232,0.05368402094683551,-0.698398730794178
08/28/1994,-0.2011660466791107,0.10096560338748493,-0.7353233578878409
08/29/1994,-0.19611392411919,0.07489055368487503,-0.7688427340593038
08/30/1994,-0.21061349495490717,0.030999505714705333,-0.7608977166434847
08/31/1994,-0.2167801874147895,0.03462667239888859,-0.7232231163271285
09/01/1994,-0.22422796940122927,0.01901023808304873,-0.7140813797500825
09/02/1994,-0.2464399046307684,-0.0202954882492756,-0.7238622754573512
09/03/1994,-0.27799763008690404,-0.06039631056318576,-0.7160689731245584
09/04/1994,-0.2975224690285514,-0.0710782292523686,-0.7008365596758236
09/05/1994,-0.2854105599814134,-0.06622210171635509,-0.7127068548937892
09/06/1994,-0.25430440757746603,-0.05502340880562757,-0.7176760006355057
09/07/1994,-0.24544599634171763,-0.020838861575734075,-0.6771466897142949
09/08/1994,-0.23839083234248504,0.06706014124735557,-0.5614854240963287
09/09/1994,-0.2123033078037938,0.1851163049713347,-0.4196005370739912
09/10/1994,-0.16054971223389114,0.29752294799017126,-0.301714590296002
09/11/1994,-0.0842670676172173,0.3701549453569182,-0.2215884542313638
09/12/1994,0.007648831356071861,0.4159644757882332,-0.17817079488667736
09/13/1994,0.10141438587776602,0.49117247609480685,-0.1373222290113928
09/14/1994,0.2128406326597469,0.6643719899332119,-0.1045953501083612
09/15/1994,0.3636672427426747,0.8649664679982725,-0.1241011055427757
09/16/1994,0.4435483108216154,1.0191162665859443,-0.20874720682782827
09/17/1994,0.4042556221415256,0.9716196600344791,-0.3293326189826228
09/18/1994,0.31404303661693816,0.8996431867456012,-0.40377595194252197
09/19/1994,0.25884491708545465,0.8110338175400267,-0.48837879880700485
09/20/1994,0.23400117199175396,0.7235323920665617,-0.5982722943815165
09/21/1994,0.19207891131866978,0.6462963421249539,-0.6973903266103103
09/22/1994,0.15013717016051342,0.5223371735105797,-0.8004772968256175
09/23/1994,0.058689463184298574,0.4354137647894053,-0.8407588889498472
09/24/1994,-0.0630191412504959,0.41373050328136873,-0.8445130967359341
09/25/1994,-0.14641744576071203,0.4146577140224706,-0.8617492529581974
09/26/1994,-0.19077909606408483,0.41286018996336926,-0.8686975521874472
09/27/1994,-0.20608558454404347,0.3652890706875368,-0.8801094154695805
09/28/1994,-0.2231327332406925,0.3197526948612234,-0.8362982869726744
09/29/1994,-0.20729128349279902,0.4139495201938067,-0.696774985814866
09/30/1994,-0.12044614377701046,0.5575560912309542,-0.5600927615983933
10/01/1994,0.04454523694062895,0.8178306815344557,-0.4066167854255799
10/02/1994,0.22072314863501363,1.1586556994308883,-0.2924640278690809
10/03/1994,0.29713129746904576,1.2408353075204706,-0.22878191594568598
10/04/1994,0.3652450519740158,0.9510605483357258,-0.3344254821055006
10/05/1994,0.4382134827665125,0.6272072273170541,-0.43583222502120145
10/06/1994,0.4412324443424147,0.401082012358581,-0.4935537479456551
10/07/1994,0.37796059925340253,0.24744352724905727,-0.5577354362537139
10/08/1994,0.29250264616929567,0.1637248115699791,-0.6278029312932591
10/09/1994,0.16606112765025327,0.1089476835689267,-0.6872726469530126
10/10/1994,0.03020382122944687,0.036572576012344205,-0.7550744786892215
10/11/1994,-0.07619888170799172,-0.0219594883247628,-0.8262316524008155
10/12/1994,-0.14579491402599842,-0.04225789356474108,-0.8958890419725414
10/13/1994,-0.1862934850869038,-0.09186029194750678,-0.9327134454087868
10/14/1994,-0.19405134063229212,-0.142406811760591,-0.9671241223328171
10/15/1994,-0.18551455917544923,-0.17301750795147286,-0.9978227097527073
10/16/1994,-0.17103740373779885,-0.15558534709855143,-1.0433609718439476
10/17/1994,-0.10783185099628545,-0.09155102597490494,-1.0441912457217135
10/18/1994,-0.055023117514775066,0.08286946311208565,-0.959961011750374
10/19/1994,-0.004670722786151327,0.24704448195765405,-0.8626113387175043
10/20/1994,0.03330983966235079,0.3746553025249799,-0.7598897993761717
10/21/1994,0.059831768012153175,0.448043818363536,-0.6763716402890572
10/22/1994,0.06622804404182747,0.46163108740859315,-0.5975906112055556
10/23/1994,0.032789846450737015,0.48634699918299984,-0.5190258948012814
10/24/1994,0.016249960780545747,0.5076552309270288,-0.4990542008008201
10/25/1994,0.035388345052295156,0.5030897558619472,-0.49059483719818786
10/26/1994,0.04404989699825812,0.493220548455616,-0.5032239512895875
10/27/1994,0.07255678038597857,0.43997830037175367,-0.5695529821783021
10/28/1994,0.06723552630352159,0.3657264586180333,-0.6667922468824965
10/29/1994,0.0255793521807286,0.35934631393394567,-0.7141366447789874
10/30/1994,0.01381016759971665,0.4110890301384984,-0.7433269270193068
10/31/1994,0.015540262129589477,0.381896541852738,-0.7930135964236784
11/01/1994,-0.0608117198068181,0.2987298309977433,-0.8169330881169194
11/02/1994,-0.13036207754118623,0.1781206816609302,-0.8408247849901902
11/03/1994,-0.1781505322688799,0.1286735328000097,-0.829697402704884
11/04/1994,-0.19636016332028716,0.12979815235065661,-0.7901993404692105
11/05/1994,-0.19238654791677523,0.14983115371819333,-0.7287314815763013
11/06/1994,-0.21008858576401446,0.1943679199151911,-0.6560878733536981
11/07/1994,-0.19757965636016328,0.1544201158516334,-0.6123127361054275
11/08/1994,-0.17774969652525918,0.07917118932844591,-0.5732301759960574
11/09/1994,-0.20730566456652344,0.06437956213566598,-0.5267656768894824
11/10/1994,-0.269206354986135,0.04329181524584658,-0.5053536025687684
11/11/1994,-0.32567554865355497,0.010475565900817774,-0.5386860027833946
11/12/1994,-0.3455611984627247,-0.07828611694305976,-0.6411023265979727
11/13/1994,-0.34103523243172296,-0.16643883882208677,-0.7392868180631174
11/14/1994,-0.36559986729867666,-0.17744487905461237,-0.7910452362530933
11/15/1994,-0.36744424000366926,-0.26699226305273127,-0.8413733776413204
11/16/1994,-0.3644118512007737,-0.3979176374243967,-0.8777215361111226
11/17/1994,-0.40443470955002914,-0.4906321938729141,-1.00396654168157
11/18/1994,-0.5058128047369659,-0.654596298844627,-1.0356359189815119
11/19/1994,-0.6246100855303136,-0.6845013260666948,-0.9665056977325317
11/20/1994,-0.7019775106799417,-0.6172534455326477,-0.8835718790869063
11/21/1994,-0.7703433008391929,-0.5013378932188097,-0.8136528124436475
11/22/1994,-0.7928641723488923,-0.4048351075148433,-0.7504600922336617
11/23/1994,-0.760316097185723,-0.29493876236210215,-0.6560395063093067
11/24/1994,-0.6182429751986245,-0.23101007432839837,-0.596481577600475
11/25/1994,-0.5057944615306837,-0.15316183395003946,-0.46168850846176124
11/26/1994,-0.4551966713884561,-0.0075726607551306335,-0.3771325273156274
11/27/1994,-0.38765445450474734,0.06534106399656814,-0.32140062658463187
11/28/1994,-0.35670264183843625,0.20751269259238836,-0.2238322468661409
11/29/1994,-0.25884104935452257,0.2654034425279791,-0.20386943909279487
11/30/1994,-0.14155598248685686,0.20797544655670708,-0.19542711756956122
12/01/1994,0.00692992441556417,0.10699667151810388,-0.2541908853784034
12/02/1994,0.10595484304172664,0.015575136900360165,-0.2804978912426843
12/03/1994,0.11138303801679317,0.06604015658624207,-0.27680872739297024
12/04/1994,0.0581244190580652,0.11630530132039607,-0.29333524331378347
12/05/1994,0.02883758253933777,0.09508221019916652,-0.34176148864107914
12/06/1994,0.06481675443709145,0.006413947169682355,-0.4442709352466564
12/07/1994,0.09221548804705304,-0.0921330942464873,-0.4738796816889804
12/08/1994,0.08588898957407054,-0.13871088668378795,-0.47477532411415924
12/09/1994,0.09934640948822226,-0.1886471537432618,-0.46338869934008764
12/10/1994,0.11279957377852323,-0.17398564490918367,-0.41989301161758386
12/11/1994,0.07631409270103884,-0.19175666544083914,-0.38701413359686654
12/12/1994,0.16897230454605106,-0.36784138947400147,-0.49781771678766584
12/13/1994,0.18292282653141279,-0.47443275180275774,-0.4775330571719567
12/14/1994,0.18376558680071953,-0.5042958546078049,-0.4695046147198395
12/15/1994,0.20871260414577625,-0.5248089903702471,-0.43183796737386626
12/16/1994,0.2211389157485436,-0.4593540539169732,-0.34457014505517414
12/17/1994,0.20956945199750288,-0.3676309453415142,-0.24016318463765562
12/18/1994,0.23307553711647744,-0.3120798597203964,-0.17475759099409027
12/19/1994,0.30537865981721257,-0.2891738027159786,-0.11000430322771115
12/20/1994,0.3892408273278269,-0.21670691943978942,-0.0028284512480277746
12/21/1994,0.4483643196303079,-0.03399138498548851,0.15269577998665262
12/22/1994,0.5107860304810834,0.06169516637536926,0.16803803369474712
12/23/1994,0.5413157292844908,-0.12726276110710072,0.1570064928178707
12/24/1994,0.5511490819339984,-0.46366240430120864,0.021022872127616332
12/25/1994,0.4751346516795497,-0.7246556988964595,0.0875204572968663
12/26/1994,0.3808485903364628,-0.6708566311395019,0.26379768071969273
12/27/1994,0.3363519707212835,-0.5195975034899791,0.37943176016338237
12/28/1994,0.3469789972200962,-0.3693369285516931,0.5117026015510424
12/29/1994,0.3264944050394867,-0.17747177174788095,0.6353257237823318
12/30/1994,0.2653122180098442,0.017334142167357985,0.7290432427787172
12/31/1994,0.3052520183210604,0.13419299386412004,0.7597912522288641
01/01/1995,0.35787259421645745,0.13671002866523985,0.756114525840931
01/02/1995,0.375276481588831,0.1400783091384491,0.7708324307973337
01/03/1995,0.4233257400234058,0.09888498583987053,0.7558989029601513
01/04/1995,0.44627606267852277,0.14669068221092557,0.7584933972431334
01/05/1995,0.4397852090772702,0.1438715881135954,0.6574315129769857
01/06/1995,0.47161687197598384,0.09343780622862975,0.5609705438083974
01/07/1995,0.41222736649603664,0.2299048369440055,0.5834867825686479
01/08/1995,0.38208595668315826,0.10618300515538326,0.3852636213997479
01/09/1995,0.4184366518808978,-0.1591212234016232,0.2546063808965166
01/10/1995,0.4116428418847339,-0.24295338162086982,0.20491699287471649
01/11/1995,0.37120601405616327,-0.3053249944577856,0.1619746858161237
01/12/1995,0.3359526461444804,-0.34910964600829625,0.10979159523807266
01/13/1995,0.3226782547425822,-0.3394377299761755,0.06164130986790238
01/14/1995,0.2521396017402866,-0.2376459500663582,0.05951526988649496
01/15/1995,0.09080776404824126,-0.2508854930643771,-0.07547853060171288
01/16/1995,0.08282230599933205,-0.5866134648211208,-0.36777676982334306
01/17/1995,0.11869670150281902,-0.8956110976680658,-0.4937535249487718
01/18/1995,0.08770123200556457,-0.9358309407008801,-0.4910058548330942
01/19/1995,0.00026866945187797864,-0.8976279322279603,-0.4758137743056069
01/20/1995,-0.08332121150472183,-1.0105619186491017,-0.5557395036317901
01/21/1995,-0.13831517115031755,-1.2572874651112984,-0.657955420707909
01/22/1995,-0.20239378713791084,-1.3711710924238212,-0.7071010852441203
01/23/1995,-0.28538975176159415,-1.3284910376981847,-0.6997184564484695
01/24/1995,-0.3728981818164474,-1.3208386572388215,-0.7787648550540411
01/25/1995,-0.3746549473682512,-1.4587792079053015,-0.8970837923779057
01/26/1995,-0.40359832569260434,-1.4400679413096076,-0.8490649744773837
01/27/1995,-0.45465256817989186,-1.3533186892003073,-0.8381831198645615
01/28/1995,-0.5157419018993524,-1.232069986992106,-0.826398805994803
01/29/1995,-0.5699449024901699,-1.1317804399744649,-0.8764083010746441
01/30/1995,-0.5754552750293698,-1.191769231008799,-0.9648634694108926
01/31/1995,-0.5918747558935458,-1.3515263322962436,-1.0767826190038767
02/01/1995,-0.6260198639682323,-1.5025043784551917,-1.1428257892988651
02/02/1995,-0.6893073007825794,-1.5482328785006751,-1.1687015899779718
02/03/1995,-0.7400056483816317,-1.554871557089711,-1.2027300374069116
02/04/1995,-0.8253250001990907,-1.5426645643343777,-1.211213868566397
02/05/1995,-0.8866552902762386,-1.7025492004030047,-1.3953362915114176
02/06/1995,-0.9358453493957477,-1.9291787414367974,-1.4601545014850335
02/07/1995,-0.9562244681402489,-2.028935895332435,-1.5126499896090178
02/08/1995,-0.9949135185880902,-2.0173046880578953,-1.5126411439582848
02/09/1995,-0.9645023168972507,-2.0928010508462327,-1.6770145154972733
02/10/1995,-0.9566365666125225,-2.1310383504389554,-1.6605786472083142
02/11/1995,-1.0235838032573517,-2.0215231416879913,-1.6222807125497494
02/12/1995,-1.0632066696504747,-1.9689580845025576,-1.6399393500355894
02/13/1995,-0.9735139305918471,-1.971531973606231,-1.7028359844042043
02/14/1995,-0.8756751570565453,-1.9443281353983402,-1.7139337459324615
02/15/1995,-0.8279365958499301,-1.872907835888178,-1.716824285480431
02/16/1995,-0.8031033430702239,-1.792764321754543,-1.6833474333547083
02/17/1995,-0.7678830663026672,-1.6857587649752936,-1.637275307838107
02/18/1995,-0.6943942754344316,-1.6081702915729768,-1.6163218277587472
02/19/1995,-0.6233628138522288,-1.5726471575996954,-1.6073733970537425
02/20/1995,-0.5800463594426588,-1.5730271783657261,-1.627199462428099
02/21/1995,-0.5694990892047533,-1.665541918580187,-1.6986435111429101
02/22/1995,-0.5710355528491418,-1.8972375028234416,-1.7721453097923916
02/23/1995,-0.5963418402323839,-1.9982230891118693,-1.7203388897454401
02/24/1995,-0.6566228989103428,-1.8977076552142953,-1.663090365677074
02/25/1995,-0.6673468509111317,-1.8440496273028242,-1.6809138649929085
02/26/1995,-0.6238677656346903,-1.8126141239888875,-1.6965506626399527
02/27/1995,-0.6042524579996725,-1.6999886989282964,-1.6727020173053553
02/28/1995,-0.6152918764620573,-1.5458253952763161,-1.6367745547384338
03/01/1995,-0.5902116507530027,-1.4478322376496975,-1.6261246752873362
03/02/1995,-0.49356602941335725,-1.440401457680291,-1.6448883698930636
03/03/1995,-0.4096568299218468,-1.4661418753764712,-1.6668711915681254
03/04/1995,-0.3948194139128698,-1.408667551162864,-1.595105209858188
03/05/1995,-0.40680457140461446,-1.3097883438824431,-1.5221611741216061
03/06/1995,-0.4062276041943008,-1.1881059529570144,-1.4480353919078404
03/07/1995,-0.3781913341068811,-1.0338588004709965,-1.3804269877728137
03/08/1995,-0.3680246487128658,-0.8460392911918352,-1.279006570617212
03/09/1995,-0.31750536749351155,-0.8269521140670727,-1.2330286634538608
03/10/1995,-0.21549953110127407,-0.9410990901335616,-1.1999576562761092
03/11/1995,-0.20148741262922842,-0.8937088212840875,-1.0904993829483463
03/12/1995,-0.2104237458052508,-0.7258833835566579,-0.9527245585604986
03/13/1995,-0.1566633667819579,-0.5297755814423406,-0.8330328005882851
03/14/1995,-0.08032048307586437,-0.31044300280599035,-0.7250528464956237
03/15/1995,-0.04049609821855438,-0.13023618084067112,-0.6276688052692978
03/16/1995,-0.006564945301912317,-0.011987892897522667,-0.5569679940981784
03/17/1995,0.03609805072715577,0.01739707191342721,-0.500261002390904
03/18/1995,0.06935919969123161,0.057440820651227464,-0.4335516896733117
03/19/1995,0.08945289814602142,0.06840922285670575,-0.40448711305675145
03/20/1995,0.10332377392971703,0.0570280941425077,-0.4092507394361903
03/21/1995,0.10696728499302155,0.12842842964456497,-0.396047023234392
03/22/1995,0.11487122583322484,0.2435308009341836,-0.3978550255531087
03/23/1995,0.1343747132827623,0.3079886526179907,-0.3749243396524241
03/24/1995,0.1539493356862517,0.31224480299280144,-0.32789578829412597
03/25/1995,0.1721143927464006,0.30170844540976716,-0.25760248570254035
03/26/1995,0.1925497884477657,0.32294228186476953,-0.16829448302151173
03/27/1995,0.19418908410655467,0.40092187367291954,-0.05506317446756359
03/28/1995,0.20246051274136168,0.4517302742981947,0.025601491306085966
03/29/1995,0.23490799376128968,0.4434086298259712,0.06864536104261965
03/30/1995,0.2107900893400707,0.4332989148396585,0.11518204552835998
03/31/1995,0.162755982393881,0.4405319336934909,0.15306703437253766
04/01/1995,0.14118495879175208,0.4374611169410356,0.1770656500058443
04/02/1995,0.1443234446997672,0.41444572763341153,0.19389527148168328
04/03/1995,0.12940777657280167,0.3670995557547794,0.21215301921115665
04/04/1995,0.09593028783386492,0.3825275063470462,0.2424135440377329
04/05/1995,0.08277908940533929,0.43497559793205876,0.2546449690334372
04/06/1995,0.08964190654352633,0.47836977697111654,0.26691124913915415
04/07/1995,0.08837116258530431,0.46229922018857716,0.24235450540552983
04/08/1995,0.09481182917417263,0.38362699473455114,0.22678790489505896
04/09/1995,0.06806020719534189,0.35743650609096306,0.2172010048582821
04/10/1995,0.041415892973242,0.33682202362855684,0.20831745578413202
04/11/1995,0.042269952657619014,0.349650719083325,0.20329142195832756
04/12/1995,0.005050523210478497,0.40712927096923485,0.18157587689517246
04/13/1995,0.008902779961241225,0.395061791399948,0.1454648467872942
04/14/1995,0.016315709855754312,0.3184091015186795,0.08585575126388545
04/15/1995,0.008363269578146815,0.22233002252789263,0.05114164417379036
04/16/1995,-0.03236334422322201,0.24476328484626292,0.054369251706445076
04/17/1995,-0.06841467829448195,0.32479629232327534,0.046863960515499514
04/18/1995,-0.07175233473628106,0.3886294467064344,0.025968504658854086
04/19/1995,-0.05486488199350281,0.430155053304607,-0.005316654903395279
04/20/1995,-0.02530165004255469,0.4530840689183442,-0.00045195276256909667
04/21/1995,-0.011248516161263877,0.5017182129080557,0.031292653145006455
04/22/1995,0.018304773771881222,0.5108348946441952,0.040825383715118624
04/23/1995,0.05849928784549435,0.4798542184090086,0.0578165397578288
04/24/1995,0.05287357322521519,0.4669214165237424,0.07076766799710987
04/25/1995,0.0685422666563667,0.35596263383383087,-0.00477211989021864
04/26/1995,0.08750074076093062,0.1865265116760872,-0.09043859539109822
04/27/1995,0.05149310020702924,0.09996333586585252,-0.1268808099086307
04/28/1995,-0.008438483704893085,0.01752049645764797,-0.16122895863181996
04/29/1995,-0.0426612936013776,-0.1008382981421238,-0.20260156844862615
04/30/1995,-0.07348011802216231,-0.19765457749099666,-0.2346563402012577
05/01/1995,-0.10610868317448341,-0.2631739859469123,-0.25018325701256056
05/02/1995,-0.15044557014938437,-0.30288545138512096,-0.24398975959516367
05/03/1995,-0.1642314802015935,-0.3694919587999835,-0.2655944499894662
05/04/1995,-0.1632085896466186,-0.444268266790137,-0.2736021173352667
05/05/1995,-0.18341102662823572,-0.46898323908180983,-0.2665337120226294
05/06/1995,-0.20148634872326043,-0.49556924995654816,-0.3029086103265356
05/07/1995,-0.20367557370631295,-0.5353370843588146,-0.355551187826285
05/08/1995,-0.20461867131396966,-0.5490668024734616,-0.39315242604846773
05/09/1995,-0.2371376174655625,-0.5079656072005169,-0.40348637780861446
05/10/1995,-0.2633872592613535,-0.4536061379925381,-0.411087916171784
05/11/1995,-0.26053767885223733,-0.3977361567007903,-0.4388774206382617
05/12/1995,-0.23729037968746075,-0.3985638409897223,-0.4993482367335682
05/13/1995,-0.22020071143865888,-0.40883115420471605,-0.5330525600428908
05/14/1995,-0.21976175851238594,-0.38623888443355997,-0.5423351372332562
05/15/1995,-0.21707169062508302,-0.3964566986519921,-0.5518424669897877
05/16/1995,-0.21845231038891533,-0.444796960698874,-0.5678201062248147
05/17/1995,-0.24428501110597173,-0.49428861755433057,-0.5823964401930644
05/18/1995,-0.3078161924453641,-0.47095233617526844,-0.5781267095051608
05/19/1995,-0.39200362168972147,-0.3896813840427823,-0.5638885796602233
05/20/1995,-0.4675751001989367,-0.37161724489802056,-0.5747073785792713
05/21/1995,-0.47944807064107425,-0.4273906356211469,-0.6476990915617893
05/22/1995,-0.4823595043417658,-0.4886195438647798,-0.6802107939242183
05/23/1995,-0.49928789912096105,-0.5266839786343891,-0.6889532995031464
05/24/1995,-0.5116675089205402,-0.520113941002626,-0.6836194938386744
05/25/1995,-0.5000876629147462,-0.44727020771463366,-0.6724906102273237
05/26/1995,-0.4819535691867969,-0.4218830355265573,-0.6844635231090996
05/27/1995,-0.4722346781444745,-0.42988883764703806,-0.7059943644926729
05/28/1995,-0.4833827984472766,-0.4151370797527937,-0.7144578668860173
05/29/1995,-0.48984789818690977,-0.3894623084126732,-0.7257875224232366
05/30/1995,-0.47682139687467306,-0.3658531072992893,-0.7406807173391732
05/31/1995,-0.46410361172411824,-0.35931407259776305,-0.7688228305436959
06/01/1995,-0.4578216505559832,-0.38283396413371296,-0.8136958428926759
06/02/1995,-0.46024900704295313,-0.39197853676352856,-0.8527398554415049
06/03/1995,-0.45073185458329224,-0.3655786021878574,-0.8943707339139617
06/04/1995,-0.4156224441544891,-0.3272794141700136,-0.9593933676876072
06/05/1995,-0.37127209326617894,-0.2539170864126762,-0.9613218007007422
06/06/1995,-0.34570892762219646,-0.23515356108988772,-1.0838132882835567
06/07/1995,-0.3476146033225785,-0.4292020757682514,-1.2332263109985098
06/08/1995,-0.4035998665219288,-0.5655120954316537,-1.321294461826883
06/09/1995,-0.45514379924405834,-0.6522613475409542,-1.373637342187487
06/10/1995,-0.47174374057160817,-0.7449465451540228,-1.4185177800139237
06/11/1995,-0.49441443939019997,-0.8273576770199441,-1.4653673895385328
06/12/1995,-0.5416629801842618,-0.8959136698261867,-1.5026668206498388
06/13/1995,-0.5871454737641388,-0.9997238109553399,-1.5547427084331906
06/14/1995,-0.5793173637386987,-1.1348240117276243,-1.6719340687465305
06/15/1995,-0.5895467095253695,-1.2147988299927774,-1.7110876375200674
06/16/1995,-0.5989222157461382,-1.1650536889520693,-1.6998840527940182
06/17/1995,-0.5780336327904348,-1.059146328771566,-1.694832455849118
06/18/1995,-0.508906599570581,-0.9917508320128889,-1.7059244149551025
06/19/1995,-0.4575088622025045,-1.0253107406598012,-1.728971149301214
06/20/1995,-0.4903580594399552,-1.0803533312509719,-1.7385322021842358
06/21/1995,-0.5796822834844237,-1.0912566742770988,-1.7079733598154174
06/22/1995,-0.6447838267134051,-1.031334116775532,-1.6570963011650242
06/23/1995,-0.6563984881247158,-0.9756093442839052,-1.6752625897350581
06/24/1995,-0.6419617978001236,-0.9638251774766884,-1.6711238801766308
06/25/1995,-0.6422256831656615,-0.9250329371763388,-1.6402753224580278
06/26/1995,-0.6466707923433821,-0.8817132708616451,-1.6041864064769853
06/27/1995,-0.6455327431393858,-0.8941075729871331,-1.5847669164254343
06/28/1995,-0.6489730481635229,-0.9431644842072866,-1.5633727768644707
06/29/1995,-0.6823092575276986,-1.0002368272459488,-1.5611174605379077
06/30/1995,-0.72074454805987,-1.0727081143474542,-1.5587815595216168
07/01/1995,-0.7639178520876317,-1.1182014501210022,-1.5454655279013036
07/02/1995,-0.8266467382707696,-1.133523063011281,-1.5249150929997288
07/03/1995,-0.9002881813016614,-1.1101086871299262,-1.479075429561407
07/04/1995,-0.9588817016883151,-1.0466408153774027,-1.4495462533993222
07/05/1995,-0.9769679930206958,-0.9441027338705144,-1.414166815414217
07/06/1995,-0.965628479703577,-0.8434500180583882,-1.3541792639990118
07/07/1995,-0.9346740256155648,-0.7764678937028113,-1.3158441208004208
07/08/1995,-0.911837650957857,-0.7372359167651306,-1.2816877766232304
07/09/1995,-0.908058693659386,-0.6971540015412468,-1.2565535498562563
07/10/1995,-0.9057745242406323,-0.6832981578695185,-1.2525702072550151
07/11/1995,-0.9307684635073494,-0.6945112953272854,-1.2496945592383284
07/12/1995,-0.9511771148139612,-0.6664793030890943,-1.229512923050223
07/13/1995,-0.9388378233817792,-0.6201000350970839,-1.196983001893393
07/14/1995,-0.8867913968668306,-0.5319558859980065,-1.1423812750612052
07/15/1995,-0.825432197896585,-0.44871783317287534,-1.0935605055958257
07/16/1995,-0.7978040641488915,-0.40994661379870595,-1.0562000476097206
07/17/1995,-0.7865572940827217,-0.4126701155278188,-1.0397759464708212
07/18/1995,-0.7986377261878838,-0.4643928090065971,-1.0358494919536687
07/19/1995,-0.8345663808955466,-0.4893380132858505,-1.0499253974332814
07/20/1995,-0.8659593476728749,-0.4984883402474118,-1.0760596696499416
07/21/1995,-0.8827412169203093,-0.5002995455238335,-1.0750284209644043
07/22/1995,-0.9017312413396736,-0.4969820558359465,-1.0634857394346944
07/23/1995,-0.9021783753359435,-0.4569339032728302,-1.037020120502861
07/24/1995,-0.8789681661342602,-0.3944198413663209,-0.9949402643909974
07/25/1995,-0.8427048946576461,-0.32562204919133464,-0.9560616411651
07/26/1995,-0.807357536156985,-0.24777151882381215,-0.9028050213140523
07/27/1995,-0.7689549332184062,-0.14870230116037836,-0.8246176652393288
07/28/1995,-0.7154090596493403,-0.02562477837448668,-0.7124113160320936
07/29/1995,-0.6185925529999972,0.19524866938148555,-0.5958077857288797
07/30/1995,-0.4140069946638617,0.48484844990696563,-0.5059056636988936
07/31/1995,-0.21132010492330944,0.6092485295120897,-0.45222846967410485
08/01/1995,-0.10265792252276745,0.6089196518374093,-0.3715374698301465
08/02/1995,-0.006800398697716203,0.5709174577989496,-0.2868831721164319
08/03/1995,0.07868290469746714,0.519172275452221,-0.18729457561433
08/04/1995,0.11622697220934472,0.7149915976494305,-0.08919419898393288
08/05/1995,0.1819039418193123,0.8391719557300672,-0.015201710176895533
08/06/1995,0.3091029246984607,0.8789231730314693,0.08867280698854141
08/07/1995,0.43908736013757255,0.8675644157498823,0.18594928023275437
08/08/1995,0.5326514695679039,0.7677878263051752,0.29157117860590126
08/09/1995,0.5936143819096853,0.6971726634983246,0.40741045280082955
08/10/1995,0.6410454009198137,0.6556836967267897,0.5219934822857772
08/11/1995,0.6653133527684008,0.6360458065667086,0.6376304020760359
08/12/1995,0.6798687970104476,0.646850151599706,0.7424919396733307
08/13/1995,0.6652000284400066,0.6720919388346489,0.8206689487712774
08/14/1995,0.635449769157833,0.6977677083751745,0.8578307042268624
08/15/1995,0.609586141794988,0.6805031277549862,0.8377856887086065
08/16/1995,0.5710682701481439,0.6284116873029876,0.7937728144527196
08/17/1995,0.5082757697256347,0.6139509341857027,0.7459634923996701
08/18/1995,0.4353028631908036,0.6338639753515982,0.7156783377107225
08/19/1995,0.3694324094409978,0.656677963048052,0.710722663327007
08/20/1995,0.31103794952889185,0.677089399804504,0.7523194982170465
08/21/1995,0.251154057953295,0.7361970734693908,0.8073577051637416
08/22/1995,0.22468051898166116,0.8341430808062824,0.8516869128743807
08/23/1995,0.25994027032912986,0.9436695046323864,0.8751956093013472
08/24/1995,0.34941263410751705,1.0286492997292709,0.8799541636333466
08/25/1995,0.4333443223699253,1.077292662393312,0.8501922819347101
08/26/1995,0.5021663080693441,1.0900120255448742,0.8045002759414657
08/27/1995,0.534372172376164,1.093820571114454,0.7318731011525658
08/28/1995,0.5496532371722174,1.064668304433257,0.6432636208449964
08/29/1995,0.560851837978698,0.9506825083733771,0.5165497552091778
08/30/1995,0.5683582815388193,0.8505598956940884,0.3792351481178635
08/31/1995,0.5962690107224571,0.8178884441254872,0.26540761024322795
09/01/1995,0.6043357291751843,0.8461876604839175,0.1772239790387376
09/02/1995,0.5845826273745913,0.8643051739915242,0.11732488413088976
09/03/1995,0.567762164021151,0.865145658732712,0.10097430739168284
09/04/1995,0.5810036110245691,0.941944320743827,0.1551481157254325
09/05/1995,0.6352122980093333,1.0614260320817879,0.26215472362613146
09/06/1995,0.733058041963025,1.1638857254980304,0.36120337024594307
09/07/1995,0.8719561750616097,1.2636879745649192,0.4636998729864531
09/08/1995,0.9924130757863066,1.3340606333909768,0.5586933568132724
09/09/1995,1.0503056288881925,1.38488500522273,0.6560933039803685
09/10/1995,1.0650883454560436,1.454798256991707,0.7547094063944816
09/11/1995,1.0636616842444457,1.5469291597915287,0.8493518639620582
09/12/1995,1.0837992596486574,1.652471648365094,0.9266534376718292
09/13/1995,1.1171181897125162,1.7400614439332536,1.0137946211100366
09/14/1995,1.1673532612937747,1.7955312055801809,1.1110850526288059
09/15/1995,1.2317187650275794,1.8328894429219376,1.2027246958062767
09/16/1995,1.276254859222675,1.8689006381756967,1.2729550644332213
09/17/1995,1.2805916334241079,1.8647926324845514,1.3357471740481903
09/18/1995,1.2576259024757213,1.8608734041053372,1.4025303357765135
09/19/1995,1.239980985372835,1.869859321588393,1.448204812773803
09/20/1995,1.2237776608514577,1.8940788928907295,1.4595890841178585
09/21/1995,1.2070127407266282,1.8693598690797641,1.4266146487233695
09/22/1995,1.194891770135585,1.8010606486483447,1.3703184117059892
09/23/1995,1.1778785563705596,1.7455102676392769,1.313620427954965
09/24/1995,1.1918101481670367,1.7245342604771716,1.2628625827076085
09/25/1995,1.215052091115584,1.7127095784770345,1.2242784222678977
09/26/1995,1.2003671438372043,1.7160856684004737,1.1985168846735215
09/27/1995,1.148479606175046,1.7221534937930696,1.1587378715860437
09/28/1995,1.122831988409356,1.7293414761933295,1.095547869993485
09/29/1995,1.153678254266731,1.8141056600026886,1.0459037246348506
09/30/1995,1.2600427299622852,1.943441194717205,0.9983139613713883
10/01/1995,1.3815232916566174,2.0180179213439877,0.9549860569782037
10/02/1995,1.5106080662005401,2.0049367399043736,0.9013381185230493
10/03/1995,1.5834629525461694,2.0107251279011824,0.880702108037066
10/04/1995,1.5813758625356813,2.1934602153398886,0.9478979721214966
10/05/1995,1.5667814940099076,2.568104850141607,1.0279539516259424
10/06/1995,1.558736310481354,2.3173788100436785,0.8287689273804899
10/07/1995,1.52410000802891,1.9862776146004357,0.695789703559144
10/08/1995,1.4342001741713934,1.7398148297154914,0.5765881894043059
10/09/1995,1.2994560068804557,1.5095940572121054,0.452790588741077
10/10/1995,1.1473432812324424,1.3500038315453464,0.35089729445853257
10/11/1995,1.0452589726037438,1.3636892178184699,0.31743890458548885
10/12/1995,1.0984678081006258,1.3865081377992774,0.2807575734634362
10/13/1995,1.1673298186761507,1.3794921394570707,0.2473530284460176
10/14/1995,1.186665135610518,1.4054240354780396,0.23103519684508345
10/15/1995,1.213958542530022,1.3724842441534457,0.15815344585106694
10/16/1995,1.3393011195608615,1.18148370505356,-0.06904571369789836
10/17/1995,1.3990405767302065,1.078189398663218,-0.20479301755381907
10/18/1995,1.3829898676850796,1.160976852081903,-0.2832028944938375
10/19/1995,1.3884391940337761,1.200646040797067,-0.41262572037926515
10/20/1995,1.39735201121935,1.179803205312549,-0.5301489549007137
10/21/1995,1.3519769721418562,0.9767017762886361,-0.624302751129717
10/22/1995,1.2799000211745433,0.7207282553781804,-0.711959295164222
10/23/1995,1.1402162485510068,0.7492323376903702,-0.6558579870740646
10/24/1995,1.0168303046475955,0.9081238230734798,-0.5810038588478892
10/25/1995,1.0223803351987664,0.9678719890924892,-0.5273431794095664
10/26/1995,1.0532428164504974,0.9866882428837407,-0.47072083002997167
10/27/1995,1.008668715131991,1.0320798796513002,-0.39417101490359574
10/28/1995,0.9098718392462979,1.0888948631384285,-0.3062572166229234
10/29/1995,0.9609007314225062,1.0358494954050739,-0.3284213335616837
10/30/1995,1.0871664119661535,0.9588854844327219,-0.30214269058668775
10/31/1995,1.0820611674808471,1.0601959555942155,-0.20852604446979028
11/01/1995,1.001193455022541,1.1854251287123727,-0.15921316467357083
11/02/1995,0.9716115496876045,1.2334215400784956,-0.22207303684234292
11/03/1995,0.98236657507983,1.181021362112933,-0.3436814201012517
11/04/1995,0.9893990301896898,1.0193011529344647,-0.48101976437458926
11/05/1995,1.0658095636405427,0.7792932016109908,-0.6568316984534421
11/06/1995,0.9826948084129952,0.7016590458607139,-0.6765135553749815
11/07/1995,0.8207512614779433,0.7509589895207001,-0.6726519419123038
11/08/1995,0.6398648688500774,0.7527232793780785,-0.7181539692966279
11/09/1995,0.715170701045948,0.5925434108601888,-0.9465381620095172
11/10/1995,0.7391039994391735,0.498393383511307,-0.9684983014884245
11/11/1995,0.5739098162329075,0.6819989017033596,-0.8428862874385117
11/12/1995,0.4551417745103705,0.639534282112239,-0.86472437316782
11/13/1995,0.5270925609048924,0.4689428310619679,-0.9394652932951322
11/14/1995,0.4371370003866917,0.5046155776606878,-0.8845064537467799
11/15/1995,0.38260022681441264,0.44335449213340405,-0.9224486552860811
11/16/1995,0.32823562257626615,0.40165361328761295,-0.8113452126506198
11/17/1995,0.23012812106897096,0.5344175553703321,-0.6507519366278443
11/18/1995,0.21742420338236434,0.6786128884935412,-0.5277992579153898
11/19/1995,0.2911701660026371,0.7651684310065592,-0.4687679294599849
11/20/1995,0.33813908296017603,0.7674981133169834,-0.4334483416346746
11/21/1995,0.3455503986525319,0.7823867421020807,-0.3760317096259429
11/22/1995,0.3978756419029317,0.7369581132018583,-0.3999757500287966
11/23/1995,0.3962700243708701,0.7080930933666817,-0.3292277079519166
11/24/1995,0.30634597748105996,0.8534180370425629,-0.20795432328233354
11/25/1995,0.3001506329329757,0.869204224144963,-0.24415283606446092
11/26/1995,0.36788882863257366,0.7334282416983463,-0.32695969121856217
11/27/1995,0.3672362507259741,0.7490640528455828,-0.23650698829485428
11/28/1995,0.26759991634810265,0.8970952352553373,-0.18018981386564126
11/29/1995,0.2868054734412482,0.9433889516008515,-0.21028494936928843
11/30/1995,0.37303611574667506,0.8625014258593066,-0.3259818816248585
12/01/1995,0.42757787867106434,0.707066003867391,-0.38904256629588163
12/02/1995,0.39332942497219825,0.7168903509731562,-0.3559238412958112
12/03/1995,0.3524659341655684,0.7335408621911255,-0.3547828335036649
12/04/1995,0.3142411869550703,0.7392179802015868,-0.3542622791307857
12/05/1995,0.2773139280975546,0.7245229435774284,-0.36611853492143664
12/06/1995,0.23355111010637808,0.73286672461158,-0.3388394001565763
12/07/1995,0.1886666784240384,0.7803066686106324,-0.2899360171824904
12/08/1995,0.1900956141932123,0.8069442336004146,-0.28479401606401256
12/09/1995,0.22131087198810795,0.8409987799069446,-0.26407174019516455
12/10/1995,0.2579758596822428,0.7903468031569345,-0.29554245554097003
12/11/1995,0.3905360848335375,0.6211942873496143,-0.4616942492180084
12/12/1995,0.38410972594556936,0.6205842107490142,-0.3892957223277136
12/13/1995,0.30928679699820727,0.7803428974135731,-0.3291497607268563
12/14/1995,0.3208547199199201,0.8857203893319232,-0.3002486663433833
12/15/1995,0.4078875840087752,0.9290364738686911,-0.25884347369382266
12/16/1995,0.47718425520029595,0.9691426394906506,-0.16368078636440053
12/17/1995,0.5205916919130156,1.0058646121505919,-0.08817658396191452
12/18/1995,0.5991775828829664,1.0590071576292783,0.018806935978837536
12/19/1995,0.597296817256713,1.2006253721769107,0.16983867220203686
12/20/1995,0.4944171838901445,1.1550563493255792,0.14993879839332946
12/21/1995,0.516827665984451,0.945832839781162,0.047415028325781705
12/22/1995,0.5242083118359111,0.9173507178778899,0.11422253588181652
12/23/1995,0.5013688555195508,0.9891041814527084,0.1376881807701087
12/24/1995,0.4822761091450211,0.963828631557,0.08063446389981943
12/25/1995,0.4811332173345694,0.8781588451094319,0.07141311646615878
12/26/1995,0.4212187659773151,0.9003639892763788,0.10985826222962763
12/27/1995,0.32974523176666365,0.9529698552430834,0.150055942401008
12/28/1995,0.30444617160668963,1.0118880469839944,0.1987478007086549
12/29/1995,0.36169267698340946,1.0653832507940737,0.23382015665354144
12/30/1995,0.43969668476376494,1.1657678030032248,0.32043015470742936
12/31/1995,0.4857248520440479,1.3008970690226032,0.4198565268442092
01/01/1996,0.5133248910236269,1.32425388598935,0.4213176222076624
01/02/1996,0.5482941226700437,1.2973807457039364,0.46333949467318847
01/03/1996,0.48239927245588404,1.238252227265884,0.49951638024503
01/04/1996,0.43092478711273136,1.1249802619310696,0.4578629413055541
01/05/1996,0.4372547341084982,1.1083047957029701,0.5071261961896254
01/06/1996,0.45691087372069633,1.195184929500694,0.5127213543145952
01/07/1996,0.45126219340615126,1.1831595505014385,0.5127701676991584
01/08/1996,0.4268919598393477,0.9719396988642702,0.3175852440996857
01/09/1996,0.41309383321175935,0.6074202805139812,0.10793114875028004
01/10/1996,0.28354963472335626,0.5450343992830347,0.17247761871024098
01/11/1996,0.12422681835587568,0.6259622053468132,0.17043435454305553
01/12/1996,-0.018701904144926562,0.6790462093076177,0.16615606223907262
01/13/1996,-0.08771832783091166,0.6439111404212794,0.023860582832359797
01/14/1996,-0.12180547137375711,0.5375783119974735,-0.016953777154989864
01/15/1996,-0.22204903925230662,0.6690933879379344,0.08813076822415529
01/16/1996,-0.27643029912174977,0.8147072225546179,0.1317258275001095
01/17/1996,-0.2184009790738462,0.9389832904388133,0.1677384193112742
01/18/1996,-0.08948389812173074,1.068758326919978,0.19617653720440154
01/19/1996,-0.03839854555658839,1.0830793906982097,0.243250696413284
01/20/1996,0.036436233102022375,0.9746718320910057,0.25658239051609516
01/21/1996,0.11399288676763664,0.9497664383926205,0.34780137836706765
01/22/1996,0.13532937413427631,0.9486579074837962,0.37684380028041053
01/23/1996,0.18251962021877827,0.9279621597648715,0.42625694431042715
01/24/1996,0.19775798203061434,1.0157881178053716,0.5053997523937439
01/25/1996,0.20258595060979956,1.045369962966831,0.5335308288230324
01/26/1996,0.26765693405712,1.017136980141165,0.5624485189457278
01/27/1996,0.26936531023075716,1.0967032408522321,0.6361130288770929
01/28/1996,0.2921838186055451,1.0357264075697534,0.6401296846859236
01/29/1996,0.32626758699843816,0.9706734522914218,0.7081575268560661
01/30/1996,0.3124436698228159,1.0272227383177515,0.7808990053060763
01/31/1996,0.314639168182417,1.0107921834949547,0.8200200318232356
02/01/1996,0.34363680571094257,0.9607635535391656,0.83695998047499
02/02/1996,0.37828139929262083,0.9245238878279542,0.8636166330016115
02/03/1996,0.339357849295703,0.9246554741284292,0.8949672016876531
02/04/1996,0.2993301850264035,0.7776682331895185,0.8262287859593295
02/05/1996,0.27478554425429924,0.5178165862694728,0.7466878830165293
02/06/1996,0.18100234356816247,0.44246778098809364,0.802199413430343
02/07/1996,0.07111369770935572,0.5851225385800336,0.8483736696941999
02/08/1996,0.03308445239139246,0.7148923491884894,0.8642472305157503
02/09/1996,0.019389194464615733,0.8566780852511853,0.8439417552173507
02/10/1996,0.014650850791313674,0.8731338299547986,0.8114176770591689
02/11/1996,0.005190195406991727,0.8443624060870256,0.8032033947888446
02/12/1996,-0.003705122359793367,0.8169011496099303,0.7894573752747404
02/13/1996,0.013418737625516486,0.7541990150035484,0.7692728175873094
02/14/1996,-0.005113953974888563,0.7872217156794434,0.8302464967540254
02/15/1996,-0.06080741344874374,0.8756103064424552,0.826887300022584
02/16/1996,-0.08184817164374625,0.8460363881665653,0.7770275317831723
02/17/1996,-0.05701770703139308,0.6757982413420702,0.6895055795995393
02/18/1996,-0.07218130193443162,0.5231298895910719,0.6896466636711327
02/19/1996,-0.1425442637069846,0.5632356441893366,0.6869174963845197
02/20/1996,-0.20983899405157191,0.6538240337747532,0.6466686899749442
02/21/1996,-0.21720815705589924,0.6655140174378575,0.5524197827123467
02/22/1996,-0.200326977689671,0.6216031816125959,0.4586719937368368
02/23/1996,-0.20203040119761262,0.5958365171175241,0.3687484473784666
02/24/1996,-0.22458392361448765,0.5772832597742092,0.27919077823423855
02/25/1996,-0.24076186113837184,0.5425189929795742,0.19041659840219188
02/26/1996,-0.26533108180689147,0.4907329431339019,0.1285179806642855
02/27/1996,-0.3033088927744564,0.4661704019158689,0.08563787719549798
02/28/1996,-0.3584717199770552,0.4639956168212678,0.05681700231434306
02/29/1996,-0.39044224094730773,0.43424313810818815,0.024254011408199716
03/01/1996,-0.36505073102768537,0.38598296696440626,0.001241604679158681
03/02/1996,-0.3843144727711518,0.38394041406465795,0.004483251639127883
03/03/1996,-0.424675506471377,0.36331641933956704,-0.024921801377994157
03/04/1996,-0.43941247508276593,0.3183323419256917,-0.008173779001377723
03/05/1996,-0.4473572845865569,0.3784971685373706,0.09393217608623783
03/06/1996,-0.45547107170659473,0.4849474910206375,0.18703553100218884
03/07/1996,-0.43801747424520787,0.5025822278381443,0.21638718550386293
03/08/1996,-0.3978044702196628,0.3710513568442123,0.1948556948982203
03/09/1996,-0.33537483510376875,0.09833214337126672,0.11451835877817307
03/10/1996,-0.3700890228100754,-0.05848420080475358,0.1550277872734167
03/11/1996,-0.45070561677441023,-0.06544165762907983,0.15373997414016438
03/12/1996,-0.4625395528735885,-0.13282388419413338,0.08702936297842678
03/13/1996,-0.50446643603466,-0.12247818288849377,0.1366106149488021
03/14/1996,-0.5837701700391557,0.01715936718451805,0.1753870668510662
03/15/1996,-0.6172493096666596,0.13430511342127172,0.193542034611214
03/16/1996,-0.6081334698739811,0.21506387131054272,0.21333892556869527
03/17/1996,-0.5860018412015359,0.27518007969071945,0.2557918814902572
03/18/1996,-0.5616878112187782,0.33565241074487534,0.33686401526705867
03/19/1996,-0.5617127946657263,0.3466747744899033,0.40310864728637197
03/20/1996,-0.5610039031158506,0.16975326492882042,0.43929397274515436
03/21/1996,-0.5962487964662327,-0.0017683914637656728,0.48621426632289044
03/22/1996,-0.6396253432195721,-0.0361420683116096,0.5049524789622767
03/23/1996,-0.6610857572878389,0.06049506342336264,0.5378570418312332
03/24/1996,-0.6719158063937491,0.21092979497352338,0.5615644813650937
03/25/1996,-0.6718472028022667,0.40048047734367603,0.5805444480736707
03/26/1996,-0.6551800886533169,0.5536731778957641,0.5499997668613075
03/27/1996,-0.5739390552608148,0.6055492419309182,0.47957337374489345
03/28/1996,-0.5136768533989129,0.6705805303886874,0.40660852232561573
03/29/1996,-0.46356365408017375,0.6948608157627283,0.3506271174369425
03/30/1996,-0.3786730563662971,0.6855266437735943,0.3087493316950941
03/31/1996,-0.3120662696300146,0.7012048490792149,0.3045521921501553
04/01/1996,-0.27895447105146465,0.7408851354341759,0.31488890310410556
04/02/1996,-0.2108412301562761,0.7101332819624637,0.30012506568608427
04/03/1996,-0.15681039889959203,0.645821695996855,0.28748738997860973
04/04/1996,-0.16052819994833034,0.7036061669481267,0.2925162235746031
04/05/1996,-0.1467489301367917,0.7695259124842044,0.2626408497424411
04/06/1996,-0.09489628125298166,0.7660154178120908,0.21279134732705196
04/07/1996,-0.07179341649444759,0.7418792843200963,0.17530230279424752
04/08/1996,-0.05655237657449319,0.6931709799120436,0.14405540675788242
04/09/1996,-0.07371123539738522,0.6710431669176666,0.14358894069890366
04/10/1996,-0.09641524547857527,0.6437269430876819,0.10808679974212293
04/11/1996,-0.09048099812867227,0.579108204985622,0.0672969073116278
04/12/1996,-0.11089746364115716,0.6100960447766571,0.08016858699979956
04/13/1996,-0.15004619483836285,0.7170775860285116,0.0768612874577671
04/14/1996,-0.15535215068678165,0.7567138341303028,0.020497896532277682
04/15/1996,-0.12623748350219216,0.7509596198179533,-0.029883521642260213
04/16/1996,-0.12333852318177324,0.7438414527283855,-0.09329024167784422
04/17/1996,-0.09791230791587646,0.6398789979609338,-0.18914004941807677
04/18/1996,-0.09579843682421829,0.6027346690942474,-0.18151059450579787
04/19/1996,-0.11996029156768717,0.6532601679811509,-0.16738388739902438
04/20/1996,-0.11359116348330356,0.6673434839099277,-0.1719066523896255
04/21/1996,-0.08135264826931243,0.6528630603728898,-0.16789068637924626
04/22/1996,-0.044823987284248246,0.6365002657423053,-0.1581315801877829
04/23/1996,-0.03169670839670996,0.6263519145285429,-0.12898633772873347
04/24/1996,-0.031636946230653995,0.552532704573973,-0.16561418918257598
04/25/1996,-0.01111552089183443,0.3912755429481793,-0.25340970731694346
04/26/1996,-0.05390765309311252,0.2694426586322465,-0.2921041543561955
04/27/1996,-0.12241428239017449,0.18762375319497193,-0.3374081690084546
04/28/1996,-0.16386952503138097,0.08848096228990171,-0.39454908451832943
04/29/1996,-0.20223434096502896,0.03209056628101395,-0.40840790636750335
04/30/1996,-0.2608543856279585,0.047783333569017955,-0.41899785450605104
05/01/1996,-0.2820968824056263,-0.04391035745332045,-0.5614155499678839
05/02/1996,-0.29612976538718205,-0.22133490130096162,-0.6792422552317721
05/03/1996,-0.3426806406736062,-0.31111856520676473,-0.7363089565435081
05/04/1996,-0.40167840864024795,-0.32222131344325056,-0.7587887171385692
05/05/1996,-0.4329462013779265,-0.3056803106814995,-0.7580928322297772
05/06/1996,-0.43715963586033957,-0.2945762119385827,-0.7598901223843009
05/07/1996,-0.42837030513943825,-0.29816990955035816,-0.7694107611933183
05/08/1996,-0.4242561440894109,-0.3056464305853933,-0.7692521481257681
05/09/1996,-0.4205433690791977,-0.2970782893307514,-0.7821200542106475
05/10/1996,-0.41007394740874004,-0.29729648419579846,-0.8081139321541624
05/11/1996,-0.3995227517246915,-0.29932940739751923,-0.8393833886575388
05/12/1996,-0.40308437871516173,-0.3485053980542452,-0.9048948054988992
05/13/1996,-0.4038379176291245,-0.4778119849570112,-0.998293312999487
05/14/1996,-0.4300218907464347,-0.6125627568698013,-1.0582924286828594
05/15/1996,-0.47384311350640096,-0.6873775836520619,-1.083656601792583
05/16/1996,-0.5155159799469109,-0.6777137119408538,-1.017199430697338
05/17/1996,-0.5343305332550041,-0.6868820652273805,-0.9585199400287625
05/18/1996,-0.5449055017343915,-0.725237857079969,-0.9068213719985794
05/19/1996,-0.566818479387988,-0.7516687358682024,-0.8502660142215765
05/20/1996,-0.6029190099384831,-0.784391447963496,-0.8126358856171751
05/21/1996,-0.6422613720211817,-0.8189074564455892,-0.7780947962093563
05/22/1996,-0.681420962396508,-0.8179081991223012,-0.7755359685639744
05/23/1996,-0.7114094999282494,-0.9013551694204788,-0.8731099072464599
05/24/1996,-0.7368780146278324,-1.019154267181281,-0.9196687058590413
05/25/1996,-0.7826179000782261,-1.0715980136586458,-0.9341375529979401
05/26/1996,-0.8243202257080217,-1.1610078221538611,-0.9454128361866037
05/27/1996,-0.858286707639962,-1.2264897100180767,-0.9489848966050178
05/28/1996,-0.9078146853055536,-1.2513380888580237,-0.9503683076884224
05/29/1996,-0.9607929100130905,-1.2707028244131036,-0.9704756485256238
05/30/1996,-0.999343799431232,-1.3354666538799453,-1.001231529793399
05/31/1996,-1.0214758316542196,-1.3968449985960074,-1.0413911898971675
06/01/1996,-1.0222385421713218,-1.3782341979352164,-1.0756723064413896
06/02/1996,-1.0120930615237604,-1.2823237560952372,-1.0565973504283501
06/03/1996,-0.9802705702281882,-1.20415867516473,-1.0278858694663848
06/04/1996,-0.9520654692701748,-1.1680754333287866,-1.0224202311448434
06/05/1996,-0.9472359231752514,-1.1463278759711226,-1.0371982297193179
06/06/1996,-0.9448425749927221,-1.1123285242752319,-1.032581043493571
06/07/1996,-0.9475264795627175,-1.0438855042677915,-1.0084299012496403
06/08/1996,-0.9711104132491386,-0.9684313007671583,-0.9789572885606124
06/09/1996,-1.0071086253950097,-0.8947760892673998,-0.9344326650062009
06/10/1996,-1.0112696716802871,-0.860445687343005,-0.9124351952581347
06/11/1996,-0.9851333542128935,-0.8412033194140678,-0.8816802472470857
06/12/1996,-0.9564162209947933,-0.8112203151250557,-0.8580505926327666
06/13/1996,-0.9421074928772052,-0.8053405037146613,-0.8306826361731331
06/14/1996,-0.9465995606630004,-0.7883943490237371,-0.8122101176668521
06/15/1996,-0.9657426041091481,-0.7560864185556435,-0.8138209593574743
06/16/1996,-0.9875730740208973,-0.7374542446626464,-0.8387835074626947
06/17/1996,-1.0148211732208912,-0.7291658343921488,-0.8651188762162645
06/18/1996,-1.041550416488067,-0.7228346602455868,-0.9066132963243924
06/19/1996,-1.0606914054951075,-0.7606415593106488,-0.9446178231826402
06/20/1996,-1.1033183754670424,-0.8157589562145404,-0.9602953595147259
06/21/1996,-1.1435906647352847,-0.8505367867911526,-0.9724741163698148
06/22/1996,-1.1600551965140802,-0.8909734154649097,-0.9886144668867188
06/23/1996,-1.1667395342551683,-0.9456033382650295,-1.0154151655606407
06/24/1996,-1.1741971115137604,-1.0031061992666934,-1.058019917717996
06/25/1996,-1.2061615425395276,-1.0594144492539992,-1.1149246381226745
06/26/1996,-1.2451021150318748,-1.096161553077083,-1.1726782569633274
06/27/1996,-1.2759430980458433,-1.1263861218641575,-1.2439965594780045
06/28/1996,-1.3154257856565772,-1.159026218196503,-1.3162724645493853
06/29/1996,-1.34942403802179,-1.1784941206993458,-1.3797962880162662
06/30/1996,-1.3654000535309514,-1.187154037673595,-1.443356102731784
07/01/1996,-1.3685636696315702,-1.1461433263315,-1.4533728283568284
07/02/1996,-1.3617330998500208,-1.0735079233398426,-1.4492838248633133
07/03/1996,-1.3643739345716746,-1.0429205967819788,-1.4478754187301237
07/04/1996,-1.3813839566188093,-1.0345791057369904,-1.422924272587552
07/05/1996,-1.405782878960233,-0.9795239495642487,-1.3793812322301453
07/06/1996,-1.4025027101269145,-0.8812308033570309,-1.3321951633665388
07/07/1996,-1.366300741645688,-0.8234028813292964,-1.3209347311327813
07/08/1996,-1.3266041722497373,-0.8503958056633326,-1.3118540214305336
07/09/1996,-1.3370463726020727,-0.900867166857672,-1.2949893013864118
07/10/1996,-1.3456783552995093,-0.981712885617539,-1.3071990585954545
07/11/1996,-1.328076177867257,-1.0287951802831705,-1.3154140306642295
07/12/1996,-1.3107490017835444,-1.0617989151513663,-1.313001359137885
07/13/1996,-1.3116794792652824,-1.0593177999677055,-1.2871671492477867
07/14/1996,-1.3249569523258322,-1.0282983700697277,-1.256286576765743
07/15/1996,-1.3240926938187678,-0.9732060456113116,-1.219775057791988
07/16/1996,-1.2838665560575275,-0.9072289916284397,-1.1904548499844398
07/17/1996,-1.1907244137444475,-0.8247942552588193,-1.1205548542395567
07/18/1996,-1.0615952486413283,-0.6952537958728777,-1.036204717066735
07/19/1996,-0.9328238494334802,-0.6394103549683756,-0.990864751742217
07/20/1996,-0.844538107669323,-0.6592303873435743,-0.9569391248589872
07/21/1996,-0.7949108198849351,-0.7038647423096016,-0.9291407341653914
07/22/1996,-0.7813373975342662,-0.7617664724496525,-0.8923526060124393
07/23/1996,-0.7954225219673067,-0.7987330629265401,-0.8421060637234309
07/24/1996,-0.8193915896127733,-0.7728665783909481,-0.7818727411774626
07/25/1996,-0.8343141180988879,-0.6547180517706503,-0.7236737965715646
07/26/1996,-0.8368206438641612,-0.5376613215229715,-0.6328715281382763
07/27/1996,-0.8099042632065205,-0.39449389994644996,-0.5269117096764736
07/28/1996,-0.7342087846228595,-0.23153586354784494,-0.408468365172993
07/29/1996,-0.6575564143404163,-0.04779365061794816,-0.30082288217672837
07/30/1996,-0.5743584176427771,0.11221523204229333,-0.23017226398707985
07/31/1996,-0.5031550068449111,0.2644420856258326,-0.18672879806501735
08/01/1996,-0.4439293795698619,0.3384321640027049,-0.1618041888746503
08/02/1996,-0.40996777693079406,0.30826308341462544,-0.12604670076154084
08/03/1996,-0.398045940187123,0.262168478691115,-0.08636912862286694
08/04/1996,-0.36614615062029027,0.22400199260949202,-0.05657904634046251
08/05/1996,-0.31917583957907825,0.1977634729111102,-0.020503155377247895
08/06/1996,-0.28088131481189416,0.2494937409694345,0.029116238389874316
08/07/1996,-0.2317626474512215,0.3075104403090961,0.03447763599242598
08/08/1996,-0.18473433519175186,0.26593533471435804,0.023443376498119423
08/09/1996,-0.1840719986994099,0.17021061686742012,-0.01585918874101691
08/10/1996,-0.2539624761646164,0.017510087832770888,-0.06254503199788014
08/11/1996,-0.36203272329851394,-0.05872241839557352,-0.09301963780281303
08/12/1996,-0.4593720480132412,-0.09357981141624999,-0.09027099385402745
08/13/1996,-0.5381028503128008,-0.1488662564946457,-0.05086503999987099
08/14/1996,-0.598256974003306,-0.11901413389405383,0.010085956970694476
08/15/1996,-0.5951829094357443,-0.058948598863860835,0.06867285234119835
08/16/1996,-0.5367831299938154,-0.022820320574339276,0.14173959104945325
08/17/1996,-0.46416912663305143,0.008668439667100902,0.2412952395313846
08/18/1996,-0.3965446588123797,0.0687266349884349,0.3481464398985163
08/19/1996,-0.32303983598185926,0.14863657022725116,0.47944292068472744
08/20/1996,-0.22168430293864655,0.2644253510896273,0.6064548198281331
08/21/1996,-0.07187486033032478,0.45321381937389194,0.700808495302659
08/22/1996,0.11787493288539769,0.6282378086823419,0.7587969702279803
08/23/1996,0.30184470842961747,0.7001866846658982,0.786282719917363
08/24/1996,0.39543134331725843,0.6507348383913067,0.7514111358983442
08/25/1996,0.37818810574548234,0.5396323735607138,0.6829490858909444
08/26/1996,0.315103581479002,0.42278526539812905,0.5881932579189845
08/27/1996,0.2437213611063192,0.30017272784805604,0.4709367725165081
08/28/1996,0.17616828504449217,0.13607457043368795,0.34490179028646534
08/29/1996,0.0913794921254643,-0.028320991983763366,0.2591662537876396
08/30/1996,0.013780722458234196,-0.12607146947657213,0.2122308252203398
08/31/1996,-0.0726402856419586,-0.2279283672834088,0.15480985153900467
09/01/1996,-0.17522738155478315,-0.37055523398167534,0.08866288686520324
09/02/1996,-0.2857801248537295,-0.48956238910346794,0.05015687653244977
09/03/1996,-0.38505421759399416,-0.5680729060918464,0.010125234906071062
09/04/1996,-0.4709542419494377,-0.6512651004160093,-0.052803251920469946
09/05/1996,-0.5547849325180729,-0.7383050049962401,-0.11107478766933712
09/06/1996,-0.6439202949106883,-0.8158937719869138,-0.12101449932605124
09/07/1996,-0.7402111953272974,-0.8376831363262546,-0.11299307658759239
09/08/1996,-0.8290072450901537,-0.8499129115378952,-0.1025504612830887
09/09/1996,-0.9068284811631423,-0.8327395194606074,-0.0677868915863594
09/10/1996,-0.978436616464359,-0.7914805498059689,-0.02419593052473841
09/11/1996,-1.0330967297556695,-0.7524141567002113,-0.0034572617985644677
09/12/1996,-1.0708188364276883,-0.7499215915707254,0.024538046064850674
09/13/1996,-1.1110775517232854,-0.7672699623072798,0.061634148938371144
09/14/1996,-1.1502530273152485,-0.7847500954973223,0.10673479477647002
09/15/1996,-1.1956296072220702,-0.7281994589645611,0.1590356785842692
09/16/1996,-1.2580893251962604,-0.6427089962839023,0.22444289528301875
09/17/1996,-1.315368554852983,-0.5552587139017897,0.263753372916162
09/18/1996,-1.299936048545888,-0.6017312255551792,0.2606486712370787
09/19/1996,-1.2398828491763356,-0.6702414185781234,0.23422703710064463
09/20/1996,-1.2125146753480296,-0.7264439180401483,0.18836452916065172
09/21/1996,-1.2281271651951424,-0.7529783160821679,0.13158758377508112
09/22/1996,-1.2989066278094783,-0.781011658826792,0.07911287075741227
09/23/1996,-1.314290964856887,-0.832370537616705,0.01230686452741725
09/24/1996,-1.2804933504819584,-0.8549028566458778,-0.003803175433982675
09/25/1996,-1.2683611538486739,-0.8427665012486281,0.02031514051891542
09/26/1996,-1.217379623831077,-0.7794265753009878,0.05089629989647104
09/27/1996,-1.1620612829256343,-0.6497169503051984,0.08941829732275497
09/28/1996,-1.1014874666754566,-0.5013231275599993,0.12241983773876419
09/29/1996,-0.9964256521170517,-0.4741422479614271,0.10966469341257312
09/30/1996,-0.867038324728749,-0.44340947773275785,0.12732649585601796
10/01/1996,-0.777702874642038,-0.3288709722367442,0.2003914086271934
10/02/1996,-0.6813904026148426,-0.17087757362996692,0.26969071164963687
10/03/1996,-0.5142671377769885,-0.08320715869966955,0.34021136369568095
10/04/1996,-0.2518038843360537,-0.04421381037650485,0.3892850863110018
10/05/1996,0.09565030415711462,0.09607298098358763,0.4240845255272303
10/06/1996,0.5234792864694386,0.315167224593777,0.4798429226340535
10/07/1996,1.0196256328764361,0.5595253920008357,0.5729605198592129
10/08/1996,1.366707490968538,0.618978560441269,0.7384676765947975
10/09/1996,1.3943498957307177,0.39672172435901587,0.6703391238506834
10/10/1996,1.1973710816066436,0.13378734099932277,0.7148840355948551
10/11/1996,1.0131190774906074,0.03013368246310444,0.7777039806061765
10/12/1996,0.9404377545628002,0.012704574929068957,0.8280792717474058
10/13/1996,0.9093324826327525,0.10648638376376907,0.8781018729978338
10/14/1996,0.9019528273144346,0.22289739578462053,0.924473289889786
10/15/1996,0.9204505567636687,0.30527488242511824,0.9690631602624664
10/16/1996,0.9017167869360301,0.4364964287287768,1.0428016003573177
10/17/1996,0.8573041425191974,0.5613567961560437,1.1345611467362806
10/18/1996,0.8365464933699127,0.6069146039322364,1.2198944495849051
10/19/1996,0.8638648470499599,0.49199143897418907,1.243183952409698
10/20/1996,0.8921652226213872,0.30196743345895416,1.2998842084379711
10/21/1996,0.8009745039651495,0.33615033659406124,1.4256220092643999
10/22/1996,0.7271852880644729,0.42309300471128997,1.5294955525967315
10/23/1996,0.6041298520518026,0.526979478812605,1.6412999521884264
10/24/1996,0.5701278943589203,0.5389308148288634,1.7068591680048613
10/25/1996,0.6108002856425312,0.5533330264282714,1.7580330428714535
10/26/1996,0.6063604959946307,0.6483022240038063,1.8214524227374431
10/27/1996,0.6150404278332837,0.7341204487233992,1.8445763739337881
10/28/1996,0.6849627491045895,0.7213866410247964,1.854362625723157
10/29/1996,0.6898715011642285,0.6765668556540838,1.853693480648467
10/30/1996,0.6197252093442518,0.6093938401504282,1.8323137051258505
10/31/1996,0.5047352811326957,0.5615104015831083,1.8163694196747955
11/01/1996,0.41582055082521263,0.5278605961820535,1.7980346579769875
11/02/1996,0.3123505963941542,0.5137238471727612,1.7692793139487577
11/03/1996,0.2495962498407016,0.3888409321598685,1.660059061663266
11/04/1996,0.2815129151573188,0.21544665180710854,1.5224520611811192
11/05/1996,0.22264872241880118,0.3150194322161346,1.513341771298201
11/06/1996,0.16151734607055213,0.4019026780504167,1.433467736279531
11/07/1996,0.19562452039465406,0.36899019044279324,1.3117125071031328
11/08/1996,0.15332886541454283,0.3050627941978459,1.2359458566778976
11/09/1996,0.0960976582718589,0.05506684961982411,1.0608406008247961
11/10/1996,0.056388725554873176,-0.29208617166894646,0.9406954829641863
11/11/1996,-0.0726420099033469,-0.372312360283203,0.9519245090801975
11/12/1996,-0.19818361072231871,-0.33379873533124993,0.9847149711699361
11/13/1996,-0.1988875129200911,-0.21022493079095628,1.0824233799741527
11/14/1996,-0.13022716755440378,-0.013070779781294117,1.186144193813964
11/15/1996,-0.016680446126510207,0.18822930853490827,1.2930243657160736
11/16/1996,0.20040762149128222,0.5022635083205278,1.4302999383302906
11/17/1996,0.4708436394823783,0.8796706333848316,1.6474540499413064
11/18/1996,0.6615918167294841,1.1316888145484716,1.8491566762305507
11/19/1996,0.7898802026295759,1.225566274469059,2.0083852063044976
11/20/1996,0.8606001231963287,1.2475061321989027,2.109646726357896
11/21/1996,0.8845585884685683,1.2580009763886155,2.1868536353742423
11/22/1996,0.8634893249310052,1.2648862104777394,2.2415736017763543
11/23/1996,0.9003156594675712,1.202654286979881,2.2015311668330213
11/24/1996,0.9250597275783505,1.187507300442845,2.1759577819104843
11/25/1996,0.8415766407687115,1.251531639562438,2.1052717405415144
11/26/1996,0.6381338641837935,1.189193143491904,1.9730225669405161
11/27/1996,0.6386450526563887,0.9054465165542319,1.7437561220076894
11/28/1996,0.7029776486781287,0.6825069113948151,1.5949715462587657
11/29/1996,0.6929142722218804,0.7282702310191379,1.6005269395318078
11/30/1996,0.6646426221114848,0.8866154659099159,1.6216183387251628
12/01/1996,0.6497488557728176,1.057856569270966,1.6274156889492926
12/02/1996,0.6853283292057383,1.0228329465239876,1.5833393126594557
12/03/1996,0.7625392134329776,0.8464705466251623,1.521023650892826
12/04/1996,0.7920161956280037,0.7387337786902609,1.4885210376394125
12/05/1996,0.7957666108975041,0.711747783041388,1.4569020156264543
12/06/1996,0.7270383956685863,0.7840617655025703,1.386135795331548
12/07/1996,0.6586345250130999,0.7703606428936455,1.2679700744167586
12/08/1996,0.5953027343259644,0.6774291246511724,1.1440647434658957
12/09/1996,0.6010222561031631,0.4259459789047251,0.9265987212255005
12/10/1996,0.5475803885137038,0.24845561254801307,0.849487775346721
12/11/1996,0.4354411413036402,0.3461345132000012,0.8691288935832191
12/12/1996,0.34809644270803297,0.4749309609780313,0.838154508511725
12/13/1996,0.3288181731451927,0.5305332484081715,0.7749309908296796
12/14/1996,0.3596804342784478,0.4800267153289693,0.6951575040794643
12/15/1996,0.37485613569763043,0.4111537058175669,0.6635591354436823
12/16/1996,0.3288726891542597,0.45887203029432777,0.6797219652748435
12/17/1996,0.19849284756058383,0.543556181918261,0.7211898890071463
12/18/1996,0.1306037239597133,0.584151348303433,0.7448017711672323
12/19/1996,0.13337281437967458,0.5602029939229629,0.7313840957162162
12/20/1996,0.13319616930320077,0.3271111034658325,0.5578185917368135
12/21/1996,0.11828508697780776,0.22255166613839034,0.5386167939613933
12/22/1996,0.06799894791026806,0.36067465260834214,0.5554395580290892
12/23/1996,0.05695461346859648,0.5381311388689484,0.5839546087377908
12/24/1996,0.09930559155884888,0.7329894289466218,0.5614153631703559
12/25/1996,0.15589214506004379,0.8064017254418892,0.4807814137160043
12/26/1996,0.2520526619664221,0.7539289724351037,0.395176776617519
12/27/1996,0.25686008615457234,0.7492562789029654,0.3422342990967228
12/28/1996,0.23996507601080808,0.6876317897105148,0.2888697054997689
12/29/1996,0.2594728190842069,0.6470440804695407,0.2694560584468653
12/30/1996,0.2650700650483423,0.6485817201172651,0.27289072724421964
12/31/1996,0.13111215747881122,0.632543828099027,0.2990650202254752
01/01/1997,0.25014501686639934,0.5685770978530194,0.23674266437865915
01/02/1997,0.23703443029657878,0.5663319102710141,0.30691208728356345
01/03/1997,0.2200063218480514,0.6252063573471055,0.4155594416665913
01/04/1997,0.21667339795346924,0.7337448563604081,0.5387528194623716
01/05/1997,0.20559054277861438,0.8623394327859013,0.587823255390949
01/06/1997,0.2251534622164985,0.9181061884122167,0.5357655458256214
01/07/1997,0.2735954853839323,0.905183662119358,0.47950586812618845
01/08/1997,0.29747335060777647,0.9214187458157478,0.4439254959096922
01/09/1997,0.28125997400935737,0.9303703134613333,0.41847777603453346
01/10/1997,0.16984649409895072,0.8278782666084246,0.34528723879236084
01/11/1997,0.15457548137993982,0.6512899211119962,0.2848251871950298
01/12/1997,0.20643333973433142,0.6300579636224624,0.3064957736296715
01/13/1997,0.24014675879243957,0.6438978360877086,0.36611119906828604
01/14/1997,0.25087430606166183,0.7212728707563252,0.444954391165217
01/15/1997,0.28297554071986203,0.8547973241124787,0.4939393326621418
01/16/1997,0.2656777504526098,1.0013373712698563,0.4988768694042144
01/17/1997,0.27069505760700946,0.8493192002886762,0.37800312149654103
01/18/1997,0.2931873870877415,0.5555302662508764,0.38954815645626106
01/19/1997,0.22713493204522528,0.5250675973083221,0.4786635430637033
01/20/1997,0.19088152921359403,0.6453880318573484,0.6166794722986685
01/21/1997,0.21297096851159825,0.8479491995913568,0.7195974824696465
01/22/1997,0.26986550444622665,1.0270510137081075,0.8216821349580125
01/23/1997,0.31624824590389405,1.1887028755176567,0.9122139212454097
01/24/1997,0.39535695493922596,1.285060452421501,0.9972497586557636
01/25/1997,0.45206255584917954,1.3907854942338747,1.1056591325728995
01/26/1997,0.5334737041367192,1.4085124177946873,1.1750795155118385
01/27/1997,0.6202739396835355,1.3960057887647785,1.2680245819712772
01/28/1997,0.6516033289079045,1.473652744967306,1.3894532524452852
01/29/1997,0.6645515414157377,1.4964969722642714,1.4545861322420883
01/30/1997,0.7001209994580329,1.4667670411368134,1.4833796180670662
01/31/1997,0.7065344080423728,1.4213390581309735,1.5022037714782805
02/01/1997,0.682850540568139,1.3504725836926914,1.5486423422783413
02/02/1997,0.6625012845634644,1.3635934582778317,1.5852559514229716
02/03/1997,0.6832338035201435,1.4110335784298946,1.6105742326474553
02/04/1997,0.7329045280170067,1.4776274615455192,1.642076232381871
02/05/1997,0.7742604972258278,1.538700709243611,1.6591429822196297
02/06/1997,0.8285048800900146,1.5123384714126538,1.6104532744601012
02/07/1997,0.8758072398513034,1.4356823759064734,1.551008269815475
02/08/1997,0.8575491460489033,1.4078972327567216,1.520488786534794
02/09/1997,0.811639659313251,1.3317749983143186,1.469029659720167
02/10/1997,0.7988407971909421,1.2170941611840569,1.430478650182526
02/11/1997,0.7618741371263367,1.1227515398746384,1.391267381797309
02/12/1997,0.7308263161183605,1.0428100732465504,1.4066517537873513
02/13/1997,0.6767929168127959,1.161973065066901,1.4852882498069975
02/14/1997,0.5982349075163884,1.2920795040825954,1.533680492128255
02/15/1997,0.59079923204609,1.3395170993748111,1.515589391589476
02/16/1997,0.6325767648216347,1.25606202603805,1.4142790987278955
02/17/1997,0.637111865769358,1.173614489216174,1.3490746016212352
02/18/1997,0.6118199594598367,1.1761719960896677,1.3345868864658594
02/19/1997,0.5978104090366682,1.311733835190528,1.344286507684948
02/20/1997,0.6207830737170295,1.3897679757149366,1.2646008687963923
02/21/1997,0.6545179543264874,1.4285913363808602,1.1938049060153
02/22/1997,0.6524645424427282,1.4502982023925939,1.1254503022608706
02/23/1997,0.6818954465035763,1.322810923804834,1.0619683941940339
02/24/1997,0.7051650876936056,1.198836077572326,1.0599652600662006
02/25/1997,0.6673358566969071,1.1799898777689204,1.0754271329411271
02/26/1997,0.6191117141336664,1.1773047186789016,1.0481127373024617
02/27/1997,0.598283993936395,1.199824002385133,1.0228528049117316
02/28/1997,0.5702724504910414,1.2270186806363637,0.9482468012463272
03/01/1997,0.5727328614357291,1.1954409044058474,0.8796239876232654
03/02/1997,0.5928604581357224,1.1612754404189976,0.8406625074303805
03/03/1997,0.5908085503948826,1.1219518639147212,0.8057246621836126
03/04/1997,0.5959292765462902,1.0534554695444387,0.7797113481543025
03/05/1997,0.6105409243723754,0.9901544734125972,0.7690161448872784
03/06/1997,0.6023551951973104,0.9588955341350407,0.7713838172087365
03/07/1997,0.6047813410326651,0.8755536684677665,0.710663172344714
03/08/1997,0.5781018445409236,0.8163631441692437,0.7001548638817646
03/09/1997,0.5208791853323673,0.8485916883462891,0.6610969336347603
03/10/1997,0.49832349841714885,0.8417187262503816,0.6000816636790376
03/11/1997,0.49334533566494654,0.8255936794692508,0.5229233245889748
03/12/1997,0.49296225614500255,0.7561711312759415,0.43913310087717017
03/13/1997,0.49398786149450813,0.6861730324725241,0.3912732206552324
03/14/1997,0.46260938585013434,0.710262720286841,0.3739034464152108
03/15/1997,0.4548454770466711,0.6526654412703803,0.30123991519025894
03/16/1997,0.4807257967272296,0.4984851682115109,0.24605137275743671
03/17/1997,0.4636576634025973,0.4334700858309085,0.23818008262320545
03/18/1997,0.3891223926161166,0.4905460693651652,0.25436815096242793
03/19/1997,0.33920047625246164,0.5586451212565049,0.2514930710150566
03/20/1997,0.32268036455863647,0.5855487360131109,0.2063941293848991
03/21/1997,0.3336337900699883,0.5597258199893231,0.1463159303378414
03/22/1997,0.3553331060568342,0.48754917816036686,0.06674163303469627
03/23/1997,0.340170795178237,0.33115184328385094,0.023310461755627343
03/24/1997,0.31044526253812654,0.2799786297693073,0.009400189057219788
03/25/1997,0.29744088313266137,0.30303007172686036,0.007209632632379337
03/26/1997,0.28658940916181874,0.3877230310014252,0.020514830359360636
03/27/1997,0.25992972333285314,0.4288207619317891,-0.016451793287107996
03/28/1997,0.24405833747231487,0.37272330838299295,-0.04793143543640849
03/29/1997,0.20208948505527835,0.3516536465358109,-0.05977535600768413
03/30/1997,0.1612803268256453,0.3404336391105481,-0.07371821153884694
03/31/1997,0.14035755213343604,0.2997167509936091,-0.10400007954105128
04/01/1997,0.1644353583057251,0.2095160741891109,-0.16861248611773338
04/02/1997,0.14601092830878892,0.1857469261402112,-0.16694191599645647
04/03/1997,0.10203720013181128,0.3031716400313876,-0.15620946361303228
04/04/1997,0.1179966700689038,0.40015279860013436,-0.173699749700239
04/05/1997,0.15268921279180314,0.5237022353070057,-0.17418901968450323
04/06/1997,0.17192125747481724,0.6432512370958134,-0.16889769748939004
04/07/1997,0.22098214373571112,0.6661823665457038,-0.20282088978985136
04/08/1997,0.30116844276713883,0.595590279783516,-0.26256311641447216
04/09/1997,0.34471451743291326,0.5202020162272947,-0.296094381465135
04/10/1997,0.34574327781389624,0.49772735795094136,-0.31623775412735117
04/11/1997,0.33758282557708286,0.518667195027776,-0.3142580325704984
04/12/1997,0.3093597482769186,0.6279574563815418,-0.31637165617976987
04/13/1997,0.2928379490081151,0.5852513310100275,-0.40068876417966315
04/14/1997,0.3285534923452192,0.4085948142976922,-0.4655575323221618
04/15/1997,0.34171602687522484,0.29535561342323896,-0.5006827187131886
04/16/1997,0.3114797093130535,0.25232231318950055,-0.5403720580019231
04/17/1997,0.2634138686200049,0.22957673157963698,-0.5389768797684542
04/18/1997,0.21209445674273686,0.12656567923369177,-0.592681016509248
04/19/1997,0.18779069895549194,-0.03171872415004007,-0.5948853283267496
04/20/1997,0.10214105936576612,-0.002011692914229757,-0.5524383371329777
04/21/1997,0.029423160084632416,0.04875971557838077,-0.5638061750433276
04/22/1997,0.0005140835560272228,0.11578987098874816,-0.5702198398960063
04/23/1997,-0.02158427054022921,0.16725567465736096,-0.5846862930285164
04/24/1997,-0.015193057235490637,0.13017934085357086,-0.6242528887691992
04/25/1997,0.026563967835430413,0.06491500196001998,-0.6358865831181779
04/26/1997,0.07027300354579358,0.11508038537132509,-0.6087981573370691
04/27/1997,0.06869750555844345,0.1793193375780409,-0.6057298932467958
04/28/1997,0.03917022629180156,0.22679233962580658,-0.6009023184932255
04/29/1997,-0.009121566016202176,0.19228872057227347,-0.6427476025550776
04/30/1997,0.03153284892525793,0.03714430335731103,-0.6884282471620536
05/01/1997,0.05609667669112961,-0.006217698398096744,-0.628554918255203
05/02/1997,0.0637935961052622,0.01735169213441895,-0.562872756008816
05/03/1997,0.07801368985010593,0.06445424439651143,-0.49049159580895635
05/04/1997,0.0959033786975852,0.08336297851942184,-0.4603438733174498
05/05/1997,0.14987877678489114,-0.0061423049086675174,-0.49168794978276614
05/06/1997,0.15697532305748807,-0.03914398465838306,-0.4172923752215666
05/07/1997,0.1318708843161469,0.029061698523300705,-0.34208795111098184
05/08/1997,0.13534182249476961,0.03722973756846326,-0.30040444507428304
05/09/1997,0.15516903084873002,0.049130047928712534,-0.2703133672085894
05/10/1997,0.1701796067249895,0.019888178081733182,-0.2749007703717652
05/11/1997,0.20327126446304122,-0.0634992524981551,-0.30651317843485687
05/12/1997,0.21283698973293236,-0.10980048470554557,-0.30368179924823213
05/13/1997,0.18191705755913506,-0.11081923629557111,-0.3219070452977073
05/14/1997,0.14936817529489005,-0.17859857046888566,-0.39139064623594144
05/15/1997,0.11069390947131208,-0.23633612600111337,-0.43861282807731933
05/16/1997,0.07117171059424998,-0.25329948496961174,-0.490934162380398
05/17/1997,0.05085231732940182,-0.2778415337204995,-0.5481783853525384
05/18/1997,0.028252056422922778,-0.28681805637621316,-0.6104378894099096
05/19/1997,0.011938599291045349,-0.29421742239169235,-0.6722347010115977
05/20/1997,-0.007372688043095932,-0.31021775283984526,-0.7593267870305829
05/21/1997,-0.031110044306843776,-0.40245446488261927,-0.8617341028889018
05/22/1997,-0.0573107831146874,-0.5416421788789032,-0.9593784415898561
05/23/1997,-0.09650669303844905,-0.6634842818691677,-1.0317913730948822
05/24/1997,-0.13816470148187127,-0.7212627636180097,-1.0699355638514423
05/25/1997,-0.17400850051727995,-0.7203012617571086,-1.0872622054000365
05/26/1997,-0.19972541891630224,-0.7266572147607866,-1.1235195945088505
05/27/1997,-0.21412876129187486,-0.8082310326397479,-1.1884413959793836
05/28/1997,-0.23614369048597406,-0.9079169032829218,-1.2372415526439713
05/29/1997,-0.26662085434659566,-0.9541728054483798,-1.2587517812267466
05/30/1997,-0.2792771163832841,-0.9237119567536233,-1.246224513847948
05/31/1997,-0.27769974738889586,-0.9217148513311486,-1.2365767898182705
06/01/1997,-0.2988632583203186,-0.9711551302245754,-1.225701021662376
06/02/1997,-0.3184140712420592,-1.0164588079211316,-1.2364809889862185
06/03/1997,-0.35785567007073016,-1.0700193057812453,-1.2661075484591524
06/04/1997,-0.39386477808112996,-1.1369828166351494,-1.2996377585239502
06/05/1997,-0.4208387564064865,-1.1983320961041177,-1.3203044447528545
06/06/1997,-0.44641956821490897,-1.2176362937405063,-1.324860360645522
06/07/1997,-0.4514317759579665,-1.2474894145415005,-1.3325139585036174
06/08/1997,-0.45293166324903134,-1.2456154987925636,-1.3050433843801792
06/09/1997,-0.4520785940977945,-1.1646640882250885,-1.2565446290626785
06/10/1997,-0.42128999928096234,-0.976588687336167,-1.2247822101244936
06/11/1997,-0.34435554717235056,-0.8474552001271992,-1.262652348013764
06/12/1997,-0.28503284764967635,-0.8601342242388563,-1.2415557550438332
06/13/1997,-0.27638952885076074,-0.8336293611852972,-1.1379383703954196
06/14/1997,-0.27953476505868424,-0.7692160174960252,-0.983182696365258
06/15/1997,-0.26874598816690304,-0.7039169177413054,-0.8323332698152455
06/16/1997,-0.25042420675230215,-0.704692989197522,-0.7123342674972968
06/17/1997,-0.25898472431807396,-0.6931004181504321,-0.5909512454502467
06/18/1997,-0.30693496612515303,-0.6371953824091592,-0.4814711014539197
06/19/1997,-0.3543954076381534,-0.5986851043644474,-0.4326512652452671
06/20/1997,-0.3749213820921286,-0.5846725432290982,-0.40444658326352545
06/21/1997,-0.37643583388897656,-0.5602247950576651,-0.3762979778382789
06/22/1997,-0.35367917880576394,-0.5401545666867853,-0.34986741689835343
06/23/1997,-0.31477092704288334,-0.5204164454624823,-0.3316418056614615
06/24/1997,-0.30407757151016546,-0.494925108126238,-0.3280212970459013
06/25/1997,-0.29634873491710934,-0.4241882235876229,-0.32883387962219535
06/26/1997,-0.2682926908533216,-0.38747024372930344,-0.3479648310389698
06/27/1997,-0.23217528455304587,-0.3892014755379643,-0.37846670417094064
06/28/1997,-0.2121277376052576,-0.408185544432635,-0.4050041432945283
06/29/1997,-0.20762382010820318,-0.3976191821197719,-0.4175932084993371
06/30/1997,-0.20270809763017966,-0.36160540328849633,-0.41432534919819775
07/01/1997,-0.20552311943865753,-0.33241849318147276,-0.4019439539037788
07/02/1997,-0.20658504433659391,-0.32713865893228355,-0.36924994186816373
07/03/1997,-0.21185251613824008,-0.3250833642979508,-0.31138587412245244
07/04/1997,-0.22661802677859982,-0.28534436027209664,-0.2326289474083859
07/05/1997,-0.2328084553474034,-0.19130495701517947,-0.15018293799736893
07/06/1997,-0.21936361887275352,-0.0892532339763139,-0.09893249550261662
07/07/1997,-0.19483046094778161,-0.024274673987008277,-0.06540041892436244
07/08/1997,-0.18521682322309035,0.0014671529332721533,-0.027897862457177958
07/09/1997,-0.16910980053468233,0.01995165188397119,-0.022865011799612867
07/10/1997,-0.14934140050005418,-0.033350664377218064,-0.041458894257043744
07/11/1997,-0.14947339821244038,-0.09741023409934857,-0.05341022050491173
07/12/1997,-0.15957092971878656,-0.11350703768078158,-0.05586472627854666
07/13/1997,-0.16384662104330971,-0.13082716521763393,-0.06472259050445883
07/14/1997,-0.1642613609372861,-0.16498376283617855,-0.07940044657427325
07/15/1997,-0.15990690388500128,-0.18960877965604123,-0.09860593680023033
07/16/1997,-0.1553949520635986,-0.21505431720898843,-0.12643301499414805
07/17/1997,-0.1808418217797712,-0.24896289138567523,-0.15140071629956142
07/18/1997,-0.25686160825045634,-0.2775670873267374,-0.1668431936650795
07/19/1997,-0.336495996891349,-0.2731583297252714,-0.17099561803978636
07/20/1997,-0.3678478015137909,-0.3127612849076666,-0.1742071979025307
07/21/1997,-0.3811732604019695,-0.36334785017229904,-0.17371691350877316
07/22/1997,-0.3905264979703154,-0.36042177247859714,-0.165390559278213
07/23/1997,-0.375341698320821,-0.3454588658398166,-0.15284271967499852
07/24/1997,-0.3311678457633317,-0.3116167013489133,-0.10792146201076458
07/25/1997,-0.2782363228589828,-0.27456203436568316,-0.04882362886932534
07/26/1997,-0.2320584750154565,-0.2869048410937967,0.03068314933829741
07/27/1997,-0.2148991759556187,-0.3271821687264163,0.16120344456064262
07/28/1997,-0.21574909007537485,-0.3383667106784602,0.30204876473964026
07/29/1997,-0.22586459792387165,-0.3206263994886821,0.40873550904057177
07/30/1997,-0.2383500847101031,-0.3103862725553117,0.4593494298697677
07/31/1997,-0.25443520561021027,-0.3119898521474487,0.46729371691075533
08/01/1997,-0.28143137921516476,-0.3341254158743857,0.4550446411899552
08/02/1997,-0.3043714663611782,-0.35893392541579494,0.4510745264884378
08/03/1997,-0.30825483318979136,-0.3337840900534747,0.4531221729046076
08/04/1997,-0.31665862640110953,-0.34268680459687245,0.43627299361384386
08/05/1997,-0.34315340680561784,-0.40504526467551005,0.40035198269126293
08/06/1997,-0.38312362015284807,-0.4639860627197152,0.3535237569186591
08/07/1997,-0.42001540324942377,-0.4669372128588875,0.30408776838697016
08/08/1997,-0.43827555149091973,-0.4569595539144164,0.24114037296757324
08/09/1997,-0.44884762174371984,-0.44246198481747734,0.1655291706522892
08/10/1997,-0.4575327263665383,-0.4252934075892033,0.08814887876624541
08/11/1997,-0.44739913211664706,-0.41986736633948596,0.0293529338884449
08/12/1997,-0.41009433338748585,-0.3963363184460638,-0.01834013683727581
08/13/1997,-0.3691118685449248,-0.4005376265162576,-0.054860947801942034
08/14/1997,-0.3862047651980348,-0.4558298846440729,-0.06896761017723305
08/15/1997,-0.44308649757467966,-0.5120477094182003,-0.053075992866795096
08/16/1997,-0.5033210378815113,-0.5628350891172947,-0.008168531171598215
08/17/1997,-0.5694464621986065,-0.5701128508363519,0.05411775329625626
08/18/1997,-0.6211772755063076,-0.5372735254466614,0.11597327891911263
08/19/1997,-0.6535828973295089,-0.5195265791600719,0.1728977600206238
08/20/1997,-0.6865209857445896,-0.5322650255546744,0.23500437227996168
08/21/1997,-0.7428588787414603,-0.5625969302441445,0.31213641787608937
08/22/1997,-0.8230357126784533,-0.5630348466336799,0.3839677681334337
08/23/1997,-0.8607237743596184,-0.503490959391713,0.42640619771112787
08/24/1997,-0.861660451845078,-0.4200380586087759,0.4551867802474199
08/25/1997,-0.8309780641926007,-0.3589373310407067,0.4792347773346073
08/26/1997,-0.7867444127826468,-0.3104580255491476,0.5000920913945008
08/27/1997,-0.721160883465464,-0.3318141709126245,0.5132131129348353
08/28/1997,-0.6830057670660048,-0.3811144668786349,0.555194287291704
08/29/1997,-0.7118300979816019,-0.42659541322362377,0.6033310607274927
08/30/1997,-0.7437255218653411,-0.41042797228410766,0.6441557271152398
08/31/1997,-0.7410108740816224,-0.35017782889661864,0.6756681549791936
09/01/1997,-0.7134696137588701,-0.2907148546051464,0.6759013880086842
09/02/1997,-0.6799722042979071,-0.258461942594681,0.6298330360953792
09/03/1997,-0.617539781014663,-0.27183242599879787,0.5838017304165766
09/04/1997,-0.56050543316177,-0.295242985231543,0.5163295411876031
09/05/1997,-0.5063621213641825,-0.3284855835849383,0.40909420423553944
09/06/1997,-0.44477539326325094,-0.28869056290104894,0.31765646912256884
09/07/1997,-0.37403815670976825,-0.26659328309553604,0.2750366225520332
09/08/1997,-0.31038381908341917,-0.26847489085936005,0.23856774935315195
09/09/1997,-0.30089674948205347,-0.2750621327686935,0.2153594398637842
09/10/1997,-0.35777129132183927,-0.2813211428977252,0.2034889417639211
09/11/1997,-0.44996292537192956,-0.2988069129841737,0.20999305136655483
09/12/1997,-0.5054051196061662,-0.30599689178524275,0.2107682630973124
09/13/1997,-0.5234444523304742,-0.32382093437371395,0.22441998310540912
09/14/1997,-0.5419029640046789,-0.323011276409746,0.25038882542276086
09/15/1997,-0.5506632390868381,-0.30334989918130395,0.2818662764475645
09/16/1997,-0.5717311452271332,-0.2564857406630474,0.28424981413341593
09/17/1997,-0.589079562743714,-0.2233863547089623,0.2554381906667903
09/18/1997,-0.5835162883976062,-0.16091087031223084,0.22041428291905044
09/19/1997,-0.5349797243450068,-0.11254735606767613,0.18982886302164614
09/20/1997,-0.4715270152420844,-0.08098784103280751,0.16852362630821072
09/21/1997,-0.4443670734914678,-0.11177568843677549,0.14368641863933407
09/22/1997,-0.4358803323013507,-0.18150104365888603,0.11675624073835938
09/23/1997,-0.496200975618463,-0.21293695799652246,0.11841411045284558
09/24/1997,-0.6066190430969018,-0.18711404197273485,0.13841144872516498
09/25/1997,-0.6917437368093259,-0.17206887187702952,0.1759787245176916
09/26/1997,-0.7788958684254094,-0.2090837869970632,0.2077147282328064
09/27/1997,-0.8085703702656473,-0.23384450035436688,0.21839670360010555
09/28/1997,-0.8482252272105233,-0.2734360643086037,0.18923924765081768
09/29/1997,-0.8917226556932419,-0.37026573128644114,0.1285642512137597
09/30/1997,-0.9442271487554036,-0.47590334248685295,0.05907079021530226
10/01/1997,-1.0230622138394623,-0.5485091517723811,-0.02928971342752329
10/02/1997,-1.06871199746061,-0.6517894833570508,-0.15812767137853068
10/03/1997,-1.0843630080409077,-0.7519826746767547,-0.28087738704061926
10/04/1997,-1.1340105467250317,-0.811025876338998,-0.3873216874739096
10/05/1997,-1.186361507150634,-0.8577633808411369,-0.483747274039555
10/06/1997,-1.1923522148894676,-0.8460244266405055,-0.5604855664488086
10/07/1997,-1.1510286030965202,-0.8030481412652045,-0.6292413488675652
10/08/1997,-1.0557532192659567,-0.7783127939417301,-0.6744218084441822
10/09/1997,-0.9414433470840098,-0.6907709707106926,-0.6789970386935029
10/10/1997,-0.8207744722675501,-0.5907794745905129,-0.6782088830976795
10/11/1997,-0.660201859883415,-0.5193143147797877,-0.6657080715183326
10/12/1997,-0.5013987799226527,-0.4252603495404883,-0.6239562754348995
10/13/1997,-0.41159491772039014,-0.253784727801886,-0.5714358734138861
10/14/1997,-0.38951868553090563,-0.17886626433049502,-0.53852059838074
10/15/1997,-0.28641427451458834,-0.24292524687591688,-0.5348036802874352
10/16/1997,-0.19599052199931322,-0.3057112303163393,-0.5437558845957347
10/17/1997,-0.21739741059165274,-0.2887781109483535,-0.5609516673203714
10/18/1997,-0.25044445765203704,-0.2972187174218104,-0.6002514327893255
10/19/1997,-0.31261365592516865,-0.4257888672962151,-0.6672839363698035
10/20/1997,-0.3687479393323376,-0.5849997180913249,-0.6875313468691147
10/21/1997,-0.4309776701861978,-0.580218749174054,-0.6067702310413436
10/22/1997,-0.5042337958259797,-0.4551623821613384,-0.5031168957206782
10/23/1997,-0.5823510912483194,-0.33747255798607223,-0.43600080479838277
10/24/1997,-0.6389780731761541,-0.1837294967046872,-0.35929481118722917
10/25/1997,-0.766860010311506,0.006670830363314506,-0.24690469155714112
10/26/1997,-0.770033788548405,0.17170077849710985,-0.19875432503421187
10/27/1997,-0.7183235563181452,0.2689583798604285,-0.13577816096173212
10/28/1997,-0.617917394259136,0.21948950546127977,-0.13903157507176078
10/29/1997,-0.5036706960796122,0.13256568571640748,-0.08312543936709993
10/30/1997,-0.47750048036701465,0.17223082291227598,-0.008260436671214233
10/31/1997,-0.4747824941197518,0.224971328498345,0.02046727484256139
11/01/1997,-0.5511635316949042,0.29155070834925745,0.032231341098938104
11/02/1997,-0.6880091700700501,0.2500106572040437,-0.0021971082793226238
11/03/1997,-0.7712890875269343,0.1035437135469286,-0.1066432654794589
11/04/1997,-0.9238059873821116,-0.13794703511965256,-0.1851236235907079
11/05/1997,-1.0412522543465592,-0.27253727292021535,-0.24916483647286558
11/06/1997,-1.1205207693949988,-0.2914325019788231,-0.2812580746332891
11/07/1997,-1.2052199007217346,-0.37424379477189507,-0.33531177688365776
11/08/1997,-1.2399951713049493,-0.5960881392161115,-0.4552044285108803
11/09/1997,-1.3196878546553998,-0.8374588689633835,-0.5121939941251448
11/10/1997,-1.4677929932818754,-0.9123037591931429,-0.5005755159184886
11/11/1997,-1.6362438293310024,-0.8271829242507684,-0.4884026426384316
11/12/1997,-1.6539781512212948,-0.7237961962464359,-0.49935850856750275
11/13/1997,-1.709291062537678,-0.5808065717773836,-0.49605060037977444
11/14/1997,-1.8006267658963464,-0.5219630101961801,-0.5578851480144202
11/15/1997,-1.7607545052706524,-0.6811856045254703,-0.7176621490103607
11/16/1997,-1.627339780198031,-0.8726345117603096,-0.80681190381126
11/17/1997,-1.513956129873962,-0.9837105536389983,-0.8794023569766898
11/18/1997,-1.4562993970320017,-1.032411577055857,-0.9219244956253401
11/19/1997,-1.47641767538321,-0.9555967676852506,-0.9685003768936962
11/20/1997,-1.5247657813344904,-0.9218281764359773,-1.042340420242871
11/21/1997,-1.5278060210296711,-0.8741578242963322,-1.0751777886273375
11/22/1997,-1.5536525525242624,-0.8053832843190205,-1.1024747364228051
11/23/1997,-1.5140560636617701,-0.8118196218141552,-1.1516359822887536
11/24/1997,-1.378358233076364,-0.9147254520938576,-1.2428196281131643
11/25/1997,-1.2431579436180833,-1.0475285588630667,-1.280924906121764
11/26/1997,-1.170970603235378,-1.0657627443827384,-1.2296301947969577
11/27/1997,-1.1639258581773106,-1.0061686535321606,-1.1851541005924542
11/28/1997,-1.1268336205225122,-0.9256269748721876,-1.1244797533774673
11/29/1997,-1.0928254261394947,-0.7858594238758153,-1.0613496019447053
11/30/1997,-1.0957132704769104,-0.7537819602659827,-1.0735482818021356
12/01/1997,-1.1584666998700452,-0.9219305213363462,-1.1476116981205746
12/02/1997,-1.1537418567965636,-1.077696699968413,-1.1886573028948166
12/03/1997,-1.1364710677289551,-0.9960156049047268,-1.1214664297050647
12/04/1997,-1.1663810596514128,-0.8818863615748487,-1.091140617483837
12/05/1997,-1.1556001703383325,-0.928915516748322,-1.1543844639320215
12/06/1997,-1.0921065191989867,-1.1408649941640308,-1.2587471149431018
12/07/1997,-1.0850552072730757,-1.274889076181826,-1.2601882256381844
12/08/1997,-1.115051155460157,-1.2545838596920231,-1.2280917413674008
12/09/1997,-1.2101855534072548,-1.157436412679305,-1.2159164335045722
12/10/1997,-1.2816317548834393,-1.0965979769471212,-1.2496326862694738
12/11/1997,-1.273405450536079,-1.069358555830667,-1.2840744041238414
12/12/1997,-1.2016128192661042,-1.1187711199834296,-1.331049556966687
12/13/1997,-1.1425134666230834,-1.1788832768443143,-1.3872564447963636
12/14/1997,-1.1674018957672823,-1.2533731600358449,-1.4855274856790266
12/15/1997,-1.24802248855059,-1.4427883220215694,-1.6814435956374751
12/16/1997,-1.292079128019946,-1.7044239879364118,-1.927748549247914
12/17/1997,-1.3865140628251955,-1.9434866434761529,-1.9991790860283456
12/18/1997,-1.494873362203648,-1.981858934994262,-1.9613238396703596
12/19/1997,-1.560925927305397,-1.8881538114377494,-1.9128168879241938
12/20/1997,-1.5530309379498648,-1.7296092300542822,-1.8581882183760068
12/21/1997,-1.50570282432696,-1.5309872547075927,-1.7830627964763526
12/22/1997,-1.5009613989950013,-1.3273969423558092,-1.7015662337697557
12/23/1997,-1.4143906369587398,-1.1636635978307106,-1.631166580487449
12/24/1997,-1.3162148253512576,-1.0200816882153418,-1.5302252486448542
12/25/1997,-1.2508735731026168,-0.9458344851576207,-1.4364879689516408
12/26/1997,-1.0930850191947634,-0.9173260577377886,-1.3699836481033942
12/27/1997,-0.9708579623776838,-0.8831068670820694,-1.2907481635692504
12/28/1997,-0.9427927100243446,-0.9786142708290254,-1.3353003384853581
12/29/1997,-1.0424079130285833,-1.1417501043350975,-1.2960448824228425
12/30/1997,-1.3608051420641147,-1.3447873549447233,-1.3609504127651897
12/31/1997,-1.5584121376304383,-1.6318656812466394,-1.408960912507909
01/01/1998,-1.6409414440624668,-1.785766180200822,-1.4272570649791456
01/02/1998,-1.628604133696562,-1.7174661377220115,-1.3123790857914597
01/03/1998,-1.5666626479861834,-1.448697977605908,-1.170047331101454
01/04/1998,-1.44399700510696,-1.2151285363313882,-1.089659761423557
01/05/1998,-1.266710943634814,-1.031895170737466,-1.0326194753348923
01/06/1998,-1.1167886903078799,-0.9400681318845253,-1.0011651528464125
01/07/1998,-0.9898710188402299,-0.921677698642602,-0.9680827031296361
01/08/1998,-0.9740645679299196,-0.8132515265337245,-0.8998675603916267
01/09/1998,-1.0388371807838952,-0.8714929971175724,-0.9598231781961479
01/10/1998,-1.0135390377842386,-1.0486265361882567,-1.0072121289573577
01/11/1998,-0.968064395096647,-1.1018677860717179,-0.9945743720971256
01/12/1998,-0.9349667941597528,-1.110933031128152,-0.9742762816997929
01/13/1998,-0.9166589168955162,-1.063827014523479,-0.9356955296759638
01/14/1998,-0.8717110910922719,-0.9979114379420344,-0.9046071655543899
01/15/1998,-0.8063871548303558,-0.9334111333821689,-0.8399449717600357
01/16/1998,-0.8035530194009339,-0.9430309081225363,-0.8161031432571938
01/17/1998,-0.7715188108184787,-1.1457911874785487,-0.8733908235318028
01/18/1998,-0.7712564662822703,-1.2498518769094105,-0.7999321575737495
01/19/1998,-0.8097024325604983,-1.1863524150499474,-0.6947498636963375
01/20/1998,-0.7778591033825862,-1.1483815762477443,-0.656974349924108
01/21/1998,-0.7033423959208599,-1.124098883449198,-0.6100086513776886
01/22/1998,-0.6459345437017026,-1.0407457439891108,-0.5574731143671142
01/23/1998,-0.6004936892000772,-0.925276622127087,-0.48274578732694495
01/24/1998,-0.5396282893428808,-0.8526052839208409,-0.4576806621342961
01/25/1998,-0.4572060268387992,-0.9480601940700166,-0.5074725460907671
01/26/1998,-0.40294374100528274,-0.9927537951659766,-0.45951934019592966
01/27/1998,-0.4445706393708555,-0.8886429021265024,-0.4053107984813041
01/28/1998,-0.4541879090503885,-0.9535047901037386,-0.5069415230119677
01/29/1998,-0.4071876985829437,-1.1368649271491211,-0.5726858482717782
01/30/1998,-0.44062053995779493,-1.089717279715782,-0.508591764367103
01/31/1998,-0.46695888949915343,-0.9986006072453275,-0.49628730188826026
02/01/1998,-0.4189031742559636,-0.9287467190416274,-0.5157365750023825
02/02/1998,-0.3852234700110031,-0.7777441876139137,-0.48072309538417907
02/03/1998,-0.36941709247351784,-0.5362722286020187,-0.4071532095698589
02/04/1998,-0.3132645392328922,-0.6862280001106892,-0.6245242425057965
02/05/1998,-0.275852872983944,-1.3238174112998484,-0.8552753771653108
02/06/1998,-0.3845718826375386,-1.6060332685572944,-0.7641659861154271
02/07/1998,-0.5694821877405348,-1.5279207986599102,-0.7080039757615009
02/08/1998,-0.6737994515560572,-1.581864664193298,-0.7775719755691393
02/09/1998,-0.7259946414739314,-1.6331690529846208,-0.7533590354991981
02/10/1998,-0.7988733006148976,-1.5227589282115488,-0.6550139427239076
02/11/1998,-0.8743265755028444,-1.2408170476064981,-0.5232336291882835
02/12/1998,-0.954013535772935,-0.9950514176280896,-0.5064365905452023
02/13/1998,-0.876413995691045,-0.8851815541449232,-0.5335077307886329
02/14/1998,-0.757862183684129,-0.8057455292279005,-0.5182629415441474
02/15/1998,-0.5962582061837209,-0.7739004701594683,-0.540972323870921
02/16/1998,-0.47750260115503895,-0.5821735347529451,-0.46098727187787625
02/17/1998,-0.48010065951964753,-0.48761177909574904,-0.47990584652423723
02/18/1998,-0.5119264525923554,-0.6033013858119833,-0.5430388383035674
02/19/1998,-0.47598088544850403,-0.7353258375474573,-0.5005117899129956
02/20/1998,-0.45298400773585246,-0.7122676430577506,-0.4130126822310315
02/21/1998,-0.44855416010575677,-0.7266743759178167,-0.39893349006467665
02/22/1998,-0.3958703805454187,-0.7371408007548151,-0.3347210448609406
02/23/1998,-0.49210027145794477,-0.6238263825439444,-0.2566510762521707
02/24/1998,-0.5444963561709942,-0.7090921326980886,-0.2989132014608443
02/25/1998,-0.5115327340127692,-0.8131246963645922,-0.24822303761452852
02/26/1998,-0.49977151038328294,-0.6747600866789095,-0.08088268062854703
02/27/1998,-0.5012978118913906,-0.45586049214773594,0.07519290245106736
02/28/1998,-0.4328167897102958,-0.36781675026588867,0.15032019086418202
03/01/1998,-0.30261810562183833,-0.38081989592088505,0.17626436274278134
03/02/1998,-0.23644095346304073,-0.46767096447151724,0.14918535068172656
03/03/1998,-0.22895050517879056,-0.6646618803560919,0.1357414628895396
03/04/1998,-0.24060819975203485,-0.7692495608832333,0.20197059473187373
03/05/1998,-0.22415515082037007,-0.6871642533731096,0.2596538135540568
03/06/1998,-0.18454314360536517,-0.5578066995320046,0.3264685437056444
03/07/1998,-0.12927810805737494,-0.42017905533372435,0.4096899271529405
03/08/1998,-0.08427613310918947,-0.24146278144406785,0.5509221025342911
03/09/1998,-0.11512474689697227,-0.1304945452091425,0.6667701006508198
03/10/1998,-0.1291308121109488,-0.28187604048480996,0.7387061785437077
03/11/1998,-0.11827244109454116,-0.4273801904922626,0.8701725932073554
03/12/1998,-0.1373249791609047,-0.4527514501915276,1.0033478820945505
03/13/1998,-0.15119038866912704,-0.4033843922337079,1.108898244310605
03/14/1998,-0.17305798523038818,-0.2311568907192969,1.1779475156824386
03/15/1998,-0.17075895781454886,-0.09317024668116392,1.199698321619398
03/16/1998,-0.13777453446040333,0.027707477282325033,1.208749288835454
03/17/1998,-0.11118778121960826,0.20434667228174608,1.24084642232831
03/18/1998,-0.07992783937421366,0.3520694107662877,1.245742530586888
03/19/1998,-0.007451666865435191,0.4148553354890397,1.2227767866942982
03/20/1998,0.051605569775962534,0.41110286529516477,1.2000622511673265
03/21/1998,0.07291127724246793,0.3431024003732583,1.2411028650468832
03/22/1998,0.09398468634464574,0.2722588845442972,1.3636751402013276
03/23/1998,0.10536228015800331,0.30679890855378655,1.5310727504588146
03/24/1998,0.11499503150363799,0.3751865577975734,1.6545352713799548
03/25/1998,0.1211286328193879,0.4726159670659287,1.7400760006806997
03/26/1998,0.13489697007998058,0.6168190509216935,1.7798563122123245
03/27/1998,0.16563548794367156,0.7529872674098858,1.771053307251523
03/28/1998,0.20292139317036817,0.8276504851658973,1.7404828600381586
03/29/1998,0.2520625493019393,0.8506960553563574,1.7148336378622984
03/30/1998,0.3041551640102984,0.8415590573060885,1.7126821970673123
03/31/1998,0.34382671327288816,0.8487707616453908,1.7178093878072618
04/01/1998,0.353593406710773,0.8776542775468992,1.7378953854688362
04/02/1998,0.3778044946198933,0.8552744483090371,1.761896800872329
04/03/1998,0.3898318781724943,0.8338835420843924,1.7849576152221391
04/04/1998,0.38350567319080986,0.8017181194035587,1.810800711339352
04/05/1998,0.3869718788222165,0.7130544363524042,1.8252723176720609
04/06/1998,0.39039765602697996,0.64023800678138,1.887779986866585
04/07/1998,0.36543809192883403,0.6849816353329394,1.9804973386841491
04/08/1998,0.3426693670158867,0.7888721022358771,2.060909051307857
04/09/1998,0.34510897676465035,0.8783380448244673,2.094232402989853
04/10/1998,0.3569440134562083,0.8369535367894552,2.096287312577959
04/11/1998,0.3610740964092821,0.6516618819599885,2.0858623479985474
04/12/1998,0.35306769041880437,0.45648786696591065,2.046747570243833
04/13/1998,0.3082771759526127,0.44462190644313504,2.0342568621829846
04/14/1998,0.26227857792085013,0.5689747770408616,1.9532984234216002
04/15/1998,0.27332247212557026,0.6324018987297808,1.8271613510206788
04/16/1998,0.3047046897840198,0.6589895536993033,1.7426804361766608
04/17/1998,0.3063639428512441,0.702516610827597,1.6886535549131605
04/18/1998,0.3142066540688834,0.6748543050453586,1.6235369462445437
04/19/1998,0.3275299484587212,0.6543818019111773,1.593013689360565
04/20/1998,0.34714767739697105,0.6078739422199078,1.574207186674441
04/21/1998,0.36731460193122634,0.46767505121314357,1.545421369785193
04/22/1998,0.3387554037191979,0.33521297667649197,1.5025060054426
04/23/1998,0.2796498510724578,0.195706543162589,1.447899734055911
04/24/1998,0.20854725453630113,0.08787377183577372,1.437135469790938
04/25/1998,0.15418701598125178,0.10501909686637423,1.4554717328147868
04/26/1998,0.12114073933553049,0.19821267207404974,1.5009154519417407
04/27/1998,0.10236067125524795,0.34233648707410613,1.5361978718034095
04/28/1998,0.10056336721756398,0.4360193566333489,1.526491717787224
04/29/1998,0.11717218665695406,0.5084177163876049,1.5076708916391282
04/30/1998,0.14755301199819687,0.5926759887445373,1.4979978479486293
05/01/1998,0.15550306765898336,0.6164915237534435,1.460229800230232
05/02/1998,0.17185856741965705,0.5733174185448979,1.3956132142864588
05/03/1998,0.18952417565922242,0.5454587608711883,1.3613775432873059
05/04/1998,0.19839087802420968,0.5697542541219895,1.3511229995018845
05/05/1998,0.21968715708268804,0.6191556619172796,1.334549658439104
05/06/1998,0.2576020508527078,0.6417073577778479,1.3066936087102095
05/07/1998,0.2843498207582267,0.6722638575584916,1.2829243307739566
05/08/1998,0.2933945989697762,0.7188503402110894,1.2564021483690682
05/09/1998,0.31536466068130886,0.7323240492806359,1.216980653761554
05/10/1998,0.32339583000026556,0.7479744224102526,1.2159764695211592
05/11/1998,0.3155807803376942,0.7662649768939865,1.2471212753866485
05/12/1998,0.3399503535490718,0.7416096030382715,1.2573520819900486
05/13/1998,0.36269739679219487,0.7601459496923668,1.3099248681170215
05/14/1998,0.3737307619965064,0.8020549826814827,1.3794690901662596
05/15/1998,0.38183607455524904,0.8062515933380039,1.4213493510672548
05/16/1998,0.3767218052124479,0.7908093156340406,1.463481185521289
05/17/1998,0.36222564621309866,0.7986459521446709,1.503807371086613
05/18/1998,0.3525672510650833,0.8228231880062903,1.539923026901756
05/19/1998,0.3497235037955656,0.8352501958744677,1.5664265847484407
05/20/1998,0.349178527137005,0.8263514741326912,1.5964599630024574
05/21/1998,0.3418491322038892,0.8205489938948628,1.6382276650266665
05/22/1998,0.3306023621377211,0.8370231172294647,1.6803583227656909
05/23/1998,0.32354804192597486,0.8661265308084747,1.722274980679118
05/24/1998,0.32327010566442577,0.9019303939663063,1.768744835867788
05/25/1998,0.33644074789160944,0.9343792468445454,1.8037832699593972
05/26/1998,0.34655427467382727,0.9648547749570253,1.8338823819482344
05/27/1998,0.35116663720640384,0.9912060325835252,1.842305429691196
05/28/1998,0.3597799832062595,1.010238132532987,1.8235515545693144
05/29/1998,0.3815218554316778,0.9974576442860226,1.785631629462368
05/30/1998,0.3955180886870904,0.9543039728269488,1.7353909707483917
05/31/1998,0.39343807915422774,0.9246335227001079,1.6804135472182173
06/01/1998,0.37877092478593805,0.9135361177716758,1.6063565825441246
06/02/1998,0.3621050946614276,0.8735881962727748,1.5463046769909967
06/03/1998,0.34139227630829094,0.8503466264968639,1.5441695479005777
06/04/1998,0.3371555092674976,0.8800153738112481,1.6365153012344782
06/05/1998,0.3451221471867597,0.9369558369610823,1.7558311596268072
06/06/1998,0.36633665223164297,0.9786034001617027,1.834053492540677
06/07/1998,0.3969551321534414,0.9624283846426395,1.8593210532907607
06/08/1998,0.4441161758535451,0.9209815184411347,1.8410024815683825
06/09/1998,0.4614982714968583,0.9159463020088936,1.8383386016764216
06/10/1998,0.4673087022043768,0.9274387007094386,1.8068684543999303
06/11/1998,0.4894175853010389,0.8432952801167782,1.754502080315581
06/12/1998,0.49434570778650905,0.7364274162757782,1.7183073411367542
06/13/1998,0.46905325118079566,0.6440496056698437,1.6850406746569477
06/14/1998,0.4171901833558215,0.5353949043858437,1.6473777603378927
06/15/1998,0.32764257574527894,0.45762323185033377,1.607786331852941
06/16/1998,0.23219700364685725,0.4408380222953309,1.5727535378780864
06/17/1998,0.18319709020363628,0.4250240030169301,1.531176423108493
06/18/1998,0.16857245538749965,0.37649373058703217,1.467321699266613
06/19/1998,0.15208411412695472,0.30859420134139454,1.404214148877243
06/20/1998,0.13318525544280085,0.2527959143258089,1.3453289359644947
06/21/1998,0.11520352038621323,0.2168015123259266,1.2903939959036794
06/22/1998,0.1099553823239875,0.1919039280777715,1.245626157530419
06/23/1998,0.1104411837990924,0.18787055254633567,1.2046925029872755
06/24/1998,0.10369268152244027,0.18979191217335423,1.1715354738849433
06/25/1998,0.09239007473635497,0.18970066491278387,1.1171165436424988
06/26/1998,0.09057207956199093,0.12706200410863783,1.0591727433110294
06/27/1998,0.027940265626485272,0.08821832712858341,1.0129065815475569
06/28/1998,-0.05282072605768573,0.051938498530482935,0.9552141518872242
06/29/1998,-0.10344504047619169,0.0024483096167977614,0.8880626783619866
06/30/1998,-0.14568904098742125,-0.050142348473146026,0.8176884258932584
07/01/1998,-0.1983901732208988,-0.08791595461881452,0.749887933177575
07/02/1998,-0.24045565764861582,-0.09962960150328914,0.7046228312732749
07/03/1998,-0.24264928500117477,-0.06855556417137765,0.6853057560036342
07/04/1998,-0.2480600906166835,-0.04529267988093166,0.6626533023373297
07/05/1998,-0.25367182771378144,-0.07078507413525403,0.6152531524953762
07/06/1998,-0.26534801223895427,-0.10580893175291517,0.5662564844247658
07/07/1998,-0.27744675086398446,-0.08476152390300279,0.5214813017268083
07/08/1998,-0.2701987263939289,-0.051534427014719775,0.4874962304475785
07/09/1998,-0.2465953489088491,-0.06389009291276115,0.45502713328364697
07/10/1998,-0.23132451962190181,-0.09519776785716111,0.4311119832630157
07/11/1998,-0.2294093054542517,-0.13840399163168438,0.4128163777714454
07/12/1998,-0.23676713235710228,-0.1697057948089961,0.38332436957300653
07/13/1998,-0.24561182287455552,-0.1881865945464286,0.3620644972518794
07/14/1998,-0.258346153597171,-0.16728780112154862,0.3644604918862404
07/15/1998,-0.26740571643298183,-0.1412327154270429,0.3609322539577091
07/16/1998,-0.27312377075367394,-0.13327840870393554,0.32852304752995265
07/17/1998,-0.2916566090997275,-0.11697967505229917,0.2746231297579744
07/18/1998,-0.3241316783019025,-0.10721580714755607,0.19851632754321458
07/19/1998,-0.3436971657886667,-0.11887819350534007,0.11087597348413392
07/20/1998,-0.35394247016480057,-0.12572655289714268,0.0531220706088239
07/21/1998,-0.35313115015105434,-0.09527920926669359,0.023208554979913143
07/22/1998,-0.3329517522365271,-0.0456239649801215,0.010705105935896686
07/23/1998,-0.30335172381378384,-0.02908959731518307,-0.004333555300624181
07/24/1998,-0.27957735095976555,-0.04866741929793972,-0.03289640498440216
07/25/1998,-0.27308521333407665,-0.08846707867783188,-0.059631126465220285
07/26/1998,-0.2759435984822004,-0.11143420205997995,-0.09087339679431905
07/27/1998,-0.2803205809918017,-0.12883911791360508,-0.13985415892415742
07/28/1998,-0.2822951904613808,-0.15103163778130962,-0.20085814864637308
07/29/1998,-0.287321118922735,-0.17399236093732917,-0.2715126215920767
07/30/1998,-0.2882715171264897,-0.1842606723527307,-0.33805496250793976
07/31/1998,-0.2777368303280877,-0.16967103394782734,-0.3930312498994875
08/01/1998,-0.2578638373312547,-0.15947247912544948,-0.4484168718076466
08/02/1998,-0.23788269279020058,-0.158862461242525,-0.47204112976349244
08/03/1998,-0.19753127093006623,-0.13141840904300145,-0.43889473167258947
08/04/1998,-0.1163516872786006,-0.1109187196271943,-0.3261601997331245
08/05/1998,-0.08599184656534059,-0.10514436515372763,-0.15880852193725592
08/06/1998,-0.10214006809505394,-0.09797916520977631,0.01468167228175754
08/07/1998,-0.10849679617198879,-0.044340279259019455,0.13959820718667182
08/08/1998,-0.1020160680206052,0.002494050682423643,0.18882190010070438
08/09/1998,-0.09117897512348305,-0.013728408714721363,0.15203559788483043
08/10/1998,-0.09060138424414996,-0.061241632367052046,0.07573991262339905
08/11/1998,-0.10281884010022302,-0.10521100971019512,-0.010937117609460312
08/12/1998,-0.11557085367369373,-0.1573290492671065,-0.1202144202845597
08/13/1998,-0.11378323484892557,-0.19680587889241802,-0.22016463348095935
08/14/1998,-0.12517396239797737,-0.2480367531597787,-0.3057441943769038
08/15/1998,-0.15580876777336206,-0.30643059609959944,-0.3625439842641466
08/16/1998,-0.2034731123673716,-0.35336198635103255,-0.397462231119611
08/17/1998,-0.23914822727783477,-0.35358464375906473,-0.4044314271843179
08/18/1998,-0.25272051234971005,-0.30271130138978125,-0.4067096285889326
08/19/1998,-0.2368296093176902,-0.2549554563213158,-0.3861181303912791
08/20/1998,-0.17366738322940367,-0.19287414364930092,-0.3532423361754036
08/21/1998,-0.047296155876827395,-0.10025036471998883,-0.31378095498681857
08/22/1998,0.133180302777103,-0.02228962128419562,-0.2785463746766055
08/23/1998,0.23307311186517926,0.020931223190380016,-0.2162810681969628
08/24/1998,0.2636145870070135,0.038402137706090175,-0.13661234965866953
08/25/1998,0.2450561415449987,0.04571665668712854,-0.044848745641758114
08/26/1998,0.21322455201910542,0.06168163909739888,0.06002407218904568
08/27/1998,0.18161939103152985,0.10984956478020498,0.2057067866054504
08/28/1998,0.15539810783265146,0.19442960997363967,0.3489487100645001
08/29/1998,0.14734129471131624,0.23735933223591962,0.500800657223349
08/30/1998,0.1771564155708974,0.2941735523933283,0.7001626756362775
08/31/1998,0.2568539782142149,0.37474805423132973,0.9191808255461262
09/01/1998,0.35916266094212657,0.43856887790360116,1.1442931824726885
09/02/1998,0.47786452037641136,0.5227594487859912,1.3698304146692153
09/03/1998,0.5857835461177427,0.7597085617618715,1.552395353862684
09/04/1998,0.6740684440944151,0.8359084796828689,1.656423574353746
09/05/1998,0.7628702903104538,0.8519489143002401,1.7948864524091406
09/06/1998,0.814980037573479,0.9306196718124922,1.9769985592071508
09/07/1998,0.8733444146272876,1.0441271537252674,2.1717830345171265
09/08/1998,0.9889732367135591,1.1197373700774669,2.3368340721705074
09/09/1998,1.1570701956271452,1.170230398092365,2.467017258831787
09/10/1998,1.4521006011657782,1.220861764939891,2.584622011299696
09/11/1998,1.6330222861225234,1.3453422877541417,2.678746267924405
09/12/1998,1.4750221616734474,1.4150880180080534,2.722362102306677
09/13/1998,1.2940618092378624,1.3957545202538881,2.7647840172979055
09/14/1998,1.243614249955064,1.3930027166074055,2.8060364398785684
09/15/1998,1.1941688167177271,1.403537606248666,2.8369916728989306
09/16/1998,1.15552345978724,1.422456498528644,2.8598367832152025
09/17/1998,1.1894933535555505,1.518257373194734,2.8860816666424394
09/18/1998,1.2625504554072022,1.582633724751341,2.88927742171717
09/19/1998,1.251920053758436,1.5372908823682978,2.9151959899002944
09/20/1998,1.1372508014790594,1.549293361475901,2.9495458022550447
09/21/1998,0.9789389158960509,1.546003175504984,2.937144078194486
09/22/1998,0.8422564219975588,1.4885472299223654,2.8815186904597336
09/23/1998,0.7345908259941835,1.409471437916284,2.808985449989428
09/24/1998,0.6324039788423801,1.343426858611882,2.7362569559808634
09/25/1998,0.6371495864253726,1.3505643438151713,2.66881690324447
09/26/1998,0.7313022192859745,1.3724104294245953,2.5658126276906272
09/27/1998,0.839959192215934,1.84124155524882,2.4586741871328632
09/28/1998,1.0469007519666145,2.299481481185397,2.3510260260955533
09/29/1998,1.1264382151055279,1.9631212375484566,2.2980289733443016
09/30/1998,1.0086432804761167,1.6884420869387151,2.27898846667748
10/01/1998,0.9080697550030095,1.4048652127875978,2.217125840188207
10/02/1998,0.7956731159224302,1.0956905461629032,2.1367323057825223
10/03/1998,0.6516494507523897,0.8626187958668906,2.089198051006245
10/04/1998,0.4833011532263656,0.7289166628386111,2.0564440670816966
10/05/1998,0.3178608041918294,0.6433673650517162,2.015803414575082
10/06/1998,0.19285820014617627,0.6307322030402198,2.0028359746312345
10/07/1998,0.09020022608429223,0.6475478283487418,1.9841475086331404
10/08/1998,-0.006967149414767171,0.606987129236385,1.9656979157812853
10/09/1998,-0.058845845651495976,0.5419092776655978,1.9337142744219515
10/10/1998,-0.09605078396567501,0.466408687204953,1.9062410628338413
10/11/1998,-0.1478446245301548,0.43237281311776765,1.884507136670765
10/12/1998,-0.1785521056888193,0.4159788394039414,1.8425862182374857
10/13/1998,-0.18739092638026444,0.3739159661170798,1.7735382858861755
10/14/1998,-0.17701079943797637,0.33947546855975785,1.6960325724110301
10/15/1998,-0.19138802108781117,0.34921896143269904,1.6263363512441062
10/16/1998,-0.1805997211193926,0.37863956786988207,1.5424860339142314
10/17/1998,-0.08422473544519482,0.40643533891806516,1.473519700662137
10/18/1998,0.0255221541154782,0.4948420734413861,1.4570408619872621
10/19/1998,0.09690719934192815,0.5741795113889756,1.4333578088574928
10/20/1998,0.17850027554934966,0.5926270769246802,1.409709286226697
10/21/1998,0.29444335344559813,0.5741655365833036,1.3640467792613629
10/22/1998,0.4577909260757014,0.506827406989091,1.2989915626549637
10/23/1998,0.692622230382036,0.41007771347901323,1.1791174544331786
10/24/1998,0.8833543756668554,0.436704885441046,1.2113385081890944
10/25/1998,0.9567311629175472,0.5858422500527858,1.2887949213631202
10/26/1998,1.0174047295234718,0.6748355741083447,1.2953298690141895
10/27/1998,1.0999236240382348,0.7003892108934067,1.3154828177019722
10/28/1998,1.1183299309473698,0.7667065924967837,1.337321309195077
10/29/1998,1.0612427913468077,0.7984833041962938,1.3268642486994633
10/30/1998,1.0208695410712014,0.7507473057005924,1.2703619648268725
10/31/1998,1.0093308939067096,0.6782824775428811,1.2102470035799675
11/01/1998,0.9918698491035725,0.631579088007534,1.1833481912203638
11/02/1998,0.9344369033782267,0.6491209334696872,1.2100821823263526
11/03/1998,0.8332284461629629,0.7382917610443605,1.2678021227720038
11/04/1998,0.8318517151588571,0.7564815560048332,1.2667479484320348
11/05/1998,0.9006181943160747,0.6411596393437413,1.190486834245955
11/06/1998,0.8926401102360919,0.3395545025447826,0.8818363140771766
11/07/1998,0.8221830845017366,0.0030791722728917836,0.7891210722313486
11/08/1998,0.6600726877623675,0.05163657226674179,0.7817074836581259
11/09/1998,0.4854225450325904,0.13071600476841927,0.7490131064350933
11/10/1998,0.4357942300286448,0.25214097742464747,0.7176128722605164
11/11/1998,0.36651271032551413,0.4280480805033542,0.7079556939344109
11/12/1998,0.4569452675798018,0.392863336467441,0.639164853523746
11/13/1998,0.560552172388944,0.2893757902221825,0.6245392598307549
11/14/1998,0.5336449266480339,0.2964929003936725,0.6428156321184317
11/15/1998,0.4203758113039715,0.26750586523837727,0.6269806594338028
11/16/1998,0.34855482143708794,0.20201411280544934,0.5989223770293732
11/17/1998,0.28977896958001503,0.18777378582470106,0.5803413167078704
11/18/1998,0.23951579620673846,0.12252688607940598,0.501891918374199
11/19/1998,0.19180797821384887,0.04768892453481377,0.43714418957181533
11/20/1998,0.13036183244583954,0.03082391766506487,0.40087974017296624
11/21/1998,0.08084709857518146,0.00748012042412749,0.36468946439588223
11/22/1998,0.10236852214753256,0.004556508872602061,0.35257433130388205
11/23/1998,0.06766490012804649,0.1201787077026516,0.38160117188748766
11/24/1998,0.013091880380153853,0.20954336230894965,0.3771137489234524
11/25/1998,0.02406478637657017,0.15906466140574793,0.3067876200408337
11/26/1998,0.026243775850517848,0.09188266209844509,0.2638380498103101
11/27/1998,-0.00651165091643624,0.0661121222370955,0.22107829588318317
11/28/1998,-0.06224854710276273,0.0752366134234671,0.21605092303685391
11/29/1998,-0.10446903162354104,0.10137261206846249,0.20557109919233008
11/30/1998,-0.12570793313277684,0.13242504129748556,0.1958027415863346
12/01/1998,-0.16245777649915805,0.1517415109270921,0.18267413226303075
12/02/1998,-0.1821251421536011,0.13287845915213536,0.16617679075909675
12/03/1998,-0.14441734318247168,0.1651680109892395,0.20038089333498155
12/04/1998,-0.10817854154303919,0.2439190355576042,0.24167462266999773
12/05/1998,-0.08052964328583656,0.31334076170351854,0.29600615139094844
12/06/1998,-0.038567431109471695,0.36746230690903203,0.35766463811484794
12/07/1998,-0.0033285176443341724,0.45878302328584764,0.4391450514223939
12/08/1998,0.027134265142565117,0.5458491746649669,0.4818345270601898
12/09/1998,0.07963641027432067,0.529341817128642,0.479646161759837
12/10/1998,0.20413538324835923,0.44285432839618744,0.4629716232065326
12/11/1998,0.23432775048828614,0.44020886245169155,0.4896936848569392
12/12/1998,0.16185671407726188,0.5084504808479661,0.4988154578552646
12/13/1998,0.05924206666860876,0.559303624338461,0.48408740880398016
12/14/1998,0.033163566987406634,0.374495626964154,0.37287205651379784
12/15/1998,0.07103913292316383,0.06917794798752591,0.24474118255233168
12/16/1998,0.002746458784145145,-0.10138467268633439,0.23063310000375914
12/17/1998,-0.12646686494938542,-0.19807412186607343,0.25267824699776364
12/18/1998,-0.23048234633519327,-0.2488514608434449,0.24626145776386144
12/19/1998,-0.2989671105303726,-0.10777773525801992,0.32082307087006634
12/20/1998,-0.3816373364969417,0.09292501819216975,0.34860705694892913
12/21/1998,-0.3158479964053028,0.14577896631840545,0.36453304245282503
12/22/1998,-0.21015880750572308,0.2268205085107095,0.41879392769702894
12/23/1998,-0.11127329724728408,0.2550923624345051,0.4579689613753286
12/24/1998,-0.01880207604708556,0.30041242236124266,0.5341437696021739
12/25/1998,-0.004108434088930912,0.33409035352665273,0.5751289967236858
12/26/1998,0.021677931689065955,0.33284371865588575,0.6134442574963066
12/27/1998,0.019985110554349872,0.34194278509075504,0.6195491361008267
12/28/1998,0.00223204190724266,0.3247352193290086,0.6449487323898735
12/29/1998,-0.028963185106395173,0.33140824775552014,0.6518387233617542
12/30/1998,-0.061719272228776864,0.23439133012520155,0.6099188193379652
12/31/1998,-0.028129339635341116,0.12256675537794377,0.5646144800746693
01/01/1999,-0.08433181605955507,0.1744268913271565,0.5388372199346803
01/02/1999,-0.09643029787969538,0.2870746878203595,0.5487801777017575
01/03/1999,-0.17169801289292025,0.42813790294269477,0.5516382155697279
01/04/1999,-0.1436314765151449,0.2660750761545519,0.40410038965798484
01/05/1999,-0.09253526477188741,-0.03437796122378116,0.2596957500437482
01/06/1999,-0.12086088059515815,-0.18723379849794652,0.22614062608192392
01/07/1999,-0.18211963216781168,-0.09181852277662157,0.3012509129920168
01/08/1999,-0.19892692509914875,0.10968425893950762,0.35119378165668647
01/09/1999,-0.17296119945015825,0.30077222865135594,0.35578163116003986
01/10/1999,-0.1221195180372315,0.3149693981439993,0.2897963633586275
01/11/1999,-0.009797535806210789,0.1702791924904905,0.14784286167852387
01/12/1999,0.005768619101839345,0.12959677164636557,0.12770654930634348
01/13/1999,-0.03708925515074152,0.2652568454106332,0.19003750836805067
01/14/1999,-0.026694637075492827,0.3838425250907442,0.23178179782127223
01/15/1999,0.04656875247398223,0.4545996085081488,0.2645512007700444
01/16/1999,0.15876225888821982,0.41833862828240176,0.21615019395081067
01/17/1999,0.23359300204145467,0.39191138998976566,0.2383307037469008
01/18/1999,0.26621606423189137,0.4108257610090841,0.270151187484178
01/19/1999,0.3245265856320615,0.3786792454182797,0.28820609389242324
01/20/1999,0.3914957607516022,0.3609571954241515,0.3121133720954295
01/21/1999,0.3983382536172292,0.3818237528477087,0.3475152893947901
01/22/1999,0.4030597582271727,0.43164528557825466,0.36944617330406493
01/23/1999,0.380286447512654,0.5868155972860825,0.39345809798985654
01/24/1999,0.37236020133361514,0.6020094405244907,0.33216041643265865
01/25/1999,0.4644253039467878,0.3920645843931292,0.20276108427097495
01/26/1999,0.49338133908346804,0.255844520201538,0.22099740767206447
01/27/1999,0.46119752331060226,0.32092659944463253,0.28382656352153485
01/28/1999,0.4522909061287498,0.41452843861803945,0.3334649876106571
01/29/1999,0.5005017682106445,0.4822804103567169,0.3364284834890049
01/30/1999,0.5389465238372573,0.5081988013133815,0.31069169748613584
01/31/1999,0.5328442160314211,0.49562811130452467,0.27151215982970683
02/01/1999,0.526812859747472,0.44336145732257665,0.2376349405672432
02/02/1999,0.5440083316100968,0.4061471369921857,0.23397081234369826
02/03/1999,0.5548268244960515,0.38724098644679184,0.2000682328440324
02/04/1999,0.5616441137962528,0.3691658670975738,0.17703326564798105
02/05/1999,0.5790231277809099,0.3677333320807543,0.16299590772891165
02/06/1999,0.6044370530986025,0.3475678049300079,0.15939236003998997
02/07/1999,0.6114985638472082,0.3388701324933741,0.16661317023411354
02/08/1999,0.5927646839603327,0.3490054483841981,0.18134856361008905
02/09/1999,0.5764241522559889,0.3577343586217489,0.19001547539397357
02/10/1999,0.5739884679533642,0.3525461826568243,0.20388310231750195
02/11/1999,0.5694660605043849,0.3440119214982911,0.2120195996682841
02/12/1999,0.5577075516694273,0.36453545028848117,0.25717843203461455
02/13/1999,0.5379440676140798,0.3599967504813256,0.2681502039044568
02/14/1999,0.5366704254292674,0.23141280195426006,0.21048666462634114
02/15/1999,0.498688799074801,0.23035406363035782,0.27631867544230126
02/16/1999,0.44217231662159673,0.3551262958336139,0.3483954722193692
02/17/1999,0.42826677217802933,0.4781816820575777,0.4021803559554075
02/18/1999,0.44919391255333363,0.5935956680266319,0.4127095612538117
02/19/1999,0.4670111824224247,0.5923764543081725,0.364732212413162
02/20/1999,0.4716461070987219,0.4649076717867431,0.3099322699670134
02/21/1999,0.4695372253591801,0.3811997014414408,0.3167017490917147
02/22/1999,0.4374560214822365,0.2999419607849031,0.28667392980169487
02/23/1999,0.4238627884687869,0.20897613401097626,0.30356137261834865
02/24/1999,0.3414510182787017,0.3272349324172148,0.3971402015495301
02/25/1999,0.3003772409552802,0.3586154172735252,0.4347026081765126
02/26/1999,0.29593631402859466,0.3992781676978979,0.5120165982584137
02/27/1999,0.2982368822737592,0.459805106185985,0.5879223445126478
02/28/1999,0.2890993974976709,0.5446400447887723,0.6937560515868988
03/01/1999,0.29734551250781116,0.529724405875063,0.7049013686319547
03/02/1999,0.32681328641328133,0.4703438711935247,0.7251473589579832
03/03/1999,0.3116827092815484,0.5769181466800511,0.789365322549335
03/04/1999,0.30016302899234804,0.5682864729055022,0.7290342515050998
03/05/1999,0.34463539888882533,0.47382171884062585,0.6926700247890066
03/06/1999,0.3425210875602239,0.577665798783555,0.7220069094885383
03/07/1999,0.3285174803358889,0.6027024264763909,0.6900685107923695
03/08/1999,0.39630149736477716,0.518250327087837,0.6179210705385544
03/09/1999,0.44395516621272635,0.5498685010759309,0.6525722030876269
03/10/1999,0.45037158308289305,0.5819584715496606,0.6905266181171676
03/11/1999,0.5050276975552336,0.48529556275716657,0.673120730899365
03/12/1999,0.5452849820807374,0.4366236633050705,0.7233115618192891
03/13/1999,0.563608377697493,0.46595895296644385,0.8080160525144745
03/14/1999,0.5237480768422864,0.554482418219501,0.9085189159999575
03/15/1999,0.45605691312358576,0.5088077035605594,0.9002716451330817
03/16/1999,0.5048936087173299,0.3008916016762856,0.7632287780554223
03/17/1999,0.5097770104658901,0.21507161542656672,0.7728464349878723
03/18/1999,0.4634269199154032,0.29285368098982445,0.7985723465210307
03/19/1999,0.4493233422168468,0.3060930478348312,0.7717060358414237
03/20/1999,0.4431930426782251,0.3073475508734978,0.7219285564996824
03/21/1999,0.4043572098937348,0.3158080626373893,0.6759622947572512
03/22/1999,0.35787504825803207,0.28120697225017016,0.598700485899415
03/23/1999,0.334267231717034,0.23210884122504805,0.5271605957761695
03/24/1999,0.2891603703153459,0.23830461242252687,0.46728308750222675
03/25/1999,0.24297324080944382,0.2312367076592492,0.40085569946955374
03/26/1999,0.20644263544451602,0.21333903311147256,0.3508171922783493
03/27/1999,0.20186765636633586,0.18392641227753115,0.29659595015693707
03/28/1999,0.19561489758259487,0.14842265513564568,0.26589293991167867
03/29/1999,0.17289661648691612,0.18447782992490547,0.2942544496002737
03/30/1999,0.13575210069422106,0.2457736763133585,0.3511524749023346
03/31/1999,0.12242495423106303,0.3393769834285369,0.4213560631187975
04/01/1999,0.1490366542323981,0.42191882082987164,0.47987194982513937
04/02/1999,0.20701402632012256,0.44737845062383347,0.4515002554652843
04/03/1999,0.26304738540633865,0.3927291509923155,0.40367600130456677
04/04/1999,0.28311217496803087,0.3393131573202753,0.38302294873918347
04/05/1999,0.28204327965171383,0.32865478441712137,0.3793843024819788
04/06/1999,0.26848603600898313,0.31542017370345915,0.36048086282517927
04/07/1999,0.2591269286146276,0.30832302754007546,0.35059844501634907
04/08/1999,0.2537286330657975,0.3466442346845033,0.358970853437669
04/09/1999,0.2450266160067872,0.3985811302267062,0.37505029880891183
04/10/1999,0.2279391856291515,0.4416486041449057,0.39371709702034136
04/11/1999,0.22402690990743623,0.4485189239456241,0.3804132383138828
04/12/1999,0.23779407320283164,0.39175555329121087,0.36290355671726576
04/13/1999,0.24491508931260764,0.2973210388268438,0.3371578844872821
04/14/1999,0.24531229310138253,0.23710377733505694,0.34952783724267544
04/15/1999,0.21480904520143373,0.3086013493001161,0.39024879040436494
04/16/1999,0.1746962317685879,0.36205304331605964,0.3830280207866232
04/17/1999,0.21368108476089515,0.2912548575290307,0.3301968848512414
04/18/1999,0.2191145992657798,0.18871272450285037,0.2670285510453479
04/19/1999,0.1953290003695184,0.06151263404343599,0.23578624013986704
04/20/1999,0.1710436591613833,0.03275201422710938,0.24491840069134535
04/21/1999,0.15172275998714757,0.043370752702409865,0.2587977947649354
04/22/1999,0.14459330600248455,0.10064079813897475,0.2788860241273831
04/23/1999,0.12871527990126624,0.1741535605691426,0.28903210725034106
04/24/1999,0.11285229522920165,0.1732150173175594,0.2879087907596689
04/25/1999,0.09688666197479773,0.1327162066303249,0.27391038616494345
04/26/1999,0.0664723419388874,0.10050486673085163,0.2662927389791008
04/27/1999,0.03146954222498277,0.12170981409177742,0.27859890566588774
04/28/1999,0.0006856065825430191,0.1610677991511963,0.27634038380534476
04/29/1999,0.00350873608819946,0.15237605719932296,0.25320523352825425
04/30/1999,0.01702639509177789,0.10820469106830069,0.21893839986962582
05/01/1999,0.06112892926324742,-0.011434207474647323,0.16332522562510993
05/02/1999,0.0781067039537457,-0.11851697799112398,0.15069075545161592
05/03/1999,0.014847515677068324,-0.12470264974920836,0.1794024392954779
05/04/1999,-0.041363148841050135,-0.03852530775442212,0.20889270270959998
05/05/1999,-0.07673747185494106,0.13746881491255025,0.2523905004038401
05/06/1999,-0.11305004987003231,0.36691469031313717,0.30064437727093185
05/07/1999,-0.09134948654515163,0.49256105248300547,0.3328568694107665
05/08/1999,-0.024220065175558803,0.5553969459436879,0.3828945244979978
05/09/1999,0.03757196009005648,0.5460854389755215,0.42980370014774855
05/10/1999,0.08290451630180945,0.48997759239897476,0.4854374060403046
05/11/1999,0.09132188348577275,0.4517439920195184,0.5326129656216114
05/12/1999,0.06816611692032831,0.4272436328149667,0.5458137197477049
05/13/1999,0.02744232797272378,0.38834123816402033,0.5180265281348566
05/14/1999,-0.033763888657150576,0.34688339175805877,0.47260914307821544
05/15/1999,-0.08673473939576215,0.3160253767373698,0.412655554092668
05/16/1999,-0.11423637839295586,0.2693108308445544,0.34069078869945835
05/17/1999,-0.11555459456902545,0.22647511557337713,0.29159986169921925
05/18/1999,-0.11306289011442655,0.18343412332474887,0.25188009012583984
05/19/1999,-0.11814755352228856,0.12751129612919473,0.20305972642425285
05/20/1999,-0.13005207427922855,0.0583796939951729,0.1635684810203431
05/21/1999,-0.14045531366143155,0.010603121588881687,0.13716530913659258
05/22/1999,-0.15455922153769952,-0.020095651108339246,0.10841759346771274
05/23/1999,-0.17604814094852683,-0.06355459573839647,0.07912246186271066
05/24/1999,-0.20915047443263807,-0.12599126775466432,0.041098782953329416
05/25/1999,-0.2616310479538077,-0.2216600863789103,-0.012886223486510251
05/26/1999,-0.32884668239291837,-0.29287998247830976,-0.04933107546871213
05/27/1999,-0.4108443363580395,-0.3352932241073994,-0.08238284944256863
05/28/1999,-0.48892696312050854,-0.3739420758554223,-0.12785821814555004
05/29/1999,-0.5541546709222808,-0.4108060278435844,-0.1713618588384423
05/30/1999,-0.6116571007130143,-0.41576796462254995,-0.20621047662664704
05/31/1999,-0.6634198311996453,-0.3806732934937902,-0.226535388010843
06/01/1999,-0.6933012444067168,-0.3122133040794618,-0.22134376198020983
06/02/1999,-0.6739175014077708,-0.2575209056775084,-0.21866389499471506
06/03/1999,-0.6144597592004643,-0.2652726364360264,-0.2535019223478681
06/04/1999,-0.5675162292404172,-0.3266052400864624,-0.30466837173700534
06/05/1999,-0.5586682369458352,-0.4263497109651878,-0.34494635256346245
06/06/1999,-0.5667454477125511,-0.48475247899098217,-0.3507341673384006
06/07/1999,-0.5564199101521534,-0.44784660258579934,-0.3421601754636213
06/08/1999,-0.5208205893700352,-0.44027202304037155,-0.3780011697657834
06/09/1999,-0.4929929915972544,-0.4648003318562697,-0.4200001165768807
06/10/1999,-0.49569344173931695,-0.5090298871991487,-0.48481857000877543
06/11/1999,-0.5318580634525552,-0.5679233588006117,-0.5514508687580364
06/12/1999,-0.5822664049603312,-0.626957576659211,-0.6008550454081774
06/13/1999,-0.6361132905444402,-0.6461064660560825,-0.629003975444457
06/14/1999,-0.6883782947054152,-0.6200708746283139,-0.6388808748656735
06/15/1999,-0.7296560117962523,-0.5869043743763942,-0.6573305082939043
06/16/1999,-0.7584116290611247,-0.5737291272280081,-0.6817569206965068
06/17/1999,-0.7763171664388279,-0.5517970789483926,-0.6933011441286373
06/18/1999,-0.7748050258859693,-0.5599576608493515,-0.7385207193351133
06/19/1999,-0.727331010400319,-0.5962012606445111,-0.7948461307693698
06/20/1999,-0.6847723505285717,-0.584314337913227,-0.826759453262995
06/21/1999,-0.6301549402214841,-0.5752227286225591,-0.8519560865016746
06/22/1999,-0.6242771899469209,-0.6047610639898848,-0.8979558237572093
06/23/1999,-0.6665939763006683,-0.6590153111316205,-0.9248110165088291
06/24/1999,-0.7117043962843704,-0.7086130708183882,-0.9553904311020611
06/25/1999,-0.7528507760182482,-0.7618820941601789,-0.9963240856452028
06/26/1999,-0.8296807452238857,-0.792093627624316,-1.0358992024255875
06/27/1999,-0.9085970340253464,-0.7764845330173367,-1.058969511648205
06/28/1999,-0.9755771783822419,-0.7572555527173654,-1.0692646318131462
06/29/1999,-1.021890362401695,-0.7343500241719858,-1.0652002987583806
06/30/1999,-1.0517360797293491,-0.7233284824743467,-1.0812879811346687
07/01/1999,-1.0721394481925497,-0.6996581562655614,-1.0869672946707678
07/02/1999,-1.0791965198852371,-0.6492554947461722,-1.092854480999156
07/03/1999,-1.044267936783939,-0.6290402337281776,-1.1248574367151447
07/04/1999,-1.0021739837000758,-0.59378890385347,-1.1663164336439524
07/05/1999,-0.9921332060739594,-0.5884236941107985,-1.2194194718985092
07/06/1999,-1.016535760370223,-0.6809560496265294,-1.2631457551858358
07/07/1999,-1.0872288264829837,-0.7715715080582279,-1.2537856771105853
07/08/1999,-1.1630048684286278,-0.7673379639867113,-1.2337506433816907
07/09/1999,-1.2257899581958003,-0.7307380653645609,-1.2101629853201774
07/10/1999,-1.2422321479493519,-0.6849724557510757,-1.1758655570713896
07/11/1999,-1.2498701856713206,-0.651097644235153,-1.1167577421405888
07/12/1999,-1.2342074721254164,-0.579560790148266,-1.0724134805931524
07/13/1999,-1.1980728232112385,-0.5556683349904864,-1.046748717663934
07/14/1999,-1.1746486221650967,-0.5305531430539938,-0.9904317055402361
07/15/1999,-1.1464225365791036,-0.43095329379868236,-0.9253512098493966
07/16/1999,-1.0756249875633725,-0.3113942512881495,-0.8696796461947501
07/17/1999,-0.9747657849956706,-0.20259052455541854,-0.8072655461313996
07/18/1999,-0.861552249566642,-0.09437103864809171,-0.7430751339017395
07/19/1999,-0.7446070823113347,-0.004874739023648378,-0.6931431802831621
07/20/1999,-0.6374361292084967,0.01915388241293564,-0.6665146877639304
07/21/1999,-0.5819711527120546,-0.012631343348851576,-0.6342628365359565
07/22/1999,-0.5559636779255668,-0.10632589772460216,-0.6098776091585676
07/23/1999,-0.5715536423153692,-0.21109436996042957,-0.5762897400584724
07/24/1999,-0.6255127883219093,-0.2325284923908566,-0.5370070978216784
07/25/1999,-0.6758365309623242,-0.2185516315994107,-0.5053765926933205
07/26/1999,-0.7275761856954509,-0.23857735197575597,-0.489305911820051
07/27/1999,-0.772128642030548,-0.26976113263456886,-0.4892731666817788
07/28/1999,-0.8051855210494998,-0.2880434079267035,-0.4955513875796148
07/29/1999,-0.8392900906383056,-0.29937028151299494,-0.5098920133592235
07/30/1999,-0.8730612541097825,-0.35010904298058665,-0.5310080829913276
07/31/1999,-0.9043703190615912,-0.40986249358997684,-0.5672581683518283
08/01/1999,-0.9292103221412102,-0.4295933925407577,-0.5929081614789011
08/02/1999,-0.9408017610533749,-0.4270146885880707,-0.6147220636860126
08/03/1999,-0.9462117595678083,-0.46089055702206777,-0.6509342507080396
08/04/1999,-0.9563213609038876,-0.5051075467833759,-0.6940898272173972
08/05/1999,-0.9640970460457814,-0.5059445671819816,-0.7284495402087494
08/06/1999,-0.9272574677142811,-0.5043889599269644,-0.76290789437872
08/07/1999,-0.8855537480008108,-0.4736786785662463,-0.806093335103406
08/08/1999,-0.8446481411925595,-0.4803864091362588,-0.8349546240585661
08/09/1999,-0.853009561597371,-0.5326924039577039,-0.834423763285282
08/10/1999,-0.8881788809378837,-0.5616174332525344,-0.834731372818434
08/11/1999,-0.9234979909008769,-0.584270358377725,-0.836924242096915
08/12/1999,-0.9423637951273156,-0.6437922852107769,-0.84788396278204
08/13/1999,-0.9651863023210738,-0.7093638936761197,-0.8710788414897875
08/14/1999,-1.0116241834568178,-0.7122650750773596,-0.8607189208467477
08/15/1999,-1.0392844178154985,-0.6504528067733861,-0.8382995784807935
08/16/1999,-0.9951232587567617,-0.5683054346851258,-0.8144816900418763
08/17/1999,-0.9056569482364524,-0.5058149772823158,-0.8000265577192538
08/18/1999,-0.8350005685362507,-0.5145040769389999,-0.7842373551907271
08/19/1999,-0.8071544808115426,-0.5331138793993874,-0.767292009880497
08/20/1999,-0.8129219150435388,-0.532871786442288,-0.7682104156545806
08/21/1999,-0.8243712674798636,-0.5510660439457529,-0.7896637561532677
08/22/1999,-0.8151983803156562,-0.590685851099692,-0.8213467265403487
08/23/1999,-0.812616537345397,-0.6233737436161446,-0.8564657047453071
08/24/1999,-0.8396185440899503,-0.6320654268503509,-0.8859552783609779
08/25/1999,-0.8428162418678343,-0.665761971517435,-0.9281044389290649
08/26/1999,-0.8581345433726364,-0.7408545328830274,-0.9898901326027656
08/27/1999,-0.8918256570919091,-0.841645998551478,-1.0599892366419574
08/28/1999,-0.9289754924144213,-0.9365225396423428,-1.123501455264298
08/29/1999,-0.9538034623507214,-1.056511278068483,-1.1947504127463682
08/30/1999,-0.9770233567653164,-1.1541982230413836,-1.2341585171486436
08/31/1999,-0.9981670203475499,-1.1506020592874304,-1.2369250147044133
09/01/1999,-0.9995119075455523,-1.039416508952525,-1.2353848976432984
09/02/1999,-0.9723462060281627,-0.9379805581283316,-1.2230786498037545
09/03/1999,-0.9194500855119361,-0.9461774275499044,-1.1745349358577444
09/04/1999,-0.8913285195153171,-0.9374825148438011,-1.11699081286456
09/05/1999,-0.8623764465111905,-0.8987033685840631,-1.0557224680297572
09/06/1999,-0.8539336923297378,-0.8172946647956569,-0.982765975344665
09/07/1999,-0.848440892582153,-0.7199397095339938,-0.9191921212018349
09/08/1999,-0.8275734043136675,-0.6702789457863584,-0.8823255183308871
09/09/1999,-0.8129785955509415,-0.6857582156229909,-0.8647499406939276
09/10/1999,-0.8123726093882945,-0.7271319196065574,-0.8722070271460015
09/11/1999,-0.7818235401590581,-0.7687844738092047,-0.8431123022794523
09/12/1999,-0.7712513231606086,-0.7025149471076068,-0.8075573714529141
09/13/1999,-0.7500861246542077,-0.6111699216150388,-0.7814915921648874
09/14/1999,-0.6730072748257656,-0.585747812412782,-0.7707621424335467
09/15/1999,-0.5636818020861588,-0.7011720152565721,-0.7828430290612313
09/16/1999,-0.5443163656070773,-0.9018778807433177,-0.6957999187323284
09/17/1999,-0.5855497288251297,-0.8377775022399181,-0.5502308993313431
09/18/1999,-0.6117757445712315,-0.5967774571490028,-0.4160387663733414
09/19/1999,-0.589027270558013,-0.28273820764368746,-0.24901287632864866
09/20/1999,-0.4753506792296628,0.15869942189565547,-0.07274429567466388
09/21/1999,-0.26261237280335076,0.41217937947622324,-0.050889857664408136
09/22/1999,-0.04511994754633153,0.17417593200175147,-0.23840073291050795
09/23/1999,0.07200340561476659,-0.24514733088984675,-0.30972617686797665
09/24/1999,-0.020974014705916755,-0.3132594181041215,-0.29197705405580276
09/25/1999,-0.13827903898201355,-0.3066935494269964,-0.3118028759718847
09/26/1999,-0.20289246949189732,-0.24234825951829153,-0.356802121437559
09/27/1999,-0.19865661961141456,-0.09582553407382799,-0.4019934554838871
09/28/1999,-0.12235526492434068,-0.03050705748771121,-0.4602223860342535
09/29/1999,-0.022470380101376697,-0.021517910532754425,-0.4072480154791551
09/30/1999,0.04754307021872484,-0.026378559329427564,-0.32519782865036984
10/01/1999,0.1671955479752334,-0.0704752365830702,-0.24695873769175558
10/02/1999,0.21217877616659964,-0.05105178335709537,-0.14445947575744067
10/03/1999,0.21727712360634632,0.042461333415591995,-0.04519289340321897
10/04/1999,0.2816729670033433,0.1366830550406336,0.04216460271422062
10/05/1999,0.41557954680913967,0.1592467880237345,0.08124655417789817
10/06/1999,0.5606466836115942,0.07045099021306855,0.09231453264358702
10/07/1999,0.62828744019944,0.005170856266047852,0.09403943453704255
10/08/1999,0.5884722636316857,0.05920591034233136,0.10241443984665222
10/09/1999,0.49513722416137296,0.20522507304120574,0.1299636509936053
10/10/1999,0.4145231615595022,0.28083470221669693,0.12216332894715853
10/11/1999,0.4001590369589465,0.3070181447397803,0.10322527763862732
10/12/1999,0.4703908448066052,0.30890621144739905,0.07855094355714698
10/13/1999,0.5445748798792451,0.32387129064000664,0.08990315956138428
10/14/1999,0.605044506717757,0.33116267485871154,0.09010348514708144
10/15/1999,0.6616405253133906,0.293700331086457,0.055442735996056536
10/16/1999,0.6795837763232058,0.2819102925121456,-0.10041608806414914
10/17/1999,0.6622749434457753,-0.02732679099670865,-0.28826200247595746
10/18/1999,0.5196651359293512,-0.3411230080621892,-0.3463616161047912
10/19/1999,0.333065164723124,-0.4287886668611458,-0.4058567731545051
10/20/1999,0.1707228364835518,-0.4441749866247484,-0.45857409234533364
10/21/1999,0.10112750120738379,-0.4560697188062648,-0.5587454468101234
10/22/1999,0.05183380297239526,-0.5232877120458246,-0.6880441901269785
10/23/1999,-0.08654851916561346,-0.6266119644483215,-0.7904079269536946
10/24/1999,-0.2366838104902762,-0.7700649300584081,-0.8748182388973436
10/25/1999,-0.2619012800687186,-0.7991556606205041,-0.910230543749865
10/26/1999,-0.3155071726087275,-0.6964125370068501,-0.8802145321862829
10/27/1999,-0.3802398339594273,-0.6100640917190803,-0.8621357262904974
10/28/1999,-0.38319184283240504,-0.5739435641621138,-0.7869399449487513
10/29/1999,-0.34349828172228225,-0.448714332326283,-0.6047092739697799
10/30/1999,-0.2880641951852194,-0.22616290968914932,-0.3194654006334754
10/31/1999,-0.22585236730069025,0.021533709614304897,-0.021223655068682623
11/01/1999,-0.16502783610708271,0.27579514067680755,0.2559423132088725
11/02/1999,-0.1507599399666728,0.448316759004733,0.44259954258259837
11/03/1999,-0.07299292641144794,0.3163165576673388,0.4534202891678625
11/04/1999,0.009197991575034203,0.1493510402301661,0.4413553490573294
11/05/1999,-0.04451109984350343,0.23070783759749847,0.4213264017853673
11/06/1999,-0.0463003328704219,0.34925828667506864,0.2937583222078608
11/07/1999,0.004422814743519243,0.4104381656635063,0.11156303383183452
11/08/1999,0.017982809867193694,0.4125648022679771,-0.06753976635534364
11/09/1999,-0.011071948405690257,0.441901970894816,-0.16764311480805816
11/10/1999,-0.022098636682915673,0.4910203595163949,-0.19827341218121286
11/11/1999,0.02164506768731478,0.5005715520171568,-0.1728335235473053
11/12/1999,0.07950383260323046,0.4074597705250389,-0.15985573662668084
11/13/1999,0.11766896439331953,0.2812993938641579,-0.1426099638024707
11/14/1999,0.09749173097713304,0.23162107353292538,-0.06796618352773653
11/15/1999,0.039571186142465464,0.19682292664218304,-0.03511436995216011
11/16/1999,0.007327608203536284,0.09259107520066467,-0.07092825923280244
11/17/1999,0.00505770979926945,-0.00896706709666284,-0.10279909825706834
11/18/1999,-0.0099282861805714,0.011811413820554506,-0.06481396690823216
11/19/1999,-0.026921872714882777,0.1074081858626117,-0.016469361256531867
11/20/1999,-0.009316100014195694,0.2002993650651821,0.0231002777126168
11/21/1999,0.05321981563887701,0.21530813020493222,0.024994423685056555
11/22/1999,0.13275445392401863,0.19312201056335376,0.0180840633706556
11/23/1999,0.2100058399507274,0.1820100436525397,0.025322361984349673
11/24/1999,0.2567631496806211,0.14093180698891372,0.018318919455324822
11/25/1999,0.2862723425458711,0.09151883181245524,0.015800789918604785
11/26/1999,0.24775164604526334,0.06789013643233377,0.010300945709125875
11/27/1999,0.23571288970476512,0.014120075204797189,-0.006309076400741631
11/28/1999,0.22932699592984807,-0.026170229033093295,-0.018739893725416623
11/29/1999,0.21883526892055372,-0.015059025451997443,0.026705813644131604
11/30/1999,0.2299764554913819,-0.014563859333343365,0.02757731312349465
12/01/1999,0.34872512678808765,-0.072434997566857,-0.04584872942541951
12/02/1999,0.3707344429610594,-0.03574661141466906,-0.05843613099866718
12/03/1999,0.3383467241071897,0.08339571178552618,-0.07560488985454805
12/04/1999,0.314722435366954,0.19905766247876788,-0.12584928159544195
12/05/1999,0.3542708283425807,0.2641176638776045,-0.16282824046128352
12/06/1999,0.34338325494177235,0.2945510327023805,-0.17434990342639967
12/07/1999,0.39068146913843915,0.1757881430915138,-0.27967624345111675
12/08/1999,0.4566562957319792,0.061930116683498126,-0.3235477496007495
12/09/1999,0.47521782285265124,0.04810451261227777,-0.2684729021833453
12/10/1999,0.4408780933593368,0.048295403760358235,-0.2045263539946114
12/11/1999,0.4413731764968203,-0.011560156878718253,-0.18380310429265279
12/12/1999,0.4602688067766664,-0.05898078276404706,-0.15468305976528351
12/13/1999,0.3666250878310847,-0.01713205282293967,-0.11320840035398261
12/14/1999,0.2161884543136543,-0.05298259652912923,-0.13178227865630754
12/15/1999,0.15161504867987835,-0.15214822860817162,-0.1975844252569382
12/16/1999,0.09458627716169243,-0.23341272179686162,-0.25806412757936137
12/17/1999,0.11909181021800941,-0.31222123096503174,-0.3420546768768634
12/18/1999,0.11868268334515308,-0.3120433164222205,-0.3961405967725714
12/19/1999,0.06538433300162527,-0.2977483232898678,-0.4599667548432682
12/20/1999,0.05680719649096683,-0.41486823375142995,-0.5717127244484524
12/21/1999,0.05579762310375369,-0.45058965729932265,-0.6036808250544308
12/22/1999,-0.047415966676342125,-0.41934850947604435,-0.6413423597765857
12/23/1999,-0.04856296736500165,-0.5374976819907216,-0.7644807160017282
12/24/1999,-0.026228426144692174,-0.6548034925983383,-0.8801647855449882
12/25/1999,-0.08833610130396286,-0.8015374255050108,-1.0048726361300262
12/26/1999,-0.1287191101653099,-0.9051576736864904,-1.0912054569354035
12/27/1999,-0.21173261089419343,-0.9461825947049411,-1.1365819004251092
12/28/1999,-0.34952662972039994,-1.0185133704199991,-1.2439194087008056
12/29/1999,-0.43785492772313006,-1.1228598974727757,-1.3992745175856367
12/30/1999,-0.504447516817747,-1.1333127585277978,-1.4608191064122218
12/31/1999,-0.595110391370084,-1.0304730443455221,-1.4699069575572612
01/01/2000,-0.6727438226732815,-0.9923413934398706,-1.5248936114123248
01/02/2000,-0.6737418398405342,-0.9261282357023307,-1.5174921146001954
01/03/2000,-0.6279601318798229,-0.8214547099403401,-1.475623052779941
01/04/2000,-0.5847277627278392,-0.6979786116044142,-1.4186803934604046
01/05/2000,-0.5632658812030741,-0.6855384509779587,-1.4281077471729007
01/06/2000,-0.43874430939889747,-0.7378711623396624,-1.449815217536533
01/07/2000,-0.3612527007427532,-0.7054615915832493,-1.3682361224739885
01/08/2000,-0.28394877977326627,-0.6199330211341804,-1.2942498012766421
01/09/2000,-0.2549830594236632,-0.5449471497766041,-1.2188009856321982
01/10/2000,-0.2714184988773002,-0.4826973761067935,-1.1544459956072028
01/11/2000,-0.3015187832217059,-0.48099949593519886,-1.136284779084611
01/12/2000,-0.3092830955757049,-0.5199476903694438,-1.1329252983185105
01/13/2000,-0.3015708412411248,-0.5077315963751212,-1.0580048682881968
01/14/2000,-0.28604911357868357,-0.4892970074446868,-1.0052109814692132
01/15/2000,-0.123228981501944,-0.5349365502187613,-1.0074864236800127
01/16/2000,-0.03059839452559099,-0.45133438911640833,-0.7889536889983787
01/17/2000,-0.0166331612887885,-0.2773974400492381,-0.6035412212192343
01/18/2000,0.031946289180087906,-0.1870406916755024,-0.5095459974814032
01/19/2000,0.0713997010335995,-0.15317034270256769,-0.4455841114212086
01/20/2000,0.07630724244162501,-0.10699341580446298,-0.4101853590794515
01/21/2000,0.0807211681686687,-0.11650197927615452,-0.44132204966903493
01/22/2000,0.14139535844361034,-0.15878433921682,-0.44180369129395325
01/23/2000,0.13575276807354936,-0.04095705697398788,-0.37252483876678655
01/24/2000,0.11724663743584252,0.08971301296462658,-0.3544935883878026
01/25/2000,0.15643895209116976,0.015130825594450892,-0.5108447256607461
01/26/2000,0.1645051936205293,-0.2522490726286902,-0.6172471106939892
01/27/2000,0.10619309470461857,-0.4206597493819261,-0.6335339825173472
01/28/2000,0.03714977987822843,-0.37199859526360246,-0.5617762783888341
01/29/2000,-0.05836065379759847,-0.19229116708924282,-0.5061705296217697
01/30/2000,-0.06932622251150633,-0.11757997699611222,-0.5091238814052401
01/31/2000,-0.0208087720798531,-0.12480072385672969,-0.5129639893867703
02/01/2000,0.016932191408229547,-0.15903336085908476,-0.5439676706042856
02/02/2000,0.02881169203180467,-0.18857251827380467,-0.5568201576649452
02/03/2000,0.023333603535659053,-0.17987637249661437,-0.5423840962407023
02/04/2000,-0.029051181762322353,-0.15422573411923068,-0.5386453480552161
02/05/2000,-0.0827604199265124,-0.19857407531033022,-0.5645651741061051
02/06/2000,-0.08530044038644857,-0.2565438005132766,-0.5943947777821645
02/07/2000,-0.11363111893465383,-0.2344613762784999,-0.5622601517146262
02/08/2000,-0.14769790151852646,-0.1743706513674922,-0.5708745982397909
02/09/2000,-0.16631687956126806,-0.18085836682465756,-0.599701600154255
02/10/2000,-0.16045717900168444,-0.2313980166702468,-0.6222888070022913
02/11/2000,-0.1892422554558424,-0.25249621530548616,-0.5641921148727822
02/12/2000,-0.23080821769015347,-0.2103888340240863,-0.5274276021727141
02/13/2000,-0.2283223463751488,-0.161976466677345,-0.5065229760542969
02/14/2000,-0.22487323661199854,-0.10290161619048632,-0.46909865084682767
02/15/2000,-0.20439370715632554,-0.11205599467134264,-0.5105462863893668
02/16/2000,-0.14053752088807148,-0.2251634330923089,-0.5577547939908458
02/17/2000,-0.10395283975103231,-0.2641041703823497,-0.5391674037541396
02/18/2000,-0.08356928195061275,-0.2478549944449462,-0.527070205421887
02/19/2000,-0.07584279328796162,-0.21647075165769947,-0.5159726467755277
02/20/2000,-0.046924618529039064,-0.24307537603411045,-0.5592208591593325
02/21/2000,0.011071720433979415,-0.3240415247369801,-0.6303047113531319
02/22/2000,0.0256078676230187,-0.38255861606800823,-0.675018907752668
02/23/2000,0.013771290102139844,-0.35015797039757335,-0.6514055648429162
02/24/2000,-0.0020195323964232736,-0.27161198793597263,-0.5925528941865458
02/25/2000,0.021578488872420087,-0.22396077775704026,-0.5538884736681406
02/26/2000,0.0699473960196253,-0.20159363153609455,-0.4935947734694455
02/27/2000,0.09973459851924471,-0.1668650063676923,-0.39976222043711895
02/28/2000,0.13186217402166134,-0.17084764983147482,-0.32986246815051246
02/29/2000,0.18196051534331026,-0.21428792224218385,-0.3096653723618097
03/01/2000,0.19461475962730757,-0.23222528993548275,-0.2721553904171684
03/02/2000,0.18171057081454478,-0.2312159918904736,-0.23892236175598736
03/03/2000,0.17451654874377498,-0.23557119897608358,-0.22385854316416776
03/04/2000,0.15821662889813393,-0.23776929498602983,-0.22507080307875016
03/05/2000,0.15372701910197717,-0.27505830419379995,-0.2585460321492937
03/06/2000,0.164624094283634,-0.2984133752275522,-0.29977589426294216
03/07/2000,0.16704018804195098,-0.3076794934361179,-0.33279179871730513
03/08/2000,0.18065759740127363,-0.2923611100177387,-0.35181262584006046
03/09/2000,0.1770837171490086,-0.2566922387852977,-0.3776022828654433
03/10/2000,0.16701718566127466,-0.24619351922930777,-0.4095499329761427
03/11/2000,0.1645287829838048,-0.2253239084868638,-0.4270840821296118
03/12/2000,0.15631106325698751,-0.24387845761893723,-0.4579959795766445
03/13/2000,0.19918790438485856,-0.3387198855426048,-0.5387241879606234
03/14/2000,0.21167819709113533,-0.3867857011957241,-0.5499132869191814
03/15/2000,0.18962639805241643,-0.3315547443163266,-0.5209725088365416
03/16/2000,0.15805465838667931,-0.24060764847941296,-0.46984789369468816
03/17/2000,0.1486015970897624,-0.17654825491029513,-0.45869989860858584
03/18/2000,0.17209359462631135,-0.20385490775992626,-0.4817834763073051
03/19/2000,0.17550686176439423,-0.20574138909043443,-0.4782291071903636
03/20/2000,0.13614681683084784,-0.14113844604184306,-0.47142858713532876
03/21/2000,0.14743089697858902,-0.17487145438255342,-0.5348837553680593
03/22/2000,0.18993797575428173,-0.22474465866348492,-0.5676174916792261
03/23/2000,0.2055331863010773,-0.24815668583800432,-0.5895993800975614
03/24/2000,0.18303487693510267,-0.2461019783803826,-0.5903531674999258
03/25/2000,0.16548607823312123,-0.21117453517832946,-0.5457443479580096
03/26/2000,0.16161085578809453,-0.16996054325959487,-0.4935147974254095
03/27/2000,0.16256631671678523,-0.1328728769453239,-0.4442635531496833
03/28/2000,0.16289763170860616,-0.1590231439843488,-0.4257277760677278
03/29/2000,0.17875544359650242,-0.20350929554903846,-0.4269111050237099
03/30/2000,0.1638713991571613,-0.20310854744518064,-0.3835763026460085
03/31/2000,0.1466793024444909,-0.21841583322376024,-0.36868570461836403
04/01/2000,0.17168578846430416,-0.2827736299963654,-0.38805650301449246
04/02/2000,0.1453669927808403,-0.30672615333147063,-0.3709596860795064
04/03/2000,0.08546824320816404,-0.26062080327418563,-0.3344526305074977
04/04/2000,0.001616201147417895,-0.21531307405833855,-0.340913932029734
04/05/2000,-0.046537833681427276,-0.3645497889692307,-0.45631388576358306
04/06/2000,-0.0681208904268753,-0.5236949934082802,-0.495586465058256
04/07/2000,-0.13302392347750236,-0.47340471751098173,-0.4537318484291142
04/08/2000,-0.18233361698836859,-0.39492156295723974,-0.4568901109291693
04/09/2000,-0.1589078017400769,-0.4545648592160292,-0.5201030787525351
04/10/2000,-0.08781657799181686,-0.5742891919701306,-0.564723949479172
04/11/2000,-0.08753970563622793,-0.518223211092935,-0.49259424110320676
04/12/2000,-0.10612082330120931,-0.43795621369740834,-0.4588164339705728
04/13/2000,-0.09828537599325576,-0.40482752762554697,-0.43045857615613403
04/14/2000,-0.07165434225250489,-0.39372753911959285,-0.372223234537805
04/15/2000,-0.06529145085826243,-0.3269465227868302,-0.31825210521975783
04/16/2000,-0.06503050040572705,-0.29162555375444177,-0.2871092470204874
04/17/2000,-0.06514903420470441,-0.3016549429669704,-0.2563948348125837
04/18/2000,-0.08303875973859609,-0.3570658107899911,-0.24335975404407784
04/19/2000,-0.11260859524380695,-0.433377174850347,-0.26643237612032583
04/20/2000,-0.15301299228367493,-0.44452636876451224,-0.24944243736900046
04/21/2000,-0.2122367852380901,-0.3462975771245942,-0.19362244531806422
04/22/2000,-0.24851792299761938,-0.2794155663978915,-0.1543513267730547
04/23/2000,-0.2214015647051198,-0.2509284534925932,-0.11443634223779875
04/24/2000,-0.20925949942685879,-0.1305046171251234,-0.014216296117580463
04/25/2000,-0.22813630957706688,-0.0022428524582592257,0.08155317039120358
04/26/2000,-0.17900487534481957,-0.012550445995487464,0.07993887970832603
04/27/2000,-0.1307356818669555,-0.05220149095034332,0.09068626419941295
04/28/2000,-0.125844759403816,-0.058285111396413514,0.14359275047157133
04/29/2000,-0.14585851816564027,-0.0635071087397717,0.19474203605217333
04/30/2000,-0.12067846872801302,-0.06523217519298954,0.21650148475797143
05/01/2000,-0.06713175137146027,-0.0653567740906274,0.2464063576180413
05/02/2000,-0.05882084815674238,-0.008182144869268326,0.30270855936321267
05/03/2000,-0.0668451571165462,0.017547233904784604,0.30908197244740393
05/04/2000,-0.053593658036085956,0.039278526467608765,0.3123435424097199
05/05/2000,-0.01981556083263969,0.09964023342979847,0.29991167009917497
05/06/2000,0.030393426709288685,0.10607451580645194,0.2670089331672982
05/07/2000,0.08107856719982115,0.0606171739651612,0.21297791311308473
05/08/2000,0.1107314240566536,-0.001612459543532646,0.15006732046991295
05/09/2000,0.12216452441220943,-0.07612054521303788,0.08622424204895651
05/10/2000,0.11898142782651933,-0.129322747845353,0.030654078766735593
05/11/2000,0.11124088826785888,-0.19257870752361647,-0.04513245408446398
05/12/2000,0.1081937882135286,-0.26899464775583604,-0.09117852956541217
05/13/2000,0.08724779102216601,-0.3216135490454805,-0.12373060542546532
05/14/2000,0.05743670566796777,-0.3779424089352707,-0.1675181996222485
05/15/2000,0.042208652738061625,-0.4563167596448463,-0.22774645012077577
05/16/2000,0.006976452886424289,-0.5448178534652934,-0.30409983499388726
05/17/2000,-0.06371694340404827,-0.5877542108243848,-0.3656215387424215
05/18/2000,-0.1321235288540633,-0.5693630142527398,-0.37832584086507115
05/19/2000,-0.16352196190686769,-0.5222336280150515,-0.35250502118021226
05/20/2000,-0.161080187659761,-0.5121335427267645,-0.338404161227191
05/21/2000,-0.16019138594269255,-0.5233082201100947,-0.34646400979705727
05/22/2000,-0.16602900128191633,-0.54761510458905,-0.37175547003467724
05/23/2000,-0.17812168664887357,-0.5997084240065172,-0.4218705042776573
05/24/2000,-0.20605024542901712,-0.6941080601743713,-0.4771088339281554
05/25/2000,-0.2573845519897844,-0.7571625595237956,-0.5022965403633406
05/26/2000,-0.298767265593359,-0.7821579674116617,-0.5205039328058287
05/27/2000,-0.3201018085801369,-0.781905892450513,-0.5371475115815609
05/28/2000,-0.3520741271846014,-0.7758365991161416,-0.556014513649548
05/29/2000,-0.400514829641182,-0.7962069922206364,-0.5882426682718807
05/30/2000,-0.4503986288221871,-0.8384065015276694,-0.6466600355287448
05/31/2000,-0.47830667989770764,-0.8406390060927612,-0.7214119518549025
06/01/2000,-0.4569955795285586,-0.812240967894211,-0.7835594245284154
06/02/2000,-0.4052593733182056,-0.8089265902428829,-0.8371879268977789
06/03/2000,-0.3634526381582708,-0.833014986268437,-0.8934801468535876
06/04/2000,-0.34936494567635357,-0.8610264273218183,-0.926864850021418
06/05/2000,-0.3684675606958571,-0.8774725423274016,-0.9375534799149627
06/06/2000,-0.4064312840809972,-0.8786925193755827,-0.9352688674423845
06/07/2000,-0.4389347485664913,-0.8705017565917821,-0.9449159422499904
06/08/2000,-0.4381627930734233,-0.8337120824573023,-0.9667934276438157
06/09/2000,-0.4408475047444972,-0.7507773064023401,-0.9563669617383632
06/10/2000,-0.4404371305336084,-0.653815172358965,-0.9226731477113372
06/11/2000,-0.39879720849157824,-0.5494232565465849,-0.8941623980988598
06/12/2000,-0.3451007005125464,-0.4544833003711572,-0.8942414408861679
06/13/2000,-0.3112726364151962,-0.3656415853418489,-0.9129250782950996
06/14/2000,-0.2946908915482754,-0.30457438556385935,-0.9221100287163373
06/15/2000,-0.26728680172207486,-0.2547381734155894,-0.8753286686620811
06/16/2000,-0.2244164174028126,-0.20507012867676377,-0.8162221521754253
06/17/2000,-0.154082364523356,-0.16481575965346495,-0.7496884134520199
06/18/2000,-0.07930573382864975,-0.11548158359134492,-0.6592544973920283
06/19/2000,-0.027238616177018782,-0.07384734930201536,-0.5637961705614146
06/20/2000,0.00971780837848596,-0.06287037431658793,-0.4784593375677684
06/21/2000,0.041716577886406925,-0.08146079994557937,-0.4151521513911526
06/22/2000,0.061968688270627625,-0.09780427646243905,-0.3699452765914685
06/23/2000,0.06346956609483223,-0.08986641068718182,-0.32954455221695955
06/24/2000,0.06547928446122697,-0.06930389336351866,-0.30634581875315836
06/25/2000,0.07043246376647999,-0.04275293693830623,-0.2945802105943591
06/26/2000,0.07490827947150963,-0.011948531151144526,-0.29041885941615764
06/27/2000,0.0817137190604561,0.03610542353245494,-0.2992209716966078
06/28/2000,0.10742825284265606,0.07993599230160209,-0.3312084272356196
06/29/2000,0.13727371336542332,0.08545257619984037,-0.3799307178279041
06/30/2000,0.1493860259631017,0.013122328943822814,-0.4270379873624752
07/01/2000,0.15789188077415656,-0.08235348469619286,-0.46951926559694523
07/02/2000,0.1665686942677418,-0.15897781394241906,-0.5044399470351826
07/03/2000,0.17029709768970774,-0.20040641894827416,-0.5190515824536165
07/04/2000,0.1800412656702826,-0.18525590935098246,-0.5014034542500714
07/05/2000,0.20372821480317244,-0.15836885297756775,-0.49261603061900805
07/06/2000,0.20415003517477287,-0.1814269887496029,-0.4750946224487118
07/07/2000,0.17420321009410938,-0.21812700100062887,-0.441642603067252
07/08/2000,0.1433018412450679,-0.2521052730526673,-0.41422534630650143
07/09/2000,0.1326913603183204,-0.2572716647616881,-0.4020873687128341
07/10/2000,0.13702787771486674,-0.2534406303241574,-0.39762498137496405
07/11/2000,0.14116518789121396,-0.2232268068708569,-0.3910852862874886
07/12/2000,0.1489015818852576,-0.20730985551537506,-0.39629967566703383
07/13/2000,0.132680574513027,-0.2024957698317218,-0.41765656611159674
07/14/2000,0.08737894494706266,-0.20860041120397138,-0.4328342826007381
07/15/2000,0.009500001147124515,-0.23571623162319372,-0.43892905768675605
07/16/2000,-0.06275308128688445,-0.24737051494239287,-0.4509029038252581
07/17/2000,-0.11359010352541021,-0.23227608072080852,-0.4370275268132414
07/18/2000,-0.15193279755228217,-0.22876447041294395,-0.45076064303865626
07/19/2000,-0.18991897302190813,-0.2630349215953551,-0.4887680102434703
07/20/2000,-0.21482673590552248,-0.27918885747056627,-0.5109285970372176
07/21/2000,-0.22252501271691677,-0.25833146000366897,-0.5212855961809288
07/22/2000,-0.2091380307148759,-0.22781283312075123,-0.5192249653233124
07/23/2000,-0.18478375573753747,-0.20099477001063915,-0.5100488605528138
07/24/2000,-0.1690700847645905,-0.17634515048667154,-0.49763865602893653
07/25/2000,-0.14914884913523696,-0.13795166188936886,-0.49048585184689186
07/26/2000,-0.11089273504200725,-0.08456913728973686,-0.4895278435263911
07/27/2000,-0.05392556001050636,-0.027080251093749508,-0.49319899146359114
07/28/2000,-0.0029007400260939176,0.019744684020351566,-0.4887692275348561
07/29/2000,0.04170810332510244,0.05172755346237179,-0.47606163872546514
07/30/2000,0.07886622977686064,0.09985267396309494,-0.4559818086735819
07/31/2000,0.11073435896965372,0.1614211464975136,-0.41985608991631745
08/01/2000,0.14836680404938518,0.2556600136824595,-0.36049455088436766
08/02/2000,0.2017605757519772,0.3364562334457613,-0.3056252228292377
08/03/2000,0.2603312405036049,0.3535107222394867,-0.2524985285454169
08/04/2000,0.29161480839868564,0.357004423657725,-0.19179180137957208
08/05/2000,0.29962029722885175,0.35611855015693616,-0.12868376407364868
08/06/2000,0.31196934724677183,0.38439897686068575,-0.0842169212836773
08/07/2000,0.33002390483228955,0.48494588342986017,-0.02354058582609192
08/08/2000,0.3835425203968197,0.6150630677793261,0.016491380411325113
08/09/2000,0.4436902239651299,0.6361225127517737,0.027119551499379807
08/10/2000,0.48088430310118846,0.5874736306266691,0.005228351289277289
08/11/2000,0.4779688338951204,0.5091387381919381,-0.02974268543594666
08/12/2000,0.45005674731421613,0.4136551151016901,-0.03818825306954263
08/13/2000,0.4084082039652329,0.3072971555147428,-0.03920197275912782
08/14/2000,0.36933394618551996,0.2260812805575558,-0.00968314357382416
08/15/2000,0.3279153532704569,0.17824692996310343,0.031050591147416373
08/16/2000,0.25755506960602326,0.12940392721801838,0.058271945147835985
08/17/2000,0.18898530299294444,0.137078561674654,0.11024549930203748
08/18/2000,0.15705909920906574,0.2140972975162806,0.1628958268902802
08/19/2000,0.1704235924402121,0.27882354767375017,0.20572456066259032
08/20/2000,0.19563640284425238,0.2911574880335581,0.2351888146174369
08/21/2000,0.1994267329306225,0.2961605858998204,0.26247229105490466
08/22/2000,0.22759085516580219,0.34417525846159247,0.29413294443325133
08/23/2000,0.30038165034868786,0.41733131104107507,0.3261365493713093
08/24/2000,0.3822419136987802,0.44349948696972263,0.36152738931906114
08/25/2000,0.42178065814790155,0.4402717178829645,0.3947572530226373
08/26/2000,0.4372976899495363,0.42097145433052635,0.4042388167781753
08/27/2000,0.43658483626710015,0.3928674742278192,0.39416556825645666
08/28/2000,0.42312609564209197,0.3399070709642474,0.35537848534275934
08/29/2000,0.40929359384593283,0.2640946309534834,0.2851715698631765
08/30/2000,0.3744465646397525,0.1769432802338968,0.22922988925005844
08/31/2000,0.31892017508868986,0.15239025127855102,0.19868037944852707
09/01/2000,0.25562719862604477,0.12670256205083333,0.18710921330039415
09/02/2000,0.18774629278158672,0.13457877427164974,0.2026741907556852
09/03/2000,0.12798907938856144,0.1348331392219655,0.22593671028809323
09/04/2000,0.09259259778148407,0.12311238749931255,0.22762399787773482
09/05/2000,0.09966731563861436,0.11694750179672501,0.21417349613568346
09/06/2000,0.13242883235004851,0.14010663196269904,0.20120893711478527
09/07/2000,0.22463638830318233,0.21373459846316475,0.16706995962802673
09/08/2000,0.30363786295460893,0.24241318969325087,0.11096994998201232
09/09/2000,0.35094352449302224,0.16431651484933477,0.05924484499962093
09/10/2000,0.34003019723060207,0.11975743593739516,0.01922334746812597
09/11/2000,0.3089378389177784,0.1601220767466375,-0.03156846020889352
09/12/2000,0.3203330788955749,0.1943287018207851,-0.03805426986436143
09/13/2000,0.33281640118346284,0.20093009468880568,-0.03463587219519894
09/14/2000,0.33215901735681486,0.1638638603244087,-0.021979693658659212
09/15/2000,0.28286597947725056,0.16132291183410483,0.0012403424043886911
09/16/2000,0.22813990401616263,0.16875574692199535,0.00903620104908821
09/17/2000,0.28499364466002447,0.2889044322836545,0.10469132332038336
09/18/2000,0.42207605714182617,0.54926792114089,0.13575574737803875
09/19/2000,0.5385068808930497,0.5339723201788178,0.07232760301406994
09/20/2000,0.567513066355704,0.5267583258503523,0.1362781682643761
09/21/2000,0.5554381005260123,0.6434516524328651,0.21836568536231998
09/22/2000,0.5779296595920739,0.7394106537866737,0.16749913599422953
09/23/2000,0.5760271389231737,0.5998561892179799,0.10406076638261996
09/24/2000,0.5508708622808841,0.47775408438099115,0.054448432905531474
09/25/2000,0.4858760765124498,0.35050707850253415,0.004056951788869945
09/26/2000,0.37313634610161883,0.17439781048293523,-0.04589727826206502
09/27/2000,0.31117523316051554,0.018806845380820447,-0.13244247583785917
09/28/2000,0.2562468321341683,-0.055103905422674626,-0.19716934838117006
09/29/2000,0.2432434799482538,-0.057133599152494274,-0.2695430425271992
09/30/2000,0.3074057409564872,-0.022529338011047728,-0.3253881107806823
10/01/2000,0.37442161787921124,-0.03153750949137324,-0.43485847586954374
10/02/2000,0.38714707048998653,-0.12969419583143116,-0.4828064879878021
10/03/2000,0.34763873907687937,-0.12385213988342281,-0.4522877350819481
10/04/2000,0.32200564913055474,-0.029446866819164308,-0.43321744535255413
10/05/2000,0.36060202970027433,0.006604197733131034,-0.41743745366217855
10/06/2000,0.3567683362742644,-0.03383290068199163,-0.3439597979585105
10/07/2000,0.2790549215677869,-0.12496325436976752,-0.24357667536899785
10/08/2000,0.29772694816308953,-0.29247672511173106,-0.1802836503488341
10/09/2000,0.3912554350868276,-0.5413166361851783,-0.18961581187497722
10/10/2000,0.4897385687723208,-0.7219769934404888,-0.21896876482079497
10/11/2000,0.3877067583999896,-0.6335442469889627,-0.023725046047395892
10/12/2000,0.26323981266411356,-0.4146050767476074,0.11883511308293404
10/13/2000,0.2812966814936253,-0.2160004231138335,0.25533165978671835
10/14/2000,0.3633248585539939,0.027051745857185727,0.4794540342057092
10/15/2000,0.45375829628218867,0.2653565324186872,0.6806865425618243
10/16/2000,0.5644940314069786,0.38505467709156693,0.8293940637660342
10/17/2000,0.6416671286292832,0.4145907224697285,0.9248908164280562
10/18/2000,0.6768803249192179,0.38796789561534073,0.9552158171216927
10/19/2000,0.6738960686896003,0.3770285586569564,0.9604178307054809
10/20/2000,0.6582885315081846,0.4218575627020005,0.944255284908978
10/21/2000,0.6574923262964159,0.4345961265319451,0.8884834975969105
10/22/2000,0.723583008580811,0.4168922790157936,0.8148631753428466
10/23/2000,0.8500101827125455,0.39592026465530816,0.7772047650019158
10/24/2000,1.0118056999729228,0.3562846624478986,0.7871705266942826
10/25/2000,1.160533590452589,0.35329810555317387,0.8283204939166533
10/26/2000,1.229418126485422,0.3807274196173043,0.8757586638262245
10/27/2000,1.2523086869744746,0.4357248563195566,0.9084967823863839
10/28/2000,1.2655676700831018,0.47711828944054324,0.9421135824450761
10/29/2000,1.2811434735176537,0.5349375799706557,1.0136337118714924
10/30/2000,1.3014982324842161,0.6173071984432568,1.085826029601057
10/31/2000,1.3412428977670314,0.6887734151720561,1.162391994126483
11/01/2000,1.4048763241382214,0.75809984253811,1.230386563665419
11/02/2000,1.4489811695536832,0.827607061612847,1.287544115490899
11/03/2000,1.4661722023603885,0.8731007496924184,1.3275483274847213
11/04/2000,1.5060779576807526,0.8465169700891788,1.355758933617877
11/05/2000,1.515653111358668,0.8114285230335325,1.3821942825705875
11/06/2000,1.5105361639077537,0.8294348839901329,1.3848588116846257
11/07/2000,1.4408808096606425,0.9113436861815485,1.3833087939869042
11/08/2000,1.4820002615676975,0.912838285776503,1.3523002436038496
11/09/2000,1.4833222197578524,0.9572015999736816,1.3493006347477234
11/10/2000,1.4425297538459336,0.8516582893527258,1.2345276672302412
11/11/2000,1.5177771079001878,0.5418321501694552,1.0351916988529632
11/12/2000,1.5148781475797706,0.3221417460466718,0.9091595975458626
11/13/2000,1.4200799806037738,0.24784516142772728,0.8604675363563217
11/14/2000,1.267410208467469,0.20315514210969043,0.8178856287006382
11/15/2000,1.2507356102903564,0.06654073004036998,0.7050834153601306
11/16/2000,1.2093943523329664,0.03529723351025971,0.6755023014322612
11/17/2000,1.075610745382068,0.12871170459584214,0.7102054934762632
11/18/2000,1.1023531590713493,0.07395589110932099,0.6331695733232234
11/19/2000,1.0994843916684691,0.032895034876282425,0.595931656003275
11/20/2000,1.0082881333639346,-0.04443067694878278,0.47231137411855273
11/21/2000,0.9833955953415305,-0.30514946643260266,0.24323072842755278
11/22/2000,0.8826400318893084,-0.5566349021682143,0.0949592004212989
11/23/2000,0.7129618885944229,-0.564330733704041,0.12978943710958268
11/24/2000,0.5923732836486444,-0.39600625449167814,0.14899691557813544
11/25/2000,0.42075112735225484,-0.15489899093371162,0.13202969959934285
11/26/2000,0.3947910880972081,-0.14994175156841827,-0.015808350944483962
11/27/2000,0.4438942004189552,-0.28971658355597885,-0.13693951540384153
11/28/2000,0.4721457463752685,-0.3792699567565331,-0.20116628406955406
11/29/2000,0.4908644014009338,-0.4024765308005879,-0.19460528638282737
11/30/2000,0.49898978142733885,-0.3940304635837393,-0.2048523235380384
12/01/2000,0.5329542822929988,-0.4082062598441757,-0.2142046515248015
12/02/2000,0.5057445203941277,-0.32380853301886936,-0.17225565423689426
12/03/2000,0.4491275538569195,-0.3002524126799748,-0.18729317933478673
12/04/2000,0.4817788645850304,-0.40551282156255974,-0.2592031666156447
12/05/2000,0.4701939558543011,-0.4204968078451944,-0.23486184288089962
12/06/2000,0.43228287747118455,-0.3491671684188915,-0.20023509673591577
12/07/2000,0.38178938679986374,-0.22812761855441777,-0.14553862405754758
12/08/2000,0.4107128810886055,-0.1031647300737687,-0.11650772583598845
12/09/2000,0.4637628277326966,0.04108708944884065,-0.06614286282429527
12/10/2000,0.5450749593927382,0.14532228779760015,-0.005717654579568854
12/11/2000,0.6327053350829409,0.214028950147361,0.033924413227025996
12/12/2000,0.7301218113232785,0.2501557017774368,0.05336816795353316
12/13/2000,0.8472282887346039,0.24194814573976148,0.031136085579069772
12/14/2000,0.8751329279737581,0.2773158540381833,0.040637775218851035
12/15/2000,0.8610822887685218,0.2847274920468818,0.006847429984942366
12/16/2000,0.8649885846049836,0.23821822313151253,-0.022848515096974942
12/17/2000,0.759302403991239,0.1891615467820409,-0.06190928569054288
12/18/2000,0.7202195249045724,-0.053714704046974426,-0.2136006315392469
12/19/2000,0.6090844581790746,-0.1411086174650284,-0.2371011315375492
12/20/2000,0.45909451842096527,-0.37650441317505856,-0.4066843884779612
12/21/2000,0.3862610202538596,-0.5843578633044877,-0.46854470211359933
12/22/2000,0.2669544219949558,-0.5316130713284435,-0.44758302560557106
12/23/2000,0.26225874461945725,-0.5829252695699959,-0.5031008859345935
12/24/2000,0.27768240950113177,-0.582587114503314,-0.4952939093619072
12/25/2000,0.2864542774896536,-0.5323960127521568,-0.49182799675232197
12/26/2000,0.31892362361146637,-0.48438245582613204,-0.4439389826898887
12/27/2000,0.3212032072286538,-0.32596811023671013,-0.34900538959924626
12/28/2000,0.2903396987573714,-0.22526319441515827,-0.3186129103864647
12/29/2000,0.2227640605518189,-0.3488554363041122,-0.3854211888937102
12/30/2000,0.19688678584350408,-0.6183899794607356,-0.47801839405150764
12/31/2000,-0.01861213991402888,-0.8411941639317859,-0.4679377887507119
01/01/2001,0.021294951256391706,-0.8773028236807932,-0.47612220578327064
01/02/2001,-0.026847050429136057,-0.7802049343823095,-0.4213622310709516
01/03/2001,-0.028363079741725403,-0.6920424066522411,-0.4030786767640997
01/04/2001,-0.06526979420821116,-0.5985790824644734,-0.402929233958324
01/05/2001,-0.10315768677858868,-0.5766520251868852,-0.44661810582373335
01/06/2001,-0.13477627499315942,-0.6094199498887699,-0.4268949421478407
01/07/2001,-0.13489106677805662,-0.605738469359007,-0.4090090363603033
01/08/2001,-0.15363661294412376,-0.4996917721454698,-0.3195971987240752
01/09/2001,-0.1654601667885502,-0.46866999354065614,-0.296972742759641
01/10/2001,-0.11578434288034342,-0.6021514068440437,-0.3531938728985278
01/11/2001,-0.0994440312944711,-0.6018583469486081,-0.30817726074242113
01/12/2001,-0.16302543633265687,-0.5203524066971996,-0.33127548651414684
01/13/2001,-0.1730286470723092,-0.6013078687839675,-0.4251332374781599
01/14/2001,-0.15753234309377276,-0.6756069195450887,-0.4548725587097821
01/15/2001,-0.19179660863645703,-0.6405187073601262,-0.45520909920153113
01/16/2001,-0.20762708914699313,-0.6546494084493151,-0.49895031459652295
01/17/2001,-0.20136402148132265,-0.6793947377768403,-0.5217207237980966
01/18/2001,-0.1980593094379972,-0.6703296101557489,-0.5258422289716085
01/19/2001,-0.20682373008477406,-0.6474672390984766,-0.5238207543202301
01/20/2001,-0.2622478012312123,-0.6289565520665592,-0.5429844102989018
01/21/2001,-0.2914294578051334,-0.7571036411221657,-0.6177048799309317
01/22/2001,-0.3196921564308643,-0.8895638366933494,-0.6097868458074961
01/23/2001,-0.3613019956145948,-0.9354107115633541,-0.6246199065289777
01/24/2001,-0.39458291855504335,-1.0263147086298294,-0.5996619029782644
01/25/2001,-0.4479086002759287,-1.0009143836834704,-0.526330849733803
01/26/2001,-0.47527207824341944,-0.9830130686401035,-0.5320536205723745
01/27/2001,-0.496198044653525,-0.9084363420133191,-0.49483457126890135
01/28/2001,-0.5026482497096604,-0.7801906659882816,-0.47594139743612407
01/29/2001,-0.4696867553633648,-0.655939729267228,-0.4271392119525609
01/30/2001,-0.44318507791329864,-0.5079841164999183,-0.3482690365632512
01/31/2001,-0.3848758772239762,-0.4541659067822472,-0.2957832461939715
02/01/2001,-0.31197759085229115,-0.45861441624690874,-0.2653526657608193
02/02/2001,-0.2647833826352304,-0.4740763056529535,-0.2286292569332043
02/03/2001,-0.25044673615768676,-0.48928923213440645,-0.17770890328586075
02/04/2001,-0.27148411920273474,-0.4732165615157121,-0.09074333441822502
02/05/2001,-0.30138347206554594,-0.3994088602246384,0.0030974961955246294
02/06/2001,-0.3136074947894667,-0.36108348412557484,0.07002417657821763
02/07/2001,-0.31675661975712355,-0.28033770284157317,0.10848433560210918
02/08/2001,-0.3088549534745013,-0.15670647241914282,0.09947086096073127
02/09/2001,-0.29688439717495607,-0.03834926319648618,0.0571371590185803
02/10/2001,-0.28437337664558515,0.024302785236625712,0.010116844665323144
02/11/2001,-0.24821304724261584,-0.028437779067115088,-0.04821965386715421
02/12/2001,-0.2167585573514187,-0.10353310016323919,-0.08992576094724869
02/13/2001,-0.21938526780423595,-0.09983858431053794,-0.10308715598520507
02/14/2001,-0.23662982608686578,-0.0699181143410268,-0.10171595839203806
02/15/2001,-0.22133430684426036,-0.08415503569686522,-0.12149288577079509
02/16/2001,-0.18299260335052825,-0.11568795162681766,-0.1487660558078654
02/17/2001,-0.17746113612410985,-0.11322233790827418,-0.16095069623798014
02/18/2001,-0.1541066392618332,-0.1659062396595985,-0.20160019439533378
02/19/2001,-0.1308341732180377,-0.20979904915989656,-0.213120031423373
02/20/2001,-0.16022461216583284,-0.13000936771107408,-0.1862999778164186
02/21/2001,-0.18066154869652618,-0.056487915065613015,-0.1927854628608528
02/22/2001,-0.17074645871983396,-0.04997636023406182,-0.201249695629026
02/23/2001,-0.15048866194167054,-0.04606546976411441,-0.20565000110623383
02/24/2001,-0.13214637282245312,-0.02042986311048045,-0.1951908712152629
02/25/2001,-0.13737517714525682,0.05770885358579281,-0.1618530743421605
02/26/2001,-0.13967688266921363,0.07909746982127686,-0.1746471314163099
02/27/2001,-0.11948046225925413,0.03523172916726247,-0.19195863797534396
02/28/2001,-0.1285065670868143,0.01456950923841771,-0.1792511303187112
03/01/2001,-0.15869379822898388,0.019869718519408996,-0.17649611587834357
03/02/2001,-0.17767993388861103,0.017683777067337147,-0.18723907754406344
03/03/2001,-0.19271002693634998,0.04414066778377623,-0.19260867157527695
03/04/2001,-0.22584468114992218,0.10368637527353841,-0.1904878253704485
03/05/2001,-0.23594001147151733,0.040922117371348876,-0.24712348380252835
03/06/2001,-0.2043049877441213,-0.2185377652484859,-0.318914785173284
03/07/2001,-0.20387278511776075,-0.4953146633686174,-0.3306674494670173
03/08/2001,-0.22485858706674922,-0.596545161062349,-0.31011449882991393
03/09/2001,-0.21870000230404485,-0.5491406825365176,-0.29245018065094097
03/10/2001,-0.20403904793947947,-0.45310135540892493,-0.29997024164402997
03/11/2001,-0.1567073757345604,-0.4193640019605661,-0.34582897598072826
03/12/2001,-0.14188346032540256,-0.37532551391878133,-0.3433835998924848
03/13/2001,-0.16822584537214014,-0.2910917855482842,-0.328329600784507
03/14/2001,-0.18074115821177572,-0.27409983107406166,-0.3515790141463332
03/15/2001,-0.17739733845267136,-0.2830050704773093,-0.34185796859885853
03/16/2001,-0.20026874863436994,-0.2632685933477942,-0.3173761288618293
03/17/2001,-0.19201852474602443,-0.3082925987778785,-0.3150039119858694
03/18/2001,-0.16556486980999396,-0.3400652002404253,-0.29573475742044397
03/19/2001,-0.16860793435894172,-0.29457115985482635,-0.2661077921837126
03/20/2001,-0.19818371306298777,-0.24615732456631373,-0.24365582640862515
03/21/2001,-0.21504621904522792,-0.3613132463717859,-0.2764394310902252
03/22/2001,-0.24059137166064037,-0.5219645003516158,-0.2853107666741391
03/23/2001,-0.295130126299204,-0.5630774391587403,-0.24323744335937703
03/24/2001,-0.3466159110574244,-0.5283938504439151,-0.19951225563429736
03/25/2001,-0.3874580136855321,-0.4657226013324218,-0.17715722682988627
03/26/2001,-0.41350800802417853,-0.42202132887458316,-0.18682024815464227
03/27/2001,-0.4226653034630449,-0.42986753636557185,-0.20789671524033526
03/28/2001,-0.4395984307894585,-0.4510324382749463,-0.20926178580019578
03/29/2001,-0.47549102275357336,-0.3771343117706958,-0.1577673575353844
03/30/2001,-0.5109539434537975,-0.2780613948939927,-0.11864750773323307
03/31/2001,-0.4877424135412639,-0.2946715670720575,-0.12158791565163363
04/01/2001,-0.4531404128845603,-0.3454907717487765,-0.1077163122429099
04/02/2001,-0.43691115106950695,-0.3616370743267709,-0.05553788794850645
04/03/2001,-0.42726875119736674,-0.27792804706339175,0.04109139204234208
04/04/2001,-0.41469668447750274,-0.1635561823173765,0.11801678213756778
04/05/2001,-0.3656119153620374,-0.13060312079916192,0.1599476823602098
04/06/2001,-0.28576133369193046,-0.08396913555081215,0.21018188942984223
04/07/2001,-0.19721020241932008,-0.006075623848194711,0.25395402402602607
04/08/2001,-0.10295734227960218,0.05164760457233525,0.2772873087643226
04/09/2001,0.01712007419357875,0.08081866090821627,0.2957515496891788
04/10/2001,0.14197064974558526,0.09205968925965835,0.313853281239395
04/11/2001,0.25179667189815136,0.08997791295575486,0.3208141591462997
04/12/2001,0.33368114828052975,0.09808236076333982,0.317192798426769
04/13/2001,0.3725854012244464,0.09441473760390695,0.29964862690755745
04/14/2001,0.36999834878360455,0.05604485351030497,0.25497630533168814
04/15/2001,0.3440447296507536,-0.013530595498012221,0.19429457321563354
04/16/2001,0.28965954433516444,-0.06636082168520646,0.14086152726642504
04/17/2001,0.22077412782842626,-0.10997912607407179,0.07614658417869197
04/18/2001,0.1588385119440584,-0.20008908407703618,0.0029985304058737783
04/19/2001,0.12378416782050616,-0.3160854906236965,-0.06159610371657742
04/20/2001,0.053254356243633616,-0.27429894269606625,-0.047094470863024374
04/21/2001,-0.000574956548860639,-0.16906507420072914,-0.04885215847113383
04/22/2001,-0.00772741291420298,-0.10188959255489305,-0.0592105777881336
04/23/2001,0.004423567162314457,-0.06883952944436006,-0.060242638001261006
04/24/2001,-0.0005011801732038301,-0.05027916726286674,-0.044798253545906386
04/25/2001,-0.010639947207268852,-0.06010832921764542,-0.05605300508653155
04/26/2001,0.023695013052418168,-0.13046296171873611,-0.10566769199363013
04/27/2001,0.0666073299412312,-0.22406767805801728,-0.1596671436245778
04/28/2001,0.0745497181417959,-0.23080136183856192,-0.14479691493945468
04/29/2001,0.07431837362419735,-0.16590571120056014,-0.14429165786165193
04/30/2001,0.09085418710259535,-0.11251473125632158,-0.1753113667490772
05/01/2001,0.12393131702128068,-0.05986840881436764,-0.21828954332716516
05/02/2001,0.13905195213521065,-0.08557623820320243,-0.27351825637571725
05/03/2001,0.13905294266835322,-0.1079977569873965,-0.289225900381405
05/04/2001,0.15285789296867952,-0.09467536335574536,-0.29555175794880156
05/05/2001,0.16797258488377353,-0.08802893403414891,-0.292671808835885
05/06/2001,0.17341174909619694,-0.07422781523169295,-0.2775386046350824
05/07/2001,0.18067044931230591,-0.04046444985512859,-0.24975425336880136
05/08/2001,0.193944033613132,0.006209228538745504,-0.22371184607537614
05/09/2001,0.2234298205471651,0.06201550115757212,-0.1809000732297033
05/10/2001,0.26308563133876467,0.10533017647024048,-0.12307974682111933
05/11/2001,0.2999702605848893,0.15827813158758,-0.06281526161567713
05/12/2001,0.3317260192960179,0.20348592332756368,-0.000817921546397038
05/13/2001,0.3674161389492227,0.23705094041184593,0.047041512335364466
05/14/2001,0.4004518865945363,0.22987652179356372,0.08373956092578105
05/15/2001,0.429116484869848,0.2043258208920447,0.12539486637871128
05/16/2001,0.4462721519748494,0.20849289656010536,0.17955378318117732
05/17/2001,0.4554527065992789,0.21340556921319181,0.2159646727337199
05/18/2001,0.473336635679986,0.19821489672900863,0.25028871908747413
05/19/2001,0.48887542252426586,0.19672546428909196,0.28480765379207096
05/20/2001,0.4944841880219451,0.1944381174193826,0.31423847281019396
05/21/2001,0.49891990547805304,0.1858473111437772,0.334229684049203
05/22/2001,0.5113982751002407,0.1940126491760816,0.3454370018021671
05/23/2001,0.5346017706884294,0.15730459260414412,0.3201950853239426
05/24/2001,0.5609436421253895,0.0544962923757962,0.24500689176516738
05/25/2001,0.553713593997484,-0.05480800250131165,0.18718559152347047
05/26/2001,0.5227291304239998,-0.12268733286816264,0.1325675529867199
05/27/2001,0.4900970066896587,-0.20618333242153503,0.07555400673216012
05/28/2001,0.4569065524425827,-0.2609013904456704,0.03003445035188196
05/29/2001,0.42394149951426663,-0.29859660850069153,-0.0079751891301863
05/30/2001,0.40091600639981784,-0.33360038467490616,-0.0661709687784855
05/31/2001,0.37668591492899667,-0.41868469722598545,-0.16794715962972423
06/01/2001,0.33681299394787184,-0.49358613257281714,-0.25199053937336496
06/02/2001,0.27476467740412225,-0.5700942595483419,-0.31319801963888505
06/03/2001,0.2106403134600613,-0.620242497399745,-0.3757310084942301
06/04/2001,0.16065423256084177,-0.634045671320682,-0.4195649814928084
06/05/2001,0.1349986538436233,-0.6045660536242506,-0.4293373967367569
06/06/2001,0.12306067507842539,-0.5535827330573805,-0.4459418193062477
06/07/2001,0.09520226071909937,-0.5238114059719418,-0.4655555484865729
06/08/2001,0.08646630872846905,-0.5447808367549065,-0.5189551189226749
06/09/2001,0.07762205844796521,-0.6380872086083726,-0.5824855157630371
06/10/2001,0.042039099805850966,-0.7476825669801074,-0.6382575465333802
06/11/2001,-0.020558889257275503,-0.8234319442123298,-0.6845889551151221
06/12/2001,-0.10150833904275774,-0.8594716762541426,-0.7236197397642239
06/13/2001,-0.13537463038199982,-0.9121851129939282,-0.7719704724492316
06/14/2001,-0.14574140347011466,-0.9259495332520755,-0.8221117190333834
06/15/2001,-0.1536620366280284,-0.930767435584335,-0.8626578691520961
06/16/2001,-0.1713510874852231,-0.9505831815695596,-0.9081899230572639
06/17/2001,-0.1882106218680396,-1.026025524100674,-0.9668556177568005
06/18/2001,-0.2046706045316833,-1.09831954255375,-1.0278742961284058
06/19/2001,-0.22953302300937634,-1.1278413195378842,-1.0727470650191129
06/20/2001,-0.260589245205828,-1.1445933536088295,-1.1023050504106537
06/21/2001,-0.2805903471553181,-1.1460950580419642,-1.1259069102050017
06/22/2001,-0.2914668045731167,-1.146025595037297,-1.1473677573338974
06/23/2001,-0.31280057714522935,-1.155914649016387,-1.1741252015872474
06/24/2001,-0.3239449554339503,-1.1892726863107628,-1.217316850498002
06/25/2001,-0.31848245866313973,-1.244694475620572,-1.2677950433376997
06/26/2001,-0.32597598860604265,-1.288764318898616,-1.2944700363878616
06/27/2001,-0.3423645428244289,-1.2762535796317438,-1.2876989342079783
06/28/2001,-0.32333152192954995,-1.2049939316691503,-1.2788380267536024
06/29/2001,-0.27988094199566377,-1.141331175966927,-1.3015862406755758
06/30/2001,-0.23442412890457548,-1.0953422043333574,-1.3187478175122789
07/01/2001,-0.18712906973938992,-1.039874497804909,-1.2995949954269403
07/02/2001,-0.1396644459753546,-0.9779755622186945,-1.2918081041621168
07/03/2001,-0.09606033340491038,-0.9372538005350727,-1.2919450494429994
07/04/2001,-0.07787796035803823,-0.9185134686922873,-1.2854363141331002
07/05/2001,-0.08620397837473054,-0.9284055759902639,-1.2825468701473792
07/06/2001,-0.11141524794944685,-0.9625497254625788,-1.2776533182007133
07/07/2001,-0.13809386396728912,-0.9647118862579374,-1.256527266779248
07/08/2001,-0.15783126398330455,-0.9525958471748206,-1.2316824713273968
07/09/2001,-0.17202806185617586,-0.9630332067647277,-1.2218438760084527
07/10/2001,-0.17973055760501389,-0.9997353915695757,-1.2235861851687238
07/11/2001,-0.1982136124892238,-1.039949832576666,-1.2259916340995147
07/12/2001,-0.22525179203655615,-1.0662582263034148,-1.228695197690652
07/13/2001,-0.2538204186566172,-1.0866999613780473,-1.2233259688468539
07/14/2001,-0.27480170817686395,-1.1340018014151534,-1.2260102180813357
07/15/2001,-0.2806155140343337,-1.1500719471739989,-1.268577599393148
07/16/2001,-0.2734764482095781,-1.115135402732957,-1.307423477480771
07/17/2001,-0.24639314437479493,-1.105604996287692,-1.332656304849986
07/18/2001,-0.2146201430497635,-1.0831512415021773,-1.3418067247722503
07/19/2001,-0.1950379999317009,-1.0951798499733323,-1.3435502512239066
07/20/2001,-0.1847784979139046,-1.12683830428366,-1.3289582141967795
07/21/2001,-0.19291026137609957,-1.153331717391395,-1.3267044397726409
07/22/2001,-0.21009883619315978,-1.1692476705464703,-1.3492974084665668
07/23/2001,-0.20967187972379675,-1.1522153183146724,-1.3835952019027697
07/24/2001,-0.1770391690068568,-1.097081891486629,-1.3873553744166425
07/25/2001,-0.15235941217729287,-1.011759537497742,-1.373540537362871
07/26/2001,-0.1458231407972973,-0.9430897498453059,-1.352021381976599
07/27/2001,-0.10476921082306823,-0.9038620005799307,-1.3454582337417613
07/28/2001,-0.04264465991402261,-0.8943423981861112,-1.3438215043210078
07/29/2001,0.003607771406235638,-0.9104611621764561,-1.3414083053017263
07/30/2001,0.027901880666976964,-0.9729267820044754,-1.3297759499732749
07/31/2001,0.03726465670258994,-1.0371640313987336,-1.3047658463512564
08/01/2001,0.035941561233648056,-1.0414477203611945,-1.2492886029781387
08/02/2001,0.03687794522780463,-0.9216333734176104,-1.1820402330586033
08/03/2001,0.10574626586628472,-0.6546723083409642,-1.1228257834024218
08/04/2001,0.24813034188623592,-0.39119296627769556,-1.0979443880562418
08/05/2001,0.36178664562844337,-0.3221803848625775,-1.0163462626717064
08/06/2001,0.39950515703203804,-0.2544044563141725,-0.8595777567590013
08/07/2001,0.4087137767620762,-0.26612749802599106,-0.6822800779675909
08/08/2001,0.4094657014738859,-0.2636467351483564,-0.5019314611999641
08/09/2001,0.4398681351121252,-0.2649083430252033,-0.3229975399043521
08/10/2001,0.4579795933235207,-0.24077379491032336,-0.13761246118138584
08/11/2001,0.4540599436328885,-0.18472771932356222,0.035894247624094267
08/12/2001,0.43869655452705,-0.10742983967450198,0.19541058595798882
08/13/2001,0.436337691572325,-0.0026500349281929902,0.3608957502958704
08/14/2001,0.4491503110993441,0.10038385859173204,0.5441580351477943
08/15/2001,0.4651425420028549,0.18055955000901777,0.7431392848152957
08/16/2001,0.4768352354136823,0.2353759014142297,0.9400871709522147
08/17/2001,0.491645503477364,0.30615964265421935,1.1217966789126121
08/18/2001,0.5240816117093996,0.40978253313088847,1.2681028899767477
08/19/2001,0.5579131610159479,0.49507711366144125,1.3700465801226567
08/20/2001,0.5991226413794238,0.5738903202432859,1.4390933357589601
08/21/2001,0.6442409856282454,0.6306747118238785,1.4822812110664176
08/22/2001,0.679105110702676,0.6551767151232137,1.5138709775097354
08/23/2001,0.677909720635851,0.6783309130048343,1.560207295833401
08/24/2001,0.6639089015788725,0.7031301451542444,1.6054270333453928
08/25/2001,0.6371882429322352,0.6920017960132461,1.6344843062136398
08/26/2001,0.5971314863377826,0.667366503600977,1.6448959211641898
08/27/2001,0.5376752849598013,0.6475256264526085,1.620760035638959
08/28/2001,0.47175431401989903,0.6199719483615264,1.5751224019942769
08/29/2001,0.4119094567872695,0.5555695261590413,1.5068768675479993
08/30/2001,0.3571302960872083,0.49451641862206597,1.4032078291684613
08/31/2001,0.314857129877998,0.46483674982089584,1.3017059752191622
09/01/2001,0.26428472673325953,0.40470979610694674,1.1957816610894392
09/02/2001,0.18673511685885977,0.3087597785567828,1.0803520460221585
09/03/2001,0.09994988605478072,0.22070711158896025,0.9806313734047107
09/04/2001,0.03504498199711262,0.1657220055975972,0.8984286193889243
09/05/2001,-0.008981024317757519,0.10757436585184002,0.8116628891904292
09/06/2001,-0.03637718987884292,0.06591112503308975,0.7003393602724418
09/07/2001,-0.0670392899451703,0.0403646518038722,0.594938197403888
09/08/2001,-0.11536296274568825,0.004335254072137616,0.4784400845346719
09/09/2001,-0.15383101424427925,-0.0469640262818163,0.3551132104502684
09/10/2001,-0.19257725880929766,-0.10750141651532215,0.22929876084292547
09/11/2001,-0.23721207614058853,-0.18121875131088963,0.0858486399805493
09/12/2001,-0.28110707527621037,-0.21527083147524215,-0.07517669333137027
09/13/2001,-0.26406172421377977,-0.1473659589215508,-0.17530824236785192
09/14/2001,-0.13109677455913787,-0.0821845293793047,-0.2958885013224477
09/15/2001,0.01144413587450488,-0.28245018848735404,-0.5495501148456458
09/16/2001,-0.014195190761952858,-0.7568131060865775,-0.7063372858929301
09/17/2001,-0.19166318015397482,-0.9517422096753521,-0.7342477485467643
09/18/2001,-0.348695260234861,-0.9559075238132879,-0.748392309260525
09/19/2001,-0.4368630551826448,-0.94602639671977,-0.7587223656882388
09/20/2001,-0.5266449422237857,-0.9095606679756145,-0.7300513393766547
09/21/2001,-0.5854243159764616,-0.8825454896443057,-0.6892524389899033
09/22/2001,-0.5929435997809793,-0.8711419894974977,-0.6536999021697574
09/23/2001,-0.5778733351114932,-0.8565773061027254,-0.607570482805273
09/24/2001,-0.5724683626355787,-0.8429811706893622,-0.5549572826042956
09/25/2001,-0.5432905948213863,-0.8718283990702576,-0.53808858607498
09/26/2001,-0.4476016450620445,-0.9486898302715567,-0.5531861642145641
09/27/2001,-0.41475325492566584,-0.9733769116695573,-0.5429581168049689
09/28/2001,-0.45523498692320863,-0.9546073971443351,-0.5297128098141607
09/29/2001,-0.47912954446477085,-0.8615886831605836,-0.5090570386313475
09/30/2001,-0.43391266051181654,-0.7691543861552478,-0.6027800760153488
10/01/2001,-0.3725518473394225,-0.8879681252691137,-0.6376467097160653
10/02/2001,-0.3941375088201613,-0.9441220652173086,-0.6338131751080176
10/03/2001,-0.46957291742519425,-0.9356383599734149,-0.6101383184069079
10/04/2001,-0.5099141771490479,-0.8590883085808704,-0.5834545202823864
10/05/2001,-0.4980848635378494,-0.7784735264206353,-0.5458200500053751
10/06/2001,-0.4680417366242189,-0.7099972722114667,-0.5014064434253358
10/07/2001,-0.42216607476094103,-0.7568713540161057,-0.4839011846540895
10/08/2001,-0.3234391231775833,-0.81853536020107,-0.47048744511188434
10/09/2001,-0.24398270032401714,-0.7664298862257295,-0.44182550790931474
10/10/2001,-0.10263468528114439,-0.6080385579633,-0.36424720329120797
10/11/2001,0.021629274534038956,-0.4428302255453219,-0.22828869937987895
10/12/2001,0.08634898558110748,-0.2741657710184753,-0.12949328994466214
10/13/2001,0.1401674391954828,-0.1766747669133527,-0.06636382831035081
10/14/2001,0.09109367600378349,-0.06326035250894835,0.023035349495468038
10/15/2001,0.12283501695477672,-0.1437528257607108,-0.007759647402163727
10/16/2001,0.25272116949464163,-0.3230613847966829,-0.030207839573959783
10/17/2001,0.32474631924741937,-0.5136018122274387,-0.07324002331319046
10/18/2001,0.38002357137079557,-0.7262238418455778,-0.12411294317287258
10/19/2001,0.3073071762325772,-0.7359306948918798,-0.10426310004011552
10/20/2001,0.21603615101925255,-0.657843180004626,-0.08412431250878782
10/21/2001,0.18849401022259182,-0.6041570263287952,-0.12409866028728289
10/22/2001,0.21946530337397152,-0.5382193719030981,-0.1331399703250129
10/23/2001,0.2630269697650831,-0.4943165216810754,-0.16530287812907596
10/24/2001,0.27634780616528043,-0.527108403192686,-0.19199203233569007
10/25/2001,0.2576569594403375,-0.5567862517460604,-0.1781230258152533
10/26/2001,0.34937526539558483,-0.6348347780998385,-0.1999137183332811
10/27/2001,0.5539072615693872,-0.8312543710466049,-0.27314272198324563
10/28/2001,0.6145059878936914,-1.061369569177724,-0.2542755170333588
10/29/2001,0.5609805853428371,-0.9535872363302078,-0.08983641175954027
10/30/2001,0.5236036978129963,-0.7156757994460321,0.0776821161089214
10/31/2001,0.5856750901102454,-0.574722268932927,0.21566319023387792
11/01/2001,0.6330674416415432,-0.41747094425091724,0.38747904072831507
11/02/2001,0.6637771973577844,-0.25914479260318046,0.5457784934403622
11/03/2001,0.7372609255010867,-0.1571697548425044,0.6722718670298633
11/04/2001,0.8489990067898197,-0.10154973467575434,0.7743530705259696
11/05/2001,0.9169628239266572,-0.15685772913936913,0.8364676763320693
11/06/2001,0.9493805522660046,-0.29908067697954777,0.872699299439887
11/07/2001,0.8799767934362195,-0.2777337502904007,0.9845314938515548
11/08/2001,0.7623191026761926,-0.147018585180537,0.9906701320038369
11/09/2001,0.7048309805863608,-0.13523488811468698,0.9269104786191775
11/10/2001,0.7059338108342958,-0.21157760741129938,0.843487958058595
11/11/2001,0.6745117884182203,-0.26039718180569826,0.7916931428561882
11/12/2001,0.637413093954813,-0.3363488414141498,0.7139683575080058
11/13/2001,0.6248894532995224,-0.433848946758264,0.638694507212062
11/14/2001,0.5934301574882854,-0.4781579471098627,0.5650042718560797
11/15/2001,0.5973533290745241,-0.6135547895555109,0.4297715170688732
11/16/2001,0.5825286065642963,-0.844187525237895,0.28975505059436046
11/17/2001,0.4646221085542934,-0.9831603912763767,0.21542253172693737
11/18/2001,0.3036847965429066,-0.9584852295655697,0.2044838701827847
11/19/2001,0.19319621777952678,-0.8583252137299218,0.194097696622195
11/20/2001,0.13092198630723617,-0.7745798989459274,0.16443461840769125
11/21/2001,0.11888176251023919,-0.7756209632508917,0.08983721693474878
11/22/2001,0.13408842726162007,-0.7871556386744805,0.03303896894992886
11/23/2001,0.12102520285041063,-0.6946868156786593,0.03712521324963669
11/24/2001,0.10077173506893011,-0.5733639530521172,0.03078056881852098
11/25/2001,0.11530274616021075,-0.5951358782432025,-0.03514286058049887
11/26/2001,0.223398013427478,-0.7038521156463012,-0.12783168720325855
11/27/2001,0.27035552091070936,-0.7627415357284715,-0.1689685482550427
11/28/2001,0.26649020379707156,-0.6824672573417557,-0.1553929089585495
11/29/2001,0.2524113160541681,-0.5602027981447423,-0.1298504026608247
11/30/2001,0.18600179215821533,-0.5032067293605745,-0.14369607776303495
12/01/2001,0.2455738125406467,-0.6267517622421295,-0.22047101064299612
12/02/2001,0.33644014993703386,-0.7286348481301873,-0.25215820097354924
12/03/2001,0.358146766519983,-0.7816440457782698,-0.2654317491245046
12/04/2001,0.33202490349914027,-0.8079483879857239,-0.2917170466257446
12/05/2001,0.3240067945430515,-0.7936828124064906,-0.3058924859643244
12/06/2001,0.32010710226085104,-0.7560315738869693,-0.30634848331738584
12/07/2001,0.3081281814592388,-0.7407610453703686,-0.3053512376378892
12/08/2001,0.2834397299498984,-0.7355910718834237,-0.299075086135407
12/09/2001,0.2305485987857795,-0.7272941475506466,-0.3148545097564698
12/10/2001,0.2090466190120841,-0.7402310596728741,-0.3250562230957521
12/11/2001,0.18446184330464188,-0.7517007346347802,-0.3106263698575721
12/12/2001,0.20108144854932275,-0.7651150214213814,-0.300145491027181
12/13/2001,0.20753198378316917,-0.7422284586837005,-0.25725013083969683
12/14/2001,0.1664849875409209,-0.6826500454512496,-0.19984396753688694
12/15/2001,0.15495991434907358,-0.6334705317342688,-0.16905452960324763
12/16/2001,0.22062584134886631,-0.5831585890164097,-0.15453301432373046
12/17/2001,0.2512778526517432,-0.5024957758013825,-0.10542760155600239
12/18/2001,0.21156371046417322,-0.48965316425861216,-0.09551235745614017
12/19/2001,0.23074949358095243,-0.5676848973585141,-0.14705969731985014
12/20/2001,0.2035706950142801,-0.6247482565935281,-0.1533926151772812
12/21/2001,0.24027655137200565,-0.6666528270396566,-0.1918884408387722
12/22/2001,0.27141381385379887,-0.6091909509722799,-0.1291703019636672
12/23/2001,0.2557728920369542,-0.3998697352234915,-0.003941775276612214
12/24/2001,0.24071524749338596,-0.269839981485985,0.03527874452313251
12/25/2001,0.3228143393892321,-0.3792890154218508,-0.08900731459677613
12/26/2001,0.3191661324651244,-0.48836384164110463,-0.13235088147245982
12/27/2001,0.17292877247485633,-0.6277126182086525,-0.19261187710926014
12/28/2001,0.07349303940085625,-0.7105340104411156,-0.18068416631427292
12/29/2001,-0.020027743376243023,-0.6214687572387115,-0.17823704544171365
12/30/2001,-0.05041095333430194,-0.5638818125323287,-0.2334735085787522
12/31/2001,-0.009714495764050118,-0.5346333663062083,-0.26442220880201467
01/01/2002,0.0019170484209404398,-0.5724763336183294,-0.3585645008259642
01/02/2002,0.009244682406251745,-0.6048583070694223,-0.3645786506458718
01/03/2002,-0.030264015870985747,-0.5248069209614222,-0.3947314857612021
01/04/2002,-0.07219251323420489,-0.739043803964508,-0.6300541582195034
01/05/2002,-0.06601631899347422,-0.9228463786600831,-0.6737349959617647
01/06/2002,-0.2473840373541148,-0.7838987612200873,-0.5792235189472816
01/07/2002,-0.48095967581778976,-0.7892740116844813,-0.6879821743393401
01/08/2002,-0.5026822143037866,-0.9428264754061432,-0.8964943692162527
01/09/2002,-0.4664659014352545,-0.9777033626935552,-0.939720264591321
01/10/2002,-0.4931846157020213,-0.8868165699046526,-0.9457053617234958
01/11/2002,-0.5180560957236189,-0.7946056349194008,-0.9564951079548072
01/12/2002,-0.4871546168153391,-0.7287116077231757,-1.0035845644587686
01/13/2002,-0.46943027362926254,-0.6930650492056729,-1.032730131528854
01/14/2002,-0.4574049078293525,-0.6226540477405229,-1.0729379152187357
01/15/2002,-0.45874429206547,-0.5059060550064096,-1.0785046698780423
01/16/2002,-0.3771439519483628,-0.486605908889312,-1.1631891158417418
01/17/2002,-0.3231122035313672,-0.4691833777344186,-1.1723216010042559
01/18/2002,-0.31359684870591975,-0.39999969302631133,-1.1660710531972531
01/19/2002,-0.3050610577822176,-0.35004463631215166,-1.1799651764966121
01/20/2002,-0.3009319653622783,-0.2998722067803383,-1.178694040255343
01/21/2002,-0.27920814285184303,-0.24946760757780745,-1.1766230218445684
01/22/2002,-0.2623813327490258,-0.22779479781519218,-1.1848977629203798
01/23/2002,-0.21439568855382735,-0.21494925038887924,-1.1908022347864429
01/24/2002,-0.16748789115961493,-0.13096378033092632,-1.1466841865548383
01/25/2002,-0.14228707721247447,-0.04791156893417514,-1.1303297956359515
01/26/2002,-0.06991465387841189,-0.05531058264362848,-1.1774524030419837
01/27/2002,0.008987290535735326,-0.08665730483917511,-1.2139558067398377
01/28/2002,0.04464839123660391,-0.06840033686319646,-1.2204303767381757
01/29/2002,0.06667043759473512,-0.03278677767673693,-1.2170691917641392
01/30/2002,0.1100389133373163,-0.010071376949714606,-1.2217164045107323
01/31/2002,0.15946556313141969,0.02470522055580915,-1.1885084926284732
02/01/2002,0.18668717474154584,0.05336977826255046,-1.1603047033270824
02/02/2002,0.22723490559528448,0.010559429025200295,-1.1807574708831483
02/03/2002,0.2644807125730513,-0.04242475489508135,-1.2104849843883332
02/04/2002,0.24682225818393377,-0.05746546244779893,-1.2157712345360072
02/05/2002,0.256735183662282,-0.06419174780180992,-1.2278710297565438
02/06/2002,0.2444736307383113,0.004781962515177429,-1.1430617302730586
02/07/2002,0.15167575372069042,0.10863461523805779,-1.053378680116109
02/08/2002,0.114910428688205,0.10486899228590196,-1.0880732293912745
02/09/2002,0.1328833956921972,0.0627744114567585,-1.09960008613297
02/10/2002,0.11907000751697905,0.08458978772430575,-1.0561307324807738
02/11/2002,0.08579462422482731,0.08072534293203582,-1.0311158814223522
02/12/2002,0.10403364109269486,0.05381826383284766,-1.0087806538911468
02/13/2002,0.12590446605825767,0.09873892616215574,-0.9356649394928112
02/14/2002,0.14281844307731673,0.17370277839314774,-0.865568513494665
02/15/2002,0.18950252672774193,0.21606364385980092,-0.7996240249546742
02/16/2002,0.2205004175282239,0.25813749735111635,-0.6919359773362859
02/17/2002,0.2417546172714986,0.3007422173049932,-0.5870795117864323
02/18/2002,0.2708221791023605,0.3213124266435461,-0.48611286028301953
02/19/2002,0.3083912300611896,0.4140999104393147,-0.3438274438184272
02/20/2002,0.3458965567214005,0.5980168084401225,-0.18076874697592926
02/21/2002,0.39866772331645084,0.6908879649169146,-0.08169522703546966
02/22/2002,0.47837082560806987,0.6489303136962977,-0.030601165907397754
02/23/2002,0.5232435910112141,0.591232568744937,0.019915777374743204
02/24/2002,0.5282723443263405,0.5226890240849245,0.014739164604532173
02/25/2002,0.49774334256477315,0.455236042726441,0.06749008103760551
02/26/2002,0.44245867978605724,0.5044904801914843,0.13039219321745782
02/27/2002,0.38195306357683034,0.5023701850954735,0.16327788806993415
02/28/2002,0.36597660783071573,0.40397586834130306,0.18018724213153448
03/01/2002,0.3657227378558091,0.4173368394827308,0.2615253540760989
03/02/2002,0.3754774715232021,0.5670730069022559,0.36970482222686496
03/03/2002,0.35273794899465116,0.6819580053742208,0.46274520260179675
03/04/2002,0.35055118200124413,0.57350464698372,0.5254942201017148
03/05/2002,0.3750126913624916,0.32375590380016084,0.55932278828513
03/06/2002,0.32074350848341593,0.2772125199180029,0.690923348459478
03/07/2002,0.25561529423250107,0.415000991816866,0.8322783079652619
03/08/2002,0.24194303868639988,0.5241525033143076,0.9364651415238762
03/09/2002,0.25013915011622445,0.5774804791976765,1.0203239393170742
03/10/2002,0.22644545068342337,0.600569911488299,1.124965593513742
03/11/2002,0.21518400605223176,0.5737023493816219,1.2281813531576535
03/12/2002,0.18923559638996335,0.5948161081996465,1.3354224925319849
03/13/2002,0.15178669343226558,0.6491261958464027,1.4180889939893215
03/14/2002,0.18382699195920593,0.6237177678614616,1.4946407973582954
03/15/2002,0.21452790625002283,0.6128341539727551,1.6082818867690283
03/16/2002,0.22150753292580028,0.6289510389976324,1.6804676717014944
03/17/2002,0.23618994884171318,0.6201016400994047,1.6891359630822822
03/18/2002,0.2488119090826585,0.5969614170234586,1.690975087484091
03/19/2002,0.2557216114560996,0.5790292752028698,1.7250114473070375
03/20/2002,0.26900653185839896,0.5723683426165633,1.7708708308658054
03/21/2002,0.2815689133653544,0.5920926064705319,1.8184123893903954
03/22/2002,0.30475612018635967,0.5591676119990057,1.8347173177026415
03/23/2002,0.3358201199022751,0.45723273712521983,1.8022272831268817
03/24/2002,0.31656793437876607,0.43463066150302565,1.8358053733195117
03/25/2002,0.30049455313067175,0.5001716193441579,1.880919733973888
03/26/2002,0.31395901683604277,0.546430633546175,1.9074397252542785
03/27/2002,0.34126775867599723,0.5223892703750067,1.9103839473523534
03/28/2002,0.36982486576251095,0.43133988835539616,1.8678506907757169
03/29/2002,0.37310169613229127,0.3625470284647645,1.8073882739909732
03/30/2002,0.3693953779306849,0.33889097065000723,1.7365584705093542
03/31/2002,0.3806880426989657,0.3328217947509792,1.6584066187667128
04/01/2002,0.3839692754382481,0.33493428039676076,1.5762101946661289
04/02/2002,0.3976428516952013,0.2909395957374606,1.4847103776924908
04/03/2002,0.38517633178426935,0.2689228178587449,1.4279977052920845
04/04/2002,0.36893973268670044,0.25088698063135567,1.3679694151918385
04/05/2002,0.3709495244259251,0.1884614649725581,1.33399258091765
04/06/2002,0.3618910621824898,0.12344227235499167,1.3129801839352222
04/07/2002,0.34367119562197646,0.13378233676422613,1.325278641109897
04/08/2002,0.3206312847473958,0.28823083214374184,1.3709534832946033
04/09/2002,0.3067452574753108,0.5088721102289979,1.391286996871255
04/10/2002,0.3360197306730097,0.6168732838359363,1.3252004910029374
04/11/2002,0.39668240141440536,0.5612726992182538,1.2244344896962587
04/12/2002,0.4334386282165712,0.4910521191598169,1.1519446253756613
04/13/2002,0.4506310551069549,0.45729615220978526,1.1038587347197888
04/14/2002,0.4784725203436802,0.4191549147266479,1.0502002464059608
04/15/2002,0.4987585289731087,0.35490809435203446,1.0241281777791091
04/16/2002,0.4953127209870823,0.3190267825862954,1.0279797688760455
04/17/2002,0.47272988612657113,0.33278133827573286,1.0513857664864414
04/18/2002,0.44539227207993226,0.37569526548454046,1.0867626481596364
04/19/2002,0.4312168256991701,0.4186005024780579,1.1393296318643396
04/20/2002,0.4286324146800373,0.44949145811211966,1.2138354524487005
04/21/2002,0.4235342506723534,0.4842556661890851,1.2645887937179314
04/22/2002,0.40856340618089637,0.5158591607594536,1.2736220696325184
04/23/2002,0.39544082315416945,0.5455667204543007,1.243523890900404
04/24/2002,0.39153907643286207,0.5784368726212105,1.2127640331474365
04/25/2002,0.39428406387977116,0.6232058084889307,1.2251309426743662
04/26/2002,0.40475829147026976,0.650064739097987,1.2720127698443207
04/27/2002,0.4254648364468602,0.6831069927582878,1.3562899506867616
04/28/2002,0.44846652007955956,0.7496545476315738,1.4924781169061814
04/29/2002,0.46049302315825635,0.8210491875195558,1.5874218135153255
04/30/2002,0.478023992263735,0.7917941061966248,1.5890634932543835
05/01/2002,0.48918590665765616,0.7687661513074294,1.577043471195983
05/02/2002,0.47404509401681477,0.787849805371936,1.546499601511207
05/03/2002,0.4681429472779005,0.7953868056079934,1.4905905443072225
05/04/2002,0.48060770624103105,0.7833526776757729,1.4553431824374585
05/05/2002,0.4933592062047255,0.7853176645322686,1.4599785874576081
05/06/2002,0.526918175465959,0.7983805260585631,1.487496392486812
05/07/2002,0.5650533344569804,0.8532607622897117,1.546858864775492
05/08/2002,0.60546246404407,0.9135602285207495,1.639646089118591
05/09/2002,0.6410535670697731,0.9713797539215473,1.7340530008030453
05/10/2002,0.6632856798262203,1.019947488225477,1.8334110828930896
05/11/2002,0.6864705754032383,1.0782686386887272,1.918937529308236
05/12/2002,0.712604068016863,1.164080580617534,1.9778029003713966
05/13/2002,0.7338656417290594,1.2401196121202795,1.9817692414696202
05/14/2002,0.73912177742922,1.206924046621271,1.8944150726153053
05/15/2002,0.7725151809105776,1.0883723057549373,1.737334290885807
05/16/2002,0.7745861288995359,1.0331338917313366,1.6299136010320903
05/17/2002,0.7547546282353013,1.0238569107536504,1.5477582402275845
05/18/2002,0.743549020324026,0.987473797772446,1.4792173908911532
05/19/2002,0.7547972578466963,0.8807332925596173,1.3731137291639461
05/20/2002,0.7952933709179626,0.7316838870188764,1.2466691689590144
05/21/2002,0.8010474879822016,0.6184368766941962,1.1795088903594195
05/22/2002,0.7993467058959635,0.5698300364214512,1.1397410357763065
05/23/2002,0.8077160872523028,0.568335495544164,1.1430055272379471
05/24/2002,0.8255700802203576,0.6616226667192494,1.1890053862226206
05/25/2002,0.8388714728219016,0.7883901840971806,1.2313508553148305
05/26/2002,0.8657246794771105,0.8798756035408564,1.2548365449346073
05/27/2002,0.9056529602547873,0.9282060010190296,1.2501519207660952
05/28/2002,0.9449127412228119,0.9605325449887948,1.2452702982750072
05/29/2002,0.9805710537563243,1.0100350058956984,1.2458780107111016
05/30/2002,1.0147379535600753,1.0090782601661377,1.2366943993103918
05/31/2002,1.0342692859967446,0.997228681873543,1.2191506335549767
06/01/2002,1.0492969944276622,0.9923686789712517,1.1970838187743078
06/02/2002,1.0562412920881465,0.9743805204926242,1.171162207362717
06/03/2002,1.0500284481212674,0.9484106928562591,1.1685972526840278
06/04/2002,1.0287021228909063,0.9396784357114686,1.1874455084646767
06/05/2002,1.0177365908634135,0.9560922559980612,1.2273105840531204
06/06/2002,1.013678743456667,1.016157497439897,1.2934549518386347
06/07/2002,0.9962428288461329,1.0483063617375388,1.3474686052024163
06/08/2002,0.9775601631911862,1.0522690999108875,1.4094269919473574
06/09/2002,0.9692377037565165,1.1109855964522766,1.4831769963103756
06/10/2002,0.9936110556683809,1.2028744062949965,1.5383896816890164
06/11/2002,1.044256207969221,1.2428764067687912,1.5235051701183007
06/12/2002,1.0879881360010244,1.237548952488507,1.4565116198621593
06/13/2002,1.100817888082705,1.2031485591004036,1.3744416723365462
06/14/2002,1.0968167211833628,1.13890361769126,1.3150357427453976
06/15/2002,1.0753682668855928,1.0446015702924332,1.2666951541552707
06/16/2002,1.0691150311784847,0.9454958302376999,1.2108700494805127
06/17/2002,1.042215562957038,0.8606072824013846,1.1986148061500281
06/18/2002,1.0004723319772408,0.8195022117621593,1.2027140348911838
06/19/2002,0.9815917431265444,0.7891433556617482,1.210377736267779
06/20/2002,0.9767897118410365,0.7596917462943316,1.225770669873902
06/21/2002,0.9676820531183592,0.7310469764426812,1.2338058480050176
06/22/2002,0.9796227466780844,0.7264175578339942,1.2295407024480007
06/23/2002,1.0058700038570543,0.7502829441454907,1.2352571839477422
06/24/2002,0.980251074865984,0.7866640607258875,1.244360981609936
06/25/2002,0.9409908903474228,0.7672172965845665,1.2611230434138672
06/26/2002,0.9149852865679728,0.7631877377017404,1.2576907686229064
06/27/2002,0.898248064684628,0.7589956483058755,1.2373547393107236
06/28/2002,0.885643126939108,0.7714330492018004,1.200822850994447
06/29/2002,0.8977051424651672,0.7627349657414695,1.1497436408212778
06/30/2002,0.9319597961677559,0.7327396307415666,1.0982187802718282
07/01/2002,0.9486895340229413,0.7004457925144884,1.0353418660236566
07/02/2002,0.9507450370322146,0.6462833210923593,0.9427678299785623
07/03/2002,0.9501724721914044,0.5510301061427064,0.8524277670844087
07/04/2002,0.9284808236647806,0.4518101015004137,0.7606309715890488
07/05/2002,0.884001116485787,0.38129370181600675,0.676205565232215
07/06/2002,0.8322378357029709,0.3474712077448523,0.5852426549124022
07/07/2002,0.7943401111740294,0.3295673091239631,0.4867031201264458
07/08/2002,0.8044525373638718,0.35474333256750423,0.39640152364007175
07/09/2002,0.8232181509976138,0.39753800418672436,0.2826351343693755
07/10/2002,0.8326330584254702,0.4220026630473748,0.17605153522518813
07/11/2002,0.861735875898801,0.4360452876302212,0.09124276323463565
07/12/2002,0.9037217874976797,0.39350298456050564,0.032825233672251763
07/13/2002,0.9082838529586351,0.3221641264598739,0.0047443908008095725
07/14/2002,0.8780604490136872,0.21021923920495578,-0.019583786186974983
07/15/2002,0.8260445455939879,0.1163763052748546,-0.022134539132829367
07/16/2002,0.7900747287314334,0.11025721935556537,-0.02030900781815903
07/17/2002,0.7711532712171458,0.12246744158279727,-0.0063888750595271215
07/18/2002,0.7564687274892995,0.1347289830543924,-0.0016643643099482075
07/19/2002,0.7366671629377228,0.14598163750467225,0.012338990603079858
07/20/2002,0.7285647119191612,0.19982538940918354,0.04094387741604255
07/21/2002,0.7472416178073324,0.23822692232739656,0.0599220181875425
07/22/2002,0.7735723365748777,0.2594718564222021,0.07965147120225646
07/23/2002,0.7999907725548491,0.2976772723196283,0.07791463985322078
07/24/2002,0.828811141337891,0.29780762554901474,0.058982025779546254
07/25/2002,0.8510308540868907,0.2634470427417792,0.02622840704241347
07/26/2002,0.8569363759757601,0.24008075663288903,-0.004565291411073091
07/27/2002,0.8630739027376573,0.24731154421522933,-0.04453980149508607
07/28/2002,0.8878728537216198,0.24596849492885348,-0.08119772004615677
07/29/2002,0.9210054534960952,0.2308863914181537,-0.11420696997427604
07/30/2002,0.9450077957177528,0.20384743243013514,-0.143055883133684
07/31/2002,0.9611938042523999,0.17613163484971173,-0.17315718624701854
08/01/2002,0.9789784232143102,0.10397865624212532,-0.21861798802974713
08/02/2002,0.975422079067244,-0.018460018284430002,-0.2523572070254573
08/03/2002,0.9547021802364857,-0.08685377416599066,-0.2722828874115412
08/04/2002,0.954521132790505,-0.07798212127049381,-0.26783762330582706
08/05/2002,0.972396734055559,-0.05242983499185952,-0.269285550832673
08/06/2002,0.9437461133034328,-0.09728367661169132,-0.28667674940108445
08/07/2002,0.9017247993164356,-0.1822550163639693,-0.31889561203250316
08/08/2002,0.8796789434765573,-0.23644760995126507,-0.3697021083589093
08/09/2002,0.8756468132450128,-0.2016993143631114,-0.40894819127775395
08/10/2002,0.9180076232938272,-0.14046782254195922,-0.41623343676255553
08/11/2002,1.0112778745595643,-0.036919444789656,-0.4004847700371689
08/12/2002,1.0679337286940844,0.03298423599896355,-0.38322731121566084
08/13/2002,1.108592949555588,0.06021408613506357,-0.35730825611598205
08/14/2002,1.1452784082679266,0.07964082755060908,-0.29140576412879426
08/15/2002,1.1525139960441275,0.12146976963662334,-0.21313587569812176
08/16/2002,1.1532285006151297,0.21419107861729347,-0.09832618655717296
08/17/2002,1.17424577950609,0.34707950216231487,0.03237467355404447
08/18/2002,1.2048271694647934,0.47656271181913096,0.1466823111511802
08/19/2002,1.229534037553234,0.542802116355558,0.21507818108358262
08/20/2002,1.2333307510753855,0.5582143306120291,0.27190637443648863
08/21/2002,1.228553299686295,0.5805505913380826,0.33216542240707214
08/22/2002,1.2210627780292185,0.6307908397797799,0.3573386024983869
08/23/2002,1.2150865247369376,0.6784218510799223,0.367742305054929
08/24/2002,1.206057851860501,0.704691784732232,0.38553488516956946
08/25/2002,1.1711761906808595,0.7054724361667779,0.4028261846916017
08/26/2002,1.1165407673452092,0.7087339679143019,0.41599484290149524
08/27/2002,1.0597080480157373,0.7219480274431526,0.4313212312451996
08/28/2002,1.0161671828205512,0.7416389396600535,0.4448455414215986
08/29/2002,1.001103118154783,0.7095435084429299,0.44717174468318316
08/30/2002,1.0008057014081637,0.7209054951964157,0.4948870106885075
08/31/2002,1.0213992522340742,0.8195973343890095,0.5654225136894533
09/01/2002,1.0619295937282527,0.9205654815291832,0.5992745350202335
09/02/2002,1.0904064309440933,0.9397409700309725,0.6025504284445184
09/03/2002,1.0815254208782048,0.9010585317751945,0.5997708247181583
09/04/2002,1.0555090679798789,0.9000689041499341,0.5916212617731748
09/05/2002,1.0285157192286944,0.9017356052382821,0.5946529259691176
09/06/2002,1.0054016284279135,0.9163794987710914,0.6004173687494553
09/07/2002,1.0073096887451145,1.0489673465588047,0.6063584405098476
09/08/2002,1.0566347538628418,1.1735311897480514,0.609750869296118
09/09/2002,1.1647814554805147,1.2176279257193667,0.5932497136125063
09/10/2002,1.2663908951850544,1.166118201232927,0.5520707342787813
09/11/2002,1.2861252135424142,1.0441525562630989,0.5058214522891887
09/12/2002,1.214385227274459,0.9579147937849625,0.46504819617429555
09/13/2002,1.08756763634027,1.021812537606106,0.45157136036193835
09/14/2002,1.0173586107548138,1.1269799964156633,0.41955659691950986
09/15/2002,0.9605778393855319,1.0489007607200098,0.3690069896518528
09/16/2002,0.8955572263826568,0.9073213585528328,0.27347866856656305
09/17/2002,0.8244352961070855,0.7521418868883476,0.1873301862533513
09/18/2002,0.7341125412855809,0.6645438121285936,0.12572404305903243
09/19/2002,0.6438127888447519,0.6176120695711356,0.09214859033107158
09/20/2002,0.5548553555530523,0.6446374060595061,0.10632471946810153
09/21/2002,0.4585639415266653,0.7542153252829868,0.16830960258887773
09/22/2002,0.4407565403025562,0.8946840239875133,0.2045383447737466
09/23/2002,0.5335203723293253,0.9718843148675479,0.1959004856775968
09/24/2002,0.7512603208118773,1.0855501583387204,0.20256385756985285
09/25/2002,1.0784944628454016,1.2602061640036721,0.2412117229254107
09/26/2002,1.3327509291104596,1.682375648556556,0.3457395603775219
09/27/2002,1.3156066714797683,1.724561887669966,0.2880859623123895
09/28/2002,1.3006999548374696,1.3192500702779664,0.14157540860098894
09/29/2002,1.2482352298465194,1.08260687636745,0.08287011135503852
09/30/2002,1.147942685607204,0.9737158951757693,0.050932158999043686
10/01/2002,1.0251428071444237,0.9573203360848263,0.023337745765303786
10/02/2002,0.9824978608303394,1.0379881403018776,0.040957835690601074
10/03/2002,1.094689239432649,1.2367387660655003,0.032236429829018864
10/04/2002,0.9990720482962716,1.1309237687813156,-0.050390712540184124
10/05/2002,0.8314028896395398,0.8812217061461209,-0.1332613943392753
10/06/2002,0.7201883968308493,0.6886029080363749,-0.19478707457300093
10/07/2002,0.6028888021438166,0.5604643330430469,-0.25432102264153644
10/08/2002,0.4673643515441581,0.4416541757071052,-0.32356234201764766
10/09/2002,0.3405100008245878,0.37025172636889736,-0.3902788367544159
10/10/2002,0.22467202950031995,0.35955307314350826,-0.4509169086861119
10/11/2002,0.13032862729440708,0.31571252237030645,-0.5250855395566503
10/12/2002,0.07882215139950333,0.21192128833118362,-0.6157709074405346
10/13/2002,0.044909525121197946,0.13790020702407968,-0.6930846134877838
10/14/2002,0.05951724750114451,0.09368409802783573,-0.7721583199967708
10/15/2002,0.06652981857539975,0.10239868115368878,-0.8448954567741749
10/16/2002,-0.02887055586275622,0.015230830768579673,-0.9528133290061673
10/17/2002,-0.08144445961747726,-0.1779022167028651,-1.1390805382199296
10/18/2002,-0.16211854119029212,-0.2998464884404872,-1.2174167690311188
10/19/2002,-0.21064490642020273,-0.28167008110897473,-1.1724335106589774
10/20/2002,-0.2901944027024297,-0.15870582471024086,-1.0663965564997042
10/21/2002,-0.3686262841124617,-0.03524370117998754,-0.9989332534978443
10/22/2002,-0.3887759660328147,0.012483607100423066,-0.9554983491918614
10/23/2002,-0.38713553309523907,0.03561061870041837,-0.8989792666981489
10/24/2002,-0.4187928254750617,0.07612516572345429,-0.8277512060515302
10/25/2002,-0.4426132030904226,0.12419104009424298,-0.7601044572378512
10/26/2002,-0.44435478046742993,0.16623042631274565,-0.7252746668897421
10/27/2002,-0.43926189930315296,0.18202782849028187,-0.7022896897932585
10/28/2002,-0.4560298644002272,0.2244264494193211,-0.6774156387717756
10/29/2002,-0.4797393389904263,0.31438984811573234,-0.6390680792010546
10/30/2002,-0.4768027384107203,0.41699480904977193,-0.6086973895040795
10/31/2002,-0.39718052965879846,0.43104753307200916,-0.6417748483261734
11/01/2002,-0.2304760402203032,0.4181121476092251,-0.6394321304781243
11/02/2002,-0.09150134257870635,0.417067736397021,-0.6360439622117018
11/03/2002,-0.04657446471703586,0.40048950663192273,-0.6157322381508514
11/04/2002,-0.15105876176893474,0.4618140659614456,-0.5633394082670575
11/05/2002,-0.29299530024207887,0.5122435027387631,-0.5373234567730814
11/06/2002,-0.47166557674648724,0.5450630989910332,-0.5113058822239189
11/07/2002,-0.5144071550712552,0.4149568361283553,-0.6199755536156859
11/08/2002,-0.4759101579931606,0.2551745449600924,-0.6652405743672265
11/09/2002,-0.4973826052047423,0.29150674972063517,-0.6162212241004639
11/10/2002,-0.5555290649679525,0.3695489345659577,-0.5901560534581278
11/11/2002,-0.6174268204745612,0.45566573864204907,-0.5858378745730746
11/12/2002,-0.6335400798531048,0.49117542626869537,-0.592747220477988
11/13/2002,-0.5623544252789165,0.3999379128315379,-0.6425046956646268
11/14/2002,-0.4874991389156802,0.16058560302127423,-0.7568408990329438
11/15/2002,-0.5408579484671048,0.120092605383459,-0.6851829316452922
11/16/2002,-0.6353968158791325,0.23398186959238632,-0.6547487804907435
11/17/2002,-0.6639148519362741,0.19583440803613583,-0.7204111414639192
11/18/2002,-0.6688548608194156,-0.1865511534726565,-0.98414482679383
11/19/2002,-0.7822707951865335,-0.40775394864467907,-0.9591299757354104
11/20/2002,-0.9392397746378189,-0.28944424201777497,-0.8763233640395836
11/21/2002,-1.0339130243790489,-0.17259666411382502,-0.8282062295714832
11/22/2002,-1.0379678268135528,-0.12852177111608198,-0.84374791618493
11/23/2002,-1.0027430009308391,-0.19393537032904506,-0.8931595588889052
11/24/2002,-0.9623997234542951,-0.22295346713224562,-0.8866496062876197
11/25/2002,-0.9849158624167735,-0.1489495901027159,-0.8561675750052364
11/26/2002,-0.9664729791543138,-0.12469038437252455,-0.8865196401440125
11/27/2002,-0.9040602931610267,-0.12667780137929974,-0.9069458707478741
11/28/2002,-0.831027441028078,-0.11318189703015757,-0.9121499943033975
11/29/2002,-0.7671548926198213,-0.15073560549831966,-0.9446500106685212
11/30/2002,-0.7613635755332491,-0.20097673470508182,-0.9266685069308305
12/01/2002,-0.8244208784816126,-0.21380449067711282,-0.895013574821999
12/02/2002,-0.7883183668648349,-0.209109190841683,-0.925140806241848
12/03/2002,-0.7917703014817584,-0.1695184489348358,-0.9408942204036372
12/04/2002,-0.8052142207960873,-0.1278759941715808,-0.9648777416237622
12/05/2002,-0.841149955981373,-0.060858932801820864,-0.938111289414159
12/06/2002,-0.8451126021475281,-0.08314023378791646,-0.994018804715722
12/07/2002,-0.7602091275028399,-0.22902293661963102,-1.1072051952175417
12/08/2002,-0.7266422339764976,-0.30654940416148213,-1.097860008673575
12/09/2002,-0.7155032119040085,-0.22349860198883376,-1.0256510546284026
12/10/2002,-0.6680331585509167,-0.03733857152450226,-0.989055339667138
12/11/2002,-0.5961568455738879,0.02269032367905499,-1.0557687911754412
12/12/2002,-0.5116705321264107,-0.10043945783393193,-1.0957502398203551
12/13/2002,-0.4932272819998297,-0.08005831939566183,-1.0389344222632029
12/14/2002,-0.6334665969687501,-0.19672575148530752,-1.0580800623293647
12/15/2002,-0.6865497081297933,-0.4226429884534741,-1.117496420050049
12/16/2002,-0.717471988233992,-0.45257631759291234,-1.0462178418109236
12/17/2002,-0.7658065202126279,-0.380648579970878,-0.9882427570908451
12/18/2002,-0.7529783823331004,-0.2860260515243058,-0.927656298313902
12/19/2002,-0.721173977438915,-0.13981746561912944,-0.8428203807254488
12/20/2002,-0.7388140519353443,-0.020569098305300793,-0.7597214567915488
12/21/2002,-0.6818370449452792,-0.09420323016120705,-0.8271454818580342
12/22/2002,-0.6003039877088043,-0.18714238170089598,-0.7491049311244162
12/23/2002,-0.5506205697132003,-0.08675964973954448,-0.6605695838622341
12/24/2002,-0.47357910333915637,0.01509425346607618,-0.5562365130318238
12/25/2002,-0.4716275696230777,0.046886818936728525,-0.5118448176967249
12/26/2002,-0.40675047386612906,-0.1527243142938574,-0.6078078741122093
12/27/2002,-0.3441346918929166,-0.22428130854186135,-0.5495320778434936
12/28/2002,-0.3406456673129009,-0.18364321953926332,-0.5244123368440095
12/29/2002,-0.31146448766233803,-0.21408457396728284,-0.5278020064364721
12/30/2002,-0.2795306164182371,-0.137392073505146,-0.4661955386311207
12/31/2002,-0.29540790879119705,0.06722444758086217,-0.37644626782279395
01/01/2003,-0.4263608584979671,0.18645201324206617,-0.3591432206374359
01/02/2003,-0.42797630798859343,0.11531443931726504,-0.44256614696180974
01/03/2003,-0.41455289637888143,0.04118437801297896,-0.4293869388932414
01/04/2003,-0.37413166027564965,-0.016861680162131465,-0.4509028481691491
01/05/2003,-0.3309773231231801,-0.008486778762405708,-0.3963745645838999
01/06/2003,-0.30759479784170735,0.1114172887823054,-0.35722355212227547
01/07/2003,-0.24248210194330977,0.14263130904162974,-0.38385606170307873
01/08/2003,-0.18528589363820666,0.16660356151415268,-0.34638349118035794
01/09/2003,-0.20007917589287566,0.26336317831061257,-0.2984060206105695
01/10/2003,-0.22484753040876368,0.3397464128001461,-0.2623391781799907
01/11/2003,-0.21860163198417126,0.3761927647129064,-0.2414624280343061
01/12/2003,-0.13762518099904542,0.35916751731928526,-0.2502009977044243
01/13/2003,-0.07419995001912322,0.37104064139790993,-0.23656619804658463
01/14/2003,-0.0638646538729857,0.42735887338927053,-0.2262902299327771
01/15/2003,-0.08035534306393383,0.42349577910343156,-0.25675473221920936
01/16/2003,-0.05474158685703112,0.4285462034124319,-0.25915904501137554
01/17/2003,-0.10391062466214979,0.4896634893636968,-0.2319264107774467
01/18/2003,-0.11275722287305312,0.41808030703447396,-0.32011430250178896
01/19/2003,-0.1015458918814175,0.3375789086967347,-0.3256703449969046
01/20/2003,-0.1166625281763779,0.3497785617432063,-0.3074271236112966
01/21/2003,-0.13975823908446483,0.44470724412582313,-0.2564108879791454
01/22/2003,-0.15146890883744718,0.5126499895772401,-0.25395873563552607
01/23/2003,-0.12060429977378678,0.49686820630015927,-0.2675973900494175
01/24/2003,-0.09350639474680911,0.3623585878617332,-0.3652762592493403
01/25/2003,-0.10453554101367701,0.2509139164451677,-0.3764588254107969
01/26/2003,-0.15103699970238638,0.34532658793596255,-0.34131870691210975
01/27/2003,-0.1531034352626044,0.37211035992627284,-0.3660414080379775
01/28/2003,-0.12029462976537764,0.35625635391399246,-0.3934288005834009
01/29/2003,-0.11491783245430898,0.4208111484724473,-0.36412543197335634
01/30/2003,-0.10389796784981442,0.4769961500685488,-0.3621485101866914
01/31/2003,-0.06480907219149046,0.4632512240771387,-0.3662349979446779
02/01/2003,-0.02399063229948417,0.4285767953189686,-0.35496044513084646
02/02/2003,0.0029300039820114865,0.38232705850895626,-0.3450201248284382
02/03/2003,0.014104428442615502,0.41931919117268346,-0.31566603574399066
02/04/2003,0.022312756447818605,0.5147593631864663,-0.2660497663580911
02/05/2003,0.053215959617488595,0.59443824439031,-0.2003417569579446
02/06/2003,0.10385623262545951,0.6689963575154174,-0.12395891363329997
02/07/2003,0.11832935255772459,0.7362655525640007,-0.008798319962246837
02/08/2003,0.09872501416005974,0.7406071958676347,0.118057278967238
02/09/2003,0.10551034959492644,0.7473557939365838,0.2571876384657583
02/10/2003,0.09142698610968591,0.8085390785499336,0.3931699201354887
02/11/2003,0.07536585812338625,0.8055601549524258,0.5076554445804429
02/12/2003,0.09528525943211019,0.7911065653909892,0.6188172766260364
02/13/2003,0.10216458545594753,0.8356745693889066,0.7396409532813792
02/14/2003,0.10413064699140362,0.8972141528292408,0.849345606385601
02/15/2003,0.12503874711858964,0.9647106439818562,0.9254505826632811
02/16/2003,0.16544824356980126,0.9902037428482302,0.9618652458191226
02/17/2003,0.1688538065612506,0.9817195091452984,0.9656256617912742
02/18/2003,0.1620267586753067,0.9131543563823961,0.9465116307247594
02/19/2003,0.1696975573636973,0.8853675691378603,0.9468769398695891
02/20/2003,0.1788784788522524,0.9052809038921119,0.9268540384781717
02/21/2003,0.19841120537259815,0.8950673173459871,0.8989187836564498
02/22/2003,0.20144737287598868,0.9342559606425439,0.8965952990122947
02/23/2003,0.15306485506972756,0.9570863892868519,0.8706113217053806
02/24/2003,0.1713199772727071,0.8912439749233418,0.81742680608074
02/25/2003,0.18889621741128193,0.9381995568551822,0.8275433090230291
02/26/2003,0.19239595442376634,0.9829643824859361,0.804116089966141
02/27/2003,0.1867401202587723,1.0032669566805494,0.7936282319984713
02/28/2003,0.17099126701617562,1.0526752344433377,0.7915194775547469
03/01/2003,0.17373254913541636,1.0813865314161146,0.7646660701638268
03/02/2003,0.17187229121378178,1.1133193146848588,0.7257568117713867
03/03/2003,0.17730947435992306,1.1063938002735023,0.6451262301565369
03/04/2003,0.17234668321458502,1.1116553146093706,0.5956465814404854
03/05/2003,0.15028648298738911,1.1343990759714377,0.5334365805661291
03/06/2003,0.14512254024199078,1.115686635022327,0.4552795756232869
03/07/2003,0.137252094096456,1.123200794084406,0.3800787628104817
03/08/2003,0.13646359303132183,1.0923333842363734,0.3249368832141045
03/09/2003,0.1485277363693085,1.045014222486353,0.2945584840050204
03/10/2003,0.1507298749695799,1.01147486502425,0.2776291257883188
03/11/2003,0.14999625677763928,0.9854966994786173,0.25519521650211807
03/12/2003,0.14367977369527918,0.9880552045525165,0.24670615098967597
03/13/2003,0.13567149669775858,1.016785937074358,0.24577090601808715
03/14/2003,0.14002661410547446,1.0363491970747356,0.2522182898421458
03/15/2003,0.15295637334778778,1.045291957069684,0.25336023089101944
03/16/2003,0.15882098988665838,1.0389472191411482,0.2532871122551208
03/17/2003,0.15912207527452882,1.0306345584725705,0.25691131332121797
03/18/2003,0.15623679898599419,1.0159697614489192,0.2540277123341462
03/19/2003,0.1495920458840596,0.9985317288289111,0.26593541897402917
03/20/2003,0.14887578036525606,1.004233214672796,0.26532677328120824
03/21/2003,0.16490183614115084,1.0173306021895796,0.24988616242914885
03/22/2003,0.1844970396220854,1.0016199847296212,0.2240414026803751
03/23/2003,0.20509737743431555,0.9492897982277677,0.19757294340197917
03/24/2003,0.20839721018476587,0.8735467625040029,0.16936862660764868
03/25/2003,0.2027342221693218,0.7966757603223493,0.14593584858676806
03/26/2003,0.18603045829423193,0.7836300443559527,0.1520813035708105
03/27/2003,0.16504025397573263,0.818600821199125,0.142776165913431
03/28/2003,0.16589402016880772,0.8404737995018209,0.10870284100874134
03/29/2003,0.17069627157279021,0.812734632288381,0.07474901354174057
03/30/2003,0.1538894922512295,0.7558976883923374,0.07843436321177621
03/31/2003,0.13853329368225642,0.6108850052902732,0.027852944062577545
04/01/2003,0.11840415615293176,0.4329634750761786,0.024579728679338997
04/02/2003,0.07041924568598512,0.5012381515211657,0.09926307092411024
04/03/2003,0.03640191638623991,0.6377006022582072,0.1516122811999227
04/04/2003,0.0550901950623045,0.7317306694054513,0.1752259081443322
04/05/2003,0.0806411074444966,0.8079735099438757,0.20322162177153819
04/06/2003,0.10416128014588777,0.8508057608724693,0.2344403983768953
04/07/2003,0.12450187815720115,0.8991612307961148,0.2681377425489375
04/08/2003,0.13784083764520338,0.9535555195829319,0.29103584561686513
04/09/2003,0.1564729127372263,0.9698235438926928,0.30954025715745115
04/10/2003,0.16075832596107742,0.9161114957239997,0.30417029793882006
04/11/2003,0.1519768094460504,0.7249331595166454,0.271257822675858
04/12/2003,0.11234091937646817,0.5978086386996724,0.2822304466496725
04/13/2003,0.06855282444704425,0.6066313210576407,0.31318693753779947
04/14/2003,0.06022849400532687,0.6595611911323446,0.32114749570697765
04/15/2003,0.08282563656673791,0.7258270186206761,0.3239634558693904
04/16/2003,0.10986161492931729,0.8132966778341828,0.32586543308307875
04/17/2003,0.1266394853577803,0.8651577101455897,0.3046231303342826
04/18/2003,0.13988049212424902,0.844155221313911,0.2759426091498885
04/19/2003,0.16373403425656685,0.8059490420867652,0.2321523369120556
04/20/2003,0.18640986917291524,0.7886905093866783,0.20020602582188313
04/21/2003,0.1920550275918551,0.7943022746294355,0.1772877968697107
04/22/2003,0.19487834052957387,0.7644792759936125,0.13920763564003596
04/23/2003,0.19994095540348938,0.7266023854648447,0.0907956731983311
04/24/2003,0.19497383526146667,0.7297949826667335,0.0675048719293938
04/25/2003,0.17534113826689574,0.7948030189268274,0.052373655971188704
04/26/2003,0.1652197605923863,0.8564627387218169,0.027071564722135788
04/27/2003,0.1923706041126857,0.8430936058241347,-0.015939884487160327
04/28/2003,0.2184570280590029,0.8157856024680722,-0.050119316624300025
04/29/2003,0.2228661111795872,0.8031952420394664,-0.07206675569642024
04/30/2003,0.20906299519988852,0.7695571214549238,-0.10663486897299557
05/01/2003,0.18709058555794977,0.7343314512023985,-0.13622150128848015
05/02/2003,0.15669071996858958,0.7103423467583243,-0.1818896077941874
05/03/2003,0.12965664929946252,0.6459641749539191,-0.21544907342861735
05/04/2003,0.10266385084446489,0.6047039722281891,-0.23716027681916202
05/05/2003,0.07691905077190186,0.6061826006166628,-0.23399243829354183
05/06/2003,0.058076175553310905,0.6613280645672391,-0.2093521883708639
05/07/2003,0.06003343234975156,0.7172003945658243,-0.18998090305817655
05/08/2003,0.0740225117547127,0.7591209362184373,-0.17412308587188136
05/09/2003,0.09594293675005383,0.7767451625728522,-0.159078581636712
05/10/2003,0.11649950767210632,0.7822614528827349,-0.13665526278556328
05/11/2003,0.11886240613220922,0.7949501654100918,-0.10600053843193707
05/12/2003,0.1091400298806891,0.8000769814089275,-0.08812660267635497
05/13/2003,0.1109863836519644,0.7757808422637475,-0.08383487959075087
05/14/2003,0.11282606049615168,0.7452612171804256,-0.09556518629936839
05/15/2003,0.09773165616720203,0.6968652320638655,-0.12418033893634978
05/16/2003,0.06832445152886302,0.6519217285605765,-0.15418689620350512
05/17/2003,0.039511126537033425,0.6146180986527516,-0.18407359084554908
05/18/2003,0.0003406769835916923,0.5801901079593313,-0.21689606769872788
05/19/2003,-0.04340493508009102,0.545329896490451,-0.24340701044648672
05/20/2003,-0.07915687133845267,0.5192826789638474,-0.2689925277064999
05/21/2003,-0.10282885241502032,0.49044308388016844,-0.28254779766047616
05/22/2003,-0.1179654461184153,0.49582978429038516,-0.2771129973873705
05/23/2003,-0.12518441494972476,0.5056978173432938,-0.2857644495706593
05/24/2003,-0.11211733846519839,0.48669043753328134,-0.32407333985169834
05/25/2003,-0.11013795976198376,0.44325768098444385,-0.3634456153108544
05/26/2003,-0.1301732901343946,0.4050016504547053,-0.38104910949692566
05/27/2003,-0.15794585828833652,0.38374984639240844,-0.3820099175876112
05/28/2003,-0.17230583732426974,0.36684955020245147,-0.3704684533492883
05/29/2003,-0.17932178354847828,0.36960346768509206,-0.3631870626205443
05/30/2003,-0.20481337400155675,0.36395946644101296,-0.3541452656662569
05/31/2003,-0.23904950106580541,0.3534468895146865,-0.32803562331196706
06/01/2003,-0.2847347604479021,0.3724533298419709,-0.287954478502572
06/02/2003,-0.32114026514600547,0.3773627730231556,-0.2670518812031295
06/03/2003,-0.33671386739580444,0.4000733589011608,-0.23735447537155246
06/04/2003,-0.35622421520449077,0.44060282021260655,-0.21366833843693933
06/05/2003,-0.34378300891822355,0.43976350982483703,-0.23540356304415982
06/06/2003,-0.3196072500243993,0.4109084719937127,-0.2603313371921297
06/07/2003,-0.3185637783919784,0.41043837832052865,-0.2697430689985111
06/08/2003,-0.32071015364516164,0.4035055242003072,-0.292461662163435
06/09/2003,-0.3020883507486538,0.35692444357343267,-0.3240149098651887
06/10/2003,-0.28124768024774893,0.30876720450673034,-0.35256599239890324
06/11/2003,-0.2817888782058218,0.26787287158834794,-0.3798203755722522
06/12/2003,-0.2913353064227046,0.25307983517146315,-0.39342316046664605
06/13/2003,-0.3000103589684857,0.2776547658180542,-0.3953205931258294
06/14/2003,-0.30174034343911715,0.3171223767690359,-0.3934475874471203
06/15/2003,-0.28720944240707263,0.32907124664311677,-0.3963177170761916
06/16/2003,-0.2701891114780066,0.33631137033512787,-0.39966125132513786
06/17/2003,-0.2546818749485259,0.3594970996060176,-0.4159764048850233
06/18/2003,-0.2423804072076956,0.3805839070131021,-0.44274427726791266
06/19/2003,-0.22610609447801505,0.38327611222362995,-0.4605420511591284
06/20/2003,-0.21013939731764658,0.3709962508387134,-0.44996021829649
06/21/2003,-0.20630034767540567,0.3711028234113882,-0.4162466435726362
06/22/2003,-0.19025917709753892,0.36296426063701454,-0.37157862309299505
06/23/2003,-0.14851557925361614,0.3638487249137047,-0.31179383184625487
06/24/2003,-0.10124843844838571,0.37832627128486696,-0.2680495732228012
06/25/2003,-0.05166132228574838,0.39150040279750903,-0.2397411374386248
06/26/2003,-0.002974564060135243,0.4151060808506383,-0.19851573872672423
06/27/2003,0.03192976932246511,0.4263263231465865,-0.15979025075713782
06/28/2003,0.05420733654407062,0.44297237182156524,-0.11541985802128896
06/29/2003,0.07375844295711459,0.5080166956022709,-0.06679559996192819
06/30/2003,0.1131850003566292,0.5891668654857285,-0.01137690830445992
07/01/2003,0.12640626983314185,0.697781345165167,0.03303653597006173
07/02/2003,0.12174870964029477,0.7039292614608632,0.057970924067897056
07/03/2003,0.14134196874136506,0.68142248461853,0.07021991863593668
07/04/2003,0.14884034129072815,0.6441250200661506,0.09560080921402359
07/05/2003,0.15242350320536896,0.6378525048728154,0.12054258221292957
07/06/2003,0.16513226349842997,0.6263540582521678,0.13941550843232486
07/07/2003,0.18965331490726384,0.6221495794277454,0.15724890838476546
07/08/2003,0.20309382238522727,0.6057274212318857,0.1876827755046575
07/09/2003,0.21144783213470436,0.5739813601565867,0.21304999184284446
07/10/2003,0.22070535485268117,0.5186696664797048,0.23318861706865612
07/11/2003,0.2097356038877462,0.5103921189783229,0.2811450690738545
07/12/2003,0.19472161617512224,0.5592522672833071,0.33591494442277503
07/13/2003,0.21225460303328958,0.6264596913421071,0.3918576394453841
07/14/2003,0.2641000613802395,0.7040182774499391,0.43435729877977547
07/15/2003,0.3124060146434898,0.7518257940687927,0.44663352009847923
07/16/2003,0.32313708380831613,0.7481578773210094,0.4463219746565136
07/17/2003,0.3433741527633895,0.7199480292576759,0.44390605701980346
07/18/2003,0.36215807291699476,0.691064806944519,0.4426464850466988
07/19/2003,0.3782571713402929,0.67602116350826,0.441943377542351
07/20/2003,0.39804934417025956,0.6633694431135673,0.4403761148833337
07/21/2003,0.4258436673668442,0.6560435916220484,0.44134442960423226
07/22/2003,0.45961262965356803,0.6528194630308892,0.4465120344181899
07/23/2003,0.48419450713442147,0.6588535257627193,0.4369258647562456
07/24/2003,0.48044955814039303,0.662522088404885,0.37581410417001526
07/25/2003,0.47839207406483997,0.6356971553272786,0.2850139457084635
07/26/2003,0.48307968042957594,0.5818782409975545,0.17907173739537485
07/27/2003,0.4777971305123716,0.5181781995743153,0.0774286370689602
07/28/2003,0.461538042643904,0.45498817984046497,-0.031099869098448862
07/29/2003,0.4323717209904336,0.36336177926897306,-0.14457354036727899
07/30/2003,0.3863753975162497,0.2749525198858056,-0.23897018622771793
07/31/2003,0.33347072906589437,0.22966581159613453,-0.2992664021619414
08/01/2003,0.29464406788454306,0.1943268749564525,-0.35129777765696185
08/02/2003,0.2688601600961894,0.13957534785990966,-0.4033802388137985
08/03/2003,0.25511119326143233,0.09016313601316989,-0.44510517333398786
08/04/2003,0.2569398274954344,0.05813417319949715,-0.4882741400485888
08/05/2003,0.2702210058836572,0.01248629251615549,-0.5581232530135509
08/06/2003,0.29265383000321377,-0.06873011090006928,-0.6322915998494338
08/07/2003,0.32152222130029406,-0.1370780669983293,-0.7092417821125431
08/08/2003,0.3391227845303975,-0.199323671713508,-0.8063556252276365
08/09/2003,0.36833030502517206,-0.2680495934593188,-0.9255666748316596
08/10/2003,0.40248047582479063,-0.33844104194006,-1.0433425378920078
08/11/2003,0.41150148124100405,-0.41575019538193303,-1.1543629612549735
08/12/2003,0.41045283682441686,-0.4775023955085816,-1.2373927836145435
08/13/2003,0.40290633170178075,-0.49538762191012625,-1.280276620110247
08/14/2003,0.4210591355001291,-0.4871258107445422,-1.3111531755307206
08/15/2003,0.49729944399670567,-0.4632340014811429,-1.3502162995543014
08/16/2003,0.6208563465826465,-0.3860005938347265,-1.355759114149691
08/17/2003,0.6516956420216352,-0.41697622035021575,-1.357617268873498
08/18/2003,0.6039575577383876,-0.4189958146406438,-1.323796815965982
08/19/2003,0.5638546129505159,-0.4015453338744025,-1.2939620590897232
08/20/2003,0.533817245803654,-0.3718911485424019,-1.2505133588147055
08/21/2003,0.5201475583064352,-0.30962698904322083,-1.203035261747687
08/22/2003,0.5195286952129734,-0.22108649566560354,-1.1692990454040604
08/23/2003,0.540625033323005,-0.14762035506612478,-1.137931637520516
08/24/2003,0.5478590435834624,-0.11247001958535692,-1.0947686355337076
08/25/2003,0.5526807020996881,-0.08837710229914264,-1.0281906685566256
08/26/2003,0.5532957864926535,-0.057590781554616166,-0.9327284869699555
08/27/2003,0.5364351515174569,0.0012285883461796293,-0.8313941323153208
08/28/2003,0.5121920730565874,0.08002852473439735,-0.7148496000679301
08/29/2003,0.4930069502952344,0.1699645022785011,-0.619039678908758
08/30/2003,0.48746014814836386,0.2962466006711485,-0.5669176963582678
08/31/2003,0.5188430261622461,0.41984735662238104,-0.5134721123077901
09/01/2003,0.5240659239726295,0.5455190261084054,-0.462788602987713
09/02/2003,0.5316384397617717,0.5764136222380598,-0.4541258299945397
09/03/2003,0.5468263944427503,0.5582260585490788,-0.43002995277951844
09/04/2003,0.5522615598361988,0.5330173293628504,-0.41745281703029036
09/05/2003,0.544407402457844,0.4542992454078574,-0.409462759833201
09/06/2003,0.5291068571767197,0.36931134727238685,-0.4380763299913849
09/07/2003,0.48161064641147633,0.2522170964330061,-0.4603055720192798
09/08/2003,0.4077155902105578,0.12775377789632966,-0.43737147770271867
09/09/2003,0.3378771340783612,0.033094961929141395,-0.3832700982064076
09/10/2003,0.26756920192465106,-0.028097365205522824,-0.29414899032945485
09/11/2003,0.2015579090370298,-0.03619506048095402,-0.1900691161072579
09/12/2003,0.17382631960591888,-0.02596333017452087,-0.11561430003195587
09/13/2003,0.1423741776451261,-0.02708841946653706,-0.02882126193004507
09/14/2003,0.10074258341874492,0.014602477375204204,0.06142324359034078
09/15/2003,0.10528615892777482,0.03195994935074831,0.14692481668484286
09/16/2003,0.14462976834849428,0.016891879363393397,0.21117378063015319
09/17/2003,0.1867291877078318,-0.01868797587997406,0.2613429437634128
09/18/2003,0.23063985194161546,0.019397890839510046,0.3196902761892228
09/19/2003,0.27734833205639486,0.07388254612184025,0.4018624356148527
09/20/2003,0.3248567593970263,0.14373067999379144,0.47158783119865044
09/21/2003,0.3964694071269887,0.25727309892074707,0.5381374352864516
09/22/2003,0.4352563369235416,0.4097341185758154,0.61130975373422
09/23/2003,0.47009169985052546,0.4398080178193752,0.6421422026301533
09/24/2003,0.5621127420822103,0.3679116354335976,0.6189159583810343
09/25/2003,0.6235810097569962,0.3296898960236599,0.6215227473070086
09/26/2003,0.6460400646615295,0.31297802483960835,0.6106618301060196
09/27/2003,0.6633061578683319,0.26401177370331685,0.5804434235613867
09/28/2003,0.6614212099910441,0.16389667688590437,0.5638031314723938
09/29/2003,0.6965083884538373,0.09216775729752047,0.5865370625087782
09/30/2003,0.8053280656234977,0.12201295121294364,0.5908664810509601
10/01/2003,0.8697191397868564,0.21981862331639357,0.623841322209245
10/02/2003,0.9353209756239065,0.2243664830802108,0.6862021049099056
10/03/2003,0.9826759070143881,0.16945307136500765,0.7609003386859562
10/04/2003,0.876195538941557,0.18523544181879592,0.8594507073652455
10/05/2003,0.7310650813910284,0.23109206382216896,0.9358123292434006
10/06/2003,0.6202682633893204,0.2850240683860368,1.0101517055189673
10/07/2003,0.5325945243594747,0.3361560620956111,1.0412614128161668
10/08/2003,0.4725602551788013,0.3725543242359063,1.0254684366843467
10/09/2003,0.45036068327029466,0.3776302907317517,0.9608689333963514
10/10/2003,0.428604870208106,0.3504729569192079,0.8929880994492146
10/11/2003,0.32831232596878834,0.36012408689583164,0.8517888319257261
10/12/2003,0.3135830248176248,0.3596094265104406,0.8248087045015602
10/13/2003,0.4242863658401277,0.3002101021742155,0.7771529640449978
10/14/2003,0.4967801845133444,0.2332145901896765,0.7568863609181757
10/15/2003,0.4854949670868145,0.07943118986838527,0.7266443794970423
10/16/2003,0.5553836469178037,-0.07023081713279777,0.7295009971917297
10/17/2003,0.5220106777682454,-0.07412004078218548,0.8366453213245244
10/18/2003,0.42400369703135965,-0.06884766367720241,0.8996105703509113
10/19/2003,0.42212373850618023,-0.1492470107029229,0.9279980083460184
10/20/2003,0.4219760390092193,-0.17095599055080868,1.0118165949471098
10/21/2003,0.39089879549837003,-0.14962333225568902,1.0761840824970024
10/22/2003,0.31936542710594895,-0.19580583733252843,1.0948230047357
10/23/2003,0.15936207778549227,-0.29838020636002827,1.0627658795530512
10/24/2003,-0.021177518184454458,-0.3423486442204413,1.0070494384226518
10/25/2003,-0.1350050007276613,-0.3091292980647158,0.9909217071597816
10/26/2003,-0.19875736444837067,-0.1844671027767184,0.9628215499316826
10/27/2003,-0.20999617356301492,-0.11237031698017796,0.89008128877306
10/28/2003,-0.14968800362617984,-0.11376139732134716,0.8106201995687752
10/29/2003,-0.14316750740358142,-0.08399987608694581,0.719610342377857
10/30/2003,-0.1391861144806068,-0.14002334537041428,0.6111540621659945
10/31/2003,-0.12708194626651914,-0.09541335823780805,0.5920010777751392
11/01/2003,-0.07457943427063207,-0.025933266727024673,0.5866551397731883
11/02/2003,0.027061188884576648,0.013963629115867349,0.5567150871920705
11/03/2003,0.08430160431681011,0.041262296362255535,0.515643432382177
11/04/2003,0.05907019390160273,0.12084758159869313,0.4781063048396357
11/05/2003,0.004761829933909167,0.3055022671342964,0.46953803423436735
11/06/2003,0.02318926821668077,0.3163717887819877,0.490660149747022
11/07/2003,0.07931071137945134,0.3234244269508324,0.5794652082038843
11/08/2003,0.139668444659657,0.3646806368749411,0.6948960405625488
11/09/2003,0.23626600679884913,0.41136006960056304,0.8327861830209962
11/10/2003,0.3671410049028305,0.4994782067714325,0.9542364807052934
11/11/2003,0.47525747691655873,0.6232848855944977,1.0876764087397235
11/12/2003,0.5341416637499143,0.7812018925114386,1.2296273135315419
11/13/2003,0.5595150505817288,0.8994453656055725,1.3581015042401392
11/14/2003,0.6659562375659471,0.9098119704020509,1.4258613799999196
11/15/2003,0.7869663693920312,0.9391724499442398,1.5227277477763095
11/16/2003,0.7825435655531485,1.0938886979030353,1.6060973973143737
11/17/2003,0.7967143160731021,1.2469731230699919,1.6749597333057595
11/18/2003,0.8615078401822343,1.3702201637717568,1.723583382719426
11/19/2003,0.7724429523881473,1.4356355832325194,1.7512012896769076
11/20/2003,0.7067994774728423,1.1532672949014302,1.59625543415593
11/21/2003,0.7402204324500314,0.8505657817515242,1.512787021710109
11/22/2003,0.6808352192803504,0.87238057084236,1.53829702632783
11/23/2003,0.617900412263519,0.9909402973119338,1.5714199306949888
11/24/2003,0.5465610783071231,1.098366096461778,1.6117455076146248
11/25/2003,0.5550799934810513,1.0770805297387112,1.5843162402455357
11/26/2003,0.6060506643205315,0.982414432780336,1.539423751234384
11/27/2003,0.6137576358117023,1.013183549247291,1.5408115039903958
11/28/2003,0.5233864182392078,1.1325428342414394,1.5544862308056835
11/29/2003,0.4983426588242388,0.9847465812329398,1.444446213924721
11/30/2003,0.5466108984553768,0.7067618019048286,1.3407428885044834
12/01/2003,0.48907416686890504,0.7459298352989041,1.3792361984304438
12/02/2003,0.45154363664326247,0.7999527348173144,1.3501694712657664
12/03/2003,0.48756257661223035,0.8649523157328025,1.3385295281543441
12/04/2003,0.47177120381747994,1.01412455864105,1.3900373060480191
12/05/2003,0.46456544209469086,1.048220383470222,1.3674929884331388
12/06/2003,0.47970687840454795,0.9431050659524168,1.28142805288536
12/07/2003,0.475087508767171,0.7599006481702493,1.1730795435375083
12/08/2003,0.4053543426390195,0.7453915116921402,1.2109525623497244
12/09/2003,0.3298421860589139,0.8776594656088162,1.2485049871873444
12/10/2003,0.23578706568288776,1.0639008787650062,1.2953040385430739
12/11/2003,0.12309590808229043,1.093723231506453,1.227350654029352
12/12/2003,0.21494903660369002,0.9686538291707961,1.1360713291020332
12/13/2003,0.31552531355773816,0.9962586503532311,1.1369790227119272
12/14/2003,0.3212457891816618,1.0506285713066292,1.1434729476432985
12/15/2003,0.37914190086556493,0.9956149872448841,1.0730913508498752
12/16/2003,0.43759597619808244,0.9629107712159188,1.0579468664155645
12/17/2003,0.3360799400999215,1.022427648329273,1.07303847982736
12/18/2003,0.3158003882791047,0.8235686884628497,0.9364206909015639
12/19/2003,0.2897707548994335,0.6252862774069449,0.9223284331410044
12/20/2003,0.2534297449146072,0.5548877828056957,0.8870606207759627
12/21/2003,0.23455458565296905,0.5244911125252265,0.8477279072868402
12/22/2003,0.2335272560420782,0.6143588014180801,0.8544669541269037
12/23/2003,0.2341756516976432,0.7548244468037224,0.8601370162484725
12/24/2003,0.18825849750176576,0.8401596012448601,0.8647184141074785
12/25/2003,0.2356845271597866,0.8519843419626693,0.820233961168794
12/26/2003,0.3141209209985655,0.8958372821644291,0.8078659560796189
12/27/2003,0.366309360616528,0.9914403369972757,0.7916895331613185
12/28/2003,0.42919053209819447,1.0676659145404521,0.7848307860016659
12/29/2003,0.5071016498819532,1.167622884670148,0.781726327780861
12/30/2003,0.5461856295609927,1.2685635519403438,0.7856812669164361
12/31/2003,0.6153045550836688,1.3002166629426166,0.7576369022101825
01/01/2004,0.660371875556519,1.2585273945985307,0.6741304502100176
01/02/2004,0.696815680869332,1.2778912493885493,0.6455136339414759
01/03/2004,0.7262923328866449,1.3398078589937037,0.6299146129037645
01/04/2004,0.7793818274834708,1.423524636989642,0.6480819158832862
01/05/2004,0.8371862598223906,1.5076920143920254,0.6432634708151119
01/06/2004,0.8856946487101443,1.501987710099939,0.5956941580469273
01/07/2004,0.9579090269788998,1.3664679715691102,0.5283875610227816
01/08/2004,1.0048849143548242,1.270199234501332,0.522605751552007
01/09/2004,0.9719693880834639,1.3388760095566035,0.5615060019881903
01/10/2004,0.9280291546011544,1.3241823234388745,0.5718408870050649
01/11/2004,0.9470474275581893,1.1990142754161153,0.5294047297046243
01/12/2004,0.925675391057776,1.16746803057487,0.5457982362533623
01/13/2004,0.8717582143072045,1.2830149533508293,0.5951219499429184
01/14/2004,0.8509833959168427,1.3692451999670916,0.6179003526912565
01/15/2004,0.853999936189515,1.4247391532944285,0.6202994311304634
01/16/2004,0.8658945883014753,1.4340524805103965,0.5855698238633921
01/17/2004,0.8913706970884572,1.468751394537327,0.574415417709322
01/18/2004,0.8885131924142304,1.5549711894081693,0.5612247265253496
01/19/2004,0.8422754723454106,1.5572359886922522,0.5032339793227719
01/20/2004,0.8645546537691678,1.453358733265266,0.43828519455985787
01/21/2004,0.8974092072228536,1.3855472218083007,0.40348762185709014
01/22/2004,0.8816137989227217,1.3766608307774078,0.3544263156139019
01/23/2004,0.8841079980533748,1.3163627150528017,0.2932644837753453
01/24/2004,0.8909178033254133,1.2977633643378328,0.2622380392089219
01/25/2004,0.8628790018755355,1.376250394257854,0.25077561775790624
01/26/2004,0.8186572001768313,1.450133312885343,0.20029876393873527
01/27/2004,0.7882917831288658,1.4304785707537135,0.12389254861948212
01/28/2004,0.7297436071481384,1.3066471717912043,0.010056652010667855
01/29/2004,0.7452705075947474,1.176935667829948,-0.06678413633325786
01/30/2004,0.7280858215374195,1.216020615719708,-0.11405103334486716
01/31/2004,0.7273273299577596,1.22523142188229,-0.19907327766808208
02/01/2004,0.762416966410192,1.2334689239321248,-0.2825893267834626
02/02/2004,0.7774211588506639,1.2054256579011187,-0.34845363639751975
02/03/2004,0.7675254026133917,1.1016644873094925,-0.3471734516236178
02/04/2004,0.7489625914682821,1.0633386414690618,-0.30476512971952785
02/05/2004,0.7327750787907192,1.1141964236555575,-0.22844404364451293
02/06/2004,0.7218791408878491,1.2374291372456228,-0.17725888854441268
02/07/2004,0.7195581016244771,1.2103370387654446,-0.18719227028592417
02/08/2004,0.7288120657604367,1.0420756810492913,-0.20445678939746964
02/09/2004,0.7119691136360945,0.9683871766301371,-0.17818443576129916
02/10/2004,0.6605746780451451,1.0465639423771507,-0.1799498734578998
02/11/2004,0.6649517706139774,1.0162617488291517,-0.20820929297561763
02/12/2004,0.7154619169166062,0.9904203954567032,-0.24193483773142732
02/13/2004,0.7280349374831966,0.9462270101990969,-0.27088194572927676
02/14/2004,0.7316934899756542,0.8964777002037518,-0.28182170283567476
02/15/2004,0.665194964842835,0.8350097523219036,-0.3028479363635197
02/16/2004,0.6046506444683528,0.648458309863388,-0.333619967030341
02/17/2004,0.5814133973806137,0.5814715468118106,-0.3005323235369855
02/18/2004,0.5294024099401967,0.5805431617172925,-0.2686832334521451
02/19/2004,0.4960042739116265,0.5304187632402714,-0.22156736172511482
02/20/2004,0.4538366178249309,0.6252991209797429,-0.15865267086761092
02/21/2004,0.406975999157269,0.703434197180423,-0.15460140340705159
02/22/2004,0.42650608425591496,0.7046074349625705,-0.1739063463392146
02/23/2004,0.4595447301278224,0.7075688606941489,-0.17661279085329634
02/24/2004,0.4595613857591244,0.7274088570774517,-0.15907425945083908
02/25/2004,0.4619802676847925,0.7112269715908954,-0.14395517583011036
02/26/2004,0.46864343736583103,0.6368882276842517,-0.14684717612774173
02/27/2004,0.482492411361232,0.5080415175799325,-0.18187928030414535
02/28/2004,0.49019266923890326,0.4142278837676081,-0.20880544114354294
02/29/2004,0.45073426803328764,0.42628285647299413,-0.180681343851532
03/01/2004,0.3973280963232473,0.5360310569420689,-0.09927559108230344
03/02/2004,0.39309943697962524,0.6244531167774906,-0.027631419663693424
03/03/2004,0.43134116999913674,0.6674490725725397,0.00011694035395315439
03/04/2004,0.4711997465929505,0.6677370240306081,0.014990333996678928
03/05/2004,0.5044001428578312,0.6398922824449014,0.023376903574451657
03/06/2004,0.5208528982981936,0.5771848045304626,0.011017662983250465
03/07/2004,0.5387810711924486,0.4422483086246337,-0.0278457441003247
03/08/2004,0.5461599927825154,0.2829078092121885,-0.07720475924006376
03/09/2004,0.5116454892197687,0.15506528871551306,-0.12057709476882361
03/10/2004,0.4199737750084743,0.09413713238220167,-0.13382934032052596
03/11/2004,0.3598268785412416,0.07888057867127618,-0.16237291622403438
03/12/2004,0.2981153065783688,0.13779653914069256,-0.12963179501179345
03/13/2004,0.25876105809800776,0.20296704719615288,-0.12830616469282508
03/14/2004,0.26673198832753886,0.24473415957471656,-0.12978736485088005
03/15/2004,0.28066922983155784,0.281429239541385,-0.11979506620630631
03/16/2004,0.30392790178422846,0.28645365192218375,-0.10173756290976899
03/17/2004,0.3258464557725317,0.2606122985497351,-0.12867800663476092
03/18/2004,0.35129123436318843,0.2069318404879817,-0.16052279562337757
03/19/2004,0.3535253268287952,0.21645443748301735,-0.12295462715050365
03/20/2004,0.3580429283577361,0.2473881982991612,-0.10541784053236514
03/21/2004,0.375414164822926,0.28081916294078985,-0.050159466150382026
03/22/2004,0.3840254196972651,0.29295375680791036,-0.047514941191452054
03/23/2004,0.4097198860118022,0.2217332735318026,-0.0999260710224103
03/24/2004,0.3876973627303031,0.23592369049229212,-0.06363317758151738
03/25/2004,0.3443059946662913,0.32912695411566556,0.015353654898916935
03/26/2004,0.3418690263392289,0.3918860448628173,0.06817103544164294
03/27/2004,0.3659370372393669,0.40737629490390537,0.10083984954557795
03/28/2004,0.3828675965169024,0.4062202026816579,0.12199073371131042
03/29/2004,0.3796092194126448,0.3786984670035412,0.12695216994091696
03/30/2004,0.37393218050119115,0.3076490870204229,0.10393984436463632
03/31/2004,0.3665487831687896,0.25544831426521974,0.09198977598453406
04/01/2004,0.3396679516449219,0.19264453937051723,0.037663846803955625
04/02/2004,0.3200355848280627,0.10360523937864735,-0.0468830452331635
04/03/2004,0.2833462373559913,0.019101057416011147,-0.09577604065409612
04/04/2004,0.24163939929745548,-0.04743815954800856,-0.12181917832235295
04/05/2004,0.20836185150696052,-0.08695162899995795,-0.15545853884806066
04/06/2004,0.189559661519898,-0.10232655753540709,-0.1846067839591965
04/07/2004,0.16104881599962062,-0.08985791883856559,-0.19605187929615586
04/08/2004,0.12693764285654752,-0.08493309162760604,-0.20192835346035298
04/09/2004,0.10885868880667826,-0.11321692395626726,-0.2350120204685145
04/10/2004,0.09610139238980098,-0.17042384789661813,-0.2844306017333857
04/11/2004,0.08124148760992278,-0.23286656783298826,-0.3354653401946002
04/12/2004,0.041476387995311614,-0.2659966631289524,-0.35922658400770835
04/13/2004,-0.02280183876301839,-0.2788356341761268,-0.36765429803430993
04/14/2004,-0.05717311857113283,-0.4464811022422623,-0.47795343567490073
04/15/2004,-0.08422300108407427,-0.6768592968213181,-0.553215194209747
04/16/2004,-0.1535212497913368,-0.7067781814137165,-0.5023057150321175
04/17/2004,-0.21201498313582656,-0.616121679330063,-0.4437597612285504
04/18/2004,-0.2168780972982457,-0.5223309454093856,-0.41368698331001774
04/19/2004,-0.20087779538397132,-0.42984685581913173,-0.37443623410752896
04/20/2004,-0.1926769514069313,-0.3483922348120869,-0.3261828441569949
04/21/2004,-0.1833475966931598,-0.30857683909639544,-0.29162114194838434
04/22/2004,-0.1680380265545463,-0.27501135227074786,-0.2528615292436222
04/23/2004,-0.14613473411386974,-0.23930636967070595,-0.2167989067565126
04/24/2004,-0.12682440062645245,-0.21507881276513063,-0.1956132080571491
04/25/2004,-0.1283053577286385,-0.1994875096124334,-0.1820596017347349
04/26/2004,-0.13852490824315555,-0.17505244445791376,-0.1664915810509804
04/27/2004,-0.14690210380536695,-0.1782014144303311,-0.1898289640036056
04/28/2004,-0.13439134008088593,-0.2523655319837363,-0.2768835980242927
04/29/2004,-0.12873444200992662,-0.2916423105043092,-0.28704270616508076
04/30/2004,-0.13536063178710867,-0.21161846298395717,-0.27034743308184
05/01/2004,-0.11977389580161574,-0.1884133568816731,-0.26664585285999554
05/02/2004,-0.09440370068768933,-0.17289697747703775,-0.25684113881794873
05/03/2004,-0.07936146443739739,-0.17293684677557522,-0.27336899375928553
05/04/2004,-0.05781336984311436,-0.24412133611942166,-0.32966571769321823
05/05/2004,-0.06185360777183335,-0.3229472844358471,-0.37055445418423283
05/06/2004,-0.09096288205377667,-0.3589153222015001,-0.34864036889607647
05/07/2004,-0.11606937523422184,-0.3511580719819153,-0.30464973049616745
05/08/2004,-0.11777239519162797,-0.3335861630722644,-0.2572437782319373
05/09/2004,-0.10212864852101328,-0.32344268542518784,-0.22402125885305324
05/10/2004,-0.08556238532019433,-0.30689992113331244,-0.18486241515017982
05/11/2004,-0.06063106975971427,-0.2792339748554784,-0.15233691681871608
05/12/2004,-0.024888892087088943,-0.25616151197174397,-0.10652618433899352
05/13/2004,0.0006105492582774708,-0.17715553527635225,-0.04525844814988467
05/14/2004,0.025520916877187827,-0.09911188248925756,0.0046211213627301295
05/15/2004,0.042088207297560354,-0.026763550190605417,0.06157993008131535
05/16/2004,0.05757988878811299,0.011800865546671535,0.10253277725197041
05/17/2004,0.07628706096664689,0.029924779280404185,0.15218860860791034
05/18/2004,0.08577258973868085,0.06029473302061436,0.21433689280901458
05/19/2004,0.08936077769185019,0.07860689560723527,0.2567133622551781
05/20/2004,0.0903352421822407,0.05478589985493523,0.293333869384328
05/21/2004,0.0864068611254144,0.02608294079142845,0.32893412402679023
05/22/2004,0.07618184433543052,0.006478813292109448,0.37915270919030863
05/23/2004,0.06880222570351985,0.02682577804591743,0.4688729273108965
05/24/2004,0.07472469671499643,0.07609565825840728,0.587699231684298
05/25/2004,0.09052949673674182,0.1259848337458231,0.7532201843889177
05/26/2004,0.1077616916983356,0.17477639981120235,0.9422422863139115
05/27/2004,0.11745857089312428,0.2452501117488671,1.120420837728351
05/28/2004,0.12085422855317696,0.34413055210037585,1.2575698120384606
05/29/2004,0.13454053499529173,0.431627104007157,1.3414816025833156
05/30/2004,0.1525876085526487,0.511536510786933,1.3771759538498876
05/31/2004,0.1571795000670148,0.5727224376954699,1.3950534603268652
06/01/2004,0.1462473159885399,0.5739638466935296,1.3844462266506428
06/02/2004,0.15127537226182153,0.5467635902635634,1.3415298884749423
06/03/2004,0.15356038546806605,0.5174512004938371,1.258604550292638
06/04/2004,0.15339749779630119,0.4648738125975166,1.1665640530618748
06/05/2004,0.14284934708449054,0.40370209536533264,1.0821690384132991
06/06/2004,0.13360712260054902,0.3689059448754034,1.0076206532068186
06/07/2004,0.13392563403438806,0.33474282959538654,0.945928528664298
06/08/2004,0.14235375033723296,0.2993731836138249,0.9125501959880491
06/09/2004,0.1606520524477938,0.29610431215744015,0.9018321887957383
06/10/2004,0.16480334014732784,0.30554323647145154,0.8769800084428165
06/11/2004,0.15620727344778867,0.29841373687140393,0.8514786871703106
06/12/2004,0.14232399765664616,0.294500850000645,0.8265059138174509
06/13/2004,0.1374535828981328,0.292668682515715,0.7983714695486591
06/14/2004,0.13288161210578314,0.29976171844213734,0.736267088990195
06/15/2004,0.10564294131381136,0.3361000298404499,0.6310682805263148
06/16/2004,0.06524712889448547,0.2952337052510827,0.50101940168125
06/17/2004,0.06608614714970984,0.20711462859747654,0.3947927123713344
06/18/2004,0.07674908964641719,0.10944841096240238,0.320162890371153
06/19/2004,0.07555237886873961,0.006273771185345278,0.27373994147720915
06/20/2004,0.05785393628993046,-0.09833205310210613,0.2663134496152946
06/21/2004,0.034978710721324746,-0.16549825735593643,0.2785892245938214
06/22/2004,0.0180238650386777,-0.18536444182045952,0.29400155370935444
06/23/2004,-0.0004231637883963524,-0.1670715973475625,0.3001996768340147
06/24/2004,-0.02623664082527355,-0.142005904407635,0.2911146254591618
06/25/2004,-0.04938752809784902,-0.11107384640394852,0.2628113834515582
06/26/2004,-0.060421370225524795,-0.1172539987009687,0.21772489876991497
06/27/2004,-0.05053482227780759,-0.15726386734266162,0.17320173596516664
06/28/2004,-0.028398974667915133,-0.1901771769976821,0.14045505578893003
06/29/2004,-0.00965761075287902,-0.21832783764875208,0.11173639280778813
06/30/2004,0.003441382910571278,-0.24305889858225138,0.09426700355603712
07/01/2004,0.02085400164913548,-0.245828200094663,0.09166309555300434
07/02/2004,0.037110704900783276,-0.24035677008534473,0.09099589814453579
07/03/2004,0.051616328994575855,-0.26459425027730155,0.10740669023095306
07/04/2004,0.05585929603909473,-0.27700922102294423,0.14460184004688403
07/05/2004,0.06212981104651577,-0.2724927164953861,0.19180710153799974
07/06/2004,0.0665504137006458,-0.25597561182569145,0.24902912923054266
07/07/2004,0.06353816573824372,-0.22769348230948605,0.3108549935199667
07/08/2004,0.05223119326906772,-0.21140631603901416,0.36711207433111104
07/09/2004,0.048595276293161405,-0.18552327312022981,0.4271802915888048
07/10/2004,0.04604560730671897,-0.13523434772936294,0.5024018795079249
07/11/2004,0.051034005568026786,-0.07212835298256531,0.5610468802539043
07/12/2004,0.05987451383444664,-0.048592431522456736,0.606262681857086
07/13/2004,0.05744646030564032,-0.03215806005105204,0.6457642742377798
07/14/2004,0.04420409614190446,-0.013150327935010642,0.6686294698619148
07/15/2004,0.0254110043851557,-0.015306851833966018,0.6761686017533789
07/16/2004,-0.003108499128486042,-0.04048616346707595,0.678273217406397
07/17/2004,-0.04858838797307585,-0.06584861551570509,0.6779000770203193
07/18/2004,-0.11242014109055787,-0.09018344960600883,0.6639875320446574
07/19/2004,-0.20167741243210918,-0.14944032487263853,0.638639264875705
07/20/2004,-0.23234182374243129,-0.18603681786987564,0.6043364399684422
07/21/2004,-0.2337338162941605,-0.22170551294930435,0.5673878322344827
07/22/2004,-0.22962647891687082,-0.27260445622309787,0.5467641163914915
07/23/2004,-0.22699492585759595,-0.33883781283942516,0.523110115949461
07/24/2004,-0.24561412401881366,-0.39012018250416247,0.5046344730619585
07/25/2004,-0.28191797066771673,-0.41299817246189324,0.46957063815677047
07/26/2004,-0.32174888570645854,-0.4143706980190592,0.41989760241591656
07/27/2004,-0.35804425779406074,-0.4373111635786215,0.37816747411914753
07/28/2004,-0.39120451912359916,-0.46607718542067034,0.3371482034152147
07/29/2004,-0.4180120145087619,-0.48738835304824124,0.2805172924195424
07/30/2004,-0.42514557737163694,-0.47195388479450395,0.2304886858649437
07/31/2004,-0.40174837752513887,-0.4079013024752117,0.19493261889977892
08/01/2004,-0.3314525518875685,-0.4022009909847445,0.1313546665426174
08/02/2004,-0.2699486250197782,-0.45930192952913024,0.07188904909719535
08/03/2004,-0.27913086721918967,-0.5514649508949312,0.01606767744935267
08/04/2004,-0.3284161642657059,-0.6269492765607356,-0.022515306275351366
08/05/2004,-0.39898196521329554,-0.6675886573520924,-0.05222147660490184
08/06/2004,-0.47928892585563554,-0.7018585800754646,-0.08308792850687474
08/07/2004,-0.5362826618498231,-0.7144413659245257,-0.14404553942730097
08/08/2004,-0.5437590959244747,-0.6627499689643364,-0.2096114097699793
08/09/2004,-0.5243631363501475,-0.6193703519076587,-0.26314910220197385
08/10/2004,-0.5005915516634827,-0.6191237376899014,-0.31116593185989866
08/11/2004,-0.49460509954850657,-0.6350187286364652,-0.334215668858098
08/12/2004,-0.49396275715100807,-0.6144331939858125,-0.30345069848131045
08/13/2004,-0.4843329407183824,-0.5721650437215027,-0.277460391259191
08/14/2004,-0.40874517344199324,-0.591774220940519,-0.2801517007837123
08/15/2004,-0.3706808559136178,-0.6398817848576447,-0.29697978035712636
08/16/2004,-0.37156789668288404,-0.6631028034487437,-0.2614390918397982
08/17/2004,-0.3971220007829632,-0.6802692668408652,-0.22746732961305
08/18/2004,-0.42387751152153047,-0.7104024709320261,-0.1985216823648675
08/19/2004,-0.46163399336212396,-0.7100150517394617,-0.16015456497921737
08/20/2004,-0.4968641754610685,-0.7038913858418447,-0.12999669839283057
08/21/2004,-0.5568558150303489,-0.7021280941848727,-0.10788719726090146
08/22/2004,-0.5990257089882062,-0.7044447411723551,-0.10445309653286439
08/23/2004,-0.6148182924345728,-0.6998167905054404,-0.10444404800022866
08/24/2004,-0.6239723961555487,-0.7071046516638917,-0.1050300114969005
08/25/2004,-0.6365074095987291,-0.7319007717767418,-0.11606281024154311
08/26/2004,-0.6559588390288503,-0.7603410866983363,-0.13209896061583837
08/27/2004,-0.6716970898982113,-0.7650514182575167,-0.13312310843495953
08/28/2004,-0.6751921677363035,-0.807244116314728,-0.13614897020862887
08/29/2004,-0.7018466807810966,-0.8562409593575547,-0.12514964697709338
08/30/2004,-0.7376113839110285,-0.8503893324291909,-0.09123501629271241
08/31/2004,-0.7743278793283952,-0.8177245159573973,-0.06791840844640101
09/01/2004,-0.8028945248821764,-0.7958730870399231,-0.06693224011851268
09/02/2004,-0.7997864520101738,-0.7452961514733163,-0.06659460406451406
09/03/2004,-0.7619699878850503,-0.6610567862064127,-0.08072691071166363
09/04/2004,-0.6938121729985967,-0.6186444840600567,-0.13803686741862783
09/05/2004,-0.6195838207395832,-0.7065292184891214,-0.26140890301343844
09/06/2004,-0.5948937183416793,-1.058747754528315,-0.4789851712769958
09/07/2004,-0.6869231250754271,-1.3914616308026855,-0.5564160213319196
09/08/2004,-0.8600216893588456,-1.3626784046830642,-0.5753555333901106
09/09/2004,-0.9503973826736677,-1.2435925678822752,-0.5984349722981196
09/10/2004,-0.9517477728335546,-1.1231618028296382,-0.6170080390728551
09/11/2004,-0.9027894250957649,-1.0085993992415692,-0.6287834667154988
09/12/2004,-0.840361587614088,-0.9072694925310127,-0.6409627916399009
09/13/2004,-0.7680841820885556,-0.7915106576807922,-0.6244621634492264
09/14/2004,-0.6788034681293814,-0.643051482167889,-0.5505310667044031
09/15/2004,-0.526785723603485,-0.3217474475487845,-0.3352111291768994
09/16/2004,-0.20466621777688349,0.598051244518679,-0.13249271380271244
09/17/2004,0.11621611215898525,0.31869229553861955,-0.2531108305194015
09/18/2004,0.19728651704667766,-0.07375354067759171,-0.38610320108771334
09/19/2004,0.14132539350679052,-0.3308739351359631,-0.4764403019061664
09/20/2004,0.09225060309553518,-0.5246655012864918,-0.5568749807606852
09/21/2004,0.09623008832505886,-0.6334991153137082,-0.6384291619262028
09/22/2004,0.15945281030764968,-0.6711162388664412,-0.7114190083952616
09/23/2004,0.19668218177259122,-0.5890578827672543,-0.7658564820431445
09/24/2004,0.15613489115580792,-0.60973002598248,-0.8060916547892056
09/25/2004,0.06592223225839688,-0.6927377881023618,-0.8409317515377117
09/26/2004,0.028817961460281927,-0.7970617088518456,-0.8730488891856725
09/27/2004,-0.024246072766231697,-1.009403537744474,-0.8929684425384502
09/28/2004,-0.1833607304288577,-1.026981964315592,-0.7968146771392173
09/29/2004,-0.3946567105454063,-0.8641264489703718,-0.71468816614055
09/30/2004,-0.5391442020294328,-0.7342172426112127,-0.666646666043874
10/01/2004,-0.5831366035903964,-0.650813429801143,-0.6329382445202192
10/02/2004,-0.6030345800341882,-0.5687985247784203,-0.6076753094774013
10/03/2004,-0.5995538832698222,-0.4899678203306491,-0.6128963533831875
10/04/2004,-0.5774800356971548,-0.45314467712375994,-0.6489789800254011
10/05/2004,-0.5522238252670526,-0.4311108124028151,-0.6899774756230181
10/06/2004,-0.5160721171710312,-0.4199357827134539,-0.7426194850534553
10/07/2004,-0.46552546788791194,-0.35510202050057804,-0.778828507117878
10/08/2004,-0.361596933299867,-0.20585661537439193,-0.7811702511328211
10/09/2004,-0.2469679993878935,-0.09122204776879428,-0.7579668919617552
10/10/2004,-0.18785162424945057,0.012017240163920806,-0.7399747572126265
10/11/2004,-0.2143908318995642,0.08714972954572042,-0.7501863306121344
10/12/2004,-0.22831681067492648,0.04766978788384957,-0.8076236159980396
10/13/2004,-0.247839778609535,-0.1580774006729091,-0.9146761563603552
10/14/2004,-0.3336769224538514,-0.38439796932244996,-0.9615487726921541
10/15/2004,-0.521653404545706,-0.45383214361459634,-0.9467132773878986
10/16/2004,-0.7101846952546942,-0.4772880916069441,-1.0102445263322337
10/17/2004,-0.8829869433838695,-0.4903616984670127,-1.020617431416718
10/18/2004,-1.0160034741345707,-0.41790109798160824,-1.0339766363048437
10/19/2004,-1.101502112450206,-0.31080840417875066,-1.0367016242243672
10/20/2004,-1.1511095895718164,-0.22224007862513173,-1.0722103385546282
10/21/2004,-1.1381709522176575,-0.27071098748975486,-1.147929514615823
10/22/2004,-1.116145567395985,-0.36403873257542396,-1.2278151139026579
10/23/2004,-1.0919312877689713,-0.4122506965114012,-1.2643541030853487
10/24/2004,-1.0733667523624695,-0.395594665832369,-1.250221309521642
10/25/2004,-1.0451604407528432,-0.3877631377591033,-1.2555848982486884
10/26/2004,-0.9841657212913741,-0.37736412080829185,-1.259238395460799
10/27/2004,-0.8924895680241554,-0.33267128304205285,-1.2252081220947797
10/28/2004,-0.7808433495124723,-0.2052079025463469,-1.120423720194955
10/29/2004,-0.6551151982856407,-0.07112140364439057,-0.9923447028465193
10/30/2004,-0.5426153236401217,0.024253944060724564,-0.8861452808636388
10/31/2004,-0.4331855514296026,0.09243772555116614,-0.7942729727259923
11/01/2004,-0.31018903379550666,0.17158433106834714,-0.6973046770842442
11/02/2004,-0.22083608429000257,0.2950308356981408,-0.5967400969255117
11/03/2004,-0.20844165317974883,0.3546114802020872,-0.5493913573564084
11/04/2004,-0.2464292227330518,0.27738053869784696,-0.5509096849017157
11/05/2004,-0.24849690563129068,0.12277385791294138,-0.584320519257961
11/06/2004,-0.19356553300552326,-0.0870486893099478,-0.7622510272643881
11/07/2004,-0.2634835986529698,-0.2317151143067422,-0.8433080666280066
11/08/2004,-0.4264715343807568,-0.2814334800895242,-0.8674983245017955
11/09/2004,-0.5183007433611733,-0.3395503517757359,-0.909841034400199
11/10/2004,-0.5006756369210681,-0.26156019078682524,-0.9359199604351942
11/11/2004,-0.48183133093238983,-0.08651794028272852,-0.8445411828016658
11/12/2004,-0.45919522740084195,0.032959836971286904,-0.7546120369029194
11/13/2004,-0.3779343833455575,0.020880320279464515,-0.7369596481795277
11/14/2004,-0.2195804918201727,-0.022480448404855746,-0.7679228747466582
11/15/2004,-0.008041207415526275,-0.0024835584049214265,-0.7670556357871428
11/16/2004,0.25628285424323005,0.032776168096727565,-0.5909631971966602
11/17/2004,0.3981222470959158,0.09967925846728143,-0.40072339812222735
11/18/2004,0.4199082530756404,0.12227963127701691,-0.3214849109359992
11/19/2004,0.35393669157281993,0.13912449798565096,-0.30181713401815635
11/20/2004,0.30020646878065205,0.13943593651207453,-0.29166792651397144
11/21/2004,0.2661880388885258,0.14695837476575258,-0.2594788875214984
11/22/2004,0.2561877630618765,0.181345145654204,-0.22969014425961864
11/23/2004,0.27154076991295817,0.15835130573179745,-0.25014940403640673
11/24/2004,0.23442296182860645,0.1218452379477376,-0.29811255114422774
11/25/2004,0.09168453174975322,0.016808660826606592,-0.3832988457698472
11/26/2004,0.07724747456103098,-0.23534140022586492,-0.5928443181512772
11/27/2004,0.03839069383497207,-0.34201672882399936,-0.6373861866669828
11/28/2004,-0.12923998077499022,-0.32883607964988804,-0.6344825003720478
11/29/2004,-0.12068474605263213,-0.4094968964641058,-0.7456187287221634
11/30/2004,-0.13858474378203478,-0.4044669646222445,-0.751817906832692
12/01/2004,-0.24354372632604104,-0.34061807390328747,-0.7385528391450566
12/02/2004,-0.21137223718779208,-0.36925896838865646,-0.8309959757898135
12/03/2004,-0.17758379441600414,-0.4501575330523273,-0.9098713043793218
12/04/2004,-0.15159348887059665,-0.5082140429728593,-0.9755106585453137
12/05/2004,-0.1539701814218204,-0.49254775735442735,-0.9891868055338832
12/06/2004,-0.22530371892503698,-0.41717998626535,-0.9532263949467884
12/07/2004,-0.2673359654629718,-0.36266303626403185,-0.9089287556594177
12/08/2004,-0.2695564839559358,-0.3735898663585152,-0.900619200049975
12/09/2004,-0.2358805950978793,-0.3940062353993239,-0.8952306974259074
12/10/2004,-0.28985514939769264,-0.3666447402450794,-0.8701837504512814
12/11/2004,-0.4089871203328187,-0.5105697372114847,-0.9405248114415634
12/12/2004,-0.4966163220578189,-0.8122606018099539,-1.1239359710299541
12/13/2004,-0.581825467891951,-0.9514981671088281,-1.1220884473175814
12/14/2004,-0.7154265966267852,-0.9739547990602169,-1.0996973461117747
12/15/2004,-0.7215995257767956,-1.1063024328562958,-1.2550747720053455
12/16/2004,-0.6881678583671442,-1.2080240451493922,-1.2851911695318639
12/17/2004,-0.7131374745423353,-1.099700159223214,-1.1387935804610474
12/18/2004,-0.7240848101091997,-0.9682450927424068,-1.0664989291023266
12/19/2004,-0.7458992113722489,-0.8921954333412279,-1.0758607113855194
12/20/2004,-0.780415989492571,-1.00103726784237,-1.1671085896187083
12/21/2004,-0.7855280576506147,-1.06639156220773,-1.1484937697494453
12/22/2004,-0.8373832012104792,-0.8586902495635884,-0.9911100041940595
12/23/2004,-0.9029540737153297,-0.590887349239324,-0.8708720475771056
12/24/2004,-0.8080075468869484,-0.5228601090594903,-0.9116099210890581
12/25/2004,-0.6139103404101468,-0.5574813983254978,-0.9894600468735797
12/26/2004,-0.5144931706609039,-0.5343147522976479,-0.9791278804741337
12/27/2004,-0.44713258820577073,-0.6666575125270421,-1.204079595514167
12/28/2004,-0.40209308305754377,-0.8020941655535575,-1.1193161879159188
12/29/2004,-0.40978989241243585,-0.641868144946346,-0.9257385352856689
12/30/2004,-0.39154375838053135,-0.43592624859289625,-0.744179322235021
12/31/2004,-0.4372221608760425,-0.2610829745361769,-0.5811316902897428
01/01/2005,-0.20240015977929315,-0.14735641015485967,-0.5123880391860292
01/02/2005,-0.08192986851401642,-0.06028021805401795,-0.37853747819084005
01/03/2005,0.06094852022875004,0.006490287815655568,-0.24650011329094568
01/04/2005,0.19498218176765808,0.09660142017203738,-0.09971319385862182
01/05/2005,0.29722963487300763,0.1717663217081759,0.01939471058865777
01/06/2005,0.36340869472526366,0.19847170560783967,0.10442860033279439
01/07/2005,0.42324173893304706,0.20754769599805062,0.1561381645618304
01/08/2005,0.45939076892094977,0.24032671833973207,0.22154270321953018
01/09/2005,0.5038249849483682,0.2596022617527219,0.25082075216875105
01/10/2005,0.5690649460119336,0.23472217537049306,0.2600188087605754
01/11/2005,0.6147562953385126,0.22061824953923237,0.2791039494448677
01/12/2005,0.6384701356118074,0.2228148188897377,0.2880846383715979
01/13/2005,0.6705624921581632,0.2615345428665299,0.2982312895638698
01/14/2005,0.6673445434805467,0.3272098467386741,0.29426677440272747
01/15/2005,0.7270740586320892,0.22736943118570535,0.17107911787646066
01/16/2005,0.7808596779072261,0.050271827329607194,0.08872724566593324
01/17/2005,0.7418528497537966,-0.1053388081922591,0.019132627753326234
01/18/2005,0.6689409894094642,-0.21953551812599426,0.025906732585294856
01/19/2005,0.5974309168890181,-0.14068379275204435,0.0799920032589333
01/20/2005,0.5703046165787163,-0.008270277729221398,0.13176028150913172
01/21/2005,0.5637500386788544,0.09094262207489329,0.17852244893587405
01/22/2005,0.5805490037945378,0.18677637863668362,0.2330370582812288
01/23/2005,0.6080056285635158,0.21243970003097967,0.320211920114438
01/24/2005,0.6775066063865847,0.1520813399760323,0.3553250553207455
01/25/2005,0.6814193223452436,0.2062504464949717,0.5064090133443885
01/26/2005,0.6465376978520234,0.3379034502443629,0.6002156380702057
01/27/2005,0.6405644895319789,0.39875944256014495,0.6363607929132604
01/28/2005,0.6845500307337969,0.4711475267219951,0.6436500148832526
01/29/2005,0.7252475888964238,0.5883239823006292,0.6558032086192432
01/30/2005,0.7999077769176708,0.6387308127746513,0.7022356118096136
01/31/2005,0.8990764695946538,0.6026792784809896,0.7118553381374206
02/01/2005,0.9522072364056086,0.5553091497926301,0.757411494412025
02/02/2005,0.9577053923694223,0.5718054684068312,0.8353794134262982
02/03/2005,0.9484524921394286,0.5958810052624599,0.9187281661289082
02/04/2005,0.9830445507783213,0.5753179007620862,0.9732372165102697
02/05/2005,1.0319392475903222,0.5662586449080829,1.0100049753207032
02/06/2005,1.045897987332096,0.6532973751348934,1.1220151377329504
02/07/2005,1.065835988651985,0.78050879810479,1.2392592473396735
02/08/2005,1.1129809270169808,0.882463167245313,1.3495739257336146
02/09/2005,1.159100333405299,0.9669787404361037,1.4425080771469607
02/10/2005,1.1925774185936977,0.9968626292966498,1.5207129622176372
02/11/2005,1.2434156881702512,0.922049916350538,1.538086023144405
02/12/2005,1.2719888272190545,0.8330943477573678,1.5866298993959345
02/13/2005,1.2454287450001922,0.9481707658364494,1.6830030612792393
02/14/2005,1.2103391819205842,1.1039437557183387,1.7416709471032696
02/15/2005,1.223798142664068,1.1580140403971606,1.7147905158435928
02/16/2005,1.273597453036948,1.1010529086271728,1.6829968125167978
02/17/2005,1.2750357071549119,1.0577659480551702,1.6730135218284754
02/18/2005,1.2666832382347657,1.0057001672253563,1.6556214711560908
02/19/2005,1.2677124021662816,0.9466081711785955,1.6446345642966869
02/20/2005,1.244231153748616,0.9642679804415739,1.6548574585060822
02/21/2005,1.211799081021959,1.0233071893021999,1.654003893786468
02/22/2005,1.2003171143648705,1.0486665880319443,1.6263635480911074
02/23/2005,1.20942965238042,1.0374635500135696,1.5864872328455364
02/24/2005,1.1985141239332449,1.0365761498533375,1.5404437136765
02/25/2005,1.1722817247513597,1.0325299738696454,1.46576808094384
02/26/2005,1.1719788050428586,0.9802381887245567,1.3721534230695422
02/27/2005,1.1842539319394696,0.9523467078728162,1.3019479277632435
02/28/2005,1.160824704854813,0.98549588641182,1.2387048522662703
03/01/2005,1.113580603116671,0.8535945656322121,1.1379455460622125
03/02/2005,1.0858874610459222,0.7084463621457259,1.078102040794306
03/03/2005,1.0432750922661853,0.724542461115102,1.070793545044042
03/04/2005,0.9936259393799074,0.8152015467762761,1.0636108766466723
03/05/2005,0.9970874858369205,0.8351356675860254,1.0089462564262281
03/06/2005,0.9950494455600264,0.801067087756151,0.9558503596144626
03/07/2005,0.967472012434487,0.7962788965653633,0.9219047691525059
03/08/2005,0.9077598866424941,0.8175215993886723,0.913644676149702
03/09/2005,0.8867744515576297,0.7460685941358242,0.8601614777954092
03/10/2005,0.874629157875065,0.7017150270720147,0.8033775126961793
03/11/2005,0.8377103735788459,0.6825265032472873,0.7588417306374016
03/12/2005,0.7957571495735644,0.6441301374841136,0.7129953315200788
03/13/2005,0.7626339048342936,0.6026818620585084,0.6793210347316002
03/14/2005,0.7175690126885728,0.6341211820210555,0.66742919345611
03/15/2005,0.7190217946259131,0.6277233046003599,0.6439090544901167
03/16/2005,0.727738706368422,0.5985294070904991,0.6303091505186715
03/17/2005,0.6942238708615003,0.56445524908189,0.6368216188554849
03/18/2005,0.6728192568267352,0.46744279399455635,0.6208557873469013
03/19/2005,0.6748500331939413,0.3707070165724809,0.6159360230590615
03/20/2005,0.6663516990974621,0.3570859261489863,0.6187539308876872
03/21/2005,0.6653995766323136,0.39209463460755795,0.6208384206564683
03/22/2005,0.6918664386768664,0.43546203838868974,0.6080772304497276
03/23/2005,0.7191120432008077,0.43773770044188876,0.5816275174586666
03/24/2005,0.7506394289937562,0.3620779850931216,0.5511307975268973
03/25/2005,0.7748783252035978,0.2808220059667137,0.5314780744458516
03/26/2005,0.774498987697735,0.2253449046109232,0.5157800876184883
03/27/2005,0.7602254785362031,0.17923720584680358,0.487762138135305
03/28/2005,0.6759813320980266,0.13216354267879138,0.46043479863157305
03/29/2005,0.6328647819504913,-0.03217841050512993,0.3828275630548672
03/30/2005,0.6051996682989387,-0.08729081640699338,0.34219936749676394
03/31/2005,0.5549803351886687,-0.06023529903578112,0.290048616293192
04/01/2005,0.5282640422251296,-0.04829875987259036,0.2375315821116828
04/02/2005,0.4711980339981978,-0.04501785129367203,0.1939258512479154
04/03/2005,0.46328840676404726,-0.1926119980789533,0.09093395148982947
04/04/2005,0.45403726748185724,-0.2981129145415226,0.06165358968697082
04/05/2005,0.4038025994511336,-0.2501253695437068,0.07326504817996754
04/06/2005,0.37589308091911233,-0.1541889744931924,0.10309258246067016
04/07/2005,0.3695727090770231,0.0023182798632379598,0.1262973618050227
04/08/2005,0.36091655003371037,0.0753763326499976,0.1158337685123072
04/09/2005,0.40317449138171313,0.020108970814641858,0.07397915188316528
04/10/2005,0.4450288455051503,-0.027038206877328497,0.09027186670517534
04/11/2005,0.4629058775402969,0.018481140824425535,0.13405714804832553
04/12/2005,0.4638377124192987,0.0871691896725108,0.18522449011781322
04/13/2005,0.4699187787922606,0.12374143227166601,0.21908799456400196
04/14/2005,0.48355808993988797,0.0938837902100137,0.22157195878916636
04/15/2005,0.5228476969613205,0.0561154099370576,0.21771691869997162
04/16/2005,0.5583001253475524,0.050029851807849524,0.22377789366184836
04/17/2005,0.5690973768006369,0.11496443226165398,0.2515638274069308
04/18/2005,0.598178549290559,0.20213891774357418,0.27279931332396684
04/19/2005,0.6294122236645588,0.3154769991758153,0.2885941153928656
04/20/2005,0.6610432485729865,0.43454997680668117,0.3135628716841536
04/21/2005,0.7052355543959934,0.5193219113485978,0.3289459858064288
04/22/2005,0.761727053402247,0.5335540765730924,0.3312038178685221
04/23/2005,0.8049990438797909,0.5128276195122927,0.3441283685792114
04/24/2005,0.8359543784417078,0.46942475025794084,0.34449672095251294
04/25/2005,0.8742876807469648,0.4041313461172973,0.3445714220672089
04/26/2005,0.8763757246041773,0.4573117644937083,0.3975538267454517
04/27/2005,0.855127137882029,0.5559232779125189,0.44064005822220764
04/28/2005,0.886278928183195,0.5700429400795816,0.432129649534137
04/29/2005,0.9120269566600668,0.5934527947002781,0.46339622511456674
04/30/2005,0.9124623143179051,0.706206635307114,0.49718377057828966
05/01/2005,0.9251266473653598,0.8069733808361187,0.49828614965712764
05/02/2005,0.9910147472796058,0.8253304037233031,0.4352455908703474
05/03/2005,1.0529902046080148,0.7653527103287665,0.3650357944678167
05/04/2005,1.1065590071849272,0.712014928594354,0.3268546386295151
05/05/2005,1.1320126638874224,0.7161888742299125,0.2850046071312587
05/06/2005,1.1307375542461071,0.6970474419772467,0.22167924273662087
05/07/2005,1.1320180567900666,0.6166115138425556,0.1404579501886984
05/08/2005,1.121067712937375,0.5665793021088367,0.13075654360891292
05/09/2005,1.0814979317832267,0.5716085880563205,0.11670680989409127
05/10/2005,1.0466163439764138,0.5621543384302069,0.09087049003225545
05/11/2005,1.0320870204601111,0.5276875940739928,0.05965577106485226
05/12/2005,1.0316164438462154,0.49109415439564086,0.031103187205089533
05/13/2005,1.0332763572688592,0.485231194956796,0.015578745552942586
05/14/2005,1.0376729303227648,0.4951490793122966,0.01251591869752311
05/15/2005,1.0392407241634771,0.4946584344542993,-0.008061093732640578
05/16/2005,1.0278177492577856,0.4478993218492717,-0.0428238519017794
05/17/2005,1.0055879477453304,0.3934820744531338,-0.06737588877537615
05/18/2005,0.9650543044740172,0.3545760980242597,-0.0906993540298277
05/19/2005,0.9328449916444223,0.3048945482211286,-0.11437023424574111
05/20/2005,0.9054114426289375,0.27619851784278465,-0.11594041840408503
05/21/2005,0.8689513485489495,0.24870561254107929,-0.1237218318576711
05/22/2005,0.8342106732527764,0.1937722368177743,-0.15166881325307524
05/23/2005,0.8271176121893657,0.14564347582145556,-0.17317486246876168
05/24/2005,0.8249643765770378,0.0981172755638576,-0.18522823831112695
05/25/2005,0.8150418392585992,0.050452619038291596,-0.19933721354005052
05/26/2005,0.8156795958545289,0.05381414697934844,-0.20140539160425902
05/27/2005,0.8334142112361175,0.08144233779479743,-0.19299573406654064
05/28/2005,0.8540432745093834,0.11064339886050387,-0.1842474666417135
05/29/2005,0.8699510166047723,0.13299698129947396,-0.1733239400871201
05/30/2005,0.8768903615995567,0.1645991253634126,-0.1529620636211808
05/31/2005,0.8762050227265394,0.20555141262296914,-0.12392800044201896
06/01/2005,0.8801540582336342,0.2629569197262872,-0.08745551594536688
06/02/2005,0.888706101238104,0.3206139733317165,-0.040893268340524536
06/03/2005,0.9097196014285772,0.3679796394770888,0.0147141846344791
06/04/2005,0.9486425644428929,0.44558085461399266,0.06927545681627811
06/05/2005,1.000478374263344,0.508690900880079,0.12181703970740071
06/06/2005,1.0550039584797957,0.5601818944295084,0.14909365873672925
06/07/2005,1.098530405914848,0.5758798288725505,0.17100697307367063
06/08/2005,1.1258391844412197,0.6027227295574509,0.17899479856988304
06/09/2005,1.1383629351557445,0.6431920639738984,0.18377453377199765
06/10/2005,1.1592338719470159,0.7311435016770985,0.20396915440154612
06/11/2005,1.2154698134033823,1.0105501294059238,0.2897937154770414
06/12/2005,1.3251217218419398,1.2515835848515762,0.18856676649899784
06/13/2005,1.4167951603146312,1.096562416027824,0.11503575285625961
06/14/2005,1.4282431186672757,0.9978674060810002,0.11707613610049361
06/15/2005,1.4088188738688663,0.9286079755774381,0.12971454218280204
06/16/2005,1.3746492225841722,0.8637255951330596,0.13527683344035846
06/17/2005,1.3278187968340465,0.8206328726163743,0.1298023900444628
06/18/2005,1.2834423985928238,0.7808338004131925,0.12640979895267557
06/19/2005,1.2393814668131935,0.7445863252517562,0.12650937338801993
06/20/2005,1.2116182170080454,0.7158865369424776,0.12547922026473224
06/21/2005,1.1838653127712353,0.7193026723174654,0.12645106513065052
06/22/2005,1.1744997485682647,0.7443740608714688,0.13533108405978422
06/23/2005,1.2118632088711145,0.7456441240929262,0.1397259523021298
06/24/2005,1.260218725477729,0.7369392293827692,0.14291931337046915
06/25/2005,1.2971157914177143,0.7147971479943653,0.14101542906694287
06/26/2005,1.3227892731042632,0.668431150195977,0.14527582718755605
06/27/2005,1.3420071935184392,0.6261500233264032,0.16063138994813553
06/28/2005,1.3493695328500337,0.6203925795421541,0.16853623674822937
06/29/2005,1.350448516929806,0.6014732175208111,0.14512386864624804
06/30/2005,1.338934486348147,0.5591949090994359,0.07733928187133499
07/01/2005,1.307022663637989,0.45339699865748206,-0.015729867156672572
07/02/2005,1.274793723577671,0.2870562372386276,-0.0818100431097849
07/03/2005,1.2250323836417927,0.14693015614377136,-0.11922264174357466
07/04/2005,1.1850114696724028,0.05901071957120885,-0.1389292502566194
07/05/2005,1.1757726203384167,0.030559483162828416,-0.1482409612874822
07/06/2005,1.1755492000859302,-0.017053501812349436,-0.15909964678759925
07/07/2005,1.1351660077925232,-0.10897883404636993,-0.1625874706421231
07/08/2005,1.1229140667086488,-0.1933826675094492,-0.15844527151505705
07/09/2005,1.1345997897010869,-0.1996908243290182,-0.13442109276265024
07/10/2005,1.185958932963155,0.22231278280358652,0.06786985045327776
07/11/2005,1.3530360829804229,0.9474812442271301,-0.039419737118205345
07/12/2005,1.5011440831470744,0.6144143573153398,-0.22421670179639042
07/13/2005,1.4739870763094656,0.25802680792494515,-0.27747648660503854
07/14/2005,1.4080603456027907,0.026707075493091814,-0.28263390674773436
07/15/2005,1.3372103350171085,-0.14237609474490437,-0.27202610500219837
07/16/2005,1.27358318202246,-0.22614783248080012,-0.24676905353441414
07/17/2005,1.2266351396336692,-0.2579520827679574,-0.21892444634454367
07/18/2005,1.199971198180855,-0.2906874191624952,-0.19548846278968213
07/19/2005,1.2106720010553202,-0.2821959631860425,-0.18475633501729083
07/20/2005,1.2919023220153558,-0.2839482159208863,-0.19570477546890952
07/21/2005,1.293076837513435,-0.3267394819151967,-0.2080610539844051
07/22/2005,1.2501824969667703,-0.3827635383753715,-0.22725023250579346
07/23/2005,1.204314135699597,-0.46913370920137615,-0.24987444501194933
07/24/2005,1.1520922747597884,-0.5572163808990276,-0.251145378371319
07/25/2005,1.0753944866985998,-0.5995757197062357,-0.24388906384511722
07/26/2005,0.9971815131123095,-0.5797568616844528,-0.22212888476449122
07/27/2005,0.9267041631053952,-0.5646125761602769,-0.19836200083462996
07/28/2005,0.8463907089680363,-0.5547364400687864,-0.17530094302654342
07/29/2005,0.7657438487133368,-0.5230893769866124,-0.15217443551829013
07/30/2005,0.718538084276321,-0.4674958384894363,-0.14495549183763157
07/31/2005,0.7155255795090344,-0.3996082876486615,-0.15020993010376055
08/01/2005,0.7324833234182744,-0.33417219956774413,-0.16529103423326158
08/02/2005,0.7571642175266261,-0.3099050082343141,-0.18517406884446708
08/03/2005,0.7620883411931285,-0.3236754764125635,-0.20547065791575653
08/04/2005,0.7361083078432364,-0.3535807385053122,-0.22736392752121448
08/05/2005,0.6891728855803672,-0.38845703861601666,-0.2579998244347401
08/06/2005,0.6238080439684484,-0.42336862804692754,-0.2792474021128719
08/07/2005,0.5412601671877676,-0.4314430124070138,-0.2869943256438682
08/08/2005,0.45898802548387413,-0.45764189767754043,-0.2994740375058684
08/09/2005,0.37757709731481315,-0.49795750923158466,-0.31217939461438493
08/10/2005,0.29826499880824886,-0.5149716002677353,-0.326621704801076
08/11/2005,0.24454035235078586,-0.4973982234163127,-0.32584596557738815
08/12/2005,0.21218304653292613,-0.45929192294735605,-0.31662798598322245
08/13/2005,0.20159296325156212,-0.4116059519072552,-0.29926527203323217
08/14/2005,0.2037881681198598,-0.37582322711094895,-0.2793233205189597
08/15/2005,0.20762061420784372,-0.3588295698242703,-0.2509788123333866
08/16/2005,0.20092350959518296,-0.3614810249711963,-0.20548619866910967
08/17/2005,0.19588393378835814,-0.34802170173101865,-0.14637473186415037
08/18/2005,0.20898956769248508,-0.3076157236814689,-0.09748628099772588
08/19/2005,0.23407052712979276,-0.2769521815867827,-0.055977943191419854
08/20/2005,0.25501369946738717,-0.25126830900767305,-0.0017688739838648826
08/21/2005,0.27159335320879113,-0.2067261995026226,0.06230504346018806
08/22/2005,0.28131950816080287,-0.17622900456958243,0.11070353454389026
08/23/2005,0.27928150457032236,-0.14386112335950416,0.14907937585113762
08/24/2005,0.27554458990064506,-0.08809965232357038,0.18383198992539818
08/25/2005,0.2958032671527126,-0.04341691399672576,0.2092872975835256
08/26/2005,0.33195339773299093,-0.0471930474119715,0.18859212673619782
08/27/2005,0.3825938541730252,-0.06173629885686653,0.16140327441577196
08/28/2005,0.47763022602576505,0.31011883555365094,0.3688552490721748
08/29/2005,0.7682121105503144,1.2010484562666488,0.5369588883333356
08/30/2005,1.0115474353470781,1.3705932061155472,0.5583798083047846
08/31/2005,1.0909495989964686,1.025542042574126,0.5087489314222517
09/01/2005,1.1078177546862424,0.7697400946980265,0.477063932216195
09/02/2005,1.0822244694975474,0.5859045206714066,0.47005079193246363
09/03/2005,1.035695826177133,0.47939929716585095,0.4851337219990432
09/04/2005,0.9980983799349858,0.44468041913081846,0.4978514549033132
09/05/2005,0.9717696789201304,0.45703731809994697,0.5097621641952828
09/06/2005,1.0019339443680357,0.5160638439436591,0.5093122127227697
09/07/2005,1.131163813673628,0.5094679118190305,0.49468860727237296
09/08/2005,1.2127721147422652,0.41900318164851924,0.4352220565702256
09/09/2005,1.1940183141333693,0.2578915224112053,0.37380747446363066
09/10/2005,1.0745906140266044,0.1232939449017773,0.3549405941247795
09/11/2005,0.9451218061160152,0.11256100055658777,0.3670726069906593
09/12/2005,0.8719375124720197,0.14296013697923252,0.3710025510764489
09/13/2005,0.8101016469433968,0.14912073629184697,0.39998739510725245
09/14/2005,0.7220258248319011,0.18947269408417172,0.4552981941715726
09/15/2005,0.6688346354994573,0.2774935947920416,0.5201708170701257
09/16/2005,0.6358829731117304,0.39200808476066085,0.5772372749235811
09/17/2005,0.6201483541972042,0.4763998811012051,0.6250658301805277
09/18/2005,0.6313871633118544,0.5884393625239352,0.6672779652896305
09/19/2005,0.6792372878990564,0.6772190716927768,0.6981843849254302
09/20/2005,0.7310653202000387,0.7459743522740385,0.6888700770062851
09/21/2005,0.7611707773286147,0.7254678516084072,0.6498995077043905
09/22/2005,0.8405460131511877,1.0168704407833709,0.8141694094756049
09/23/2005,1.2624351717789017,1.5320006849788288,0.839652471377323
09/24/2005,1.907786955697841,1.6170198209152167,0.7578092646604765
09/25/2005,1.832607764998119,1.4372793934098143,0.6856973693151189
09/26/2005,1.7345742966713678,1.2020201162846145,0.6106746056556547
09/27/2005,1.6788695744688533,0.9392809104629748,0.5241530641091208
09/28/2005,1.6146421217055045,0.7878152727649143,0.4604930663125656
09/29/2005,1.552380803850434,0.7844633158042152,0.4279053643912929
09/30/2005,1.5130215660179602,0.7056587407199925,0.3669695835630522
10/01/2005,1.5172008821366922,0.661213280501236,0.3254908665138
10/02/2005,1.5329444525358764,0.7280731546660086,0.29609258975205255
10/03/2005,1.6739650780330693,0.784559084325443,0.25662459461360776
10/04/2005,1.8575241491886894,0.8122659568198914,0.18454089985201816
10/05/2005,1.979321791546765,0.7501820018526855,0.06002266268848522
10/06/2005,1.96028510201063,0.6292284146584053,-0.038903199806896716
10/07/2005,1.7763221868255565,0.4931182112290581,-0.10944255756389754
10/08/2005,1.5024178353911273,0.37723589311694605,-0.1940598496194912
10/09/2005,1.2713215380610212,0.20810058158719458,-0.29390906820726004
10/10/2005,1.0711568391839008,0.0828286620046238,-0.3661725163301289
10/11/2005,0.9041743401110374,-0.011099060242251935,-0.4042465099501178
10/12/2005,0.7853193149043172,-0.032873980034549444,-0.4238017685675466
10/13/2005,0.6880266553063727,-0.026740860591919824,-0.43413900701442987
10/14/2005,0.6379867921263411,-0.012869104431374456,-0.45541924867808103
10/15/2005,0.5678941725279352,-0.024699775633941323,-0.4970924483143795
10/16/2005,0.5117576512496029,-0.020765515530977274,-0.5260067705975742
10/17/2005,0.45532903275447234,0.028121936490972277,-0.5288790507747592
10/18/2005,0.38938373872304766,0.07764518345336979,-0.5236577228343197
10/19/2005,0.38284277148223866,0.13236629479639195,-0.5081837987746749
10/20/2005,0.40799163746919076,0.19927144028542898,-0.4771373500531446
10/21/2005,0.426976048867435,0.2689337914466676,-0.4437963070696809
10/22/2005,0.43675972811433783,0.2598327286109863,-0.42641204706216285
10/23/2005,0.48339039634807857,0.20860696278099344,-0.42561764270389113
10/24/2005,0.5126748849364027,0.14002219831601304,-0.44842765445187593
10/25/2005,0.48500826714193024,-0.37722517022123303,-0.9350282810183863
10/26/2005,0.2690527824526665,-1.0478191383259823,-1.1104474763198515
10/27/2005,-0.07133677694682383,-1.0736218554709809,-1.0361753351051535
10/28/2005,-0.31001718297244296,-0.9223796972283469,-0.9559327854076674
10/29/2005,-0.31421700679579256,-0.777223331985603,-0.930802697431405
10/30/2005,-0.24248391757340038,-0.6466304757842174,-0.8709748952223744
10/31/2005,-0.16772731765994675,-0.4962559298467255,-0.7206132373305907
11/01/2005,-0.15062183756732872,-0.30775946453981895,-0.5128393296790683
11/02/2005,-0.17583329057410824,-0.1760280139821102,-0.40465807616760374
11/03/2005,-0.07456510787919846,-0.198411542433236,-0.380986749611516
11/04/2005,-0.04896488895853124,-0.12815813919676433,-0.25096822189832846
11/05/2005,-0.08395004250799265,-0.028645250812048717,-0.13397118186651458
11/06/2005,-0.06612671938083503,0.07983699667253519,-0.03872758523632669
11/07/2005,0.013892986651166783,0.1485719022219929,-0.005209345203490479
11/08/2005,0.10924339419541162,0.13093998385268701,0.0022281428572750173
11/09/2005,0.1557696162125941,0.12789071648545058,0.042487620854668506
11/10/2005,0.15611336789827512,0.11197270821189487,0.04928696419469891
11/11/2005,0.12114776820670237,0.07808298240756395,0.012744931783542857
11/12/2005,0.12346910096138042,0.06578808929890223,-0.015713271417452823
11/13/2005,0.0979394300120604,0.15517558507917784,0.003998977212347876
11/14/2005,0.058409930538900534,0.24514415093062536,0.017212512897992083
11/15/2005,0.09378704172014984,0.28479372794370805,0.013309552104585176
11/16/2005,0.09867778075122469,0.33032153099007355,0.009369707382189896
11/17/2005,0.15650220718499108,0.2290676049456548,-0.04758098606049099
11/18/2005,0.24539617298296412,0.024538103447907744,-0.1508049421330635
11/19/2005,0.2143832407533286,-0.06279791434664639,-0.18585051766746719
11/20/2005,0.08927013723305466,-0.058846391248437824,-0.16718700614277715
11/21/2005,-0.06390785177644065,-0.014119379797738363,-0.1863516359545565
11/22/2005,-0.27648770958690605,-0.24772029374385318,-0.33009918167882435
11/23/2005,-0.44874314673688875,-0.6604945986475436,-0.4621538321163974
11/24/2005,-0.6812746898991353,-0.753905781543556,-0.3785444167517371
11/25/2005,-0.9859428728219228,-0.7043942193976641,-0.30918526356949894
11/26/2005,-1.0802128655163046,-0.6178617529293063,-0.2858653690364472
11/27/2005,-1.059549500447296,-0.43354287375355405,-0.1923958528716927
11/28/2005,-1.0597126449239458,-0.16959367288778526,-0.07976617029690947
11/29/2005,-1.0278642530211073,-0.010170264124037431,-0.032988137505775006
11/30/2005,-0.87681895523291,-0.10484828076960218,-0.11701857338434918
12/01/2005,-0.7288935800279804,-0.30932452533985,-0.19519813879420456
12/02/2005,-0.7017535223129655,-0.41645485716974784,-0.18338992543690824
12/03/2005,-0.7090831740509708,-0.386050671027405,-0.11204407156053842
12/04/2005,-0.770694078497782,-0.24804723373539583,-0.04050990270680832
12/05/2005,-0.8071855027740976,-0.14431882760413084,-0.02272560017358982
12/06/2005,-0.7495017687324981,-0.15908773105827578,-0.029549979139787186
12/07/2005,-0.5746940945471904,-0.22765300125651744,-0.09456912334479328
12/08/2005,-0.43120850899015906,-0.14310777564192334,-0.06537831361153623
12/09/2005,-0.32715560746353967,-0.02134012665835583,-0.06849863719673743
12/10/2005,-0.17540244534501515,-0.18752452291961652,-0.1394450166167176
12/11/2005,-0.11742320225025171,-0.2937372149887709,-0.14159625452980762
12/12/2005,-0.1364185461994346,-0.3548223823740543,-0.15472230754120342
12/13/2005,-0.17056963415937154,-0.4271845720430398,-0.16725704097383298
12/14/2005,-0.1740864303536982,-0.40490268388023315,-0.16537336370730793
12/15/2005,-0.21008482593163175,-0.2625302995676246,-0.11571712658757971
12/16/2005,-0.25094413448723063,-0.21707806616370623,-0.1607806856147942
12/17/2005,-0.13887701276425424,-0.32796298202363217,-0.2890660338530967
12/18/2005,-0.0050418247172987485,-0.32792458066686647,-0.3062659553684487
12/19/2005,0.039146335541084376,-0.32254874302576264,-0.36898876052719465
12/20/2005,0.05586213255950251,-0.4524786767227473,-0.46374791576227226
12/21/2005,0.04723029660771527,-0.5699373881453724,-0.5296066258359584
12/22/2005,-0.019341711409458784,-0.6758900196501361,-0.6185780880252367
12/23/2005,-0.10490744917366324,-0.7151251086243737,-0.6113587791571613
12/24/2005,-0.19759812849379227,-0.6106708346455035,-0.5655609905425049
12/25/2005,-0.3426669161848114,-0.5090131658960132,-0.5450145727025045
12/26/2005,-0.47776646475420737,-0.5587115676706931,-0.6150421405846005
12/27/2005,-0.4863539468332067,-0.6497209629564238,-0.6882728890188821
12/28/2005,-0.5145404110936399,-0.6170564400729842,-0.6752833349481948
12/29/2005,-0.5973747720700011,-0.5981624440854679,-0.6978946441656664
12/30/2005,-0.5989880570622844,-0.6219349390416092,-0.7665106003805933
12/31/2005,-0.6134464657431123,-0.5496776778505129,-0.774389315992271
01/01/2006,-0.6637700179275597,-0.5187328937093714,-0.8321129277988115
01/02/2006,-0.6913273102126065,-0.4490706599834712,-0.8429033638285729
01/03/2006,-0.7405369598764246,-0.3739332383173149,-0.8531181833384451
01/04/2006,-0.7173917223113816,-0.36670650225426543,-0.8907786630747292
01/05/2006,-0.6747979168564037,-0.34053204353483096,-0.8875924434491851
01/06/2006,-0.6901974053921958,-0.38565851130062667,-0.908520603867726
01/07/2006,-0.6894695836534376,-0.5702791405871107,-1.0158518633809777
01/08/2006,-0.6718519979279105,-0.5982484223527874,-0.9759891412225449
01/09/2006,-0.7115677543176291,-0.46092728439657543,-0.906778822200389
01/10/2006,-0.6810020661435071,-0.32653562975897704,-0.8682575551489382
01/11/2006,-0.5760904824445241,-0.22659333904700807,-0.8485899405366117
01/12/2006,-0.4485899005677294,-0.20327408579250256,-0.8590464735392861
01/13/2006,-0.3506078299049717,-0.20659821057719951,-0.8536412940232333
01/14/2006,-0.3468717957091938,-0.2564417624343292,-0.8298358625328299
01/15/2006,-0.31431293474073224,-0.5218397631117568,-0.9432821447454801
01/16/2006,-0.28662291101504844,-0.658282837017407,-0.8744652948755444
01/17/2006,-0.3529589887130567,-0.5068152616362069,-0.7791729254371725
01/18/2006,-0.5096116212288417,-0.3712872439137823,-0.7490744220940255
01/19/2006,-0.5185443224500218,-0.4116747258970024,-0.847593303502805
01/20/2006,-0.44581970955539496,-0.3394030201588647,-0.7802174020224358
01/21/2006,-0.42005715325915116,-0.19660968886361346,-0.701034869663568
01/22/2006,-0.34497257681742227,-0.1499950217289865,-0.6657285097379789
01/23/2006,-0.23978848644595846,-0.12666660851782385,-0.6196468487721885
01/24/2006,-0.16945821226699387,-0.08352943672427299,-0.5771275910464859
01/25/2006,-0.10491848475994403,-0.11319612892017594,-0.5590713050413355
01/26/2006,-0.0061332751534399765,-0.2018170067892489,-0.5483227844116219
01/27/2006,0.06776262483496254,-0.19229799157213823,-0.4632484805934796
01/28/2006,0.08964166755693748,-0.04269323430007521,-0.36701482030297006
01/29/2006,0.11307412304590625,0.08491764498491966,-0.26889784793334937
01/30/2006,0.1543639099664702,0.1339429073804611,-0.23773965186262108
01/31/2006,0.2158086983372165,0.08631177864497452,-0.22687999252939534
02/01/2006,0.30058468769826086,0.018704487247380774,-0.2186088627513637
02/02/2006,0.3110997839523535,0.024613305187195345,-0.158937320179871
02/03/2006,0.24129614322567616,0.09007194085373693,-0.08592178886256674
02/04/2006,0.2226764314546844,0.11528078747530557,-0.04147413870011063
02/05/2006,0.25303484139785515,0.03852663345873264,-0.03816314670753712
02/06/2006,0.2527914270505238,-0.03623699151450738,0.0046129595005328095
02/07/2006,0.1765685812863237,0.05780517147294045,0.08385700565075521
02/08/2006,0.16867729725845493,0.08793737736369678,0.0806347947765777
02/09/2006,0.2102955009442521,0.04258748886014535,0.0689673408798368
02/10/2006,0.22177988890456857,0.023773525058058798,0.08176509040452429
02/11/2006,0.18146577712600998,0.08438742441673952,0.1323271140443114
02/12/2006,0.08926673242058325,0.06333796144834464,0.10645760270403015
02/13/2006,0.021858054078590983,-0.11332513164313174,-0.0008034596726508858
02/14/2006,-0.0032339479688983097,-0.17123983838845014,-0.012724718823289183
02/15/2006,-0.038974658185016775,-0.06663090206444289,0.02183446764978947
02/16/2006,-0.0212818286273313,0.01990890411277313,0.02320562466657683
02/17/2006,0.03977375359257218,0.09144517102295247,0.04530660475880549
02/18/2006,0.08967057645003618,0.16044970811715942,0.06609136825211587
02/19/2006,0.10268519136460308,0.18379062819222491,0.09580265120549147
02/20/2006,0.13365299930679098,0.19465692036801774,0.11661050265875106
02/21/2006,0.11938796470655877,0.2086643730659985,0.15789859187701233
02/22/2006,0.10369656238602953,0.2342989228015554,0.20226943095303546
02/23/2006,0.11898584493849818,0.2672130545039674,0.24562127541013884
02/24/2006,0.1547191444992796,0.2882020969890111,0.27921332387732256
02/25/2006,0.20659556617843433,0.3167555021447501,0.30692723454875653
02/26/2006,0.18992342599096212,0.34417031294416744,0.3299908080923732
02/27/2006,0.2211428293504768,0.27805415679894574,0.2891339646356663
02/28/2006,0.24242417703904307,0.2674252601665821,0.34802429017223346
03/01/2006,0.21537132292668637,0.3748123056536323,0.38403120129025936
03/02/2006,0.21800016119143106,0.44150131139610294,0.3969835468209234
03/03/2006,0.26186342658019157,0.5005190295891805,0.4242365098209878
03/04/2006,0.3158291027681668,0.5240044538523174,0.4485609943582336
03/05/2006,0.3714866829305441,0.5305763117318764,0.4666587494232536
03/06/2006,0.38690987088884865,0.5720851250761734,0.4975930856081626
03/07/2006,0.3787428150977793,0.5991911983620266,0.49922928753598683
03/08/2006,0.39556929502287996,0.588256734970325,0.48104839146932654
03/09/2006,0.4185862035167871,0.6506995723420362,0.5074029528504136
03/10/2006,0.4022520552482284,0.7979034227688799,0.5291364732496959
03/11/2006,0.4379638932576654,0.8517481141561257,0.4913399814892525
03/12/2006,0.5209474945603142,0.863979533462553,0.47149200486995335
03/13/2006,0.5711812454307166,0.8620348042025137,0.4518144896210249
03/14/2006,0.5884176960161669,0.8441910911942925,0.42402177962056153
03/15/2006,0.6194927016558543,0.7737489106458988,0.36724974397691357
03/16/2006,0.6367168622930972,0.7021003755489693,0.33764318865908094
03/17/2006,0.5856899511831672,0.7104072231681259,0.3261043213090491
03/18/2006,0.5410250876799877,0.6894662704555462,0.28889626820442527
03/19/2006,0.534604305126724,0.6692437871640327,0.2609600801259774
03/20/2006,0.5254619043713553,0.7002320379787681,0.22960886221786436
03/21/2006,0.4995933610292299,0.7586983385244699,0.19594150399028676
03/22/2006,0.5072043241787351,0.7437802334685815,0.1355125221422685
03/23/2006,0.5593554537151263,0.667798686565642,0.0907891960573396
03/24/2006,0.5526637786915268,0.6023098700162622,0.06643724131115897
03/25/2006,0.53292091240004,0.4689282767533951,0.008330526815908568
03/26/2006,0.5063709189446278,0.39342522015057607,0.01307134927005682
03/27/2006,0.467552658951757,0.41922494269436184,0.017824588096337912
03/28/2006,0.4342636283141319,0.475825078223686,0.0024239044017292932
03/29/2006,0.41150902767001774,0.547564625710502,-0.03111348768224098
03/30/2006,0.40663685196370203,0.5784020308287086,-0.059014293157748754
03/31/2006,0.42904814115908463,0.5856757410284712,-0.07108548203072751
04/01/2006,0.44534145745046894,0.5819441743254361,-0.06747479289900515
04/02/2006,0.458580409777833,0.5659993907939529,-0.07057783094652903
04/03/2006,0.46459206545823806,0.5199747188164767,-0.08666194260141796
04/04/2006,0.45620412077714667,0.43278103265617546,-0.10555953925956824
04/05/2006,0.45101053541039415,0.352273057939296,-0.1189690182819218
04/06/2006,0.43947629061541305,0.307343764112363,-0.11336302626361844
04/07/2006,0.4089501503940238,0.3127911785942874,-0.088667917075824
04/08/2006,0.3533158661036244,0.35839419897706554,-0.061452811837848786
04/09/2006,0.30300375305599403,0.36463277535662747,-0.06642678616872988
04/10/2006,0.33532906832210085,0.3244631946500969,-0.12098566434413743
04/11/2006,0.34090103734798605,0.2949031337445388,-0.15640880308999033
04/12/2006,0.34425054350104056,0.2768352953865127,-0.1529708476058978
04/13/2006,0.33726746830248355,0.2784149181689234,-0.11146019694595644
04/14/2006,0.33912592858990204,0.27958733390367996,-0.06920464511076563
04/15/2006,0.3523865259006762,0.2974672757148447,-0.0199581482714411
04/16/2006,0.36158718467919343,0.3417576038470998,0.002238024007142847
04/17/2006,0.36480333572259366,0.3733039661236889,0.012255155395981376
04/18/2006,0.36853709536079327,0.36130589084139775,0.00972436602885024
04/19/2006,0.38250445640952047,0.31096981516080024,-0.009054341837301583
04/20/2006,0.39148540026321665,0.26058271382419806,-0.014030101528879346
04/21/2006,0.39119594446812944,0.23455211339845383,-0.006138807239546906
04/22/2006,0.37361614574753366,0.23429234642241692,0.02137295190910965
04/23/2006,0.3636848403764947,0.25345697215508783,0.03265586345712129
04/24/2006,0.36832424079512766,0.2401133814442421,0.012925517762059746
04/25/2006,0.36352444738078443,0.21774934725985529,0.0009557292615065549
04/26/2006,0.33607743445189475,0.20547095381671293,-0.01653987233141696
04/27/2006,0.300078268459295,0.16504013819237365,-0.04896502527632407
04/28/2006,0.29647588286447035,0.08810031890043069,-0.12117397932149687
04/29/2006,0.2999079701321953,0.05353856935271045,-0.15612598572472586
04/30/2006,0.2767695195534778,0.16990231364848954,-0.13248285975240315
05/01/2006,0.2657777200545969,0.256791372532191,-0.13261639661740982
05/02/2006,0.303524223190968,0.24978606080608595,-0.15815634660322164
05/03/2006,0.3375009406320114,0.2361926264055842,-0.16884534168417703
05/04/2006,0.3489257498583314,0.2509411548279299,-0.15254175239245654
05/05/2006,0.3437438674571881,0.29146797384418144,-0.10996653983939558
05/06/2006,0.34663097806635135,0.3448075171087174,-0.05691763047511522
05/07/2006,0.36582912450415983,0.3931926394561642,-0.005134014353454008
05/08/2006,0.3785639688365486,0.4171837990187176,0.05006824289565032
05/09/2006,0.3872580249440366,0.41378803867552805,0.08838358482102854
05/10/2006,0.38764392931774344,0.395040660712234,0.10598509076450213
05/11/2006,0.35665579710300266,0.3707254383240127,0.1339577570081421
05/12/2006,0.328828125957398,0.32860960169800646,0.1412132600067535
05/13/2006,0.2984348272358858,0.2858395915005596,0.13248568653548087
05/14/2006,0.2635397021428409,0.31196425763507546,0.15294007714673008
05/15/2006,0.2211354186951412,0.3548486498554267,0.17785226996496412
05/16/2006,0.2097923467960039,0.38023916895074583,0.16404116593810536
05/17/2006,0.21872471783947228,0.3888373149352125,0.11853613590170031
05/18/2006,0.21907235828488086,0.33461976633778534,0.0398160525402414
05/19/2006,0.20947075370351287,0.26350550332832745,0.018902215583671556
05/20/2006,0.18520547996304032,0.25902857451095335,0.03116946952249383
05/21/2006,0.17736397939701715,0.280702441191642,0.05640830219587417
05/22/2006,0.1890445296052864,0.32267647464243954,0.08092816200051733
05/23/2006,0.19715604216774496,0.34546691655286454,0.09247583442490726
05/24/2006,0.20779455151368803,0.359541600984023,0.12237263258545178
05/25/2006,0.218884083615629,0.39350378439423295,0.2043544482147447
05/26/2006,0.23276273691878946,0.45581738417230583,0.29110751858282896
05/27/2006,0.2561365675204851,0.514522137179517,0.33341581971139617
05/28/2006,0.2849544783138821,0.5365188923324565,0.33935482207643847
05/29/2006,0.303877953580865,0.533545018454646,0.30383442174887326
05/30/2006,0.30847710900491854,0.507107739440286,0.22900399012833805
05/31/2006,0.31344672382299693,0.47796240144425783,0.1515711924071949
06/01/2006,0.3136439499769123,0.4253268830537512,0.06774875105004857
06/02/2006,0.2974914361369344,0.3591214173310969,-0.012333562524704966
06/03/2006,0.26895780835445404,0.29020284290708054,-0.07705183287556033
06/04/2006,0.24273802929848376,0.20555409803870103,-0.12878602696696384
06/05/2006,0.21993232448168165,0.1446427349592673,-0.15526807933250214
06/06/2006,0.1970403699089452,0.10401433437236574,-0.17546241592739747
06/07/2006,0.18168435477203565,0.08078615222541866,-0.19778096656662136
06/08/2006,0.1616699723411984,0.08994769426212385,-0.2117718239547543
06/09/2006,0.14717682162767498,0.10533759580365151,-0.2434737029346909
06/10/2006,0.14409259492383641,0.09077396932695439,-0.2809734596316908
06/11/2006,0.14388069420489352,0.10048804464677832,-0.2587443393329362
06/12/2006,0.16132332242892883,0.3087068361245153,-0.13457128542999142
06/13/2006,0.23495805184632323,0.516592404819926,-0.17090296988970816
06/14/2006,0.3130935437292882,0.3847475117220478,-0.337267180913546
06/15/2006,0.319939228312811,0.19478398540783398,-0.42357703548811326
06/16/2006,0.2816860491325821,0.01877160154521257,-0.4699406211388173
06/17/2006,0.24394156374890297,-0.11089874132874589,-0.4885696021645328
06/18/2006,0.19892473080363104,-0.1340608660959366,-0.484211942462206
06/19/2006,0.14929238029430653,-0.14591097284757198,-0.4622957066259389
06/20/2006,0.10191052107700621,-0.18451232199983975,-0.4287871643478035
06/21/2006,0.05002933016422145,-0.2107252995113822,-0.39363548158095263
06/22/2006,-0.006230824324434336,-0.21981332702412487,-0.36176983633326787
06/23/2006,-0.05008392757691804,-0.1978274933579719,-0.3344054100186532
06/24/2006,-0.0856108293806438,-0.18103441563507072,-0.3283867156442364
06/25/2006,-0.11244246442526673,-0.20027190999732164,-0.3545817712774205
06/26/2006,-0.13907518574099925,-0.24039856808642807,-0.3894930795719893
06/27/2006,-0.1722930080518435,-0.26618226070605805,-0.4145558513346268
06/28/2006,-0.20559282449476168,-0.2813975358943437,-0.4245443357995261
06/29/2006,-0.22836609852286543,-0.27974839138959195,-0.4253111887961013
06/30/2006,-0.24462709408478106,-0.28133535388086583,-0.42612198601170137
07/01/2006,-0.2563609863369134,-0.2644624201255482,-0.43172363635739375
07/02/2006,-0.24843624430078964,-0.19288863262366807,-0.4157874661822393
07/03/2006,-0.21902823256137793,-0.09295708724547114,-0.4069194984378248
07/04/2006,-0.18311465596928117,-0.03857307405105792,-0.4228112374774037
07/05/2006,-0.15068287673392494,-0.03885814834325241,-0.45259791134393024
07/06/2006,-0.13811818398298398,-0.07528295087079395,-0.4847617524047191
07/07/2006,-0.14172662283587983,-0.11847361446253019,-0.5052363906293496
07/08/2006,-0.15137082034223343,-0.1204251549723887,-0.5299179473063846
07/09/2006,-0.15276376674068853,-0.13286995429484738,-0.5424235874748963
07/10/2006,-0.13977259444374646,-0.1643481453555266,-0.5486020716318689
07/11/2006,-0.1267896032168077,-0.18338370964757078,-0.5400342473667764
07/12/2006,-0.11670194035543763,-0.147197946758242,-0.5201565688376671
07/13/2006,-0.10840501466390606,-0.1069495082197035,-0.5162281260779156
07/14/2006,-0.09153407080678116,-0.07703467514659845,-0.5301132819973988
07/15/2006,-0.07409004849906908,-0.055986562684634256,-0.5182226985896721
07/16/2006,-0.07036380957544325,-0.08837094356023217,-0.5148305132616778
07/17/2006,-0.09359518683717277,-0.15429973161762872,-0.5265847600342137
07/18/2006,-0.15026028594765906,-0.2048791920440839,-0.5455287760705357
07/19/2006,-0.20328818405780225,-0.22944073506170942,-0.5716156956522948
07/20/2006,-0.23419810084096787,-0.23916655391571168,-0.6039831084091442
07/21/2006,-0.24980805932561334,-0.2336959459537848,-0.6311837684560081
07/22/2006,-0.25053419348939193,-0.21686892941710662,-0.6696789448954283
07/23/2006,-0.25648979233140834,-0.23244390905729523,-0.7234608259793821
07/24/2006,-0.2744659510532902,-0.2658219103597752,-0.7485355271975959
07/25/2006,-0.30312871500797467,-0.28818048380077066,-0.752461373069057
07/26/2006,-0.2969544284606974,-0.28193509617138585,-0.7631791368030966
07/27/2006,-0.28265347786257045,-0.2811044759989086,-0.7632802937172428
07/28/2006,-0.23691146460024853,-0.2579765249161787,-0.7654490606262859
07/29/2006,-0.17992539606628616,-0.22005136846193374,-0.7588554395304283
07/30/2006,-0.12164829598795335,-0.16903076217404656,-0.7540145963007597
07/31/2006,-0.06322023132194199,-0.17034368929525323,-0.7600617347172234
08/01/2006,-0.025099086540511795,-0.1748734640164321,-0.7495648687932983
08/02/2006,0.010661691143277197,-0.16856472002015443,-0.7330091378792317
08/03/2006,0.043784312213529575,-0.14467825406480656,-0.7062645969145711
08/04/2006,0.07056447622133663,-0.10975445135834788,-0.698857419409308
08/05/2006,0.09295580800828934,-0.10933197771625983,-0.7171167496175805
08/06/2006,0.10176759081367903,-0.11650175763854095,-0.7080248002582075
08/07/2006,0.11376676251501885,-0.04545472636225861,-0.645274971230699
08/08/2006,0.174305506554793,0.05488291042784749,-0.6138160636113363
08/09/2006,0.26235311681503193,0.09344069106831454,-0.5729271242384282
08/10/2006,0.31694029751817143,0.12143510399713253,-0.5584907787795239
08/11/2006,0.35547698929465477,0.0998866582614725,-0.5635223715693256
08/12/2006,0.3762600254414303,0.05766242881499489,-0.5449379434083228
08/13/2006,0.3964737618381114,0.04825456614888762,-0.5085102552346618
08/14/2006,0.43380691916418634,0.05915743943364782,-0.4752022008477442
08/15/2006,0.48364291594962305,0.06882859213604606,-0.45961052413472847
08/16/2006,0.5330086662988848,0.07361396487863192,-0.4311261491689389
08/17/2006,0.5720150175289468,0.11883772782510124,-0.39173979370609135
08/18/2006,0.6291738423796513,0.19002767791234004,-0.3465376663428094
08/19/2006,0.6881239913827933,0.21843963219889406,-0.31290009117779977
08/20/2006,0.6990030168494706,0.18026909459797943,-0.3008875757496144
08/21/2006,0.6766614318379511,0.16563823638810815,-0.27941057922166534
08/22/2006,0.6534542309220945,0.17373000117878126,-0.2794524946217123
08/23/2006,0.6357516060922545,0.14829873201985946,-0.29848983633093307
08/24/2006,0.6083876145149864,0.07174744755622746,-0.31910705995320043
08/25/2006,0.550782022532135,-0.006678574703734119,-0.3349484842821724
08/26/2006,0.47548319744106404,-0.04867163267990038,-0.3431104230229125
08/27/2006,0.42361536038245046,-0.06545097046781338,-0.3629975964248259
08/28/2006,0.40466404012833684,-0.08756750966937811,-0.3937935265791892
08/29/2006,0.401574530581089,-0.13723191391261005,-0.42333467277323183
08/30/2006,0.39728559546163084,-0.16109700663575122,-0.4583748922255395
08/31/2006,0.41640578327275607,-0.18749424019856178,-0.5148133494531406
09/01/2006,0.42967467171276863,-0.26960033376418596,-0.5353443076925457
09/02/2006,0.4041842919113001,-0.30676492022732926,-0.5376561469157806
09/03/2006,0.366371129563309,-0.3036302186489399,-0.5234797337440946
09/04/2006,0.33859085726272875,-0.26503297973363305,-0.49381000100334915
09/05/2006,0.31961686480565765,-0.23060199443899607,-0.47917304592409304
09/06/2006,0.2963756555853599,-0.22779734488870468,-0.4892987597045345
09/07/2006,0.27005858416328465,-0.25086358369932366,-0.5042410520396884
09/08/2006,0.2503183959799178,-0.26465031667241157,-0.4943691029367725
09/09/2006,0.23725950056538958,-0.2877059275845979,-0.4862108566465701
09/10/2006,0.22568754213829922,-0.3051589332106855,-0.4745400349103309
09/11/2006,0.21756839880202422,-0.30783692874485635,-0.4686224162973019
09/12/2006,0.22935126741492007,-0.3093339944819918,-0.48433858134269264
09/13/2006,0.23512787325005985,-0.3382842136576354,-0.4659520847609967
09/14/2006,0.21688485756322445,-0.38795313916152635,-0.42028491151201974
09/15/2006,0.23601678502636803,-0.4388195528456431,-0.37406752255673387
09/16/2006,0.24784349390226978,-0.48576444816138187,-0.30649377064981725
09/17/2006,0.25172748439989573,-0.5083153219745569,-0.22252906850607024
09/18/2006,0.26435733221954777,-0.46050616126091826,-0.11148860041162342
09/19/2006,0.254552594971834,-0.3970112793797826,-0.008885665827626524
09/20/2006,0.26018458296866653,-0.44186236126908374,0.03792641054592817
09/21/2006,0.29233119871919916,-0.5178912346147653,0.03088478564377127
09/22/2006,0.2566981631239369,-0.5458750196451525,0.05641877090179098
09/23/2006,0.1812976432972503,-0.4887704406051693,0.12703485859246924
09/24/2006,0.12606107640540332,-0.4024995613606501,0.20423515365895273
09/25/2006,0.14221344349973764,-0.38428434164867736,0.23562552777330548
09/26/2006,0.18599933724440632,-0.43041411825705334,0.2201463287843219
09/27/2006,0.21716855359154308,-0.4864529128526215,0.19760586592549512
09/28/2006,0.20852453775078694,-0.5403484537428641,0.17503103487321414
09/29/2006,0.1623636757162764,-0.5657454317819807,0.1276980389393676
09/30/2006,0.14176832725615773,-0.562035708052517,0.04533257364170229
10/01/2006,0.09849131074008777,-0.5376469124226629,-0.06253879805936047
10/02/2006,0.07115868604555375,-0.5500925337925149,-0.2218234046898082
10/03/2006,0.07584783323961963,-0.5852745180978965,-0.3650266588591763
10/04/2006,0.0863842076129957,-0.5881656000597436,-0.49310685292262124
10/05/2006,0.1155415777818034,-0.5942795775416629,-0.6188543109273754
10/06/2006,0.15828322947939455,-0.6369895195617867,-0.7215361259931621
10/07/2006,0.14154277919174185,-0.6829567656571244,-0.817293257282574
10/08/2006,0.09872397596853855,-0.7399703323072216,-0.902739403042651
10/09/2006,0.04617336808579009,-0.7605492905787352,-0.9586968678674066
10/10/2006,0.008433321758027912,-0.7705058111616844,-1.0034180028278405
10/11/2006,-0.05074428300298095,-0.7505152039525368,-1.0030232758078532
10/12/2006,-0.17426879148662877,-0.7003187588933275,-0.9759605348749787
10/13/2006,-0.23093198290365602,-0.6251576152881296,-0.9858036747484319
10/14/2006,-0.2105240286388863,-0.587952278761382,-1.005363275038474
10/15/2006,-0.09852980281766643,-0.5276701342432573,-1.0179676781147433
10/16/2006,0.006614262677697269,-0.32802018863221283,-0.9252520710815004
10/17/2006,-0.00712314793710922,0.06155071298164916,-0.8226376533821032
10/18/2006,0.009596060917672844,0.22565885240006756,-0.8548446271343241
10/19/2006,0.14383329535986578,0.10762969880469964,-0.9886139136413317
10/20/2006,0.21001961912180844,-0.026079304191073405,-1.059168325235138
10/21/2006,0.24224613787889449,-0.13379634298855447,-1.116406664632246
10/22/2006,0.22374294215418788,-0.19127166540256524,-1.1360731025295665
10/23/2006,0.22056256036303235,-0.27985208679639473,-1.1489889293186588
10/24/2006,0.3488117651745106,-0.4927244885632258,-1.2647791872471283
10/25/2006,0.34732912049735076,-0.6850882758282772,-1.2775352648300462
10/26/2006,0.24588796136722202,-0.6286073371708678,-1.2228692244363193
10/27/2006,0.15043622595148598,-0.5145093316419094,-1.1769977085400756
10/28/2006,-0.02757116376439428,-0.4601125767129104,-1.1080685432516215
10/29/2006,-0.04175281014887755,-0.5090771837544159,-1.2320919514668898
10/30/2006,0.010381040087201754,-0.5412090199274964,-1.2349905657143867
10/31/2006,0.01605059497048944,-0.43791436123113137,-1.1829799653256836
11/01/2006,0.02000234527211453,-0.3762741357028787,-1.1531819706492719
11/02/2006,0.08438032238619497,-0.33823741567393206,-1.1302320515446955
11/03/2006,0.19646567725620678,-0.37900568175290217,-1.1502409135087959
11/04/2006,0.3431564813057071,-0.41391421786493066,-1.1721838080264062
11/05/2006,0.4084604968455998,-0.3580243900004192,-1.0714786307126305
11/06/2006,0.4859180971973003,-0.18212239535908004,-0.8968016585453746
11/07/2006,0.5114003693015925,0.027790166053290877,-0.7227706217637193
11/08/2006,0.5109458613363973,0.0590072396314989,-0.7063429499034246
11/09/2006,0.4935642059300376,-0.1285675931130441,-0.7834727232222995
11/10/2006,0.4263741786068922,-0.2338864260781659,-0.7640116018053582
11/11/2006,0.3224377564401468,-0.19587260594087175,-0.7247168678074707
11/12/2006,0.28064536566752163,-0.24727963322091795,-0.7552291284925969
11/13/2006,0.3023298970301078,-0.3250153705418395,-0.8066965328886473
11/14/2006,0.23051837225766314,-0.33881748754470276,-0.8163333824486145
11/15/2006,0.1081185224374277,-0.3123460935635509,-0.8365215108574398
11/16/2006,-0.23818382276062455,-0.26903887539509097,-0.8071974077174582
11/17/2006,-0.4369884829513473,-0.34052417536693214,-0.9163926649531637
11/18/2006,-0.4521839216604919,-0.3995549876006166,-0.9895248127852088
11/19/2006,-0.4293664405052513,-0.44886009841564367,-1.057052348195852
11/20/2006,-0.4005367166870104,-0.5989214442965849,-1.1280469729310827
11/21/2006,-0.3814801431152677,-0.8260533150048766,-1.2457648523450986
11/22/2006,-0.3752698305108524,-1.037002713049908,-1.3554892255697648
11/23/2006,-0.4562215548539159,-1.089968635774539,-1.346516895377222
11/24/2006,-0.5534894144369726,-0.9999936109792932,-1.2996890347920351
11/25/2006,-0.5877040799498765,-0.8880498980777912,-1.2474880906069954
11/26/2006,-0.5292370543137281,-0.8021820569262917,-1.1794609788116868
11/27/2006,-0.41969854357638714,-0.6782801380410373,-1.0724057604083175
11/28/2006,-0.30241032167724424,-0.4956613115907035,-0.9220759549744593
11/29/2006,-0.19989619503899902,-0.3162293867281788,-0.798614894802977
11/30/2006,-0.055419892910809176,-0.16992550204314083,-0.7099357854281503
12/01/2006,-0.024018524945001007,-0.06548467441090722,-0.6235671356796542
12/02/2006,0.005091262946721353,-0.05391059943014953,-0.591187550008949
12/03/2006,0.10837400661448615,-0.052953383959222,-0.5751084292487421
12/04/2006,0.15457404973761268,-0.07857372401842144,-0.5611467868538604
12/05/2006,0.21454008219092457,-0.16852643609873008,-0.6082005361438436
12/06/2006,0.21051811409565824,-0.15970210964597442,-0.5681993673784865
12/07/2006,0.15123177080782935,-0.033937137780901905,-0.47686510203329335
12/08/2006,0.1648483363796639,-0.042203059183445135,-0.5023799758165564
12/09/2006,0.2406083096766084,-0.13274153874860117,-0.5353778643584105
12/10/2006,0.24060144931745864,0.003290628896126302,-0.41332452052166824
12/11/2006,0.24923090065242715,0.23075859955262334,-0.2810394368247938
12/12/2006,0.3302196415857658,0.38297165448350545,-0.19827823009765377
12/13/2006,0.43399082815034185,0.4365608065670153,-0.13275476207157721
12/14/2006,0.5347704578892076,0.448782243869391,-0.0808881266774163
12/15/2006,0.6102064901632529,0.4535190570981443,-0.04819058449677993
12/16/2006,0.6548712436071896,0.4238647543307971,-0.04041237657717467
12/17/2006,0.6870849954927076,0.40277595052290616,-0.024384787818956588
12/18/2006,0.7204724190888112,0.39119600377505437,-0.0016162857072213876
12/19/2006,0.7442393079146692,0.4046326032765982,0.03394769365194983
12/20/2006,0.7565483330564844,0.40579468470127816,0.03823856463358466
12/21/2006,0.7343814120551572,0.43389085535375815,0.07501042165834981
12/22/2006,0.7026592214115204,0.5125141689879276,0.15058449658637363
12/23/2006,0.6815074134457,0.5407182040018397,0.13537521167396682
12/24/2006,0.7064279065144761,0.4578217705859712,0.06609757643818492
12/25/2006,0.6583419983537514,0.4246011913591602,0.08340222558907728
12/26/2006,0.39943395178109153,0.38689317285188657,0.06834278924624321
12/27/2006,0.280458044844993,0.21099387922340584,-0.026988492940090703
12/28/2006,0.28053424252387893,0.12518264190665274,-0.02699681109789248
12/29/2006,0.29360043853450435,0.18063490568765542,-0.008062330510758942
12/30/2006,0.35249188927754954,0.22178642200455836,0.029581025993364485
12/31/2006,0.3670225335047065,0.2751067058730388,0.07707616513978871
01/01/2007,0.3361989468741925,0.2341905731016265,0.05160687972036632
01/02/2007,0.3452432848487921,0.1596368638018345,0.0040174816443213635
01/03/2007,0.37415335191054083,0.06846294160225634,-0.04414384050108211
01/04/2007,0.40370051521278844,0.07352334791531062,-0.014855972068011536
01/05/2007,0.4033234522645039,0.13926142097764277,0.05134187538571083
01/06/2007,0.40576654722246447,0.16052772830465167,0.04662657547428034
01/07/2007,0.4687303365052137,0.0731070983463397,0.012567858066218879
01/08/2007,0.469255942737951,0.050235860920761044,0.03347138862238819
01/09/2007,0.4747882904382677,-0.053421027087356465,-0.05096688044675296
01/10/2007,0.4870343983825468,-0.2800429935416007,-0.14314338970167567
01/11/2007,0.47770405313563913,-0.3193368001867323,-0.10564939485056171
01/12/2007,0.43113714588692487,-0.16782624347043845,-0.02942845128020624
01/13/2007,0.4372004927226259,-0.05536217456946679,0.004760313424221438
01/14/2007,0.4691628693092875,0.02798479953517624,0.02124398068825633
01/15/2007,0.4867241780779475,0.0766677966270724,0.02534227617268433
01/16/2007,0.5017144663680597,0.08154189177037738,0.0016609272508539587
01/17/2007,0.5404508422881047,-0.013580089184825506,-0.062399518835199244
01/18/2007,0.5548366485584784,-0.06914444499956585,-0.10531110957449363
01/19/2007,0.520727236363208,-0.0586929344509739,-0.14014751387246716
01/20/2007,0.5122752372057874,-0.10354061071536425,-0.19194577806713536
01/21/2007,0.5060838547902583,-0.10375023280045753,-0.19955587804638447
01/22/2007,0.4645463612120902,-0.04304085850890016,-0.1730924096626628
01/23/2007,0.49000298951400506,-0.08826573709111596,-0.2372978351527455
01/24/2007,0.5049544268932156,-0.15555325205301945,-0.2902427066799284
01/25/2007,0.4746686560469138,-0.14751456803683616,-0.30270403744200525
01/26/2007,0.45927004798502025,-0.20993215681006433,-0.4086524945175445
01/27/2007,0.4591672893434442,-0.2558463808485848,-0.3662219773338558
01/28/2007,0.3906639251370988,-0.13977516798920586,-0.25612811559726756
01/29/2007,0.35630713646194434,-0.22731687378490223,-0.34780926841099113
01/30/2007,0.3767240788977908,-0.3170316618627448,-0.3303023865845622
01/31/2007,0.32151532030666274,-0.2281568887847225,-0.248409027462626
02/01/2007,0.28212930139302295,-0.16379633228158758,-0.18528090484883852
02/02/2007,0.24535755623834565,-0.05041973205723921,-0.10174667751543348
02/03/2007,0.2394726887997447,-0.05979635692242913,-0.16912744816134362
02/04/2007,0.25070643518945446,-0.14431463112608178,-0.22188331491271696
02/05/2007,0.2312041583915303,-0.14217795379988996,-0.2222532903411944
02/06/2007,0.21114116646405168,-0.12932148488679013,-0.20452490205895774
02/07/2007,0.2040501598397474,-0.08733905480905552,-0.11493692235922853
02/08/2007,0.19000634430724972,-0.008253222081248457,-0.08332719233718416
02/09/2007,0.18406773127424747,0.02224362054576451,-0.08765681376126389
02/10/2007,0.1788281778325651,0.014218676464572144,-0.10575696283267833
02/11/2007,0.1777827618202812,-0.029934076164774837,-0.13278850052969604
02/12/2007,0.18483777907386678,-0.052173276580840755,-0.1291821530705869
02/13/2007,0.17789267431230604,0.01608290379781241,-0.09126259315105884
02/14/2007,0.1446723573254043,0.05064606256963344,-0.10931121022047552
02/15/2007,0.1486749183084286,-0.07490300441956088,-0.19159495468979038
02/16/2007,0.11874676661175254,-0.22131534064274305,-0.2545369534507105
02/17/2007,0.053864314638575994,-0.3491608557406334,-0.31506291284578697
02/18/2007,-0.07969495489952994,-0.4406294232127639,-0.30864048349513346
02/19/2007,-0.13806883373419188,-0.5472779765529717,-0.4237094557012291
02/20/2007,-0.1691045482260225,-0.5047945085894898,-0.3656607654286971
02/21/2007,-0.2247302845822956,-0.3879697131418458,-0.34110105961936404
02/22/2007,-0.23220136244071288,-0.3559795627086363,-0.366514614182967
02/23/2007,-0.20851378963881295,-0.34229887384918467,-0.41572524150279316
02/24/2007,-0.19955283987995875,-0.31704692845717686,-0.44983005367799145
02/25/2007,-0.21595353730090283,-0.22970615453128151,-0.455641199871155
02/26/2007,-0.22433513523262127,-0.19423639492084555,-0.5055890594305044
02/27/2007,-0.19018716561775395,-0.22795448897314918,-0.5709486394596943
02/28/2007,-0.16975690601414828,-0.24265445788166207,-0.6188291324824284
03/01/2007,-0.1693049660978324,-0.22459266744373552,-0.6444024362522072
03/02/2007,-0.18836253020271587,-0.17937319088724324,-0.635425642657914
03/03/2007,-0.1565077181776786,-0.17513571273177775,-0.6568969584927283
03/04/2007,-0.11967760494061563,-0.1838293923667924,-0.6704038208259337
03/05/2007,-0.1132778070153373,-0.22473270908882037,-0.7052281739391896
03/06/2007,-0.10286671674085002,-0.2831037108546641,-0.7125456370693292
03/07/2007,-0.12230009645598827,-0.2525059325513812,-0.6665289388871533
03/08/2007,-0.14392996506386613,-0.1850397984346167,-0.6150499702229403
03/09/2007,-0.13475564712956767,-0.16771978833310552,-0.6134954079707127
03/10/2007,-0.12099662821776536,-0.1333259126064743,-0.6008243784792711
03/11/2007,-0.11922298691618638,-0.08307562344305575,-0.6151987232302627
03/12/2007,-0.10796807246642348,-0.048508530587284215,-0.6227169988626549
03/13/2007,-0.09740616434990756,0.005113679544940686,-0.609555035755385
03/14/2007,-0.08107770247528934,0.07422349742306178,-0.5791097260964674
03/15/2007,-0.050179451971317346,0.1502546607579085,-0.5379966833794607
03/16/2007,-0.018957737367815142,0.17521900699787263,-0.5448894335451497
03/17/2007,0.016102366522514622,0.06796824522496803,-0.6406647430525898
03/18/2007,0.03912624543480503,-0.10914996853361558,-0.7217484816739342
03/19/2007,-0.008065651538259777,-0.11795756045016387,-0.6760465750440886
03/20/2007,-0.0445373018382107,-0.006189237231625622,-0.5921643646799076
03/21/2007,-0.01972070468980347,0.10216077805810125,-0.5525538247201962
03/22/2007,0.020135964210558188,0.21738522338550664,-0.4892251736388137
03/23/2007,0.05487550222793869,0.2953467888686907,-0.4598055942778215
03/24/2007,0.08451911410880675,0.30956263058067945,-0.4180393935796591
03/25/2007,0.09013213523034413,0.3436336765527306,-0.3806123497547618
03/26/2007,0.09285811911554231,0.3816207214320983,-0.34311774625795943
03/27/2007,0.09497199020719937,0.4462051096966867,-0.28077055664444206
03/28/2007,0.0978620724157766,0.4932834702783694,-0.24724075234344195
03/29/2007,0.11337980125924907,0.4888856341636889,-0.2422130143096981
03/30/2007,0.11430180417968394,0.48081242415702047,-0.23638121473935725
03/31/2007,0.11359570079715764,0.5007488936736046,-0.2044361209405664
04/01/2007,0.1120585401109343,0.5532450163134099,-0.1496761868046257
04/02/2007,0.11441131312117259,0.6167181139386435,-0.09680013281710798
04/03/2007,0.13387815084456678,0.6453058689318538,-0.08378063337833669
04/04/2007,0.15242962588819842,0.6356117576201332,-0.07766532664427767
04/05/2007,0.16269364033473432,0.5929506099845249,-0.05259671188298948
04/06/2007,0.18359033098761968,0.5432604286837739,-0.012169491132654586
04/07/2007,0.17421911707711546,0.45914037772412963,0.008965162481267663
04/08/2007,0.15635958446076237,0.3727503603253614,0.04201839720478939
04/09/2007,0.13109706396770193,0.412020621184466,0.11377833303417628
04/10/2007,0.10976024642334647,0.5170842671518836,0.1783266695075933
04/11/2007,0.09929471351262309,0.5938313163302756,0.2208666617632296
04/12/2007,0.10213332468437764,0.5935300946785853,0.26246938022830196
04/13/2007,0.13619860312534182,0.5491284965599871,0.30974049718338315
04/14/2007,0.14697593385640412,0.562591636448773,0.39406673486866606
04/15/2007,0.10071605519439619,0.6331513697743023,0.5087551817876073
04/16/2007,0.0964845343105965,0.5549278060435814,0.5738816910928273
04/17/2007,0.11272729672547283,0.4393536382683271,0.6932593067347856
04/18/2007,0.053434533315446564,0.49286475456721757,0.835194102703932
04/19/2007,-0.00273357496410076,0.5598670190839128,0.9130002842694304
04/20/2007,0.021612959180184355,0.589010184526116,0.9419660168254806
04/21/2007,0.04709464430187471,0.6500474382919508,0.9494823853680334
04/22/2007,0.07146997728002125,0.730674316292391,0.9263523882911415
04/23/2007,0.09806160981368522,0.8265615059346958,0.8544848033268855
04/24/2007,0.14441522225977937,0.8967417469532301,0.763442241574072
04/25/2007,0.2133525867266975,0.911862193103022,0.6496774347821779
04/26/2007,0.25572264175148296,0.8859618871889945,0.5400465089595492
04/27/2007,0.279549035938505,0.8096974972653552,0.41926206966320123
04/28/2007,0.3094139035735174,0.6905840044415722,0.282939473898424
04/29/2007,0.31074066768371644,0.5519434804203538,0.17891944983602165
04/30/2007,0.28534193054081886,0.4183577258157888,0.11292050779471274
05/01/2007,0.25302934545987166,0.3460816162523356,0.09497130285511962
05/02/2007,0.22312342572920824,0.36343685695638345,0.10849861568360364
05/03/2007,0.21274186801683082,0.40323434378245254,0.12964483356569018
05/04/2007,0.21407347473348542,0.43949115505356207,0.1581910875102453
05/05/2007,0.218237822795888,0.49285318718605375,0.19442202081961107
05/06/2007,0.24193482400582111,0.5554199775610223,0.22423490702731008
05/07/2007,0.2665942198764102,0.6053106797078829,0.22607305759600876
05/08/2007,0.304285436589062,0.5997715482240232,0.22469901965627287
05/09/2007,0.3326065766699967,0.5840424346977332,0.2433079965268849
05/10/2007,0.32377336899967096,0.605928272170355,0.2532021003330165
05/11/2007,0.3109764879436452,0.638476299194738,0.27676269394939196
05/12/2007,0.3179901596102726,0.6827423769289134,0.3287803140517509
05/13/2007,0.3455555962789085,0.7435512189549642,0.4209988198594763
05/14/2007,0.3801264501713439,0.817439774478858,0.5347909751311689
05/15/2007,0.4331590441422898,0.9048327484141774,0.6431696733053853
05/16/2007,0.5011887133896773,0.996193627677886,0.7519780347623597
05/17/2007,0.5464370009117774,1.0303846925692495,0.8012261140804826
05/18/2007,0.5876453439964682,1.0125607086984474,0.8200978635848759
05/19/2007,0.6095957417908687,1.0031364638021576,0.8213983771249174
05/20/2007,0.5917311831359933,1.053317700984607,0.8184623920318808
05/21/2007,0.5775168124715069,1.122782584618629,0.8473031899153807
05/22/2007,0.5914201190439027,1.2071473121128902,0.8709540253998107
05/23/2007,0.635464982174835,1.2929550850870626,0.8717908726510624
05/24/2007,0.717407239656991,1.3632748980093166,0.8936589037484584
05/25/2007,0.8212290534709028,1.422657546527005,0.919675017547953
05/26/2007,0.9178509020152099,1.4560144094679595,0.9261832659412961
05/27/2007,0.9849316772017499,1.4680675032078803,0.9314087326724465
05/28/2007,1.0234977547946973,1.469712772346354,0.9332730955823234
05/29/2007,1.0540531707733036,1.4679596388464482,0.9553426289804205
05/30/2007,1.0773932131890331,1.4734166243087254,0.9874919031209624
05/31/2007,1.0974802347167394,1.4824184542805952,1.0256754935420374
06/01/2007,1.1267972641530035,1.4830924744247973,1.0747709245204022
06/02/2007,1.1600223870599509,1.5206557538733183,1.1549666896522988
06/03/2007,1.1783240276340514,1.5000455578008853,0.9830142996407691
06/04/2007,1.1547156241104526,1.2092641428663198,0.8813038425243496
06/05/2007,1.0527538847861129,1.065038217836578,0.8942171130015335
06/06/2007,0.9512870084807807,1.0094935324415868,0.8941455768444384
06/07/2007,0.9025436431205887,0.9503930223325491,0.8990586866060334
06/08/2007,0.8525135752127085,0.9012128627211862,0.9091782327767901
06/09/2007,0.8038025672683922,0.8157851105130451,0.8982700035172779
06/10/2007,0.7506397365328604,0.7000744241529563,0.8720006119568118
06/11/2007,0.6802148847823213,0.6288243471707197,0.8589920681405079
06/12/2007,0.6024252357105495,0.5791220113120898,0.8597891099634478
06/13/2007,0.5222394136024808,0.5399917333804003,0.8647862939834121
06/14/2007,0.45697806436039257,0.5346756116105977,0.8540939310629555
06/15/2007,0.45159011437990676,0.5270422556766026,0.8441591291481623
06/16/2007,0.4715523287320815,0.5217281303076093,0.8490358418973265
06/17/2007,0.4853125949819147,0.512515797485581,0.8249316059481254
06/18/2007,0.49621939206289967,0.4876930782678168,0.8233225901945789
06/19/2007,0.47533880674512946,0.4690281399144585,0.8507301492006242
06/20/2007,0.4372208536815952,0.4207906925093143,0.8708792837087344
06/21/2007,0.4087621395535626,0.36247999379148044,0.8798946248635726
06/22/2007,0.38078522808166915,0.3325114927671789,0.8830382798669966
06/23/2007,0.3541718038189423,0.3346205727880506,0.9035402259950417
06/24/2007,0.3298942768166787,0.3493383918685149,0.9229959913298869
06/25/2007,0.31880111275989365,0.36189827782592693,0.9324108475174914
06/26/2007,0.3187821458845977,0.37460642590234666,0.932166780594669
06/27/2007,0.33818529599579067,0.4206875255615527,0.9216310424991638
06/28/2007,0.37517228033295413,0.5091053577246698,0.8947548311829524
06/29/2007,0.43300782274972277,0.5532537065287024,0.8280385393280837
06/30/2007,0.48486171897156466,0.5061311902585062,0.7320863168059328
07/01/2007,0.5070188080143243,0.40784373966536547,0.6371304878593125
07/02/2007,0.5039689931654663,0.3174775964642853,0.5625836851316334
07/03/2007,0.49865188464762866,0.27309825234295493,0.508891274964524
07/04/2007,0.5009250848290236,0.24921343048239053,0.4520415761304696
07/05/2007,0.5111523028037681,0.25546416141982786,0.36660520927785956
07/06/2007,0.5189264471163337,0.21355765329055854,0.24942695513509927
07/07/2007,0.5058579765481312,0.1602096546814134,0.13048342560126236
07/08/2007,0.4571472620951161,0.14314418568323095,0.017919273879406283
07/09/2007,0.40940815059231145,0.13305754674158055,-0.09854256370652303
07/10/2007,0.39374198852362774,0.13546749610811532,-0.2113619814319454
07/11/2007,0.3865264682150977,0.15153306188862925,-0.2960047148774977
07/12/2007,0.379526994190129,0.1332893053886009,-0.35573046749203063
07/13/2007,0.3727270942494795,0.0838113884681343,-0.4002651945649407
07/14/2007,0.35540923651455975,0.056310732433867194,-0.4154103687977022
07/15/2007,0.3283448628686584,0.04135862984653077,-0.41215378973007066
07/16/2007,0.2975408964449609,0.03200942613364771,-0.41008053961842295
07/17/2007,0.2670238177674779,0.021843283465605212,-0.3756265271210626
07/18/2007,0.24067827768925965,0.04103204216101364,-0.32008083139569166
07/19/2007,0.26804006808177605,0.08868213670419872,-0.2636921208093813
07/20/2007,0.27722087951109736,0.11282314376287667,-0.2219032379150664
07/21/2007,0.2772428546722161,0.10969818931785441,-0.17973326166428538
07/22/2007,0.280275793771304,0.11954954655223032,-0.13927041485272929
07/23/2007,0.2779206728306599,0.16869705913857297,-0.09639108233515448
07/24/2007,0.28837424597088945,0.250640269885136,-0.049091724219927024
07/25/2007,0.32087118027495,0.2696977358684247,0.014751597659305338
07/26/2007,0.36333595961695775,0.2878850646867214,0.11007488629887463
07/27/2007,0.4275254419433099,0.33121682684161885,0.2062225246648005
07/28/2007,0.4731693924248633,0.36240941515106556,0.2881375515734016
07/29/2007,0.5022668903683736,0.3761949150530651,0.36084397203150353
07/30/2007,0.5205259013310867,0.38654161455910985,0.43162220293474707
07/31/2007,0.5313862534137715,0.3929174141355509,0.4795630330338296
08/01/2007,0.5381478894261231,0.3653117709057253,0.49469692703308416
08/02/2007,0.5355140618092668,0.3512341505910267,0.4959824678890826
08/03/2007,0.5358050217472698,0.3528140082441212,0.49600283723160127
08/04/2007,0.541574326986312,0.2947813376979738,0.49784236739720766
08/05/2007,0.525077107613926,0.23050069594492514,0.5047941156187263
08/06/2007,0.47702942669509296,0.1678550477379435,0.5014171058566717
08/07/2007,0.4167151668137651,0.11737059250299536,0.49002402943825907
08/08/2007,0.34907859247695133,0.11925842433993378,0.4864113114875635
08/09/2007,0.29550659818215097,0.16246470683212855,0.4941166442295508
08/10/2007,0.26449586713726947,0.19071489393536634,0.4960947427312212
08/11/2007,0.24699270633251325,0.20320572791180327,0.515776112736203
08/12/2007,0.2233980969000357,0.23061407976742226,0.5242080872826611
08/13/2007,0.2080501527738881,0.24038346713322928,0.5243349290450426
08/14/2007,0.22143541051454033,0.25058296143834036,0.5428682309678469
08/15/2007,0.2525050966243999,0.26707088342560437,0.5491523760170974
08/16/2007,0.3139253050987328,0.28881485900534,0.5535477717523816
08/17/2007,0.3240927242209991,0.29262839557694476,0.5541748391215036
08/18/2007,0.31494900275477744,0.27446402536796893,0.538375208463441
08/19/2007,0.3146740747790609,0.2459681635297083,0.5233179632451008
08/20/2007,0.3408642112136776,0.29098623847503124,0.5261233735488331
08/21/2007,0.3873154828900079,0.3385685728260017,0.5536125722304733
08/22/2007,0.47128363744650126,0.3976097780874397,0.5527324299822738
08/23/2007,0.5467709206388899,0.3259725167833212,0.49814543237585374
08/24/2007,0.5279408122918751,0.1889073878722099,0.4420227405336874
08/25/2007,0.44433768754033925,0.07486093645829528,0.39138686788317045
08/26/2007,0.3375025985444813,-0.030738508256034303,0.3721659586329955
08/27/2007,0.2494677551558105,-0.06740428810492675,0.37135581063947154
08/28/2007,0.1761206472128783,-0.04738396975430649,0.3563308642192333
08/29/2007,0.13964984070042036,-0.09519013586673057,0.29869171134520794
08/30/2007,0.11291058204261843,-0.21824910386861684,0.20689576795382017
08/31/2007,0.07536743169106147,-0.3274784162799922,0.12519133245493724
09/01/2007,-0.003085067482831133,-0.42806419394730116,0.05935327575842725
09/02/2007,-0.10691913455853744,-0.4888743277621126,-0.014193116332149425
09/03/2007,-0.19803486618750155,-0.5294750723260213,-0.07710947082121483
09/04/2007,-0.26177391274045325,-0.5508820671924934,-0.14410630776409664
09/05/2007,-0.30526723234496567,-0.559568407118646,-0.21730642103184003
09/06/2007,-0.3247711600314582,-0.5246892885597398,-0.257635081756315
09/07/2007,-0.32942483146457746,-0.42553035029517555,-0.27406904295543544
09/08/2007,-0.29742903355607053,-0.3680084060504739,-0.268164611665753
09/09/2007,-0.21585371357232963,-0.31175270837861957,-0.2391377305057653
09/10/2007,-0.11758567232367068,-0.2331276332143227,-0.21105989028640434
09/11/2007,-0.05666982864920739,-0.1857494602050516,-0.15557708794929465
09/12/2007,-0.04909760635136684,-0.16545534135504644,-0.09753598545973068
09/13/2007,-0.06532580426045459,-0.19879635052486577,-0.04397743676866438
09/14/2007,-0.11049250120102788,-0.21076958823236686,0.006779353492828197
09/15/2007,-0.13701787807360744,-0.2910849102710382,0.026758635276257596
09/16/2007,-0.12358705580856011,-0.3892912130430042,0.028263775498226614
09/17/2007,-0.10877572383891493,-0.45070425990256524,0.03822081326899575
09/18/2007,-0.12757681323359776,-0.34891512228793986,0.04309837812213028
09/19/2007,-0.07482233895625956,-0.2706744717149922,0.030046092968707513
09/20/2007,0.018443876804096093,-0.3632119356680896,-0.009082845942458881
09/21/2007,0.03646582016884897,-0.388444445511032,-0.005009261473162066
09/22/2007,0.00930613522311785,-0.25241304119602576,0.0330418876451562
09/23/2007,-0.009820876260738687,-0.14532398788876433,0.12398966297540695
09/24/2007,0.02696539671331566,-0.06037460854540111,0.23424501870249148
09/25/2007,0.13563939213870257,0.011014511881513533,0.3451517876264141
09/26/2007,0.2635183576746333,0.10694985001395052,0.472176508905745
09/27/2007,0.35565598932542897,0.12035180608966589,0.5324410752639421
09/28/2007,0.36093204574761395,0.007862664743224612,0.5790052299586214
09/29/2007,0.3299055395453344,-0.010671039615683608,0.6719440070792293
09/30/2007,0.3078525665414157,0.1158684183284916,0.7573859328958408
10/01/2007,0.3642739211268562,0.2315085260481643,0.8501989232399335
10/02/2007,0.4506130084678053,0.26134508846596605,0.9318630258175731
10/03/2007,0.48297038765849243,0.33504539513697174,1.0036274656250859
10/04/2007,0.5056726001054679,0.5279475060087885,1.0666562978381837
10/05/2007,0.5567960331668458,0.5893792250876915,1.0931728807026955
10/06/2007,0.5811793637829297,0.6095800415586443,1.0892933730566474
10/07/2007,0.6468600754069771,0.6555403589688175,1.0991996903530155
10/08/2007,0.7708000575128571,0.7070874278939488,1.1147063189745563
10/09/2007,0.8653339355727756,0.7192882552938402,1.127403114466993
10/10/2007,0.914748698969214,0.6136799442112021,1.1147528600818668
10/11/2007,0.8866146229059169,0.4768073505429572,1.0664407155337856
10/12/2007,0.8185621713963336,0.34409425796323,0.9993047016091481
10/13/2007,0.749884473357507,0.24142453143819498,0.9832752869138518
10/14/2007,0.6541558288997749,0.22141589790408167,0.9957008698855698
10/15/2007,0.5899990341670176,0.26407481426819657,1.0201043160573635
10/16/2007,0.578205049571114,0.3667069027661839,1.0397160975714657
10/17/2007,0.6208973213574027,0.404311225866662,1.0272242939483711
10/18/2007,0.6045294215892874,0.366266696387489,1.034845146668192
10/19/2007,0.5276023801360137,0.2851310297687446,1.0637748879756035
10/20/2007,0.49298621852406965,0.169934651488024,1.0642260567395034
10/21/2007,0.521764801483205,0.0968265712456613,1.0287133253476684
10/22/2007,0.48773136684834273,0.14847187483420066,0.989952454775141
10/23/2007,0.3047014238210657,0.12127725530064137,0.9210548579099613
10/24/2007,0.028825434516470905,-0.039134313146598654,0.8152188785584547
10/25/2007,-0.13563997310430254,-0.3159694591962581,0.6530629250075499
10/26/2007,-0.21668407383419286,-0.4807254306776585,0.54479560899512
10/27/2007,-0.2945849927952562,-0.5478860567527577,0.45464004689864534
10/28/2007,-0.27007094849122226,-0.6069619641576902,0.3237324501337657
10/29/2007,-0.1750372914330134,-0.6343291549260146,0.17667788890211789
10/30/2007,-0.09384053854046392,-0.5970706201894362,0.047914023420116525
10/31/2007,-0.007764346031913449,-0.5813631147660363,-0.07910375929831459
11/01/2007,0.05418124855666995,-0.6188528209729274,-0.13573150533638834
11/02/2007,0.044355966917929646,-0.7621677413387395,-0.18779753305951674
11/03/2007,-0.024687898204650116,-0.8410347333071184,-0.13560908639936997
11/04/2007,-0.13115766390424866,-0.7523326488991975,-0.03911963261235396
11/05/2007,-0.2042868178701689,-0.6592470554882983,0.02755567709920026
11/06/2007,-0.23189924983328902,-0.5391774628293378,0.10282912163134839
11/07/2007,-0.219689351378205,-0.4715315352042928,0.13301855664100426
11/08/2007,-0.1320871141664366,-0.5194048743322197,0.11242097198642576
11/09/2007,-0.1412738687945856,-0.5182338678215668,0.12563223539481427
11/10/2007,-0.1824433609683742,-0.4923638015080478,0.1520589415786866
11/11/2007,-0.19927582077872863,-0.43596136837662725,0.15834681965484743
11/12/2007,-0.172035645843841,-0.37088069835763604,0.16666481515123
11/13/2007,-0.11363568296985127,-0.3012614459668299,0.19891699099023818
11/14/2007,-0.08814713748900949,-0.29006938815291394,0.22180227192224033
11/15/2007,-0.09394186641195468,-0.36273567663946116,0.21254992413461826
11/16/2007,-0.030004016189347782,-0.5786168305806154,0.14700308411393537
11/17/2007,-0.006893814148300148,-0.7417002879242534,0.17184378135145284
11/18/2007,-0.09961211833708483,-0.6153490788329652,0.2279820139469746
11/19/2007,-0.14807538293738842,-0.5547507396570686,0.18230997153245565
11/20/2007,-0.12570811743707422,-0.5708464863204223,0.12357541871687339
11/21/2007,-0.09888642441025541,-0.5831396766166332,0.11854816759968245
11/22/2007,-0.12343755867738082,-0.5585423745374312,0.1390703207647317
11/23/2007,-0.09902748366654368,-0.6558308613956388,0.07439518310530824
11/24/2007,0.033525074024529644,-0.8715369779598555,-0.0620031687600362
11/25/2007,0.03774859727039015,-0.9151039631043599,-0.0862415502199374
11/26/2007,-0.07331797592286482,-0.9358745758536745,-0.08904594611418326
11/27/2007,-0.16038444476561797,-1.0383948071886095,-0.10915215081275242
11/28/2007,-0.14958877082827482,-1.1738582941907207,-0.19860610673092016
11/29/2007,-0.15599212733557266,-1.2290449192285942,-0.2540877323530315
11/30/2007,-0.19440654329899965,-1.2760908089382732,-0.31848946636723907
12/01/2007,-0.20469759563159495,-1.3455861083258185,-0.3773121510791424
12/02/2007,-0.22307198536180117,-1.337651002281095,-0.37622413603865357
12/03/2007,-0.28905649716825377,-1.277850225228965,-0.35520536856464213
12/04/2007,-0.304364819968838,-1.327294379488669,-0.3964314570749956
12/05/2007,-0.3210959885941139,-1.3861685916940796,-0.4350520551035184
12/06/2007,-0.42118195164431205,-1.3591377944623142,-0.4503992997062979
12/07/2007,-0.48202035030186596,-1.2446733906669685,-0.42827766623689045
12/08/2007,-0.5241869791690082,-1.0860040342328525,-0.3979901986943095
12/09/2007,-0.5073578945086096,-0.9564546497609344,-0.3534534428024235
12/10/2007,-0.4492510560709677,-0.8081046303982242,-0.28765101216713385
12/11/2007,-0.3609353048213366,-0.6733509226018883,-0.2351648566104413
12/12/2007,-0.27878433833812866,-0.5756332682871111,-0.18459236426473846
12/13/2007,-0.2054029285994553,-0.5104722724943354,-0.15090946528380256
12/14/2007,-0.14807237465155665,-0.47174720520948993,-0.1236941977403111
12/15/2007,-0.07676587503440141,-0.4160163847977613,-0.09236513453541673
12/16/2007,-0.14966628921801461,-0.30927523369055426,-0.039108433531607645
12/17/2007,-0.16340039805568884,-0.465608507588121,-0.23920411346266623
12/18/2007,-0.09618494704864089,-0.6834916405184344,-0.27978467235121196
12/19/2007,-0.1267521026792684,-0.584105229996824,-0.18071630561094643
12/20/2007,-0.1403449688285912,-0.48510177612479216,-0.1802416431233057
12/21/2007,-0.14603250005403712,-0.41240595264978386,-0.16660404369528514
12/22/2007,-0.09791100607313169,-0.3923142336113528,-0.22411254062724817
12/23/2007,-0.08553381757678191,-0.3982250479519783,-0.21027713134905945
12/24/2007,-0.06790992178828997,-0.38567314759781,-0.20474368989733838
12/25/2007,0.015267860696031144,-0.3832868614526447,-0.21404537856245864
12/26/2007,0.08690644571967365,-0.31456957120445467,-0.1990746016088793
12/27/2007,0.09308164942726732,-0.2643083018365764,-0.20278206540575544
12/28/2007,0.14879213139655198,-0.23947976956939432,-0.19887776559182152
12/29/2007,0.19494906798492195,-0.2207155983522254,-0.17798697601882013
12/30/2007,0.26991191890977856,-0.2212688362473941,-0.1511133615908961
12/31/2007,0.30474640136286346,-0.1908093380590689,-0.1160175524986446
01/01/2008,0.31333073543428613,-0.27322676831290593,-0.1734372066461925
01/02/2008,0.3365021670978945,-0.4888457478535154,-0.28049116718179035
01/03/2008,0.3067271078008295,-0.8926280286363731,-0.4399478582377938
01/04/2008,0.26287972762870543,-0.9091204718842931,-0.2472285177635623
01/05/2008,0.2115451275766404,-0.5877942419855917,-0.024523273399355505
01/06/2008,0.25708257740253687,-0.326830717249481,0.05793300183568101
01/07/2008,0.36006566645252025,-0.12212623709246946,0.10025469316949223
01/08/2008,0.45242282959607283,0.03952615317611741,0.20439307853095923
01/09/2008,0.5244974326329823,0.16549246793469058,0.3070360620015415
01/10/2008,0.6152095036645581,0.2132503094039661,0.37218776923844205
01/11/2008,0.6813778143979334,0.26761635499108793,0.47241755368974925
01/12/2008,0.7354426906454665,0.29124951291419504,0.5348144493681782
01/13/2008,0.772297750643071,0.26124155361505097,0.5934282874546858
01/14/2008,0.7667577721689378,0.24131195406596223,0.6502780674414963
01/15/2008,0.7688094231048888,0.1892548047337677,0.6775066034610914
01/16/2008,0.7603723920037944,0.2270307595862697,0.7181464444401201
01/17/2008,0.7270592583931215,0.4599914747666198,0.8028525176141029
01/18/2008,0.7351399910554446,0.5168166164108124,0.7362764171504781
01/19/2008,0.8212724972072721,0.4185234114859251,0.6909273627169518
01/20/2008,0.8237272584444241,0.32409236136414155,0.6567171331077558
01/21/2008,0.8323300387574654,0.10534695943673739,0.5428356692247378
01/22/2008,0.7908167582115875,0.17039480627769765,0.6374378750238302
01/23/2008,0.7649187556801791,0.30043336766583817,0.6887390379929808
01/24/2008,0.8193277504775178,0.2885442136630589,0.6915804395453526
01/25/2008,0.8443263856050416,0.24939062481602314,0.7246404505242517
01/26/2008,0.8328805550643261,0.2388099353914614,0.7933698988726998
01/27/2008,0.7628626656883029,0.3015106020560746,0.8940786063314923
01/28/2008,0.7688083225125174,0.2588448744421372,0.9280826267799608
01/29/2008,0.7910494968128614,0.27525599371586834,1.0551398497392874
01/30/2008,0.7344702072213529,0.4250136518029398,1.1500006082286918
01/31/2008,0.7340918602486326,0.4626270174247349,1.1584071819615667
02/01/2008,0.684621113386629,0.49671127487273653,1.168882339522447
02/02/2008,0.6535152177875745,0.4736652936585773,1.1070779401377875
02/03/2008,0.6699390276484263,0.4178579054040028,1.0687016930667466
02/04/2008,0.6641522229905955,0.41643523495589363,1.0404124093337006
02/05/2008,0.6626934978544263,0.4154134887646519,1.025771153158216
02/06/2008,0.6628907606947532,0.46050719207009044,0.9934174957940225
02/07/2008,0.6517428605104333,0.4112479984737028,0.8950833180648228
02/08/2008,0.6726505570870813,0.29204490248413506,0.8320082287790695
02/09/2008,0.6504141520203642,0.2385315549137514,0.8063747908148426
02/10/2008,0.6176298530467303,0.21670061846341787,0.7861683624588492
02/11/2008,0.6098810590452421,0.1607047464852691,0.783860499720809
02/12/2008,0.5977496695130357,0.22861044108635203,0.843747218832903
02/13/2008,0.5532779966583933,0.34507424029333567,0.8812101727536779
02/14/2008,0.5239269222312717,0.24374961817316,0.8007953357487453
02/15/2008,0.528914953628457,0.11068621596887218,0.7702325980474927
02/16/2008,0.49840811046007527,0.10293254752721381,0.7410794431944365
02/17/2008,0.4680171229825576,0.0933031430888196,0.739218651005962
02/18/2008,0.416043665742187,0.16463871299988142,0.7380849875385127
02/19/2008,0.42057645544592115,0.10861988241241372,0.6649983258279122
02/20/2008,0.44662538587860223,-0.03229448341420382,0.6094552269908279
02/21/2008,0.40625507051600085,-0.03154078339059807,0.600421585888826
02/22/2008,0.345233239795653,0.0022804776094677015,0.5762988471105619
02/23/2008,0.31843664027501895,-0.036912393359397666,0.5345171056590432
02/24/2008,0.32619541298072485,-0.10773271570835474,0.5102674845420133
02/25/2008,0.2973007908986659,-0.158459616206428,0.5041657708950968
02/26/2008,0.24844347754106288,-0.17008718298537062,0.4993228176936963
02/27/2008,0.18992575128275757,-0.20988766441265538,0.47975372253084747
02/28/2008,0.17681127595320445,-0.40977976169847063,0.38719279265633944
02/29/2008,0.12994852947361302,-0.45120871901034953,0.38229530480085927
03/01/2008,0.057279679926076854,-0.3241182544424953,0.38901986587343285
03/02/2008,0.036845238071435915,-0.2577780316651409,0.3549912155625937
03/03/2008,0.045430849143397456,-0.15506655687610027,0.33856394946609036
03/04/2008,-0.0022007344841918908,-0.0027363601917856917,0.3348463821507158
03/05/2008,-0.06855827373354872,-0.001147694888053774,0.27001530946479246
03/06/2008,-0.018514778598672454,-0.09671246579947734,0.18400056689848043
03/07/2008,0.008206356971323991,-0.08594681571159846,0.14612401794124785
03/08/2008,-0.10066754271609368,-0.10061020351114369,0.09489439112919218
03/09/2008,-0.14622803160907483,-0.3349884807022374,-0.05011629728957767
03/10/2008,-0.1481650375057818,-0.3968234727448484,-0.0806566368293371
03/11/2008,-0.18390156547086878,-0.31392474933981684,-0.09799662800679476
03/12/2008,-0.20561320809233963,-0.28740685096331675,-0.13597721480112346
03/13/2008,-0.17058260007770998,-0.28828808576810605,-0.1946182796382897
03/14/2008,-0.14811169546192116,-0.27978517984582996,-0.2171354922316513
03/15/2008,-0.17536445383631438,-0.20550292233858525,-0.22094849519166204
03/16/2008,-0.18862750913672865,-0.1816326037427326,-0.24387974916165733
03/17/2008,-0.12028167638591414,-0.1818965396734039,-0.28130204555015215
03/18/2008,-0.061157780532891115,-0.0853658630757656,-0.26645652788015395
03/19/2008,-0.039364400584243286,0.12271112522676103,-0.21634575415702317
03/20/2008,-0.02956835801630986,0.20639830951656907,-0.23235009264977124
03/21/2008,0.09158477744593252,0.1061116983824712,-0.2955267446134674
03/22/2008,0.14603009179170667,0.09334125085723155,-0.28605589302212364
03/23/2008,0.14855995011536882,0.09515204510995601,-0.3158161516655806
03/24/2008,0.17796711806728926,-0.009569276836142615,-0.37497399727233344
03/25/2008,0.19519791894520677,-0.1672281608718325,-0.45621168267758316
03/26/2008,0.14231551914727836,-0.21473486686269327,-0.43440735649603557
03/27/2008,0.08601684392542897,-0.123428888621271,-0.43598533131924594
03/28/2008,0.07256367963513433,-0.08664514497154974,-0.4824790859954542
03/29/2008,0.08677137337253349,-0.0692126318126029,-0.5198641738439284
03/30/2008,0.10462334858789857,-0.09895254494411315,-0.5406122157137673
03/31/2008,0.11737308760379273,-0.12843398288834407,-0.5461390026392465
04/01/2008,0.11265323388241777,-0.10361185084728713,-0.4941333119924667
04/02/2008,0.10491794048075365,-0.07357858423198599,-0.45437625072630655
04/03/2008,0.12308321765937313,-0.09757085943028748,-0.45326754173226486
04/04/2008,0.1379586041053471,-0.0920476404352385,-0.4376577679539812
04/05/2008,0.11714471468561127,-0.028953036916592956,-0.4231245261007803
04/06/2008,0.1016342864382378,-0.011912464210870555,-0.41941320754785116
04/07/2008,0.11252167640698452,-0.03460308608077428,-0.4230464571465824
04/08/2008,0.1254201054529719,-0.07373923577955538,-0.4284877496404106
04/09/2008,0.11539440594241879,-0.07238232912284714,-0.3896740486217472
04/10/2008,0.10647729644657333,-0.013878566703112827,-0.3336983244262072
04/11/2008,0.10515852997431119,0.05091086366824177,-0.2746387953870318
04/12/2008,0.09833768209209548,0.09419911602900266,-0.2174361632039038
04/13/2008,0.11539708405053611,0.09142834657481991,-0.1831852760624243
04/14/2008,0.127267853307923,0.012367938598510986,-0.18134947892373782
04/15/2008,0.13389103479927528,-0.10759525764079031,-0.1641665994877875
04/16/2008,0.13013504319506336,-0.1753260910179476,-0.1202762658980549
04/17/2008,0.0926073745096051,-0.1296374015533326,-0.0010726823478623415
04/18/2008,0.08133022809383628,-0.006343504150195578,0.10849774409289814
04/19/2008,0.07586567688392432,0.10524614119581233,0.19608579519877106
04/20/2008,0.10451200532578686,0.17301296850522596,0.2509124369026428
04/21/2008,0.14100353966133772,0.192029273401217,0.2990464511446284
04/22/2008,0.15925499322306352,0.20993440509319589,0.36125097420775126
04/23/2008,0.17052634318564802,0.22890943146654907,0.4331765833947221
04/24/2008,0.19121197690707842,0.26742546384300714,0.5032485824123976
04/25/2008,0.22393798117115826,0.337209889042038,0.5777959126330081
04/26/2008,0.2519919707958388,0.42920033917308165,0.6469729590239552
04/27/2008,0.26933991138906055,0.4951355861742751,0.6895823368885742
04/28/2008,0.27635310613232555,0.5443456917977905,0.7348791695216603
04/29/2008,0.27603301718274625,0.534368620030032,0.7285081504438552
04/30/2008,0.2926452851449174,0.4454885036439572,0.6928999428310065
05/01/2008,0.29285916693013786,0.44194001863877136,0.7483693955392594
05/02/2008,0.28610714275788107,0.5590840033454008,0.8580315651741177
05/03/2008,0.30624501165339174,0.6651884787470983,0.9460196182293168
05/04/2008,0.33976524006295905,0.7079746363040391,0.9866867265353843
05/05/2008,0.3813302484505462,0.7052705701239924,0.991429131468334
05/06/2008,0.40898721771851165,0.669930341695548,0.9712229871469993
05/07/2008,0.4146191690289314,0.6145772520606895,0.9532022460503087
05/08/2008,0.40293553716200614,0.5933063647553488,0.9508180591423863
05/09/2008,0.37731422355411587,0.5794671381844826,0.9295799357606818
05/10/2008,0.37044590345404815,0.49524456617145496,0.8516213493136977
05/11/2008,0.3516279016231723,0.3839185631677655,0.7895959303897859
05/12/2008,0.302793957510373,0.26129856847348853,0.7295731586771543
05/13/2008,0.28119057649236495,0.118600653393443,0.6313247188378838
05/14/2008,0.2376930746368161,0.05117855752984807,0.5879709672909448
05/15/2008,0.19487548206522853,0.1162547650058516,0.6231238267728083
05/16/2008,0.16091446640875967,0.20118018753949035,0.6354350249306515
05/17/2008,0.1733371460566862,0.19357360686342165,0.5793430494077814
05/18/2008,0.19922337224966513,0.1203511445981574,0.5090273892310817
05/19/2008,0.18236849704123742,0.06812001480710178,0.4725998227865576
05/20/2008,0.16460691714641723,0.05274344217686791,0.4400987514355646
05/21/2008,0.1589061421260386,0.023939723590104628,0.40355258023369633
05/22/2008,0.17015082106669555,-0.01376430211554977,0.37869362362539594
05/23/2008,0.18746486341470908,-0.016344004268643048,0.370504661015892
05/24/2008,0.18831954676809365,-0.033821495163494836,0.3525071701846699
05/25/2008,0.18764374636234682,-0.11392373077448986,0.30483998718907884
05/26/2008,0.17235420700498916,-0.19299212435404206,0.26256236180342724
05/27/2008,0.15332232338889928,-0.14776448604129425,0.2763935511381502
05/28/2008,0.16045163062791368,-0.11101779324190636,0.28124729765650874
05/29/2008,0.1856766576073381,-0.09077628542502436,0.2892888462792067
05/30/2008,0.20942105766229518,-0.08522740680779364,0.3008232502274934
05/31/2008,0.22875021127935308,-0.06440535737877606,0.3278248425564259
06/01/2008,0.24779376117464202,-0.052956233601680974,0.35291589605558915
06/02/2008,0.26982541937286453,-0.0792031499269997,0.37198147892495576
06/03/2008,0.2810523054034251,-0.10410343518802004,0.39370595079160586
06/04/2008,0.2836170158190213,-0.1013250911542892,0.42343865807336795
06/05/2008,0.29617415116897444,-0.07051111438677171,0.45166732069540444
06/06/2008,0.32951054396521434,-6.394283634944542e-05,0.4901536920604713
06/07/2008,0.35801302498342913,0.05761137196473071,0.5200867249279333
06/08/2008,0.3901069590455257,0.09363178589281881,0.5412413421205808
06/09/2008,0.420481511010219,0.10480834224161942,0.5445669821861592
06/10/2008,0.43055530640763856,0.10192553947136776,0.5350037381786439
06/11/2008,0.4351843979443451,0.07391944172604162,0.5155226531829773
06/12/2008,0.45410857025316154,0.06583084768959663,0.5387385504553188
06/13/2008,0.4717623287814702,0.11549648500391729,0.5897522703519372
06/14/2008,0.48505231190870907,0.18134588677026403,0.6408085142942981
06/15/2008,0.5042445518340957,0.20907700966279003,0.665505408842791
06/16/2008,0.5212021489976894,0.22057657191918234,0.6965380210189013
06/17/2008,0.529539943352811,0.24195403179719532,0.7110802708283546
06/18/2008,0.5310697300701126,0.21850495377234408,0.7150322073118452
06/19/2008,0.5308233808097786,0.1841548814281994,0.736806912736344
06/20/2008,0.520552285885614,0.19373478687002677,0.7614285381008248
06/21/2008,0.5117629918511272,0.21861434479322078,0.7981856253234433
06/22/2008,0.5111204660215691,0.2612888213401213,0.8367389071383372
06/23/2008,0.5217508676703323,0.28843106471124447,0.8656200379430841
06/24/2008,0.55124479898796,0.3152154825959343,0.897067137836007
06/25/2008,0.5879049440756321,0.3489901217653099,0.9311100304560562
06/26/2008,0.6375053774060344,0.40842185825586713,0.9767542374742204
06/27/2008,0.6889209076842028,0.4686793413522161,1.0137934928400316
06/28/2008,0.7413048858811069,0.49792884449641095,1.0499420966753483
06/29/2008,0.791627307810667,0.5260194369701563,1.106931459407718
06/30/2008,0.8296741992930752,0.5758949899579274,1.1812064003926035
07/01/2008,0.8582526578717036,0.6184384086633896,1.2554301339865308
07/02/2008,0.9000008415171941,0.6759637585330033,1.3383004100218245
07/03/2008,0.9469071347684903,0.7125288375763115,1.4273664557517702
07/04/2008,0.9883473726669643,0.7272918105456967,1.5207951115023437
07/05/2008,1.0264156523278931,0.7457848235586753,1.5945558280295518
07/06/2008,1.0718712914537847,0.7680239065393961,1.6523938051632283
07/07/2008,1.1137705864326042,0.8137878133404266,1.7095638950899845
07/08/2008,1.1654804517987345,0.8590414048637115,1.7388490854820025
07/09/2008,1.2178250654749672,0.8655941207825593,1.7464946492169526
07/10/2008,1.2556736302110805,0.8436152158015713,1.7733347475553884
07/11/2008,1.2896413961674604,0.8416208701096293,1.7965559603334458
07/12/2008,1.3177022094648754,0.8378432100349394,1.8019345623209166
07/13/2008,1.3416276202793957,0.8099026999280019,1.7966726985773311
07/14/2008,1.3512169349125611,0.7592119695152024,1.7888274584787558
07/15/2008,1.3450121986428594,0.6802999410932438,1.7708408421172455
07/16/2008,1.332837702575895,0.6238987410329084,1.731998210139982
07/17/2008,1.3059522118776319,0.5828875599494462,1.6291779484672704
07/18/2008,1.2951712125053112,0.5413325357981533,1.5293538466584233
07/19/2008,1.2894428493026904,0.513400246165143,1.4246324598759923
07/20/2008,1.271108924685531,0.49046829466785874,1.3250430112699156
07/21/2008,1.2615704574201752,0.49385554094876843,1.2363854479526162
07/22/2008,1.2901365893641805,0.5265695628287723,1.1589912789447805
07/23/2008,1.3409290742978581,0.5241886787093282,1.0824138313039495
07/24/2008,1.3144055317459058,0.49354650984684945,1.0214242867728414
07/25/2008,1.2494939874475683,0.4586393829589252,0.9600098669717626
07/26/2008,1.1835989538013474,0.41798614479723656,0.9022866398393689
07/27/2008,1.1070348877139353,0.39763829927836497,0.8392379657766847
07/28/2008,1.0342572629531566,0.39270384236937594,0.7715842378257316
07/29/2008,0.9814909756509772,0.395586586421959,0.703814015089172
07/30/2008,0.945570538699727,0.3944441754170298,0.636857511067535
07/31/2008,0.9041470298053855,0.3556445366901465,0.5766875688263775
08/01/2008,0.8478873889265023,0.27601315808205584,0.5402917331106395
08/02/2008,0.7887825700080111,0.20658274172084995,0.5155777153299868
08/03/2008,0.7295289876865971,0.18009749036936712,0.4915848615425733
08/04/2008,0.6918296265903601,0.20638997160730208,0.4521703460723365
08/05/2008,0.683176549205704,0.20477552924605005,0.403088548757492
08/06/2008,0.6738210370797783,0.14591253211577998,0.3464526468671344
08/07/2008,0.6988223136290068,0.08836774669710007,0.2942080424977312
08/08/2008,0.6972889683296875,-0.00033568821725205034,0.23814386179483302
08/09/2008,0.6744113948306765,-0.110112484192051,0.17993700479492733
08/10/2008,0.6408683107860862,-0.18994837644786697,0.12933586552527904
08/11/2008,0.5952543697900035,-0.23087242050772244,0.10399372538963741
08/12/2008,0.5507055087233381,-0.2376915384994211,0.08573179829307112
08/13/2008,0.49194198350088947,-0.23107482031929805,0.1072537940259072
08/14/2008,0.3844453284273467,-0.22286661838724234,0.15929896548996647
08/15/2008,0.315981989097105,-0.19278285457497202,0.17142452671150155
08/16/2008,0.29950296618534644,-0.15182586990174532,0.19831380362191722
08/17/2008,0.29441734893075844,-0.11973642788705002,0.21343349588834087
08/18/2008,0.2894729376781107,-0.11282113035042773,0.23452310972099494
08/19/2008,0.2948180746151402,-0.07189931756206816,0.24564383748006174
08/20/2008,0.3126580166871927,-0.09857287648410606,0.10144784160932063
08/21/2008,0.31345440533102287,-0.2873690955009327,0.03252938848506237
08/22/2008,0.27074092879827366,-0.39406485784853995,0.024656799906690785
08/23/2008,0.21399442253832154,-0.5516888048700461,0.037008939631473226
08/24/2008,0.12458138068904648,-0.5611352450459319,0.060533379693694656
08/25/2008,-0.00874276563096374,-0.48325547327830365,0.06896458328893959
08/26/2008,-0.1391213598866074,-0.4490969966942892,0.07149395248278989
08/27/2008,-0.19953144467753753,-0.45367944116626313,0.05422882472555071
08/28/2008,-0.18855681441972777,-0.49045631484848745,0.04174412196886973
08/29/2008,-0.15264485202978179,-0.49826964044377664,0.06957761123075137
08/30/2008,-0.09837944785119573,-0.439213109870239,0.13208434716854517
08/31/2008,-0.02405013458482122,-0.2828020350587342,0.27251302908261527
09/01/2008,0.12634416281250857,0.43795813850471266,0.6201247454096142
09/02/2008,0.36624237430302786,0.8267906066894009,0.5212476557224177
09/03/2008,0.5454811067700391,0.652310519166448,0.47051456206656994
09/04/2008,0.6185711163337593,0.6126735664526057,0.5309661043816007
09/05/2008,0.6547087368473561,0.5426697720351152,0.561340405376357
09/06/2008,0.6658516476795714,0.40827782380916194,0.6079984132368709
09/07/2008,0.6327240739436211,0.38858115726051146,0.6854601013402333
09/08/2008,0.590676125621108,0.4451933886300403,0.7421806049818882
09/09/2008,0.5942905810456657,0.5282945118466463,0.8263848294939525
09/10/2008,0.6359110592890413,0.7403951285472423,1.113376246343487
09/11/2008,0.8105641002454045,1.4585090141187986,1.6597835754016772
09/12/2008,1.4871736615114013,2.1058024599060587,1.6529750617998746
09/13/2008,2.2523505694443546,1.858937458975488,1.4832875641404724
09/14/2008,2.10727697583329,1.4574976609553052,1.3890242928395244
09/15/2008,1.908554419833866,1.1768042354688233,1.3273075790110112
09/16/2008,1.7438575943226649,0.945617204973189,1.2496632160470431
09/17/2008,1.6050615595102342,0.7952362588095683,1.187378189446952
09/18/2008,1.449841824896179,0.692402357676716,1.1384763077989075
09/19/2008,1.3087392052669213,0.6682147287873466,1.0791174468080056
09/20/2008,1.2116729742072847,0.6708732300547793,1.0395148598186847
09/21/2008,1.208429711904999,0.6050949353878885,0.9989936235970001
09/22/2008,1.2594127460655122,0.5667104893119014,0.9482984688560014
09/23/2008,1.3097111017084342,0.5354182571149453,0.9015483120375974
09/24/2008,1.391799187680515,0.5058967150014952,0.8770707328204181
09/25/2008,1.4782399697570794,0.43613107945714935,0.9253181986195409
09/26/2008,1.4598874818151673,0.43249498768699046,1.0944263873085154
09/27/2008,1.3321480347061974,0.5737260766304123,1.2728197906525196
09/28/2008,1.237257234538491,0.7693722404161533,1.4463649252894049
09/29/2008,1.2364972021295046,0.9565611806275766,1.5962177553819936
09/30/2008,1.2818556222621111,1.0766521465187426,1.704843239096459
10/01/2008,1.312180280705722,1.0481063159425514,1.7311575892854372
10/02/2008,1.2847859494652654,0.8933402166811663,1.6600030124621297
10/03/2008,1.1956493764210359,0.7659316784900737,1.56145089899852
10/04/2008,1.0351109557734068,0.6766155246799366,1.4538605593020255
10/05/2008,0.9161313435096403,0.6794043204590836,1.3351118369662691
10/06/2008,0.8556839486371397,0.7112253640001177,1.2013010813993905
10/07/2008,0.799754999081066,0.6315060263210303,1.0595598347605606
10/08/2008,0.711762565185315,0.5428872622881065,0.9367825677367736
10/09/2008,0.6273264754366337,0.45934334911528574,0.8103021785887231
10/10/2008,0.6124236108676477,0.3374800490458262,0.6380583284430892
10/11/2008,0.6287378384141888,0.2367581050997143,0.4605589038927036
10/12/2008,0.6718783447891241,0.14158333695837644,0.30180061348102794
10/13/2008,0.7378140636668746,0.09497612696795654,0.19205664186505333
10/14/2008,0.7666341022722023,0.08413561184968343,0.08616937396983126
10/15/2008,0.8286499146544273,0.025860554758087795,0.030893754626555525
10/16/2008,0.8173350179201315,-0.04695205816433312,0.020018148776176803
10/17/2008,0.6975786809296665,-0.11105067513760725,0.040644907847631084
10/18/2008,0.5558987272259626,-0.18648374027671988,0.016588267991606953
10/19/2008,0.5085041378235071,-0.33004586203699837,-0.07490976362133495
10/20/2008,0.4641036732956436,-0.43016718292752576,-0.09364992392693794
10/21/2008,0.37908848852471055,-0.3933800336528941,0.0002352566696315339
10/22/2008,0.33613699054728197,-0.29297821844850236,0.08737238246988688
10/23/2008,0.34812611017158157,-0.1891983169198581,0.13712657096978065
10/24/2008,0.4036942121737306,0.0807129000955562,0.22482916919504348
10/25/2008,0.5224378941183279,0.030425560081802416,0.1818391037377547
10/26/2008,0.6366020111831769,-0.23058088727173187,0.0869152895545744
10/27/2008,0.6299272485957681,-0.401862212237345,0.08794138503991289
10/28/2008,0.5493655741910333,-0.6349377204642936,0.0541706381973146
10/29/2008,0.4689718134965819,-0.9065051868226384,0.04897024766870617
10/30/2008,0.3085641799097256,-0.8710119988615173,0.17746570040017162
10/31/2008,0.18246531248398035,-0.7127840818771833,0.22510748258218105
11/01/2008,0.14842578790463845,-0.5575465971538538,0.2633838306068408
11/02/2008,0.15284184144361057,-0.48606681664307394,0.28617943774009547
11/03/2008,0.16920963115249266,-0.4140791869967311,0.27713800597323246
11/04/2008,0.2041093420471085,-0.4343674340796462,0.23764505636137923
11/05/2008,0.25955003213843275,-0.537458870917044,0.22375044614546624
11/06/2008,0.2703531534175263,-0.5564738840242771,0.21796575575174781
11/07/2008,0.21014088176311851,-0.5209512785100321,0.19000489723454983
11/08/2008,0.1630110948865129,-0.5183076328133385,0.16095935093998293
11/09/2008,0.16053887091698038,-0.5913252878425201,0.09180677210588617
11/10/2008,0.1587608639323026,-0.6672356102106636,0.051419072749203654
11/11/2008,0.18085092689932192,-0.6809760149414179,0.06820637306119881
11/12/2008,0.16356942539924413,-0.5956092116756633,0.1318036803513929
11/13/2008,0.12845154040914175,-0.5020559320160867,0.20155467963067575
11/14/2008,0.14060835362525204,-0.4202365568374442,0.20804653516669225
11/15/2008,0.13324608766648605,-0.36404374579111587,0.17366807588800115
11/16/2008,0.08746779154214446,-0.5068609751784197,0.031869007908352565
11/17/2008,0.06645032921911542,-0.7689299775044667,-0.10112137441736335
11/18/2008,-0.006092795992582278,-0.814332594476481,-0.1332237828395566
11/19/2008,-0.06665516608204625,-0.8987316718082183,-0.26158740291395866
11/20/2008,-0.10528008868073502,-0.9224940086072941,-0.29894530458814983
11/21/2008,-0.21071243600598777,-0.8268108628713475,-0.3060230424680792
11/22/2008,-0.21050812937444707,-0.8003356522415906,-0.39462647689509955
11/23/2008,-0.19123987520223373,-0.6829520994377093,-0.3723348283954986
11/24/2008,-0.1837342754296003,-0.5531158204258028,-0.3626464468335433
11/25/2008,-0.18348143267424466,-0.5182574879223946,-0.34622384702068154
11/26/2008,-0.1250142602924449,-0.5243276033041546,-0.3823996370302769
11/27/2008,-0.11270406118542664,-0.4988916954492345,-0.38073190725556505
11/28/2008,-0.14073934073969951,-0.4433765450427073,-0.41776852515670604
11/29/2008,-0.17261744863671447,-0.4338479001275676,-0.4733139774238029
11/30/2008,-0.24712267325131332,-0.41044291907355657,-0.534283112036015
12/01/2008,-0.43561903849554107,-0.49697180376398664,-0.6449845644795562
12/02/2008,-0.6867400271384164,-0.7931524846903455,-0.7869607483558156
12/03/2008,-0.8001074987545447,-0.9187049573044532,-0.9146406970116623
12/04/2008,-0.8806351648548417,-0.8900637105130539,-0.9022727324988646
12/05/2008,-0.916862887197682,-0.8062587972931033,-0.9368965165681437
12/06/2008,-0.8512802016679862,-0.8120024424246928,-0.9670060566865176
12/07/2008,-0.8292617138918769,-0.8509321995102758,-1.0077442548095061
12/08/2008,-0.7709653901333601,-0.9445787228312353,-1.0705112476455532
12/09/2008,-0.7385643174253191,-0.8671420933258494,-1.0179771713846422
12/10/2008,-0.7506769602007113,-0.6825608635965379,-0.946630911744477
12/11/2008,-0.8066601322745456,-0.5762495845579508,-0.911828064112371
12/12/2008,-0.853786984238149,-0.7307462871452699,-0.9710597993062318
12/13/2008,-0.7440945373137084,-0.9882367790832953,-1.0556179310004814
12/14/2008,-0.6805555784548583,-0.9390843929302679,-0.9074620050994825
12/15/2008,-0.6469840257541185,-0.7177021565559902,-0.789976506610989
12/16/2008,-0.5356323991352843,-0.6283972765386642,-0.7632541609259252
12/17/2008,-0.39950060497571327,-0.5939727501878251,-0.7486617181350038
12/18/2008,-0.3277180624691871,-0.5299800598928442,-0.6815343469791981
12/19/2008,-0.27615850133531145,-0.45370175388120243,-0.6054291272432403
12/20/2008,-0.23667419952242585,-0.40320402845263215,-0.5449057241600723
12/21/2008,-0.20005994913685982,-0.38882653699267206,-0.48492722127750065
12/22/2008,-0.14158114716228165,-0.4208650707867017,-0.4431973364390098
12/23/2008,-0.030364196363949214,-0.4450128890952011,-0.3960136615817976
12/24/2008,-0.022192334652832435,-0.24958104480822596,-0.26078549192547695
12/25/2008,-0.02447855851069025,-0.08709539207196898,-0.17447036242157105
12/26/2008,0.040903562401547744,-0.040767619477337216,-0.151598268812914
12/27/2008,0.10685373572584331,-0.02009541754444133,-0.11352216522119202
12/28/2008,0.13919108413527326,0.026573328565077686,-0.058873329212383696
12/29/2008,0.16881140014416257,0.0286572774228048,-0.021357179658051784
12/30/2008,0.1866979706465707,-0.017857687106637973,0.0065882598349265575
12/31/2008,0.018899929149953643,-0.06767327161313896,0.06354931270877096
01/01/2009,0.0688203198234817,-0.146496218489915,0.002164271228902004
01/02/2009,0.020514880170008784,-0.10007455633951945,0.03246703606655943
01/03/2009,-0.03463180501107259,0.009722203643383429,0.04275262078231634
01/04/2009,-0.04114026809035403,0.08205509319459031,0.05843336264838078
01/05/2009,-0.0053563779666468535,0.13288269449824902,0.05034636848061552
01/06/2009,0.0454038229239781,0.11628861096200839,0.03412352618414155
01/07/2009,0.03270915021334264,0.13263285080859116,0.043771777706754694
01/08/2009,-0.01992737724762003,0.06835913774070856,0.019200832240297783
01/09/2009,-0.0211504655559282,-0.03192811928776956,0.010343576660074738
01/10/2009,-0.0029891138234506565,-0.0340675563444906,0.022484800364109547
01/11/2009,-0.027269795857193913,0.0012239364171073852,0.0343084327456262
01/12/2009,-0.035593429257069875,-0.1024254357291367,-0.008034196000020893
01/13/2009,0.0031078744525652735,-0.1828964770310202,-0.02425955403202397
01/14/2009,-0.0621777611946355,-0.2258845059405004,-0.05982495356447765
01/15/2009,-0.10048560312957572,-0.3191736147987196,-0.04260961302491021
01/16/2009,-0.09905219161806822,-0.3650106251000167,-0.058114902625926806
01/17/2009,-0.06905429905111876,-0.4207007541658157,-0.07463878108206802
01/18/2009,-0.09501345783226567,-0.37083770804194505,-0.047174131110039985
01/19/2009,-0.21449438992365366,-0.2973514272813522,-0.05465970218053695
01/20/2009,-0.35265560305316235,-0.38290595094095625,-0.1365430795131128
01/21/2009,-0.4004304471217993,-0.6055848496416016,-0.2790380729779279
01/22/2009,-0.4210599873184255,-0.7367332337273258,-0.310906355690283
01/23/2009,-0.4570354538885106,-0.7019066087662003,-0.30632227979022675
01/24/2009,-0.48311057841975646,-0.6438725289959508,-0.2928490552756479
01/25/2009,-0.4833600827115687,-0.591538408410148,-0.2828201973131249
01/26/2009,-0.44620067223537974,-0.5855131533289453,-0.28569353247617824
01/27/2009,-0.4002175558697161,-0.5847059615071563,-0.277758862037137
01/28/2009,-0.37817265387655985,-0.5295051267929258,-0.2537198323298252
01/29/2009,-0.34958645446488634,-0.4875960350861383,-0.26898174480647097
01/30/2009,-0.27483062496609634,-0.5419674826989797,-0.31710695397409955
01/31/2009,-0.22068606583048478,-0.6588688459894705,-0.42127853081401184
02/01/2009,-0.2320176548824876,-0.7902627286572068,-0.4504142784002564
02/02/2009,-0.27438624245077103,-0.7151185544588985,-0.4444709343626068
02/03/2009,-0.2971669638206247,-0.693178344423026,-0.5108313713690751
02/04/2009,-0.27137876372200054,-0.8819362208007578,-0.6552338198588187
02/05/2009,-0.29802509569679425,-1.0792937111047296,-0.7505524016383638
02/06/2009,-0.3618495115317668,-1.0997615168252384,-0.7678728755772692
02/07/2009,-0.402446512237569,-0.9794637472971801,-0.7543653640219941
02/08/2009,-0.397101742164665,-0.8175477734039439,-0.7614934977652874
02/09/2009,-0.3453370672981674,-0.6743378402336946,-0.7860034975097039
02/10/2009,-0.29382974761577674,-0.5576224945246,-0.809935080964045
02/11/2009,-0.24358711863352855,-0.4393237681021507,-0.8286164866721006
02/12/2009,-0.20683723858073566,-0.355209354038915,-0.867986002937449
02/13/2009,-0.13366263014965918,-0.35200313433737496,-0.9057184245946224
02/14/2009,-0.08792303819056047,-0.3351814023910755,-0.9027337072697853
02/15/2009,-0.06924253703396266,-0.32864248512489014,-0.9238094845570222
02/16/2009,-0.03368775355668863,-0.3684899994065578,-0.9603138620879828
02/17/2009,0.015166881692794565,-0.4164196487808738,-0.984032825313631
02/18/2009,-0.006225515766587253,-0.3426193459163347,-0.9374598655445976
02/19/2009,-0.08305214650868142,-0.21224855994627012,-0.9244301002818076
02/20/2009,-0.091936568410939,-0.2687903888283969,-0.9695850778920848
02/21/2009,-0.06736632052286406,-0.39691586978111615,-0.9908841469958303
02/22/2009,-0.1254729021556189,-0.3639297502141844,-0.9655809601845273
02/23/2009,-0.1814534694941674,-0.3655412566918931,-0.9879147675424511
02/24/2009,-0.17574311932010878,-0.41958318073567247,-1.0008630554351603
02/25/2009,-0.2013592968302419,-0.37709589612358596,-0.9934286106028576
02/26/2009,-0.22792125005614472,-0.29903392342317325,-0.9948691126522486
02/27/2009,-0.20796211736262282,-0.24016951706880063,-0.9893757606634963
02/28/2009,-0.18679214962258828,-0.2014746893844659,-0.9746503490768852
03/01/2009,-0.20288134271449032,-0.25525637671084156,-0.9692628202859233
03/02/2009,-0.23413864313817956,-0.5484842634032402,-1.0466742748314388
03/03/2009,-0.26098469594294116,-0.769430755941806,-1.0631885366856348
03/04/2009,-0.3067307080242325,-0.7534383523792252,-1.0371661741236924
03/05/2009,-0.3394506957166543,-0.6498796403168446,-1.0070466927923358
03/06/2009,-0.3223265422400431,-0.5306348547809416,-0.9969394818409539
03/07/2009,-0.2836135355648014,-0.40863850046923567,-0.9847397469976532
03/08/2009,-0.23717209584703713,-0.3249946498205504,-0.963110223859082
03/09/2009,-0.19283682307429273,-0.29021223926560513,-0.9565088932511179
03/10/2009,-0.13966988346055376,-0.2938453951522224,-0.947548289632256
03/11/2009,-0.09969291981341188,-0.28824126320668186,-0.921881903647856
03/12/2009,-0.0733605501573037,-0.26329670482180656,-0.8944745069473305
03/13/2009,-0.05261343000842289,-0.24056116393366822,-0.8724723303392391
03/14/2009,-0.0361433218949172,-0.1944419565060551,-0.8477714187291722
03/15/2009,-0.02007071106149294,-0.13377662046766825,-0.8363417829928106
03/16/2009,0.007566264111632748,-0.1089692265620067,-0.8324500618565287
03/17/2009,0.05445322362351224,-0.1166424517945418,-0.8272110020382368
03/18/2009,0.11003152444834952,-0.13615726971642694,-0.8090652856926218
03/19/2009,0.1397511138896237,-0.11145069405169278,-0.7600493032653567
03/20/2009,0.16422487651266304,-0.07279890642012193,-0.7115975759717209
03/21/2009,0.20235864142001192,-0.035947461295860184,-0.6567114898718498
03/22/2009,0.24120441622230782,0.06644564628158717,-0.5770668737029955
03/23/2009,0.2960674053750679,0.1920839054128729,-0.48068689498793005
03/24/2009,0.3567170157535907,0.29880280252281166,-0.4063142055047752
03/25/2009,0.4058590156726496,0.39388567750920145,-0.32467672103210404
03/26/2009,0.45470719411352645,0.45250711014140815,-0.225196179428664
03/27/2009,0.5091357427687594,0.49360677875490955,-0.15323080538976175
03/28/2009,0.5535463327464898,0.49937179711870383,-0.13661283030950738
03/29/2009,0.5761451628828771,0.4551952638326431,-0.16789798987176163
03/30/2009,0.6377401821130473,0.32555956438451045,-0.24555010292421342
03/31/2009,0.6813197147870781,0.25460706855837006,-0.2905893161237173
04/01/2009,0.6680803955955857,0.25175521000067946,-0.3342982732969866
04/02/2009,0.6546486928566346,0.24211370972208318,-0.40245762351315717
04/03/2009,0.610998208660718,0.2330735958287889,-0.4686224417939518
04/04/2009,0.6087482676648813,0.13973164106676045,-0.5869985512365636
04/05/2009,0.6121030933477598,0.035188644687170645,-0.6613026666383262
04/06/2009,0.5592069361451162,-0.02432559013099317,-0.6908847949756822
04/07/2009,0.49382855724696784,-0.1795372977968015,-0.7603054213729015
04/08/2009,0.44237586363287185,-0.43348071395373916,-0.8266865117565445
04/09/2009,0.3657683975194007,-0.48308035260597365,-0.8119313576837398
04/10/2009,0.26971379428608455,-0.3943494378216419,-0.7950374226463641
04/11/2009,0.21533308471282753,-0.3178969164804569,-0.8144980977231264
04/12/2009,0.23049855062290825,-0.3530357432977321,-0.8787583419019405
04/13/2009,0.23449971752224907,-0.400578325785505,-0.8983967415210125
04/14/2009,0.19484130199535793,-0.3823058563444103,-0.9049632170189702
04/15/2009,0.18649176798821832,-0.4201924352888799,-0.9440934137979038
04/16/2009,0.2166996535806534,-0.4763593518423405,-0.9643361580135681
04/17/2009,0.2345985874040994,-0.46865618059765224,-0.9778201758451022
04/18/2009,0.2367560786402837,-0.4013526357115955,-0.9829808015217782
04/19/2009,0.24644741818677185,-0.34367644014545373,-0.9813983632968216
04/20/2009,0.23273832948246476,-0.3152075884358052,-0.9775231973233838
04/21/2009,0.22615469594385051,-0.36559486592542023,-1.0114468359640216
04/22/2009,0.21150830608507254,-0.49099408541849154,-1.0603462830292911
04/23/2009,0.16351048200090362,-0.5701358760866624,-1.06677459595498
04/24/2009,0.1283388147299846,-0.5743142255475359,-1.0433188517032905
04/25/2009,0.11812982990228488,-0.5417856340722202,-1.0076382558293764
04/26/2009,0.11849148455729297,-0.49972557923356026,-0.9755164518977708
04/27/2009,0.13576220025207786,-0.4570976070820094,-0.9375988396444583
04/28/2009,0.15186801228886881,-0.4247947263336137,-0.9107175968571853
04/29/2009,0.15782430817272008,-0.43345352767211404,-0.8863309087301354
04/30/2009,0.1610441645437945,-0.459596689872963,-0.867185552698632
05/01/2009,0.14813711419084863,-0.4615988450151326,-0.8242227139919989
05/02/2009,0.12402174113209935,-0.43724856817738794,-0.7893701602949799
05/03/2009,0.11190653030782693,-0.43833038254595463,-0.7817185912558617
05/04/2009,0.09626722269313254,-0.41984793871373616,-0.7752768881249295
05/05/2009,0.08252361207460923,-0.39312711206662754,-0.7798941149270544
05/06/2009,0.08783081526105063,-0.39975304892108154,-0.7988644244573059
05/07/2009,0.08883892119176573,-0.41229837289610966,-0.8297599696233946
05/08/2009,0.08419365094712111,-0.4436493814816308,-0.876980731291487
05/09/2009,0.07374488372693244,-0.48440754812121056,-0.9222778479592282
05/10/2009,0.05948432486903604,-0.5237544355408296,-0.9630656709943715
05/11/2009,0.044155971287193285,-0.5702793820743298,-1.0038396574840949
05/12/2009,0.02060311099221318,-0.6182392710491527,-1.033470152865843
05/13/2009,0.003972499823758857,-0.6241603609821864,-1.0553134323717304
05/14/2009,0.005384816648044077,-0.5655543123797531,-1.0443674265028848
05/15/2009,0.028025212489861784,-0.5178257123105807,-1.027390269311107
05/16/2009,0.06264452913328733,-0.4655827802676762,-0.990749758026851
05/17/2009,0.09950179031564327,-0.3754856814346345,-0.9422327839149451
05/18/2009,0.14850188719092589,-0.34319149090153267,-0.9383741325279733
05/19/2009,0.23279842182623456,-0.3883020461785177,-0.9882027786842906
05/20/2009,0.2976358962576194,-0.4911784001874295,-1.0710890012367378
05/21/2009,0.3315981959385243,-0.42868917585571,-1.096943174705564
05/22/2009,0.37166247324755697,-0.2832254236058356,-1.064770812605073
05/23/2009,0.41141194445041807,-0.14640232893415225,-1.0386827163083074
05/24/2009,0.4231448828558177,-0.16262913343894483,-1.0364715065062857
05/25/2009,0.4120516454262118,-0.25013255531321754,-1.0295699106898608
05/26/2009,0.3906494893810859,-0.3174034531742563,-1.0244180900875413
05/27/2009,0.37414929840928546,-0.37634319430038593,-1.0111102954722657
05/28/2009,0.34081719792331844,-0.39987617987694557,-0.9721041812619109
05/29/2009,0.2939417579449809,-0.3997168201181385,-0.9426084400365555
05/30/2009,0.25769110659428995,-0.4328584827952685,-0.9186767348530784
05/31/2009,0.2276402021611918,-0.4462814597971605,-0.8897564884184754
06/01/2009,0.19215831458567773,-0.4268429161297663,-0.8562713587113271
06/02/2009,0.16556514122268673,-0.3826178820475449,-0.8104803869284316
06/03/2009,0.14225184320170936,-0.32701706255918006,-0.7547792025167357
06/04/2009,0.12308289914829817,-0.27503201852684434,-0.6962798709732356
06/05/2009,0.10413796232997108,-0.2653710239815089,-0.6606849318364933
06/06/2009,0.12185247355747958,-0.31376565859163985,-0.6586783081400136
06/07/2009,0.14738742735020444,-0.36502824040128623,-0.660630356606034
06/08/2009,0.1431018306942925,-0.37769082356509104,-0.6348764067946271
06/09/2009,0.1332902697738454,-0.3657654994770414,-0.5953905986255681
06/10/2009,0.13238400532439643,-0.3723051800729483,-0.5642334169643264
06/11/2009,0.12772053861912774,-0.38885639970943486,-0.5366937412665618
06/12/2009,0.11645256380649865,-0.39040343418450174,-0.5043266125443711
06/13/2009,0.10014072087676928,-0.3669542974419768,-0.4622144576344082
06/14/2009,0.08935506233005752,-0.3205536562177622,-0.4142309411840691
06/15/2009,0.09139203870098361,-0.28378112764318314,-0.37974507622878445
06/16/2009,0.10259276731939782,-0.25007418994834857,-0.35039642437919416
06/17/2009,0.11901888842424124,-0.22254417507863633,-0.32068140839890213
06/18/2009,0.14513873369239705,-0.21886938836335412,-0.2805277130229198
06/19/2009,0.17430769676757524,-0.2104513294755232,-0.23052819973243788
06/20/2009,0.1965249882133447,-0.2045150316657301,-0.1859138212265251
06/21/2009,0.21334827642055726,-0.19028468668903042,-0.13500722297184176
06/22/2009,0.22867031993943832,-0.20419366985292114,-0.09107834182156582
06/23/2009,0.241685154972479,-0.255386377634203,-0.06045206150998361
06/24/2009,0.23420420846908863,-0.3127290568296628,-0.04899828282780394
06/25/2009,0.20610865313897364,-0.30248470222398965,-0.03545388734354338
06/26/2009,0.19330157326025726,-0.24213473879597697,0.0019499467922678981
06/27/2009,0.19342267510811156,-0.18967284855830774,0.03714309861898979
06/28/2009,0.21031647460026182,-0.1584806125548872,0.08461867995047878
06/29/2009,0.2349850053875822,-0.15357422269258647,0.11249883204881417
06/30/2009,0.25290312620479155,-0.1658165047681286,0.13813904626842044
07/01/2009,0.2750977454476047,-0.15612850009418333,0.17281379427037846
07/02/2009,0.30564230224809347,-0.13327775513574647,0.20507262463562814
07/03/2009,0.3326047977263187,-0.12702350113805816,0.24848999994565601
07/04/2009,0.343557159331705,-0.1333645398533283,0.29469533771622436
07/05/2009,0.33714397086583797,-0.1262341007705483,0.32939990935713115
07/06/2009,0.3243212992617845,-0.1038327808651427,0.3780633641991106
07/07/2009,0.30815961381865903,-0.0735523128553745,0.43296219128215063
07/08/2009,0.28906628046152943,-0.03148356780142425,0.4979200245776978
07/09/2009,0.28025446096973144,0.02357470040787535,0.5558455249620028
07/10/2009,0.30079283543114776,0.05892720082953368,0.5936498479636898
07/11/2009,0.34084720740879154,0.09039928525243934,0.6313159272403545
07/12/2009,0.38505224341694994,0.14187724347892844,0.6540550926296934
07/13/2009,0.42920019536716836,0.1578813905756865,0.6438528517974764
07/14/2009,0.4503459500749178,0.1485193864105474,0.6127559260598217
07/15/2009,0.4559921723998178,0.15933846957894243,0.6005414619907539
07/16/2009,0.4587232556963701,0.18400141801420294,0.6149671764382246
07/17/2009,0.45153180167447465,0.1806636707298565,0.6243922172970866
07/18/2009,0.43232910612151143,0.16338910810561902,0.6199712178663265
07/19/2009,0.40520188865089524,0.14519091651820498,0.5613581507310276
07/20/2009,0.379317386719303,0.1334130912194425,0.477873629462538
07/21/2009,0.3707134691274796,0.12262459995758485,0.381558086038151
07/22/2009,0.3637609537105832,0.11247519182574633,0.28964402480597906
07/23/2009,0.33913952827699434,0.09775473045009159,0.18242852970350565
07/24/2009,0.3173679767438141,0.043432312092446024,0.08727752837138458
07/25/2009,0.3008165715400759,-0.007983757708917238,0.016859940329325473
07/26/2009,0.2758916394153844,-0.04502621141660296,-0.031576692551127494
07/27/2009,0.2410873498798305,-0.07250126654635897,-0.0610144501301505
07/28/2009,0.2075583167312503,-0.0891268227541952,-0.0726447360632475
07/29/2009,0.18018254881554635,-0.08902911654982681,-0.040287021061103934
07/30/2009,0.16529876118109443,-0.07989153132284943,0.010562567380354326
07/31/2009,0.1522632716977842,-0.09477599115331303,0.0755759091630876
08/01/2009,0.12811818264485703,-0.11889186704884824,0.14082800236292475
08/02/2009,0.10527615827961923,-0.13269239867459504,0.20750461051862323
08/03/2009,0.08146788718039605,-0.1248344476494278,0.2673899094574362
08/04/2009,0.06698299090969814,-0.10997922921906883,0.31879060628555633
08/05/2009,0.06291674231447592,-0.09290043130959161,0.3650251996257594
08/06/2009,0.06991739030464883,-0.06751132143837532,0.42241561929331506
08/07/2009,0.08901461242151024,-0.009181304606819596,0.4708566749991362
08/08/2009,0.13285847069802675,0.0718705718955604,0.5066312457680218
08/09/2009,0.19022937969973386,0.1435491704399856,0.535645751132255
08/10/2009,0.2492608624795192,0.1696911582874171,0.571772890062801
08/11/2009,0.3036619330117427,0.18667547946442378,0.6047895654683744
08/12/2009,0.3512984326186179,0.19417995011080452,0.6487430764810205
08/13/2009,0.3785048927403614,0.21070216321786878,0.6897944025247748
08/14/2009,0.4117424156547492,0.2464461343513824,0.7323202742003393
08/15/2009,0.4510953801106755,0.2986959363617825,0.773270321600808
08/16/2009,0.49483402175597174,0.36119713909836715,0.8088033006060233
08/17/2009,0.5454735243492826,0.43735213800112993,0.814985964130087
08/18/2009,0.6090669625307836,0.4336506347455929,0.8266924930803037
08/19/2009,0.6716805433192455,0.4377621047793169,0.8325574435527148
08/20/2009,0.71313215400561,0.4228069488730928,0.7838734976390767
08/21/2009,0.7190471776753335,0.3296824843640631,0.6901866949619867
08/22/2009,0.6851910851587852,0.17733989825118604,0.5969435949949677
08/23/2009,0.626949791019113,0.03360338500835083,0.5110261951631262
08/24/2009,0.5836838904860512,-0.06318118679823699,0.4327467307068886
08/25/2009,0.5370371169171965,-0.13670099534891356,0.3595925499007677
08/26/2009,0.48297069984033225,-0.17520428599078763,0.3007928719960531
08/27/2009,0.4258522667298564,-0.18049897581071622,0.23034026653846962
08/28/2009,0.3798683065767057,-0.20050925343961568,0.16270520372209643
08/29/2009,0.34242655746945744,-0.29631570628443765,0.09851422342312116
08/30/2009,0.2913410948450826,-0.3649761578272023,0.08234080315690598
08/31/2009,0.239927508946776,-0.3387691695180888,0.10902070594899077
09/01/2009,0.21836231848424356,-0.2973673397701629,0.13375801457148545
09/02/2009,0.21135979948703174,-0.28171843458231915,0.13467321481159406
09/03/2009,0.22771966493079576,-0.2381404105156877,0.12499363832399107
09/04/2009,0.2649332245519269,-0.17949008878940065,0.10627250834037935
09/05/2009,0.3054179648352977,-0.149372386163356,0.0846902972603332
09/06/2009,0.32540912476698686,-0.12290281243000019,0.07735242421129937
09/07/2009,0.3286101610084141,-0.09160928844428658,0.08296275790221241
09/08/2009,0.3324449917132104,-0.07589285793491488,0.07508732897727222
09/09/2009,0.3353727508674883,-0.07735105257391296,0.0842324333938172
09/10/2009,0.334151863743937,-0.04783268121469082,0.13791100701550976
09/11/2009,0.33875303692068387,0.035820857849693445,0.22623194868830016
09/12/2009,0.3637876981053376,0.1624453389813271,0.298222966999061
09/13/2009,0.3810933392648745,0.1825301293345909,0.38298337194522547
09/14/2009,0.35062516357533563,0.181037819728802,0.47524979845716375
09/15/2009,0.3061143463184942,0.20417540050955596,0.5628054290357999
09/16/2009,0.2567111391420127,0.25003777684467954,0.6321065174189454
09/17/2009,0.23721865761624156,0.3272039527579196,0.6744464275471632
09/18/2009,0.24659911650270544,0.44346952110796223,0.7118019352149668
09/19/2009,0.276251936673127,0.5333420835675005,0.7510437576139607
09/20/2009,0.308167171219648,0.588806795494732,0.7930072406693572
09/21/2009,0.33896148911684326,0.6474856540090725,0.8327068052057318
09/22/2009,0.3735280873854212,0.6836353055308024,0.8596574741783642
09/23/2009,0.38881021608744015,0.6955085470447703,0.9040809813950075
09/24/2009,0.39496216060947065,0.7153382091179994,0.9748352316579555
09/25/2009,0.4364958388007304,0.7539165409432771,1.046623854987662
09/26/2009,0.46023334181012643,0.768378116107955,1.1226720649103947
09/27/2009,0.4516144928483834,0.7621435912476894,1.2186483086492208
09/28/2009,0.41637972494786646,0.7312347854416762,1.3322036601700304
09/29/2009,0.3762660677275328,0.7694635709721175,1.487239514100789
09/30/2009,0.37723242452074734,0.8245354616810648,1.6164366135869388
10/01/2009,0.37502676402487434,0.8801209558573285,1.6934920104021534
10/02/2009,0.3375585640141705,0.9349361916267935,1.7450522535545467
10/03/2009,0.28473086365736455,0.9620100289113248,1.7973888445763277
10/04/2009,0.2582588288286425,0.98092757068487,1.8607323466126122
10/05/2009,0.20002652286004463,1.0202328859934988,1.9342043621995264
10/06/2009,0.1402247721621741,1.0296291812784397,1.9719175100764295
10/07/2009,0.08020957991603361,0.9749481741046394,1.96391576688204
10/08/2009,-0.014345209399047043,0.899613813370301,1.9342250967294607
10/09/2009,-0.11547079200834065,0.8580865626773415,1.9071422704887264
10/10/2009,-0.23630633319705874,0.8685144687222383,1.8805179979129698
10/11/2009,-0.2806752474101195,0.8289251947571613,1.8108404418806239
10/12/2009,-0.2877217534159904,0.7788949794242552,1.7246528439375517
10/13/2009,-0.3202615007635081,0.7412635874774977,1.636550649526761
10/14/2009,-0.3352905299052793,0.6911995507661568,1.558580295929718
10/15/2009,-0.37591225725314525,0.666056996395026,1.5264944832467473
10/16/2009,-0.45794703786777546,0.6193324684981555,1.512263860032016
10/17/2009,-0.48131033946906987,0.5277998987647513,1.473954401681666
10/18/2009,-0.4576734672893288,0.3094927068152393,1.3645515556883288
10/19/2009,-0.47701707535293236,0.14821640322873098,1.294096515647971
10/20/2009,-0.5591101506771214,0.26650696789492123,1.363633109337858
10/21/2009,-0.5931147497917089,0.4951445945556443,1.4348403137254075
10/22/2009,-0.5039958595983347,0.7334914816871765,1.4998334484711384
10/23/2009,-0.4601981161424036,0.9406887031266866,1.5824741433511027
10/24/2009,-0.43994024599141146,0.985020485934593,1.636763594366489
10/25/2009,-0.3424012738195421,0.9242970781196902,1.6576356782285302
10/26/2009,-0.22143241420758208,0.9089287259633849,1.6725930649768659
10/27/2009,-0.14545951297215076,0.9545470716582645,1.7038973765902545
10/28/2009,-0.16832431959958982,1.0578180084155897,1.6765174906750435
10/29/2009,-0.13947093304524483,1.07076431536516,1.5961997123699252
10/30/2009,-0.06914583165045407,1.128845193119112,1.5219875430441587
10/31/2009,-0.07537819278881241,1.1554986705977033,1.4080399396625174
11/01/2009,-0.055839302951153025,1.0579310986497337,1.2784369140756333
11/02/2009,0.02867786376928505,0.9311911198594505,1.1545578766187066
11/03/2009,0.0701979679879019,0.8616288823270859,1.0638701553048087
11/04/2009,0.09812384865992585,0.8456728250027892,0.9718094510370436
11/05/2009,0.1470876993595993,0.8525373317540861,0.898096492908528
11/06/2009,0.251172371319496,0.83179936602979,0.8243784627325752
11/07/2009,0.35116298638344867,0.9117476439076999,0.8561814174739011
11/08/2009,0.4528826320713133,1.0835533176744052,0.9140986402767819
11/09/2009,0.6335732660017639,1.2894405478762512,1.0251896259637334
11/10/2009,0.8397035791115253,1.6581817080462027,1.1483203944059064
11/11/2009,0.9869446793494081,1.607095044378561,1.1034201958826437
11/12/2009,1.0986120659211351,1.2670643004163156,0.9257870721617332
11/13/2009,1.0888850304952258,0.9515108983316356,0.8492558815935605
11/14/2009,0.9158412390257633,0.8824479958725615,0.9157209245064315
11/15/2009,0.7691569284712916,0.942443245850694,0.9725505786090003
11/16/2009,0.705710015821549,1.059818402027633,1.0222010133064592
11/17/2009,0.6086497279607479,1.2118584159823873,1.0727348363624793
11/18/2009,0.5350572979770332,1.328455328149289,1.1024836524669124
11/19/2009,0.5425515616481857,1.3973353250635314,1.106229501518816
11/20/2009,0.6143860521148992,1.4308210145744298,1.1086426599617152
11/21/2009,0.7054872926109017,1.4531968510106672,1.111175518724201
11/22/2009,0.6815959634736473,1.5191443112874092,1.1378370809927436
11/23/2009,0.6338415170503984,1.564816148780475,1.1404222832848157
11/24/2009,0.668561317777824,1.5390979263638944,1.114091418509371
11/25/2009,0.7059809082918846,1.5290160435535851,1.1180420971251026
11/26/2009,0.7149782876584083,1.4931857574438534,1.0916481766558837
11/27/2009,0.6832712851895664,1.3478078504288256,1.0301274061640786
11/28/2009,0.6333430954493682,1.2510457087725158,1.0625484203182765
11/29/2009,0.5556384121090829,1.330373047280712,1.116503603119167
11/30/2009,0.5165799294867737,1.4145141191665398,1.12700533820863
12/01/2009,0.5320951269677768,1.4429706401652993,1.109428502703906
12/02/2009,0.5488381086178941,1.499419518974403,1.1388568871392561
12/03/2009,0.3488659400338888,1.5298295181661603,1.1792231621675504
12/04/2009,0.31467992660919575,1.3926354452497673,1.1529392036868351
12/05/2009,0.3316351391559732,1.2809768066404623,1.2014473321480037
12/06/2009,0.3093698618825713,1.2098155107766173,1.207665013087599
12/07/2009,0.24707020672637736,1.1867218508136876,1.2828011471514462
12/08/2009,0.18570627520891592,1.233716714867359,1.3295291086902519
12/09/2009,0.1262509909912476,1.2696721283337662,1.3955491098725354
12/10/2009,0.09245726537605403,1.3242925388712037,1.4228305980674043
12/11/2009,0.16979119583101632,1.274888841086745,1.3799021681306067
12/12/2009,0.2543755720592621,1.2644585863350177,1.3446956666750218
12/13/2009,0.23777166859915788,1.3242231345842062,1.3150187924914793
12/14/2009,0.23823549491313956,1.3132505047064233,1.2178484264797143
12/15/2009,0.2762902372878377,1.2561868518830537,1.128168865891407
12/16/2009,0.27915361178807185,1.1893580980838527,1.0293208694683305
12/17/2009,0.30529957778196626,1.0819416350436817,0.9237734287516016
12/18/2009,0.2896265553541366,1.0827880502696314,0.8685305951229804
12/19/2009,0.17877988051776317,1.0377976900649704,0.7491029488050709
12/20/2009,0.12235658155245427,0.7228945861854479,0.6143994723123397
12/21/2009,0.05979990138986946,0.5869561906611416,0.5943499933923366
12/22/2009,-0.020842299690434773,0.6852934925568737,0.587673393600356
12/23/2009,-0.034042547852547456,0.8239667810384488,0.5740776284196227
12/24/2009,0.016577657687753378,0.9703660819386927,0.5941662229694803
12/25/2009,-0.016233459053460186,1.0994284033305362,0.6293320668927876
12/26/2009,0.032807102934871435,0.9993831805414859,0.5565541508539644
12/27/2009,0.1513767812247036,0.8524231846018702,0.54873857208882
12/28/2009,0.1757882870056354,0.7855915536367933,0.5797218839638125
12/29/2009,0.14743445933110522,0.6361357630957934,0.5256007437706831
12/30/2009,0.13776913045112021,0.5859642730467157,0.5372376436536419
12/31/2009,0.05577573210985501,0.7428207801096282,0.5681878452029447
01/01/2010,-0.021782638793246142,0.7488915257886433,0.46546109259829554
01/02/2010,-0.025072419466652743,0.6228128841256454,0.341805955603561
01/03/2010,-0.0244334889055247,0.49659790003083376,0.30160511047457916
01/04/2010,-0.08636679354590465,0.5692156290035513,0.3046709399820788
01/05/2010,-0.1688127187860871,0.5701323879992297,0.23674847466955512
01/06/2010,-0.17376307323757173,0.4674179773266468,0.11847084410004066
01/07/2010,-0.17545534407609165,0.4867152462778716,0.0902261538080921
01/08/2010,-0.27834723070445944,0.6091295529710034,0.10316652930679748
01/09/2010,-0.3546960942957981,0.5779420143812537,-0.006196267799955912
01/10/2010,-0.37355041567510583,0.44461755341216874,-0.16704444463888107
01/11/2010,-0.4057184929769875,0.3228695161306807,-0.28766333230678054
01/12/2010,-0.47007955765487397,0.3218650329346831,-0.3100692844674907
01/13/2010,-0.5252570227360904,0.38302506535035463,-0.38142077846061484
01/14/2010,-0.5163393996304668,0.43699870074288544,-0.4308731598496302
01/15/2010,-0.49896816316527487,0.5214377648085016,-0.48057537000736045
01/16/2010,-0.46071641475513725,0.5407553500738562,-0.5321819919615499
01/17/2010,-0.43314224672031304,0.5857336731559841,-0.5318623312436793
01/18/2010,-0.38349379087587776,0.4619958114432058,-0.6019761239322603
01/19/2010,-0.31393389467424193,0.37862276669269,-0.6393486331030794
01/20/2010,-0.2854198574360688,0.38591039298045526,-0.6630247882483277
01/21/2010,-0.29192237731651727,0.41893591210455333,-0.649414090959928
01/22/2010,-0.30142239722151104,0.41265182953005275,-0.6719788590700885
01/23/2010,-0.2639004149299979,0.33773001915141787,-0.738064269376157
01/24/2010,-0.2555252371204748,0.3424022429421926,-0.7502788145979857
01/25/2010,-0.31979520943597906,0.38093618420827213,-0.7393541519047665
01/26/2010,-0.32309698656629693,0.2662321535980054,-0.8218818009913822
01/27/2010,-0.29804724726607645,0.1405222001905616,-0.8111887482724727
01/28/2010,-0.3056269902784928,0.14395395446600734,-0.7847019890469088
01/29/2010,-0.31051046539987825,0.18097427161176155,-0.753569518400795
01/30/2010,-0.3252811121380006,0.20491816344924751,-0.7339737645566045
01/31/2010,-0.36273808610646086,0.1366507092777809,-0.7458279103755188
02/01/2010,-0.33296199958984196,0.044675114717478925,-0.7651807740118958
02/02/2010,-0.34874588835643006,0.03614625558466528,-0.7302891452613958
02/03/2010,-0.37698180590099173,0.003676323062571596,-0.7443394064691513
02/04/2010,-0.3792637741349897,-0.03885817055691476,-0.7031817297346704
02/05/2010,-0.4294512267527473,0.09364001534733735,-0.601944149745195
02/06/2010,-0.46207109722529194,0.1486488432777417,-0.575921868336015
02/07/2010,-0.4342239089082066,-0.011370256257233924,-0.6290641033731934
02/08/2010,-0.42568301857315305,-0.08330744742428309,-0.6096287479572462
02/09/2010,-0.4888781890599173,-0.0031322844660329197,-0.5461369798301876
02/10/2010,-0.5661406176968053,0.0014183350283129559,-0.5712790378384115
02/11/2010,-0.530592878010741,-0.17182286835642913,-0.6710662557182734
02/12/2010,-0.5275669093300442,-0.19846060949922256,-0.6215408774224963
02/13/2010,-0.6112879075251291,-0.1024897471758931,-0.6121545058533164
02/14/2010,-0.6306159972362235,-0.16844971431653555,-0.688936580176076
02/15/2010,-0.649751409908562,-0.16089351340209412,-0.6400378229092494
02/16/2010,-0.7335535584482225,-0.1451333969455746,-0.6296791601339786
02/17/2010,-0.7527133308984992,-0.1634319957502175,-0.6393598321838259
02/18/2010,-0.7515670272516778,-0.12929412906868798,-0.6184907103974926
02/19/2010,-0.7295161086868628,-0.06848810549084006,-0.5486021166152539
02/20/2010,-0.6973969710593362,0.03150579805384912,-0.4902534857452997
02/21/2010,-0.6611124581498506,0.08866932963540841,-0.4609831057318046
02/22/2010,-0.6254189633466938,0.11787502939711947,-0.4286768415788938
02/23/2010,-0.5847156821037078,0.13026522128564355,-0.4181992900116233
02/24/2010,-0.5400937783896383,0.08566950254706329,-0.43512982494332697
02/25/2010,-0.5478867428318509,0.020586307668225556,-0.48184403108947543
02/26/2010,-0.5450734452847568,-0.09777465948536979,-0.5486434639459847
02/27/2010,-0.5858648106042991,-0.06482482743905449,-0.5546067715623557
02/28/2010,-0.6361148135554636,-0.004495767501881742,-0.6294712061889314
03/01/2010,-0.6001859387293315,-0.047833342706198545,-0.7161092019446897
03/02/2010,-0.6255764214293993,0.026929988678685235,-0.7187135968642763
03/03/2010,-0.6890725305583807,-0.00876624498839107,-0.8036424343618317
03/04/2010,-0.6835643958903499,-0.19128366602109437,-0.9257197588388717
03/05/2010,-0.69393938673488,-0.2850159758592271,-0.9768801623474624
03/06/2010,-0.7170790846516241,-0.28943606597117677,-1.0055175102640455
03/07/2010,-0.722190455767831,-0.2644362542579941,-1.0313406022261509
03/08/2010,-0.725600017578242,-0.22387678821672174,-1.041760535334503
03/09/2010,-0.7206290820493153,-0.18363979962400745,-1.063554473962891
03/10/2010,-0.7127441447708179,-0.12539304444977728,-1.0681768945415981
03/11/2010,-0.6986315422147712,-0.03791986217601584,-1.066977091575529
03/12/2010,-0.666696276886995,-0.0037441813144311054,-1.079330570320836
03/13/2010,-0.6298438583110928,-0.053609752298145574,-1.1052278359047105
03/14/2010,-0.6159366996653779,-0.18117671076531128,-1.1274783399554753
03/15/2010,-0.6144681792570489,-0.2648067627613393,-1.1194832918637085
03/16/2010,-0.6317294298573923,-0.30904095680021737,-1.1306060078653728
03/17/2010,-0.6389234886145756,-0.33573835509664274,-1.141753881222336
03/18/2010,-0.6626682922200681,-0.3269397469837375,-1.155010874210447
03/19/2010,-0.6870720938543611,-0.31918596110673886,-1.1646413127024489
03/20/2010,-0.6970667933463013,-0.2636065735682502,-1.160485723370138
03/21/2010,-0.710453518543457,-0.1638521206854689,-1.152826891159084
03/22/2010,-0.8002346351699378,-0.13074281144500427,-1.1660500434466732
03/23/2010,-0.8249126677381057,-0.20811367715898843,-1.1998215206641025
03/24/2010,-0.7937714798101693,-0.24911211650786613,-1.198582115151621
03/25/2010,-0.7704139379756476,-0.24741394274791895,-1.1727858035999952
03/26/2010,-0.7644543036282535,-0.22205477888885522,-1.158464289295139
03/27/2010,-0.7430535416668104,-0.25705374021405947,-1.18295525871756
03/28/2010,-0.718205871126961,-0.2770967235856482,-1.1727752943177001
03/29/2010,-0.7324132713730658,-0.2525533243283262,-1.1646892334066659
03/30/2010,-0.7380178913061233,-0.32980957314872267,-1.2049076886843584
03/31/2010,-0.7399673338966878,-0.4005450484632394,-1.1937361592981324
04/01/2010,-0.7555589491750562,-0.3679566823989491,-1.1828371814531515
04/02/2010,-0.7550984246382,-0.31953744508471654,-1.1735998063495745
04/03/2010,-0.726016591792852,-0.26755991691425257,-1.1619086152708153
04/04/2010,-0.6858888836765059,-0.2651144433568268,-1.1673035289628493
04/05/2010,-0.6380401898593917,-0.29053602410004975,-1.1613467541435851
04/06/2010,-0.605539403482013,-0.2771604322585662,-1.1238586834438866
04/07/2010,-0.5839603088691159,-0.2444304391720824,-1.0761511675270545
04/08/2010,-0.5656056197424528,-0.20252064285324517,-1.032597333852695
04/09/2010,-0.548348844884443,-0.1956755716510103,-1.0065903903149724
04/10/2010,-0.5225731548525043,-0.22798784722675136,-1.0153507495008942
04/11/2010,-0.5276476561240889,-0.23636321836784357,-1.0118940883058394
04/12/2010,-0.5370608392905536,-0.24121218234800873,-1.0327191847203934
04/13/2010,-0.5347582166062869,-0.26796923779806325,-1.053880050675489
04/14/2010,-0.5227762875188438,-0.25787572888891497,-1.0557706665029123
04/15/2010,-0.5078643614059615,-0.22295192618245813,-1.0367043532587157
04/16/2010,-0.4908380505916496,-0.15833142655026927,-0.9937921944501069
04/17/2010,-0.4908724991330378,-0.10255433661387647,-0.9758681468658199
04/18/2010,-0.49767867245023434,-0.10569719994852189,-0.9759016629553035
04/19/2010,-0.49990983000283895,-0.1424694936524178,-1.0096345520358083
04/20/2010,-0.5048731714443706,-0.20044262448027728,-1.0281719115965673
04/21/2010,-0.5218926218995363,-0.24204832198155146,-1.0202096492194517
04/22/2010,-0.5419857333717243,-0.28473559898070544,-1.0330921222245748
04/23/2010,-0.5596882114559154,-0.31021713046591254,-1.036713848131521
04/24/2010,-0.5833526351314879,-0.2672787767060111,-1.014630599917144
04/25/2010,-0.6224598739960912,-0.20652589262032062,-1.015174526284631
04/26/2010,-0.6389371726464607,-0.24124265681920481,-1.0729331360199652
04/27/2010,-0.6482632622695127,-0.3598996784694488,-1.1468746203179414
04/28/2010,-0.6763087039600678,-0.4800943984850875,-1.1831496195754698
04/29/2010,-0.7156683086566645,-0.5283826953932298,-1.2251529080591739
04/30/2010,-0.746231685586801,-0.4996952377948366,-1.2594384880051441
05/01/2010,-0.7629958719833819,-0.4127054193878804,-1.296400445367967
05/02/2010,-0.7696463848520854,-0.3171491625387384,-1.3465007098087982
05/03/2010,-0.7716139138440429,-0.2715599408086203,-1.4161441005295874
05/04/2010,-0.7605631959665864,-0.3214389581389725,-1.5114050232738285
05/05/2010,-0.7537305717459374,-0.38959097336945603,-1.5952695017601581
05/06/2010,-0.7465383839957939,-0.45791855443591756,-1.6632774209279537
05/07/2010,-0.7445932337154983,-0.5324736142421422,-1.703314459212811
05/08/2010,-0.7626888433966741,-0.5897527609176921,-1.7378105088393574
05/09/2010,-0.781488685453328,-0.6601032244641506,-1.7878638264090856
05/10/2010,-0.7866572506867122,-0.7415540288225905,-1.84738186853685
05/11/2010,-0.804674461504248,-0.750245712056791,-1.8621212789743975
05/12/2010,-0.8265239349776996,-0.7007033231336812,-1.8469387744724743
05/13/2010,-0.8179160919397304,-0.6403517743285561,-1.8020064394566342
05/14/2010,-0.7924372316718036,-0.588690382098193,-1.753146067444832
05/15/2010,-0.7698682642752422,-0.54907486133423,-1.696479002895005
05/16/2010,-0.765740419193335,-0.5112056628203452,-1.6386658990819745
05/17/2010,-0.7721893769114443,-0.4983329878300788,-1.5916164914646016
05/18/2010,-0.7778598856414607,-0.5250606257270122,-1.58163583824095
05/19/2010,-0.795344042884509,-0.5848258785882509,-1.5732411939636544
05/20/2010,-0.8169022996150708,-0.6030506692805826,-1.558709656318394
05/21/2010,-0.8356808268660327,-0.6028095158062153,-1.5445820159548933
05/22/2010,-0.844399756361231,-0.5882905147593993,-1.5249254786941762
05/23/2010,-0.840764022817392,-0.5594971304827159,-1.4927582292175066
05/24/2010,-0.8282550567271245,-0.5236060715836063,-1.4319876348302938
05/25/2010,-0.8157902243911705,-0.46188851488278815,-1.3368512815711808
05/26/2010,-0.8070556297978093,-0.3841335181658095,-1.2040104637803792
05/27/2010,-0.7775002120527329,-0.3056217681063416,-1.044177670262597
05/28/2010,-0.7522161933219099,-0.2396996738634302,-0.8681321785432192
05/29/2010,-0.7309271048002949,-0.1509339395002574,-0.683318090632878
05/30/2010,-0.6974841746619875,-0.048602485477250545,-0.4804503947584342
05/31/2010,-0.6505424790225707,0.053158174066988834,-0.2544892611250463
06/01/2010,-0.5963368736964563,0.14961187179808821,-0.040272514203968324
06/02/2010,-0.5425742568019977,0.2100882543715318,0.14321261612428504
06/03/2010,-0.503185486407414,0.24217916432800082,0.30785517136502455
06/04/2010,-0.4822794407193305,0.2732624203342421,0.42513750392125593
06/05/2010,-0.4654048282209481,0.2876164834435121,0.48490444156100193
06/06/2010,-0.4368888832893227,0.2818237503390578,0.505432397148327
06/07/2010,-0.4096699131008979,0.24767284833458883,0.4996279866341603
06/08/2010,-0.397427693916348,0.1982524160139239,0.4751552765825245
06/09/2010,-0.3913930358552691,0.1664965490875858,0.44348687311569074
06/10/2010,-0.3710741562001948,0.15542268994517908,0.40437225766649615
06/11/2010,-0.3442752087491548,0.11169352659366819,0.3458571013349843
06/12/2010,-0.31725995820967373,0.0411591593019667,0.29450063276054594
06/13/2010,-0.3051699142644184,-0.013945378431998445,0.2676451965506475
06/14/2010,-0.3083417848078648,-0.050704284506928765,0.2588930743697696
06/15/2010,-0.31130601025622534,-0.06911890942926097,0.2613495683859974
06/16/2010,-0.31877474018423424,-0.07797705726045329,0.26780900339477465
06/17/2010,-0.3300265362889282,-0.07970605779762008,0.2634928127523205
06/18/2010,-0.3522322715147419,-0.07195051039049405,0.25053693707663904
06/19/2010,-0.3784445665425468,-0.052474093825368884,0.2397556307322709
06/20/2010,-0.40187126226474085,-0.02255509179763121,0.24345088103890966
06/21/2010,-0.4220927028080618,0.017870791542350828,0.25928183666196425
06/22/2010,-0.4186689433559868,0.07385791458753715,0.27104610580024013
06/23/2010,-0.3879107982615764,0.14621769683201402,0.2751129140141594
06/24/2010,-0.33843058630513545,0.18517593198798377,0.29991003222006807
06/25/2010,-0.28467398598233273,0.17554159526523455,0.3397501127587287
06/26/2010,-0.2515065708023411,0.13243865587381304,0.4083584811906804
06/27/2010,-0.23878379629968377,0.08583843328622914,0.49347969130355107
06/28/2010,-0.23550619551524232,0.05485429270845765,0.5887810686981768
06/29/2010,-0.23733156465853228,0.07016604103002466,0.6758218255970688
06/30/2010,-0.18907693568645173,0.14340271297164842,0.7341810063256982
07/01/2010,-0.1083666813108497,0.22733498481976822,0.7652096014402363
07/02/2010,-0.07909209805391842,0.2246141253858438,0.7503857921332849
07/03/2010,-0.08351453502867301,0.11554910501763371,0.6676620779808198
07/04/2010,-0.09478973706457766,0.034946359979928454,0.5079769419081158
07/05/2010,-0.0979898561456955,-0.015644843980704648,0.3617557383590817
07/06/2010,-0.1107919466723058,-0.004098425022937446,0.3340695819312419
07/07/2010,-0.08069342327570866,0.028821167422865834,0.37046582341077516
07/08/2010,0.01767066300103065,0.0020556566282055044,0.4111606048076757
07/09/2010,0.06477763092902439,-0.039186989513926185,0.4805641891254918
07/10/2010,0.043250704394788286,-0.0858120496762988,0.5801763605040977
07/11/2010,-0.034801252526780735,-0.15779674343910233,0.6839699683687711
07/12/2010,-0.14450030300547984,-0.19430316352918825,0.7246828062545593
07/13/2010,-0.259057881845025,-0.17219337685977243,0.7187573969766601
07/14/2010,-0.3522835958059121,-0.11332955768211139,0.7229168816414058
07/15/2010,-0.42979945418075916,-0.08370332196145686,0.7568959476164663
07/16/2010,-0.48146173726979996,-0.057488289331431186,0.78940111718179
07/17/2010,-0.4976156451934582,-0.010506343165358756,0.8156322046399869
07/18/2010,-0.48884986714941847,0.023825409265468056,0.8318749699388067
07/19/2010,-0.48471442798011366,0.007716040102464017,0.8556116650423032
07/20/2010,-0.4699609871694836,0.0422914708675009,0.8821504431864132
07/21/2010,-0.43417878462075943,0.1107425939135272,0.9071300739474105
07/22/2010,-0.35835299589968833,0.17126242756343407,0.920347870152908
07/23/2010,-0.26866711720020986,0.1628355610249645,0.8987734497377299
07/24/2010,-0.22404290224214984,0.08397819875461177,0.85031945016684
07/25/2010,-0.2253049882070064,0.06195484449675348,0.79649902152234
07/26/2010,-0.2410810260813071,-0.00686948806547566,0.7559130659753167
07/27/2010,-0.2667594237471389,-0.11570204517461652,0.7204577501605073
07/28/2010,-0.3137678519709985,-0.23286816644317504,0.709176948584228
07/29/2010,-0.3894752536387445,-0.33059439353790154,0.698845350254093
07/30/2010,-0.4927608221602823,-0.39323828021475893,0.7034103552557766
07/31/2010,-0.6136460000651877,-0.40580139564407114,0.7249698029869114
08/01/2010,-0.7094168705837742,-0.40222002874318175,0.7615440936197844
08/02/2010,-0.7745179002029795,-0.3962193763660896,0.7940944246955163
08/03/2010,-0.8247062699810488,-0.3937152438554367,0.8103785373250689
08/04/2010,-0.8663315541444718,-0.3990080547098948,0.7993232998425515
08/05/2010,-0.8948541760031807,-0.39068177154167105,0.7452237462833231
08/06/2010,-0.9102941663384425,-0.3726946112634508,0.6847201038969863
08/07/2010,-0.9182743782303516,-0.3460805920596978,0.6211641439375227
08/08/2010,-0.9163251190718518,-0.3425573556530001,0.563854024925041
08/09/2010,-0.9113536332467365,-0.35431539309666804,0.515659267842911
08/10/2010,-0.8984758219646001,-0.3441108490718624,0.4661814856403175
08/11/2010,-0.8655371832533303,-0.2748749643543277,0.41795844682166267
08/12/2010,-0.7800702419981447,-0.17910127596986475,0.3677895271466786
08/13/2010,-0.6918457298565472,-0.20242945431034637,0.3397447161002519
08/14/2010,-0.6582232197287617,-0.26709622346719697,0.3218017599231072
08/15/2010,-0.6419706987281447,-0.2858857607181935,0.3065919475177662
08/16/2010,-0.6338760619154605,-0.28652783844942686,0.30220069057319465
08/17/2010,-0.6125839651080164,-0.20797786318620606,0.3426837038453696
08/18/2010,-0.5803488250439794,-0.0805369715584538,0.3861129680346012
08/19/2010,-0.5429724878103265,0.03454173650979431,0.38735026357534846
08/20/2010,-0.49778238493853866,0.11955165377184793,0.37465517229084905
08/21/2010,-0.44874637206536344,0.17422009536407357,0.35231673922565976
08/22/2010,-0.41547909647038783,0.18458863784369475,0.33299025023596873
08/23/2010,-0.41353889885578904,0.20721578591135972,0.3281866966990815
08/24/2010,-0.3983351690174099,0.2736306388484207,0.33888916313804174
08/25/2010,-0.36364915647594837,0.3180944189805024,0.3637834211965263
08/26/2010,-0.32672541951403833,0.33719844807680643,0.4384586481653918
08/27/2010,-0.29389606962577947,0.3516681262800741,0.5262032835198412
08/28/2010,-0.2866452569883699,0.361562112543521,0.6247647701271171
08/29/2010,-0.29080498256279114,0.338219196067642,0.7070920936280358
08/30/2010,-0.2676823438278872,0.33059576342003194,0.7931006685846598
08/31/2010,-0.20602591154309208,0.35519253704019316,0.873598484285713
09/01/2010,-0.14253435152926278,0.3725186537794804,0.9159693541915048
09/02/2010,-0.09737957767277486,0.37679142125514975,0.930483646875468
09/03/2010,-0.08304634303159686,0.3479562887144576,0.939399048407543
09/04/2010,-0.0956341482224494,0.31808743157766584,0.9247927284948229
09/05/2010,-0.10618079479134448,0.28304472558764626,0.905006143937743
09/06/2010,-0.11142445711123522,0.2743395372891338,0.9073681355660678
09/07/2010,-0.11462171465217255,0.31424606283005535,0.9379793214644679
09/08/2010,-0.13122994710896263,0.3731418244206822,0.9724263142481713
09/09/2010,-0.1565672711972329,0.4174730200518817,1.0134079706482864
09/10/2010,-0.20192851618360674,0.4528722597395755,1.0458844932896687
09/11/2010,-0.25926306895046564,0.4637037910541941,1.0865081848696456
09/12/2010,-0.31714109423297976,0.4622164137327604,1.1219640281773893
09/13/2010,-0.3757203069187381,0.4443865580948696,1.1655508910246826
09/14/2010,-0.41388459492133284,0.46170333872448127,1.1964874994868429
09/15/2010,-0.4243930509347541,0.5141735668714209,1.2266848468905052
09/16/2010,-0.4182079785821813,0.5563562829245767,1.240949513687655
09/17/2010,-0.38224050965003303,0.536913452867207,1.202053726653222
09/18/2010,-0.3304255010255078,0.49266328762184286,1.1519644989876159
09/19/2010,-0.2916431570305277,0.44216427040451106,1.145102505717603
09/20/2010,-0.30281622409386644,0.4240880941372207,1.1642022133221486
09/21/2010,-0.3538316890430809,0.4271593219133705,1.1986769197730642
09/22/2010,-0.4145857456381623,0.5148067782343475,1.262095812722501
09/23/2010,-0.4318144553905642,0.6415284371113149,1.3000223923556886
09/24/2010,-0.42127026681131197,0.7445331479488013,1.341256596141946
09/25/2010,-0.38961913774880286,0.8154766012536294,1.3660482771129991
09/26/2010,-0.36911165324675566,0.8495572182060349,1.381009031700836
09/27/2010,-0.373815254887367,0.857870818357345,1.3795059202978441
09/28/2010,-0.3834725861294179,0.805382035426406,1.3459551380086339
09/29/2010,-0.4051213849261742,0.7683066411053509,1.3162235668654991
09/30/2010,-0.4517905372066918,0.7223826112157877,1.2222220132124635
10/01/2010,-0.5170711468153713,0.5099206459685094,1.0681517553851774
10/02/2010,-0.6043927696574793,0.3025363500295275,0.9388183598402116
10/03/2010,-0.6996973925588511,0.1649206842361105,0.799713847495446
10/04/2010,-0.746549536665212,-0.022164619286179188,0.6641204092706705
10/05/2010,-0.8156631793444775,-0.228406386784892,0.5506049037545535
10/06/2010,-0.8950799074996567,-0.3722866408860752,0.449503132907334
10/07/2010,-1.0075865324450886,-0.4803876345335355,0.38490902627781876
10/08/2010,-1.1965394600936188,-0.5087448052331428,0.3900168215083586
10/09/2010,-1.3999856852013177,-0.4319881263567227,0.4181913552401144
10/10/2010,-1.5388865697808485,-0.3279410594255098,0.4313333141922856
10/11/2010,-1.5927724163350945,-0.23112131573405048,0.4344020651991145
10/12/2010,-1.589262040262966,-0.14640892091042046,0.4118674859153195
10/13/2010,-1.5687619297298496,-0.10947826564812513,0.37080776056100373
10/14/2010,-1.5390404325951188,-0.14406990249032647,0.269171558219109
10/15/2010,-1.5215605676623383,-0.25967319423034696,0.12697139272789237
10/16/2010,-1.5733351111738116,-0.36486149781307586,0.00260097531495318
10/17/2010,-1.6624162143622505,-0.3888987507472771,-0.08486660452011985
10/18/2010,-1.7585297359741396,-0.3240988099128388,-0.15600426099316878
10/19/2010,-1.814372068910163,-0.27946915236047953,-0.23509330537361817
10/20/2010,-1.8156529383182485,-0.2388854946388026,-0.3119397744106749
10/21/2010,-1.8038053181871831,-0.26532447646561796,-0.428350769793058
10/22/2010,-1.7769526618281628,-0.34747038061210644,-0.5322054451089089
10/23/2010,-1.7360604822469121,-0.3494751193317984,-0.5829740430968438
10/24/2010,-1.7025810858145214,-0.2578076751083471,-0.591290496690799
10/25/2010,-1.6880686013615807,-0.13496660838315155,-0.5851248752461373
10/26/2010,-1.6697981075517365,-0.06115696940894111,-0.6406080021942875
10/27/2010,-1.6555514895306107,-0.0360451243796871,-0.726755875861806
10/28/2010,-1.5911936899434436,-0.08117940159571324,-0.8013134719064385
10/29/2010,-1.486048670601348,-0.2116197092881189,-0.8837254783114208
10/30/2010,-1.3737684375078185,-0.3685538411119502,-1.0318609537171386
10/31/2010,-1.4128990456172208,-0.45049781518823373,-1.172590306603462
11/01/2010,-1.524039101694829,-0.5043105641625143,-1.3504583269854258
11/02/2010,-1.6150482592953108,-0.5784560094965716,-1.5284378106819294
11/03/2010,-1.7261816384458297,-0.5997602484389792,-1.6487272587244952
11/04/2010,-1.8565194007242967,-0.5776466451209545,-1.7477682769849592
11/05/2010,-1.856475560461287,-0.8128413915258428,-1.949490258207235
11/06/2010,-1.8905274483616652,-1.3167910278532131,-2.2068951238940464
11/07/2010,-2.001730164831924,-1.6273866621135589,-2.2809497757145083
11/08/2010,-2.1198309540828344,-1.6540539969624861,-2.281934726751013
11/09/2010,-2.2338286615803193,-1.6054020028008213,-2.2618248296019026
11/10/2010,-2.3370028868397377,-1.5227985118450509,-2.2582123551094897
11/11/2010,-2.3741416061792453,-1.3865228420191236,-2.253890159162862
11/12/2010,-2.322409949084057,-1.260104812218353,-2.2550792093883585
11/13/2010,-2.2405100277219865,-1.1523519556416293,-2.195049052774653
11/14/2010,-2.1947830192024043,-1.0368912304065414,-2.080329727230896
11/15/2010,-2.1346032883959314,-0.9285217208500778,-1.9906485435874068
11/16/2010,-2.1562512434052,-0.7760958143622052,-1.8595414733407993
11/17/2010,-2.21958883054552,-0.6459458068347035,-1.749119957339576
11/18/2010,-2.1537057199833782,-0.5723034545048726,-1.6827248275286197
11/19/2010,-2.0199634953058445,-0.5599359863549849,-1.6339236158781663
11/20/2010,-1.8825976436006076,-0.5357162976173064,-1.5081719379299425
11/21/2010,-1.7741344483017893,-0.4525417773120808,-1.3767811170613429
11/22/2010,-1.6413432454970227,-0.34617812211105536,-1.2542389901568842
11/23/2010,-1.5207892725246959,-0.20934798131886512,-1.1139676634425988
11/24/2010,-1.397720959581223,-0.13113081781427682,-0.993781563438674
11/25/2010,-1.2828656705037567,-0.09835696262763072,-0.896565427270807
11/26/2010,-1.2039265260672736,-0.055352610205645525,-0.8005380572937819
11/27/2010,-1.1103988829310254,-0.07092512370365966,-0.751799860760725
11/28/2010,-0.9649860133766108,-0.14275122103737192,-0.744556449523212
11/29/2010,-0.8988955512106891,-0.1310122081190711,-0.6933127832838435
11/30/2010,-0.9076356854523449,-0.03017218293679169,-0.629420282832633
12/01/2010,-0.9451506606390633,-0.061872972687829986,-0.5998287813516048
12/02/2010,-0.8792019547712676,-0.341676062130538,-0.6940723325321076
12/03/2010,-0.8560122899606172,-0.5185187138596097,-0.7060992525750245
12/04/2010,-0.9069246660905417,-0.5146940209305366,-0.6796432096687604
12/05/2010,-0.9881387716562254,-0.48978668954901183,-0.6403207620036535
12/06/2010,-0.9668823340417894,-0.5096710764915083,-0.653634034430162
12/07/2010,-0.9223322990099233,-0.5843071079658972,-0.6610324474374453
12/08/2010,-0.9822482911965044,-0.5990817070341207,-0.6209888763554869
12/09/2010,-1.0182919944939512,-0.5145485772597281,-0.5757759150988745
12/10/2010,-1.0068436692771785,-0.41264094738523993,-0.542830370086604
12/11/2010,-1.018094328103083,-0.2999671389638303,-0.5122666585522414
12/12/2010,-1.112890990936163,-0.23215956159081552,-0.48578582347808985
12/13/2010,-1.2267138509913886,-0.49171744400337464,-0.5567420223819144
12/14/2010,-1.2678056413433738,-0.9583382018244331,-0.7124396364862887
12/15/2010,-1.3425194648997811,-1.175384725379838,-0.687393257580979
12/16/2010,-1.5250782810169774,-1.0521965197843082,-0.6020777271865807
12/17/2010,-1.7061353388360698,-0.8852816169794467,-0.5603529955482894
12/18/2010,-1.753103705497416,-0.7574549502539152,-0.556591889777685
12/19/2010,-1.7405668210471914,-0.6634882394735634,-0.57416693992171
12/20/2010,-1.701583508884214,-0.7022404930400343,-0.638981579173929
12/21/2010,-1.6928800243687014,-0.6978073088874794,-0.646888819980413
12/22/2010,-1.7437849898432867,-0.597142849541171,-0.6456317231664586
12/23/2010,-1.7656861911584485,-0.5812469778295435,-0.6804563197379887
12/24/2010,-1.6860793540133883,-0.6104618375479126,-0.7197907780114331
12/25/2010,-1.6100165710671814,-0.565564721004629,-0.7240416812592393
12/26/2010,-1.6464988604267745,-0.5390869855150233,-0.7506943573006646
12/27/2010,-1.6125028826191379,-0.8249207320646508,-0.9693735321359958
12/28/2010,-1.5791785596526313,-1.115132350720856,-1.0153664931361464
12/29/2010,-1.5913060237386958,-1.08246917834385,-0.9832279311597976
12/30/2010,-1.6023200185171782,-0.9608611827074406,-0.9825616264316765
12/31/2010,-1.5783172360585693,-0.8136368985311261,-1.0080337327109252
01/01/2011,-1.5353334470141873,-0.756696157390067,-1.0734727807779558
01/02/2011,-1.4911656844011847,-0.7223908279111465,-1.0838173229731543
01/03/2011,-1.3741673952204985,-0.7973870335788021,-1.1190209435057952
01/04/2011,-1.2818031515993218,-0.8544875023818186,-1.1253603941603305
01/05/2011,-1.2597649999060763,-0.8610831409180926,-1.1158017758600836
01/06/2011,-1.2877395267611558,-0.8887956503089468,-1.1167249696469537
01/07/2011,-1.3097525849482103,-0.9921769762875542,-1.1560915644129792
01/08/2011,-1.3764241965754824,-1.1216808545645272,-1.1093342255753988
01/09/2011,-1.425069719273379,-1.1188310511253174,-1.103321658234288
01/10/2011,-1.4386129120200986,-1.0097939803684512,-1.0932840357737863
01/11/2011,-1.4492943444687327,-0.9715668976504666,-1.1383915390200228
01/12/2011,-1.3641217749879222,-1.1671573970841964,-1.2359607302661066
01/13/2011,-1.271723229571004,-1.4562452182371464,-1.3296765450545531
01/14/2011,-1.2772632080451372,-1.550043174431344,-1.3289183348268148
01/15/2011,-1.3475734147564309,-1.4639008868860817,-1.314972882407363
01/16/2011,-1.3501617879081251,-1.4153281615801283,-1.3463656505281059
01/17/2011,-1.335949581741976,-1.3670034597160305,-1.3627127782750565
01/18/2011,-1.3582622578604027,-1.297717077801531,-1.3896498541605486
01/19/2011,-1.4088546917863942,-1.3327216760231406,-1.429743253036559
01/20/2011,-1.3909859141940766,-1.384587640618899,-1.4510198834024262
01/21/2011,-1.4208866978269832,-1.375436315456932,-1.4209646750562277
01/22/2011,-1.4446009783372256,-1.4129403487755205,-1.446767194793922
01/23/2011,-1.4351055809202138,-1.5584810211742672,-1.513994789607143
01/24/2011,-1.4327715546667914,-1.5885514560752456,-1.4757791438462449
01/25/2011,-1.468022207783948,-1.4437336569228802,-1.4481662683598238
01/26/2011,-1.5266289719655364,-1.3599046107401933,-1.46045291780806
01/27/2011,-1.5125876877955005,-1.4560513324878528,-1.5457462123464774
01/28/2011,-1.5022364697463115,-1.560881810584143,-1.5640175531630907
01/29/2011,-1.5565593248469607,-1.6040544478509169,-1.5724892925614782
01/30/2011,-1.6009957787455456,-1.6133069435598366,-1.5658726646584347
01/31/2011,-1.6206585952848318,-1.5722038106037513,-1.5466548392131023
02/01/2011,-1.6195834265919595,-1.5308609921150742,-1.531760913922334
02/02/2011,-1.655033140183664,-1.5003164707392906,-1.5174821671214938
02/03/2011,-1.6608211554931056,-1.5264153010986157,-1.543780449064179
02/04/2011,-1.6179724528436674,-1.547383381375151,-1.5527463276123794
02/05/2011,-1.6291611850051708,-1.5049487077961823,-1.5307801016765423
02/06/2011,-1.6544311895263928,-1.549246140766617,-1.5547032858203214
02/07/2011,-1.641211094015084,-1.5993947309240437,-1.5846161928035383
02/08/2011,-1.670487328160581,-1.6366745214574854,-1.6013009160281024
02/09/2011,-1.6462807159937962,-1.7344309881527282,-1.642033149423302
02/10/2011,-1.6576728009401147,-1.733377886725228,-1.627880311128116
02/11/2011,-1.6912145275874417,-1.7552705354476732,-1.6534241970227375
02/12/2011,-1.6698023928381058,-1.8333246986978589,-1.68405392632658
02/13/2011,-1.649016311719087,-1.8636752756066723,-1.671223593969136
02/14/2011,-1.665498159484612,-1.7884420854192875,-1.5974502176115166
02/15/2011,-1.6668406253793875,-1.718058446388776,-1.5568627607384504
02/16/2011,-1.6218137036706635,-1.692061549906125,-1.526943686145547
02/17/2011,-1.5744481699069524,-1.6074982392488977,-1.4650577282380486
02/18/2011,-1.5284520665512442,-1.5102093413669895,-1.4064175155048535
02/19/2011,-1.4811106357605852,-1.4310088917455972,-1.3483082852740764
02/20/2011,-1.4231888802743018,-1.3838207291193434,-1.3160223498873056
02/21/2011,-1.3716731594034313,-1.3438463846685378,-1.2789722606281642
02/22/2011,-1.3393791743336498,-1.2757281320988194,-1.2420905633440344
02/23/2011,-1.2982921165288808,-1.246270827117323,-1.2169266346672478
02/24/2011,-1.254315490125315,-1.1975070345102785,-1.1620227355367652
02/25/2011,-1.234290101770712,-1.1017063359972046,-1.100789124082836
02/26/2011,-1.2212576939460502,-1.02601996282585,-1.06891479548993
02/27/2011,-1.1751291159545936,-0.9804500004917861,-1.0367963593978267
02/28/2011,-1.1360112380303469,-0.8773582113483609,-0.980647008874314
03/01/2011,-1.116139235566652,-0.7845483561199791,-0.9459469817879125
03/02/2011,-1.0602865203758742,-0.7840951731360158,-0.9531094025719041
03/03/2011,-1.0002380535535416,-0.7766915207305579,-0.9386106100649182
03/04/2011,-0.9594600054017621,-0.6837459689647429,-0.9018399297551607
03/05/2011,-0.9216014252750186,-0.5900926931116336,-0.8901038612006497
03/06/2011,-0.8754894295420371,-0.5762656210986381,-0.9067917899592003
03/07/2011,-0.8362243657306055,-0.6918350327425529,-0.9530978788801175
03/08/2011,-0.8257864943749498,-0.7906414888287355,-0.9574908806090071
03/09/2011,-0.834015293398364,-0.7774681206458142,-0.9383308765044935
03/10/2011,-0.8446291127886504,-0.7752804763812879,-0.9080142345450397
03/11/2011,-0.8236387984109165,-0.9090035129004045,-0.9378957759868864
03/12/2011,-0.8071272346512187,-1.0657671286079626,-0.9250515665076491
03/13/2011,-0.8318836660830284,-1.0405261634204133,-0.8487802270739276
03/14/2011,-0.8430321532499561,-0.9619003836440649,-0.7794457443304365
03/15/2011,-0.8271145058231754,-0.8863517034109634,-0.7313738119491222
03/16/2011,-0.807495676292552,-0.8427604091507118,-0.705653378227199
03/17/2011,-0.7873362724728663,-0.8381777885257246,-0.7030963765188969
03/18/2011,-0.7814600630276297,-0.8463029049534657,-0.68175575720252
03/19/2011,-0.7885382294075425,-0.8290719108410289,-0.6340694221557953
03/20/2011,-0.7823537807239795,-0.8057568852588306,-0.5816595501925989
03/21/2011,-0.7612998887932859,-0.7651230826462088,-0.5266743765739368
03/22/2011,-0.7440218725023994,-0.6893866820192516,-0.46932579115366735
03/23/2011,-0.7310195842224566,-0.6489405998004818,-0.4333450112240561
03/24/2011,-0.7350998837136883,-0.6449479743326479,-0.4281019343441887
03/25/2011,-0.7483851342937029,-0.6920832910550951,-0.455420549926322
03/26/2011,-0.7677523317205847,-0.7300902412248997,-0.49445900351115635
03/27/2011,-0.8010015942869938,-0.745797629212953,-0.5331127930181276
03/28/2011,-0.828802741156319,-0.775817743069975,-0.5883895079236523
03/29/2011,-0.8368430820784136,-0.8153515875537258,-0.6470951297806347
03/30/2011,-0.8532515570188206,-0.8276295699731695,-0.6769576003241055
03/31/2011,-0.8778825576060904,-0.8485820900669174,-0.7165563731337513
04/01/2011,-0.8918833766630693,-0.9217175914615845,-0.7684748651409408
04/02/2011,-0.9224191654109588,-0.9880072583243007,-0.8050119066574157
04/03/2011,-0.9595466587082266,-1.0174550510431104,-0.8187058666765925
04/04/2011,-0.9842675043198538,-1.0319953078867878,-0.8253072378609387
04/05/2011,-1.0278629588969352,-1.0049114885982076,-0.8113765958200132
04/06/2011,-1.0358039897002311,-1.0511196532972287,-0.8477823727487372
04/07/2011,-1.0515662334834093,-1.1023165300331403,-0.8566391008360232
04/08/2011,-1.0956642185397245,-1.0984802697229012,-0.8661118189408257
04/09/2011,-1.1245877495148795,-1.1154803272357083,-0.8718557300731254
04/10/2011,-1.145843453401066,-1.120990569625487,-0.8765829594401329
04/11/2011,-1.170818645910963,-1.1259808083218257,-0.8911388023367217
04/12/2011,-1.2058903793940698,-1.139518343499632,-0.9094907278430653
04/13/2011,-1.2234424431867676,-1.1911765649757684,-0.9432557939925318
04/14/2011,-1.2306505528399603,-1.247485519575128,-0.9625215401420774
04/15/2011,-1.2362434331210046,-1.2522822835458645,-0.9644524077379859
04/16/2011,-1.256672261954518,-1.2104857536141846,-0.9582628868057859
04/17/2011,-1.2655674696620676,-1.2244516929188394,-0.9818324072256555
04/18/2011,-1.2435359215230828,-1.255491380413278,-1.0181373112748862
04/19/2011,-1.2350346525135945,-1.262752759902157,-1.0365879591126044
04/20/2011,-1.2321372330225069,-1.2387444547797,-1.0316281865145578
04/21/2011,-1.2215368775456248,-1.1870487714295346,-1.0207776568667224
04/22/2011,-1.1995598454157022,-1.1616129222922877,-1.0187501363347962
04/23/2011,-1.1882938516693518,-1.1080679846149577,-1.0026320216738662
04/24/2011,-1.1843069924709062,-1.0234578172563578,-0.982759496344958
04/25/2011,-1.1702896278418629,-0.9606161107462572,-0.9924167964002022
04/26/2011,-1.1702548491227556,-0.9229642850500246,-1.0112125869221338
04/27/2011,-1.1833133776731586,-0.8961807479304003,-1.0268651687808124
04/28/2011,-1.2363781456279206,-0.8809159150278735,-1.0509724885348564
04/29/2011,-1.254725680904138,-0.9830369249183981,-1.1045850849634478
04/30/2011,-1.2528702289025495,-1.1346973878484878,-1.1691111044281284
05/01/2011,-1.3053401633640793,-1.187970638862583,-1.1732844662146695
05/02/2011,-1.3678828293170657,-1.1438191780219957,-1.1398834107658908
05/03/2011,-1.4223805318599756,-1.08826445190528,-1.1123179284907483
05/04/2011,-1.4538261069529153,-1.079046071163151,-1.1044890000967391
05/05/2011,-1.4070419794554394,-1.127734059257074,-1.1190136397574808
05/06/2011,-1.418360654890225,-1.1009097720738432,-1.1034064222911075
05/07/2011,-1.458345212624767,-1.042278181284572,-1.1024306009399951
05/08/2011,-1.4895812349291742,-1.0079146038761237,-1.1092531133927337
05/09/2011,-1.503322974540659,-0.9832837152891675,-1.1164430449620386
05/10/2011,-1.4884734153291266,-0.9790036668223056,-1.1291529466250623
05/11/2011,-1.46084300702385,-0.9581204922978827,-1.135218182106792
05/12/2011,-1.4360085435925276,-0.9177336562090452,-1.1303367624976035
05/13/2011,-1.411801454502379,-0.8964593632787958,-1.127361296587293
05/14/2011,-1.4099593563549626,-0.8664554554989403,-1.0998261654440329
05/15/2011,-1.405869775201353,-0.8495476434471121,-1.0789631706910023
05/16/2011,-1.3745882250589607,-0.8879437156219336,-1.087189220111387
05/17/2011,-1.3613144573260767,-0.9431127840762097,-1.06832217746702
05/18/2011,-1.3427344035670632,-0.9391882123889442,-1.0349903453217035
05/19/2011,-1.3131496366919397,-0.8780575388087145,-0.99194051085738
05/20/2011,-1.2707842775279672,-0.7888668646612818,-0.9394156048582423
05/21/2011,-1.237521734480212,-0.7165652129109904,-0.8811739333247057
05/22/2011,-1.212532491074303,-0.6528232470707271,-0.839854722023351
05/23/2011,-1.1834549138528128,-0.6005083271633069,-0.8042957335588659
05/24/2011,-1.1473745608292185,-0.5284736646625744,-0.7647231730903894
05/25/2011,-1.1044533658285636,-0.46570394601698795,-0.75238783198673
05/26/2011,-1.0736691733812342,-0.45070081777364585,-0.759368876354253
05/27/2011,-1.0632020996411815,-0.45956501352493545,-0.7774637910727069
05/28/2011,-1.0468272661410931,-0.4882851768660176,-0.808370616472305
05/29/2011,-1.0204510195355612,-0.5160226412670017,-0.8427247299232841
05/30/2011,-0.9835262553540967,-0.516878627473304,-0.8604419191247734
05/31/2011,-0.9502939785967026,-0.4934584972602043,-0.8728679484366653
06/01/2011,-0.9216488608064581,-0.49893468340086666,-0.8886052131994033
06/02/2011,-0.9060120845542335,-0.5177308557486712,-0.899314212435466
06/03/2011,-0.8958254417517785,-0.49743849842879706,-0.8880444070580384
06/04/2011,-0.8682668654422967,-0.4838467081230772,-0.8646555326798018
06/05/2011,-0.8595605193866022,-0.46070718965918245,-0.8367639786188239
06/06/2011,-0.8566256430682899,-0.42519433127831074,-0.8190345759270969
06/07/2011,-0.8377238494711345,-0.41510598952420097,-0.8278383924154858
06/08/2011,-0.821464688229841,-0.38394786848757073,-0.8353122369123036
06/09/2011,-0.7919857616549522,-0.32555108966420465,-0.8306048088185005
06/10/2011,-0.7407165734764801,-0.29044414654222706,-0.8349410441924427
06/11/2011,-0.6944648758844727,-0.29352653067585066,-0.8420900341948088
06/12/2011,-0.6623975761578955,-0.3152177190694525,-0.8502537177198692
06/13/2011,-0.6469370781180113,-0.33626360025992436,-0.8349407195814058
06/14/2011,-0.6405811204557418,-0.3439591969250708,-0.8052455454507025
06/15/2011,-0.6392717457050958,-0.35447388768754234,-0.7732422245472974
06/16/2011,-0.6405673630510327,-0.354939929841436,-0.7330193870206145
06/17/2011,-0.6419136076463002,-0.3282276172566043,-0.6962343426725054
06/18/2011,-0.6391339148531132,-0.29121692980887426,-0.6739967419104251
06/19/2011,-0.6333099468593619,-0.2555705474443872,-0.671478896408361
06/20/2011,-0.6142294537466273,-0.2484038208409894,-0.690296598175231
06/21/2011,-0.5875974661591459,-0.24584801677995327,-0.7007747178118162
06/22/2011,-0.5636737429196058,-0.24601688880144706,-0.7158792345122983
06/23/2011,-0.5290100357169798,-0.24828309730962983,-0.7205214157878316
06/24/2011,-0.48866540084317356,-0.25160123289189773,-0.7365081847082466
06/25/2011,-0.44063034005025414,-0.2864060735971197,-0.7650813407924243
06/26/2011,-0.4148817979636125,-0.31816000284032203,-0.7794949229024168
06/27/2011,-0.39916629267003684,-0.33508460814602953,-0.7854043450867829
06/28/2011,-0.38344077198582494,-0.333236645607625,-0.7859808542870238
06/29/2011,-0.3666777962408642,-0.31448938507967616,-0.7950831100467931
06/30/2011,-0.35797636616445133,-0.2999528861669325,-0.8248354968726237
07/01/2011,-0.3619088194130722,-0.3198184247370751,-0.8567984442784007
07/02/2011,-0.37916684160911135,-0.3467855132959192,-0.8846187867933163
07/03/2011,-0.40365825039658887,-0.35093274239121686,-0.9015242860988606
07/04/2011,-0.42598912297564767,-0.34114838201933373,-0.9132851468212552
07/05/2011,-0.44081149755547305,-0.32951864268656794,-0.9168765621727009
07/06/2011,-0.46430122053444306,-0.3316445159613124,-0.9267470505259506
07/07/2011,-0.4918660335340633,-0.36556142804726804,-0.9263825123323317
07/08/2011,-0.5144424115859609,-0.37019084665595603,-0.9043014552424475
07/09/2011,-0.5339079652849157,-0.34609287965004254,-0.9053236553953529
07/10/2011,-0.527394989776889,-0.3652551566758801,-0.9171795865749706
07/11/2011,-0.5157836668291234,-0.4070701239562211,-0.9081323929622053
07/12/2011,-0.5174017944278659,-0.4188517071859225,-0.887834261988495
07/13/2011,-0.5229728829798478,-0.4109683901269291,-0.8666284374048909
07/14/2011,-0.5248500900240822,-0.40708051698396996,-0.8322941252271194
07/15/2011,-0.5406554036556018,-0.3929344318650085,-0.7857657588991787
07/16/2011,-0.5573564894225809,-0.3717980667436899,-0.7329155114890392
07/17/2011,-0.5692755379989005,-0.3316212637636387,-0.6760824489705886
07/18/2011,-0.5668826300533206,-0.2718477317108051,-0.6319813616656224
07/19/2011,-0.5475087190129402,-0.23357796124607672,-0.5879169959841238
07/20/2011,-0.5139562799331412,-0.22115218644899065,-0.5430229244941723
07/21/2011,-0.48183145591166787,-0.23386092170212186,-0.48715744632178815
07/22/2011,-0.4576690141856033,-0.2370114183339797,-0.4331852214414993
07/23/2011,-0.4352312007139366,-0.22358703210798586,-0.3829211907329172
07/24/2011,-0.40964569304470866,-0.20044862927983798,-0.33997632736241423
07/25/2011,-0.38159306081728683,-0.20422675909589216,-0.3096540452862053
07/26/2011,-0.3606863547737794,-0.23890136400707324,-0.2957110680259062
07/27/2011,-0.364719512224873,-0.27659188464841994,-0.28270053596700817
07/28/2011,-0.38296770069587666,-0.23962500058317943,-0.2639350560005814
07/29/2011,-0.36750577188590744,-0.18486719069585178,-0.2543500630536426
07/30/2011,-0.3209163024934695,-0.19569743022171227,-0.2513771534552448
07/31/2011,-0.31399783206743204,-0.2507248716537913,-0.24866040254076532
08/01/2011,-0.3113100387377063,-0.2959808706015802,-0.24777770398065807
08/02/2011,-0.32047169985966606,-0.3297802299104039,-0.2552600695171733
08/03/2011,-0.327667409505415,-0.3808355970594636,-0.2862862300489359
08/04/2011,-0.32335572881017294,-0.43036958935563446,-0.3467272225052942
08/05/2011,-0.30762903416076365,-0.45933789357391563,-0.40780173397512276
08/06/2011,-0.2863620675459235,-0.4747408891560554,-0.4546232646451067
08/07/2011,-0.26240286854543393,-0.4942340402573801,-0.5045560297912751
08/08/2011,-0.26080227705189624,-0.5646489170888125,-0.5664040893602988
08/09/2011,-0.29658858847882597,-0.6610585178490676,-0.6183909525669857
08/10/2011,-0.3733558972918136,-0.7562193699024019,-0.6628648150706149
08/11/2011,-0.4684799863569855,-0.8452650701204006,-0.700759988586052
08/12/2011,-0.5597560742952459,-0.8887565443401291,-0.7235887871977569
08/13/2011,-0.6360893828476628,-0.882808268125473,-0.7370958524128538
08/14/2011,-0.6908383873165967,-0.861808128000632,-0.7500348888910376
08/15/2011,-0.7369174753375137,-0.8742265630888546,-0.7735292212796526
08/16/2011,-0.7792464782666414,-0.9088866060176547,-0.805220428671777
08/17/2011,-0.8125947207741334,-0.9191445244053037,-0.8298178299376824
08/18/2011,-0.8227856558868563,-0.8886168550010718,-0.854854024171734
08/19/2011,-0.808935911476793,-0.8339318550256519,-0.8741492693491939
08/20/2011,-0.7790835539084674,-0.7884739260076514,-0.8982072888021209
08/21/2011,-0.7421358974055663,-0.7463132290810823,-0.9060843002058624
08/22/2011,-0.7091252799528533,-0.6957842658515976,-0.9070461227060391
08/23/2011,-0.6751149210714954,-0.6635888384409361,-0.8980631209256803
08/24/2011,-0.6394354404779344,-0.6269949290212202,-0.8623008853761718
08/25/2011,-0.6114685443966695,-0.5549346656159739,-0.7838377722262173
08/26/2011,-0.5705230227715576,-0.5067712024761575,-0.7097557313495764
08/27/2011,-0.5388789008138438,-0.562023238999409,-0.6486000265443258
08/28/2011,-0.5747297069540538,-0.6301578150816359,-0.5749175412768337
08/29/2011,-0.6226230114488387,-0.6282062158541072,-0.535314345641821
08/30/2011,-0.6366528494581565,-0.5932316223623281,-0.49469454939427915
08/31/2011,-0.6099854594825569,-0.512089379364441,-0.4265786564805742
09/01/2011,-0.5402106175897383,-0.3811801523522729,-0.3468866065240574
09/02/2011,-0.42659954819421775,-0.2662714906589363,-0.31220398670447264
09/03/2011,-0.29868055778218006,-0.15761444066810262,-0.2767786568341302
09/04/2011,-0.3106799862884144,0.02522199347056954,-0.24986596735272829
09/05/2011,-0.41852186050413787,0.10350274821273955,-0.21170242166313422
09/06/2011,-0.4046130142834394,0.10591404808570486,-0.13324924972616517
09/07/2011,-0.2728117209487547,0.005231973438129126,-0.21419052467901156
09/08/2011,-0.18392256107082217,-0.1718665699007015,-0.3047464539122229
09/09/2011,-0.15436530900512258,-0.37363082140532766,-0.38431012020393646
09/10/2011,-0.1866769402393481,-0.5327846573419966,-0.45956583285823627
09/11/2011,-0.24671972066773235,-0.6817906705239463,-0.5592781873178808
09/12/2011,-0.32392579897492957,-0.8810534905307831,-0.6716006661233058
09/13/2011,-0.43841048191272,-1.0760263387843718,-0.7755457456127323
09/14/2011,-0.5923457518502546,-1.2230347768024803,-0.8713715321362936
09/15/2011,-0.7304907862718301,-1.3050746368353336,-0.9193368297922272
09/16/2011,-0.8608066834484092,-1.3618649001830154,-0.9564584146320864
09/17/2011,-0.9473220490017067,-1.3868029996240896,-0.9799313632686907
09/18/2011,-1.0003639980078547,-1.3290147707418785,-0.9966562165326044
09/19/2011,-1.0249374743002342,-1.2632450488549376,-1.0285123669074845
09/20/2011,-1.0225209769913834,-1.2021145514277258,-1.0537985116393858
09/21/2011,-1.0164251626805667,-1.178633707142916,-1.0622353959277642
09/22/2011,-1.0006067153133482,-1.110895945080595,-1.0768465850060258
09/23/2011,-0.9920376498134497,-1.0845772757614403,-1.1267289542888301
09/24/2011,-1.0038965693595823,-1.1519762955803712,-1.2016213054645135
09/25/2011,-1.016896693141192,-1.2383552740570112,-1.245154485761698
09/26/2011,-1.0672643861038482,-1.2714890098485658,-1.2685580082129475
09/27/2011,-1.1040490448757494,-1.3155432342261544,-1.3229323450142916
09/28/2011,-1.1384230394783932,-1.4150615246365956,-1.3814893355930877
09/29/2011,-1.17980182763583,-1.4892513018121782,-1.4039486862692494
09/30/2011,-1.220501256805496,-1.5420637952627656,-1.43695115994199
10/01/2011,-1.2446693482390956,-1.6609724808504667,-1.5150145957536547
10/02/2011,-1.2029573007099752,-1.8630397742545788,-1.618194242419787
10/03/2011,-1.224590140917266,-1.993623587934651,-1.6306354472976219
10/04/2011,-1.3041807259815619,-1.9936158959197612,-1.6335734612096313
10/05/2011,-1.3725558711760166,-1.9280220334571505,-1.6323857905810366
10/06/2011,-1.3776991227847333,-1.8016071156929416,-1.6187696560577836
10/07/2011,-1.3057012310364866,-1.687017936846944,-1.6338789201946706
10/08/2011,-1.1731958887583795,-1.5258793849163585,-1.6473942224148164
10/09/2011,-0.9356368396190422,-1.2842142447672165,-1.7100414337785144
10/10/2011,-0.6522902860658086,-1.1711356367226626,-1.8333831588178184
10/11/2011,-0.48923825917528063,-1.3498234325419354,-1.918909361774689
10/12/2011,-0.5417774208973114,-1.4844063893513062,-1.9500163504544652
10/13/2011,-0.6975239723957116,-1.5376128783735972,-1.9655610397199972
10/14/2011,-0.8487815744533869,-1.5936546675703842,-1.9654356992836537
10/15/2011,-0.9248378639045682,-1.5970079750375137,-1.9525411345174282
10/16/2011,-0.9571971874751171,-1.469625859798326,-1.8407618922810391
10/17/2011,-0.9410968784002107,-1.2570506868815627,-1.6599018102495442
10/18/2011,-0.9174309505817142,-0.9675511961379706,-1.4935655157748196
10/19/2011,-0.9484912449699645,-0.8459296367195881,-1.5246171988493071
10/20/2011,-1.0031557973171918,-1.3373058820252375,-1.8787748184498483
10/21/2011,-1.1409035545771602,-1.821698834731371,-2.0247781674172263
10/22/2011,-1.2998556547457387,-1.9379266476190293,-2.0675253020903224
10/23/2011,-1.3928119070063787,-1.978888505858939,-2.0907167723821907
10/24/2011,-1.4435999161977258,-1.9466013614463438,-2.1287166329567913
10/25/2011,-1.5129698501551323,-1.9743143992962324,-2.2083433955186607
10/26/2011,-1.5398445550481004,-1.9485147354701216,-2.1629996160144707
10/27/2011,-1.565917478394594,-1.819884106394698,-2.107521966877557
10/28/2011,-1.564200003990637,-1.7105036546984347,-2.0883789236996817
10/29/2011,-1.5741988490472023,-1.6422868738769536,-2.1085130855237484
10/30/2011,-1.432457408916049,-1.702954969645873,-2.2955966509171044
10/31/2011,-1.3404042293869598,-1.7399543833007876,-2.3376134107588147
11/01/2011,-1.309861727025574,-1.7562264591298415,-2.4350518243336987
11/02/2011,-1.26767257270112,-1.8393162498359636,-2.451897595208582
11/03/2011,-1.271578538359872,-1.7834018779850191,-2.3511067205812566
11/04/2011,-1.3753533935657083,-1.8236467934633067,-2.264904961481732
11/05/2011,-1.404149696062109,-1.9909896893713193,-2.340420241235827
11/06/2011,-1.3982089185307687,-1.9915214953166165,-2.2673909951022537
11/07/2011,-1.3867181471346668,-1.7939694146513012,-2.0955264935287667
11/08/2011,-1.297815670088978,-1.5981965381317655,-1.9492486453539204
11/09/2011,-1.2203379288967833,-1.422389900987963,-1.8280440376476292
11/10/2011,-1.184201262229912,-1.3538249243780716,-1.7341467652899645
11/11/2011,-1.07909204882648,-1.4231587501706584,-1.7162763596794028
11/12/2011,-1.0268773417371186,-1.4715972468809484,-1.6438862320996632
11/13/2011,-1.0630159527838585,-1.255942566996433,-1.4231936978888589
11/14/2011,-1.1013723308426149,-1.0064232337530636,-1.272746626718184
11/15/2011,-1.0341393437303648,-0.8722747877083132,-1.1890669330641956
11/16/2011,-0.9513274348384926,-0.7965966350108868,-1.14550502469031
11/17/2011,-0.9485997633783128,-0.7638888372040002,-1.1464846602210974
11/18/2011,-0.7942143878450916,-0.8804727140479613,-1.2842365995308955
11/19/2011,-0.6773159590793898,-0.9310218174385645,-1.3138270054496768
11/20/2011,-0.6709704570446955,-0.8275605767098682,-1.2769769171651948
11/21/2011,-0.609958751774214,-0.8437175071862939,-1.2817939420600852
11/22/2011,-0.5127001738535313,-0.8361427514878554,-1.2423648190932208
11/23/2011,-0.4971665964798335,-0.7617215092536022,-1.1732302967480108
11/24/2011,-0.4511296244605365,-0.8133775581759112,-1.2369024268820399
11/25/2011,-0.3732101054883046,-0.8960779920063339,-1.3155532463636552
11/26/2011,-0.33395854227669663,-0.841937774581471,-1.3161991411728808
11/27/2011,-0.3708737679908929,-0.7125037703328658,-1.291203117554554
11/28/2011,-0.5324930437253361,-0.6138079383386524,-1.2726182024769976
11/29/2011,-0.644754566748464,-0.7463856279692932,-1.3698223686129045
11/30/2011,-0.7095962968036995,-0.9956113141405204,-1.449779504056838
12/01/2011,-0.7404902183109935,-1.0578945568827383,-1.443636929995741
12/02/2011,-0.7507919830760513,-0.9889282449922868,-1.3813596940605197
12/03/2011,-0.7059522354442082,-0.7990139828039557,-1.2605209635683736
12/04/2011,-0.6712751743874132,-0.5647968269017933,-1.1233024819201411
12/05/2011,-0.6066541864765408,-0.3635060746952675,-1.0006688552798617
12/06/2011,-0.5844982347125707,-0.22560298590281846,-0.8887234527693265
12/07/2011,-0.6143136857498596,-0.15713724215673852,-0.8547621998248752
12/08/2011,-0.6466582980689769,-0.3375275568436079,-0.9595845812159358
12/09/2011,-0.6267093641981466,-0.4956698634637752,-1.0261289509507718
12/10/2011,-0.6368203229314888,-0.4938280662808141,-1.0885203282415916
12/11/2011,-0.5572454763381787,-0.5447547830129453,-1.210578176056461
12/12/2011,-0.5262748068558111,-0.5136469243025946,-1.278298773880867
12/13/2011,-0.5299876919252647,-0.4717226247190484,-1.3655883451389808
12/14/2011,-0.49415588934676236,-0.45084361914926147,-1.4117929119583414
12/15/2011,-0.47698851927615943,-0.3141331449703563,-1.351993594367734
12/16/2011,-0.4958866075456497,-0.15572948599703712,-1.2660755047374455
12/17/2011,-0.4741232003960574,-0.06924781031400207,-1.2112618474750154
12/18/2011,-0.39554941594224813,-0.07536930365780092,-1.1925211191000957
12/19/2011,-0.3278007646150689,-0.06636999854578074,-1.1156764760001179
12/20/2011,-0.31457769750433845,0.08916923628827883,-0.9607966788250012
12/21/2011,-0.28989966493616837,0.22475837910610316,-0.840095015342877
12/22/2011,-0.1907407308449281,0.25619717060961417,-0.7728683943627659
12/23/2011,-0.11941086198296769,0.23774179562368242,-0.7492688474220517
12/24/2011,-0.06239115200868778,0.18512166126294727,-0.7326268917015039
12/25/2011,0.013313278059640887,0.14279590896349392,-0.7061312056724439
12/26/2011,-0.03825009846114458,0.1819596559675925,-0.634278836850507
12/27/2011,-0.12791249785657927,0.2431882119051978,-0.5616648088085752
12/28/2011,-0.18413160024958822,0.1571851439576316,-0.5573976344325766
12/29/2011,-0.1775000175697592,0.04622724203278086,-0.565456468592954
12/30/2011,-0.2113711148290442,0.09974698982929123,-0.5170058774379436
12/31/2011,-0.2388282898942143,0.14353581033443735,-0.4713036867734434
01/01/2012,-0.23041223639719843,0.0951150307636297,-0.4882728699051891
01/02/2012,-0.2216402950358538,0.0592529783939445,-0.4582687066444292
01/03/2012,-0.1885098964461372,-0.11675658702047327,-0.501554655061188
01/04/2012,-0.1926709060449971,-0.3698459546542487,-0.5343062855557281
01/05/2012,-0.2963250262670996,-0.32381024375464357,-0.4354577616397131
01/06/2012,-0.3739580610436573,-0.24669409529700437,-0.3864087094631447
01/07/2012,-0.3744929489387695,-0.165825006904123,-0.3337002359230511
01/08/2012,-0.38887167473151973,-0.034689188399969706,-0.2664987317218638
01/09/2012,-0.37805241143089824,0.06049702968719123,-0.19719334224248392
01/10/2012,-0.34047583975749973,0.16510261910395857,-0.12494214818623389
01/11/2012,-0.40184725530312093,0.2619988719205897,-0.05722110402165284
01/12/2012,-0.49252788607913844,0.25375907988159146,-0.03349779912339815
01/13/2012,-0.5599922543954021,0.2106097535301663,-0.020374505305809434
01/14/2012,-0.5724547388009524,0.20724346945776378,-0.004576416550166669
01/15/2012,-0.5938800439723997,0.24875122588398396,0.0224954540680938
01/16/2012,-0.5821899919832745,0.29557809868122686,0.04986827969326843
01/17/2012,-0.5621799752355348,0.4363496631322285,0.10902851930641032
01/18/2012,-0.5549249069742674,0.5398303394099918,0.13044079650902085
01/19/2012,-0.4887487820350166,0.5150102037697446,0.12534671609476067
01/20/2012,-0.4470434848058077,0.49145572752563194,0.13209578530056493
01/21/2012,-0.4626852137237273,0.5543951989577762,0.16616002109624411
01/22/2012,-0.46340800942396826,0.5884982460604646,0.14297528648337612
01/23/2012,-0.40818508987759333,0.5797386264810376,0.11272876050773517
01/24/2012,-0.35575793177310366,0.6205195755769213,0.12539187760516907
01/25/2012,-0.2927472572551031,0.6472491511569969,0.1374493516618679
01/26/2012,-0.23256004242046857,0.6764103429241675,0.13991736936987811
01/27/2012,-0.25509375417456326,0.6838269719348878,0.12934142008226795
01/28/2012,-0.21987090935813092,0.5888476749199585,0.07367659210662192
01/29/2012,-0.16785375860040008,0.4814912213394465,0.03473945774145182
01/30/2012,-0.11976253090985978,0.3961187811772836,-0.0021419960843997443
01/31/2012,-0.10498715162451688,0.3923723001858406,-0.005583075949716798
02/01/2012,-0.11704997425165409,0.45695762793316336,-0.011050296750056865
02/02/2012,-0.11932056969775995,0.4655559500706448,-0.04117882661405142
02/03/2012,-0.09272849692714291,0.4429585131444529,-0.07863114952338845
02/04/2012,-0.06706257264158466,0.4686847211642754,-0.09782714487654032
02/05/2012,-0.057116959569644576,0.5176028825281014,-0.10253420778292494
02/06/2012,-0.02935073816507594,0.49215329345586695,-0.1478763642319348
02/07/2012,0.026816012717203574,0.418370782045606,-0.2010882283363718
02/08/2012,0.04110991952412135,0.3844489963929715,-0.26401736438498796
02/09/2012,0.0352717905751202,0.3010972661569839,-0.32817843989225204
02/10/2012,0.025784060618332605,0.2400534360120094,-0.3781553115629629
02/11/2012,-0.026555453646548877,0.22997677907441272,-0.45086083934071697
02/12/2012,-0.03186845328618293,0.03642119924320836,-0.5771086852577264
02/13/2012,-0.025049659843064176,-0.14578754299360075,-0.6011536391164483
02/14/2012,-0.14068750678682607,-0.004721568140730881,-0.5716322130428572
02/15/2012,-0.2393808903026886,0.0713181679740662,-0.6208796431389059
02/16/2012,-0.20606339100892246,0.08743094276197816,-0.6530040845351837
02/17/2012,-0.17853801590280716,0.11321076001533115,-0.6334057338027013
02/18/2012,-0.147951086295805,0.1045607076097923,-0.6242155490285068
02/19/2012,-0.1655175311622269,0.08958200591754151,-0.5913602458842895
02/20/2012,-0.19107867905352083,0.003810226875626599,-0.6013204080362838
02/21/2012,-0.15948907310487126,-0.08216483274292741,-0.5949606691919895
02/22/2012,-0.16300979474534305,-0.044782110132407404,-0.556444027847802
02/23/2012,-0.1772918885274084,-0.03561040993863973,-0.5562474758653997
02/24/2012,-0.2060512111199545,-0.033438208421555426,-0.5450800041171241
02/25/2012,-0.20939745218228867,-0.07548235077140153,-0.5398803845397271
02/26/2012,-0.12110125479055234,-0.1988619172563758,-0.5731453873879697
02/27/2012,-0.09870265909391296,-0.20639222367794885,-0.5336409140843343
02/28/2012,-0.11549993663461822,-0.21747841353124353,-0.5046951045306294
02/29/2012,-0.1164571951975254,-0.2975970900900917,-0.4988536477819636
03/01/2012,-0.11758500889241463,-0.36749343116984734,-0.4889730153338333
03/02/2012,-0.12867200963189163,-0.41861556031071345,-0.4746067858587447
03/03/2012,-0.15596163785090722,-0.43943138566661566,-0.44586888967370975
03/04/2012,-0.18765136101942748,-0.49238515383337444,-0.43145344105026184
03/05/2012,-0.1684993660886157,-0.7100123951539294,-0.5587176846979033
03/06/2012,-0.19538793844553226,-0.8715010218383892,-0.524377245486824
03/07/2012,-0.22673933951743752,-0.7631691503089691,-0.4280236819948292
03/08/2012,-0.1876001834739094,-0.6067796836003564,-0.35317649232955173
03/09/2012,-0.11804707425859606,-0.5183825787750618,-0.3242082440379732
03/10/2012,-0.07197811168754742,-0.5159601225446261,-0.3509966480688984
03/11/2012,-0.03160944721351189,-0.5588596639240658,-0.3914360823094696
03/12/2012,-0.02419281199133594,-0.5386198589196403,-0.38441620634674256
03/13/2012,-0.013570151175619438,-0.5309869140093424,-0.3520052145582878
03/14/2012,0.02290920327096646,-0.5617279047119357,-0.34320541513146763
03/15/2012,0.04662003525842984,-0.6119747295327721,-0.34581062157864495
03/16/2012,0.05347195653208647,-0.677824953346512,-0.33175277258791924
03/17/2012,0.04197289400674775,-0.7048792963643048,-0.2875523948822617
03/18/2012,0.026020651292924635,-0.7205114082982742,-0.2512651415581203
03/19/2012,0.020751125052179686,-0.7371746612508263,-0.2251174791362175
03/20/2012,0.038275967526757326,-0.7087346986352576,-0.1872690901863696
03/21/2012,0.046213806612163455,-0.6272104384705317,-0.1293018772839173
03/22/2012,0.04113017042385392,-0.5750665631384253,-0.10373733801211726
03/23/2012,0.0737701450504803,-0.599517188475731,-0.10100894167671476
03/24/2012,0.08948242193975564,-0.6382022690266977,-0.09873386465332473
03/25/2012,0.09152923026924709,-0.69288685797842,-0.09044062074845594
03/26/2012,0.09240218345609497,-0.7726036707976643,-0.12740590537439989
03/27/2012,0.08832738692674358,-0.8605798873579801,-0.14144346617536524
03/28/2012,0.07836453124090048,-0.8504431622430562,-0.12465377185697357
03/29/2012,0.06032046596937768,-0.7699991310697833,-0.0891881090653831
03/30/2012,0.06765308930679337,-0.7234524589980516,-0.10378067358544307
03/31/2012,0.09138585976897085,-0.7306350393725898,-0.12373272861821794
04/01/2012,0.10696863362190934,-0.7578435749941517,-0.16630473563729664
04/02/2012,0.12452506309770017,-0.8139674514948496,-0.20095570588085582
04/03/2012,0.14427508323963656,-0.8316409419751483,-0.21228515853617774
04/04/2012,0.1593054330922612,-0.823337147674874,-0.2081293663219716
04/05/2012,0.15752904030973935,-0.7845972835369652,-0.20949163711164503
04/06/2012,0.14620020273867285,-0.7734511429416895,-0.2492141273024513
04/07/2012,0.1616299575648268,-0.8376217477794787,-0.33674504686595985
04/08/2012,0.17663128846512166,-0.8560537531323982,-0.3429442249764917
04/09/2012,0.16143489590925353,-0.7804777691823295,-0.3098642098424816
04/10/2012,0.13318246947904144,-0.7404401270822997,-0.3200494897480603
04/11/2012,0.12410463680977224,-0.7476201238793179,-0.327788338579532
04/12/2012,0.10834675870968791,-0.7541807079660628,-0.3188948888687769
04/13/2012,0.10386019388578044,-0.7686047038213718,-0.2980449191335771
04/14/2012,0.11069102047221269,-0.7518428051817179,-0.27330517592830966
04/15/2012,0.12369675727494439,-0.6326145193113337,-0.20444413838107273
04/16/2012,0.12266473180324294,-0.4381283818317906,-0.12094959474684214
04/17/2012,0.14572533381450758,-0.36184173791087826,-0.08740315413023753
04/18/2012,0.18040331203161808,-0.3623367278765235,-0.09376110761383594
04/19/2012,0.20372805621331036,-0.4280528405299393,-0.13912038729500315
04/20/2012,0.20353424189576264,-0.5375200769437802,-0.1972789584032763
04/21/2012,0.17471233228339178,-0.6222260128236128,-0.2347003215350419
04/22/2012,0.12961644011905976,-0.604212370875822,-0.2559797110947188
04/23/2012,0.13171831475380674,-0.850477101056834,-0.4965239143753595
04/24/2012,0.10231565923062785,-1.2610327000480914,-0.625308514387295
04/25/2012,-0.004024676805460481,-1.3495221090520297,-0.6263944194560473
04/26/2012,-0.10257094780696707,-1.2616783008395795,-0.5907625152375608
04/27/2012,-0.14799529342294104,-1.1642305129402337,-0.587864469059379
04/28/2012,-0.1523937007974724,-1.0984493411074663,-0.6080818936142209
04/29/2012,-0.14484939685958903,-1.0698122632707048,-0.6181861019135148
04/30/2012,-0.1431959402455515,-1.0496182580495776,-0.6287398964979103
05/01/2012,-0.15197962125891823,-1.0100746077147862,-0.604643694671851
05/02/2012,-0.13748955220405212,-0.8785491387465765,-0.5856586559158306
05/03/2012,-0.1062730103847151,-0.7810053474553158,-0.5905450664197018
05/04/2012,-0.06965714579699933,-0.7076115470263813,-0.6109935328795413
05/05/2012,-0.03140205892331538,-0.689307252607661,-0.6465007458837589
05/06/2012,-0.0037281405327467265,-0.68100891905078,-0.6678370235275275
05/07/2012,0.01367013381850063,-0.6735461966684059,-0.6815086259615888
05/08/2012,0.02945739773504863,-0.6603863922674645,-0.6799801948977755
05/09/2012,0.04186144068539127,-0.6671026956174223,-0.6622501429839787
05/10/2012,0.04158996123245773,-0.7091283419009368,-0.627107021833206
05/11/2012,0.05462057142289917,-0.752296340471706,-0.5860345554957229
05/12/2012,0.05078412651594494,-0.731456088564711,-0.4941923144552982
05/13/2012,0.025384142035027535,-0.6468812105263171,-0.3721705390418223
05/14/2012,0.024985837653872633,-0.5971742359716858,-0.268580178262171
05/15/2012,0.04188242531337871,-0.6086365125070619,-0.19731125720137377
05/16/2012,0.03779787019828712,-0.6289912279934298,-0.1256627035337763
05/17/2012,0.005060823324027297,-0.6299573685503316,-0.06592806469212781
05/18/2012,-0.031992306614978205,-0.6334116116937322,-0.04538180915764389
05/19/2012,-0.07622727873579066,-0.6336120738221656,-0.03384833846608454
05/20/2012,-0.1149149717863634,-0.6095432307810188,-0.02736248823423776
05/21/2012,-0.1444667942630108,-0.5821909543011055,-0.03906715067099564
05/22/2012,-0.18717601517189975,-0.5859332076202428,-0.05882845614363941
05/23/2012,-0.22738245232959803,-0.5694151047501427,-0.06876484053723181
05/24/2012,-0.2328703727843104,-0.5434671788050177,-0.1032697763908913
05/25/2012,-0.212323450388763,-0.5431904424220912,-0.15542000010152662
05/26/2012,-0.1928999760050164,-0.5555812214873264,-0.1992669575415515
05/27/2012,-0.19097911212983798,-0.5567843465639596,-0.21320169779680737
05/28/2012,-0.20859189193531769,-0.5618993603109494,-0.22187875367557292
05/29/2012,-0.22576872710036278,-0.5522298517033363,-0.21172155262462677
05/30/2012,-0.24186566102531698,-0.5458051403070361,-0.1756576316933705
05/31/2012,-0.2527846379952708,-0.5217006556396572,-0.11270601633050442
06/01/2012,-0.26786330385323887,-0.4555391107348371,-0.027610775100529672
06/02/2012,-0.2775422433922826,-0.37920120628723397,0.06177347059762289
06/03/2012,-0.26551390599295654,-0.3426478707781041,0.11261360474264825
06/04/2012,-0.25525308326430796,-0.3006178793869433,0.19439537882090246
06/05/2012,-0.26824311828246156,-0.26535885749734855,0.27687713602227987
06/06/2012,-0.28145749071341336,-0.237178368269464,0.3564446570700469
06/07/2012,-0.28475035304547724,-0.17619736603234765,0.4330760307192612
06/08/2012,-0.2703040875672038,-0.13734987240368815,0.47221904963412237
06/09/2012,-0.23631452988176405,-0.11368301053748273,0.49611070593101086
06/10/2012,-0.20790662643512753,-0.07955606534274193,0.5233330337645394
06/11/2012,-0.18391195167369506,-0.04304894064060691,0.5431347938875644
06/12/2012,-0.134473305422681,-0.02002221882249894,0.550994803788283
06/13/2012,-0.06582690089376741,-0.04482561992654066,0.5323834734876592
06/14/2012,-0.0038069796333362604,-0.10483067575571486,0.4615982228707573
06/15/2012,0.03695422945508131,-0.1639096951972035,0.3821996618673189
06/16/2012,0.07229557138407994,-0.19721130480985072,0.3043243787274955
06/17/2012,0.11970593594394274,-0.20950108948114599,0.2587620142668252
06/18/2012,0.14541364605340706,-0.2018484154334263,0.25287081087686614
06/19/2012,0.1617689623820167,-0.15403103424586445,0.25998993666390213
06/20/2012,0.20706677656107414,-0.06406440607755148,0.2883019025930995
06/21/2012,0.267170823298431,0.06681998335982847,0.31174243070246843
06/22/2012,0.3523247560816636,0.20392357234537217,0.32417945621321287
06/23/2012,0.4524937404834771,0.3069668019749683,0.3530445187716671
06/24/2012,0.5367115460774389,0.583119413818147,0.5362655780219964
06/25/2012,0.641577381819957,0.9170179191028223,0.6179093112571175
06/26/2012,0.7767854121112858,0.9888721422008937,0.5573691907055851
06/27/2012,0.8464987308902464,0.9287491225708924,0.43812734362950845
06/28/2012,0.8402472194445283,0.7423790589977721,0.38594478054439196
06/29/2012,0.794159400057427,0.6023097578906698,0.4382823859756608
06/30/2012,0.7388965290077731,0.5308747202451144,0.5091870123011151
07/01/2012,0.6864206513474058,0.5076919268577695,0.5895354257727715
07/02/2012,0.6461326602945903,0.5359311337565508,0.7076272976768345
07/03/2012,0.6251068701559135,0.5811111520382026,0.8413617290738321
07/04/2012,0.6228994853986471,0.6220967909348254,0.9772667938933306
07/05/2012,0.6305683030207572,0.6518051139593954,1.1185744007642167
07/06/2012,0.6419695228837974,0.6644255378354986,1.228673009937207
07/07/2012,0.6419536376671606,0.6799790268081383,1.3024657006514806
07/08/2012,0.6260873512179637,0.684304875058302,1.2973822512486533
07/09/2012,0.6046015868386245,0.6380382862767413,1.2182124192965775
07/10/2012,0.5590096210036668,0.5682063584819528,1.1145100677094497
07/11/2012,0.5069896453921701,0.5470735164208891,1.004800017946756
07/12/2012,0.47217163513832616,0.519739442418952,0.8874439986853138
07/13/2012,0.45834650731109056,0.44606185948658084,0.761066389506591
07/14/2012,0.4358729245871841,0.38414806832963283,0.6672761170617205
07/15/2012,0.4107711272675412,0.37918577924464164,0.6358497516987326
07/16/2012,0.40490775806669993,0.3678337744952102,0.6429636431328138
07/17/2012,0.4137594923753666,0.3325581355047492,0.6943878336846733
07/18/2012,0.3975886720155144,0.30145497420807227,0.8003966278365585
07/19/2012,0.3663978840577958,0.3200852104179333,0.8948424928453546
07/20/2012,0.3358375887863183,0.3464421049408369,0.9739814867490005
07/21/2012,0.30582094946254806,0.4030361925500597,1.0567292626945197
07/22/2012,0.2982176537732707,0.4907125966827905,1.1472536235044632
07/23/2012,0.3436554266162414,0.5893586360920853,1.2724049739176704
07/24/2012,0.41884841140708406,0.6501305447031456,1.3934311672832036
07/25/2012,0.46364611641013564,0.6366386918732911,1.520146453092305
07/26/2012,0.4712352144577532,0.6581986462724461,1.611524500351004
07/27/2012,0.4660354290872833,0.7118179792387989,1.6601581721304108
07/28/2012,0.45808093437057645,0.7615319999139353,1.6876458694860121
07/29/2012,0.45633998066258685,0.8021414346931348,1.7347676247880734
07/30/2012,0.4692959706898815,0.8526789707025713,1.831585382061795
07/31/2012,0.4964413479347119,0.8997206327399426,1.9707380179926746
08/01/2012,0.5370435214246859,0.9524020096314213,2.123674328317855
08/02/2012,0.559045096764611,0.9680571976100516,2.236870051386963
08/03/2012,0.5685262598535537,0.9828736623776198,2.2793796519343377
08/04/2012,0.5744805746711259,0.9927249021766553,2.2448592564800807
08/05/2012,0.5759909175897664,0.9862565635508822,2.1715170853076318
08/06/2012,0.5750264318035919,0.9763142526442898,2.098267955773429
08/07/2012,0.5682275223960802,1.0055641080945157,2.035320560354029
08/08/2012,0.5714762509738383,1.021259165371683,1.9631104701702295
08/09/2012,0.587352846304962,1.017421319684324,1.8826624822632296
08/10/2012,0.5937709507501092,0.9990816772277257,1.8088065735496615
08/11/2012,0.577762284333774,0.9831227427375568,1.7050781719268804
08/12/2012,0.5579615635696789,0.9359668748302938,1.5567464691497999
08/13/2012,0.5535780875650601,0.8737125211821548,1.4028942687860626
08/14/2012,0.5222931622727135,0.7944323916813556,1.261824561228312
08/15/2012,0.46472810877573917,0.6987818342527577,1.1502098967872567
08/16/2012,0.4237515504456041,0.6244272952926396,1.075622842291092
08/17/2012,0.40084150947147745,0.5569895805285936,1.0112957688152044
08/18/2012,0.36541773317345655,0.4830434229695476,0.9724883165589862
08/19/2012,0.3301721427812333,0.440020926787253,0.9452902939767915
08/20/2012,0.27777855274423563,0.405621825187914,0.9420944983256833
08/21/2012,0.22187165172211173,0.39548192931876147,0.9643646819205138
08/22/2012,0.20639541521124177,0.40330324051728983,1.0039938464384197
08/23/2012,0.22016089093165667,0.4195882929516093,1.0211102211883336
08/24/2012,0.23467381562154702,0.44733374295583617,1.044332042612087
08/25/2012,0.26150435007379524,0.4958692412584449,1.0737363246780034
08/26/2012,0.3331387161599984,0.5738154814295232,1.1208390090816884
08/27/2012,0.4283808987871914,0.5751565343150885,1.0543447917519395
08/28/2012,0.5550078671217222,0.8649935929486551,1.071822012244938
08/29/2012,0.7434534583709707,1.263692626244481,0.9249481376313
08/30/2012,0.8424645462195972,1.1269908422808654,0.7874627851349574
08/31/2012,0.8219029859454434,0.891298170026794,0.6675791820403647
09/01/2012,0.8525481002027611,0.6336523698492522,0.5642864490045079
09/02/2012,0.8357227942428591,0.4509206293177863,0.4777738748378459
09/03/2012,0.8011531876884477,0.3225535251493379,0.4314675830350271
09/04/2012,0.738699853150043,0.21176872291828544,0.3922852861847972
09/05/2012,0.6529163815273,0.14114874526242388,0.3535393477199317
09/06/2012,0.5491248706901618,0.14587469572206105,0.32302558570876283
09/07/2012,0.4848605480821928,0.1974867063912001,0.2816545583707575
09/08/2012,0.47493239774263396,0.23064134567359895,0.24480029071918558
09/09/2012,0.4881400565600841,0.20781320701845787,0.21863708754392422
09/10/2012,0.5430704386527143,0.139257860106597,0.11713178460236266
09/11/2012,0.5791716662450528,0.06970548714293892,0.0012381380588750296
09/12/2012,0.5766214102760105,0.02305259480456101,-0.08862178453640422
09/13/2012,0.5666749901029944,0.031122751492345502,-0.12056557989104945
09/14/2012,0.638986000382434,0.053283739970777066,-0.12470741383070366
09/15/2012,0.7386745395253769,0.03378612632645914,-0.1568531984026061
09/16/2012,0.7855814564456896,0.012397862397005355,-0.16725195064084308
09/17/2012,0.7662973170568406,0.07948309498267192,-0.13893483151144656
09/18/2012,0.6773317026951348,0.1614557232823513,-0.1101681666733322
09/19/2012,0.6065558353492305,0.1136884282680615,-0.1328941041629509
09/20/2012,0.5879458821639814,0.03989951663167296,-0.1967155553736215
09/21/2012,0.5386155342028414,-0.04387597903515755,-0.2321873451985203
09/22/2012,0.43625864552882854,-0.1191325975732308,-0.24110773762527501
09/23/2012,0.30668564820656785,-0.18482451854623516,-0.28580249793902024
09/24/2012,0.22993503171129193,-0.26852368124090636,-0.3610517183725961
09/25/2012,0.1557138699891415,-0.3375278073114196,-0.43728495658594674
09/26/2012,0.09614474783330507,-0.3580701844739661,-0.498244596325347
09/27/2012,0.04089427679110025,-0.3576679684283365,-0.5493954643847482
09/28/2012,-0.015024437255873102,-0.34762472184547744,-0.6023697537870876
09/29/2012,-0.07858823281602889,-0.3353233110753432,-0.6561739113033971
09/30/2012,-0.15902741128922604,-0.31478662952687186,-0.6883906233867055
10/01/2012,-0.34169390202728733,-0.2891432134230132,-0.6750714673851668
10/02/2012,-0.5209402652681104,-0.2958102526470915,-0.643821771578616
10/03/2012,-0.5963734726883898,-0.30913575831529927,-0.6575549689567903
10/04/2012,-0.6508358095295905,-0.2693014555095792,-0.6482407827667809
10/05/2012,-0.6883494640054515,-0.2149780389515299,-0.6385399442563093
10/06/2012,-0.7142036996466812,-0.20286323293950315,-0.643480686532359
10/07/2012,-0.7609438034490816,-0.1992680086682842,-0.650142881709608
10/08/2012,-0.7592765894303379,-0.1639331822655643,-0.6227730993128984
10/09/2012,-0.7237818982968407,-0.09909319597956745,-0.5730798971114209
10/10/2012,-0.6790601708541963,-0.04529776871820712,-0.5090227782884909
10/11/2012,-0.6002012596019775,0.006427508338088916,-0.443202088282419
10/12/2012,-0.4918005779501555,0.06864299088810089,-0.37923038273838106
10/13/2012,-0.38927654598052186,0.10839831842646275,-0.3323357334325021
10/14/2012,-0.33127617151212685,0.16668271162773407,-0.264379305690319
10/15/2012,-0.32491885645258733,0.26026581986412867,-0.19872932051289127
10/16/2012,-0.3053512411538981,0.26650874135133396,-0.16984538993796217
10/17/2012,-0.2968450928515374,0.27779956228769853,-0.13068926485251453
10/18/2012,-0.3238424404216924,0.31392472854066344,-0.06671333936500656
10/19/2012,-0.3628121052392008,0.35848257438151343,-0.01255539639564418
10/20/2012,-0.3450117111198907,0.3893621975050905,0.007939083678569991
10/21/2012,-0.33401374830369446,0.37149699382932,-0.010270499888411555
10/22/2012,-0.3194241856979645,0.3966992640717504,-0.017538338106398266
10/23/2012,-0.27315304430730625,0.48030013338534383,-0.005112024759849287
10/24/2012,-0.20385736364892026,0.5550634060525581,0.0045832547866275775
10/25/2012,-0.09680494434505782,0.5688164938002238,-0.035148973735264155
10/26/2012,-0.002702535183248145,0.5094627930942859,-0.09499312822524164
10/27/2012,0.043552390813067055,0.30169683229448774,-0.17582403542578962
10/28/2012,0.03814070472365305,-0.027080846193776376,-0.19204290123707146
10/29/2012,0.0027940799512382597,-0.2762428824097505,-0.18887575250990407
10/30/2012,-0.008571444032381637,-0.4525287731834009,-0.14415879691656186
10/31/2012,-0.07202877562329157,-0.461209006471778,0.018919944657425747
11/01/2012,-0.19935384970240522,-0.298371928475218,0.22572273781786079
11/02/2012,-0.2651858560918503,-0.09754598535149106,0.3768982767300848
11/03/2012,-0.2638846257247971,0.07274418532941862,0.469570183002582
11/04/2012,-0.23744252700872015,0.1817536587809634,0.5388619388184379
11/05/2012,-0.20885893233233555,0.27016732198944937,0.5920937665015984
11/06/2012,-0.2082785532856497,0.3277334219226635,0.6024911391429333
11/07/2012,-0.21228753439086923,0.3167051276928712,0.5409074752628715
11/08/2012,-0.21661473343862614,0.18588309642198309,0.4676086396637551
11/09/2012,-0.20418867864074008,0.17127689963388693,0.5060450209292455
11/10/2012,-0.18972942617242516,0.34168873332889094,0.5908517235244433
11/11/2012,-0.10843728860722313,0.5247878703271456,0.6487027662523319
11/12/2012,0.03118408042855103,0.7209358940460238,0.7134261898033822
11/13/2012,0.1707644340550838,0.8176437218567554,0.7478324033256676
11/14/2012,0.3950782574905123,0.7846437449194963,0.733586848003275
11/15/2012,0.5345510832418341,0.7671949082480427,0.7279852788103389
11/16/2012,0.5925897950113588,0.7450507717411552,0.7241575466245616
11/17/2012,0.6228046877085942,0.6941679171091835,0.7202299965451613
11/18/2012,0.6613327948645389,0.6340854126721049,0.7006260056959246
11/19/2012,0.6674894352473761,0.6016084927471745,0.6907014290287687
11/20/2012,0.6373003330981686,0.5728779363783445,0.6797543681740541
11/21/2012,0.6008666532352223,0.5462583977135298,0.6750667819298404
11/22/2012,0.5737078120769814,0.5720631699770088,0.6739027267541275
11/23/2012,0.5591298790640327,0.6114026589700968,0.7060830418250068
11/24/2012,0.5486258254201211,0.6671438724095743,0.7816418600343313
11/25/2012,0.610809551512628,0.6668022530003054,0.7887877256554743
11/26/2012,0.6617258897751099,0.7477748019293067,0.8280751153286712
11/27/2012,0.6558908424847647,0.866860873600782,0.868972129401105
11/28/2012,0.6965539887924095,0.8658944981731936,0.8662559465559385
11/29/2012,0.7908463601984541,0.7548062430189614,0.8326128530033121
11/30/2012,0.8427840115001627,0.7190246925760704,0.8878733779334094
12/01/2012,0.8580451555742002,0.7906320665857051,0.9753549971957984
12/02/2012,0.8996984681568135,0.8463792105099375,1.0176320545121356
12/03/2012,0.9540643564193954,0.875822012226718,1.0375389480344992
12/04/2012,0.9978488193939786,0.9063389362971804,1.0520091747703053
12/05/2012,1.0239139652210079,0.9350458294446388,1.0630272442891808
12/06/2012,1.0533320657238754,0.9312573066008352,1.052857058796786
12/07/2012,1.089987331518679,0.8876984244949172,1.0238942071636852
12/08/2012,1.116634800772259,0.8155814985372588,0.9860838788578251
12/09/2012,1.1194390734618613,0.7238583899618034,0.9514450409517443
12/10/2012,1.0879354237778385,0.669389588450616,0.9125336725875722
12/11/2012,1.001040684032271,0.6140864675536871,0.8730677468444796
12/12/2012,0.9777890925572194,0.4861825283732569,0.7995714260062319
12/13/2012,0.9483110831426436,0.34833621956856137,0.7326589067799981
12/14/2012,0.9164579586925852,0.20475113919896454,0.6411944318329182
12/15/2012,0.8471725502297148,0.17092694231535627,0.6478880331279147
12/16/2012,0.7556613390733669,0.2344083191321834,0.6611625956883632
12/17/2012,0.6857898651698666,0.2843459366980885,0.649175481073755
12/18/2012,0.6055411992370852,0.31211557838272375,0.6423139341439177
12/19/2012,0.5971456604685932,0.28331914078715054,0.6150936351293664
12/20/2012,0.6070004746694481,0.31219813542800234,0.6344729545651919
12/21/2012,0.5174866185584626,0.2602196677748058,0.6346307155287696
12/22/2012,0.5425441720645552,-0.0825534850065795,0.47502681336786856
12/23/2012,0.5167068855459278,-0.20665668806766024,0.5229804250264959
12/24/2012,0.4366597747637503,-0.04202625496663115,0.5713034846206689
12/25/2012,0.3872029320521052,0.07041485532502306,0.545288182348765
12/26/2012,0.27269554022494275,0.17920965697177715,0.5218797095792178
12/27/2012,0.21549459937261636,0.050736449972019204,0.3882599064543681
12/28/2012,0.275494126520595,-0.1076946888712774,0.3146720858802983
12/29/2012,0.23460972445880796,-0.053899790068954484,0.2964622182786612
12/30/2012,0.19984505624881957,-0.18576388384521575,0.16223888208480625
12/31/2012,0.12721875946728733,-0.3921152007785256,0.10759123524538872
01/01/2013,0.22941508685273038,-0.3199887557197467,0.05411846604306353
01/02/2013,0.2014703860510605,-0.256162823610106,-0.004235318027089208
01/03/2013,0.23603540680390495,-0.28372260833896373,-0.07742427279046282
01/04/2013,0.28197237166256334,-0.31336416937172545,-0.12052519291660496
01/05/2013,0.283299906187429,-0.3489301085270858,-0.18711265476649658
01/06/2013,0.26445853511175516,-0.3691980392958728,-0.21326165620892218
01/07/2013,0.241460006510536,-0.3774139332428131,-0.23080355545088058
01/08/2013,0.2656453772444525,-0.3843302876975142,-0.25124094455910384
01/09/2013,0.25652520845509336,-0.3653008300432425,-0.25558971803431724
01/10/2013,0.2543209787293098,-0.33993291725121627,-0.26635511843791276
01/11/2013,0.24655237406503616,-0.3389074131290406,-0.2848803862375737
01/12/2013,0.2654696126418794,-0.38177747823769276,-0.3222150782226788
01/13/2013,0.30555469114683637,-0.40160097495547276,-0.3314239687078343
01/14/2013,0.2774336387599954,-0.38219560677213377,-0.3121497826713459
01/15/2013,0.22105924278262795,-0.36191904450572915,-0.2774762925371543
01/16/2013,0.19865250270240087,-0.35403960281301106,-0.25455035407287874
01/17/2013,0.15304156999215007,-0.3706175977074256,-0.2164569243671005
01/18/2013,0.13254123934055828,-0.5632885371089263,-0.24786097272135144
01/19/2013,0.14796442729886372,-0.6571211954466223,-0.22462539590494057
01/20/2013,0.10899432224440908,-0.5458729933568707,-0.1603881585333144
01/21/2013,0.07748458261589863,-0.4833811267299592,-0.113273828708705
01/22/2013,0.059913148397367444,-0.47872505029868617,-0.10298171119584629
01/23/2013,0.05262407183166001,-0.5239770564448536,-0.09547053642987224
01/24/2013,0.037556191778987724,-0.46005435761358077,-0.0024554757157617124
01/25/2013,0.020950784175963966,-0.3432961480047323,0.08522987754820488
01/26/2013,0.03648674616647596,-0.25453569823194094,0.17120457122792734
01/27/2013,0.06199290112534328,-0.19849872388416767,0.22381967851874246
01/28/2013,0.08390826339575719,-0.14562117125423324,0.3079780517219458
01/29/2013,0.09763129293683659,-0.019798773507021694,0.39979894958673856
01/30/2013,0.1352515948140116,0.08611492818193811,0.46312309668999513
01/31/2013,0.11244108407715814,0.13514899822811088,0.4910807090968335
02/01/2013,0.16995804168726203,-0.012992279814567576,0.39052830185195797
02/02/2013,0.19092106137405485,-0.11141994820580664,0.3858572301942073
02/03/2013,0.14517912148455392,-0.054942473890979615,0.4158808295407579
02/04/2013,0.1197603902468184,-0.06867718300765546,0.37528594719023844
02/05/2013,0.10557045273309318,-0.022202440082772945,0.38397846266960173
02/06/2013,0.06312856571252001,0.04161122003365242,0.3565082131571972
02/07/2013,0.07651573114662658,0.01990588068136173,0.30031836740692225
02/08/2013,0.0563641782192299,0.018872390955943952,0.272198408905619
02/09/2013,0.03922703775257863,-0.04357948893708846,0.21051184332709005
02/10/2013,0.05631432138456316,-0.09326849588442593,0.17797839202524257
02/11/2013,0.04349895037660456,-0.0067671497816412796,0.18221030552743356
02/12/2013,0.05416170944124954,0.013550984595759041,0.14393209098931392
02/13/2013,0.07762211997658375,-0.01646631081306016,0.09471890735757654
02/14/2013,0.08798889306470015,-0.09556764500598014,0.03179971252194502
02/15/2013,0.10162339829227784,-0.21884187198936922,-0.06467497146292422
02/16/2013,0.10192642806001384,-0.34980312285794923,-0.12596997497907148
02/17/2013,0.06373158027575565,-0.5688766978479851,-0.24379396162553252
02/18/2013,0.03433798629647822,-0.7520829358779544,-0.2681984627831941
02/19/2013,-0.03379495520225395,-0.600463516599819,-0.20154494258744715
02/20/2013,-0.0879541155300696,-0.5270023082846975,-0.24239630823292002
02/21/2013,-0.03911393472713609,-0.5639578598394583,-0.31123462300762333
02/22/2013,-0.054465143943997596,-0.5609263839264994,-0.3257565846273128
02/23/2013,-0.10017575363717235,-0.5399290035321888,-0.3223276370994716
02/24/2013,-0.11976560090187383,-0.5673801018522169,-0.32585859364542735
02/25/2013,-0.10781646946726087,-0.6297679794839735,-0.33245976194787624
02/26/2013,-0.16755511953553515,-0.6418102104547777,-0.3035634150008118
02/27/2013,-0.28505337114657425,-0.6741583625274329,-0.3159727674207182
02/28/2013,-0.3000370925688408,-0.7257770082933852,-0.3169473714804454
03/01/2013,-0.3070003937910243,-0.7703624514395584,-0.2911879844341847
03/02/2013,-0.31880373342213164,-0.8014586253333936,-0.2835354821383368
03/03/2013,-0.34966309632879344,-0.8798265170991711,-0.2991084125640152
03/04/2013,-0.34905810069927723,-0.8757411764289917,-0.31651985874580824
03/05/2013,-0.3675480893154637,-0.7348936900295259,-0.24234526314747684
03/06/2013,-0.3808609280777212,-0.5561252161304444,-0.1780960963202708
03/07/2013,-0.3166431238408772,-0.5594562696003056,-0.22165451512551726
03/08/2013,-0.258401462837079,-0.5485685454746382,-0.18986048718768622
03/09/2013,-0.22830345305025346,-0.4422836893879528,-0.13926162019529453
03/10/2013,-0.19526117522350506,-0.315607654141272,-0.06670289775864613
03/11/2013,-0.15608687359674323,-0.12431922230098935,0.050851093658478064
03/12/2013,-0.12192885190483327,-0.0008919183495769145,0.15043169661381706
03/13/2013,-0.04747601548737479,0.01814071005892237,0.15369160294456885
03/14/2013,0.025653798833973118,-0.0008210461208095765,0.16571734627248158
03/15/2013,0.06198424313198092,0.06623476891174218,0.24210286763817424
03/16/2013,0.06349898842013424,0.2607541405930113,0.36954869058417983
03/17/2013,0.09520074473197315,0.4699619138016332,0.4695341646543869
03/18/2013,0.16191704040974086,0.630033506934386,0.5501585786595485
03/19/2013,0.21606879008221846,0.7252814372936573,0.6080120965465824
03/20/2013,0.2621514733715642,0.726946729157907,0.6268312996394968
03/21/2013,0.2825177151852566,0.658831940930771,0.6333666936307405
03/22/2013,0.27008876216078004,0.6204756206191435,0.6395151512668643
03/23/2013,0.2372509377112223,0.6886228210006147,0.6324772188152495
03/24/2013,0.23230865427050296,0.6803557252446512,0.607403532006521
03/25/2013,0.22206456054598367,0.5675755791212518,0.5737352810985903
03/26/2013,0.24274571852508442,0.3051267908998629,0.5091643841581582
03/27/2013,0.21372889400278827,0.07971364513632684,0.4850470014619921
03/28/2013,0.16056338515913726,0.051086725456629956,0.4949805860854028
03/29/2013,0.1277724826312434,0.1251689318591347,0.5132552541651341
03/30/2013,0.11380104939072133,0.23262426599743652,0.546530279379119
03/31/2013,0.110690591901902,0.3430292236154692,0.5707291394453663
04/01/2013,0.11444397877081991,0.41235993737149834,0.5709949553076121
04/02/2013,0.12366962099628376,0.39686082096210523,0.540630798407737
04/03/2013,0.1308689259104665,0.35478514722299154,0.5107467412303588
04/04/2013,0.11621949107943996,0.339582202745588,0.4882163818900354
04/05/2013,0.0979859771734588,0.27076233272635053,0.44515831042066784
04/06/2013,0.11093595062909456,0.15366015500139601,0.3581335406153077
04/07/2013,0.10728264429363721,0.0861499239137895,0.3335928651279725
04/08/2013,0.06863743410880452,0.15971758736624592,0.334702426225985
04/09/2013,0.056578280122924984,0.20662231979509144,0.31565400716516134
04/10/2013,0.06393148453779074,0.25664026313478083,0.2830751508946238
04/11/2013,0.05992840994499404,0.2971022578423633,0.24423884883256758
04/12/2013,0.039763429790600435,0.30365268377204563,0.16393713877373844
04/13/2013,0.050624148737414276,0.17951154909556843,0.04386818277749349
04/14/2013,0.05836032261298124,0.03436757328138362,-0.04216916083220912
04/15/2013,0.0022626889319632415,-0.019714161343263814,-0.0885996975091235
04/16/2013,-0.04462129898049966,-0.09744555355653789,-0.1494977828807918
04/17/2013,-0.060575816251902836,-0.17010391515751755,-0.198649290415658
04/18/2013,-0.07240135116260371,-0.19429583043685827,-0.23048052689351012
04/19/2013,-0.10054408521926594,-0.1982476471234227,-0.28443396491008166
04/20/2013,-0.13095895555135773,-0.2844547589773516,-0.4004359503868871
04/21/2013,-0.11495667257080977,-0.4258530758474832,-0.5536529275292164
04/22/2013,-0.12239242141393059,-0.49717155891631304,-0.630327677328141
04/23/2013,-0.14945081517458375,-0.5378503392648435,-0.6660818787545055
04/24/2013,-0.16872541609616715,-0.562039142507626,-0.645515740794057
04/25/2013,-0.19334236578742509,-0.5576457102182661,-0.6001500094685452
04/26/2013,-0.19390928092070292,-0.5948039551729527,-0.5928978337330542
04/27/2013,-0.18684193703250063,-0.6334559776752051,-0.5855500600474137
04/28/2013,-0.18338743436669713,-0.6387674020313373,-0.570954330569751
04/29/2013,-0.17874106352968233,-0.6418863672739263,-0.5515233574027947
04/30/2013,-0.15577184737209887,-0.6683686240241927,-0.5394373175749144
05/01/2013,-0.12718502429141088,-0.7102017937825137,-0.5151230177089288
05/02/2013,-0.11171087890605708,-0.6983534485610041,-0.45392791323916004
05/03/2013,-0.09855252662708158,-0.7243945594498378,-0.39603629413175584
05/04/2013,-0.08452481642969895,-0.8149591096608682,-0.3607360206630949
05/05/2013,-0.06327333148095404,-1.0156447762688285,-0.3629791640758004
05/06/2013,-0.1307952974649348,-1.2197361265063589,-0.3027544437222921
05/07/2013,-0.19684760576179605,-1.265563096085928,-0.2277602458340114
05/08/2013,-0.231848754587137,-1.2798159886482505,-0.19118912015873718
05/09/2013,-0.2437418291833625,-1.283973258465271,-0.18301111317170787
05/10/2013,-0.2547324180306311,-1.2832837368559558,-0.19047071535931082
05/11/2013,-0.2741128225660385,-1.2665975840117545,-0.20236069012134722
05/12/2013,-0.2890555285790581,-1.26255974593733,-0.22444178778760904
05/13/2013,-0.2834961063062678,-1.281641579754041,-0.25623532880888167
05/14/2013,-0.26581142113217254,-1.324961539657089,-0.3100363213675913
05/15/2013,-0.2708053590417733,-1.358753206951022,-0.33686789866632844
05/16/2013,-0.2985733413941458,-1.2842017289227248,-0.3269984247225677
05/17/2013,-0.32275955591554867,-1.2045468045286063,-0.31663282338639487
05/18/2013,-0.3244458101824132,-1.1468185851060493,-0.2971652097487311
05/19/2013,-0.3204118456302437,-1.1057196798222697,-0.2643521871919754
05/20/2013,-0.32070500675300323,-1.0525892889014585,-0.22848737455503548
05/21/2013,-0.3208322352317599,-0.9957135326249552,-0.20661483947951237
05/22/2013,-0.3219906453947242,-0.9349711002846854,-0.20569789445508913
05/23/2013,-0.3250691857046166,-0.9096694210254281,-0.1888811762679401
05/24/2013,-0.32552266645025957,-0.9378110391551827,-0.16609725513198476
05/25/2013,-0.3388229217730105,-0.9704974050121918,-0.13521246270646892
05/26/2013,-0.359958734462954,-0.954242533460713,-0.07499074500504349
05/27/2013,-0.38545648823334877,-0.8854133860494713,0.0024695229250344952
05/28/2013,-0.4028939436732092,-0.8036894858036993,0.07716321214658112
05/29/2013,-0.39055278123398984,-0.6856608606673706,0.13987469649544243
05/30/2013,-0.3419222265924129,-0.5493579458421486,0.1562007651014179
05/31/2013,-0.26995757273394544,-0.4582371044170561,0.157821061088468
06/01/2013,-0.20905101072185933,-0.4148255449474155,0.16514842485521247
06/02/2013,-0.1647012101297377,-0.4073389831906543,0.18155191319331454
06/03/2013,-0.14802305337061117,-0.4171698479578895,0.20686938289020879
06/04/2013,-0.152307035824367,-0.3744236771348274,0.24668268301838459
06/05/2013,-0.14596267106846816,-0.27249408685142085,0.29003189001081847
06/06/2013,-0.10905569979709501,-0.11384921568606632,0.34384120072733054
06/07/2013,-0.058983259082711126,-0.018390430170611344,0.31276813390083624
06/08/2013,-0.04667203275614107,-0.13458148579628565,0.2675044521698183
06/09/2013,-0.10032128863579293,-0.13557663288261315,0.2634305836658644
06/10/2013,-0.1629126741446575,-0.090783211746129,0.2570884955466624
06/11/2013,-0.1808569890604395,-0.08057308954258854,0.21388503890946958
06/12/2013,-0.17588770442007234,-0.11246617966581149,0.14930708167899853
06/13/2013,-0.19131940362609634,-0.14596555039402953,0.09604080464962356
06/14/2013,-0.2256752384545203,-0.16217145140798284,0.05928440722545869
06/15/2013,-0.2577532139271606,-0.17050237327221102,0.03508501966627836
06/16/2013,-0.27225582973512186,-0.16102810092031944,0.026898248181272733
06/17/2013,-0.2688066832855559,-0.13430997528606992,0.052906855350555504
06/18/2013,-0.26996039758771473,-0.10365682621913175,0.09578947455487019
06/19/2013,-0.27919451437448,-0.061494015456409146,0.13466172728918335
06/20/2013,-0.2865800762052219,-0.02989116678042142,0.1673936376632731
06/21/2013,-0.2871998564589974,0.00708176520492354,0.21499821130526264
06/22/2013,-0.28529788608628104,0.05890093181698092,0.26738300706591145
06/23/2013,-0.267172890588651,0.11296898522430754,0.3241483070305592
06/24/2013,-0.23940087273089594,0.16774452784825034,0.37477647016896665
06/25/2013,-0.20364181930849667,0.22836864408166696,0.40950818740777317
06/26/2013,-0.16724438562115979,0.2589635452190752,0.424455308332091
06/27/2013,-0.14180008395386606,0.2803585616806858,0.4293290184291747
06/28/2013,-0.12611572542455118,0.2866631954400032,0.4336292219780996
06/29/2013,-0.1348708644089453,0.2742815763314277,0.4379868005276676
06/30/2013,-0.17918750048411242,0.2708731916889957,0.4520351140692038
07/01/2013,-0.2035363825588039,0.3053073477378646,0.474301158873327
07/02/2013,-0.1841479803854597,0.3688164980130244,0.5022081725349016
07/03/2013,-0.14380657391595975,0.44317450131572256,0.5665798800282624
07/04/2013,-0.0819451012713664,0.5493508471465971,0.6513074992597693
07/05/2013,-0.006052139728901451,0.6332212892872662,0.7043620081644224
07/06/2013,0.07122793507242337,0.6585911397624298,0.7081307828707534
07/07/2013,0.13043536588684218,0.6701206480309809,0.6757388619806723
07/08/2013,0.16387704868712288,0.6294038186317126,0.6538946897944369
07/09/2013,0.1909683134734323,0.5986866673034964,0.6220643054205585
07/10/2013,0.20301638816271428,0.5356455555830402,0.5667397509635779
07/11/2013,0.18788683825053004,0.46001607983478476,0.5062141161795352
07/12/2013,0.15368886505534657,0.4449966280789342,0.4470387010004512
07/13/2013,0.13050037420989724,0.45580584667861446,0.39677966118654995
07/14/2013,0.13337134279753377,0.5001525437749281,0.34958369168634373
07/15/2013,0.16750056565558025,0.5462723383792532,0.2976217423766867
07/16/2013,0.24194701863725881,0.5836290490615654,0.262989761878743
07/17/2013,0.32542368532470184,0.6180393070183783,0.2512971100503212
07/18/2013,0.40039636820812474,0.6040413665830807,0.26844371420298174
07/19/2013,0.4238417006278985,0.5754145643387238,0.29056019447218484
07/20/2013,0.3899099974150662,0.5622106042492667,0.33509273042060717
07/21/2013,0.3329332839163037,0.5494359877693948,0.37532648299338345
07/22/2013,0.27176899985598774,0.5415807964747561,0.4210315951572121
07/23/2013,0.21631348845398735,0.5425807584100966,0.4914411896525034
07/24/2013,0.15363522952018405,0.532671975293584,0.5466461249426547
07/25/2013,0.08171588338122593,0.500566855660761,0.5542077361483739
07/26/2013,0.0060489101401196566,0.46209245411296646,0.5179843094692197
07/27/2013,-0.046855831683060734,0.4285679522216023,0.44131795898085857
07/28/2013,-0.1014272005423868,0.3796741586911954,0.349397324375199
07/29/2013,-0.14314555813446878,0.33930722789278966,0.2274155166955547
07/30/2013,-0.15177027692221812,0.29358512807343584,0.10304087933914718
07/31/2013,-0.15079973787797096,0.24702148659481926,-0.0061121784618559105
08/01/2013,-0.15600781437767813,0.19737469765285642,-0.09144499439392656
08/02/2013,-0.16380991373661702,0.1331343362220433,-0.17586614023091152
08/03/2013,-0.17280586233304857,0.05492621523876978,-0.26394127019656016
08/04/2013,-0.19642633568638115,-0.030439413673567006,-0.32888940573740344
08/05/2013,-0.24866320136892578,-0.11208557172306824,-0.37665539221712696
08/06/2013,-0.32108372058985113,-0.1809143668282893,-0.41103742221721906
08/07/2013,-0.38841370657690655,-0.2078598472842454,-0.42372667050306567
08/08/2013,-0.43677428590845774,-0.19235785370897712,-0.4448845743824578
08/09/2013,-0.450421411261956,-0.13723675759182208,-0.4480346810302247
08/10/2013,-0.41777002716102385,-0.07243605342765502,-0.4558421445194676
08/11/2013,-0.3517297520074789,-0.03762892273326654,-0.49059463686458765
08/12/2013,-0.2990327286522095,-0.03421877656071165,-0.539799461762138
08/13/2013,-0.264170107720689,-0.07086465111916967,-0.6003985397931123
08/14/2013,-0.25944948358465403,-0.1138642474098146,-0.6608165660186646
08/15/2013,-0.27174412765274913,-0.13494606381487342,-0.7370870533484147
08/16/2013,-0.28619908781079534,-0.1494096353803639,-0.8134198659971115
08/17/2013,-0.289239877802168,-0.16550191770113667,-0.8523662112004304
08/18/2013,-0.27713545278319063,-0.13624536843643237,-0.8910430075145874
08/19/2013,-0.27394065323189526,-0.12361390563820163,-0.935885425273413
08/20/2013,-0.2545192699736666,-0.13097915668689167,-0.9807277213030987
08/21/2013,-0.22156797445005888,-0.14563326709443603,-1.0183497346315957
08/22/2013,-0.20483819990846122,-0.14973534230081784,-0.9874883953534457
08/23/2013,-0.1925965677065113,-0.10480933666345835,-0.9314107027161672
08/24/2013,-0.15914226478031304,-0.061605990054805784,-0.8960100027081879
08/25/2013,-0.13548286714325739,-0.062141025471999844,-0.8647861946317725
08/26/2013,-0.1299271135117239,-0.06506845367212954,-0.824369807774771
08/27/2013,-0.11987496309771688,-0.06373432947173045,-0.7641112467207413
08/28/2013,-0.12144495812317908,-0.059021707923384695,-0.6870155981370423
08/29/2013,-0.15024628665810397,-0.051787984457496584,-0.611278933656275
08/30/2013,-0.19814047162679088,-0.041691304794124195,-0.5232725400775358
08/31/2013,-0.24143300649536853,0.0046423982852672255,-0.4204278108479704
09/01/2013,-0.2958286474385392,0.06589966716394417,-0.32103475191878256
09/02/2013,-0.34729234697639844,0.11563435645923639,-0.2166172822189672
09/03/2013,-0.3785667799547521,0.16807728088921167,-0.0853769997183898
09/04/2013,-0.38091126183575374,0.23356181104861617,0.059660063347068165
09/05/2013,-0.3560463486820056,0.2956067187646729,0.18593785463217152
09/06/2013,-0.33466172874208916,0.3578246087391899,0.27692559769624936
09/07/2013,-0.3320648076562688,0.4144359006259825,0.31702508302918997
09/08/2013,-0.34289581060890795,0.44789763332716326,0.29331707542601415
09/09/2013,-0.3382779818008611,0.4485747655079195,0.23082725983847957
09/10/2013,-0.32675797133394735,0.46865080692821753,0.1609584267530683
09/11/2013,-0.3008953345042454,0.5263858963182713,0.09040056616700413
09/12/2013,-0.2240750505115192,0.561892765496714,-0.005616659715139513
09/13/2013,-0.14074047029992204,0.503394816126395,-0.10981749212469137
09/14/2013,-0.11129107628714668,0.40021095767500897,-0.19023383045566744
09/15/2013,-0.10302595771529666,0.3242825502642259,-0.25952302995961124
09/16/2013,-0.0955418561804251,0.2906708526315831,-0.32512290330832433
09/17/2013,-0.11120141469484796,0.2656939995277199,-0.403624239407787
09/18/2013,-0.11242626395096039,0.26242777036652654,-0.4656347668004142
09/19/2013,-0.09617898910734002,0.2686234241286625,-0.5070849992312455
09/20/2013,-0.0680882030108586,0.21056896932661465,-0.5215692653943623
09/21/2013,-0.09813639264942703,0.12397003445480542,-0.5064420664977258
09/22/2013,-0.19906713372161877,0.045995962107720334,-0.4864154726557734
09/23/2013,-0.27926304459314244,-0.03776514772974371,-0.47476181472807344
09/24/2013,-0.3815080030224389,-0.06123882845869755,-0.46584085423200616
09/25/2013,-0.486573339476451,-0.10634709374652024,-0.5143752761871057
09/26/2013,-0.5636334792344871,-0.21306434676167507,-0.5894716859754026
09/27/2013,-0.608632409210424,-0.31685152928150695,-0.6918592817132749
09/28/2013,-0.6229519598197191,-0.3873743291920443,-0.7730899068284885
09/29/2013,-0.6278719746080185,-0.3561192652807642,-0.8120540244860381
09/30/2013,-0.636696157420848,-0.2901091532491772,-0.856486377353419
10/01/2013,-0.6452480536796685,-0.22975308318339727,-0.891818990196558
10/02/2013,-0.6250178083973306,-0.19308231233247453,-0.9401644073758468
10/03/2013,-0.5664401365409061,-0.17349374501594406,-0.9855388220465756
10/04/2013,-0.5032392062873738,-0.15698668106797287,-1.0211770561802698
10/05/2013,-0.4227792633046634,-0.1902514747009667,-1.0545910149177369
10/06/2013,-0.40418163675403207,-0.23756147649432924,-1.083498155181755
10/07/2013,-0.4810781551120511,-0.3378516694063515,-1.1271580149358076
10/08/2013,-0.55793200717227,-0.5432646369803787,-1.2148952248127987
10/09/2013,-0.6614825249653069,-0.7143996375101247,-1.289349919158966
10/10/2013,-0.7884996532973987,-0.798052060938759,-1.3170775446466734
10/11/2013,-0.8630077394521791,-0.8371685402177925,-1.318842657732238
10/12/2013,-0.8999270740445802,-0.838727611815393,-1.3207255234711717
10/13/2013,-0.9238288221230035,-0.8429552841198139,-1.3243114204350022
10/14/2013,-0.915095181376369,-0.8461893947150299,-1.3218508282044408
10/15/2013,-0.8856988726025612,-0.8003798055660438,-1.288427739781582
10/16/2013,-0.8555401468029551,-0.7510378787713655,-1.2517421075633008
10/17/2013,-0.8355839123360211,-0.7123755806767101,-1.2219717454013448
10/18/2013,-0.8226588856409265,-0.6817195544438968,-1.1946592568525185
10/19/2013,-0.7705837336649455,-0.6567108763624097,-1.1776280519232156
10/20/2013,-0.7071334825516584,-0.6219170158616425,-1.150886554187018
10/21/2013,-0.6207545170802569,-0.5819903501596031,-1.1428208626185017
10/22/2013,-0.5602324286717864,-0.5815018191377612,-1.1141580327355827
10/23/2013,-0.5262724402348689,-0.6071656689910963,-1.0732760319235697
10/24/2013,-0.48370105017796594,-0.7307941984006603,-1.08049448868768
10/25/2013,-0.48052631809433977,-0.7689726628871469,-0.9901406298244844
10/26/2013,-0.4552969988046467,-0.7425180621598706,-0.8851394689052545
10/27/2013,-0.4219850391591695,-0.6781216291598189,-0.7357295299951447
10/28/2013,-0.4413522732724664,-0.5679602911583301,-0.581451196493673
10/29/2013,-0.4281659292607136,-0.43654403705798495,-0.44850585394923037
10/30/2013,-0.33792197685338543,-0.3023916569292844,-0.31569473806824133
10/31/2013,-0.21758313300430854,-0.17398656242776234,-0.1978953812841462
11/01/2013,-0.19208662657194275,-0.052347916167152064,-0.08682285784987864
11/02/2013,-0.17420009275594284,-0.05849230940259709,-0.050607262411972886
11/03/2013,-0.13654802044549874,-0.1959083351149713,-0.11897485060784874
11/04/2013,-0.11252043797199618,-0.34027659177896386,-0.17239410058802118
11/05/2013,-0.11650080367542093,-0.2977393384289464,-0.16651300071656028
11/06/2013,-0.05524051127343421,-0.21027707764197046,-0.12557204242510522
11/07/2013,-0.021506437765059783,-0.14025555048786376,-0.10075341873804877
11/08/2013,0.02384405810243173,-0.25388998000511176,-0.16710265666376678
11/09/2013,0.09721647967003388,-0.3432610935552052,-0.18798151678118913
11/10/2013,0.009001065758745819,-0.2795945799220487,-0.11385220442240462
11/11/2013,-0.046987499217733486,-0.16721635625592368,-0.05562907629430702
11/12/2013,-0.04196762401445331,-0.11312622500433966,-0.02396124089678775
11/13/2013,0.0018972555764578125,-0.1770656583718182,-0.059148833759518515
11/14/2013,0.1238372045288545,-0.23280311388035702,-0.05536334158482181
11/15/2013,0.08693115041779542,-0.05408020489388887,0.1126344744785448
11/16/2013,0.07286550646982515,0.1739037179367624,0.21842870073552434
11/17/2013,0.12979162940566846,0.353431704908864,0.27145444098709337
11/18/2013,0.15519902454192525,0.42309986911952535,0.28242349423950985
11/19/2013,0.17746202725774696,0.3723124307027612,0.2518569423585799
11/20/2013,0.25992361759609084,0.3100087542110679,0.22094054093341775
11/21/2013,0.24555894269935163,0.30066859301950255,0.21034564247657017
11/22/2013,0.24216152409149316,0.30209895548249954,0.21490667099305694
11/23/2013,0.24707768680646947,0.2902351675135456,0.250068903618589
11/24/2013,0.25573579022964843,0.20708207915819854,0.25411238041428397
11/25/2013,0.33048098066879206,0.0966611503336835,0.24309280956936252
11/26/2013,0.2923803802783993,0.19054131126713225,0.3739320351347464
11/27/2013,0.1116518492837748,0.20539429842600043,0.45717143449454944
11/28/2013,0.08323451742910737,-0.10807057482262639,0.33296721793213346
11/29/2013,0.0411496258891475,-0.2703839499124753,0.3827098421638626
11/30/2013,-0.06028162790958924,-0.23890910575903523,0.45581346480110385
12/01/2013,-0.10939827751756848,-0.2087086699346976,0.5035045067078516
12/02/2013,-0.14153898675568322,-0.13525274620995675,0.5024541059711762
12/03/2013,-0.1914169894835035,-0.07822673141363246,0.4665417378174346
12/04/2013,-0.245812410308196,-0.04290887441779989,0.4220953049463645
12/05/2013,-0.25542131548566716,-0.016211123815347173,0.39369009449702874
12/06/2013,-0.22141550571946444,0.025559629058810596,0.39320865575400543
12/07/2013,-0.20066567077605757,0.055254270866059274,0.3820127805400665
12/08/2013,-0.12813758699350586,-0.010500771603159209,0.33628673096440265
12/09/2013,-0.08813299847770517,-0.05250416388940293,0.3330994563529922
12/10/2013,-0.1165272178924619,-0.045120592927391234,0.32161228331046976
12/11/2013,-0.10793408610592525,-0.10723161674088022,0.26909914446139027
12/12/2013,-0.10811832526979759,-0.19547535100979696,0.2517203622651103
12/13/2013,-0.1114232207451814,-0.28777630018452766,0.21799161197531491
12/14/2013,-0.14596901781783855,-0.21826726086199327,0.302249153850069
12/15/2013,-0.2614539557940541,-0.08722450986621116,0.3411610902835561
12/16/2013,-0.2872624434788199,-0.18556774224670197,0.24848865651812524
12/17/2013,-0.2876842271640141,-0.33751022615010007,0.1885067452196726
12/18/2013,-0.33794677686827823,-0.3761363541594842,0.18908098214265967
12/19/2013,-0.37401634408657625,-0.3701055796172238,0.21487814579825604
12/20/2013,-0.38054869002043096,-0.26299098412312366,0.2845453548538265
12/21/2013,-0.33906075978563155,-0.16536492937493755,0.3215220820187934
12/22/2013,-0.28829883463361355,-0.06953498946175746,0.34472572522451506
12/23/2013,-0.27846522517922234,-0.05977769793615356,0.3180785269943234
12/24/2013,-0.2604841871644666,-0.20278881307275387,0.26849386660806795
12/25/2013,-0.21523733041245696,-0.4175063589297888,0.15593762728022187
12/26/2013,-0.2407934889516382,-0.4436483467772178,0.2048164209683228
12/27/2013,-0.29469687161109265,-0.3709990864152277,0.20852980891660972
12/28/2013,-0.29293060427843776,-0.34749786709862296,0.16641599037508475
12/29/2013,-0.2733305215046258,-0.23393448596315788,0.17244900821147452
12/30/2013,-0.250340944388077,-0.2654267105471807,0.08924040632372715
12/31/2013,-0.26148822090338364,-0.3749590061403762,0.029931251397740166
01/01/2014,-0.3097282416593664,-0.4673903828592927,-0.009814670850784302
01/02/2014,-0.32735576940270006,-0.41403762811880707,0.042512303569047005
01/03/2014,-0.38023732541313976,-0.4889912047573897,-0.033539477075084534
01/04/2014,-0.3349928532779442,-0.6670224782983869,-0.14520762118434655
01/05/2014,-0.3987620560620165,-0.526995571349675,-0.09076503491264504
01/06/2014,-0.5044701017776543,-0.47512549651694924,-0.10216740332196855
01/07/2014,-0.4983040329867877,-0.6853913621550923,-0.2628492575812381
01/08/2014,-0.5023111063985521,-0.8610295383010983,-0.2667925918722708
01/09/2014,-0.6055654914694111,-0.6793296434002674,-0.11291466608391537
01/10/2014,-0.6448652973135377,-0.4819419722134571,-0.007076820218953783
01/11/2014,-0.6141799747480583,-0.3330712445452497,0.03792774075243785
01/12/2014,-0.6110653716946186,-0.2995597779768266,0.05034971242637551
01/13/2014,-0.5892514473549311,-0.3314531029707337,0.05309693620187571
01/14/2014,-0.6277889462324948,-0.26900210384276374,0.11536974931173055
01/15/2014,-0.633184013377017,-0.2612701022216654,0.0903510434972515
01/16/2014,-0.622546017640851,-0.39831579558371,0.011397605377163032
01/17/2014,-0.6212066700911454,-0.5089295532394433,-0.039993028508831144
01/18/2014,-0.6895337927715555,-0.5177589294118957,-0.013527287847857172
01/19/2014,-0.7267812139514788,-0.5104154626191055,-0.052793172039908964
01/20/2014,-0.7474462665954612,-0.47237292954074217,-0.07904426365321153
01/21/2014,-0.7772465661443669,-0.3939397437249334,-0.10284981687275724
01/22/2014,-0.8152828552535494,-0.478064433380575,-0.2285820993115711
01/23/2014,-0.7763625703473438,-0.6374265996135824,-0.35381204617191075
01/24/2014,-0.7659728682513798,-0.5880345866456318,-0.3622010097560761
01/25/2014,-0.7669160759182729,-0.5200304225104604,-0.3711045629853301
01/26/2014,-0.7776330941870901,-0.4338509666795241,-0.36422447265005187
01/27/2014,-0.7713520868656794,-0.36680407673294735,-0.3662440807879735
01/28/2014,-0.7608664864872831,-0.31197915254778597,-0.36803475699263577
01/29/2014,-0.756959420236156,-0.32443951205303273,-0.3696279479581649
01/30/2014,-0.7355533754313015,-0.4067852911512452,-0.42565203919809397
01/31/2014,-0.7496278241182885,-0.4137773914013998,-0.4369812889715176
02/01/2014,-0.7773153164815064,-0.3787242923836311,-0.44549879852600716
02/02/2014,-0.7735726053586418,-0.3949263767489765,-0.4618715705448127
02/03/2014,-0.7698715333140338,-0.3889953048118937,-0.4559155261003762
02/04/2014,-0.7706062887847648,-0.3718704722484346,-0.4667721016287564
02/05/2014,-0.7596449390083044,-0.3283293815967996,-0.4381710289954674
02/06/2014,-0.7437309969091939,-0.28582054759949466,-0.44949536902697435
02/07/2014,-0.6973463110716603,-0.3494069703295523,-0.48344006680858104
02/08/2014,-0.6871359321602846,-0.3514209277235746,-0.5012830427865866
02/09/2014,-0.7330417869410933,-0.3400296408523085,-0.5292236131140273
02/10/2014,-0.7682824980404479,-0.3962505776629975,-0.5646252463787279
02/11/2014,-0.7838363630002911,-0.44326141292315135,-0.5699472443167619
02/12/2014,-0.8061214876228852,-0.45765880967354194,-0.5653915313059906
02/13/2014,-0.8455302154258971,-0.4673033045533562,-0.5249238153288949
02/14/2014,-0.8570532341786365,-0.5439670333567541,-0.5662553212732425
02/15/2014,-0.8902382588366549,-0.5979225837066464,-0.5164995908709284
02/16/2014,-0.9158116966761591,-0.629649267950553,-0.5154096281642213
02/17/2014,-0.9405671008884133,-0.6170805743425056,-0.44532886464857074
02/18/2014,-0.9550987356487112,-0.548550769617485,-0.3622207298765236
02/19/2014,-0.9507330158677693,-0.4848343459640644,-0.272474461720283
02/20/2014,-0.9300581679516309,-0.4326876521837544,-0.18930842445465557
02/21/2014,-0.909200988565078,-0.3945967357445743,-0.09971784786663768
02/22/2014,-0.8757738335841667,-0.3988180078228748,-0.06221886212084621
02/23/2014,-0.8432896661516782,-0.46056744821898665,-0.048670936491566674
02/24/2014,-0.8443529117604621,-0.4902216922686633,-0.0036998916096592227
02/25/2014,-0.846575668124595,-0.5323762825574587,0.006846436920899979
02/26/2014,-0.8528858411439939,-0.5871754296850994,0.029358334008542986
02/27/2014,-0.862597358217389,-0.6235500873216987,0.04586379078838054
02/28/2014,-0.8647275914490443,-0.6755892103289252,0.028375046603596132
03/01/2014,-0.8930601043178746,-0.6778072116293059,0.06461226925178565
03/02/2014,-0.9104772354851807,-0.6569696020174985,0.09440681493594039
03/03/2014,-0.901715603005762,-0.6175011690191258,0.1509495128825319
03/04/2014,-0.9069931635708559,-0.5818354685409142,0.17353594877935485
03/05/2014,-0.8875607010160325,-0.5949175307455915,0.17616399972820374
03/06/2014,-0.8757343590042531,-0.5953634327383681,0.1809258407469444
03/07/2014,-0.9081556092392066,-0.6224078524697809,0.16990562067995285
03/08/2014,-0.9188109209620992,-0.7501167902651681,0.0803214551599013
03/09/2014,-0.9456002198866302,-0.8213876533029031,0.11090196531538243
03/10/2014,-0.994413729667636,-0.7802738924483876,0.1388873725421924
03/11/2014,-1.0279414787917793,-0.7327983655407712,0.1415574200438403
03/12/2014,-1.0564552592250678,-0.6705689081850926,0.14367473610365034
03/13/2014,-1.0644683788290428,-0.7126914973432508,0.08185690593737116
03/14/2014,-1.0189644236978153,-0.8387373745458868,0.0015585231416624934
03/15/2014,-1.0325455135087083,-0.7744892623825155,0.06413338682067549
03/16/2014,-1.0472583424606317,-0.6660805294218922,0.06877228140946356
03/17/2014,-1.0445020555986586,-0.5937778207535248,0.06375042695075406
03/18/2014,-1.0335096324307602,-0.5972912513091845,-0.01852771797818409
03/19/2014,-1.0127343371170345,-0.7017680728736788,-0.13982041700441739
03/20/2014,-1.01988400531502,-0.7457700972418417,-0.18026492329242816
03/21/2014,-1.0348772652045466,-0.7542836897802176,-0.2327535540082768
03/22/2014,-1.033843772276347,-0.7402547464146911,-0.26944438000313553
03/23/2014,-1.0356513851959597,-0.6938948552540802,-0.3002834022725521
03/24/2014,-1.0308430805339035,-0.7159795694780188,-0.3342495243825471
03/25/2014,-1.0190981089851803,-0.73738439179067,-0.3412699278382108
03/26/2014,-1.009795865530291,-0.8238838002103104,-0.41723588943965206
03/27/2014,-0.988539171110968,-0.9116710633056911,-0.40296489272730174
03/28/2014,-1.011343958767461,-0.7134185395442728,-0.31812917802074164
03/29/2014,-1.0257934893364473,-0.5503056059298461,-0.30419025839839287
03/30/2014,-0.9942553177382063,-0.5053967458523858,-0.36268768285205566
03/31/2014,-0.9403961422058892,-0.599244905655199,-0.44851480023945733
04/01/2014,-0.9413073960074444,-0.5538407033060684,-0.4062720299638152
04/02/2014,-0.9540659764487613,-0.41904924004734884,-0.3728439100698959
04/03/2014,-0.9345252889768854,-0.3235184079497035,-0.3674943201937862
04/04/2014,-0.8996869177640695,-0.25649770608434913,-0.3700772907849858
04/05/2014,-0.879171105446374,-0.2379532563916701,-0.39942245306593643
04/06/2014,-0.85426594729805,-0.2516645371576543,-0.41787196476503213
04/07/2014,-0.8515366983221315,-0.2213295204316268,-0.4048504365072849
04/08/2014,-0.8510693867989547,-0.17150235080467718,-0.3891964344753227
04/09/2014,-0.8441322063025102,-0.2423448097155611,-0.45886250739225776
04/10/2014,-0.8251216374921124,-0.3926891160525441,-0.5562579911576091
04/11/2014,-0.8494019159753178,-0.3715496976123357,-0.5135988260753188
04/12/2014,-0.8685741618058633,-0.31391613107526434,-0.506921779943164
04/13/2014,-0.8488672115122694,-0.3003984424702185,-0.5262026610822738
04/14/2014,-0.8315705218373983,-0.2631153637472049,-0.5477688444924097
04/15/2014,-0.8472868709184638,-0.2455144483081348,-0.5732437099654664
04/16/2014,-0.8366528006284439,-0.3178125769981736,-0.6476471563442969
04/17/2014,-0.8043640617156538,-0.362081942921917,-0.6875286247900678
04/18/2014,-0.7923010189700431,-0.2782189579254526,-0.660418855833333
04/19/2014,-0.7584838140508093,-0.24574233158887626,-0.6601312504552822
04/20/2014,-0.7096070568945487,-0.35806166143109164,-0.7430420217173379
04/21/2014,-0.6967476255051082,-0.4333791701938845,-0.7497232877929629
04/22/2014,-0.7100162938266475,-0.41521738356242377,-0.7053720065318685
04/23/2014,-0.7202817390432745,-0.377278545890861,-0.657575344309224
04/24/2014,-0.7173893089042962,-0.32178788075309084,-0.6013899213843177
04/25/2014,-0.7137968653272702,-0.2448708439174545,-0.530746160602809
04/26/2014,-0.7068480552380475,-0.19852269629102343,-0.46308942999976854
04/27/2014,-0.6776439465796357,-0.1711694803283723,-0.37435732787328746
04/28/2014,-0.6553492834897804,-0.11183010673413529,-0.25377812390455945
04/29/2014,-0.6484305195724404,-0.021409356099125476,-0.12253491990466053
04/30/2014,-0.6325629857852149,0.04199944567647998,-0.015454747027887739
05/01/2014,-0.60158512576599,0.05353200726391391,0.0712378239583254
05/02/2014,-0.5694742058948752,0.051744876232558024,0.13755066487161738
05/03/2014,-0.5519756675781021,0.05043829061981059,0.17281685418147857
05/04/2014,-0.5403607860483142,0.012999199045229587,0.16918778394983974
05/05/2014,-0.5414361381732432,-0.05233348721723963,0.19495828892409045
05/06/2014,-0.5452463522952188,-0.03632534731886014,0.25772179219149727
05/07/2014,-0.5414319559222134,0.015202697080898886,0.280316099905947
05/08/2014,-0.5233097119055223,0.07313625219857667,0.26468015436287345
05/09/2014,-0.5040212435199921,0.1461394626807194,0.249794871840945
05/10/2014,-0.48829154058475405,0.20155690688288433,0.21431358714323778
05/11/2014,-0.4601647651175571,0.2118138270701281,0.15126633325383493
05/12/2014,-0.42721530391457824,0.20921703807480377,0.0853537377481528
05/13/2014,-0.39166198789380996,0.19799250938888568,0.018937143032426995
05/14/2014,-0.37505720395980063,0.18921562681421006,-0.026241896370906015
05/15/2014,-0.37843734326734324,0.19081574206376378,-0.05754178515892655
05/16/2014,-0.34955167266994613,0.03794716305501697,-0.20284604368353576
05/17/2014,-0.3513904690402318,-0.19572127621263052,-0.34253643837221315
05/18/2014,-0.4065197281753458,-0.2634967937373379,-0.31684371831750474
05/19/2014,-0.4372484140804721,-0.21004709612220243,-0.23730423554798552
05/20/2014,-0.41705250728029014,-0.13779371029738913,-0.15597967611418379
05/21/2014,-0.383822651826127,-0.06506383057325768,-0.058338664676351015
05/22/2014,-0.35519661097041,-0.017844488863759472,0.02325560595213294
05/23/2014,-0.33045800913510304,-0.01449869725850414,0.07251009633822125
05/24/2014,-0.3197287009180821,-0.04173929272837343,0.09292796820790167
05/25/2014,-0.32069120563797976,-0.0650182069429742,0.09771257257555355
05/26/2014,-0.3324263085417243,-0.07904350981290548,0.09682005453160031
05/27/2014,-0.34026670851537266,-0.07402033050319728,0.09688493616245536
05/28/2014,-0.34933977195100463,-0.060208348931627326,0.09539773070023588
05/29/2014,-0.3634561898939602,-0.030295864565355102,0.0858663797270251
05/30/2014,-0.36838002006916093,-0.024823377637959942,0.05170467946773716
05/31/2014,-0.3729854488697644,-0.02696903876780013,0.03863592030422519
06/01/2014,-0.3748063789571335,-0.025775719542202924,0.02950538280792775
06/02/2014,-0.36440930289224405,-0.008581365256408485,0.019365467294652383
06/03/2014,-0.3540083747540378,0.0439947308511576,0.03315798733968939
06/04/2014,-0.3435756761825486,0.08455519509282991,0.040492005632674966
06/05/2014,-0.33049887779869713,0.08147979836204425,0.04306402060140141
06/06/2014,-0.33149014466604004,0.047179870908845456,0.038133178961954284
06/07/2014,-0.3420507687581196,0.007882482485787629,0.023159155898014983
06/08/2014,-0.36962082791473627,-0.03404492913432117,0.004646426199625575
06/09/2014,-0.40308004682021736,-0.067682286389142,-0.003871651424174505
06/10/2014,-0.4325915876158716,-0.07375886071470358,-0.002675053992087617
06/11/2014,-0.4756012335572087,-0.053592922540261906,0.00728997732544806
06/12/2014,-0.4975229425769911,-0.049051756590929835,-0.016067572087802073
06/13/2014,-0.49621859386486755,-0.058295209778533585,-0.04427408000662164
06/14/2014,-0.49521492699007597,-0.05894539054834791,-0.06197755439183428
06/15/2014,-0.4813365671782189,-0.02899350662490957,-0.07526258565819571
06/16/2014,-0.46126539418073786,0.016998342174536496,-0.07706490728377635
06/17/2014,-0.4291673879268477,0.04748332383203002,-0.09198881851900731
06/18/2014,-0.4008441567203975,0.05912973898332785,-0.12038226181828526
06/19/2014,-0.37712433656185124,0.08642083165017139,-0.16837227048934766
06/20/2014,-0.35078598702049696,0.0934325436024041,-0.24572659349249626
06/21/2014,-0.33458497374310897,0.04363989996593598,-0.3349900027324342
06/22/2014,-0.33136339311065066,-0.026994757107649148,-0.42000612002234095
06/23/2014,-0.3304538635704872,-0.08627535431332267,-0.511138314997516
06/24/2014,-0.3281249000419978,-0.13436172115125888,-0.591834589770813
06/25/2014,-0.32380404774361693,-0.1747548400308812,-0.653327565442645
06/26/2014,-0.3254864499371625,-0.20201528207351732,-0.6773794172858856
06/27/2014,-0.3259367756513268,-0.197168079623477,-0.6744968307082972
06/28/2014,-0.3161688715618248,-0.16352854981483267,-0.6529795012591056
06/29/2014,-0.3096867493267614,-0.11786105742941322,-0.6164506155949178
06/30/2014,-0.30041025973348995,-0.08927441807194603,-0.5741195105410566
07/01/2014,-0.2898294214280899,-0.06998713112477584,-0.5366113951098765
07/02/2014,-0.28005359307347394,-0.02871483255884133,-0.521382227771502
07/03/2014,-0.2616019784448298,0.007360364956192078,-0.5381230275525672
07/04/2014,-0.24004430869686716,0.02228346101410339,-0.574907503831365
07/05/2014,-0.2172372097963879,0.02689297433236182,-0.6284323335510511
07/06/2014,-0.20173668688040364,0.03190746342677575,-0.6756079337087367
07/07/2014,-0.1911102840506061,0.0531738294714546,-0.6985731501083914
07/08/2014,-0.18166250559709612,0.08380830631904868,-0.6902451728226504
07/09/2014,-0.17017048686296615,0.11046982811855488,-0.6777325535168576
07/10/2014,-0.16261635096651794,0.09798480719153396,-0.7073746943195258
07/11/2014,-0.16361154328000632,0.07066952284428507,-0.7475565902792739
07/12/2014,-0.16168972555809863,0.05670804608261354,-0.8039267574601435
07/13/2014,-0.15844000644720524,0.04381939988586525,-0.8740340985043811
07/14/2014,-0.15826152705010538,0.03788903256082943,-0.9473811388423714
07/15/2014,-0.16600995418746878,0.006681706115987007,-1.0114572068345398
07/16/2014,-0.19578365608726828,-0.04700556319558674,-1.0509645610611211
07/17/2014,-0.2346760226335139,-0.07594398011938358,-1.0594033930157163
07/18/2014,-0.25469227607139133,-0.08490200670876302,-1.0807643410982335
07/19/2014,-0.27961005434563346,-0.08579475017704913,-1.113534312116315
07/20/2014,-0.3085962457134432,-0.09328060732175841,-1.1503660193008702
07/21/2014,-0.3269083786015379,-0.11005266411847642,-1.1803089933813133
07/22/2014,-0.33743110562944373,-0.11934561630264534,-1.2006698148613864
07/23/2014,-0.343186946955076,-0.1263773509806541,-1.2238416867619453
07/24/2014,-0.34873576685463414,-0.1601021975651069,-1.276285967494974
07/25/2014,-0.36893486537270714,-0.2014500657734839,-1.3293659177895878
07/26/2014,-0.40949657374962445,-0.24304607485905688,-1.3955124361232163
07/27/2014,-0.452168888127481,-0.2805970823143616,-1.4602052650841082
07/28/2014,-0.49467853495205233,-0.31936260607445405,-1.5228093843327577
07/29/2014,-0.5535481939660352,-0.37294066051816366,-1.584236666846145
07/30/2014,-0.615186136298903,-0.41503154213404225,-1.6454938937529562
07/31/2014,-0.6523426485485008,-0.4353182625575145,-1.6581142839227576
08/01/2014,-0.6864441364786569,-0.4476258974007602,-1.6515514602989525
08/02/2014,-0.7241529626693358,-0.4440783518783097,-1.6453302897907234
08/03/2014,-0.7512844724502183,-0.43769304003918136,-1.6531646148432086
08/04/2014,-0.7595659898484777,-0.45021728437035974,-1.679297223428311
08/05/2014,-0.759730308290328,-0.49822720080078997,-1.7153735607316982
08/06/2014,-0.7853821449934668,-0.5729446149670345,-1.7268302203368215
08/07/2014,-0.8415039183339535,-0.6182573939025815,-1.7129305380734694
08/08/2014,-0.9008620569311587,-0.6453495511004328,-1.691854395598815
08/09/2014,-0.9504037920014663,-0.641974283224384,-1.6431991371855001
08/10/2014,-0.98750894327348,-0.6056362066967563,-1.583198601328848
08/11/2014,-1.0067227548094555,-0.5767835762901355,-1.5059219415161016
08/12/2014,-1.0128912449035516,-0.543182389120586,-1.4008662459427919
08/13/2014,-1.0097489069222136,-0.49071227840898873,-1.3048267030519125
08/14/2014,-0.9656106768713258,-0.4132441762320036,-1.2720917494493564
08/15/2014,-0.9166971966160918,-0.36833044258785885,-1.2590897384301596
08/16/2014,-0.8985577833583264,-0.37288470257780315,-1.2463321595211982
08/17/2014,-0.8928528260869165,-0.3746226282009454,-1.2152276460005753
08/18/2014,-0.881906994662965,-0.3534617190931952,-1.180084240815146
08/19/2014,-0.8579628370916289,-0.3252648476351273,-1.1539907072835238
08/20/2014,-0.8246177496156121,-0.32745648470127686,-1.1357410342535752
08/21/2014,-0.7979969513839669,-0.361859461666898,-1.0890663495010817
08/22/2014,-0.7946485091368765,-0.4055580918295434,-1.0281399823928872
08/23/2014,-0.7920690874698463,-0.4111339218577159,-0.9689691523446907
08/24/2014,-0.7815118385277225,-0.4102728272140416,-0.9303802444685729
08/25/2014,-0.7683633182073147,-0.4246758608608425,-0.913133132623841
08/26/2014,-0.7332398201960908,-0.39432164345643295,-0.9202613475198924
08/27/2014,-0.6431648087186005,-0.3403445437213172,-0.858150921080881
08/28/2014,-0.6078607768711686,-0.2363566642023679,-0.7731363051170184
08/29/2014,-0.6060289876056841,-0.15814366965241314,-0.7261176138189414
08/30/2014,-0.6072949256438576,-0.1008779693234948,-0.657948809306341
08/31/2014,-0.6169325562823627,0.005210006412682523,-0.5262789852521534
09/01/2014,-0.5756612960001408,0.1196411760062978,-0.4007107531157443
09/02/2014,-0.5263055610415066,0.1660411126184629,-0.3162567404113488
09/03/2014,-0.48485615153989725,0.16993151062126885,-0.2238534091949001
09/04/2014,-0.4435348509909409,0.20861013222843594,-0.1478401761113152
09/05/2014,-0.4201457221552105,0.22993269108416128,-0.09809811994889792
09/06/2014,-0.42510972395216634,0.2210899272827443,-0.038379184166123986
09/07/2014,-0.45443284333291245,0.24277254289640085,0.038780372215320935
09/08/2014,-0.47510765456264137,0.2929157897457778,0.10177929963671084
09/09/2014,-0.46985181235377416,0.3219063479613298,0.12194186492643971
09/10/2014,-0.44327492775796185,0.3269517812683069,0.13356046486223408
09/11/2014,-0.4159377172618602,0.3270834262864504,0.1122236597255352
09/12/2014,-0.3734708834807454,0.26938579877043506,0.046764221226341454
09/13/2014,-0.3545877632675823,0.12998182759224264,-0.014273284585361354
09/14/2014,-0.3672617815279489,0.09123949731215036,-0.0386409018140408
09/15/2014,-0.30493864706771545,0.12651472527891672,-0.0645378022104966
09/16/2014,-0.2885744159408574,0.06353937734985624,-0.10475654152285135
09/17/2014,-0.3547011976552111,-0.0731410333815461,-0.16383672393919857
09/18/2014,-0.40094170589138983,-0.1663661399784948,-0.22538662827149855
09/19/2014,-0.444263333085125,-0.21215852484991177,-0.26935421928784054
09/20/2014,-0.48219664343425295,-0.16369659978893233,-0.31003776102761227
09/21/2014,-0.4513660059886258,-0.14965614775991093,-0.36064174064382426
09/22/2014,-0.39032608886688425,-0.19422843814780394,-0.39643757343558245
09/23/2014,-0.3877134293100776,-0.22750515146798767,-0.41716812688585225
09/24/2014,-0.3785070107647921,-0.25922948700506065,-0.44509165513389004
09/25/2014,-0.31267918662637995,-0.24916997562735949,-0.4726074719204967
09/26/2014,-0.25312213430027797,-0.25158755829111223,-0.4951285798462897
09/27/2014,-0.20716238717941438,-0.24212878740433974,-0.504139579328517
09/28/2014,-0.20427252508931182,-0.1604640158531604,-0.4911272619089183
09/29/2014,-0.2471222549583011,-0.0745992280205493,-0.44033281676723157
09/30/2014,-0.2789560823553584,-0.03827442168654571,-0.4227524511174918
10/01/2014,-0.3194377042936616,-0.044840114210658144,-0.4529833957633965
10/02/2014,-0.3884688025446681,-0.07096771622871811,-0.4556575009029984
10/03/2014,-0.466580961869249,-0.08719140869695374,-0.4452630497609896
10/04/2014,-0.5450081107320577,-0.1417236840103756,-0.42749177224559776
10/05/2014,-0.5313265001507561,-0.2869439340790534,-0.4500690378806491
10/06/2014,-0.5645435520469384,-0.3598797953926769,-0.3889243698506286
10/07/2014,-0.6622669101283305,-0.2937636979651296,-0.3326906204577138
10/08/2014,-0.7621098256953234,-0.24682831491207613,-0.34708565916225953
10/09/2014,-0.8088117756286646,-0.2263438920907015,-0.35580649695452893
10/10/2014,-0.8270433818411953,-0.19789940821447594,-0.33336102340016305
10/11/2014,-0.8235891359802849,-0.1293814644589696,-0.3002955346100271
10/12/2014,-0.7745921574500692,-0.05386531381554205,-0.2834013155379935
10/13/2014,-0.6924226643285223,0.02221041623150899,-0.27020125121034855
10/14/2014,-0.6366854746508892,0.17352203747881445,-0.2522522085762742
10/15/2014,-0.5967504435733069,0.11288112799152272,-0.33239145081149934
10/16/2014,-0.5397140412813108,-0.15425098166043794,-0.47607456124508674
10/17/2014,-0.5307129932735299,-0.4068922160299452,-0.579222071418642
10/18/2014,-0.5954851658905582,-0.5361396155204496,-0.6387303346389405
10/19/2014,-0.6530006193577473,-0.6547791393047673,-0.7227750939794799
10/20/2014,-0.672157970504792,-0.7091438931031302,-0.806459940833669
10/21/2014,-0.7040705636296132,-0.7248500480200974,-0.8785413227416241
10/22/2014,-0.7259877969070605,-0.7752528269748298,-0.974952382963403
10/23/2014,-0.7305906943451987,-0.8064080708455872,-1.051631028094761
10/24/2014,-0.7436015305592705,-0.7813310453951785,-1.0764107390338569
10/25/2014,-0.7650102901586548,-0.8117297120764555,-1.1214131088807555
10/26/2014,-0.7766876853354443,-0.9040163341394916,-1.1766391438882555
10/27/2014,-0.8115596246157519,-0.9214986398833536,-1.1558086508152252
10/28/2014,-0.8463505602971308,-0.8290419127277366,-1.0999269015146556
10/29/2014,-0.8688106424212156,-0.6833953136506958,-1.0366869503989076
10/30/2014,-0.8484479225031318,-0.6024187719200746,-1.0248509827980175
10/31/2014,-0.7646804426233385,-0.6499223658743762,-1.0796821690563954
11/01/2014,-0.709081083797692,-0.890682784150366,-1.1787782900402461
11/02/2014,-0.639061470160279,-1.2448176300968843,-1.299007157548186
11/03/2014,-0.6546599091113803,-1.2939469989229229,-1.2139618252650237
11/04/2014,-0.6993622294417798,-1.0848799132537659,-1.0641619473477162
11/05/2014,-0.703660996519804,-0.8868087096600725,-0.9081083566658004
11/06/2014,-0.6499345891145354,-0.7155997835826733,-0.7519714626767282
11/07/2014,-0.569900355263163,-0.658132505489571,-0.6300778680461621
11/08/2014,-0.44373160022149527,-0.671885182213539,-0.559061007454952
11/09/2014,-0.3889850537422008,-0.6748414407900813,-0.5050283643455558
11/10/2014,-0.3383508339923009,-0.7483396412378671,-0.507306241139134
11/11/2014,-0.3273056190767303,-0.7866337208183469,-0.47880267354583017
11/12/2014,-0.3425677903703168,-0.8295750104617914,-0.45198075342541966
11/13/2014,-0.3431677232748931,-0.8789566304019925,-0.41361193183183054
11/14/2014,-0.3302324243842809,-0.8895731963234705,-0.3772186118516203
11/15/2014,-0.30091099257851006,-0.9333738190804612,-0.3765421224522414
11/16/2014,-0.2729960811438368,-0.8706858941504347,-0.3087867912469642
11/17/2014,-0.3050383240506398,-0.6918147817626272,-0.1773399749746245
11/18/2014,-0.31612723248356667,-0.6109661858368902,-0.12494296572373953
11/19/2014,-0.15648674846973476,-0.7502243610382513,-0.1922388505836945
11/20/2014,-0.11010499754521019,-0.7846738423992157,-0.14498725086716568
11/21/2014,-0.09904719919012694,-0.694264013250993,-0.06536831954654487
11/22/2014,-0.027504072211964825,-0.517980999643221,0.02824025187082424
11/23/2014,0.038790916703976386,-0.21575991447656906,0.16100904658797655
11/24/2014,0.040614891763587124,-0.020770214251434438,0.2141865424989573
11/25/2014,0.06270279023226166,-0.043514856378561784,0.20978976716677256
11/26/2014,0.14433321320767045,-0.13566390293868869,0.19541623394336916
11/27/2014,0.12668671858904612,-0.301660696241445,0.14503611421297613
11/28/2014,0.05497164239521868,-0.3927493016652085,0.18194418614379226
11/29/2014,-0.016935230363472442,-0.3312292712092818,0.23470496263708918
11/30/2014,-0.08558324909454051,-0.18719635116377054,0.259890396795019
12/01/2014,-0.10515999930995601,-0.05557757981650724,0.2732409183379292
12/02/2014,-0.07420759966104662,0.03999312157967394,0.305908393421338
12/03/2014,-0.010472001630876915,0.11020507014049152,0.32741456436616323
12/04/2014,0.04730792418445273,0.12183668843872764,0.3428812658302547
12/05/2014,0.10691923571472983,0.08290898647162093,0.38037595047981343
12/06/2014,0.14967442469855863,0.06660350028783213,0.4543253065954219
12/07/2014,0.1791215808401675,0.053547038987664,0.5127678717839684
12/08/2014,0.2241376066843631,-0.012552911080391582,0.5563183376188259
12/09/2014,0.22981053671760654,-0.04627077026200921,0.6146389707869121
12/10/2014,0.22457850399049573,-0.11085662646837036,0.645114022932018
12/11/2014,0.20092229807133233,-0.05693143315432625,0.7952991329965055
12/12/2014,0.17302140084625817,0.12804978134911982,0.9097388872853565
12/13/2014,0.20381329744022658,0.23861263078418676,0.9715090807820812
12/14/2014,0.2599259358639847,0.357046231696681,1.0504279478268175
12/15/2014,0.2966029567014336,0.4937605812418611,1.157046118046356
12/16/2014,0.291160050474936,0.6177509876571519,1.2566222170235708
12/17/2014,0.3063544619645244,0.661510625479861,1.3255799480832056
12/18/2014,0.3374900735577566,0.6529747789442131,1.3382254550319286
12/19/2014,0.3331734768832293,0.6662040463498261,1.3457543616757557
12/20/2014,0.310277963728476,0.6919417630331433,1.32567372009628
12/21/2014,0.3085904254371742,0.6961695527729119,1.258584450160848
12/22/2014,0.3197458830224859,0.6626630184888431,1.1999458199064512
12/23/2014,0.29277931535246826,0.6483465346889423,1.1062043202697678
12/24/2014,0.236304068426977,0.6342204135780848,1.062611776729344
12/25/2014,0.1821225293874985,0.5412203718136773,0.953470039738226
12/26/2014,0.24431924247005565,0.3209031565540886,0.8557354591692194
12/27/2014,0.24686128068268515,0.2815678952333074,0.8277662824942178
12/28/2014,0.23567236508912023,0.25091862153264965,0.793860659766092
12/29/2014,0.2285291536997427,0.20574506219479308,0.7349297578500025
12/30/2014,0.2290780924908638,0.15916797436954436,0.6670020581845206
12/31/2014,0.22328673871787866,0.07287818803499453,0.6017717545004853
01/01/2015,0.1880430630430091,-0.03701946450363636,0.5063453417938168
01/02/2015,0.1393054207631761,-0.07085082494309514,0.47513885983145643
01/03/2015,0.0998548337634317,-0.0370926267215715,0.46843361311553267
01/04/2015,0.08649408254636787,0.05132303288772638,0.47660512788184056
01/05/2015,0.09392572251128899,0.03567647640671319,0.4252744658847773
01/06/2015,0.15220649123087243,-0.09476036694310662,0.3737108548928834
01/07/2015,0.16585438699903665,-0.12702097096845716,0.38383311968106704
01/08/2015,0.13850716111230346,-0.21532001728335726,0.3476220687976693
01/09/2015,0.12547053435019812,-0.24980743025972169,0.3783971426929555
01/10/2015,0.08963440277501436,-0.10206126342449534,0.38267563787883846
01/11/2015,0.0969444639687076,-0.06595594374429359,0.392422449427305
01/12/2015,0.09470677623466939,0.06589487983834791,0.45311075491684705
01/13/2015,0.09153648320696367,0.1653706586550554,0.48335878221853135
01/14/2015,0.11510541215064848,0.19087197799535222,0.4884795213141387
01/15/2015,0.14512674733522407,0.20035564517458765,0.4897752468413981
01/16/2015,0.17052500755475397,0.22228910267830068,0.5010490287040178
01/17/2015,0.22017540777905847,0.24567000948724743,0.47503149473124096
01/18/2015,0.2343554032749755,0.3064189594889867,0.4998930888042141
01/19/2015,0.2456345307570239,0.32926389139800016,0.45326393074954285
01/20/2015,0.2585469006397886,0.34570513283690385,0.45224534189441573
01/21/2015,0.232567417586086,0.4205226019143516,0.4461135205738899
01/22/2015,0.22771266792573314,0.3844272642382023,0.39743785224167516
01/23/2015,0.22450954055878608,0.38977591559768054,0.40967576945810746
01/24/2015,0.13568755350224926,0.43079713740286624,0.4508466335159312
01/25/2015,0.09869356206028868,0.2940986416288267,0.3773192717473465
01/26/2015,0.016704272597228842,0.17043670186451848,0.42437667291148773
01/27/2015,-0.056553320499055815,0.05776541830295823,0.34476885951885644
01/28/2015,-0.10711845973410894,-0.051951896671222464,0.31733727929613276
01/29/2015,-0.13571375737610114,0.008591893788409577,0.30847588492520106
01/30/2015,-0.172163542574161,0.1369691561139218,0.330959906040115
01/31/2015,-0.1774716629209223,0.20389579227050625,0.2545971074469536
02/01/2015,-0.1668541382029617,0.28823967499160036,0.21894568598991493
02/02/2015,-0.17912471598441893,0.4044704824804735,0.19941550357502796
02/03/2015,-0.14781231256906824,0.3125563066039223,0.07628729144476099
02/04/2015,-0.09156411785090313,0.20398169622302376,0.026165278064503084
02/05/2015,-0.044522928660627015,0.27281730257806824,0.0637136858405492
02/06/2015,-0.004630820685734394,0.20360513979957523,-0.0752393954558433
02/07/2015,0.04150689222245252,0.021480951008855664,-0.1345826345406292
02/08/2015,0.049855288950801935,0.06355703577167027,-0.08938452423892068
02/09/2015,0.04435735310546496,0.11481421555559107,-0.07470808834239073
02/10/2015,0.06455601138658662,0.029316824189769608,-0.15021338630712167
02/11/2015,0.10376718285797093,-0.17208085289546027,-0.2825388029252385
02/12/2015,0.09399414267070949,-0.22657472685211838,-0.25158697832075505
02/13/2015,0.051497042599236154,-0.18572901216523452,-0.22276338482217056
02/14/2015,0.024998263375759944,-0.1787894642305332,-0.23294391729134734
02/15/2015,-0.004373208696745845,-0.16785200623761498,-0.22476611318621287
02/16/2015,-0.01004111269146879,-0.15478914471131944,-0.2022330758048414
02/17/2015,-0.023475713657015174,-0.09453600672261864,-0.11118325088009345
02/18/2015,-0.02058728233700069,-0.10378867858454832,-0.11788857874877329
02/19/2015,0.005198496458390545,-0.3071276205872314,-0.20177444098710917
02/20/2015,-0.01249099463575365,-0.5324920306839231,-0.23765937950829452
02/21/2015,-0.06759251884296713,-0.4598522238669458,-0.13111680308380463
02/22/2015,-0.11665795421901937,-0.28328184597781425,-0.02706581924382584
02/23/2015,-0.12434926061203022,-0.21345485046738422,-0.04413593692108558
02/24/2015,-0.11407475385149601,-0.19584318969453696,-0.08617042864064495
02/25/2015,-0.1263580251316988,-0.18718203964920055,-0.11905523081277175
02/26/2015,-0.17379766544878072,-0.15694402451548684,-0.12890879881576361
02/27/2015,-0.1825527677467632,-0.20555515117820866,-0.2075032577062259
02/28/2015,-0.13814676357060807,-0.28595226693243947,-0.2528556799792554
03/01/2015,-0.13638974121391378,-0.2378408863667032,-0.26690805115874383
03/02/2015,-0.16367368303898178,-0.22158589737988288,-0.28049777045893254
03/03/2015,-0.17675825894229646,-0.24575097868362505,-0.2942429378690664
03/04/2015,-0.1856641423959,-0.23773214124020625,-0.2946675696807599
03/05/2015,-0.1947304188452117,-0.2170597631542991,-0.33726895399860923
03/06/2015,-0.19820913454329914,-0.2974815990479729,-0.4301016238867702
03/07/2015,-0.1725360564072861,-0.45279095420048066,-0.5517477026022587
03/08/2015,-0.19425551323463086,-0.5340187488448603,-0.6473815628506819
03/09/2015,-0.24060773159705007,-0.5468839666909205,-0.7116800299790098
03/10/2015,-0.2785132703318688,-0.5345002337461964,-0.7644322042798464
03/11/2015,-0.3092674166073103,-0.5376137382453899,-0.8153765385674863
03/12/2015,-0.32468315722386965,-0.5683175019446408,-0.8508174091911882
03/13/2015,-0.3534153685575261,-0.5892883419517079,-0.862804929569592
03/14/2015,-0.37397788267841237,-0.5501874228554628,-0.8415600299325076
03/15/2015,-0.3578447392642624,-0.54776109125875,-0.8430974689525743
03/16/2015,-0.3466677834411893,-0.6025420946260828,-0.8597423055960738
03/17/2015,-0.35421414181817834,-0.6554795979980009,-0.8660281954296356
03/18/2015,-0.38723616874519295,-0.6835609130797461,-0.8505350787424745
03/19/2015,-0.42090024457840847,-0.693426479990477,-0.8424449196171103
03/20/2015,-0.4405147817987676,-0.677598662059417,-0.8420104683215733
03/21/2015,-0.43976836004883835,-0.6466920288072282,-0.846094846107825
03/22/2015,-0.4311380282399694,-0.6057040999214367,-0.8528920388997382
03/23/2015,-0.4307398339180516,-0.5670038702113827,-0.8828606978284205
03/24/2015,-0.40508047650033896,-0.5823686993074387,-0.9522077592495617
03/25/2015,-0.37654134575597875,-0.5921842387625669,-1.012134202637212
03/26/2015,-0.36236380824969816,-0.5750350383656904,-1.049836313738886
03/27/2015,-0.36688551865684327,-0.5567322118887393,-1.0740608180769842
03/28/2015,-0.3700668542947261,-0.6361031776264131,-1.1389142077716463
03/29/2015,-0.3735624090561809,-0.7532993623424686,-1.1741347486545453
03/30/2015,-0.4057129869392728,-0.7415694506631536,-1.1548511488980115
03/31/2015,-0.44098077261108914,-0.699719722521642,-1.1603905956539
04/01/2015,-0.4537697294020072,-0.6906877703846044,-1.1739367764988622
04/02/2015,-0.45244479961243433,-0.6331439831663279,-1.1519746893537355
04/03/2015,-0.4462237012027326,-0.5701526640307872,-1.1223285720658727
04/04/2015,-0.433691585986144,-0.5375684669211309,-1.1167060248847227
04/05/2015,-0.3982145410170823,-0.5536426641992683,-1.14381502289025
04/06/2015,-0.3622149714739469,-0.5649260279914285,-1.145510709790452
04/07/2015,-0.33919883339470003,-0.5489569940618619,-1.1457294164760723
04/08/2015,-0.3114131681914787,-0.5532570652545035,-1.1462561384586387
04/09/2015,-0.28294939133851116,-0.5657326326365071,-1.1332952718882758
04/10/2015,-0.27229837192588735,-0.5538560442152993,-1.0981638773111844
04/11/2015,-0.28141523893811693,-0.5489137191384151,-1.0774820560927183
04/12/2015,-0.28267105152642436,-0.5911541546620596,-1.0830798111059798
04/13/2015,-0.2949144079897633,-0.6226643468533769,-1.073926591413529
04/14/2015,-0.32581496973773033,-0.605891644162278,-1.058297462702214
04/15/2015,-0.33786788703347237,-0.591150749037147,-1.0541170406256366
04/16/2015,-0.3327786011376274,-0.571263602364116,-1.0569444839034523
04/17/2015,-0.33486873612035356,-0.5481791023578501,-1.060715246852381
04/18/2015,-0.3396761236220943,-0.5338925058524344,-1.0645489031895696
04/19/2015,-0.34660582009037844,-0.5494355430796576,-1.0795582682800697
04/20/2015,-0.34946868098083517,-0.5562363998757036,-1.0770154277282218
04/21/2015,-0.3445632306983277,-0.5785873400194836,-1.0834730773762995
04/22/2015,-0.32291670645914616,-0.609214477158214,-1.103476461529167
04/23/2015,-0.32144125231884685,-0.5941635527307598,-1.0925657976868857
04/24/2015,-0.3429228711335753,-0.5670851354679008,-1.0889904911581108
04/25/2015,-0.3490737517496378,-0.5558168033994881,-1.0995556471287697
04/26/2015,-0.36422659753380027,-0.5509331372758284,-1.0874655902393144
04/27/2015,-0.37328876510489895,-0.5643293977374657,-1.0790318709085405
04/28/2015,-0.37801463539793556,-0.5689800721430164,-1.0601874293075677
04/29/2015,-0.3932326362508015,-0.5623989955891275,-1.052984391567678
04/30/2015,-0.3989110692459313,-0.6575256152403325,-1.0964502962276148
05/01/2015,-0.3963496239210581,-0.788610408088474,-1.1383599344273831
05/02/2015,-0.43481969317233055,-0.8353614763725916,-1.1121601313577942
05/03/2015,-0.4660886231888032,-0.8143808305144855,-1.0595670164646815
05/04/2015,-0.4594567837040912,-0.7159592687610179,-0.9926056027011234
05/05/2015,-0.4310890885656141,-0.5727429940823112,-0.9361541204556947
05/06/2015,-0.3777492825758978,-0.4596937448731998,-0.9192520701424122
05/07/2015,-0.34531750334053846,-0.4145523041013271,-0.9146515202322676
05/08/2015,-0.3335705507255397,-0.40365988256198715,-0.8951743305690356
05/09/2015,-0.33475783309519136,-0.3924493873994067,-0.8723661853345088
05/10/2015,-0.3367448058858002,-0.3776031527726956,-0.8493135268369869
05/11/2015,-0.3382208836951146,-0.31988849713211487,-0.8116918786959015
05/12/2015,-0.34860790768296374,-0.2376748327934137,-0.7800032681920657
05/13/2015,-0.3380690753199445,-0.17775926269468578,-0.775378128995933
05/14/2015,-0.3089497856473736,-0.13204462001953327,-0.7683741995503554
05/15/2015,-0.27995952208777186,-0.07741011724108321,-0.7563701645854886
05/16/2015,-0.23278332689927672,0.007531217781364202,-0.7244885322442689
05/17/2015,-0.15895155476002548,0.09353205445744078,-0.7008974251904929
05/18/2015,-0.06936557316194819,0.15777863996137068,-0.6854000074071085
05/19/2015,-0.0009515770566009829,0.17873339132661545,-0.6905441996500779
05/20/2015,0.03908448840117501,0.14955487784652993,-0.7045592405604089
05/21/2015,0.037043219719974985,0.08914461137050803,-0.7304375163986687
05/22/2015,0.010764999208806025,0.01080596100484052,-0.7647287770377715
05/23/2015,-0.009589539639282219,-0.03876056088101018,-0.7971920312030489
05/24/2015,-0.01428272233872524,-0.029270434757979885,-0.807970659506368
05/25/2015,-0.021793641641180084,0.027013858419604825,-0.8097298484405214
05/26/2015,-0.0075965869634238015,0.06569934999426658,-0.8078519330198879
05/27/2015,0.007985489847679994,0.0742297357865222,-0.8040712694343544
05/28/2015,0.0015891771315924563,0.03659816768675003,-0.8006911352910808
05/29/2015,-0.025650704311993233,-0.011562477004867289,-0.7759355267214199
05/30/2015,-0.0713178039198683,-0.033517894917494906,-0.7449980661552855
05/31/2015,-0.12682265854676272,-0.05565075763157104,-0.7140572377496548
06/01/2015,-0.19588802190709648,-0.08279799200472115,-0.6888793913746929
06/02/2015,-0.2716699703651627,-0.0964941823292865,-0.6783408129326238
06/03/2015,-0.3392192677264986,-0.080945273334977,-0.683459279750976
06/04/2015,-0.38634578951238563,-0.025394892325906776,-0.7068397142422713
06/05/2015,-0.4165558396031671,0.020847622210586364,-0.7535235692565376
06/06/2015,-0.43377952331704467,0.05666469684436504,-0.8067649323888859
06/07/2015,-0.448215443226977,0.08987153613619095,-0.8690800260862047
06/08/2015,-0.4678993177670697,0.13328162766405965,-0.9124958594938115
06/09/2015,-0.48940940523793874,0.19574366571415355,-0.9266779939350134
06/10/2015,-0.5089282276079287,0.2363245637053001,-0.9449587890480537
06/11/2015,-0.5195093594046247,0.27177300880120037,-0.9346991732151946
06/12/2015,-0.5129843874396962,0.3285366730439714,-0.8687534268074368
06/13/2015,-0.4903447253261357,0.4451011730565389,-0.773334864828753
06/14/2015,-0.4496292641941787,0.5635099951119118,-0.6876271231499017
06/15/2015,-0.3760052472092506,0.6539815365322472,-0.6260113633536384
06/16/2015,-0.28505042218576815,0.7048912251398158,-0.5911700493137417
06/17/2015,-0.2718046828720785,0.6836633191695742,-0.5827401035862619
06/18/2015,-0.3093965894659314,0.6304341651263168,-0.598694046215648
06/19/2015,-0.35547083488038805,0.6039797405520524,-0.6235939849672661
06/20/2015,-0.40477399820982235,0.6009678176235076,-0.6532898894728029
06/21/2015,-0.43764795877574886,0.5855709873968127,-0.6725533227687155
06/22/2015,-0.43832951894827354,0.5740744197416316,-0.6758383053020133
06/23/2015,-0.4293522070494198,0.5936400871665178,-0.6474522063274321
06/24/2015,-0.42114795123600735,0.63199957823237,-0.6031616273300999
06/25/2015,-0.4240885873210932,0.6490413252915108,-0.5312694125034735
06/26/2015,-0.4409356116372291,0.6467518058679826,-0.43908624872231306
06/27/2015,-0.4703350387561028,0.6421314884982829,-0.32217669136474303
06/28/2015,-0.5017365534675627,0.6299060583942908,-0.201067032386531
06/29/2015,-0.5246744761152298,0.6262401380473137,-0.0986516418286848
06/30/2015,-0.5336715619904566,0.627668210521144,-0.01581650493805542
07/01/2015,-0.5280447100913808,0.6553379147299182,0.058457097026305416
07/02/2015,-0.5000945797006566,0.7028456776388508,0.11421439857088178
07/03/2015,-0.45733429130548586,0.7587356229387069,0.15933634700822608
07/04/2015,-0.4222839093144877,0.805120880133144,0.19144983278203098
07/05/2015,-0.39331580434807084,0.8367068181199138,0.19055922182791352
07/06/2015,-0.35896543579511514,0.8585965896764887,0.14913471482170204
07/07/2015,-0.32076038918816324,0.8582112843200742,0.0768681017412296
07/08/2015,-0.297938542349833,0.8486213968741909,0.0210302155069213
07/09/2015,-0.2890530565416128,0.8488626090662305,0.008169734899496794
07/10/2015,-0.27183307815540125,0.8513190628281131,0.006894743902176481
07/11/2015,-0.25162976069988213,0.8458472805127688,0.011995844030092573
07/12/2015,-0.24015226978512833,0.8297679160795945,0.008657584710483612
07/13/2015,-0.251805672048108,0.7977698387608102,0.008938535562290628
07/14/2015,-0.2739467658149915,0.7854896837875431,0.014961936796733077
07/15/2015,-0.2875620106759763,0.7719094608629926,0.02365226115159924
07/16/2015,-0.28423770808834775,0.7376823433216992,0.02326706958080449
07/17/2015,-0.28514830153447585,0.7017779555113037,0.03592852304667926
07/18/2015,-0.29503987552071764,0.680372252433587,0.038964528915230834
07/19/2015,-0.2884891863805785,0.6769062657560119,0.03406225304697197
07/20/2015,-0.2743447033320205,0.6803431284688244,0.030025836541314743
07/21/2015,-0.2539934662610619,0.676737628605198,0.027449763934637272
07/22/2015,-0.23571115942637838,0.6555085482815368,0.034999486261155344
07/23/2015,-0.22422247915579574,0.6399451947401857,0.05684950144604339
07/24/2015,-0.22279915640773817,0.6167594067516251,0.08288387461632174
07/25/2015,-0.2362476615236444,0.578199864581034,0.09556456128609248
07/26/2015,-0.26814715759917707,0.5568293921058545,0.07543616130791919
07/27/2015,-0.27883163502005437,0.5749073299032796,0.047399019197219894
07/28/2015,-0.25791524376363156,0.5619866238582181,0.01514380012974803
07/29/2015,-0.23649933031379594,0.5298645348185048,-0.016950898780340173
07/30/2015,-0.23818822600236855,0.46628862255153547,-0.06182922663504098
07/31/2015,-0.24008814193597383,0.4153961969392106,-0.10602907684775881
08/01/2015,-0.23290762046502883,0.3820530739332392,-0.14881451562312104
08/02/2015,-0.22949061131286486,0.3414834497349065,-0.1879178508388072
08/03/2015,-0.24772262107592863,0.2564314319028192,-0.23920874798394015
08/04/2015,-0.2815161999454774,0.14816238828125955,-0.2639835897574945
08/05/2015,-0.31910175978995364,0.10006140074327272,-0.2823540586692801
08/06/2015,-0.35500418371263764,0.08663677964659369,-0.2928734039074563
08/07/2015,-0.38306910588826193,0.09380033549576089,-0.30497080512160657
08/08/2015,-0.41172633019465205,0.06337536329791998,-0.3328117604373177
08/09/2015,-0.4455634925223211,0.018891795310752135,-0.3742404468106233
08/10/2015,-0.4809119883017676,-8.710642888065667e-05,-0.4147775889730796
08/11/2015,-0.48493091142478995,0.00023120206503871032,-0.44535367630319395
08/12/2015,-0.46809944214758153,-0.027503032864043153,-0.4832946605511113
08/13/2015,-0.46290141772490906,-0.059035361617288895,-0.551998829815116
08/14/2015,-0.46244834052980444,-0.06833283506211507,-0.6240395541907918
08/15/2015,-0.4513289823744525,-0.05076174819985438,-0.688240110515331
08/16/2015,-0.43419562060829126,-0.04013426079159299,-0.7424362358578196
08/17/2015,-0.43219283597386926,-0.03599131808627068,-0.7698723606350457
08/18/2015,-0.44977722049602664,-0.018715463673269095,-0.8004253194288373
08/19/2015,-0.45004367391044514,-0.01918661426453039,-0.8314557404804515
08/20/2015,-0.4497324263862942,-0.03187080553122426,-0.8426551458394103
08/21/2015,-0.4585861417612362,-0.07099591630787794,-0.8594768143448631
08/22/2015,-0.4796129591194671,-0.11471586098506067,-0.8643311695089124
08/23/2015,-0.49043424017277654,-0.12849971679227232,-0.8696408728039483
08/24/2015,-0.4640101911716836,-0.1293340948956891,-0.8691256745131639
08/25/2015,-0.4154464791737889,-0.11897935106872892,-0.8580983130033779
08/26/2015,-0.36544528347259675,-0.10597514849565948,-0.8482932743502958
08/27/2015,-0.3251328959554329,-0.10385432494061002,-0.8474644612221914
08/28/2015,-0.326326378328799,-0.11088793858408454,-0.859510086976067
08/29/2015,-0.3588286688490973,-0.16301901346393657,-0.8769692509801801
08/30/2015,-0.3988451437625619,-0.19613654317832985,-0.8654999315446481
08/31/2015,-0.4015917454116203,-0.19820035187493737,-0.8444479320158094
09/01/2015,-0.3932901605456951,-0.19554055881874474,-0.8399271552678036
09/02/2015,-0.41434471283181584,-0.2060387499156979,-0.8085385259377715
09/03/2015,-0.4609399419910285,-0.21000953240995826,-0.7090839126408441
09/04/2015,-0.5130373626194333,-0.21190599574452174,-0.5931370704638032
09/05/2015,-0.5625936255091113,-0.2048157195486295,-0.4882996758123219
09/06/2015,-0.6121834564662778,-0.17552487916412546,-0.4254260076745159
09/07/2015,-0.6461336863174506,-0.12682708521916494,-0.40848756034880285
09/08/2015,-0.6452165260034763,-0.09233644277089606,-0.45191264517093876
09/09/2015,-0.6338444718384156,-0.12567921347084043,-0.5231020771042567
09/10/2015,-0.6632735415786365,-0.22096120007923167,-0.5696478506990107
09/11/2015,-0.7250584496802173,-0.3406830079734864,-0.5944058532750646
09/12/2015,-0.8026652536717938,-0.45977806344860755,-0.6280220446880647
09/13/2015,-0.8916076088479354,-0.5797664495687211,-0.668101201254864
09/14/2015,-0.9369425863629119,-0.7128816994764087,-0.7179798375107533
09/15/2015,-0.9670381748465081,-0.7912263977621818,-0.719949780160137
09/16/2015,-0.9861375614617103,-0.7841564378804198,-0.7027807778459819
09/17/2015,-0.9022755040103345,-0.6919712799526927,-0.707258381326174
09/18/2015,-0.7407718271618671,-0.6301371686751447,-0.7658423551973547
09/19/2015,-0.6076373495947819,-0.6981857820871851,-0.844137076372291
09/20/2015,-0.5560478156618446,-0.8096485972640608,-0.8946932164370519
09/21/2015,-0.5771323407470321,-0.9106522685951217,-0.9136735483330436
09/22/2015,-0.6078779757747579,-0.969352206753318,-0.9273942887627042
09/23/2015,-0.5962665427677495,-0.9715484825154682,-0.9419626697605716
09/24/2015,-0.5825698173844702,-0.9677395846398626,-0.9674210612235435
09/25/2015,-0.5371329983882275,-0.983838795645803,-0.9862144983154615
09/26/2015,-0.4945069088901991,-0.9946949883821969,-0.996904020889348
09/27/2015,-0.454611315706112,-0.9914213020768013,-0.982300054406644
09/28/2015,-0.43563310431159485,-0.8793833473135143,-0.9070875555965366
09/29/2015,-0.4355010699127909,-0.6877346238446195,-0.8052108164768372
09/30/2015,-0.41984224512661805,-0.673855938998913,-0.7725731650323757
10/01/2015,-0.40444987375486297,-0.7563187424152181,-0.7572506314447228
10/02/2015,-0.4108866515840002,-0.9038247539764881,-0.7650049804531711
10/03/2015,-0.4583899061404585,-1.0788764580256003,-0.8014789256994889
10/04/2015,-0.5672649431066665,-1.194552324806844,-0.8279529033655055
10/05/2015,-0.7215031327527031,-1.2680124174862206,-0.8366324749798013
10/06/2015,-0.8262660631079939,-1.2379507315182088,-0.8427294006139379
10/07/2015,-0.8733490748085868,-1.159665983974417,-0.8430049953836469
10/08/2015,-0.8814427577745443,-1.0549934564128347,-0.8206251744113426
10/09/2015,-0.8296097728078624,-0.8728655684088495,-0.7815054869147073
10/10/2015,-0.7266273074268903,-0.6877807172162712,-0.7399347832130813
10/11/2015,-0.5968742531917925,-0.5856769116033221,-0.6976635283190133
10/12/2015,-0.43887504590302484,-0.5156308404627832,-0.6374600294119936
10/13/2015,-0.3138932797397096,-0.4395958017616587,-0.5353824777900441
10/14/2015,-0.2021198694356805,-0.3860887369820607,-0.42642690522817017
10/15/2015,-0.09743676871412243,-0.3270680241877655,-0.33206633176913036
10/16/2015,0.005161296436053675,-0.2554563050704871,-0.23443518039152011
10/17/2015,0.10106533863223399,-0.15039348115046292,-0.12159198490769607
10/18/2015,0.2210688686705211,-0.09372599645262136,-0.04703349618271446
10/19/2015,0.3770336676372392,-0.028661532510798615,0.011207404399611987
10/20/2015,0.5036266643537348,0.14387447164649636,0.15861607569534186
10/21/2015,0.6222549675308364,0.35524927921715554,0.35773455467838544
10/22/2015,0.7788918982620483,0.5106110105320971,0.5084986491022596
10/23/2015,0.9132439611755501,0.6284093449631822,0.6371949549123597
10/24/2015,1.0058116309543663,0.727649254895907,0.7698894137022241
10/25/2015,1.0967162322790551,0.8692470944117374,0.9338170942885533
10/26/2015,1.1239576545519636,1.0278904389176517,1.0343044170206783
10/27/2015,1.0499053970732373,1.1848480578098441,1.1065894517774515
10/28/2015,1.0878286186589088,1.1012992123526666,1.0629337713904914
10/29/2015,1.096257101825878,0.8750385357274373,0.9560377747003681
10/30/2015,1.0515291376931,0.7503765165924499,0.8876530226959543
10/31/2015,1.0423863700736031,0.6718583663068554,0.8174672880864853
11/01/2015,0.9656227665882857,0.6541078382423411,0.7878234836522566
11/02/2015,0.864901761736689,0.645173181285978,0.7247426730969901
11/03/2015,0.7771932806741513,0.5758764063437243,0.6211093013550482
11/04/2015,0.7332379323898641,0.47683830904586255,0.5382664143759301
11/05/2015,0.7029985331690376,0.4250975892421216,0.5319691225797163
11/06/2015,0.6852117497087895,0.4352927971572582,0.5564454845055096
11/07/2015,0.6756396043167023,0.43859214308483385,0.543238603346107
11/08/2015,0.6731281992585618,0.41642217080275845,0.5000222839966053
11/09/2015,0.6759729003748012,0.3902311537001293,0.4657505405960549
11/10/2015,0.6256048772344267,0.2620980394501966,0.41708363676181937
11/11/2015,0.5461042472537283,0.14572114239613443,0.3633110882451569
11/12/2015,0.43694756869830154,0.0769408480870768,0.37227850869577583
11/13/2015,0.34211777803468246,0.011125737440535133,0.38363125219294525
11/14/2015,0.34698166261176433,-0.07753876765801482,0.35351542273574377
11/15/2015,0.3870645766183731,-0.10257486689181361,0.340847233590869
11/16/2015,0.3931986548574897,0.01170580931130405,0.42398389355772026
11/17/2015,0.38900260973463086,0.1662725620799994,0.5133332435694813
11/18/2015,0.41318119348222715,0.3625411918948984,0.6025961658928627
11/19/2015,0.46332308157558133,0.4707542188584257,0.6101957160134373
11/20/2015,0.5821792807474968,0.3811272724162429,0.5109450801763682
11/21/2015,0.6597381722842759,0.2837000357017103,0.43096347717558303
11/22/2015,0.6175526866010763,0.20495682058357212,0.3985554880392155
11/23/2015,0.604303021841246,0.02793461021690502,0.2737020899808358
11/24/2015,0.5799793433319831,-0.14388492092012883,0.20132230937787887
11/25/2015,0.5331097364932411,-0.09236204367540857,0.2747346776868982
11/26/2015,0.5759460391352398,0.008861936356857947,0.31070429911214226
11/27/2015,0.7094554518386722,0.08189579746320419,0.371189722704079
11/28/2015,0.7814023494734659,0.13312614327152883,0.463459598208275
11/29/2015,0.7964420543612896,0.1318148602451069,0.5260420902466374
11/30/2015,0.7964815656276192,0.10877880231732784,0.5833211683287876
12/01/2015,0.777551303374315,0.1360242713538824,0.6455352268410937
12/02/2015,0.739465084057639,0.18617955532579755,0.7101744949810194
12/03/2015,0.7141717836644438,0.1955482533054147,0.7549073159387567
12/04/2015,0.7215801277573821,0.10765271482490957,0.7427406508447667
12/05/2015,0.7254736200358661,0.06773291909036627,0.729953775789792
12/06/2015,0.7154928246942824,0.07937269914485412,0.7574498318795727
12/07/2015,0.6923855942526523,0.1497625622484844,0.8438216871620489
12/08/2015,0.683166849072749,0.1802909949824384,0.8994286937968776
12/09/2015,0.6536933520869171,0.19450754130647796,0.9856545146894599
12/10/2015,0.5996054734587082,0.2777979115763769,1.091183006236951
12/11/2015,0.5775800152642061,0.3627589757362477,1.1897127215390642
12/12/2015,0.6039017825470857,0.4606258316527704,1.2936050111587314
12/13/2015,0.7271305618590943,0.5715665293000474,1.3950102121720112
12/14/2015,0.7983242874440448,0.7235956804856825,1.494181764645392
12/15/2015,0.8608051367918739,0.7644819103654854,1.5098228633886706
12/16/2015,0.9457664292227542,0.7367052225603408,1.4918717919356173
12/17/2015,0.975051614852916,0.714504188630355,1.471822150710096
12/18/2015,0.9743047161796281,0.627282905164734,1.4200714826086096
12/19/2015,1.004098228742209,0.406711324954831,1.2606017665347802
12/20/2015,1.0395173825522497,0.23211973257485236,1.1702854813990204
12/21/2015,1.0191882307016549,0.32156682679108495,1.2394348546991356
12/22/2015,0.9780810687428043,0.4263081714629568,1.3000493923307075
12/23/2015,0.9908032929492798,0.5031538663284592,1.283454221175745
12/24/2015,0.9765265186970269,0.5632390717784014,1.252564965348483
12/25/2015,0.9879949847542943,0.5912725319583686,1.212096234961899
12/26/2015,1.0522268032007354,0.628081993947941,1.2270830801617711
12/27/2015,1.1251718647484328,0.7247624006063611,1.2681363944481214
12/28/2015,1.143475633134469,0.820165228181457,1.3254810033831985
12/29/2015,1.0590771102722414,0.8611565626921583,1.361154579543454
12/30/2015,1.1123414523113282,0.8603533636719859,1.399344256421456
12/31/2015,1.1464919166022485,0.9173688092875519,1.4639279754978165
01/01/2016,1.1460314724621214,0.8881950363416813,1.4712620148804474
01/02/2016,1.1694341385840912,0.8680999116783409,1.4898911987880612
01/03/2016,1.16507307797754,0.8771390860888978,1.4854047090807505
01/04/2016,1.0921652164521818,0.9172076136838179,1.4736569545289389
01/05/2016,1.0481151071642558,0.8720772705517414,1.4164694167589906
01/06/2016,1.059495232340078,0.9166597190966991,1.4479116880627518
01/07/2016,1.0910353483181865,1.0226721839080999,1.5277929051005998
01/08/2016,1.0976662706425866,1.1302263986041918,1.6030820932680037
01/09/2016,1.1280181870907333,1.1712970019706006,1.6340861396729325
01/10/2016,1.0856760137394934,1.1695296000766684,1.694626260224462
01/11/2016,1.065804524885575,1.0658446450218624,1.6962157587394566
01/12/2016,1.0656140490315695,1.014561159721376,1.777120596103491
01/13/2016,1.0315055539966111,1.0903681389887494,1.8664676332616215
01/14/2016,1.0109886044001302,1.1801424080672072,1.9320237246968317
01/15/2016,1.0040245327632797,1.343947035844769,2.005631914613422
01/16/2016,0.9835378861435686,1.4058297066361487,1.9677609651965582
01/17/2016,1.0059340972233908,1.3393718723639894,1.941839840701523
01/18/2016,1.0311673419592293,1.2319531780523292,1.7637260086124231
01/19/2016,1.022519143867446,1.0319471097673054,1.6739549482882943
01/20/2016,0.9809207141580166,0.9965107605116037,1.6568707911837184
01/21/2016,0.9009146921579009,1.115011358286589,1.7124986135012408
01/22/2016,0.8025806887394646,1.2421968280459488,1.7299036080386923
01/23/2016,0.6842772804319863,1.1393685050918263,1.6243304824737268
01/24/2016,0.6777917096741444,0.7908475969418947,1.428470611377294
01/25/2016,0.5881476901713982,0.7514188570890445,1.4864631845169498
01/26/2016,0.466071304450695,0.9498134188963614,1.5624005803472076
01/27/2016,0.44160055011348476,1.101781210115913,1.5797244627019948
01/28/2016,0.4781539010542003,1.1800055958940208,1.5420373242843648
01/29/2016,0.4856178617485807,1.1388442737260824,1.4507833190178623
01/30/2016,0.47096464821706263,1.0132087156076586,1.383843532464593
01/31/2016,0.43280065370576537,1.056611878450365,1.4094310785435824
02/01/2016,0.4188504252117041,1.0953698276309103,1.4129955511790224
02/02/2016,0.4691281630907682,1.0772184340271986,1.3959934395138403
02/03/2016,0.48613066442333275,1.0771291244497678,1.4158110244248765
02/04/2016,0.4829516033430262,1.1134525215596716,1.4094816772888445
02/05/2016,0.5093318120811106,1.0299067881390505,1.3113297280800773
02/06/2016,0.5370423435114151,0.8604640896021671,1.2162242128693979
02/07/2016,0.4726754090075166,0.8602709084649223,1.174422142651738
02/08/2016,0.42506143485795533,0.7478807063939347,1.1005799893308277
02/09/2016,0.2986581435807988,0.6046138758005908,1.0893370049402653
02/10/2016,0.14596848740888047,0.42429596000193576,0.9497769821589911
02/11/2016,0.09688078338040906,0.3901087117591846,0.8620208636891387
02/12/2016,0.05611627251486351,0.5121125819327625,0.8448509686946372
02/13/2016,0.040459318735730165,0.6297157388257871,0.83310625737129
02/14/2016,0.07804396141989356,0.6810224176062771,0.7864253644327271
02/15/2016,0.11798834753267906,0.751547507505977,0.7801685272869003
02/16/2016,0.13828286740981977,0.8229171923838265,0.7608772585946324
02/17/2016,0.1914486330583558,0.7377801513642837,0.7131068087131627
02/18/2016,0.25256456442692266,0.6565754914822381,0.7153782744387722
02/19/2016,0.291663879026412,0.6443386114324218,0.7531424268247335
02/20/2016,0.30945253349370216,0.6926351288144847,0.8171176219374127
02/21/2016,0.3350603098153586,0.7080163988583907,0.8558829964880645
02/22/2016,0.36758552934349975,0.6781847687249453,0.8553471042437277
02/23/2016,0.38734574830812996,0.6295030634218078,0.8639687733644459
02/24/2016,0.3403467484922954,0.6122306146337242,0.8861376377396127
02/25/2016,0.260174977280235,0.4817971181911449,0.884006119946972
02/26/2016,0.2794168172354079,0.347397947691669,0.8606284446494794
02/27/2016,0.28424764735477137,0.32270364402015284,0.8571918687622919
02/28/2016,0.26218887789766965,0.37123996437015205,0.8383346456017655
02/29/2016,0.24521469847560062,0.44054184774977023,0.8306252146454476
03/01/2016,0.2422612221461169,0.5028594403294632,0.7720136082598154
03/02/2016,0.24223594520786662,0.5102379028541034,0.7130577518703182
03/03/2016,0.24633730269990695,0.5137768168789363,0.6592584229431733
03/04/2016,0.2097783387380714,0.5225324436567421,0.6181701318176748
03/05/2016,0.2065804942145334,0.48280970442572313,0.5378224892972306
03/06/2016,0.2002403117096624,0.42169112668570286,0.4779748858149918
03/07/2016,0.18663464200235946,0.3703230292214573,0.4306100374232188
03/08/2016,0.17325936296592048,0.419238900596122,0.4210828658170991
03/09/2016,0.1907072373469546,0.485230575279046,0.4140716326232081
03/10/2016,0.22874957971420284,0.5562101986691405,0.41937285545492564
03/11/2016,0.24274783072230133,0.6112586023097323,0.39885402955299876
03/12/2016,0.2761050980872868,0.5892801670701073,0.3315261299295994
03/13/2016,0.29619626517960795,0.5594305693293675,0.28665287412234075
03/14/2016,0.2896381653841401,0.4841713084961061,0.2103686313999309
03/15/2016,0.26454763079315136,0.35955620478016204,0.14332707928682153
03/16/2016,0.22551827718241046,0.2567427373967758,0.09254955449539493
03/17/2016,0.17199991842277085,0.17071888339371177,0.04784834253730719
03/18/2016,0.10274389577636023,0.10432141088723174,0.0021420130820907213
03/19/2016,0.040054374113904556,0.05320808939700311,-0.06224953626085539
03/20/2016,-0.007413404681614666,0.0004823806639999151,-0.14086781348609678
03/21/2016,-0.032475507302864526,-0.14436900499611577,-0.24125048973543783
03/22/2016,-0.08652273738596039,-0.3547792573869879,-0.31931944393471723
03/23/2016,-0.17594913308940485,-0.3452526088726605,-0.26616621269869006
03/24/2016,-0.23530694150889953,-0.21565184643870894,-0.21172557409320675
03/25/2016,-0.2365119434158146,-0.0984329379840197,-0.17445324800342343
03/26/2016,-0.19394899123379938,-0.028105256893871222,-0.15331039796083434
03/27/2016,-0.15561345105737612,0.010852273650048594,-0.09002755761193054
03/28/2016,-0.14079911080190066,0.05419313704393369,0.016416255904804222
03/29/2016,-0.10434690430060733,0.09133576309816288,0.1581974702774639
03/30/2016,-0.06255187210627755,0.14713293447800385,0.3113721262559509
03/31/2016,-0.0363227380151111,0.2566802617949444,0.4565239798990788
04/01/2016,-0.05905103450141658,0.41313696023673213,0.5765853886887311
04/02/2016,-0.0750272334426394,0.5267289368779238,0.6646663616530322
04/03/2016,-0.04892976688614448,0.5433892539469292,0.6994835733234888
04/04/2016,-0.02675051925019578,0.5115597550612897,0.7296096686047109
04/05/2016,-0.03688282947565158,0.5424733169986444,0.7628490271810993
04/06/2016,-0.04416688000283697,0.5576905298700694,0.7596429657059682
04/07/2016,-0.049367839338511965,0.6272607530056797,0.7745993380448197
04/08/2016,-0.03871880099216696,0.6389442190073142,0.7329080819196357
04/09/2016,-0.010395899963426158,0.591105288434534,0.69939057226163
04/10/2016,0.015202668068673986,0.5645505740783802,0.6663361608231013
04/11/2016,0.02606184618615992,0.602187250615521,0.6766218672679956
04/12/2016,0.03207269476548713,0.6715431542523614,0.6871716853671926
04/13/2016,0.06266839242508931,0.6901372790946202,0.6851043188305753
04/14/2016,0.11687080603330746,0.6862376624174817,0.7071285284127466
04/15/2016,0.14407264366706457,0.7286755654683486,0.755225374691088
04/16/2016,0.19536255966863675,0.7920503109948308,0.7900384881472153
04/17/2016,0.29766273114883324,0.8535601832936974,0.8004761125570372
04/18/2016,0.3928054935979969,0.9046308170371882,0.819737638763116
04/19/2016,0.4504534217009377,0.9399300018136756,0.8464658680232111
04/20/2016,0.46954407694994704,0.9656549180447429,0.8724004638762477
04/21/2016,0.48106107913103135,0.9963147609261602,0.9056700112789948
04/22/2016,0.491356130282595,1.046772969362217,0.9572427113799036
04/23/2016,0.5055427293327761,1.0623047327966275,1.0110085242175655
04/24/2016,0.5434087201148521,1.020294529260558,1.062324862752658
04/25/2016,0.5682328012914194,0.990092566776781,1.1834165463947428
04/26/2016,0.5762589812582705,1.0408161790852788,1.3306892868190765
04/27/2016,0.5876989419729738,1.1332298661881297,1.4529342323199157
04/28/2016,0.5911043949051865,1.2121097760441106,1.541869743836939
04/29/2016,0.607310911144451,1.2477573914796867,1.6126745116923908
04/30/2016,0.6526943147240086,1.2695809882211588,1.6907263832358959
05/01/2016,0.6679953369284977,1.3372927383552773,1.7930669103735246
05/02/2016,0.7021161219116575,1.386317472291779,1.8806031048663723
05/03/2016,0.7463035851282065,1.3743647270514205,1.9685442922032217
05/04/2016,0.7673855788509231,1.356590535765536,2.0577000117319093
05/05/2016,0.794742379891329,1.3046964454054168,2.1256696267974364
05/06/2016,0.7980144043410642,1.1728615343115922,2.191187576435899
05/07/2016,0.80483279423364,1.1518034985632486,2.25867936405618
05/08/2016,0.7936249484511974,1.1800423531560016,2.3072261618070344
05/09/2016,0.7982202884883449,1.2511589061546244,2.3609838999451753
05/10/2016,0.7940989369014564,1.3578833814432985,2.4246481582615775
05/11/2016,0.8105556911607943,1.4407171043866527,2.4716310611929186
05/12/2016,0.8459249881361637,1.486669729781937,2.5297487313106393
05/13/2016,0.8683530063356755,1.5143503554774929,2.5835059013794632
05/14/2016,0.8803590383961685,1.5058435154712677,2.6143097845042136
05/15/2016,0.8854009254469839,1.4848381494737146,2.6341027395528798
05/16/2016,0.8926371735786143,1.4770648106123045,2.6447361449938933
05/17/2016,0.8961107164925306,1.5015133221134598,2.6654343184933067
05/18/2016,0.8628566113196635,1.5471405928943178,2.6617416244985774
05/19/2016,0.8436966554373257,1.5048904689549758,2.6328996093236885
05/20/2016,0.8302449952899404,1.4719875523277048,2.639602380880459
05/21/2016,0.7894232169343912,1.477711409604198,2.6682758823511916
05/22/2016,0.7569149465288523,1.459252452840343,2.6662231233112026
05/23/2016,0.7356079917243206,1.4014352174287084,2.626344900975794
05/24/2016,0.7175934590149049,1.360286989301378,2.5498402473598256
05/25/2016,0.6843523408320806,1.335369969504155,2.437025698799945
05/26/2016,0.6492032723913038,1.326930126360418,2.336878284399072
05/27/2016,0.6436047790891383,1.315749870798355,2.2433883177390412
05/28/2016,0.6604895170373865,1.2610049787986188,2.1391105525139187
05/29/2016,0.6733017330138649,1.1734706127117849,2.0362597774038074
05/30/2016,0.6652871092669717,1.0720865095909928,1.9421146645200216
05/31/2016,0.6261575283771228,0.9996246173168278,1.8651172107747642
06/01/2016,0.5809384799258276,0.9656990150155852,1.794511145449829
06/02/2016,0.5538188932290283,0.9558565241495108,1.7597012375276873
06/03/2016,0.5380421949993002,0.98649023766738,1.760808810383107
06/04/2016,0.5341214447162869,1.0285337928405176,1.785567056417437
06/05/2016,0.5381180625004709,1.0689606156632365,1.8422632953841371
06/06/2016,0.5595706990492755,1.171162538504249,1.9542217229124974
06/07/2016,0.6067789581623487,1.3132840222091264,2.039979860454712
06/08/2016,0.6723413561058933,1.2348358046695644,2.0379024715523526
06/09/2016,0.7061323669265599,1.1218669399519083,2.070126852571389
06/10/2016,0.6715815438153834,1.1010218144782293,2.1158932756446758
06/11/2016,0.621943176734399,1.1035923566746613,2.1624808023339566
06/12/2016,0.5897451633198718,1.1428432994200433,2.2159317830429135
06/13/2016,0.5631810822820361,1.1723531567169845,2.245392628581879
06/14/2016,0.5466575587518454,1.1743520236695855,2.2596298251700895
06/15/2016,0.5260653653232028,1.2008682192336317,2.270047404848431
06/16/2016,0.4969443513892403,1.2230851069347561,2.2725254043458087
06/17/2016,0.47368777056208544,1.1930383939728197,2.258487600086564
06/18/2016,0.43558203407393253,1.1148187643260528,2.2269541536580193
06/19/2016,0.38205248595845426,1.0539766880982724,2.169213803293469
06/20/2016,0.34516642594224206,1.0162112437088655,2.0871529854532493
06/21/2016,0.3437245765558453,0.9658873813038125,2.0185773621595673
06/22/2016,0.34109295012374763,0.9034134822841949,1.9510199625335973
06/23/2016,0.3204619057842043,0.8565982355857953,1.8564112645137802
06/24/2016,0.29828038359067677,0.776703508223741,1.7504212978019917
06/25/2016,0.266637985894356,0.6726100543325235,1.6557374523273034
06/26/2016,0.2251429384955212,0.5949487710182917,1.579811985952623
06/27/2016,0.18328139383522302,0.5327582434784124,1.508448156740128
06/28/2016,0.13508080394883876,0.4647128008206054,1.4345399856497352
06/29/2016,0.07336468287080605,0.39582041447780414,1.3651405401226309
06/30/2016,0.0022628567493168106,0.3658537337012987,1.293586772877592
07/01/2016,-0.07229530635860332,0.3664482501191122,1.2245969053253756
07/02/2016,-0.13795976590188985,0.3787674523435228,1.1864639136495627
07/03/2016,-0.17785719340660294,0.3984708127066574,1.1702253682942154
07/04/2016,-0.19100160484880452,0.44596512926895504,1.2021688796142012
07/05/2016,-0.18347927607204012,0.5076297226306263,1.2694099052090446
07/06/2016,-0.15099092638852057,0.5795316244774684,1.3606457322575165
07/07/2016,-0.09587131577990976,0.6675060207899906,1.4588193086765733
07/08/2016,-0.038488336948469704,0.7627712141445034,1.5432654495633433
07/09/2016,0.022477326874250636,0.8322424392869849,1.6180829778951884
07/10/2016,0.07802440756200019,0.8914195172388706,1.7212646533802989
07/11/2016,0.13060231013568863,0.9991019126105252,1.8579906189338966
07/12/2016,0.20608071521624438,1.1106861559308068,1.9894487154397429
07/13/2016,0.288645247628227,1.1706176385183484,2.0564189748540356
07/14/2016,0.34096208969014496,1.1878407644628832,2.052814412755626
07/15/2016,0.3645321192262119,1.182366927029056,1.9935511497148757
07/16/2016,0.37763481821733186,1.1731890027621716,1.9027531823778194
07/17/2016,0.3958933155702665,1.1634345884024437,1.8176414671377588
07/18/2016,0.41496093175219273,1.1530859512132585,1.7710193287967466
07/19/2016,0.4517167550038213,1.167098688501622,1.76331667409581
07/20/2016,0.5082434729661351,1.1636753308531123,1.7509590565597897
07/21/2016,0.5360184991097172,1.137551662919,1.720599768825457
07/22/2016,0.540371598764739,1.1107943138805965,1.667104438133686
07/23/2016,0.5189499255481355,1.078933518476364,1.6036065429733175
07/24/2016,0.4816249492920628,1.0399321845499614,1.552630193922237
07/25/2016,0.4379349171434087,1.0195673696241987,1.5263356044300873
07/26/2016,0.404277114686739,1.0259223244274696,1.561516299308296
07/27/2016,0.3930785505666728,1.0241510471672588,1.6698046744616968
07/28/2016,0.42503681827512646,1.0492429281884066,1.8310926586782588
07/29/2016,0.47028488567875415,1.0901061994588848,1.9749881053058829
07/30/2016,0.503943018313134,1.106898983593433,2.059931428570933
07/31/2016,0.5082821404449713,1.1128869529536125,2.076183404707903
08/01/2016,0.4984170907350146,1.145232345295736,2.0427119898170334
08/02/2016,0.5020240254449935,1.1894392943353231,1.9570283505076178
08/03/2016,0.5268780427342121,1.1976986393587257,1.8845000197792312
08/04/2016,0.5645962239600928,1.1941101089019928,1.8587676160253508
08/05/2016,0.5977033633642459,1.1538640777879585,1.9166414221021462
08/06/2016,0.6144034952844978,1.141677929805791,2.0468216466877207
08/07/2016,0.6232704177679602,1.1285429042619675,2.198758925972703
08/08/2016,0.620102692789136,1.1009714347166033,2.3649975936782974
08/09/2016,0.6044708692026066,1.1016387023286534,2.5176168401738948
08/10/2016,0.5819289763785103,1.1341535538689778,2.5982651536665973
08/11/2016,0.5691358006501532,1.1139123396404502,2.568759998721193
08/12/2016,0.5634997037751133,1.0735654902854905,2.4935830042431664
08/13/2016,0.5528753186980061,1.0571431559366202,2.3810436041128176
08/14/2016,0.5669147685474126,1.0617957093076396,2.243277260188289
08/15/2016,0.6056522083734187,1.020183259274214,2.0962856734976616
08/16/2016,0.6492723529061514,0.9620490658750912,1.9556286682960247
08/17/2016,0.6798561641680803,0.873085629114019,1.8170743310811894
08/18/2016,0.6981792662935306,0.7940220503834786,1.7021730204752774
08/19/2016,0.6894929510190978,0.6926501018205624,1.6121320866509505
08/20/2016,0.6433487446158865,0.6022538951719869,1.5372839637289455
08/21/2016,0.5720145100708371,0.5213750009280627,1.469534475522319
08/22/2016,0.492735722826877,0.46895374331865103,1.4041750577986503
08/23/2016,0.42548197120511705,0.4370486160728971,1.3483415943897121
08/24/2016,0.3632480581002317,0.4088938451848618,1.2950142904855362
08/25/2016,0.3224249590338273,0.43026302587128185,1.2637662988869258
08/26/2016,0.32343838449436074,0.4823799497924451,1.2791087554769192
08/27/2016,0.3504361356150503,0.5448878463435071,1.3377393110317883
08/28/2016,0.38122792214977835,0.582345551419761,1.4002277064460436
08/29/2016,0.4272221911848591,0.6118849437051638,1.4581610380715937
08/30/2016,0.5021219414801141,0.7131228985430986,1.4728151975357677
08/31/2016,0.5948822149248667,0.7943634936397329,1.404998068504481
09/01/2016,0.6780175512298576,0.8282479348536826,1.3329379891957722
09/02/2016,0.729285345324652,0.9226242601061942,1.2901618424113244
09/03/2016,0.786139306086993,0.7580360450105341,1.1447666927965878
09/04/2016,0.8043783229548587,0.5185813315822321,1.0838373636126868
09/05/2016,0.757881706872608,0.39902710392071256,1.0672776562134283
09/06/2016,0.7186481933759775,0.3721978844531299,1.0683339811015102
09/07/2016,0.6847772795487512,0.40059063806129636,1.0748918544070067
09/08/2016,0.6288177335246058,0.4306779249338235,1.0895309600343792
09/09/2016,0.574438344662198,0.49080200148190006,1.0889376927893961
09/10/2016,0.5230977280384774,0.5157514921511293,1.051282244524169
09/11/2016,0.4794000651160071,0.4723869068182,0.971220787208489
09/12/2016,0.43252906419359033,0.4011099371426923,0.9041483158941789
09/13/2016,0.3985621053382877,0.3807814097375459,0.8371369120310495
09/14/2016,0.41154876520648587,0.3154036870214978,0.7651348569450623
09/15/2016,0.4016370136933425,0.15609642181078118,0.6853935878401832
09/16/2016,0.3229061380209532,-0.004648075830434806,0.6319948695080516
09/17/2016,0.19993210915775123,-0.10077389408725623,0.5999797408782067
09/18/2016,0.08801738279255045,-0.14861247235401026,0.5822368668284815
09/19/2016,-0.013374653231159939,-0.17003502740327045,0.5719758713987165
09/20/2016,-0.09416730528936862,-0.18189752358346717,0.5658113049399174
09/21/2016,-0.1402615814850836,-0.20569203766619354,0.5735818439237954
09/22/2016,-0.1677396678054125,-0.2163501756986651,0.6161280443654986
09/23/2016,-0.22629705207569328,-0.2274284973840599,0.6611115056195372
09/24/2016,-0.24059620503960544,-0.2326786204917743,0.6984002651430294
09/25/2016,-0.2504482310731052,-0.24398629339968503,0.7225038518701596
09/26/2016,-0.25163367912212764,-0.2589384547046901,0.7413190379014969
09/27/2016,-0.2607607449570464,-0.2715884722869243,0.7607747220835818
09/28/2016,-0.2761153660102792,-0.251275505064566,0.7988605234300115
09/29/2016,-0.3134612902079231,-0.23534481377409222,0.7972875395014833
09/30/2016,-0.34947439703729377,-0.23247205172556618,0.7699100475926638
10/01/2016,-0.35196566125494355,-0.2553462837523557,0.7063895108125238
10/02/2016,-0.36166268719538175,-0.3066284772640818,0.6281140228414791
10/03/2016,-0.36676066777100247,-0.36717725872574236,0.5335026467806163
10/04/2016,-0.37280299329230515,-0.43341948171037203,0.42065799054712705
10/05/2016,-0.39905637710217334,-0.48555431452116116,0.2932525005223665
10/06/2016,-0.3888537757102595,-0.5782894808721651,0.19120866787179946
10/07/2016,-0.3518252623540805,-0.6832781443738444,0.13452736101276241
10/08/2016,-0.3549316476511055,-0.8430098796274643,0.16025416522626967
10/09/2016,-0.37590659042197894,-0.8641487696086337,0.21737357525499823
10/10/2016,-0.3687998086402722,-0.7454138296091061,0.289854472195723
10/11/2016,-0.33426769559949676,-0.5848120746258405,0.36906135038230303
10/12/2016,-0.2463076558060393,-0.46354763608183813,0.4195879508427681
10/13/2016,-0.15927391124328238,-0.39279906672671716,0.454381871671379
10/14/2016,-0.08602053708444113,-0.3133493605923745,0.5100059203856093
10/15/2016,-0.04379645729522963,-0.16710583767301157,0.6010477517635893
10/16/2016,0.01460765114338125,0.003357667572377099,0.6780761652864229
10/17/2016,0.09693691359162315,0.1279060680141817,0.7363963521143359
10/18/2016,0.1952601678911816,0.19174204084554436,0.8113589410029707
10/19/2016,0.2892418420692624,0.2564266014566794,0.8914831699777714
10/20/2016,0.37983871776540634,0.31920048905689735,0.9485262152602425
10/21/2016,0.43560415598070423,0.3224075895234988,0.9767552024933208
10/22/2016,0.516227500244949,0.20949955631289296,0.971272278634103
10/23/2016,0.5320168552870121,0.13329388406014653,0.9885029976215098
10/24/2016,0.47656336163769963,0.20366055368377256,1.0945059893511235
10/25/2016,0.44753006491617064,0.31848706935552684,1.1746281489305697
10/26/2016,0.4628723226483711,0.41919180902406294,1.257026805706686
10/27/2016,0.4975715789847628,0.5782098897056245,1.377255186298073
10/28/2016,0.5813800742738033,0.7518366333174631,1.498407775085818
10/29/2016,0.744251017031937,0.8789048438880478,1.5291038467701807
10/30/2016,0.9048294992420824,0.9144367855119615,1.4791707975893529
10/31/2016,0.9844409221887103,0.9206108311712082,1.38390829236631
11/01/2016,1.0043492442008382,0.8645400941626722,1.2679870538847449
11/02/2016,0.9906721093618673,0.8769592925806189,1.1883475909160879
11/03/2016,1.0067311829090626,0.8655819805150307,1.1237863511539823
11/04/2016,1.0018464604496493,0.7721423195486323,1.0459170733183276
11/05/2016,0.9544568237128828,0.6106277983713062,0.9782594500349369
11/06/2016,0.8976051008217092,0.5549111289182644,0.9711772487532633
11/07/2016,0.8647680834732281,0.5812452409848605,1.012080876775558
11/08/2016,0.8214905900337959,0.7031048418410546,1.088947836884273
11/09/2016,0.7887436011417359,0.7848441261165948,1.1773511080311174
11/10/2016,0.8743891685396701,0.8196743328556484,1.1987900033386958
11/11/2016,0.968605012089111,0.7673255915697903,1.2025446168885745
11/12/2016,0.9191637611028107,0.7081024789639212,1.2400122776693723
11/13/2016,0.8329018986602963,0.6775975332983262,1.281388093020159
11/14/2016,0.7751145255032181,0.670217602831912,1.305056903840716
11/15/2016,0.7345065555600605,0.6399296776779397,1.2896965530673496
11/16/2016,0.680423189360591,0.611832978566422,1.2728736266941327
11/17/2016,0.647417854751289,0.5593825382745727,1.2298908649851588
11/18/2016,0.6355683269267733,0.5740810392413189,1.2315103494446202
11/19/2016,0.6035482792995706,0.6163192434934708,1.2169674909894734
11/20/2016,0.643777938956416,0.4756642336191923,1.107732306596317
11/21/2016,0.6904215941802043,0.27584682521075643,1.0229110370808752
11/22/2016,0.6214044734523823,0.29784598778820237,1.0012586288642553
11/23/2016,0.5635130576292848,0.3889661833189143,0.9716485028250259
11/24/2016,0.5274424631914343,0.43963647998224353,0.9353683097909249
11/25/2016,0.5563235846736709,0.3954450911254451,0.8785371137859312
11/26/2016,0.6015643881676105,0.3820020913977764,0.8612602594550101
11/27/2016,0.6253673030506011,0.3926786667789096,0.8222699700326686
11/28/2016,0.6057993208877797,0.44897470349066937,0.8223496620420472
11/29/2016,0.4756913622975849,0.6141380581727415,0.8490455113512856
11/30/2016,0.39818251102754065,0.7337276925898095,0.8086490880730071
12/01/2016,0.4042378602253017,0.7521321006374043,0.7664693329147607
12/02/2016,0.5218704574791387,0.6614834080039815,0.6907478845763193
12/03/2016,0.6293343148998478,0.5884208339565629,0.6461206839344775
12/04/2016,0.6445050269669278,0.6492644368437851,0.6847910286042915
12/05/2016,0.6090085381992112,0.7697884455578031,0.7345898105452805
12/06/2016,0.5184038482971901,0.8524922850131322,0.7329652540383803
12/07/2016,0.3982809406724367,0.780368078064288,0.6393103038192147
12/08/2016,0.38981345984891524,0.6564181281242399,0.5710506487928685
12/09/2016,0.4262472130846886,0.5598973160953113,0.5163131128184246
12/10/2016,0.49062959256827465,0.47571026827317464,0.4750838999268484
12/11/2016,0.43829048185392805,0.5429927335153767,0.52836121373145
12/12/2016,0.3497532914180922,0.7355428319501816,0.6145832610207376
12/13/2016,0.3223346003996943,0.873545094888768,0.6295197103572386
12/14/2016,0.3556786973425678,0.9516464671463531,0.6706865573534947
12/15/2016,0.38022847421243366,1.0116003211665066,0.7331744658511941
12/16/2016,0.4412981073283435,1.0022848801143893,0.7714780000501339
12/17/2016,0.48525936212505316,1.108444373973715,0.8624026468440572
12/18/2016,0.4997901897842718,1.276422829951493,0.9444547407626802
12/19/2016,0.5616354470345135,1.3273252375678704,0.9545007219573632
12/20/2016,0.6789876500371578,1.2493642592613952,0.9264412222615466
12/21/2016,0.7021455077281167,1.1661755292798124,0.8881382967082962
12/22/2016,0.6642818648764426,1.1338230908171794,0.8607265177587846
12/23/2016,0.6270172377690302,1.1187068136220226,0.8529822316924577
12/24/2016,0.6362617368105529,1.117023965174178,0.8554224140041186
12/25/2016,0.6542030801269157,1.192994003413624,0.8743339283604448
12/26/2016,0.6866118936680063,1.2568442446390145,0.9172886517911687
12/27/2016,0.7313199737651791,1.2919521859613976,0.9667343786539417
12/28/2016,0.7952710677827177,1.2931125058559512,0.9844342823177552
12/29/2016,0.8538622769253813,1.2721535268184028,1.0137087605455817
12/30/2016,0.8997197423280284,1.210960612507026,1.0432650417291842
12/31/2016,0.8286527648259012,1.106760075323382,1.0967245559322247
01/01/2017,0.8722838203623674,1.23704220444883,1.1448017642653125
01/02/2017,0.8346744877225487,1.3699387897501065,1.17853777772704
01/03/2017,0.8678303099961737,1.4500967484307794,1.2105677167354116
01/04/2017,0.8935106520418702,1.4831062963483959,1.2211561635479147
01/05/2017,0.9313708096843513,1.429157557248327,1.2204779699405903
01/06/2017,0.9480656954476085,1.3799716433052178,1.242522995205461
01/07/2017,0.9018904523393728,1.3575486565792478,1.2829446164154235
01/08/2017,0.9080576950954427,1.1679630371949177,1.1362014383202244
01/09/2017,0.9218357909417725,0.9500274106668236,1.0854020428602362
01/10/2017,0.8365009574582157,1.0703282335137703,1.15051625752246
01/11/2017,0.7777215470191265,1.226794679088926,1.1512233415119981
01/12/2017,0.8348336333802311,1.312040347799625,1.092586172007267
01/13/2017,0.9085457711281266,1.3357759680584442,1.0665163350812858
01/14/2017,0.9566303952644093,1.3182607217012063,1.0783843985983756
01/15/2017,0.9915548694874994,1.3183175604066353,1.128649443716449
01/16/2017,1.044980925233147,1.3276444514045782,1.1747029446748491
01/17/2017,1.0848335219417133,1.3562900433036185,1.2436407121557598
01/18/2017,1.1002193264456257,1.362758675517746,1.3027464171148255
01/19/2017,1.0963326211534659,1.317075505514197,1.3202255446976636
01/20/2017,1.065270492444589,1.260642421758564,1.3444006270055102
01/21/2017,1.0120513480657785,1.2504440430892017,1.3781301076701362
01/22/2017,0.933120458072118,1.2473106332995705,1.3949994939979031
01/23/2017,0.6745218980758074,1.1656786262087513,1.3607519746959258
01/24/2017,0.526226650459451,0.788569141018215,1.1603822824739622
01/25/2017,0.4634639394039348,0.5191974806806512,1.151516221819385
01/26/2017,0.3262653043671493,0.5530963077239721,1.1862921267354867
01/27/2017,0.27155610465583635,0.5354780705719832,1.1614475747419155
01/28/2017,0.3021808946405974,0.45020075303667273,1.0983230634259047
01/29/2017,0.23799728214025362,0.3874943320403155,1.0789168824268387
01/30/2017,0.0772099441834122,0.3164781862589242,1.0695643515581787
01/31/2017,-0.015469692526533407,0.3090094159564494,1.0885277631039103
02/01/2017,-0.08639197534496013,0.41310410291875416,1.1203777052927246
02/02/2017,-0.12037680048317934,0.5000332659716771,1.1021557459299869
02/03/2017,-0.11804618606612638,0.5299974218883345,1.0586108796355025
02/04/2017,-0.10252794361287954,0.5091785432135428,1.0059768637518292
02/05/2017,-0.07168527302393168,0.4976409906240802,0.9733860374493326
02/06/2017,-0.07712117214563574,0.5428063882056826,0.9442112148096118
02/07/2017,-0.059563311899752835,0.5758967903561181,0.9261098078704346
02/08/2017,-0.054149534684825085,0.6584975802990297,0.9275473884205025
02/09/2017,-0.06370920669664282,0.6658584862400749,0.894977824140877
02/10/2017,0.014915498497800828,0.5791209776649506,0.826675117575857
02/11/2017,0.0561654072879163,0.5405991322390751,0.8308240118055461
02/12/2017,0.025176908209051274,0.5968632265378675,0.8455201272461436
02/13/2017,0.01407321515185933,0.6035185222277696,0.8612521170795469
02/14/2017,0.029732957098346002,0.6133432803572294,0.8923107387149295
02/15/2017,-0.017102164512587503,0.6477325173878599,0.9326210183394859
02/16/2017,-0.11860040770065883,0.6083500470596803,0.9446641689342099
02/17/2017,-0.15161124527184233,0.5736412097463663,0.947212771331954
02/18/2017,-0.1768135633618967,0.6617958693085324,0.9833788635868419
02/19/2017,-0.20291389145857186,0.7696430264647182,0.9880839382506317
02/20/2017,-0.17425963875159556,0.7941447948933711,0.9346417626160347
02/21/2017,-0.14637704804639196,0.8016086916291629,0.9049845274001826
02/22/2017,-0.17725244291534015,0.8470269862193106,0.8844650928525593
02/23/2017,-0.1395564202826467,0.8468203000177609,0.76880825005996
02/24/2017,-0.060307459092103444,0.747874506898548,0.6913553264545741
02/25/2017,-0.027870470386163526,0.7108354000981041,0.6926115305881784
02/26/2017,0.005391925915940954,0.6983203744412546,0.6796099253327743
02/27/2017,0.057466013985962516,0.7090507939265981,0.6650487669304639
02/28/2017,0.08039021591533169,0.7878595379654503,0.6620776832691426
03/01/2017,0.1058554288377821,0.8015847935371097,0.6208498905508506
03/02/2017,0.12220216054585475,0.7989434965472496,0.5751076104233804
03/03/2017,0.20617673522454538,0.7174191189471831,0.49713766259013614
03/04/2017,0.3100624200827231,0.6175031924694443,0.4469469939757271
03/05/2017,0.34790768304170694,0.6459340538460255,0.4878670148553509
03/06/2017,0.35258633792177674,0.7775218809807218,0.5569098751592209
03/07/2017,0.3885402695676906,0.9441876447079824,0.5994170005474447
03/08/2017,0.4332202111864296,1.0293041345427083,0.6115863436824832
03/09/2017,0.47915717604509056,1.00281119117634,0.5684685032060814
03/10/2017,0.5003907580245034,0.9578608177055574,0.5539681282202935
03/11/2017,0.4917806404289514,0.925707255994246,0.5530281763886773
03/12/2017,0.49228496854240344,0.905837078728105,0.5659687953456598
03/13/2017,0.5124303948388993,0.9332036823197141,0.5787866301782106
03/14/2017,0.4927564990030271,0.9483955291573123,0.5812450718606551
03/15/2017,0.48439573895363697,0.8055731326149715,0.5339506234873537
03/16/2017,0.4660606403712766,0.6520497341404016,0.5346286953655388
03/17/2017,0.42210514534134536,0.6224768140649141,0.569747998181533
03/18/2017,0.38873324009775045,0.6692152580497898,0.616888864958348
03/19/2017,0.3754432202841047,0.7175731941156098,0.6380773228515167
03/20/2017,0.3728347062919155,0.7060060478200201,0.6222788283320803
03/21/2017,0.37264045173741367,0.7276486179821193,0.6570929967740713
03/22/2017,0.3606424906876863,0.8007168289259434,0.6790901013347234
03/23/2017,0.3704873995571475,0.8250336366912814,0.6490732376671738
03/24/2017,0.4203174164573428,0.8382476962201318,0.6096425727978871
03/25/2017,0.474430351905329,0.8900931096310793,0.6009430376048654
03/26/2017,0.5075085824163871,0.9241602215191809,0.5734000752203595
03/27/2017,0.5521356956010418,0.88433642917655,0.5226040475998728
03/28/2017,0.594508758911652,0.8104994864853751,0.47966238976335024
03/29/2017,0.6219804617961981,0.7309854257837292,0.45095484471019964
03/30/2017,0.6097765799127739,0.6832400911783547,0.4565991814071525
03/31/2017,0.5689930654855203,0.6881730801455697,0.4895846941532519
04/01/2017,0.5719389477276037,0.6656983044338747,0.4943549750589298
04/02/2017,0.6030253261551786,0.6240230264925883,0.5274898494580502
04/03/2017,0.5841314568231337,0.6554843655817215,0.5888171923486734
04/04/2017,0.5235753234238084,0.68857623567393,0.6207233733995012
04/05/2017,0.5236359660637653,0.6444521372679809,0.6085096397052661
04/06/2017,0.4990944803231403,0.567535570173713,0.6130082617500516
04/07/2017,0.49460098176725653,0.3665170330894483,0.5675668149003565
04/08/2017,0.47025840975552646,0.12125637508073955,0.5544010781897881
04/09/2017,0.4099112054757238,0.03891570441989095,0.5629967378512327
04/10/2017,0.3558177871992154,0.07308921272765567,0.5543582295330143
04/11/2017,0.3263304961222667,0.15768387862114086,0.5058970479429497
04/12/2017,0.3249136668692325,0.1893931824344603,0.4243513878171314
04/13/2017,0.34442449160128585,0.18273377650759992,0.35216982282813725
04/14/2017,0.39111217052014263,0.18528776032083882,0.3072939701325873
04/15/2017,0.4442056272495265,0.21939967379183295,0.27744586362746765
04/16/2017,0.5048771394163531,0.2803908929036876,0.28147018837202403
04/17/2017,0.5603958615071913,0.3676475831248597,0.2724196674961424
04/18/2017,0.6107469722113738,0.3785955515808679,0.23740290119120117
04/19/2017,0.651043584571141,0.3689295073158343,0.19989129619138246
04/20/2017,0.6782194115383957,0.3761148474209015,0.18535894701853034
04/21/2017,0.6873016098907556,0.37949633937006566,0.18756208212102737
04/22/2017,0.7003658248351033,0.3948872391119975,0.20371091310125283
04/23/2017,0.7011318371293367,0.39924796565866755,0.2049096610814572
04/24/2017,0.687325749550221,0.35550600185490355,0.17932377863402826
04/25/2017,0.6863455619794663,0.2231435712057579,0.1302925800644461
04/26/2017,0.6583743369015206,0.1603982203935958,0.13156736817986991
04/27/2017,0.6090204729499292,0.22375552677182434,0.1465020321556736
04/28/2017,0.593231668204062,0.2779813545608455,0.1262042257930004
04/29/2017,0.6264203615033345,0.29481471260598197,0.10695089601558855
04/30/2017,0.6747648354997708,0.3550495893990361,0.11042569485228959
05/01/2017,0.6510684579588567,0.43091710658509663,0.1188471601164503
05/02/2017,0.675423943587808,0.3888552314986457,0.07971347376887916
05/03/2017,0.7264321079409225,0.23768048114219548,-0.0071858744473782266
05/04/2017,0.6797541142349779,0.12951207960854802,-0.06424989771806494
05/05/2017,0.5191136686740231,0.06210801006992228,-0.08716617900401608
05/06/2017,0.3942225546361412,-0.17020957046112048,-0.18173357026947834
05/07/2017,0.29434221892833556,-0.3506667645751336,-0.24595465824205803
05/08/2017,0.18169350750706675,-0.3683667954426787,-0.2874752095385999
05/09/2017,0.10522185449289034,-0.3654243942364691,-0.3503161731145131
05/10/2017,0.06626521335184071,-0.38347808163581043,-0.4119846822041531
05/11/2017,0.03677707848740086,-0.39268325090198986,-0.45785230276796257
05/12/2017,0.005868298983021936,-0.38119308347293734,-0.4865012961054669
05/13/2017,-0.05769806462601107,-0.34443476457471456,-0.5046609301492575
05/14/2017,-0.0958994792781192,-0.3269289130448227,-0.5432359203271994
05/15/2017,-0.07878086544980778,-0.358354669225392,-0.618331153400488
05/16/2017,-0.052341921765211685,-0.39521609635370725,-0.6673491240703482
05/17/2017,-0.013585148199786568,-0.3776019107210102,-0.6947666648657522
05/18/2017,0.014957357694531936,-0.29517598200202577,-0.6960993960511364
05/19/2017,0.06684595926264991,-0.227656767110774,-0.7197301056513234
05/20/2017,0.14166283495193582,-0.1865438870213189,-0.7415663654435554
05/21/2017,0.18468201936053913,-0.15819857729123318,-0.7604228176528689
05/22/2017,0.20413737423680056,-0.19290447872100194,-0.7937111519193365
05/23/2017,0.20244381937383737,-0.2506867771184489,-0.8203938544816074
05/24/2017,0.12702679066149808,-0.2773015009342542,-0.8310533099582724
05/25/2017,0.03699059340849137,-0.3430544295673218,-0.8378324868376829
05/26/2017,6.0619756445889905e-05,-0.47492187025082117,-0.9168822938591332
05/27/2017,-0.025474664213991693,-0.5722684288855469,-0.9487651029153579
05/28/2017,-0.06906703713241635,-0.6235722892178289,-0.9542385724781457
05/29/2017,-0.10731295240295757,-0.6623254822670326,-0.9532545952747506
05/30/2017,-0.14634325986042662,-0.678386468069219,-0.93842153455327
05/31/2017,-0.18703094937807135,-0.6545206707340239,-0.9035453248269876
06/01/2017,-0.21326587992242613,-0.6007076281713938,-0.8838105968829331
06/02/2017,-0.19904193410426096,-0.560739683946715,-0.8994913793253749
06/03/2017,-0.18224029088046112,-0.5493877966326254,-0.9189882485326766
06/04/2017,-0.1569819526384313,-0.5413048394925885,-0.9480233666977045
06/05/2017,-0.10842579804152386,-0.5477692440344081,-0.9809635150515004
06/06/2017,-0.07314594253997203,-0.5317359142552166,-0.9996300292282734
06/07/2017,-0.05216546012080309,-0.5093820382278952,-1.0354432287104656
06/08/2017,-0.004385773445711227,-0.5691012564351503,-1.1534157249059747
06/09/2017,0.02829411599777809,-0.6757582651199676,-1.3042234795142182
06/10/2017,0.00692541796091406,-0.7389577383988283,-1.3693191101946227
06/11/2017,-0.015897822961099373,-0.7088534234017477,-1.374638998160923
06/12/2017,-0.016663395018378713,-0.6540332553479287,-1.3650017428371615
06/13/2017,0.00035884360413951377,-0.5909662491346028,-1.3507961146722194
06/14/2017,0.039982296979858334,-0.5340614276110047,-1.3262762548675724
06/15/2017,0.07170929354354433,-0.5000500975102546,-1.3043678096961755
06/16/2017,0.07999356242274391,-0.5052712140885467,-1.292362151676126
06/17/2017,0.07181682141875523,-0.532597008898889,-1.2733740291152684
06/18/2017,0.0563532050338067,-0.5419143876341459,-1.2330261757632746
06/19/2017,0.05136968606536857,-0.4789214831214909,-1.1300523324940754
06/20/2017,0.10879756906578258,-0.3069548055011955,-1.0121895142524133
06/21/2017,0.3244655423398262,-0.052184350949701086,-0.9160775831004653
06/22/2017,0.4188939836500497,0.14156041721712548,-0.8868565033880899
06/23/2017,0.362108699852022,0.13613384750836632,-0.9022510194730123
06/24/2017,0.36429359583838783,0.06981194464433305,-0.9370965534563753
06/25/2017,0.3701834526290969,-0.07089503036868622,-1.030430098173348
06/26/2017,0.35777951973798877,-0.21867548832371636,-1.1097634123585158
06/27/2017,0.3267844537912747,-0.33106974191399435,-1.1824993318445332
06/28/2017,0.2859362245322642,-0.45209608030251713,-1.2639754440558502
06/29/2017,0.22594509857276207,-0.5358270679748105,-1.3375595721793836
06/30/2017,0.14439608274682597,-0.592095448663581,-1.381619393306377
07/01/2017,0.07755332900496548,-0.6376411018818967,-1.3807401843149063
07/02/2017,0.023105299864665307,-0.6394066835280308,-1.3657346334040756
07/03/2017,-0.024910280443183552,-0.6402579136029939,-1.34565236876942
07/04/2017,-0.0804916996130885,-0.6442543557194342,-1.3215770232024364
07/05/2017,-0.12276196759570784,-0.6426056222383802,-1.292859212325266
07/06/2017,-0.15085700931604334,-0.6389533243910541,-1.2629634691505882
07/07/2017,-0.16726203573366832,-0.6344827957998047,-1.2300660883008059
07/08/2017,-0.18346554368710616,-0.6405150970015123,-1.212697044435612
07/09/2017,-0.2046768570140976,-0.6490825923617723,-1.210115940357873
07/10/2017,-0.21808031121537574,-0.6432506945708307,-1.20305285055095
07/11/2017,-0.21751134164300107,-0.6173591375897682,-1.1800825215274777
07/12/2017,-0.19378810964808996,-0.5462195085464823,-1.1510901302900831
07/13/2017,-0.14538229596985375,-0.49552114483646525,-1.1344302803861654
07/14/2017,-0.09252473287322355,-0.43771917601926713,-1.0927353723868203
07/15/2017,-0.04826235600223272,-0.3578991962522608,-1.062714451081317
07/16/2017,-0.005877589726015209,-0.3547619698140229,-1.0615945835829055
07/17/2017,0.0034309271054244195,-0.40933593467378243,-1.0602746339570739
07/18/2017,-0.023249963469996415,-0.45836912395489204,-1.0484680436549523
07/19/2017,-0.06290258254370484,-0.5049970025654706,-1.0350243993210424
07/20/2017,-0.10820230441621453,-0.5539008368175982,-0.9954087467375191
07/21/2017,-0.1521366680725158,-0.5832271426753259,-0.9433983086543342
07/22/2017,-0.1917077699375141,-0.6024139049699269,-0.889699243960981
07/23/2017,-0.23428558011662004,-0.6028362024590006,-0.8274844550738419
07/24/2017,-0.2825558741868651,-0.6116656960667932,-0.7693484038562023
07/25/2017,-0.32083363326350334,-0.6346985832403433,-0.7269910053084099
07/26/2017,-0.3334898219273724,-0.650122306160307,-0.695245750178764
07/27/2017,-0.3257893439312196,-0.6507817643221292,-0.6649698874807285
07/28/2017,-0.30650491105107264,-0.6352495311463495,-0.6385813636699863
07/29/2017,-0.2944461239293206,-0.635438602046631,-0.6282103656753397
07/30/2017,-0.30484928993869487,-0.6780177798136708,-0.6253044071031476
07/31/2017,-0.3066426685302336,-0.6912009538476291,-0.6501674619257836
08/01/2017,-0.25576973029380773,-0.6857380966182606,-0.6996975470815789
08/02/2017,-0.19253926747816708,-0.7109380181538566,-0.7124422632782333
08/03/2017,-0.19194443398493516,-0.7145995933931844,-0.6923593494215039
08/04/2017,-0.23537964231195344,-0.7096091198261647,-0.6512798227939851
08/05/2017,-0.28609956152159394,-0.6806077575591682,-0.6134408881405655
08/06/2017,-0.29936522155729905,-0.6527190364379607,-0.6163706650475327
08/07/2017,-0.2697341197431177,-0.5998300338622009,-0.5984217847189769
08/08/2017,-0.2217861524936195,-0.5506123536591354,-0.6085314302531246
08/09/2017,-0.15368039562658664,-0.5587256091173549,-0.6404343246172128
08/10/2017,-0.09036562743488583,-0.5898828493889213,-0.6943750622269911
08/11/2017,-0.051147338799463204,-0.6668877865778892,-0.7675869020684145
08/12/2017,-0.03995629539397276,-0.7775994265910062,-0.8286674999951715
08/13/2017,-0.05312022400765466,-0.8629373407626775,-0.8658350578730284
08/14/2017,-0.05634026381078602,-0.8978412968963736,-0.899440537121838
08/15/2017,-0.05117125834045344,-0.9461650005600635,-0.9378395069654107
08/16/2017,-0.06455115986486819,-1.0301603939043957,-0.982161694962389
08/17/2017,-0.09588487808591925,-1.1048210868005586,-1.0122008756386771
08/18/2017,-0.13822829877518464,-1.1664825681256732,-1.0420254072672974
08/19/2017,-0.18789660196881502,-1.234034371324272,-1.0881613188525077
08/20/2017,-0.23274629161846494,-1.3071200214163532,-1.1359856135896018
08/21/2017,-0.2594159561516404,-1.3649728397365455,-1.1396527444652347
08/22/2017,-0.2818931341439843,-1.3521608788179844,-1.1445285239576684
08/23/2017,-0.29209214026746916,-1.3878560555669877,-1.205570939511293
08/24/2017,-0.284036097560796,-1.4543740167341404,-1.252785127805904
08/25/2017,-0.22253778371412833,-1.496485919276198,-1.3149794256213845
08/26/2017,-0.15766615423265493,-1.5572221862610223,-1.3821185233508708
08/27/2017,-0.24062473540193924,-1.6389739774004668,-1.4438889197294884
08/28/2017,-0.31008323035925905,-1.713721866037909,-1.498520754235281
08/29/2017,-0.37432275295233935,-1.7923139418711596,-1.533435389792969
08/30/2017,-0.4936465938251486,-1.8033147562309733,-1.5179891794005378
08/31/2017,-0.7360235227802168,-1.7623193702009818,-1.4739046878347948
09/01/2017,-0.8987494808359198,-1.7369751206303257,-1.4308469004000826
09/02/2017,-0.9405824467808366,-1.7180980353320274,-1.4261409330559416
09/03/2017,-0.9262128925912232,-1.6889344361403493,-1.4311767863655918
09/04/2017,-0.8742354365318881,-1.6519977916756194,-1.4255987108963977
09/05/2017,-0.821268878103544,-1.6235271197181715,-1.4059310557076905
09/06/2017,-0.8058600345325482,-1.5858926157348543,-1.3873401353259665
09/07/2017,-0.7887994586089054,-1.5758574134729078,-1.3811553618301673
09/08/2017,-0.7121015604884771,-1.5872646715506555,-1.3971653404396738
09/09/2017,-0.6424233139199277,-1.6039704948146052,-1.4169390622844469
09/10/2017,-0.591845261067654,-1.674029659995756,-1.5249298096940587
09/11/2017,-0.4975190647892323,-2.000711528656772,-1.818431909519711
09/12/2017,-0.5211877074022551,-2.803041409862217,-1.9112810128415794
09/13/2017,-0.8342543640065376,-3.0371632082668434,-1.8293767386735529
09/14/2017,-1.1796154459175605,-2.903418798515517,-1.7337480316253244
09/15/2017,-1.3245062311348446,-2.7135183936975174,-1.6610300874754367
09/16/2017,-1.379115240253455,-2.5105719206070938,-1.5876088329393043
09/17/2017,-1.386044789976091,-2.3357484521447525,-1.5260352320013626
09/18/2017,-1.345490052017555,-2.174425937751254,-1.4637230598033721
09/19/2017,-1.3000539667495623,-2.0737411033731465,-1.4036474170682243
09/20/2017,-1.2758542149419223,-1.9822122328530096,-1.3537301520990328
09/21/2017,-1.2714702620139393,-1.8826017556992658,-1.3267285191937215
09/22/2017,-1.2494411718645988,-1.7987134046689721,-1.315918403619895
09/23/2017,-1.217160283844097,-1.732561783050532,-1.3171849547302772
09/24/2017,-1.17748297481474,-1.6541637104019165,-1.3191984358348883
09/25/2017,-1.1023028669547021,-1.58602020923371,-1.3146366769435673
09/26/2017,-1.045791814090557,-1.574459345728903,-1.3001874281959778
09/27/2017,-1.0056746716610283,-1.6028939063187493,-1.255160915403267
09/28/2017,-0.9806516767555633,-1.615565238415519,-1.1578960875799744
09/29/2017,-0.9597557565173446,-1.5410785259782198,-1.0240689797321496
09/30/2017,-0.9221599244773463,-1.436952248908967,-0.9121211426388447
10/01/2017,-0.8801477454070821,-1.361106339825794,-0.8241272871613777
10/02/2017,-0.7798667940741342,-1.2313841492484339,-0.7198819424634919
10/03/2017,-0.5759516065546902,-1.1023009830834236,-0.6315082920737048
10/04/2017,-0.25889761382859633,-1.076144257100601,-0.577448219331752
10/05/2017,0.07023864532328816,-1.095374411753989,-0.5239235924939651
10/06/2017,0.24796189877389807,-1.0895415157626416,-0.47894224121165596
10/07/2017,0.36224906206647156,-0.9229158562046075,-0.36017221627665097
10/08/2017,0.38533329012742623,-0.6019901395390764,-0.19677077075633664
10/09/2017,0.32615920726202785,-0.6384871648018178,-0.18176550388016155
10/10/2017,0.28209834885522644,-0.7943027837127773,-0.162564477055953
10/11/2017,0.27131775303343986,-0.8282999041371754,-0.08599019437272437
10/12/2017,0.29267918716061914,-0.7955019159877952,-0.061921503331983985
10/13/2017,0.29616479990427114,-0.8170718523909991,-0.0758125022501196
10/14/2017,0.3073149012733474,-0.8169014537100634,-0.06911658810148791
10/15/2017,0.33282017575831735,-0.6727680090119803,-0.047096598462786465
10/16/2017,0.34602130439433054,-0.6599979137927633,-0.04999776902218955
10/17/2017,0.3983491523800198,-0.7644373909185661,-0.08945744600283301
10/18/2017,0.44228259887600885,-0.7881430651652281,-0.1365034452043271
10/19/2017,0.4497997181821849,-0.8081332026330115,-0.16718823665518312
10/20/2017,0.5032294058826738,-0.8604808282831247,-0.19698018545104645
10/21/2017,0.5138118950766362,-0.8647972817059391,-0.18614272139741872
10/22/2017,0.4546271731515954,-0.8103965926929939,-0.14936141007622594
10/23/2017,0.37981979924316245,-0.7567820745756595,-0.10671725825435652
10/24/2017,0.31778846850842224,-0.9045134445578191,-0.16829994830131012
10/25/2017,0.238188528408928,-1.2647736004967414,-0.29048078312251135
10/26/2017,0.1123866374928486,-1.7039733234452683,-0.43836971644625655
10/27/2017,-0.06071144986720434,-1.910658761665259,-0.4418665482570363
10/28/2017,-0.27908922831850647,-1.7839806125824285,-0.39079857774099724
10/29/2017,-0.42381785959228235,-1.762229473446839,-0.4393668403966142
10/30/2017,-0.43824684577023554,-2.140958568153671,-0.6826852507451373
10/31/2017,-0.5248180480434474,-2.351014400683024,-0.7187366741514987
11/01/2017,-0.6458091763078289,-2.205896847820741,-0.6925031521105296
11/02/2017,-0.7648630785570245,-1.9985259982283985,-0.678539399743912
11/03/2017,-0.8100462110104265,-1.84976753874694,-0.6827438024607879
11/04/2017,-0.8137038096561484,-1.7730151462604935,-0.6799429367115613
11/05/2017,-0.7966394183456018,-1.7170264965558684,-0.6600690723621279
11/06/2017,-0.7817422401705678,-1.634443321914224,-0.634766534772897
11/07/2017,-0.7698749561223699,-1.5383987101962517,-0.6208087065576899
11/08/2017,-0.7552423236683001,-1.4658392291530573,-0.619621766303931
11/09/2017,-0.7425187053781501,-1.4052239792879468,-0.6010812012091868
11/10/2017,-0.6890794058375709,-1.3703456240587653,-0.5975410338250817
11/11/2017,-0.6035161627494237,-1.3105425570174662,-0.5919146318878759
11/12/2017,-0.5520980644223699,-1.1653522529609501,-0.5448895700982161
11/13/2017,-0.48945839959458004,-1.0404935296284652,-0.5040368654322191
11/14/2017,-0.35149063391848734,-1.0191906411924865,-0.4883461417767905
11/15/2017,-0.2833690285212338,-1.0466701588652323,-0.5010009407164255
11/16/2017,-0.28602428100302224,-1.0793976270918695,-0.49272490119646917
11/17/2017,-0.31016339017069816,-1.0745168968517478,-0.4552652745388164
11/18/2017,-0.3466142392747289,-0.9939492649812429,-0.3902171993752144
11/19/2017,-0.43934013755090673,-0.9043748121368351,-0.32391632849388574
11/20/2017,-0.37975017751273965,-0.9402019862100104,-0.3275354575125409
11/21/2017,-0.3264709041037459,-0.931703836419078,-0.27226259736306857
11/22/2017,-0.32994580441492616,-0.786003275802482,-0.2091595915282045
11/23/2017,-0.26347163906004756,-0.7677205894866518,-0.19613806327045813
11/24/2017,-0.24721306480135574,-0.7718336448974868,-0.2227501223559829
11/25/2017,-0.2933066439552334,-0.8497538144226916,-0.2623256449001614
11/26/2017,-0.36254399321765196,-0.9065905234480528,-0.26230069042675574
11/27/2017,-0.387543985742439,-0.8472212038416558,-0.23679316096818503
11/28/2017,-0.3900001043768573,-0.7207971261207894,-0.20363836356672071
11/29/2017,-0.3857255136447115,-0.5910202693918271,-0.1973094627708638
11/30/2017,-0.35877927024725076,-0.5318249302442911,-0.21908615643795626
12/01/2017,-0.3490630939994598,-0.5620860214226653,-0.24433022346429611
12/02/2017,-0.35139271788337034,-0.5944527869969919,-0.2656386657117078
12/03/2017,-0.36145965292164217,-0.6001146971306957,-0.2957276336056709
12/04/2017,-0.3562159539153338,-0.6259404316026884,-0.35238861169856794
12/05/2017,-0.3444374876719475,-0.6383160615088294,-0.39183136832895427
12/06/2017,-0.3609824360670735,-0.6177958796258817,-0.42056212307119256
12/07/2017,-0.28872906014176525,-0.6594041019870065,-0.4531903607956055
12/08/2017,-0.1760303451401758,-0.7161121018777626,-0.49428072131646106
12/09/2017,-0.2207314181325456,-0.779298246245333,-0.5200304917607758
12/10/2017,-0.3504511244186306,-1.0143653404336932,-0.6480606551482695
12/11/2017,-0.47420884842691624,-1.149005781842873,-0.6340914249704203
12/12/2017,-0.6525780028570388,-1.0419233049147532,-0.5314658487666513
12/13/2017,-0.7960182440081532,-0.9777098361772072,-0.49609578392521625
12/14/2017,-0.8341233568272892,-0.8853845778867244,-0.43228374643459
12/15/2017,-0.9044352511135623,-0.690469977562661,-0.35248347927388946
12/16/2017,-0.9243817636811648,-0.5807835480833672,-0.31852072500339723
12/17/2017,-0.8636208467269346,-0.5020836078886811,-0.28726981190546075
12/18/2017,-0.8519779367779523,-0.41673870631416987,-0.23104454297586197
12/19/2017,-0.8277655281579781,-0.3938307116266163,-0.18410156720197413
12/20/2017,-0.7769359899476151,-0.39160484215833596,-0.1449827723856879
12/21/2017,-0.772506105631109,-0.40824202446501023,-0.11976800150536171
12/22/2017,-0.7613143284973618,-0.4467090275862727,-0.12679542467468474
12/23/2017,-0.7563959645976339,-0.44119332445310083,-0.09382407308503837
12/24/2017,-0.7917852923542603,-0.4101404254827087,-0.05617556338070917
12/25/2017,-0.7758386259751479,-0.4673282074623518,-0.07743336630648157
12/26/2017,-0.6718853280586251,-0.5211984410364339,-0.10571563032586945
12/27/2017,-0.6644801023107529,-0.4793719063749253,-0.08895750443075107
12/28/2017,-0.6633082649207923,-0.5021929401918898,-0.10861460976077902
12/29/2017,-0.5903959276530948,-0.5743429241982577,-0.13975146265588195
12/30/2017,-0.5310650103740059,-0.642331410715303,-0.16590707804817278
12/31/2017,-0.5688647821814171,-0.6765634018232752,-0.1735849405812228
01/01/2018,-0.6883564930541922,-0.7494377426149335,-0.19913992331418934
01/02/2018,-0.6900361070803878,-0.8510860752547539,-0.3224348637879123
01/03/2018,-0.7274951721743599,-0.9268670425939153,-0.35401911184361623
01/04/2018,-0.8903544486532998,-0.9586923725249257,-0.35820943455679705
01/05/2018,-0.9891102724433424,-1.0509762348574303,-0.33558465398132725
01/06/2018,-1.0513050778324438,-0.982385892213714,-0.2753601365097122
01/07/2018,-1.0620832890374103,-0.8321768126728039,-0.25121163173045324
01/08/2018,-1.0097708493449933,-0.645534122953718,-0.17076587552432432
01/09/2018,-1.002009692022474,-0.4914597765731425,-0.11639324293091696
01/10/2018,-0.8895712671179911,-0.46652396712123495,-0.15851180890884647
01/11/2018,-0.77905678774734,-0.4999930982489409,-0.19097494134498574
01/12/2018,-0.7839203788331202,-0.5483390559099013,-0.18558148840261426
01/13/2018,-0.8749294997471877,-0.6172847578978737,-0.21939086395851903
01/14/2018,-0.8506390224412952,-0.7749700648854634,-0.32634078665702554
01/15/2018,-0.8843270178154958,-0.8527015158164115,-0.3553912832698944
01/16/2018,-0.9347579214669934,-0.8272240358504959,-0.3188394719512707
01/17/2018,-0.996905144579004,-0.765568073986445,-0.24626626374713767
01/18/2018,-1.0054091283830213,-0.8220198886790923,-0.31445454492190783
01/19/2018,-1.0017922149688223,-0.8877968328395516,-0.3349540564671828
01/20/2018,-1.0347780690930621,-0.764420671979491,-0.2884548239797399
01/21/2018,-1.054316885557892,-0.6385026231463937,-0.26245684782188966
01/22/2018,-1.012389635532699,-0.5586411887037361,-0.2643926657361012
01/23/2018,-0.9661509616171515,-0.5001883932223388,-0.2677904911808473
01/24/2018,-0.9128727154277083,-0.5224383389721792,-0.2990432302158638
01/25/2018,-0.8739685358566176,-0.6044166628859331,-0.3305641791195163
01/26/2018,-0.8524023181745319,-0.6294602192639354,-0.3176705476100221
01/27/2018,-0.8660365299108115,-0.5060286876402175,-0.202677169198976
01/28/2018,-0.8725375823347493,-0.3868978731035222,-0.11761763518297774
01/29/2018,-0.856381143048625,-0.33540500058862927,-0.11086337220059417
01/30/2018,-0.8148346979857983,-0.44971092539022683,-0.22865514120171587
01/31/2018,-0.7913511016377228,-0.628689843421796,-0.26608457903300703
02/01/2018,-0.8455264406734749,-0.56074069774425,-0.16216051810817367
02/02/2018,-0.864886594309145,-0.45969357533672345,-0.10893502034021646
02/03/2018,-0.7957340640325679,-0.4371023037659747,-0.11176295053458629
02/04/2018,-0.7577751832538898,-0.3368624906155776,-0.05190183511796731
02/05/2018,-0.7616854779093216,-0.18687671437708087,-0.006674144635590407
02/06/2018,-0.6908587998820235,-0.19129275296973952,-0.0038852083419425587
02/07/2018,-0.6116848257187452,-0.17203934611867172,0.015946497149168237
02/08/2018,-0.5760713439813792,-0.1653046641377226,0.015627282771474904
02/09/2018,-0.5162534145755725,-0.2282351517662145,-0.03758997799143793
02/10/2018,-0.46834778344616157,-0.2675536785507944,-0.08316415017854994
02/11/2018,-0.44381334149675045,-0.2891924907819625,-0.13572411416959484
02/12/2018,-0.41194359810179637,-0.35275278414847216,-0.21237330084942074
02/13/2018,-0.35858493529602364,-0.4257362654931943,-0.2871175888162311
02/14/2018,-0.3195801982681137,-0.4750805997123795,-0.34020435594260323
02/15/2018,-0.31980523272274786,-0.5119670992861638,-0.3925757209216305
02/16/2018,-0.3157927664083404,-0.5678198763003426,-0.4443476104696098
02/17/2018,-0.3188557149928939,-0.5927511644915899,-0.47679430947204554
02/18/2018,-0.31985105405203373,-0.5855044644204384,-0.5037308984409858
02/19/2018,-0.30948655552149906,-0.5670620073221043,-0.5206536832842026
02/20/2018,-0.28815432377871164,-0.5056900041144974,-0.5267106006081269
02/21/2018,-0.26112039985523605,-0.454510038067802,-0.5330019276765496
02/22/2018,-0.22024410549062257,-0.457849664317617,-0.5451283815784354
02/23/2018,-0.17540039572621957,-0.4760903674987561,-0.5468600191508932
02/24/2018,-0.13767194230482593,-0.4643266344410093,-0.5318442024160454
02/25/2018,-0.11709328616241665,-0.43234159244516346,-0.5141608944914562
02/26/2018,-0.11174730543789813,-0.4136637949218819,-0.5192462104077424
02/27/2018,-0.0974988164097289,-0.41398592006441126,-0.5329316493872198
02/28/2018,-0.08610001784991328,-0.3864695864120147,-0.5373341459889183
03/01/2018,-0.08465050100329485,-0.33177783390444326,-0.5365675770270002
03/02/2018,-0.08749259738424331,-0.29583598422001367,-0.5508080603019535
03/03/2018,-0.049769756983970126,-0.29878537282905804,-0.5918290757901995
03/04/2018,-0.03969988703269278,-0.29715507669666485,-0.6163788403865507
03/05/2018,-0.06469349612169939,-0.2659843313607885,-0.6480685464526305
03/06/2018,-0.09451478029859006,-0.21780019960081587,-0.6876175726209829
03/07/2018,-0.12302804712209536,-0.1931724230504237,-0.7332996779776221
03/08/2018,-0.13350539305766862,-0.21607983056126912,-0.7844164618782293
03/09/2018,-0.12220274958516497,-0.2490000689014541,-0.7886705706600194
03/10/2018,-0.13094611223113406,-0.17157993906158997,-0.7050260973034532
03/11/2018,-0.1371300839913282,-0.013778547238639915,-0.6090450655518413
03/12/2018,-0.11286792859592498,0.05737006560828928,-0.5549309044959876
03/13/2018,-0.040113636393537044,-0.007998908174793096,-0.5566976812131127
03/14/2018,-0.01444378666182744,-0.042171476999823376,-0.4648502463961127
03/15/2018,-0.016684702800176976,-0.01137358887413309,-0.41812135160057506
03/16/2018,-0.01968205607907869,0.016291887662337134,-0.34112178788358194
03/17/2018,-0.020878546738276604,0.08935223043826046,-0.2959410848486894
03/18/2018,-0.004317126143912886,0.12033343513248418,-0.28076397700524314
03/19/2018,0.012634931371380498,0.14129640697165274,-0.28276333752978144
03/20/2018,0.02733631416258997,0.14551168984751844,-0.2899505910580388
03/21/2018,0.046186820154989205,0.0831576335942012,-0.3227542810475019
03/22/2018,0.08367666514910066,-0.057787382856624936,-0.3893360622042604
03/23/2018,0.10109419986694446,-0.16116970703564082,-0.3992729740907889
03/24/2018,0.08962166161788565,-0.1798634757654044,-0.3592461610535704
03/25/2018,0.06156888264481997,-0.11394466971206207,-0.30548306683333465
03/26/2018,0.06072102296416515,-0.05625720035310483,-0.32150643564807846
03/27/2018,0.08703218787381706,-0.033956933559311175,-0.35180607610451364
03/28/2018,0.12102512070921012,0.011524776115397706,-0.30232050323705334
03/29/2018,0.15122200037788125,0.08178199600047842,-0.21426947564083698
03/30/2018,0.16578199373508262,0.1480828779383319,-0.16636699022040402
03/31/2018,0.21813632931064075,0.09241095135051086,-0.19633151035837237
04/01/2018,0.2576451009607025,0.0008674601303229057,-0.20995937145531163
04/02/2018,0.24334778231742016,-0.01385270765698049,-0.17523775773500416
04/03/2018,0.2191403630495583,-0.009627442777060569,-0.13741290308527826
04/04/2018,0.20410473035352317,-0.016577794763207476,-0.10352497165862412
04/05/2018,0.2031520575921888,-0.06032598264009292,-0.11118067948845417
04/06/2018,0.19625218717731796,-0.11512777206292052,-0.1064463898314098
04/07/2018,0.14623576661491144,-0.07760976393865993,-0.05399874125887627
04/08/2018,0.08429883001969052,-0.0531255520936052,-0.01759795522483576
04/09/2018,0.0767154550524306,-0.06334759398433726,0.023866641244343012
04/10/2018,0.057303573575049116,-0.03839551973759092,0.1043573560789805
04/11/2018,0.03537316987549077,-0.04115742282346868,0.15329117133771103
04/12/2018,0.028225115879657148,-0.09734142621916236,0.15118692087210878
04/13/2018,0.017496284585996835,-0.07568353074495737,0.1972261389449158
04/14/2018,0.010105366539019889,0.020919779611582423,0.23425415465359845
04/15/2018,-0.020302239883389417,0.11938408782945836,0.25287993014533433
04/16/2018,-0.047859385422780176,0.057171599880664614,0.2006801220989211
04/17/2018,-0.02720864047969701,-0.23333272636494817,0.10347384599128279
04/18/2018,-0.04917459331302221,-0.3367797574172888,0.12713028101608798
04/19/2018,-0.10359209935807845,-0.3060082922434981,0.15322081189562275
04/20/2018,-0.10992831973039419,-0.3237183051150929,0.13861749463498735
04/21/2018,-0.07504108221604677,-0.35676719387221056,0.1138621295236047
04/22/2018,-0.06999622356581237,-0.34544349104014405,0.11743354071994577
04/23/2018,-0.10252797327538771,-0.3204600028394689,0.13331063168651475
04/24/2018,-0.10623480508677258,-0.37173567868972623,0.13486000016216315
04/25/2018,-0.09153463294717884,-0.4625754973419116,0.12878859707074586
04/26/2018,-0.09297200659124238,-0.519589181427351,0.14153879107863498
04/27/2018,-0.12583921685726185,-0.5296371254238792,0.18830331193538896
04/28/2018,-0.1433907303537688,-0.5330689971346697,0.21345186216433432
04/29/2018,-0.1528690319025302,-0.5682101139411095,0.21985818269232232
04/30/2018,-0.16881379058819018,-0.5936266449646327,0.21145854752034488
05/01/2018,-0.17424869917675456,-0.5658814885487621,0.1926349621784434
05/02/2018,-0.18042221530936803,-0.5023435078971887,0.1644624978420408
05/03/2018,-0.16540067019575522,-0.4988775799372825,0.11012277269242615
05/04/2018,-0.14137055635979218,-0.5078269163113742,0.07972936022291549
05/05/2018,-0.12994108795907933,-0.5138161187426424,0.06350014743485738
05/06/2018,-0.13040506101871274,-0.5519061544167597,0.027074366351031
05/07/2018,-0.13217782184639382,-0.621103520342188,-0.024483604524109526
05/08/2018,-0.1495494618621222,-0.7065062001048544,-0.08039059233274187
05/09/2018,-0.17827785780887828,-0.7690594266978515,-0.1094413729802664
05/10/2018,-0.1935323616422408,-0.7722859627135225,-0.10687438948259853
05/11/2018,-0.19608591938841213,-0.7432063885088943,-0.10243099189034227
05/12/2018,-0.19463155993533382,-0.7111186493066579,-0.09954605188274801
05/13/2018,-0.19844742376483776,-0.6781310617979541,-0.10543891890427037
05/14/2018,-0.20881837910398687,-0.6540584021081985,-0.12530243627692605
05/15/2018,-0.22753021045691557,-0.639605634594153,-0.174807648112077
05/16/2018,-0.24412508905953323,-0.6430691551295511,-0.22401442067584987
05/17/2018,-0.253396075690925,-0.6711649147583378,-0.2619124751142321
05/18/2018,-0.2598995127316807,-0.7383397505097901,-0.2929741399780827
05/19/2018,-0.2666887736126894,-0.790639110234426,-0.3242586908946423
05/20/2018,-0.2673463408713998,-0.8174071458889376,-0.3384491434936427
05/21/2018,-0.28312124146690937,-0.7770540137431904,-0.34021165969091766
05/22/2018,-0.2909539739803332,-0.7159550477052479,-0.3453136119228055
05/23/2018,-0.27310397983124046,-0.6729100039373315,-0.33603959634851943
05/24/2018,-0.2522112513109159,-0.6531753470556106,-0.3458045861150129
05/25/2018,-0.24309387068891491,-0.6986116679707212,-0.3717960294757595
05/26/2018,-0.26172968779501526,-0.7187503611458654,-0.3800384311770925
05/27/2018,-0.279850941278568,-0.6141360815138093,-0.3444252326695629
05/28/2018,-0.25236595791267613,-0.4280853833526853,-0.45497833786957526
05/29/2018,-0.17845831827225644,-0.48478345995705935,-0.5657918622733584
05/30/2018,-0.1521582326592006,-0.6374762969768234,-0.6049226676979798
05/31/2018,-0.1628060236675158,-0.7321366396034528,-0.6314659903965969
06/01/2018,-0.15599379709224853,-0.8705359514326306,-0.6516287179918463
06/02/2018,-0.18257123198425085,-1.0033841533730896,-0.6614593197640231
06/03/2018,-0.2523566028774765,-1.1101708693929109,-0.6730773922068838
06/04/2018,-0.33570824227091745,-1.2040798019850998,-0.6936177641663372
06/05/2018,-0.418576794983779,-1.276082463355197,-0.7257906537597638
06/06/2018,-0.4996841430889191,-1.3321910145437883,-0.7634217156208956
06/07/2018,-0.5485473629589375,-1.3819693310685564,-0.7964484133922084
06/08/2018,-0.5771464759878376,-1.4187037518747267,-0.8201592207655701
06/09/2018,-0.6089071506782517,-1.4360781345394844,-0.8252025401290528
06/10/2018,-0.6374271678016689,-1.4430053517633012,-0.8286188684028617
06/11/2018,-0.6555966639177362,-1.4665070408212741,-0.834443567106786
06/12/2018,-0.668340423048376,-1.486580263793372,-0.8199537014032958
06/13/2018,-0.6801232182884507,-1.4738930192077915,-0.798474513750856
06/14/2018,-0.6941788468457938,-1.4441990820125907,-0.7790215076098156
06/15/2018,-0.7088040686445263,-1.4106818611124197,-0.7730875772922174
06/16/2018,-0.7247655196479021,-1.3795675434582775,-0.776341397166042
06/17/2018,-0.7294253177119164,-1.336710454954891,-0.7840345975705508
06/18/2018,-0.7366819268025127,-1.2856380009636053,-0.7875262761811326
06/19/2018,-0.7505576818790825,-1.2569730909508348,-0.8117687558553662
06/20/2018,-0.7751926079124938,-1.2572296284549755,-0.8511377446277785
06/21/2018,-0.8178764785103072,-1.2750117466264304,-0.8823345288354343
06/22/2018,-0.8744489811154897,-1.292141159168215,-0.9107716728954586
06/23/2018,-0.9359509636034147,-1.2896096642229282,-0.9231694610472011
06/24/2018,-0.9825008483567027,-1.2455301325291837,-0.9311770066638667
06/25/2018,-0.9847865219183686,-1.1997041024323483,-0.9439872131370638
06/26/2018,-0.9593769622837696,-1.1296482841584417,-0.9464179005759141
06/27/2018,-0.9212607701680344,-1.0722336758161324,-0.9565787129246432
06/28/2018,-0.8936527038880123,-1.0874722032020947,-0.9527069959434639
06/29/2018,-0.8871681603497235,-1.110425821519939,-0.9340500172158778
06/30/2018,-0.8922560521618876,-1.0979723319821857,-0.9024364324377783
07/01/2018,-0.8908374252746416,-1.0392202525322385,-0.8624203315647567
07/02/2018,-0.8678098043482643,-0.99666714541108,-0.8288198026342516
07/03/2018,-0.8272395847236318,-0.9727082805675163,-0.7895654421339826
07/04/2018,-0.7801952771882881,-0.9653033950909735,-0.7561115968154469
07/05/2018,-0.7207695989055558,-0.9495270138396126,-0.7202099408259006
07/06/2018,-0.671704970630584,-0.921477347582482,-0.6954613925462784
07/07/2018,-0.6449817439350667,-0.9209887578429681,-0.6582590607111671
07/08/2018,-0.6473172376449947,-0.9111824370621671,-0.6182311115353238
07/09/2018,-0.648836091811352,-0.8866698058643973,-0.5727959946008309
07/10/2018,-0.6140253454671889,-0.879097868614156,-0.5503247956218507
07/11/2018,-0.587167076087046,-0.9107361240456953,-0.536686100631581
07/12/2018,-0.5783058033111146,-0.8788248901621698,-0.5236240365706916
07/13/2018,-0.5609156733434527,-0.8232028735946072,-0.5100158144414411
07/14/2018,-0.5271186092647158,-0.823841428265589,-0.5004024991815976
07/15/2018,-0.5078089728191338,-0.8500863481901004,-0.4743357054840809
07/16/2018,-0.5103781222906496,-0.8422056734262926,-0.447024596532159
07/17/2018,-0.5216966876661953,-0.8133023109520234,-0.42190757415010327
07/18/2018,-0.5410797703097175,-0.7759632742886514,-0.39392427689502696
07/19/2018,-0.5714939069135612,-0.7612034133558223,-0.37839845564597174
07/20/2018,-0.6023469230708483,-0.7454700134395609,-0.3636698385253768
07/21/2018,-0.6253963357262868,-0.7053807585068139,-0.35885317881790246
07/22/2018,-0.6510691570574088,-0.6922082123712876,-0.3556137635588086
07/23/2018,-0.7268987244789754,-0.7432408557817105,-0.3496699731809888
07/24/2018,-0.8345466376314971,-0.7451353814331292,-0.3593030897140391
07/25/2018,-0.8729527257792702,-0.7008783462202732,-0.35558580643331816
07/26/2018,-0.8722142649808687,-0.6389826988236265,-0.33273968170755863
07/27/2018,-0.8738043274740013,-0.6059361587733496,-0.30323911189304054
07/28/2018,-0.8678334303979525,-0.5807232606324884,-0.2541019683965272
07/29/2018,-0.8648266853974371,-0.5299377011811909,-0.1868721418824355
07/30/2018,-0.8599611132453765,-0.46398530862009646,-0.10917117486903305
07/31/2018,-0.8475813933865585,-0.38740918658167667,-0.03178394442209248
08/01/2018,-0.8312665054845898,-0.282789270053211,0.05510538142842397
08/02/2018,-0.7960154121304827,-0.1599715142433603,0.13468746939643672
08/03/2018,-0.7390732205459389,-0.06080218295104628,0.24169423960265585
08/04/2018,-0.6635207455984315,0.0389158062581057,0.38429562433457987
08/05/2018,-0.5559709685995051,0.13646464726905913,0.5426223037972882
08/06/2018,-0.4171618367377872,0.19901464439015795,0.7296781149470497
08/07/2018,-0.3133783235385875,0.27521591281758623,0.927911379634451
08/08/2018,-0.24398608424234974,0.37062408370072714,1.104964666892004
08/09/2018,-0.2021587313185509,0.49092302758220696,1.2489180160132076
08/10/2018,-0.1883341904739215,0.5753078952375857,1.3880385966042623
08/11/2018,-0.2008446240206856,0.6254595387139056,1.5297047363645981
08/12/2018,-0.22249250565713147,0.6662107766683152,1.666058697670744
08/13/2018,-0.23347726136480568,0.7335545431589325,1.786504567656365
08/14/2018,-0.22989101779150264,0.7988946865656088,1.8791526555940825
08/15/2018,-0.22684549525291364,0.8439983131574256,1.9346016172306757
08/16/2018,-0.24004864164162004,0.8727915799987701,1.952385879187514
08/17/2018,-0.2484635141495318,0.9174902308144285,1.9661206184681097
08/18/2018,-0.23541114891644346,0.9312162497158096,1.9714868852362017
08/19/2018,-0.23006381079465615,0.9154335269559971,1.9860340447875753
08/20/2018,-0.2394026672892834,0.9034158986892973,2.0058128792561707
08/21/2018,-0.25112441633885235,0.9029766317933325,2.034809815048074
08/22/2018,-0.28317421664664555,0.877901074284696,2.0736329703631666
08/23/2018,-0.30565770470194503,0.8421942714368535,2.1723370423680817
08/24/2018,-0.3011621883933688,0.8317102312985871,2.271929047286065
08/25/2018,-0.3006407644116687,0.8275652921924517,2.3347510616927423
08/26/2018,-0.293698814681588,0.8420208194370298,2.355031257906704
08/27/2018,-0.27158615288443716,0.845498021189751,2.3316545970187015
08/28/2018,-0.2434019631815844,0.8099029580696252,2.2957181670719025
08/29/2018,-0.21053269847646078,0.7355447198962407,2.253819200459945
08/30/2018,-0.1932151342328416,0.6895260958388719,2.203195460146904
08/31/2018,-0.16848236553712864,0.6991620179387332,2.177847720470888
09/01/2018,-0.1405997014591012,0.736758238000626,2.1412217355305057
09/02/2018,-0.12118217027418801,0.7010934182874751,2.0880672870030907
09/03/2018,-0.08739618549203909,0.6867657194124321,2.017925577765398
09/04/2018,-0.001700871318676772,0.7378920175079346,1.890522846934446
09/05/2018,0.10390966191238024,0.7683197494363041,1.713860634822722
09/06/2018,0.1407082982074626,0.5671735601355155,1.5853146239223728
09/07/2018,0.11139365338801452,0.39713599287479856,1.5017153932289737
09/08/2018,0.07241378974781698,0.269985107823591,1.4188896294820135
09/09/2018,0.013565628971590749,0.1590749433651788,1.3328598330789012
09/10/2018,-0.08530399607020567,0.04416810191964575,1.2594747320969217
09/11/2018,-0.21184786968029284,-0.039477921282866,1.20654909377363
09/12/2018,-0.3234316112313882,-0.0753882395780264,1.138782522911226
09/13/2018,-0.38827473537030005,-0.10647959862285106,1.0587577060662556
09/14/2018,-0.4586471989237085,-0.12654072575474556,0.9793349209642419
09/15/2018,-0.569823757981809,-0.16637590932552682,0.8910530543449281
09/16/2018,-0.7145088791702889,-0.22998681732435114,0.7941401860376073
09/17/2018,-0.8648594830502649,-0.26606271945143334,0.7172456745671948
09/18/2018,-0.9615345268927791,-0.22351630614475426,0.6661213840363788
09/19/2018,-0.9929312356841961,-0.19119293292921585,0.6283748823755074
09/20/2018,-0.9882738222369939,-0.15107079610076932,0.607673543918494
09/21/2018,-0.9699431627105577,-0.10535310010673421,0.5990933844340245
09/22/2018,-0.9665520541656594,-0.045443577928108436,0.6135041261974494
09/23/2018,-0.9936003591628572,0.019053262289176254,0.6179163611302299
09/24/2018,-1.0227364878987966,0.07765790166750808,0.593150243278277
09/25/2018,-1.0087499765427137,0.12428343157125094,0.5459762661757714
09/26/2018,-0.9922570127941849,0.13743900829989064,0.4813630480714985
09/27/2018,-0.9682221664110016,0.11321309548909786,0.39972491437675384
09/28/2018,-0.9702657096497764,0.08564485541563494,0.33753917817735146
09/29/2018,-0.9563673557430746,0.13199640866697837,0.31231475011869825
09/30/2018,-0.9004156239247981,0.2241439285676624,0.3149369174925143
10/01/2018,-0.8369252745625879,0.3508617707960221,0.35247647961782425
10/02/2018,-0.7383089691995113,0.4744105028908412,0.42506470108238337
10/03/2018,-0.6278391371929443,0.574048636067579,0.5512147985011274
10/04/2018,-0.5481188656602518,0.7115155700006183,0.7870857389995234
10/05/2018,-0.48771457732250467,0.8619702655588826,1.0609502101573154
10/06/2018,-0.40906863069519517,1.0742090449390909,1.3692874400998063
10/07/2018,-0.3347014937374728,1.2664314987702987,1.6349225751504737
10/08/2018,-0.24555684968247693,1.49609427724717,1.8695974051333348
10/09/2018,-0.07607153017200718,1.8501586032709467,2.1136782862294434
10/10/2018,0.20327987305354744,2.397785907552449,2.459837327593194
10/11/2018,0.5975917819877807,2.5149784517729117,2.546009709393948
10/12/2018,0.9537492348779821,2.189746850865323,2.57834015706905
10/13/2018,1.0563460526901338,1.9877437358754975,2.592141441612064
10/14/2018,1.0454114473084282,1.8267667162575445,2.580648100959851
10/15/2018,1.0162424842332556,1.7646589806336281,2.58115270881558
10/16/2018,0.9916894422726692,1.7069187240885362,2.5945152815432078
10/17/2018,0.9577995248837419,1.660813197878241,2.6248239299558973
10/18/2018,0.9426265382590877,1.6257643265327757,2.5861816235643316
10/19/2018,1.0167125472373724,1.5709075186523203,2.4758813497851184
10/20/2018,0.9408143762243202,1.5315946874818156,2.3318789843974557
10/21/2018,0.7710666754912274,1.4363660165185947,2.1473841514411856
10/22/2018,0.794317643297261,1.3187837631164128,1.9747694331867278
10/23/2018,0.7340610911428953,1.2982528358996863,1.8888381562330954
10/24/2018,0.6454232698774056,1.2870661213938228,1.7992940395996269
10/25/2018,0.6238304912326293,1.2659024525555373,1.720634049856237
10/26/2018,0.47991483086116027,1.2358077085388075,1.6615181602259101
10/27/2018,0.3276762708180687,1.050946395519332,1.5714590076071806
10/28/2018,0.23322563422824927,0.8752626544607076,1.4550436299758058
10/29/2018,0.09853451548987113,0.7919952428001265,1.3891444246753597
10/30/2018,-0.04134945488699948,0.7854853907810337,1.3387962791320303
10/31/2018,-0.11971970312393165,0.7961336055271229,1.272887376076879
11/01/2018,-0.2039070223090571,0.8899393711715451,1.2448785157027047
11/02/2018,-0.3730044196931286,0.9639704932003763,1.203449667023882
11/03/2018,-0.41055197241419683,0.8500992553164084,1.0868197620739792
11/04/2018,-0.33542399594640826,0.745003960524385,0.9979673509822158
11/05/2018,-0.30353517561692844,0.7594196184704252,0.9777817383089191
11/06/2018,-0.3004285335150123,0.7676209504349834,0.9486289892196567
11/07/2018,-0.3035006903891193,0.7562617234120321,0.8948912958129993
11/08/2018,-0.29927239790962723,0.7091634575399164,0.8297190569280577
11/09/2018,-0.3078514054273258,0.6664730685042042,0.7762310299846042
11/10/2018,-0.2988781290338556,0.5829531708587747,0.7373403149976057
11/11/2018,-0.15899657996021155,0.5046304329819162,0.6739000382961593
11/12/2018,-0.12523462477828606,0.5035663513499602,0.6546328719733312
11/13/2018,-0.29857275133571326,0.5544113918018727,0.6702530738811492
11/14/2018,-0.4346081336030776,0.5246524541449926,0.6201456679975201
11/15/2018,-0.4639197701366964,0.42913313071084547,0.5447644526013611
11/16/2018,-0.41976033533934687,0.2403252855951823,0.38962241028539624
11/17/2018,-0.41805324319014536,0.13985999658855497,0.3695630713051701
11/18/2018,-0.4371191351106847,0.2140914045928035,0.40005638282105993
11/19/2018,-0.40674597722966466,0.2894432631930657,0.4037272467236097
11/20/2018,-0.3606923128926556,0.37149504291311364,0.4060359615656193
11/21/2018,-0.305693914191141,0.4096823737679045,0.39639310670148675
11/22/2018,-0.20059999902174397,0.42628867057968756,0.43454480408825913
11/23/2018,-0.1149018966810269,0.5365512378458014,0.5243979910045398
11/24/2018,-0.10838059335735117,0.6536228236642151,0.6081399694010938
11/25/2018,-0.055371442004027216,0.675966130510779,0.6409813548471321
11/26/2018,-0.032030262309511004,0.6214275136888997,0.6766925453112049
11/27/2018,0.010128222174046853,0.5745672305369176,0.7113884336068939
11/28/2018,0.06480759583194273,0.4787293637381681,0.6885976144864194
11/29/2018,0.06932310623536608,0.4256083089270314,0.7443484238102729
11/30/2018,0.050475241664667214,0.5613595712341951,0.8164651883211715
12/01/2018,0.06334032276164525,0.7390758244708451,0.8762516026230922
12/02/2018,0.06229520024066282,0.9165504544917559,0.9403445503891394
12/03/2018,0.14487822260457495,0.9668720856253155,0.9807951837104603
12/04/2018,0.26496433375753736,0.9261571939091848,1.018362418926604
12/05/2018,0.379948428829496,0.8085304912301282,1.0102393523574418
12/06/2018,0.44290091869717907,0.6677695546775614,0.9822624661703331
12/07/2018,0.4283651016858522,0.7086872572289569,1.0437164885178238
12/08/2018,0.42023957491379094,0.8345070713986468,1.0152544305607765
12/09/2018,0.36681575703931435,0.9240549251381397,0.9608107893032086
12/10/2018,0.3511733310795533,0.8523926501062162,0.8415110397335481
12/11/2018,0.39726639662365226,0.631796584627554,0.7306688278294448
12/12/2018,0.40953491996600844,0.5719864127480822,0.7460210633269064
12/13/2018,0.40270460698934507,0.6923810664331154,0.8586941220514004
12/14/2018,0.3682193424974136,0.9286044877144084,0.9439358440114477
12/15/2018,0.2771544582362528,1.0675646120183047,0.9751684977385969
12/16/2018,0.28599845171186555,0.9631273661639972,0.9160653085150638
12/17/2018,0.33164680456292595,0.8316022495018144,0.8501836727869471
12/18/2018,0.36568919068244954,0.7481439466931517,0.8091116933660171
12/19/2018,0.38146456820132446,0.7371967415668695,0.8118629747794694
12/20/2018,0.3625545201613411,0.8335940116162357,0.8332879523888691
12/21/2018,0.21889628834680164,0.8501377153908443,0.8045227888767972
12/22/2018,0.14370686213797995,0.5150230497065995,0.5101589684792471
12/23/2018,0.10623668106099804,0.24716460246566835,0.4419566073007848
12/24/2018,-0.00047939721252060474,0.26417123635761197,0.47964796566188606
12/25/2018,-0.015003621317483229,0.2687257899359118,0.4575921065036873
12/26/2018,0.0402282130271453,0.3289405265678485,0.4412244471087006
12/27/2018,0.11673985423101213,0.4405352803512259,0.45545182421306857
12/28/2018,0.1508668392178952,0.5804350635424508,0.452864552525642
12/29/2018,0.196402711528048,0.5476665516638549,0.347462943316911
12/30/2018,0.23653148355035963,0.42547719236792425,0.2664476570478221
12/31/2018,0.21683579598542205,0.3821787818500933,0.24578397347100173
01/01/2019,0.15184277818869207,0.3238796936339696,0.1645886708956174
01/02/2019,0.154243060103195,0.2542612632905571,0.11213327223459701
01/03/2019,0.14247160096460604,0.23004204429424607,0.10253306314534072
01/04/2019,0.08053708567260803,0.2560139270490965,0.07944514377401041
01/05/2019,0.012415590334589431,0.19578515689381198,0.05821968022272145
01/06/2019,0.02387440786535494,0.09561492418342911,0.03352887213115602
01/07/2019,0.033285022982941004,0.08662395698067764,0.0791445539545165
01/08/2019,0.015506787456820686,0.18352285209249597,0.12979308643544496
01/09/2019,0.02885147002517946,0.22134396083391655,0.1223712608571767
01/10/2019,0.09156843312423649,0.12236299582983551,0.05779598166775374
01/11/2019,0.11050559242309888,0.03346450081277341,0.017711144407823703
01/12/2019,0.09565775747295602,0.08163260264859123,0.01850907891111317
01/13/2019,0.051847100399806056,0.1445772412357711,0.018611737151300475
01/14/2019,0.054609770697564536,0.12249487571866385,-0.011771652952466467
01/15/2019,0.07053548913510871,0.05236301806094984,-0.030946873199300264
01/16/2019,0.06728004694385281,-0.0003198267723003856,-0.036854063682791566
01/17/2019,0.05603588161297307,0.0361772572081151,0.013878380750985117
01/18/2019,0.031100934097651578,0.132573763927759,0.08081333871509622
01/19/2019,0.03855924508449682,0.22780278719700342,0.1255187706166544
01/20/2019,-0.09857533547596098,0.2915622509031932,0.1712253029537661
01/21/2019,-0.11229454963013918,0.15418210168772922,0.03345705193940213
01/22/2019,-0.05681768673603188,0.11301584723543168,0.0633443958035175
01/23/2019,-0.03739615673214519,0.29006066390539953,0.18291552019941504
01/24/2019,-0.0771322740808369,0.4165530889951869,0.2709668318302874
01/25/2019,-0.011429110372299656,0.3309823005407486,0.15003278742264226
01/26/2019,0.0806963047031155,0.12103726825637245,0.06375989792981576
01/27/2019,0.07187322248265815,0.03534822241274849,0.0586484914015008
01/28/2019,0.023272970817861505,-0.04354830454409164,-0.0017310278398813272
01/29/2019,-0.04484162747459908,-0.17030096635128972,0.007918197515838332
01/30/2019,-0.09708194167991735,-0.17008594224047313,0.013727396042786444
01/31/2019,-0.09827263588593738,-0.20231636538298403,-0.05803988411129296
02/01/2019,-0.09460667273814927,-0.15932457854256915,-0.07688391994847199
02/02/2019,-0.08136761035154261,-0.14850567152718747,-0.0799883375929023
02/03/2019,-0.0684159493209282,-0.16078494573539293,-0.07551057180718912
02/04/2019,-0.051553883575638504,-0.17761413482589739,-0.06902817056760269
02/05/2019,-0.02978988944345029,-0.17396218928459195,-0.03194440291345785
02/06/2019,-0.001453451128477612,-0.1558429729645326,0.013089291898430389
02/07/2019,0.04483075062505837,-0.13850399705532407,0.06284944512611429
02/08/2019,0.07388492191533658,-0.09666043426925264,0.11634144855476952
02/09/2019,0.14206240071892073,-0.08664490242705641,0.1296668127423748
02/10/2019,0.22253092832216947,-0.06441292428451001,0.12446277033960895
02/11/2019,0.23976998364291102,-0.01259029332987005,0.15727473791049418
02/12/2019,0.2627474909297335,0.025686288384679068,0.17477074526721437
02/13/2019,0.2774996844023351,0.035864292022244615,0.15783732941256062
02/14/2019,0.33044991737709095,0.0327705166604666,0.13539538600321432
02/15/2019,0.3090045814243845,0.08168656418814257,0.16916722840805698
02/16/2019,0.27901468649537176,0.10532142492370866,0.1574427646980927
02/17/2019,0.2805752164264015,0.14034205306946923,0.1239087810300023
02/18/2019,0.2821658292157211,0.21543285290493763,0.09102560191305537
02/19/2019,0.32752421266191656,0.2420445821195253,0.03250346644426405
02/20/2019,0.36234189273804884,0.2581019274261138,0.012098944203450812
02/21/2019,0.3571216363493699,0.2733727495310705,-0.006534135036594002
02/22/2019,0.3774543834683959,0.2569576374557151,-0.04879122877420877
02/23/2019,0.40150757305785767,0.25301509816115686,-0.07756438583304809
02/24/2019,0.40885351356303923,0.2638351795299543,-0.08499457014549983
02/25/2019,0.4292481506600495,0.23518042767425196,-0.15073090185854704
02/26/2019,0.48125748721189887,0.21584669504940457,-0.1894724986507999
02/27/2019,0.4710072301700735,0.28043695508108024,-0.2048665278191677
02/28/2019,0.44780318428569854,0.29134540654457486,-0.25533936457676987
03/01/2019,0.4528398618659367,0.2717599512646023,-0.2803931283831531
03/02/2019,0.4598912104782624,0.29921281111475706,-0.2745041161176863
03/03/2019,0.4797339371847329,0.3599531296188755,-0.28232411770819776
03/04/2019,0.49151324721561496,0.4168422735243438,-0.27149963809601907
03/05/2019,0.5368318625905912,0.44584087606080536,-0.29246378976319265
03/06/2019,0.5802707395588719,0.4150508561030155,-0.3382298882254452
03/07/2019,0.5942259207186272,0.4129773589907071,-0.3039590780816245
03/08/2019,0.562545222407592,0.5499288104909638,-0.259610393708818
03/09/2019,0.5672304441555112,0.6291519838509937,-0.28141772254244923
03/10/2019,0.6130039343598085,0.675921841789793,-0.3092145713336236
03/11/2019,0.6519942169411749,0.6925029487207676,-0.3502956804399435
03/12/2019,0.6816704063563926,0.6597529916261743,-0.3661065101787577
03/13/2019,0.7234719687321574,0.6194053202238228,-0.3674046297124075
03/14/2019,0.7532289783142454,0.6423149590061668,-0.2877262134194095
03/15/2019,0.7604178276008432,0.6891568635271537,-0.230274442266015
03/16/2019,0.7858126759840101,0.6711143324852812,-0.23296132896516597
03/17/2019,0.8299332965568711,0.6223641623778847,-0.2623038132050728
03/18/2019,0.8428833433853319,0.5739061714008579,-0.2653882672707758
03/19/2019,0.8440521358030539,0.5204640483652707,-0.23673476995514375
03/20/2019,0.8292705198275783,0.509106171848744,-0.15210672515898127
03/21/2019,0.7840811873704568,0.5145245210835727,-0.11776255292098314
03/22/2019,0.7494016683240207,0.46811906501034967,-0.11740134199048569
03/23/2019,0.7141691749810789,0.43958168977876344,-0.04778302747224272
03/24/2019,0.6856325022263606,0.4835119024354194,0.027938055678787432
03/25/2019,0.6685179605898413,0.5239288606894286,0.11453928923470386
03/26/2019,0.6629122400644064,0.5457168745223382,0.16801242464687893
03/27/2019,0.6703662954273927,0.4642173932147319,0.17998164507811776
03/28/2019,0.6672818119186639,0.3755513614567384,0.18483900289425254
03/29/2019,0.6336809834607029,0.3773928650513416,0.321991913113173
03/30/2019,0.5941236390004097,0.4894346951809108,0.4509305816381536
03/31/2019,0.5821354732228364,0.575574046842624,0.5129956031084796
04/01/2019,0.6026043269324516,0.5865824357819813,0.5321844570188297
04/02/2019,0.6088578194444438,0.619230870023594,0.568147342765077
04/03/2019,0.5984881481297397,0.6151919163134252,0.5613399653018998
04/04/2019,0.5981280343040561,0.5962182404465062,0.5755469730637459
04/05/2019,0.5826196971822035,0.6595386721274089,0.6034382430900658
04/06/2019,0.5673251684727378,0.6866601881607073,0.6003727381936041
04/07/2019,0.5596512881256932,0.691609618075774,0.5991658343611166
04/08/2019,0.5383075001629576,0.7315739805225236,0.612760422826846
04/09/2019,0.4970389546752588,0.7773044769688122,0.5993251778034968
04/10/2019,0.483469677889212,0.7244372586489549,0.5432143748405298
04/11/2019,0.48088669764016545,0.6029070052088149,0.5007961928762135
04/12/2019,0.4471321531135788,0.5204228285603021,0.5357171989254881
04/13/2019,0.4070220177888525,0.4893834933718889,0.5832480858622616
04/14/2019,0.34508519125286435,0.5180613212722517,0.6002403374672235
04/15/2019,0.2890420368944959,0.44527319361859946,0.5364145851603201
04/16/2019,0.300636153914772,0.2474325743185038,0.44239850516341556
04/17/2019,0.24275071797692388,0.19701300210989758,0.4533449167960602
04/18/2019,0.17616862119629706,0.22817100571118498,0.4484802146552323
04/19/2019,0.10783830679799034,0.23883319526294589,0.4272015554703871
04/20/2019,0.055560278960558485,0.08982189749061997,0.32498612531082055
04/21/2019,0.04844395871158658,-0.20421547101273618,0.22887569548491743
04/22/2019,0.009579693957363467,-0.3115283560814488,0.22882505616327226
04/23/2019,-0.03935517447638587,-0.3242463687265778,0.2345443374332013
04/24/2019,-0.07142636296270194,-0.30406610344044116,0.22541903428986365
04/25/2019,-0.0974597750428629,-0.265986049770375,0.20759370903695018
04/26/2019,-0.1344261416161704,-0.23914068294329544,0.1961772606239307
04/27/2019,-0.13602464198419628,-0.3083519062390525,0.12038524996149746
04/28/2019,-0.13153987479449836,-0.398483472344903,0.1145287799524054
04/29/2019,-0.14170340515703905,-0.40541773568922673,0.13573931139603906
04/30/2019,-0.15151863471874233,-0.4055300625936512,0.16614047395403808
05/01/2019,-0.15646201875183896,-0.3734987510731399,0.23076063061920654
05/02/2019,-0.15484983435193317,-0.32926590754069257,0.29111081313819565
05/03/2019,-0.1515195518790552,-0.32583292019415394,0.31713240474892684
05/04/2019,-0.15927146422561117,-0.3394268830536966,0.35382258152171403
05/05/2019,-0.196985976810233,-0.28207709902005873,0.4227952446890118
05/06/2019,-0.21038091976380302,-0.2274780617148254,0.4647436739076064
05/07/2019,-0.19210286855297531,-0.19413711126268157,0.5052460421128138
05/08/2019,-0.1799588222084338,-0.1414643658688276,0.5581103695266472
05/09/2019,-0.1790395707689415,-0.049204460346046114,0.6135544619976987
05/10/2019,-0.1655846822172506,0.030023234274639515,0.6494536834044773
05/11/2019,-0.1294373398043258,0.060342925688566945,0.6724358201543925
05/12/2019,-0.12391155897185774,0.1056379131698322,0.6909417735974008
05/13/2019,-0.11636545739975329,0.14446373997792938,0.6736886564484967
05/14/2019,-0.08453794006566057,0.1327628935457133,0.6278293946188668
05/15/2019,-0.019858877563709743,0.17046398336782237,0.6401668456942622
05/16/2019,-0.01925160737662046,0.12947335346917074,0.589576864928983
05/17/2019,-0.04907098386005776,0.12951662839262196,0.5458125615740466
05/18/2019,-0.06372573822090172,0.17522733698381923,0.5124919690858565
05/19/2019,-0.06163486950992392,0.20505667712810424,0.4768689916708615
05/20/2019,-0.0665272961159728,0.21039411341244124,0.45114823333790516
05/21/2019,-0.06542571320606189,0.18793918427350756,0.43583081237407245
05/22/2019,-0.07375118092656796,0.18886921346281313,0.4389183096682452
05/23/2019,-0.08393866751650902,0.21935613280344482,0.4683552962960542
05/24/2019,-0.08419602270061138,0.28295412291467004,0.5165565050225236
05/25/2019,-0.0808110774730208,0.3374654360195838,0.5495422206505197
05/26/2019,-0.08237912811862169,0.38004179533841914,0.5809683019788516
05/27/2019,-0.09630063115164977,0.4566061738426636,0.6197402499029874
05/28/2019,-0.10678047176327221,0.5182285491989612,0.6409735446955278
05/29/2019,-0.10467536872422023,0.5869392630680093,0.6547438288845866
05/30/2019,-0.09205685700605337,0.6914758005038056,0.6800935568031976
05/31/2019,-0.07031971732785719,0.7778202529899552,0.6988800959105979
06/01/2019,-0.02949665494786463,0.811849550697998,0.698486667334757
06/02/2019,0.009206666514462891,0.8081111140274696,0.6819462337157711
06/03/2019,0.03648286750647867,0.7919808413736297,0.664376215042805
06/04/2019,0.059945809404283956,0.7753777153160729,0.637867828606957
06/05/2019,0.07789790183952328,0.7561052252219665,0.6170699183666801
06/06/2019,0.06780495613474496,0.7501884803965809,0.5897988583013478
06/07/2019,0.03541386213092074,0.7427233505897001,0.5648210129010466
06/08/2019,0.0024551926383907796,0.7231800545974263,0.5501552891687083
06/09/2019,-0.026006456402643652,0.7082665295198709,0.5556313150434053
06/10/2019,-0.02712095292977834,0.7042109587088358,0.5550349639935788
06/11/2019,-0.016938198887059663,0.6638417379212626,0.5474936409776194
06/12/2019,-0.0063781250911660314,0.623977019362024,0.5399646531810345
06/13/2019,-0.038979285493308646,0.6072599223052568,0.5273122076714125
06/14/2019,-0.06326855214759008,0.6220259485935289,0.5106143376998845
06/15/2019,-0.06303181472734659,0.660412567223337,0.5005041240964219
06/16/2019,-0.06596181175279181,0.7109230931041617,0.5088127464491314
06/17/2019,-0.05860831384662479,0.7731008201917848,0.5217230548506097
06/18/2019,-0.06642424398309799,0.8323929260609542,0.5258249616328146
06/19/2019,-0.07732179608811646,0.8398014520330896,0.5401917997535953
06/20/2019,-0.08328484227187921,0.8563058736858749,0.5541144888241362
06/21/2019,-0.09831621934406004,0.8706234144038507,0.5526305700486578
06/22/2019,-0.09646872829399322,0.8740411938736234,0.5449000393749855
06/23/2019,-0.07892726687452689,0.8907545917171241,0.532283990877798
06/24/2019,-0.06865400745202399,0.8995101597772601,0.5139445628963477
06/25/2019,-0.07244331031883788,0.88315206256035,0.5171825174057819
06/26/2019,-0.07371166966024462,0.8763419283722951,0.5447378555860412
06/27/2019,-0.05964991447200246,0.9099114079995625,0.5849443002554002
06/28/2019,-0.04807571817374179,0.9874433362848127,0.6432070309299095
06/29/2019,-0.0294979756587172,1.0924853154316652,0.7062029962755928
06/30/2019,0.005621083296588114,1.1987032920912033,0.7308081476299892
07/01/2019,0.047195813583501334,1.2403281902708607,0.7260889118097462
07/02/2019,0.08975850896063303,1.265126306784519,0.7268405892403803
07/03/2019,0.058849435964951624,1.1593010926255993,0.6398654849235557
07/04/2019,0.06690712956019168,1.1616253729102992,0.65175440469972
07/05/2019,0.08181835863123449,1.1926203175395138,0.6586836736069788
07/06/2019,0.10484066002778819,1.2304029662064988,0.6515822796977911
07/07/2019,0.13118011016152592,1.2324087618442656,0.6329889653096783
07/08/2019,0.13991360416250825,1.1954975421310303,0.6181773289165795
07/09/2019,0.13288507449879677,1.1341049290209422,0.6049566517881398
07/10/2019,0.12542713037607278,1.0961820038381895,0.6014481745564384
07/11/2019,0.13597429055474114,1.1382222121040872,0.6299674046322322
07/12/2019,0.17907642294214138,1.2649869110338174,0.6735122709267177
07/13/2019,0.20379704843529367,1.349455216499535,0.7050513168956347
07/14/2019,0.13809670958052583,1.4036821599243092,0.7339612569298408
07/15/2019,0.18278402516818615,1.431795065112993,0.7440937063892816
07/16/2019,0.2821965357430332,1.4228644009582447,0.7285923121207004
07/17/2019,0.36673736519957706,1.4121208287146239,0.7075037532739128
07/18/2019,0.4281616458657004,1.4075826573665058,0.6961707298971912
07/19/2019,0.47544107661913615,1.4017604479912633,0.6864667264291168
07/20/2019,0.513728374163043,1.405615850262216,0.6876873045015036
07/21/2019,0.5484899974007853,1.4238751669450298,0.6963322238876871
07/22/2019,0.5789720405542782,1.449818982653193,0.7117674380812695
07/23/2019,0.6034885428479514,1.4686940715506793,0.7339160548430551
07/24/2019,0.6034978245103314,1.4533093958818586,0.7560029955079667
07/25/2019,0.6139512142184964,1.4320824293943524,0.7571962251005535
07/26/2019,0.6170383391489304,1.417162504090666,0.7566443051863055
07/27/2019,0.5886359753505881,1.3888271176469618,0.751394614356579
07/28/2019,0.5551590002214248,1.361335034392646,0.7514312142509058
07/29/2019,0.5381088799253624,1.3619190990650347,0.7614567449503087
07/30/2019,0.5341330633370974,1.3767147190594369,0.7716630434204815
07/31/2019,0.5436738051600333,1.412870770807293,0.7801817702663518
08/01/2019,0.5689450937056957,1.4533223724871291,0.7691110326068562
08/02/2019,0.5983765847491439,1.490411213154819,0.759341620014994
08/03/2019,0.6182522558540999,1.5109706771595952,0.754758436795286
08/04/2019,0.6368193593094786,1.4881224570610125,0.7715762505446828
08/05/2019,0.6362700536542307,1.4777849762292956,0.8057529640643935
08/06/2019,0.6167828549718695,1.495380724513329,0.850296820822696
08/07/2019,0.584846268933236,1.5550089890483711,0.8745698950870874
08/08/2019,0.5491708972178857,1.6213867911350994,0.8761753401192343
08/09/2019,0.5105443971034558,1.6747252187638872,0.8654436992634029
08/10/2019,0.4821535161522401,1.6879428600706632,0.8387319440133907
08/11/2019,0.4679360638291039,1.6669737815937227,0.790112555119572
08/12/2019,0.4625000179617495,1.61922909288273,0.7164933690041322
08/13/2019,0.4611496278018648,1.5745088926818533,0.6285876454229852
08/14/2019,0.4546777777623162,1.5130761166848699,0.5500674007306675
08/15/2019,0.44660467587380703,1.4441858441782263,0.47125813048701526
08/16/2019,0.4353325188101472,1.3484287141769524,0.3763664933727964
08/17/2019,0.41817189903945284,1.2517540031326093,0.27911116042231665
08/18/2019,0.40404029292170063,1.1715605202610424,0.17742005823892498
08/19/2019,0.3911273727427456,1.0336805075132531,0.05535632684902819
08/20/2019,0.3613381891768449,0.9009432819707908,-0.06242509517531919
08/21/2019,0.3226528073702591,0.8235857451680988,-0.1739864828300567
08/22/2019,0.29389840075699847,0.7287807222003859,-0.26925953791177615
08/23/2019,0.25070429553331924,0.599228049538902,-0.34352612016248296
08/24/2019,0.17976168844233106,0.46668547307545133,-0.4083082577347028
08/25/2019,0.09258472012494226,0.33865282476041814,-0.4741018427192536
08/26/2019,-0.011786692835511453,0.24258871877570853,-0.540090721818443
08/27/2019,-0.1042549424362939,0.15501225211884023,-0.6108379117913535
08/28/2019,-0.17048220823465038,0.0010014969758463804,-0.6615504332227871
08/29/2019,-0.2194493607114522,-0.21992503155461543,-0.6960272090690602
08/30/2019,-0.2495275965219092,-0.3570360776843663,-0.705354217395002
08/31/2019,-0.25252722435838676,-0.3558116380931946,-0.6944265520496968
09/01/2019,-0.21628137892774182,-0.27641765502853427,-0.7098585201329171
09/02/2019,-0.11799594831952767,-0.27597762480284427,-0.7789285666110657
09/03/2019,0.008458153639019361,-0.389410065532215,-0.8557680565108485
09/04/2019,0.11509289813589743,-0.5179089321541537,-0.8819086992190915
09/05/2019,0.1161951414012363,-0.608125227859106,-0.8814961591684962
09/06/2019,-0.008340077748415886,-0.6261312952273543,-0.877646515737779
09/07/2019,-0.15266420463731026,-0.5862751494480628,-0.8565812071564592
09/08/2019,-0.25789455657501703,-0.5026816785610012,-0.8048273740973639
09/09/2019,-0.30969793560676384,-0.39735415538058616,-0.7088387545627854
09/10/2019,-0.3081863820364995,-0.25074546726592867,-0.5823268375678455
09/11/2019,-0.2514884485867786,-0.09300073799539213,-0.4666483675649587
09/12/2019,-0.11982564645949956,0.024189163929874503,-0.39563885129844173
09/13/2019,0.023857495429164544,0.07867558074233116,-0.3376508227132936
09/14/2019,0.14087574201828285,0.14707162661305334,-0.28746713323616246
09/15/2019,0.29707280266291336,0.22282699304770448,-0.239203720919887
09/16/2019,0.46593434310064197,0.20684627430163746,-0.23428943444328515
09/17/2019,0.547382361232805,0.0797283298638014,-0.21980516828016794
09/18/2019,0.4863682713455026,-0.01541120767499593,-0.15787327791105218
09/19/2019,0.36910125419282036,-0.05961469237200151,-0.07895493835924884
09/20/2019,0.30971398658404026,0.010735301433089345,0.0495132876215575
09/21/2019,0.37900339386587495,0.14577825247625348,0.2337735079514336
09/22/2019,0.5163894230980166,0.30785018050338236,0.4360287439533808
09/23/2019,0.6132561534461528,0.423389469982126,0.6512844896484813
09/24/2019,0.6351429370011776,0.5056125291481743,0.8480927930398535
09/25/2019,0.6491100779314317,0.5526178449472612,1.005025714442376
09/26/2019,0.6136055548393661,0.6288023788384876,1.149694709169198
09/27/2019,0.5782300945466845,0.7217016610796388,1.2722572054161736
09/28/2019,0.5400631284359678,0.8271883091481781,1.385130995490158
09/29/2019,0.5402411675961162,1.0062905342886275,1.4814668676806837
09/30/2019,0.5829386855394022,1.1324773339014085,1.5211370549182854
10/01/2019,0.6179133467748776,1.2201489231851244,1.55572139874667
10/02/2019,0.6401000050661634,1.3048335445504233,1.5893950057366937
10/03/2019,0.6531947064193441,1.382746374366763,1.60409976394613
10/04/2019,0.6700664206911335,1.4591491618407066,1.5757672257925155
10/05/2019,0.6653969741006185,1.4740299811755742,1.4818978294075789
10/06/2019,0.6522077318622692,1.4685371192163772,1.38179095080985
10/07/2019,0.6629502838742278,1.4764781557458626,1.299089269631467
10/08/2019,0.7008262533605238,1.403523269906866,1.1801863570535265
10/09/2019,0.7189680145486943,1.2683090394177035,1.0455949119446575
10/10/2019,0.6663018444663869,1.1710579557158551,0.9615587953729504
10/11/2019,0.6166932300659873,1.1275022443641625,0.9313086986759083
10/12/2019,0.6012072716557917,1.0824596254324068,0.9547935767680968
10/13/2019,0.6087691483852915,1.0567352963780472,0.997517704634003
10/14/2019,0.5622292790226311,1.0985794463408243,1.041518730587067
10/15/2019,0.5039041931166779,1.1726888977426293,1.0761924641795348
10/16/2019,0.4781477634513287,1.2564014480662613,1.1194647383564005
10/17/2019,0.5300228277332182,1.237948597940175,1.1038141853166963
10/18/2019,0.6716449636507242,1.2134271590917733,1.092165193672641
10/19/2019,0.8072792900559951,1.3884260759547482,1.1711756416059582
10/20/2019,0.9160321245819705,1.3797092615574034,1.0955583934101227
10/21/2019,0.9860067606775835,1.1897937662979785,0.959411574521434
10/22/2019,0.9313983018551635,1.0669817061022029,0.8876612552939938
10/23/2019,0.9209092162675716,0.8477820642727611,0.7679304222682999
10/24/2019,0.9015848318841442,0.6789609509999672,0.6801886272604176
10/25/2019,0.7845636503820204,0.724837243423093,0.6759339909856941
10/26/2019,0.5272692556657699,0.8939266377342001,0.6638337900013627
10/27/2019,0.3175646954396196,0.8506886476997226,0.5420813605951507
10/28/2019,0.3581356121060908,0.6802308380684097,0.4103368760026396
10/29/2019,0.4149635255155113,0.6322118203989928,0.3679227516762804
10/30/2019,0.41466284367817785,0.6460495790280874,0.3512094626805333
10/31/2019,0.30775995819190416,0.6220597699719672,0.3138150016883918
11/01/2019,0.28541030216962304,0.44562655656204164,0.2284143826261371
11/02/2019,0.3652337725808432,0.3084967207776028,0.12294687737706722
11/03/2019,0.3566837473290614,0.19923135571630035,0.021619298977810786
11/04/2019,0.33402618224617187,0.14987545411594905,-0.0029520928288233605
11/05/2019,0.2437747824970955,0.2039593612944237,0.005827986477547675
11/06/2019,0.24740684739968577,0.20194910311366443,-0.005170322344500988
11/07/2019,0.3016784148955787,0.19230666335233448,0.0027672695938631975
11/08/2019,0.25679178202848085,0.18730650136961646,0.04716708020487026
11/09/2019,0.26532049247456424,0.11102637511017588,0.009652229094687215
11/10/2019,0.2684402683121727,0.03790796055773771,0.013276754771822441
11/11/2019,0.19271566071694046,0.10184216805250701,0.1505007548076649
11/12/2019,0.06921276053028858,0.20283391969637798,0.22457670922737893
11/13/2019,0.09868541372863016,0.06403984896577519,0.1403729310554882
11/14/2019,0.14117756113440927,0.015719844515350134,0.1310869048728669
11/15/2019,0.10178119665242669,0.07761402397022055,0.1637673238213444
11/16/2019,0.10603634358591729,-0.08324855490715888,0.03320702028879041
11/17/2019,0.06648442871468285,-0.34443884728826313,-0.05775479446877707
11/18/2019,-0.08978461067138377,-0.3742687746092521,0.07366317199772299
11/19/2019,-0.2355455242217448,-0.2838301150846212,0.20938823999766254
11/20/2019,-0.2813924239375747,-0.17281772316118515,0.2862870931406878
11/21/2019,-0.24604895419664063,-0.011384056216676486,0.41112206952276353
11/22/2019,-0.17569226580063813,0.19980050610028166,0.5733915963599483
11/23/2019,-0.09582102968026707,0.3845650523981291,0.6931544847254636
11/24/2019,-0.0037345022021586516,0.43238771817607413,0.7293491833279153
11/25/2019,0.09901184942757979,0.3491253562351907,0.6485104043097403
11/26/2019,0.16637111117185976,0.2619929713233017,0.6212273742124486
11/27/2019,0.17626573013033986,0.2745885576246181,0.6151058998687038
11/28/2019,0.16932777921922937,0.26003843621222356,0.5899905411182054
11/29/2019,0.17178760318131836,0.16488709642157617,0.5150248278483469
11/30/2019,0.1446552496129454,0.07101709364518849,0.4607380548740072
12/01/2019,0.019306289146326816,0.0584877408766431,0.4225630666453912
12/02/2019,-0.1248136411702695,-0.07348175111887245,0.3431451507089218
12/03/2019,-0.1941807135874961,-0.35720700482433876,0.12386329490855763
12/04/2019,-0.27469110038747035,-0.5418898161242989,0.06442117118687984
12/05/2019,-0.38727561058676685,-0.5964236180971639,-0.010379761405743704
12/06/2019,-0.44768125632177336,-0.5571757286706723,-0.033814689974736356
12/07/2019,-0.5152508779556654,-0.45393051025319653,-0.05543350094911348
12/08/2019,-0.49688492610034884,-0.4275196541907397,-0.10157598590780426
12/09/2019,-0.4320934564303135,-0.3904365091371288,-0.09051072605954624
12/10/2019,-0.3937093434436649,-0.37989257697454604,-0.07785669807112194
12/11/2019,-0.3091405589407481,-0.3543447532389026,-0.07792308102802081
12/12/2019,-0.11217986790447798,-0.38859882219113084,-0.166616757323095
12/13/2019,0.00037943872938506207,-0.37208336161622196,-0.1493636401741898
12/14/2019,-0.014393996176087276,-0.3755435939620541,-0.13650535069125647
12/15/2019,-0.028063133377121352,-0.4691306362823943,-0.21337851898604054
12/16/2019,-0.046231198723095335,-0.42561802370114227,-0.1544604392058826
12/17/2019,-0.09248704187972101,-0.2930214269804653,-0.10362635094140094
12/18/2019,-0.1514384382208891,-0.3711976055507722,-0.18631107119314516
12/19/2019,-0.09559533487019944,-0.6054550417751671,-0.4434958100210513
12/20/2019,-0.1267910754936155,-0.6883341534781175,-0.42763312366921313
12/21/2019,-0.21506683855355735,-0.5170993916255242,-0.3089105325218693
12/22/2019,-0.21573460463495892,-0.27443182339887034,-0.18983034174180213
12/23/2019,-0.20737556884696384,-0.18821743055375056,-0.24854975956782277
12/24/2019,-0.20777464364278014,-0.4403201064458101,-0.5382475803550587
12/25/2019,-0.18459070191249116,-0.7363273353723429,-0.6475781192400895
12/26/2019,-0.22259720165466834,-0.7075534453623946,-0.5446939497696357
12/27/2019,-0.23836263715574363,-0.5693659281721319,-0.44895369825410375
12/28/2019,-0.19682888559165926,-0.43902667359133585,-0.3799930862715231
12/29/2019,-0.1464140872752715,-0.35593723519123854,-0.36689004006731624
12/30/2019,-0.15132034465886196,-0.3042873516243717,-0.32829463997047775
12/31/2019,-0.1436577270404725,-0.30148052952025534,-0.3252978308845417
01/01/2020,-0.1328373194371636,-0.4037282090240275,-0.3270236043687023
01/02/2020,-0.13426874988239446,-0.33859046542892723,-0.2118322943783545
01/03/2020,-0.18096992940107143,-0.15139489012069657,-0.07931823817184025
01/04/2020,-0.21492870718637586,-0.0047499144854298864,0.016765330090820985
01/05/2020,-0.1871750692213126,-0.10498602842255571,-0.023712570557533896
01/06/2020,-0.15137489033043577,-0.2477620380048956,0.026411715099977695
01/07/2020,-0.182564687755015,-0.15881668628646,0.1671808734146111
01/08/2020,-0.19875454836298198,-0.12283661139827207,0.247129853006257
01/09/2020,-0.11638335334518296,-0.03717604362503474,0.3542839966228947
01/10/2020,-0.05320513198102103,0.1938517445471321,0.5803658855617417
01/11/2020,0.037579358028946075,0.4121089677587162,0.7993145687098506
01/12/2020,0.08724714761280294,0.5118426933036682,0.9254997241205035
01/13/2020,0.19170620441286507,0.46406036656562777,0.9868572152611114
01/14/2020,0.2449578896396156,0.46113006119962424,1.0875184077794862
01/15/2020,0.26755550912439025,0.46145430017830164,1.1657020308272952
01/16/2020,0.3208931873021783,0.4380498475833303,1.198883527486484
01/17/2020,0.3650266481194346,0.39768872983434495,1.1896961424824792
01/18/2020,0.3786570077823943,0.4319960557140766,1.1798382733832578
01/19/2020,0.3617255313445441,0.5025932509136342,1.2304755662070583
01/20/2020,0.4026790139211861,0.40821451823661814,1.108659918801551
01/21/2020,0.4107164199302743,0.1681352249430062,0.956332497627473
01/22/2020,0.354583310488309,-0.08530034207836512,0.7816041151873622
01/23/2020,0.2612302213030176,-0.23485783162535778,0.7430958325773562
01/24/2020,0.1201214016700316,-0.09294726179433593,0.8032540076684476
01/25/2020,0.08469883602362471,-0.0020106177028453853,0.7567293337910465
01/26/2020,0.14937756834786398,0.007872564509157909,0.653707975581425
01/27/2020,0.15614767892150994,0.05125259258952919,0.6308009862863833
01/28/2020,0.16498800375587075,0.10115967696656814,0.5903072608500143
01/29/2020,0.19854392804486065,0.06302307817943215,0.529178539337149
01/30/2020,0.16893674577166706,0.021758119322359604,0.5083519415965485
01/31/2020,0.18336829999850224,-0.04702669624736089,0.49089131684277604
02/01/2020,0.13557914822896955,-0.046450793331222096,0.5332097214898465
02/02/2020,0.07333045049982023,-0.11067060357722597,0.4804115741510086
02/03/2020,0.04357032257266735,-0.21308702207001784,0.4773225349544181
02/04/2020,0.005766625319112539,-0.09224769946329581,0.5544302347228361
02/05/2020,-0.0004499606618473262,0.056122049036834376,0.6158989051433346
02/06/2020,-0.008540818774038117,0.1777716755019078,0.6449554070603714
02/07/2020,-0.06801308880071655,0.1900184201204343,0.675046687807966
02/08/2020,-0.03932937690445826,0.0453929213402543,0.6570524025107245
02/09/2020,0.00018834623027108588,0.05518949498768405,0.7547132963745253
02/10/2020,0.030625485214785586,0.15587245040032122,0.8919796987269676
02/11/2020,0.055825785552147345,0.24780899770948217,1.014564958322857
02/12/2020,0.10136136437100529,0.2793560058804489,1.058056710136548
02/13/2020,0.12657964105051767,0.34121201884923724,1.111483466746931
02/14/2020,0.14218127171951478,0.3735623434757205,1.1468416832855475
02/15/2020,0.207575976071253,0.2634197951289161,1.1305716506596897
02/16/2020,0.24006660031235239,0.18682605778922579,1.1479762394333475
02/17/2020,0.20538022090677055,0.19826314444378923,1.1762956308399974
02/18/2020,0.1959950661594939,0.19149264468359029,1.165583953562886
02/19/2020,0.19646975165159797,0.2078114010610056,1.172128842426939
02/20/2020,0.1958577122308729,0.2070670958647416,1.14716897236277
02/21/2020,0.17583602920393648,0.1241593886560628,1.1177058951229257
02/22/2020,0.18874384997154703,-0.04475332418332345,1.0248043671187166
02/23/2020,0.1466567205604168,-0.11936316757649135,1.0879255105952284
02/24/2020,0.09414925589884271,0.036655262169740244,1.1974614471133949
02/25/2020,0.07945678790588528,0.24862006489755184,1.2627830882277327
02/26/2020,0.10596374819936139,0.3563944708594943,1.2623870221872242
02/27/2020,0.12323765561203726,0.2937603313160094,1.236564701176323
02/28/2020,0.16535310693366012,0.15039045121024164,1.2366492623512464
02/29/2020,0.15874815858935143,0.06594686588396548,1.2873358554761651
03/01/2020,0.163623966250513,0.030270009048284252,1.3395589949408055
03/02/2020,0.17804297372425282,0.19097346303753937,1.4616895962041543
03/03/2020,0.18030656206556062,0.43274276833484593,1.5346968499400315
03/04/2020,0.22021356472395137,0.5524133157024084,1.5316568270099045
03/05/2020,0.2556342960497332,0.5761923283200159,1.5110321779101845
03/06/2020,0.25247933794247757,0.4917711731440253,1.4628608333990423
03/07/2020,0.28967987388714445,0.22909097858163563,1.3664289169181894
03/08/2020,0.3001762233844245,0.03013067201524844,1.3497821731848534
03/09/2020,0.26332637285740146,0.09182069012842109,1.386255631514618
03/10/2020,0.24520295487551136,0.1843861036928628,1.3870122186871736
03/11/2020,0.24979565349095634,0.23466199376079377,1.3311245046588156
03/12/2020,0.2574774214166966,0.2099165469979256,1.250008710697649
03/13/2020,0.2502526561322058,0.1568011878008635,1.1807960788218619
03/14/2020,0.24338220822020407,0.10686744560123995,1.110832012973717
03/15/2020,0.23703134996928021,0.05714960827749482,1.0493353448513483
03/16/2020,0.2356472083098362,-0.003680078521726915,0.9857929374026457
03/17/2020,0.22467356858516807,-0.051578079071426974,0.9391126531097777
03/18/2020,0.20499009759561582,-0.04217726252582804,0.9003852986267354
03/19/2020,0.2053295202846115,-0.036142495181941736,0.8452262957982007
03/20/2020,0.22291731664314385,-0.019348008234940484,0.7958696340884788
03/21/2020,0.23895925763567216,-0.01124837527637107,0.7474556834041773
03/22/2020,0.2554784888555929,-0.07205205014738159,0.6702517364635335
03/23/2020,0.26947079666486096,-0.18600813506579017,0.5847734947872556
03/24/2020,0.2676940003317967,-0.27494121479101197,0.5139166268605009
03/25/2020,0.2516936250447003,-0.342639283707809,0.46243599456472884
03/26/2020,0.2330968789679705,-0.42780873688168486,0.41734955045946176
03/27/2020,0.23610439438314845,-0.5190867655117583,0.37930067361839764
03/28/2020,0.2341681589011093,-0.5566325470943538,0.37894421012430235
03/29/2020,0.21559019626760723,-0.5373631103191365,0.3963866566600517
03/30/2020,0.21828481327007265,-0.5354877853460951,0.3714166830773785
03/31/2020,0.23419677430290287,-0.5612953760577815,0.3383636512357533
04/01/2020,0.21598299768687435,-0.6308054722983898,0.3009415171527796
04/02/2020,0.2466374669793976,-0.7647060123366256,0.2519335688486623
04/03/2020,0.25271559843935754,-0.814607048793563,0.2579712123923182
04/04/2020,0.24846995328672317,-0.7690338569875962,0.29745304407617984
04/05/2020,0.26273106244080635,-0.6880408743091282,0.34623976995914957
04/06/2020,0.29296510544539744,-0.5968974852984161,0.39431016043804257
04/07/2020,0.30682222382438673,-0.5354655313488257,0.43729357136909
04/08/2020,0.3189264654112992,-0.49313760649554766,0.4971884463334676
04/09/2020,0.3248159920242959,-0.4406956215483111,0.5577197212342628
04/10/2020,0.3375005392850662,-0.3948720575936483,0.6082683952451879
04/11/2020,0.39797100991106427,-0.3939428504517393,0.6432603693822423
04/12/2020,0.4412723495186607,-0.3594361780793175,0.7102753439667701
04/13/2020,0.41914053741415197,-0.22949696699033162,0.8022621180710453
04/14/2020,0.44778004218327827,-0.153792684929358,0.8798971890441056
04/15/2020,0.5164842278119708,-0.11240888150639344,0.9749641972706138
04/16/2020,0.5652523565006387,-0.07518123226470819,1.057724957657585
04/17/2020,0.5971604005103014,-0.03949486316633877,1.127797200133534
04/18/2020,0.5920055193088022,0.0374341520741579,1.1784226040781336
04/19/2020,0.5759731901563638,0.07451794302215187,1.2162727378123022
04/20/2020,0.5344223060376152,0.15640272968617253,1.2651501113271177
04/21/2020,0.5154950520701366,0.20775702849775524,1.27870124249038
04/22/2020,0.5474099197525373,0.20303389648631848,1.3074369475509207
04/23/2020,0.5654536548463498,0.27196045651358036,1.3770246269026243
04/24/2020,0.5624879986279026,0.3991526200874216,1.4359599922204618
04/25/2020,0.6071413425975333,0.4186890461121992,1.4504053862119946
04/26/2020,0.6515621313979524,0.38452857312737554,1.4693812141298608
04/27/2020,0.6851788083861442,0.30231631801277314,1.4793680349631981
04/28/2020,0.6975055530652262,0.2213567456890449,1.4903203301708727
04/29/2020,0.6670184471868041,0.24044104564792926,1.502394318814038
04/30/2020,0.6166332548053536,0.2515318154795535,1.4698243487706166
05/01/2020,0.6020735549394469,0.16173511625081377,1.3650264349364098
05/02/2020,0.5831351116161475,0.049503921632609804,1.2926822398182924
05/03/2020,0.5461604906000126,0.017579476273133138,1.2650137341155472
05/04/2020,0.5104919792438091,0.03008933477494069,1.2490898180070065
05/05/2020,0.4989820208539376,0.05352655183027136,1.215824125360311
05/06/2020,0.48613179775404824,0.06170087366622096,1.1824594263475823
05/07/2020,0.48471654601675956,0.020306853368522337,1.1313314027898493
05/08/2020,0.4830486349561708,-0.047377358177942336,1.1066177096202356
05/09/2020,0.4198959106487444,-0.0003365181879618484,1.1123554937192281
05/10/2020,0.40328547700719897,0.02113571201087519,1.0873069642658013
05/11/2020,0.39900255845940175,0.05913532247181699,1.0930185766000013
05/12/2020,0.3929118802463471,0.08592813698344393,1.086452182254802
05/13/2020,0.39213533895170855,0.1526356387922439,1.126286216912912
05/14/2020,0.40066922218196066,0.3050068791285179,1.1708204164928893
05/15/2020,0.4349689267991723,0.4308081385142031,1.2101550370718501
05/16/2020,0.48493996626924224,0.45321033918467163,1.2307253138230125
05/17/2020,0.5096422852425289,0.4269070538952945,1.2395517313547966
05/18/2020,0.4802186817777775,0.4197518359553941,1.259100416598744
05/19/2020,0.4290503078610209,0.43439790204202927,1.2799253507077795
05/20/2020,0.3995780948996301,0.42305558570829127,1.2600780233105529
05/21/2020,0.37290883391698737,0.38455376300818944,1.2482943586628708
05/22/2020,0.3561523516670495,0.4010506100814275,1.2443549197042687
05/23/2020,0.343944654396717,0.4380790889834353,1.2404829592648123
05/24/2020,0.3554772849895487,0.46705173830936075,1.2077790060162146
05/25/2020,0.3862082087658394,0.5125152455060957,1.1567656107306292
05/26/2020,0.4176946158359588,0.5912633929085853,1.0490594254706007
05/27/2020,0.46041322846646826,0.46697088407654397,0.947694679107703
05/28/2020,0.4723415587051597,0.36056154652755795,0.8926580546398091
05/29/2020,0.46366470852516506,0.33156071271959997,0.8454824139057395
05/30/2020,0.4495689817188921,0.3310039517641783,0.809764122575251
05/31/2020,0.4447274758534709,0.3124987841933252,0.7645777794236055
06/01/2020,0.4382517003677834,0.27935019283102946,0.7092258359104493
06/02/2020,0.4248911692691949,0.27309629113936806,0.6531094334071075
06/03/2020,0.40895829698120867,0.29297392554971424,0.6102234869396701
06/04/2020,0.400118669188685,0.29011942469683427,0.5739612286653137
06/05/2020,0.398325950952573,0.30336636612138446,0.5623138600764412
06/06/2020,0.41666237024578584,0.34802685045096104,0.5942296577292162
06/07/2020,0.4886635637711628,0.564303467905594,0.7271775565855711
06/08/2020,0.5422526172478086,0.7650928299203514,0.8248505016340875
06/09/2020,0.5446962258155418,0.7074002521240291,0.8646055340812686
06/10/2020,0.5722481985707633,0.6409478785952657,0.9029872589635477
06/11/2020,0.5536097767293682,0.5770016339779618,0.9052920378967433
06/12/2020,0.5401284372742265,0.5032643351742931,0.8813382591628078
06/13/2020,0.5210377086523904,0.4865720756923162,0.8712645237245377
06/14/2020,0.48267039804268824,0.5105772100605404,0.8748109804474695
06/15/2020,0.46844865340927644,0.5187106056798798,0.8938826497737657
06/16/2020,0.4645455126042942,0.4921540710759291,0.9188990427346108
06/17/2020,0.431014131525304,0.47911052766335827,0.9736199423934482
06/18/2020,0.3981444632696463,0.5019430114261461,1.0252102120666913
06/19/2020,0.38278191795129907,0.5162462250324238,1.0341919154029027
06/20/2020,0.3673207595559907,0.528207543052736,1.0188169977092887
06/21/2020,0.3392530492130158,0.5419260460922399,1.0165978755132614
06/22/2020,0.32315050226693676,0.5649776054851344,1.0305600454010753
06/23/2020,0.3126175030435169,0.591040559347543,1.0490691232253075
06/24/2020,0.3153293993462941,0.5886725343980264,1.0832250616387031
06/25/2020,0.32902348330786807,0.5847786133349655,1.1280042208218526
06/26/2020,0.35544478082802117,0.5879342184041934,1.1801574066081946
06/27/2020,0.3840697944641852,0.6113950986808949,1.2448099432242241
06/28/2020,0.40626254269995626,0.6487228028337868,1.299881585107645
06/29/2020,0.42840462699998055,0.6592444222814291,1.3299178037082267
06/30/2020,0.4366743313733945,0.6450001024990563,1.3277654702328898
07/01/2020,0.42436424232561404,0.6127179490884869,1.3119614979022192
07/02/2020,0.3891028767759863,0.586446253906049,1.287348596459333
07/03/2020,0.33994396442073976,0.5383868971967287,1.251683541338775
07/04/2020,0.27590860171354886,0.48452294641343063,1.206224971256918
07/05/2020,0.2019371277152739,0.4270103382783976,1.150965704194593
07/06/2020,0.12861694759916203,0.3796924095994679,1.1095621751765916
07/07/2020,0.06302974964072289,0.3327943709851029,1.0716310104125197
07/08/2020,0.0022192326567158083,0.2999554566191055,1.0351046810602402
07/09/2020,-0.03322534483722883,0.2556129871950988,0.9960278016439974
07/10/2020,-0.05727860779952204,0.20048032369677427,0.9730991851386718
07/11/2020,-0.09623444183949265,0.16246832380727644,0.9456331149933558
07/12/2020,-0.13882967806456137,0.12800551353501477,0.9038956017955155
07/13/2020,-0.17559181137915042,0.11608382994255795,0.8541380860324983
07/14/2020,-0.20906295336871794,0.08673280394538768,0.8098500633470769
07/15/2020,-0.22267687751885007,0.062345241386621286,0.7827232928873192
07/16/2020,-0.22260321120242815,0.047061677547082625,0.7616789217178355
07/17/2020,-0.2076703738343889,0.04176199672513181,0.7506793144516389
07/18/2020,-0.1779163358517175,0.06181560799514879,0.7489639074309903
07/19/2020,-0.13543413046374403,0.11231104343455628,0.7553008829263722
07/20/2020,-0.06755755361597049,0.14063274866094383,0.7360714120601203
07/21/2020,-0.006369753565201031,0.1404004028372104,0.7362337581545852
07/22/2020,0.03263945920504285,0.2501470179291729,0.7560350719374344
07/23/2020,0.12166069016818815,0.43614187558527706,0.725037882940644
07/24/2020,0.2919164610288094,0.48812251579229127,0.6735781474803237
07/25/2020,0.5375031575914982,0.473454489296746,0.6272611840896894
07/26/2020,0.6887421229515953,0.38084809079801846,0.5613779658827746
07/27/2020,0.6916791270818323,0.2997422527560905,0.482184721359714
07/28/2020,0.6130165248232216,0.17557633922249216,0.3955088678418657
07/29/2020,0.4717225488660505,0.07802509078702724,0.32435226219958213
07/30/2020,0.34745602100198203,0.009960917192202157,0.24147212610406305
07/31/2020,0.2644805273965137,-0.08491527159263679,0.1428722948181383
08/01/2020,0.18328993782127567,-0.15416648162226998,0.05499781504922019
08/02/2020,0.10221421340376341,-0.20220875148936307,-0.047607026624610194
08/03/2020,0.04342067869583974,-0.31305491368649924,-0.1695157562447389
08/04/2020,-0.014687847316784353,-0.4134113401312891,-0.25814329304119643
08/05/2020,-0.08716042455713024,-0.4545215779255536,-0.3193151066691151
08/06/2020,-0.15879548768516946,-0.4516034858350952,-0.3874023120824973
08/07/2020,-0.20229409013309246,-0.44230595367259834,-0.46007501356921815
08/08/2020,-0.22704410144270382,-0.4681606359563413,-0.516519476100991
08/09/2020,-0.25468437839296,-0.4885869870012024,-0.5459427479125218
08/10/2020,-0.26125051251278086,-0.484313867219501,-0.5695050457368345
08/11/2020,-0.24406674361576314,-0.4687253825150089,-0.5860632112336732
08/12/2020,-0.23214718142966867,-0.451788505216083,-0.5941338531204933
08/13/2020,-0.22857304437251788,-0.425184585451724,-0.5888407861410566
08/14/2020,-0.2259076664408649,-0.3946639621679988,-0.5851757652371606
08/15/2020,-0.2379158996861101,-0.4033571133439723,-0.59930304041325
08/16/2020,-0.25555956945096703,-0.43562323683039084,-0.6238241175092734
08/17/2020,-0.2744998837813124,-0.4603486021498108,-0.6586592639394815
08/18/2020,-0.29266097870890423,-0.47110885021196947,-0.6878097001751098
08/19/2020,-0.32078551630493723,-0.47918523097286747,-0.7026619535241083
08/20/2020,-0.34968399046031545,-0.4566183859532065,-0.7025543855419946
08/21/2020,-0.37018901697271933,-0.4225306641626212,-0.7070525612466028
08/22/2020,-0.3753662401994637,-0.3801333350223457,-0.7187574265652611
08/23/2020,-0.3431661723458343,-0.2972753029632424,-0.7097180236173699
08/24/2020,-0.2558749258533278,-0.15113547545068484,-0.6793311033685825
08/25/2020,-0.10691506718705043,0.03620207918577534,-0.60573780498328
08/26/2020,0.0928183462240227,0.31333052000154954,-0.48894713641771037
08/27/2020,0.3925371652284702,0.3243173595556895,-0.5653367154213575
08/28/2020,0.3723169353367611,0.14029594410069043,-0.6605715475535683
08/29/2020,0.3079687842760977,-0.027120466331286397,-0.7270104592780278
08/30/2020,0.22982401073075026,-0.13624514385313027,-0.747427925383912
08/31/2020,0.11516455372352505,-0.21246261835772215,-0.7848064398588994
09/01/2020,-0.013989081216770033,-0.28567004889924075,-0.8155523799136914
09/02/2020,-0.1403444600391235,-0.30222608338473744,-0.810035412472059
09/03/2020,-0.2404296893610662,-0.2627937030362948,-0.7875870174183665
09/04/2020,-0.2859326906455686,-0.21096038546555193,-0.7674466879846171
09/05/2020,-0.27444877960861697,-0.18372736457522237,-0.779491218176246
09/06/2020,-0.28152012231578893,-0.17178160673770235,-0.7854138682603383
09/07/2020,-0.3278111110556483,-0.15707470914402247,-0.797758947695083
09/08/2020,-0.3604196087402979,-0.13596083289065453,-0.7986123095328013
09/09/2020,-0.34912841142852014,-0.08852470554021193,-0.7990368601917349
09/10/2020,-0.273987411284276,-0.04084037859489278,-0.787989453950464
09/11/2020,-0.18465504285621726,-0.002682758881577506,-0.7758392628665602
09/12/2020,-0.11630227637342944,-0.012250333612520592,-0.7700074227198362
09/13/2020,-0.04919556389320495,0.018145808208911818,-0.7887109831311103
09/14/2020,0.09687439599655379,0.47099562811035556,-0.8060327960905428
09/15/2020,0.4212756132522628,1.0739922868215586,-0.8217153233173081
09/16/2020,0.8503380294412384,0.8310628965003879,-0.8184466930649602
09/17/2020,0.9982933040724062,0.28718888446014446,-0.7922867360000593
09/18/2020,0.9562416504222285,0.05099975429865805,-0.7973450686239646
09/19/2020,0.9641000267380276,-0.07137803000318252,-0.77313164163747
09/20/2020,1.09071015600919,-0.07818898623862375,-0.7328710275014525
09/21/2020,1.0856012795690415,-0.07227300474295789,-0.7030361083196743
09/22/2020,0.8786634618324433,-0.04765562122031175,-0.6364906430225874
09/23/2020,0.72553360539623,0.020240208812059457,-0.5061446233502879
09/24/2020,0.5565095441508626,0.17608131119218579,-0.3529502472513528
09/25/2020,0.475689120478349,0.3095825123506635,-0.21173458645646398
09/26/2020,0.5314793587085391,0.40744032574587086,-0.09516554607584116
09/27/2020,0.5666149265494946,0.4822030699540475,0.04112503492549269
09/28/2020,0.5621380102520895,0.5657019466732932,0.17496151591698683
09/29/2020,0.5440705023629372,0.5747092961062304,0.24590586651799118
09/30/2020,0.5483611984301937,0.5119314157043883,0.23874222844261828
10/01/2020,0.44203960915092155,0.4117223118958724,0.21382699239591862
10/02/2020,0.26017460646804,0.3409819042970016,0.2145309520042381
10/03/2020,0.1743685360151639,0.2866472726638106,0.20447604400606179
10/04/2020,0.1070962944414744,0.28509653897548204,0.2178782598564799
10/05/2020,0.1075644130657274,0.3533538349898806,0.25567040994431434
10/06/2020,0.15464225198215353,0.42606774350752363,0.28559508407759293
10/07/2020,0.20392013837332978,0.49182965594423644,0.3222769832689576
10/08/2020,0.2451042317393164,0.5889804498641971,0.39112158738248537
10/09/2020,0.41077181641323923,0.7435196640452474,0.4464761683603117
10/10/2020,0.3610070279545745,0.9068019394225323,0.5189892017936146
10/11/2020,0.11145005445192169,0.9817174082927029,0.5236836048695928
10/12/2020,0.06940548127936386,0.8234633032271573,0.4665730404915963
10/13/2020,0.04630624847567333,0.6326789038738343,0.4142047593174094
10/14/2020,-0.0129825161153867,0.45280266239564937,0.37203478306662796
10/15/2020,-0.10528362242055067,0.3986025529464797,0.3540254439325865
10/16/2020,-0.22655716268880743,0.4265514009626833,0.31840875585642014
10/17/2020,-0.24310423889586374,0.37776823152424077,0.24752015720087683
10/18/2020,-0.22136438442313233,0.3562453866930939,0.22520558304684601
10/19/2020,-0.236291718829293,0.41727160153679854,0.2498715989705218
10/20/2020,-0.20027586051898116,0.5070374152706492,0.3177433032322641
10/21/2020,-0.07431805234953015,0.6691015925652215,0.3738319514920134
10/22/2020,0.11892615834886011,0.8040193575340358,0.3974539777469841
10/23/2020,0.2845360719822423,0.8773233786441765,0.4233428034439197
10/24/2020,0.3651004978679191,0.8867169729162547,0.45178303130878206
10/25/2020,0.4182050705803082,0.8099085637717742,0.42942861115006203
10/26/2020,0.48340075114391645,0.6407870508946831,0.3285970384140766
10/27/2020,0.5472198107626569,0.5509659251148507,0.2877573181895319
10/28/2020,0.5487730034111715,0.5860018198550454,0.2823256017212703
10/29/2020,0.41597981954012475,0.6295791393096266,0.29353089065525895
10/30/2020,0.24481070375242697,0.3631522288851077,0.15289393018510666
10/31/2020,0.258243066846809,0.08974572507433898,-0.003616712835736946
11/01/2020,0.19230408287834022,-0.0017361713090817688,-0.04114231668649326
11/02/2020,0.15639333114000942,-0.12280977742267374,-0.14352370423830152
11/03/2020,0.24516777260586609,-0.3556526462375418,-0.2541967937925582
11/04/2020,0.17944659586876166,-0.3695911056722203,-0.1792302689951102
11/05/2020,0.06535247647907871,-0.22533922743193968,-0.09964919543658368
11/06/2020,0.06470525478870792,-0.07205545577229588,-0.009418080121442962
11/07/2020,0.16984378063577843,0.05829154954105409,0.06554085689304223
11/08/2020,0.2785539121775349,0.1461079953188691,0.13686159399048492
11/09/2020,0.36090841487761716,0.12429361725172927,0.10059402021041497
11/10/2020,0.4090443633050729,0.05601389108704824,0.14084481486258804
11/11/2020,0.392862096784502,0.24627858033527894,0.19051042512599015
11/12/2020,0.39992316729616073,0.3184187584906102,-0.0729158941290462
11/13/2020,0.405107874551071,-0.047766538900634314,-0.49856767427310733
11/14/2020,0.3399875845652698,-0.3674719262119548,-0.6368654470402313
11/15/2020,0.23575139772150844,-0.47733856022322496,-0.6265433841592853
11/16/2020,0.17054214318525007,-0.5262731038172321,-0.6206712516677007
11/17/2020,0.1949604359525059,-0.6589029347396327,-0.6848761496648481
11/18/2020,0.21836145118590666,-0.8159471034787222,-0.7670498915692778
11/19/2020,0.1734479638648172,-0.7982438431392829,-0.7029319893298211
11/20/2020,0.08700593445022631,-0.5975333389565372,-0.5355683820783719
11/21/2020,0.0965225366136977,-0.421178631072596,-0.39771589450012246
11/22/2020,0.1614422252956258,-0.27662294760311,-0.2702536381204097
11/23/2020,0.2047019625113773,-0.18595616992705233,-0.20140826305566883
11/24/2020,0.28219412146370715,-0.2265584998680702,-0.2033251723770233
11/25/2020,0.2963561406174733,-0.2066939594983349,-0.10013939867758048
11/26/2020,0.21618675402222887,-0.06992001151719052,0.024237389226938078
11/27/2020,0.20595583071982193,0.005690263552679764,0.05982384790036188
11/28/2020,0.24654633793059944,-0.008541490648121042,0.05654125937345733
11/29/2020,0.2717117128032027,-0.043445857805508914,0.05096269698770728
11/30/2020,0.11633738164662877,-0.09483544593730286,0.08042297445736635
12/01/2020,0.010559998611253785,-0.37156343223757504,-0.06842717272086563
12/02/2020,0.0036250192995658237,-0.6221291143762924,-0.12097151480579393
12/03/2020,-0.05622922965467825,-0.5163357839126685,-0.01762489633793085
12/04/2020,-0.23064777106197198,-0.29651496784282616,0.05436161799470485
12/05/2020,-0.2997083651886725,-0.2272484912187568,0.020993835177133602
12/06/2020,-0.24406997202006753,-0.3180079840971597,-0.12079537274229268
12/07/2020,-0.31053922139566026,-0.40458924495002846,-0.15895461733565286
12/08/2020,-0.4102075096388743,-0.6220575962531433,-0.31546242000993396
12/09/2020,-0.4981597352264595,-0.8944851590547562,-0.37213885770342836
12/10/2020,-0.630273376677672,-0.9040249016096906,-0.2951941532515495
12/11/2020,-0.7404356298013411,-0.7797648636496494,-0.24446901256608622
12/12/2020,-0.7774196425390877,-0.6576902386826393,-0.22289755422661228
12/13/2020,-0.7783020608203708,-0.5721875627264383,-0.2199024899249954
12/14/2020,-0.7998053246185082,-0.5485835287680956,-0.21043427579832052
12/15/2020,-0.8119600833955117,-0.5858141726109929,-0.2581464174224184
12/16/2020,-0.8137305329792033,-0.616558451503162,-0.3003755946109198
12/17/2020,-0.8459616375378576,-0.6535549879922029,-0.30928831810194846
12/18/2020,-0.808731092107716,-0.7927555024407443,-0.37792959397769343
12/19/2020,-0.7517974484572976,-0.8381578845420767,-0.3505446360150438
12/20/2020,-0.7736629172066251,-0.6916343957678894,-0.2809828443934723
12/21/2020,-0.8232676428472971,-0.651154374735341,-0.2932163793609157
12/22/2020,-0.7789244091230223,-0.7585164652122633,-0.39342133106795196
12/23/2020,-0.7503199031914796,-0.7429417791604268,-0.32657681785379145
12/24/2020,-0.7806491841230784,-0.5446053478473004,-0.2360692556649674
12/25/2020,-0.8619485855979611,-0.5976946951161517,-0.25727211817286894
12/26/2020,-0.8901607303471852,-0.8752293447791817,-0.357482791149418
12/27/2020,-0.885600279088378,-0.8719071576776259,-0.3093854579545204
12/28/2020,-0.9097664628285251,-0.7484615925305645,-0.2825387050898431
12/29/2020,-0.8689476193859832,-0.6523108779812848,-0.2742922051741787
12/30/2020,-0.7757585184648256,-0.5084329725869366,-0.23116495097772932
12/31/2020,-0.8342322978734513,-0.34856023846621365,-0.12184819560735072
01/01/2021,-0.7163689279454161,-0.22586413883201928,-0.17008271651897383
01/02/2021,-0.6919190481769486,-0.2115905776495398,-0.23129263136726463
01/03/2021,-0.5890030585755377,-0.33508699229959543,-0.289420283274346
01/04/2021,-0.5089886720733557,-0.4676757208523696,-0.33969969243076187
01/05/2021,-0.49820110583318705,-0.569801075850537,-0.344642666407689
01/06/2021,-0.5155424795585564,-0.6717752915638228,-0.33780355821572633
01/07/2021,-0.5514792419633957,-0.6435181757754208,-0.3034651072472422
01/08/2021,-0.6831059446607111,-0.5745529208030417,-0.28482719941803214
01/09/2021,-0.7142926604266344,-0.7236446030668251,-0.4117097410635238
01/10/2021,-0.698921860665462,-0.8328875379778482,-0.4565170602540594
01/11/2021,-0.7614324993802839,-0.7485300327571056,-0.41749122592325616
01/12/2021,-0.909512544500569,-0.6854572722120358,-0.41510387405773386
01/13/2021,-0.9202251970862909,-0.728222937301833,-0.4872186097496568
01/14/2021,-0.9060799803094772,-0.7261695216329715,-0.47453909979489034
01/15/2021,-0.9664810035565046,-0.6360259184045862,-0.4265075409111982
01/16/2021,-1.0489372743650243,-0.6343334989763825,-0.43551724194928376
01/17/2021,-1.1058460079413177,-0.7292694623501936,-0.49361904670260814
01/18/2021,-1.0885945892995426,-0.6786623459007438,-0.4586960524107402
01/19/2021,-1.0492198698009672,-0.6004190530326079,-0.47767711468156204
01/20/2021,-0.9755364208276952,-0.5569025650850774,-0.45643716536278117
01/21/2021,-0.9226419512000313,-0.4909151180744559,-0.42612218703488686
01/22/2021,-0.8935439763331556,-0.46925393441067986,-0.415939869205013
01/23/2021,-0.8531236940766527,-0.4717005823215219,-0.4332206594447503
01/24/2021,-0.7916614429735294,-0.4585548701615954,-0.43484756938166175
01/25/2021,-0.733271825667883,-0.43118004609605953,-0.40259364875833714
01/26/2021,-0.7038751133435375,-0.3875404859103289,-0.3717276837729149
01/27/2021,-0.6702285369291126,-0.36892598603627225,-0.38621892907331007
01/28/2021,-0.6128156586714392,-0.41022758471998255,-0.40648942753256667
01/29/2021,-0.5152997989394794,-0.5149972313092253,-0.44277931832137807
01/30/2021,-0.48635623718306675,-0.4830952748177003,-0.3913898611503894
01/31/2021,-0.5106134765991825,-0.3404885482805522,-0.344905560770607
02/01/2021,-0.5431108878266081,-0.29111209549538847,-0.3656215473006309
02/02/2021,-0.4959493672031392,-0.5629314019442011,-0.5613467453934335
02/03/2021,-0.4636635998897656,-0.8846451097531365,-0.6260173384983498
02/04/2021,-0.5222323936343568,-0.8655961578321288,-0.538390293491752
02/05/2021,-0.5709743282244559,-0.6514323783293063,-0.4402177314821904
02/06/2021,-0.5265265382243929,-0.4812030978731137,-0.4125069451919761
02/07/2021,-0.43881262757279227,-0.40360798937398495,-0.41109748407291963
02/08/2021,-0.36050551665187314,-0.4075092501459042,-0.43719552158267044
02/09/2021,-0.31743089907389754,-0.40774212442867525,-0.4154517353593692
02/10/2021,-0.29059665929397727,-0.4021684082366573,-0.3768805187847265
02/11/2021,-0.24453198903319961,-0.3907425953749062,-0.3246688218591136
02/12/2021,-0.20970220244092264,-0.34469590427084734,-0.2766819781456563
02/13/2021,-0.200545640730302,-0.29297203643865377,-0.229749471077683
02/14/2021,-0.19357474542071573,-0.24947422071046432,-0.1680272794379326
02/15/2021,-0.1986544928492946,-0.25071510124948504,-0.14812367260230963
02/16/2021,-0.2613392452781236,-0.32291417322872285,-0.12345489748482685
02/17/2021,-0.2588295644813683,-0.3936193502250571,-0.11875582812520707
02/18/2021,-0.26795806108637865,-0.3115819563343827,-0.06311502136623409
02/19/2021,-0.33047115779084313,-0.26851348421577426,-0.0419707917267409
02/20/2021,-0.31179509569015695,-0.36394655139137977,-0.11146648442607143
02/21/2021,-0.2764633656012476,-0.43584240531811935,-0.11922671700955184
02/22/2021,-0.28987147897692456,-0.3260407130508579,-0.03697498730368204
02/23/2021,-0.2729078652416721,-0.2455448341741847,-0.02583462057692837
02/24/2021,-0.19475091180735993,-0.26119737985762326,-0.07361217132481379
02/25/2021,-0.1636480611805432,-0.24643252792277193,-0.08274542743854135
02/26/2021,-0.1708674335623923,-0.2641250429284404,-0.08453273580370074
02/27/2021,-0.16178116301824008,-0.2613119967512111,-0.06181288477101243
02/28/2021,-0.14869108415303744,-0.2113495416105191,-0.027893952990400095
03/01/2021,-0.1403917004718621,-0.1734342497249861,-0.009275562399736259
03/02/2021,-0.15238390175481942,-0.20012413215953317,-0.02847577769635723
03/03/2021,-0.17131471430431233,-0.28108270628286036,-0.018382362714015943
03/04/2021,-0.19310314158727193,-0.36840756771994143,0.014286897730093173
03/05/2021,-0.23529526751113838,-0.39859743436351935,0.09263388128185268
03/06/2021,-0.28231870047773955,-0.31545556108331274,0.21460554486661831
03/07/2021,-0.3071297946642605,-0.19250586666695746,0.274426205632854
03/08/2021,-0.3044667279765969,-0.19231221578834734,0.2722854364256805
03/09/2021,-0.3303322997193072,-0.09958145326266543,0.3164208513477229
03/10/2021,-0.35176692323954273,0.06979530532980571,0.37184948421817343
03/11/2021,-0.32320277236181527,0.2205609696731271,0.4064176786475091
03/12/2021,-0.27080265214338073,0.3097668516973259,0.4136473750687437
03/13/2021,-0.22854467410896917,0.33499425310289843,0.40874729032497437
03/14/2021,-0.19602737884594235,0.3444602462631918,0.4061509295285378
03/15/2021,-0.1769015046408705,0.35206794257500573,0.3878127999912313
03/16/2021,-0.16331898405988987,0.3417877701900841,0.36921567142343803
03/17/2021,-0.13861358342794627,0.33262834198953695,0.35126557380349466
03/18/2021,-0.1362337358452409,0.3205251620763442,0.3402554572550046
03/19/2021,-0.14881189250959515,0.21402539931418235,0.3287664582754012
03/20/2021,-0.12399188352481905,0.04922433266153431,0.31047872460146164
03/21/2021,-0.12015951080966103,-0.01599943232142903,0.3325521127556139
03/22/2021,-0.12713447831104052,-0.047349090400520544,0.35979416070959147
03/23/2021,-0.13442271108926251,-0.029881992533415946,0.3664463740974776
03/24/2021,-0.18169421757758764,0.036695860658050194,0.37238708067045573
03/25/2021,-0.19204605929579155,0.14065913747289627,0.3801842783356774
03/26/2021,-0.21291567537620681,0.23428287833754918,0.37724180102192084
03/27/2021,-0.17821348412680715,0.21698077712565966,0.35606892445848626
03/28/2021,-0.1362774660490116,0.1545122214140967,0.36273931606439763
03/29/2021,-0.12236506124630275,0.0753101276979149,0.35584709339164156
03/30/2021,-0.09603753419664862,-0.04355205349443775,0.3541335123080701
03/31/2021,-0.11354627133611361,-0.09921429166655887,0.38411694103889793
04/01/2021,-0.144136649465891,-0.1559821835816313,0.3968490379815186
04/02/2021,-0.11418101964621163,-0.30814996718824833,0.3598018296453209
04/03/2021,-0.1437383083983259,-0.39425173954059395,0.3832134673724698
04/04/2021,-0.22096632518022952,-0.2831526216172437,0.4452275249101179
04/05/2021,-0.25769738510338347,-0.17289569124753645,0.4774880189069302
04/06/2021,-0.24315056216828568,-0.053755540601168994,0.5013234363418011
04/07/2021,-0.20399885937166173,0.07152982532803587,0.5120137298669045
04/08/2021,-0.1661296768716911,0.1618332580566006,0.5213743354350882
04/09/2021,-0.12274582952225088,0.23473200980222259,0.5271366276673107
04/10/2021,-0.07155008754172232,0.2892201881447998,0.5604523104135761
04/11/2021,-0.03661739556221433,0.35063047527382996,0.6011136568737476
04/12/2021,0.010801040008406426,0.3082640903461131,0.6383538464709511
04/13/2021,0.05092805108291454,0.2611109821693841,0.7085329265541801
04/14/2021,0.06852619300978541,0.26186098297972193,0.7998649196221203
04/15/2021,0.05628441406218987,0.3544715504330849,0.8800360954680262
04/16/2021,0.03717035288196385,0.4598008351436303,0.9318058750442739
04/17/2021,0.028832044917062205,0.5199454628765169,0.9494514063595265
04/18/2021,0.026673563147735613,0.5417618960621438,0.9419448167244386
04/19/2021,0.03778862899282098,0.5340703509162887,0.896822219065016
04/20/2021,0.047304680860103865,0.5182418283731749,0.8463652882481922
04/21/2021,0.03100556811553834,0.4914012763951108,0.8213836286682163
04/22/2021,0.038377299168743995,0.41855783669547275,0.7935523305308281
04/23/2021,0.06450283083084501,0.39462257635560943,0.7860005793853324
04/24/2021,0.0521640530084419,0.4864099220630266,0.7827790177332259
04/25/2021,-0.0011308121258921111,0.5583800538434478,0.7646135812671639
04/26/2021,0.012526218558999935,0.5195805912695806,0.7198756071092276
04/27/2021,0.019315112575878257,0.5223446081916088,0.7188692317443355
04/28/2021,0.013267210719863587,0.6080849145619233,0.7386041219939129
04/29/2021,0.03365931645441045,0.6998988593742563,0.7517724961691477
04/30/2021,0.057474778090492895,0.7536037439871018,0.7435375605216458
05/01/2021,0.08239816938586098,0.7440814405804174,0.7231486601869486
05/02/2021,0.09028516110345802,0.7345629538223479,0.7128360516024292
05/03/2021,0.06638667811575127,0.7623371167676396,0.7043725086327068
05/04/2021,0.05855002015618643,0.7810017028149712,0.6632455076411454
05/05/2021,0.047984370025587864,0.7675717971279126,0.6094795324979632
05/06/2021,0.04858819168989881,0.7233528696834645,0.5260313676655252
05/07/2021,0.05385173804539556,0.6350344465371716,0.4282410351510512
05/08/2021,0.03697283323674588,0.5181792940536721,0.3176015834154194
05/09/2021,0.010455087137974828,0.4463755681525693,0.24336689419901808
05/10/2021,-0.03267345946646566,0.42928103390729333,0.1777871061581635
05/11/2021,-0.0659812001744906,0.3599553698709642,0.09605382085343989
05/12/2021,-0.08906553829468583,0.2616176569515354,0.02945832488040434
05/13/2021,-0.11627966587665522,0.16741959854786237,-0.03631420096317317
05/14/2021,-0.12225111324889198,0.049960006360173115,-0.12030742830172592
05/15/2021,-0.1281433546564158,-0.07003143307882648,-0.18459676574465939
05/16/2021,-0.1445699526846267,-0.10214941188157892,-0.21581647560674333
05/17/2021,-0.1583590911411425,-0.062620029940817,-0.21312480089480967
05/18/2021,-0.15990006721427247,-0.002215870102568157,-0.19743724219698428
05/19/2021,-0.12018577828105192,0.08358926057641244,-0.17708916170008226
05/20/2021,-0.033947615261053554,0.2205806400928801,-0.12121402634937278
05/21/2021,0.05886930200468993,0.37069577136035725,-0.06508399018251038
05/22/2021,0.20475300497788462,0.4592943365144899,-0.016084157154300227
05/23/2021,0.3001682374131218,0.4687651445237975,0.011401876569736125
05/24/2021,0.3375996776384424,0.43961205579520823,0.015229284144477273
05/25/2021,0.32498828308431077,0.37325844538889086,-0.0015416638865694
05/26/2021,0.2794675255761334,0.3135561378708524,-0.013080734118504578
05/27/2021,0.20943595216822397,0.24212027817790188,-0.02392886975994374
05/28/2021,0.1433266698726573,0.1705598783049874,-0.04447703238426709
05/29/2021,0.07620550294588846,0.09689544813089584,-0.06906700817272077
05/30/2021,0.021805973242986942,0.015354335994622326,-0.10224854540828598
05/31/2021,0.025022564523345225,-0.06295196093438385,-0.12034398761967485
06/01/2021,0.0179619342486374,-0.10785418591503226,-0.11125447284307394
06/02/2021,-0.018027106294098094,-0.1329323270011916,-0.09966074622792487
06/03/2021,-0.04274112823298626,-0.20690825441937774,-0.10620526990456264
06/04/2021,-0.052103794209361176,-0.2861043589331257,-0.11065195418355978
06/05/2021,-0.05254755305567549,-0.35152471067824165,-0.11764857988082272
06/06/2021,-0.04465869033103548,-0.4027909917011544,-0.09924698888594691
06/07/2021,-0.044296815557557434,-0.40429774585398726,-0.07744883031408556
06/08/2021,-0.004892416751221096,-0.43258580585495027,-0.06273778276582437
06/09/2021,0.0454581436567707,-0.471476222101036,-0.042454867934435814
06/10/2021,0.08234479065558575,-0.5194145029729701,-0.014887600298595094
06/11/2021,0.08960745300425338,-0.5852293787488304,0.01368446022333708
06/12/2021,0.06891697667636404,-0.6475905985580015,0.03377812682063963
06/13/2021,0.038687482786933236,-0.7487732413499517,0.039470262492668884
06/14/2021,-0.0023208826628960955,-0.8420039848433047,0.044258315852580776
06/15/2021,-0.032707577830142276,-0.8956011225300589,0.037571977729515316
06/16/2021,-0.04851890803332903,-0.9649479249279092,0.030183262476936035
06/17/2021,-0.057403880231772786,-1.0317171977264945,0.004134768726582139
06/18/2021,-0.034096378663979854,-1.059200355894831,-0.008264074411030498
06/19/2021,-0.029863206891614424,-1.0128637756495653,-0.012279310046574232
06/20/2021,-0.09496900574445227,-1.0416992017786109,-0.036593691065317624
06/21/2021,-0.15359473680133123,-1.1472525531212867,-0.0670392847588932
06/22/2021,-0.14627631110557482,-1.1868513393490487,-0.0632850363964309
06/23/2021,-0.12890555156374428,-1.2140632805955254,-0.06450735925313389
06/24/2021,-0.10658388727424273,-1.3017655792211178,-0.056277941993248426
06/25/2021,-0.0851335252830151,-1.3414901974176068,-0.03711099932783701
06/26/2021,-0.06454478037715433,-1.2957096735157108,-0.010376480728916615
06/27/2021,-0.0008584155126403759,-1.2351211401908573,-0.009995184490553477
06/28/2021,0.06237307452255425,-1.2104317688036939,-0.019591335941859467
06/29/2021,0.10044472933343968,-1.189861148441444,-0.01311274888194458
06/30/2021,0.13749962022025314,-1.1582323465549211,-0.0166591650285004
07/01/2021,0.16133225109741112,-1.1626409867210454,-0.04522233932331732
07/02/2021,0.1514119883365495,-1.2426831541547143,-0.08586648139857356
07/03/2021,0.08988069340499294,-1.414038874409353,-0.12063049743547638
07/04/2021,-0.00975270605987505,-1.5607824957317218,-0.1500396486669361
07/05/2021,-0.12398047405051277,-1.623681862994643,-0.18169023910315585
07/06/2021,-0.2098478108123683,-1.6102694551735108,-0.18613367727179086
07/07/2021,-0.24207605383084713,-1.4772569024722164,-0.25942865811485327
07/08/2021,-0.21112104944664284,-1.5293053028714487,-0.49221542858220335
07/09/2021,-0.1843530286413944,-1.6496558008679743,-0.6027641515332288
07/10/2021,-0.1987480065149061,-1.7346489248761503,-0.6527942188374884
07/11/2021,-0.22765719310275495,-1.8266498854702824,-0.6748056062837336
07/12/2021,-0.2630319196671855,-1.82076367383376,-0.673305984449382
07/13/2021,-0.26164539339092585,-1.7418739581267428,-0.6609229660997822
07/14/2021,-0.21635440288460567,-1.6817332057601329,-0.660773847905042
07/15/2021,-0.1715653925613262,-1.6891535339841206,-0.687625145324227
07/16/2021,-0.17655705591335263,-1.715480717365555,-0.7055434716389998
07/17/2021,-0.19430660266485839,-1.704136639501689,-0.6933988800954711
07/18/2021,-0.19992941905854822,-1.6871955932481342,-0.6920553961695138
07/19/2021,-0.21517166963011447,-1.682515560007136,-0.6796535098034407
07/20/2021,-0.2714011542778724,-1.6670766879280798,-0.6578776276639376
07/21/2021,-0.35005458493334696,-1.634676159692986,-0.6381322281320684
07/22/2021,-0.413706758061361,-1.628560655551622,-0.6459022396230139
07/23/2021,-0.4500775574131778,-1.6700172688864914,-0.656164614649681
07/24/2021,-0.4903115460667099,-1.7152209503895162,-0.6608835258588887
07/25/2021,-0.5345178660993097,-1.6998567084701701,-0.6847701506847168
07/26/2021,-0.5590808133912829,-1.6603161114542657,-0.7002642006286065
07/27/2021,-0.561561915472655,-1.6132930629185667,-0.7158564859873152
07/28/2021,-0.5561915015973695,-1.5692749499085799,-0.7493235186291946
07/29/2021,-0.5499862150314792,-1.5529956518060084,-0.7861355868460647
07/30/2021,-0.5756665937635864,-1.5545133861632976,-0.8063424615422329
07/31/2021,-0.6302068525450647,-1.522796566488101,-0.8129734129072483
08/01/2021,-0.6691255232491156,-1.4557715782327705,-0.8169446637473945
08/02/2021,-0.6909796558969633,-1.3934327885738815,-0.8351499056417665
08/03/2021,-0.7028763257616173,-1.3451005121302437,-0.8521993699418493
08/04/2021,-0.6957135605143443,-1.3192276273685242,-0.8720961599457131
08/05/2021,-0.6537072512700901,-1.2506200217295642,-0.9071976903074799
08/06/2021,-0.5519537440234363,-1.1872755745212633,-0.941649349374827
08/07/2021,-0.46917987894138713,-1.134006786050156,-0.9614327283979279
08/08/2021,-0.43240138348679674,-1.1012962285127341,-0.9830003725577237
08/09/2021,-0.4643753529798249,-1.0686522568141117,-1.0055515475807428
08/10/2021,-0.5269041881552756,-0.9945216083331144,-1.0056047432142976
08/11/2021,-0.5684303089455509,-0.8753496914267941,-0.9805686301330054
08/12/2021,-0.5751581200855169,-0.7604220052080899,-0.9338393295736738
08/13/2021,-0.5606792403864824,-0.6677391563018544,-0.8791567745934833
08/14/2021,-0.5273109670977306,-0.5705570658633083,-0.8072768949862318
08/15/2021,-0.47976552316682974,-0.41123670661198086,-0.6635543443117488
08/16/2021,-0.40215527065247375,-0.014149943123582642,-0.5529866721914867
08/17/2021,-0.23810676742401501,0.2101680593600884,-0.6368879534540435
08/18/2021,-0.08349411956499145,0.10017882285199403,-0.6548715265870917
08/19/2021,-0.032053642526277334,0.06533898641491465,-0.5668563279339953
08/20/2021,-0.013496664520765367,0.06293032883713787,-0.5198659183724403
08/21/2021,0.009493389519151851,0.0005045783076584875,-0.5039378228968131
08/22/2021,-0.017872399692332473,-0.03807856836663712,-0.4816890636303668
08/23/2021,-0.08409067731961367,-0.014341127860020259,-0.45704086073730077
08/24/2021,-0.15336621713750156,0.02607389271085174,-0.46306142162517716
08/25/2021,-0.19473576031897108,0.08154758844172805,-0.4593076196028889
08/26/2021,-0.20448748570053696,0.15134140846810396,-0.4968570417884224
08/27/2021,-0.15672232684481674,0.24443839310715948,-0.50825482506686
08/28/2021,-0.0590891072790833,0.33995278425695175,-0.5184526024973315
08/29/2021,0.0861710000534353,0.6474266348265066,-0.38366914996056284
08/30/2021,0.20677409613217762,0.784344675972026,-0.46350630105024915
08/31/2021,0.19149846092517991,0.5405238926889957,-0.5249567120999628
09/01/2021,0.11463191536622228,0.3688619597806421,-0.5518948835477018
09/02/2021,0.033538728216328834,0.21870719408530895,-0.5880410933766256
09/03/2021,-0.08138809936562508,0.12235349254774605,-0.6192226614419611
09/04/2021,-0.18893457458741866,0.11847284167830764,-0.6459672024066262
09/05/2021,-0.27428012050344686,0.12076735210386416,-0.688210500175203
09/06/2021,-0.3399813031457037,0.08259969166882213,-0.7128217379865259
09/07/2021,-0.4049738510429738,0.05075187286986053,-0.7211680152194332
09/08/2021,-0.4599524757681155,0.051542330155449935,-0.7232133487819714
09/09/2021,-0.5029532069112012,0.026490905609544133,-0.709029510132831
09/10/2021,-0.5164343629342839,-0.04361088860067437,-0.7426175821148223
09/11/2021,-0.48725696198421714,-0.05034445494587494,-0.7708034772328439
09/12/2021,-0.44486518860320223,-0.01813358478777024,-0.7922104795061193
09/13/2021,-0.3924215949858845,0.029309353812493555,-0.777980302631566
09/14/2021,-0.31047471501574525,0.09824407559600873,-0.7901119503100271
09/15/2021,-0.3570557465332952,0.13563137818485815,-0.819158226979427
09/16/2021,-0.4325327575301685,0.16348105205492078,-0.8673253921234777
09/17/2021,-0.46747436430793005,0.08300701615182149,-0.9416744255773718
09/18/2021,-0.46022828421773326,0.03358517460705612,-0.9998647274144344
09/19/2021,-0.43089023346707467,-0.021436395057932767,-1.0317677435076607
09/20/2021,-0.4262449265360212,-0.07232529761000459,-1.0402773000917593
09/21/2021,-0.44510548460546057,-0.11807399653427603,-1.0286757422353676
09/22/2021,-0.45358602579185603,-0.16365775752099837,-1.0194014832028009
09/23/2021,-0.43312594013483496,-0.21493554720740737,-1.0368541144098105
09/24/2021,-0.4037234313573097,-0.22213075188118392,-1.0761191464978914
09/25/2021,-0.4036436750964084,-0.21500489277673202,-1.1028944849346118
09/26/2021,-0.41413250387910694,-0.2070442445451719,-1.1432620584070519
09/27/2021,-0.4249426322629992,-0.20737271119615353,-1.1521953946988726
09/28/2021,-0.48073063262201976,-0.16622101872624262,-1.1314796922035093
09/29/2021,-0.5548066995825017,-0.08507255165524097,-1.0827580508332952
09/30/2021,-0.6139891469499664,-0.011193508394030549,-1.0473673731910642
10/01/2021,-0.6379768512930106,0.06990158431412341,-1.0297859119790718
10/02/2021,-0.624734487129277,0.14077440026085997,-1.016615387255723
10/03/2021,-0.6090913641276762,0.19836480930982836,-1.0006653399587728
10/04/2021,-0.6076905668369348,0.2028117333973759,-1.0069254637913392
10/05/2021,-0.6194810662236472,0.1626681646190542,-0.997896488972984
10/06/2021,-0.6197284427035292,0.13535117745934722,-0.9239065970542386
10/07/2021,-0.6131686920194956,0.09220132264888281,-0.8309408366412459
10/08/2021,-0.601520279108624,0.016574371760476603,-0.7251869027291338
10/09/2021,-0.5949257130190719,-0.06054036747306468,-0.6272694849939993
10/10/2021,-0.5915677689911285,-0.1452972702912313,-0.5613004883207763
10/11/2021,-0.5907624288626288,-0.19863634381439976,-0.4831823149731398
10/12/2021,-0.5874687594294912,-0.196850974313175,-0.4270173019671297
10/13/2021,-0.5503427702751373,-0.20657391600130037,-0.39037366630165227
10/14/2021,-0.511394897186694,-0.19044475898320856,-0.33936286790436054
10/15/2021,-0.500361752100855,-0.181830935380612,-0.28789513889726925
10/16/2021,-0.528179921465604,-0.22150423433273614,-0.24622299424683747
10/17/2021,-0.49851668235402036,-0.3486242926067221,-0.22877831601021437
10/18/2021,-0.4600553811553425,-0.42410679802472595,-0.20771771428891583
10/19/2021,-0.47968228169673166,-0.3944263658938345,-0.11749966456798089
10/20/2021,-0.4354014882466406,-0.24269526560565957,0.002341252175355635
10/21/2021,-0.38530938361512246,-0.10173586332546525,0.10995374657506729
10/22/2021,-0.3128551128946431,-0.051557385873548744,0.21023408919525566
10/23/2021,-0.21544124138959764,-0.020348297898584944,0.2798474533951951
10/24/2021,-0.1083421202825463,-0.007344976090573052,0.3261978517225548
10/25/2021,-0.05205368056980775,0.04849682071914496,0.38738918258902544
10/26/2021,-0.034599165948103305,-0.011717270018412052,0.36037764904710934
10/27/2021,-0.024547455771044113,-0.1607023797095235,0.3094393200636416
10/28/2021,-0.13739999690049332,-0.1981382418122002,0.3170279551381239
10/29/2021,-0.5032178260049909,-0.3840931714520972,0.301493328814713
10/30/2021,-0.8487551861283595,-0.6618922267871632,0.2046597467529776
10/31/2021,-0.9640478873027594,-0.8165090070114669,0.052572821780321854
11/01/2021,-0.982111836609896,-0.8967052496135626,0.018474096062049528
11/02/2021,-0.9658935807186073,-0.8809228204421036,0.013684865987133588
11/03/2021,-0.8980732808276988,-0.8198348346086168,-0.013789035399430105
11/04/2021,-0.8044768139814928,-0.7086478750496079,-0.041023739028712036
11/05/2021,-0.6781462718604374,-0.618435865734628,-0.09556727933266362
11/06/2021,-0.5271319007180311,-0.5812293548544625,-0.2735468036055515
11/07/2021,-0.40536045245851815,-0.7733259767169425,-0.4440069161074165
11/08/2021,-0.3857956253271819,-0.8990224837777587,-0.44320963082620146
11/09/2021,-0.42917118154738265,-0.815298424790625,-0.3779493006213208
11/10/2021,-0.4540997823133315,-0.6370392679688888,-0.27827147666064955
11/11/2021,-0.4593741511605369,-0.3265348809691093,-0.15975627138904036
11/12/2021,-0.4213918644506436,-0.06673449457575464,-0.05953326319311625
11/13/2021,-0.296539234459535,0.05625048916080466,0.02586195921065859
11/14/2021,-0.16742133208506949,0.0796189478235203,0.10894290780843074
11/15/2021,-0.08914962355227196,0.08787612029309999,0.18036252954277066
11/16/2021,-0.06646230578879231,0.14630889304872485,0.27019295311013836
11/17/2021,-0.08351789236032792,0.3419157747126389,0.38828973475612205
11/18/2021,-0.10980289985782599,0.5402480370711302,0.45181266554265465
11/19/2021,-0.05858353182760778,0.6178282312818533,0.4324443423056803
11/20/2021,0.049726681130842554,0.5872618669325,0.3456559704874156
11/21/2021,0.08732317352626251,0.5654701538863243,0.3117179272320476
11/22/2021,0.08501292006818417,0.5945376909684159,0.3198474454455511
11/23/2021,0.08524991429331319,0.5312342286944002,0.22529608184999939
11/24/2021,0.15255319257202338,0.44735063379544526,0.13191912040693743
11/25/2021,0.1671132593020559,0.5255864108017106,0.1959034452050057
11/26/2021,0.19514087139610647,0.5596154149214027,0.2156829694720519
11/27/2021,0.30852804361578445,0.50883907414444,0.1906772886754009
11/28/2021,0.36121226341307167,0.5239897598947395,0.21742487286852774
11/29/2021,0.3648197851056523,0.5395886376269802,0.23236635367609204
11/30/2021,0.3783713790408496,0.48759584286209157,0.22119068549915655
12/01/2021,0.4152424710007364,0.4779148843086496,0.23495630340456897
12/02/2021,0.41771671272296096,0.5058313788881931,0.26800941639895126
12/03/2021,0.4328785466781965,0.49779386922542934,0.23889123838504167
12/04/2021,0.445475743590664,0.4724603062708763,0.2329804771801498
12/05/2021,0.44762468689272594,0.4787174374344424,0.23109724625380013
12/06/2021,0.44898890783014744,0.5038725573871429,0.23702435973963898
12/07/2021,0.41512624844575197,0.5117702015578349,0.22844760867105107
12/08/2021,0.38642932944097297,0.47407281094899234,0.21618502101587067
12/09/2021,0.34491227019460047,0.44645477829060753,0.20224273355402167
12/10/2021,0.30706407232261324,0.4406698546363812,0.1807557552367114
12/11/2021,0.25846844314579354,0.4758247113778067,0.18556474600845363
12/12/2021,0.23794767816240492,0.48810216533821593,0.17713062091388854
12/13/2021,0.3130494238452136,0.41354264298900506,0.10434398095347008
12/14/2021,0.35217783076985953,0.3515837566608076,0.05983863117933075
12/15/2021,0.36120962199136647,0.3246297621425705,0.01147856592703167
12/16/2021,0.370079039150884,0.32890429114837455,-0.016216557880680327
12/17/2021,0.3845228466395165,0.3239854531398455,-0.05299726055617915
12/18/2021,0.4207044541617688,0.30102936867982466,-0.09697625353516737
12/19/2021,0.4142244230522225,0.2527449471379629,-0.13760254200343502
12/20/2021,0.46245590289798083,0.09164544245852208,-0.27080095942695637
12/21/2021,0.5103348630054577,-0.07573573737091557,-0.3745566283767747
12/22/2021,0.45327494472301083,-0.26586132445679983,-0.5132486006709436
12/23/2021,0.3675288198682545,-0.5880756591277867,-0.6062281976293529
12/24/2021,0.22404162010906464,-0.6561526918925383,-0.5381705318202638
12/25/2021,0.07550189423941911,-0.5711125937476446,-0.4878161780908655
12/26/2021,-0.007290240676084525,-0.5018101231913155,-0.45486503353822066
12/27/2021,-0.015956415110023714,-0.45228129805018247,-0.4525013782783373
12/28/2021,0.016435706113353404,-0.44688578998932915,-0.430785427451391
12/29/2021,0.075539351066638,-0.42046001963846236,-0.39253959286413037
12/30/2021,0.1394574273128782,-0.42899844975163226,-0.38867436810367345
12/31/2021,0.19831486975147863,-0.5076246992693466,-0.38659077101524736
01/01/2022,0.23505290711692128,-0.6115678515202028,-0.4163168026811244
01/02/2022,0.21524378516435094,-0.6097826581719906,-0.36939545411752006
01/03/2022,0.10171947913453168,-0.6849590683716184,-0.3751647254870143
01/04/2022,0.15740703209596935,-0.8992908978485445,-0.47936247409172134
01/05/2022,0.1568883229087938,-0.9048886295679606,-0.436008316780987
01/06/2022,0.11544166488812552,-0.8514257791945413,-0.44976200523082105
01/07/2022,0.1073741026479097,-0.854894349449642,-0.41842028219551686
01/08/2022,0.18840561993828933,-0.7899284724772483,-0.4377128087555454
01/09/2022,0.24869331885692098,-0.6823527083959409,-0.3812995088832472
01/10/2022,0.25941158446376533,-0.6040608560139746,-0.33767523461403753
01/11/2022,0.39880252614225853,-0.7032561992344912,-0.40978944281302443
01/12/2022,0.5198406497011265,-0.7782937421424558,-0.43737472636137553
01/13/2022,0.45951307265204183,-0.724312825758737,-0.38428970401932305
01/14/2022,0.3394611899220026,-0.7209417855549929,-0.4152676192358357
01/15/2022,0.2710420210324765,-0.7082066860676335,-0.38338063081252
01/16/2022,0.04278576564422143,-0.548972876663204,-0.2402186833975072
01/17/2022,-0.15374257602004465,-0.667825663028212,-0.3261051640281488
01/18/2022,-0.1707429128542688,-0.8005446860927014,-0.3407741338708481
01/19/2022,-0.16998676920500977,-0.6707260810997313,-0.21590689926705064
01/20/2022,-0.1726966477551003,-0.49670857138809144,-0.11556966856277621
01/21/2022,-0.10497774910850322,-0.40521346352872073,-0.04367810295822344
01/22/2022,0.03606675924326225,-0.4100539721642733,-0.03699464575810771
01/23/2022,0.1196080307032204,-0.4539883537755651,-0.05747971211227254
01/24/2022,0.109934814244534,-0.4840471625777026,-0.04368646169240481
01/25/2022,0.06140210226525311,-0.4123381482797528,0.02650726646383117
01/26/2022,0.052231086108091906,-0.25493333560602643,0.07635116933885192
01/27/2022,0.1741426397771626,-0.24004887577555867,-0.02044163346146438
01/28/2022,0.23175406489960915,-0.32626596963353993,-0.07655235527167326
01/29/2022,0.18514306058299934,-0.5220272787719082,-0.16978811091400214
01/30/2022,0.15814120058409742,-0.8229146507618476,-0.27972116845854605
01/31/2022,0.07894459090427475,-0.805034650233015,-0.15728762394568946
02/01/2022,0.04441328496457608,-0.6190961028232964,-0.08183649544761484
02/02/2022,0.06815111815168184,-0.3547991759104911,0.03616278115838062
02/03/2022,0.14374189371390256,-0.07733862794813295,0.1843348564584244
02/04/2022,0.16354947483714455,0.08767987023984147,0.26069404375381156
02/05/2022,0.17966820049116028,0.08518548486255906,0.2689875311169581
02/06/2022,0.259384693323361,0.033193512145057,0.26281842010365847
02/07/2022,0.28547643679949364,0.004714032536978829,0.30403830042794294
02/08/2022,0.2588188420960478,-0.030879973665073668,0.378097659108433
02/09/2022,0.23409454796163975,-0.0341317582792256,0.4240844119225178
02/10/2022,0.19415166599176925,-0.02463810909594316,0.42607090973475137
02/11/2022,0.15157484634580154,-0.00011162052784285947,0.4297109761652389
02/12/2022,0.1262715672483844,0.059429095959896594,0.39280257962338594
02/13/2022,0.07747544682693663,0.09372544163517016,0.3529866420305426
02/14/2022,0.034112290614177976,0.01902652353525447,0.2529725616127757
02/15/2022,0.024654826947751562,-0.08785102872144024,0.19382039669915607
02/16/2022,0.029841625328177024,-0.010290446212797733,0.2048164332439517
02/17/2022,0.07011395128282993,0.0908361799211228,0.24779274330858198
02/18/2022,0.09947570145600804,0.15924778597463352,0.23979526063404571
02/19/2022,0.12244429394457479,0.10137071725635616,0.1789820610483368
02/20/2022,0.14515666852783338,-0.010300134628494773,0.12944982534442262
02/21/2022,0.11281297336902885,-0.0412391800350187,0.14669446203000697
02/22/2022,0.08019908278173116,-0.03479544411335278,0.15511527807209297
02/23/2022,0.08227531361409923,-0.03006878904166055,0.1665274659652612
02/24/2022,0.09084643355309774,-0.0258155158327269,0.161854324912153
02/25/2022,0.08336460657580458,-0.010496486519966597,0.1406123061980164
02/26/2022,0.07520455788952796,-0.025588630752387265,0.10952990680423119
02/27/2022,0.07260440839940341,-0.04752367363321908,0.08719975132046476
02/28/2022,0.019482739818761252,-0.049520191878982045,0.07689619126858105
03/01/2022,0.014925003354485322,-0.10962066392336056,0.026853626439429235
03/02/2022,0.018516309652718776,-0.20088965003212012,-0.013910175379034828
03/03/2022,-0.004082777288555661,-0.23236367213816245,-0.019629253767066035
03/04/2022,-0.03160242931431467,-0.2282298893894994,-0.026439674458705653
03/05/2022,-0.03690478989430179,-0.21966996860878163,-0.0424789086378462
03/06/2022,-0.03696583608480142,-0.19841963248825634,-0.026020723340149376
03/07/2022,-0.043640158435256926,-0.14675148772574254,-0.0014096072579644625
03/08/2022,-0.07873005169258196,-0.14810604567561192,-0.017506987388958284
03/09/2022,-0.1146525063965187,-0.23234969733249156,-0.05179666554925699
03/10/2022,-0.13149512834314836,-0.30150173321598683,-0.07856916363941191
03/11/2022,-0.13958103378964426,-0.39324098915093886,-0.1173163599720386
03/12/2022,-0.21239861005369665,-0.51780806181209,-0.14935477944372755
03/13/2022,-0.24922160612672273,-0.7980002145421443,-0.29147367044675965
03/14/2022,-0.2763204283140175,-0.9710736615411397,-0.2814912724387907
03/15/2022,-0.3554062450279113,-0.8731583048284584,-0.26566831036250305
03/16/2022,-0.4198199547078243,-0.7936966202892518,-0.2946374919108108
03/17/2022,-0.42058424274066564,-0.8350797191001645,-0.3756340318925635
03/18/2022,-0.42301431402216794,-0.8890678577574028,-0.4285715590950544
03/19/2022,-0.4834894805089751,-0.8834455233338854,-0.458069045104731
03/20/2022,-0.4893897562408498,-0.9359152230217875,-0.5175169306723021
03/21/2022,-0.4667014846306442,-1.0093586398826255,-0.5819161489509779
03/22/2022,-0.4860577861929959,-0.9569519442555974,-0.5570080137706971
03/23/2022,-0.562504492446633,-0.7984447660284912,-0.5303936824079193
03/24/2022,-0.5759564460853154,-0.8036154441274851,-0.5764511598515096
03/25/2022,-0.5556521676224342,-0.9183700893700648,-0.6383138269171611
03/26/2022,-0.5717893465419707,-1.0827876121964315,-0.6533637278108092
03/27/2022,-0.6096051869980809,-1.1557322224430187,-0.6175760102949583
03/28/2022,-0.6580757888808959,-1.1607562238001221,-0.573825462332676
03/29/2022,-0.6911342454155867,-1.0825060609644868,-0.5464079621136515
03/30/2022,-0.7041141549838716,-0.9475026856315094,-0.5016079872478058
03/31/2022,-0.7271023013303349,-0.6913432645750013,-0.42845453681651613
04/01/2022,-0.6959966625361625,-0.5634150749964879,-0.46916408801555964
04/02/2022,-0.6053195903421673,-0.6119226236877506,-0.5276557100469499
04/03/2022,-0.55993875481149,-0.6437053245896884,-0.5380503234944787
04/04/2022,-0.5329514593183736,-0.7042907458779868,-0.5494681515044013
04/05/2022,-0.540531239017205,-0.7317623953828324,-0.5440335946895714
04/06/2022,-0.5692724752083511,-0.6779105404397354,-0.5335308046142391
04/07/2022,-0.5897272046491362,-0.6625189360857526,-0.5611820247793096
04/08/2022,-0.5875964578077097,-0.7879900847256716,-0.6250377224542973
04/09/2022,-0.6316373954924889,-0.9905078013832165,-0.6635113122598105
04/10/2022,-0.6879075653717794,-1.0695143652553172,-0.6725019829758996
04/11/2022,-0.727353676629186,-0.9946933731176112,-0.598999819138998
04/12/2022,-0.7377390130420591,-0.8249977775721833,-0.5487189086565372
04/13/2022,-0.7053819640290887,-0.6817018230140736,-0.5203105738259745
04/14/2022,-0.6490998710657179,-0.5522993501547343,-0.4941620998764832
04/15/2022,-0.5813672150144142,-0.5184180209773441,-0.497536431597484
04/16/2022,-0.5337356313868233,-0.5371295224437223,-0.4936018212280458
04/17/2022,-0.518862115947891,-0.5316663129083251,-0.4768400434587707
04/18/2022,-0.5150920367612596,-0.5430055759231776,-0.4649174452876021
04/19/2022,-0.4820326997526653,-0.6191244634583386,-0.4903256437691069
04/20/2022,-0.4207830830967376,-0.7126753944110817,-0.4962186325197651
04/21/2022,-0.43195024364765255,-0.6098558791075972,-0.434022021850654
04/22/2022,-0.4257988494218129,-0.496685612778772,-0.39142217943522223
04/23/2022,-0.3655765256903632,-0.42066355068291467,-0.3469623563589061
04/24/2022,-0.3036648293469795,-0.28202883971111736,-0.2862229246311687
04/25/2022,-0.24716327826368317,-0.16027575270992744,-0.26149417762475036
04/26/2022,-0.19461769641945603,-0.09834088190912721,-0.25264990648597707
04/27/2022,-0.14089304996199192,-0.06952277749299249,-0.26099009726195277
04/28/2022,-0.09928970427328576,-0.06484738294799686,-0.27668836812397346
04/29/2022,-0.08546901550196828,-0.015949244309945543,-0.28322368096245903
04/30/2022,-0.07543197988993239,0.06330399249758636,-0.27562469891120067
05/01/2022,-0.050561857265602916,0.12260044347439822,-0.2590419035519906
05/02/2022,-0.01969548725414444,0.15488359508537303,-0.2428392277161402
05/03/2022,0.015368395336672003,0.20835337414395733,-0.22662863948628414
05/04/2022,0.044963874644263824,0.26375449483360813,-0.21752094649165826
05/05/2022,0.07802647674356977,0.28599927342841114,-0.21593181316408055
05/06/2022,0.09384939985312413,0.305648319945964,-0.20593241365309034
05/07/2022,0.08032121184914254,0.3039423954534565,-0.19026485911036645
05/08/2022,0.0797267819064445,0.2653948316877274,-0.21020307759771967
05/09/2022,0.0956460068489674,0.2254931209958225,-0.22910006561017476
05/10/2022,0.12385994923240423,0.19581527244245125,-0.23733362166077043
05/11/2022,0.1549649276711489,0.15733946167055005,-0.2163519815740233
05/12/2022,0.1695911766894343,0.10821502512886674,-0.19429360668029094
05/13/2022,0.1612208414863709,0.1215971346318232,-0.13333721305125312
05/14/2022,0.1540472170609823,0.20816976398706882,-0.0768363899283252
05/15/2022,0.1756137649207795,0.2750368604253611,-0.03228076601996016
05/16/2022,0.2080502767033574,0.31737629394214073,0.02284894066255938
05/17/2022,0.2393494363237752,0.3564541957113894,0.08397814909198065
05/18/2022,0.2791195252904946,0.3898935569799554,0.1326069517058482
05/19/2022,0.32614130736852986,0.4079010922899743,0.1798198009799341
05/20/2022,0.3624715682344744,0.46441855333867826,0.2329660125023077
05/21/2022,0.3973563844455927,0.5713853564551393,0.27749611386795553
05/22/2022,0.44617488357870594,0.6641383142604207,0.3102522889169983
05/23/2022,0.5005756606196319,0.7101073218858829,0.34794165903549956
05/24/2022,0.5615639599589051,0.6970001872357366,0.3589502336815709
05/25/2022,0.6246170806562341,0.7267575982331697,0.3850493667535638
05/26/2022,0.6747184302637159,0.768578261127592,0.38917683665486763
05/27/2022,0.7226031134515513,0.7361479630333516,0.3441876947076939
05/28/2022,0.7586704061122699,0.6175309281169833,0.26208609760605245
05/29/2022,0.7592960928784677,0.5002841287686213,0.18215038649050802
05/30/2022,0.7422742211200732,0.4184174858649069,0.1679869577602675
05/31/2022,0.736421821156588,0.42024213748796124,0.16013903962064385
06/01/2022,0.7356832136125375,0.3646671537747911,0.12039581489990231
06/02/2022,0.7140936633720621,0.28192550013939865,0.0686364634531964
06/03/2022,0.670722289402896,0.22558248929092586,0.06354611606584831
06/04/2022,0.6069650463893135,0.25471643605879735,0.04159709451493021
06/05/2022,0.5623712444672676,0.19437281413924393,-0.13748777091250136
06/06/2022,0.5217577715622261,0.012105589102230252,-0.23643258257711836
06/07/2022,0.4449454485210264,-0.042342543788801285,-0.27363568536343685
06/08/2022,0.3720134840226138,-0.08755820369668926,-0.30982884206346956
06/09/2022,0.3200107143386084,-0.10433965532075076,-0.3288689429664952
06/10/2022,0.26855853433429233,-0.09760620641089343,-0.35191129506362134
06/11/2022,0.22082492579337448,-0.12072617189037768,-0.38307695718818485
06/12/2022,0.1859528764538268,-0.1449305353159511,-0.4172256730060222
06/13/2022,0.16400181830399752,-0.1549354979773893,-0.44243679201219005
06/14/2022,0.16004665616600333,-0.14197733005829694,-0.4426071316534247
06/15/2022,0.17437779968166728,-0.1355392310330365,-0.4562242400097865
06/16/2022,0.1795833815053216,-0.14264765098923454,-0.4764702303358128
06/17/2022,0.17728314343786689,-0.13582759351480012,-0.5013698444763944
06/18/2022,0.1694986902433746,-0.15492639673840047,-0.5312094299418175
06/19/2022,0.14232876978853898,-0.21007984629221704,-0.5501266249912732
06/20/2022,0.10289604907171374,-0.21309564458704583,-0.5648710263235025
06/21/2022,0.07002329915739819,-0.20067122029639006,-0.5740958227494293
06/22/2022,0.05712384289185357,-0.21161748593993884,-0.5883969271353863
06/23/2022,0.04545591280950423,-0.2047804590586203,-0.5815248709232527
06/24/2022,0.017272823699028605,-0.15511458687361834,-0.5829310453555694
06/25/2022,-0.006968016890676831,-0.13444355929413804,-0.5929293087279323
06/26/2022,-0.0053901342865107504,-0.11553288748808793,-0.6080954203725297
06/27/2022,0.004158311683061855,-0.10857554809910203,-0.6297262825316219
06/28/2022,0.038182831519669835,-0.08237090849682849,-0.6483487713366128
06/29/2022,0.08742880073192111,-0.010052522210333148,-0.6534768141805359
06/30/2022,0.1147912147934555,0.006297648121009747,-0.6556038685714296
07/01/2022,0.13572191375077658,-0.04430148272519541,-0.6369652303673878
07/02/2022,0.13712124358501537,-0.06348683579569059,-0.5968543836481838
07/03/2022,0.14514430520679866,-0.03486009226900644,-0.5673333633383832
07/04/2022,0.15794291052421555,-0.0356206035424369,-0.5556881452976258
07/05/2022,0.16063503285062747,-0.04721399663691872,-0.5476849819299485
07/06/2022,0.1483680503376003,-0.06393062395231541,-0.5443045231756368
07/07/2022,0.12355989106408244,-0.08302426002087743,-0.5534845232785701
07/08/2022,0.08074262867020804,-0.06584699257730886,-0.558544073193862
07/09/2022,0.04975409290492511,-0.042681051161510886,-0.5625509500952252
07/10/2022,0.03967508803692432,-0.07391315646347202,-0.5890611218917738
07/11/2022,0.020178717751419606,-0.15695233253728236,-0.6082337858266983
07/12/2022,-0.0068594617959162885,-0.1830068897727523,-0.6101018006107249
07/13/2022,-0.025107283402794,-0.2111683544752646,-0.5818446939466422
07/14/2022,-0.035088592354154235,-0.22982542466072342,-0.5578596714004727
07/15/2022,-0.051908432038583086,-0.2082211971377163,-0.5319736454737205
07/16/2022,-0.06338555608921198,-0.16532271267634807,-0.5027330079464173
07/17/2022,-0.060353057227081675,-0.10669722852485114,-0.48262526134542116
07/18/2022,-0.0387483188118084,-0.05964846164929771,-0.4821601748833463
07/19/2022,-0.018783609783577182,-0.06881704980650999,-0.4666745242500209
07/20/2022,-0.034223820237309244,-0.07738800950935526,-0.42415721419053465
07/21/2022,-0.05044031518079417,-0.04561141524518603,-0.3673999483490319
07/22/2022,-0.04345217725730627,0.015844319361113135,-0.32318918309021916
07/23/2022,-0.011405421921758419,0.06506546390675533,-0.2951301297345791
07/24/2022,0.02498273010320451,0.10852434981914416,-0.2747437451354099
07/25/2022,0.06144696974781727,0.12969970347393556,-0.25225875018739097
07/26/2022,0.1123923636490397,0.14060328137074446,-0.23542482761532624
07/27/2022,0.16824650960990817,0.18938380851399844,-0.20339484803057883
07/28/2022,0.2476761146958944,0.25206181015764223,-0.20040436885984414
07/29/2022,0.3276597212979359,0.20350041736217228,-0.2024527862272263
07/30/2022,0.38325038544380463,0.14940365101377506,-0.1788161118992485
07/31/2022,0.4422547202782926,0.13469358266586573,-0.16286582114402132
08/01/2022,0.4954218433240943,0.1346650458778137,-0.1566190063639345
08/02/2022,0.5070289106480109,0.07598002200802612,-0.16869555131900704
08/03/2022,0.4884906060264858,-0.02293611868738593,-0.18448098024424103
08/04/2022,0.445100191809201,-0.08775649327130103,-0.19510639213848835
08/05/2022,0.399218036450902,-0.10111094675126145,-0.18630813461409024
08/06/2022,0.3643228746714402,-0.068992263336461,-0.164854347775232
08/07/2022,0.35709084547726155,-0.018349035519413748,-0.13770237938379004
08/08/2022,0.3715642955872392,0.017897793747644608,-0.12612792654891586
08/09/2022,0.3859001716501216,0.03297860546958531,-0.1269508155256094
08/10/2022,0.3891375641263959,0.040737793372304654,-0.1056854653932491
08/11/2022,0.3944551862540069,0.05503454803478727,-0.07933845121875488
08/12/2022,0.3985493898956009,0.02443641742547714,-0.055914802883266834
08/13/2022,0.39009126410728207,0.003074987471618773,-0.046766979849295426
08/14/2022,0.38223927122726586,-0.03223588212137485,-0.04662914188805897
08/15/2022,0.3701189609916501,-0.07927877722983714,-0.05439533919932804
08/16/2022,0.36233105927437276,-0.12979681897253859,-0.06544286716973557
08/17/2022,0.3372128264419053,-0.19734233938034987,-0.08108222112869343
08/18/2022,0.28887425895789076,-0.2415414202520358,-0.14323740331431395
08/19/2022,0.23678465253536057,-0.2585003166775409,-0.20764291093181458
08/20/2022,0.20827633837754445,-0.24840122958966118,-0.2666373148818531
08/21/2022,0.19368897695657045,-0.22937453166592414,-0.30115012255313955
08/22/2022,0.1800556090077847,-0.196966781157305,-0.34034232003998066
08/23/2022,0.16789050466243244,-0.15716788510713806,-0.3813824470029875
08/24/2022,0.15828677226913376,-0.13627114680074065,-0.42236751181898313
08/25/2022,0.1437440582122446,-0.1441693781481399,-0.4380107611103732
08/26/2022,0.12105894163351663,-0.17466616205748609,-0.4540340893487369
08/27/2022,0.09467411040745118,-0.2281200286272526,-0.4990453048463691
08/28/2022,0.07160294270936722,-0.2853008819217274,-0.5393964854614821
08/29/2022,0.04867327450452534,-0.34402589252539667,-0.5737165959064208
08/30/2022,0.01407930817217333,-0.3703518428357383,-0.6078087888275874
08/31/2022,0.0040227920750676716,-0.341507667773729,-0.6335609127019153
09/01/2022,0.0203776314803161,-0.3097264348135654,-0.6593341362935965
09/02/2022,0.009105144238941348,-0.3015472981285994,-0.6834653149587999
09/03/2022,-0.029968306439694725,-0.2899817372101223,-0.6901722658826601
09/04/2022,-0.05909845529038679,-0.2476447698355213,-0.6752652344213094
09/05/2022,-0.06907851690371783,-0.21380477789844307,-0.6731320529971085
09/06/2022,-0.06787303807343797,-0.19731233465052583,-0.678367663823141
09/07/2022,-0.06779790430051849,-0.18893385147287076,-0.6857364560733749
09/08/2022,-0.07386862510514147,-0.2088242863354736,-0.7102264516626879
09/09/2022,-0.0995969896648784,-0.21374124537853367,-0.7249346588643861
09/10/2022,-0.12620160918859125,-0.16335402660659012,-0.71628065036919
09/11/2022,-0.1482928828072208,-0.08600958384451055,-0.686354393757108
09/12/2022,-0.14258748529886112,-0.096607947288008,-0.6899443889352652
09/13/2022,-0.14550941131353784,-0.20234273623375287,-0.6872927225335422
09/14/2022,-0.14390500443309212,-0.2559432208277475,-0.6915723538580489
09/15/2022,-0.10133001910775674,-0.2639829617620033,-0.6896082542073126
09/16/2022,-0.09103236322090069,-0.23585232383670854,-0.7031898582315942
09/17/2022,-0.07281062565335122,-0.20080944169367854,-0.7133301795086634
09/18/2022,-0.028079139624966276,-0.16043904655268748,-0.7060544288966722
09/19/2022,0.004951398549764119,-0.22298463984846623,-0.7264137490507027
09/20/2022,0.003982913944615363,-0.2743211472057656,-0.7484581250934962
09/21/2022,-0.02626382255871912,-0.2745827344296054,-0.7661717435735897
09/22/2022,-0.06676004568922056,-0.33510215705581886,-0.8139531490775289
09/23/2022,-0.15285788318117943,-0.44204377029145936,-0.8633320466432304
09/24/2022,-0.2701827181200609,-0.5155387412673482,-0.9296627005871266
09/25/2022,-0.35035221477453915,-0.5088333594041705,-1.0131803727576874
09/26/2022,-0.39032283167230475,-0.5364350098323762,-1.1189256233245841
09/27/2022,-0.3931656617815078,-0.5884899278930785,-1.1941485096878504
09/28/2022,-0.29934738888496404,-0.5912054440189488,-1.3125516835756024
09/29/2022,-0.11148202993675083,-0.8908272153304254,-1.6749883453481795
09/30/2022,-0.07562469361510915,-1.4567556432764261,-1.781007608205985
10/01/2022,-0.30283237795960294,-1.5137727917044441,-1.7245128715399853
10/02/2022,-0.5557699310067501,-1.450053901908848,-1.6710940678999904
10/03/2022,-0.7289860385560031,-1.405872260185418,-1.6639976243091015
10/04/2022,-0.8629385130639149,-1.3137878030632737,-1.6287601630759407
10/05/2022,-0.9635775237834403,-1.204338358103714,-1.5210360024797824
10/06/2022,-1.0055851170521386,-1.074770829871491,-1.3616607887938637
10/07/2022,-1.0267141794421695,-0.9496949098743671,-1.2113019306722659
10/08/2022,-1.050145607711582,-0.8486264729523046,-1.0411478046483704
10/09/2022,-1.0201806228567019,-0.7692345450061226,-0.8990266413680819
10/10/2022,-0.8976812427991931,-0.6789237138510281,-0.7763447694125508
10/11/2022,-0.758068641816017,-0.5571756765695356,-0.6831813614549112
10/12/2022,-0.6681649558851781,-0.40659561878391015,-0.5990120732056141
10/13/2022,-0.6583440032431163,-0.31713049824271533,-0.5446960446616415
10/14/2022,-0.6320014347643159,-0.35663416184362307,-0.5648434749618094
10/15/2022,-0.6003157837875868,-0.38878144076415055,-0.5913335208741122
10/16/2022,-0.618934211534139,-0.35539439694035335,-0.6045973712703641
10/17/2022,-0.6599500243257146,-0.3176854389503384,-0.6025688363289461
10/18/2022,-0.6961665573127256,-0.37101828840039497,-0.6578618629390373
10/19/2022,-0.6459981816295008,-0.5934905008994908,-0.8159999839661094
10/20/2022,-0.6313335586236772,-0.7997037316101459,-0.9211506688438753
10/21/2022,-0.7689711465867319,-0.8573297235676762,-0.9449121561152636
10/22/2022,-0.8944390444028738,-0.8845616875399231,-0.9652119507205315
10/23/2022,-0.9562222282430597,-0.8178716835970501,-0.9387364717284756
10/24/2022,-0.9440866197734075,-0.6861271389987329,-0.9038119355341858
10/25/2022,-0.9154385670701599,-0.5505729331950839,-0.8621046923154658
10/26/2022,-0.9010687927620697,-0.48094675211911664,-0.8481488929192371
10/27/2022,-0.732919298905701,-0.49804152123507395,-0.8743407835948149
10/28/2022,-0.5660883147166997,-0.47327969224202837,-0.8775875026022237
10/29/2022,-0.47753890770548235,-0.36761524706601656,-0.8387458444580727
10/30/2022,-0.4743989176545522,-0.25147750708551087,-0.76713466163601
10/31/2022,-0.4105672379098888,-0.2403022425254715,-0.7214509332241918
11/01/2022,-0.28563870373119493,-0.255934882918476,-0.7003485378319858
11/02/2022,-0.16708164556728322,-0.21008736215409307,-0.6561108704335514
11/03/2022,-0.14928547038541828,-0.14668190728573172,-0.5981873988682196
11/04/2022,-0.1410314677965816,-0.10308521099975554,-0.5610647590424938
11/05/2022,-0.10361481219552293,-0.08181403010606236,-0.5158981360112955
11/06/2022,-0.07112807671415533,-0.0751144025746393,-0.4550432644838125
11/07/2022,-0.060778949790476045,-0.047966052565739714,-0.42526356975456725
11/08/2022,0.0055170296586002365,-0.047511636510686905,-0.424464945452824
11/09/2022,0.096817990984575,-0.11649832343294153,-0.4486404741008485
11/10/2022,0.1794775778915041,-0.25959035152003307,-0.4976515062098066
11/11/2022,0.15807369758499057,-0.5225200374660584,-0.36539393329825165
11/12/2022,-0.02288793887503293,-0.44444138894710483,-0.2729720586763653
11/13/2022,-0.14935205622421455,-0.32827704986168804,-0.2337569761114755
11/14/2022,-0.08120256915341506,-0.2415579786352271,-0.22343840279916738
11/15/2022,-0.053292757130089186,-0.1432857359188442,-0.15704814215375373
11/16/2022,-0.05717561034892715,-0.09805827375911247,-0.10264016753378313
11/17/2022,0.058953797836713395,-0.1971342439546968,-0.15375139247039638
11/18/2022,0.13969644631460176,-0.31885491880155215,-0.20248256928979513
11/19/2022,0.15969068790494179,-0.33310734162250655,-0.17577921335034463
11/20/2022,0.20220803887615135,-0.27652834445470087,-0.1505558402775602
11/21/2022,0.23419073973536908,-0.25970009484693724,-0.15219938653007659
11/22/2022,0.2339482792347667,-0.18069652557605642,-0.09315495190408885
11/23/2022,0.24007993617065093,-0.09857105517903408,-0.11043411908864575
11/24/2022,0.2763360537968129,-0.0912188394532828,-0.14946559353619926
11/25/2022,0.26191433152854415,-0.0738863812055407,-0.14993100460930986
11/26/2022,0.24605824390203845,-0.1533339147860605,-0.18359045044288202
11/27/2022,0.18376533904575676,-0.19590804283340546,-0.15930142966133864
11/28/2022,0.1447778079453339,-0.19188353367027122,-0.14883767406310544
11/29/2022,0.17930537187094941,-0.2041931061966592,-0.15327315926135276
11/30/2022,0.18703009958580075,-0.1588948305258281,-0.09372042432909877
12/01/2022,0.21465302386291374,-0.2206142074744406,-0.11153962254870509
12/02/2022,0.2833026934825441,-0.293856398877128,-0.10912196012767938
12/03/2022,0.24933991687827362,-0.23107352747326337,0.013266017110976858
12/04/2022,0.21622411948075393,-0.19846067614021368,0.0993178464881701
12/05/2022,0.2412192693990879,-0.18209077667145268,0.15053347444928677
12/06/2022,0.2625931402201247,-0.12670198669268473,0.21271150113658177
12/07/2022,0.26706334290403444,-0.05498674832161998,0.2884408212926536
12/08/2022,0.30092079281784934,0.007453388037230169,0.36141090706488965
12/09/2022,0.3413999567665075,0.07645986281457995,0.4425002452266066
12/10/2022,0.3799705101017876,0.166342231125155,0.48981481948415384
12/11/2022,0.4176604427899937,0.25506627594199127,0.5202580191713412
12/12/2022,0.43693863898001195,0.3326300879225318,0.5406945155992162
12/13/2022,0.5009556584809182,0.37011128006714006,0.5405430439744632
12/14/2022,0.5649593241276547,0.47446373760468236,0.5745083139804864
12/15/2022,0.5692804699173406,0.5962211109958411,0.6517296276115657
12/16/2022,0.6342151633420025,0.6026619697516351,0.5929384301701699
12/17/2022,0.702068077453678,0.5503512775165168,0.5279633113369432
12/18/2022,0.729328393229054,0.5251416675652263,0.5338547987615602
12/19/2022,0.7791073426429636,0.46963356327920314,0.49075667840560677
12/20/2022,0.7562820472818521,0.5460436317443333,0.5972482908974192
12/21/2022,0.715473512721232,0.7202624256317989,0.7038058805823315
12/22/2022,0.7665150983961921,0.7708707164346653,0.7025951625701743
12/23/2022,0.710603061276305,0.7621037571463758,0.7460510448643694
12/24/2022,0.6136012515571232,0.605619931140634,0.7004606827018268
12/25/2022,0.5480190062643825,0.4944870505565163,0.7480981637876042
12/26/2022,0.4844265953024306,0.5909887793424036,0.8993089229972553
12/27/2022,0.42471450619685497,0.7550966838901432,1.0539888409268494
12/28/2022,0.41743478466634565,0.8831417216337359,1.1444407323229688
12/29/2022,0.43518378112165834,0.9939477796616488,1.2389642605221685
12/30/2022,0.484764110297975,1.0981728198533454,1.3399794413754889
12/31/2022,0.5089073283438602,1.1930195910850645,1.42592455487454
01/01/2023,0.5130146727450523,1.1397255384183396,1.4113321331732633
01/02/2023,0.541626772763991,1.1148152711532742,1.431909591943597
01/03/2023,0.57023538757374,1.1516970145957175,1.49506372401666
01/04/2023,0.5672136011440773,1.2438388388823256,1.5665829607627277
01/05/2023,0.5961512563880674,1.249192892267526,1.5657829162877035
01/06/2023,0.6543642286172453,1.1537525441007292,1.5187492117291999
01/07/2023,0.6855024082593565,1.0735226562732127,1.5123975070080526
01/08/2023,0.6588525177025442,1.1047244045393168,1.5604162031794324
01/09/2023,0.6362045277733321,1.1565375232312753,1.5712934320849905
01/10/2023,0.658054734975038,1.1265187011630113,1.533774401607717
01/11/2023,0.6385089114054061,1.1132189138346544,1.52356043420182
01/12/2023,0.5914165813560213,1.1306321088798776,1.5100536124449926
01/13/2023,0.5209667461585263,1.1638817533537795,1.502922881813412
01/14/2023,0.5222875303834806,1.014206828464998,1.3627893524839811
01/15/2023,0.545386359636632,0.7924202622089442,1.2718064785854442
01/16/2023,0.5212084362444671,0.8354550891021237,1.3173806101961787
01/17/2023,0.49934685625486946,0.9959697070617808,1.3554151229988922
01/18/2023,0.5380800771434306,1.1254676548539955,1.3820576143690568
01/19/2023,0.6071896109444922,1.2128025570128005,1.4122534198702965
01/20/2023,0.678640618340718,1.2442821572975822,1.4249972839629816
01/21/2023,0.758759010822505,1.229173689552651,1.4344971882420603
01/22/2023,0.7691366797751515,1.2398094561525113,1.4647125921346127
01/23/2023,0.7581478518756817,1.193121626799953,1.46912527340757
01/24/2023,0.8031416090674508,1.0839433400445808,1.4097423911999925
01/25/2023,0.7915107689481979,1.1459464994966366,1.45033037556599
01/26/2023,0.7078713613346481,1.133244047034292,1.3879322220197945
01/27/2023,0.7095494712179224,0.8853961122929411,1.237922726525879
01/28/2023,0.691381369185533,0.7289166901125173,1.1817048830737344
01/29/2023,0.6505197493859438,0.7936264993221336,1.1698146242770413
01/30/2023,0.6167963516236199,0.880304820484992,1.1510193206716695
01/31/2023,0.6148816877521632,0.8784650197028476,1.0993815360580066
02/01/2023,0.6192340903653452,0.8562382674330093,1.0529590335042402
02/02/2023,0.6164501786347103,0.8340022377711771,1.0084494232102506
02/03/2023,0.5777554417929249,0.8161618129525212,0.9835892493105622
02/04/2023,0.5964589086437871,0.7307115131587548,0.907527730335349
02/05/2023,0.6271708288583746,0.7282946351070576,0.931959093056252
02/06/2023,0.6089613445526172,0.8415889718744787,0.9423041221680097
02/07/2023,0.642452590696264,0.8320794102023821,0.9231515841173266
02/08/2023,0.6822573483228567,0.9127502677383238,0.96120735894291
02/09/2023,0.7066273984575918,0.9841884174204365,0.9929857649746265
02/10/2023,0.7484628223921537,0.9774733471415662,0.9869809882983814
02/11/2023,0.7939705929102834,0.9469967621110111,0.9327927753499021
02/12/2023,0.7687024227096871,0.8033152086081303,0.8749996756919748
02/13/2023,0.7412597754638904,0.47830503203748964,0.775578578484533
02/14/2023,0.6748688148926969,0.3903969279754076,0.7855315586173505
02/15/2023,0.6031838582435811,0.4715773374593739,0.7913888401540314
02/16/2023,0.604703592883836,0.54501840561338,0.7528652196725678
02/17/2023,0.5980498516108228,0.607575448854984,0.7147410736474906
02/18/2023,0.5876538027654875,0.5504251874670469,0.6412373679081742
02/19/2023,0.6083052080639991,0.4788506366354438,0.6088368448256347
02/20/2023,0.5606121380089608,0.5074816078344331,0.604646522112453
02/21/2023,0.5086026180250451,0.4989324911051656,0.5895538131384102
02/22/2023,0.47936644544205986,0.5059807841663634,0.5834007297950177
02/23/2023,0.46199234743668605,0.5862615802145469,0.5850474410051356
02/24/2023,0.4517342028161563,0.6352075150367118,0.5578693820016668
02/25/2023,0.46755136615893844,0.6222479966111887,0.5276345014469446
02/26/2023,0.47525448557679106,0.6087137496229528,0.502062171510276
02/27/2023,0.47944972359856675,0.6096685576693707,0.4780917158843565
02/28/2023,0.4502735333001183,0.6454626736938291,0.4718601172465924
03/01/2023,0.439005154936951,0.6630768593265264,0.43459448625943153
03/02/2023,0.45700442609874625,0.6695039194296589,0.4141771013063079
03/03/2023,0.4732624133748331,0.7431492076430385,0.4003422195210523
03/04/2023,0.43986383710930754,0.7877941317898254,0.37088896176505237
03/05/2023,0.4891303873990074,0.706763334931298,0.2848135980877379
03/06/2023,0.5544396857823081,0.6105571321830223,0.24044543705275967
03/07/2023,0.5479893339805234,0.5573869306813446,0.22110856050991246
03/08/2023,0.5216306601666103,0.4922651582927272,0.19692483543322659
03/09/2023,0.5143510120089252,0.4542023089002373,0.16754534553520006
03/10/2023,0.5111282207248514,0.5071882543506436,0.17073343167419996
03/11/2023,0.5115737772053798,0.5445820158832883,0.12635029795517916
03/12/2023,0.5265175471243674,0.53004821798341,0.06725027368924552
03/13/2023,0.5258373443491082,0.5300179196652264,0.05512483419685277
03/14/2023,0.5891657231998708,0.5053865026192375,0.020167025371355396
03/15/2023,0.6592455025538796,0.44894020738765517,5.8710701044351055e-05
03/16/2023,0.6674212530247292,0.47464862395319674,0.02897003033215184
03/17/2023,0.6530092893422017,0.5888285406330597,0.08502759708518992
03/18/2023,0.6441107064847001,0.6950616077340123,0.09858047303276873
03/19/2023,0.7104452433533768,0.6196635970444266,0.05663679125058041
03/20/2023,0.7360521758875442,0.4502489068365579,0.0272485774309551
03/21/2023,0.706857972560527,0.3723023143594519,0.07744273561399906
03/22/2023,0.6365005504362723,0.46491399744856293,0.16385074445063197
03/23/2023,0.5910465255125373,0.5783874818298864,0.2126285435301044
03/24/2023,0.5927591939964417,0.6529292127248129,0.2330922667086444
03/25/2023,0.5916155684577398,0.7237542324874455,0.23173190300880492
03/26/2023,0.5882592386319473,0.7334724180442298,0.19763711319934918
03/27/2023,0.5871079823194346,0.6966772244486851,0.17033553969661508
03/28/2023,0.5874883837312561,0.6326546468592177,0.13071465276012834
03/29/2023,0.5900097674936153,0.5219923296896529,0.09486477223085266
03/30/2023,0.6056871922909597,0.438981161944859,0.07263739671641234
03/31/2023,0.5642305555660719,0.41472295441507473,0.07165865386597481
04/01/2023,0.5061063277688772,0.4554960940607311,0.09502123475028479
04/02/2023,0.47003059723326723,0.45272368051176454,0.06896336785626334
04/03/2023,0.46831224235541,0.3801198089093745,0.032350732544741134
04/04/2023,0.4548492461065502,0.32605662906873306,0.022490185404476837
04/05/2023,0.4528602555632453,0.2960039856220341,0.013238365109786987
04/06/2023,0.4482751510352041,0.2973911318792543,0.016019023822012868
04/07/2023,0.43522597752000225,0.31949487062856785,-0.0007499765428169436
04/08/2023,0.4319245305674,0.29956157186621096,-0.03890585329668217
04/09/2023,0.42750458826869775,0.23238908482159132,-0.08888162940514366
04/10/2023,0.4508601857233512,0.1525028128041479,-0.15389424081304642
04/11/2023,0.4526173915121058,0.1286531041107769,-0.19445787935133158
04/12/2023,0.45552016721942956,0.16979892481360442,-0.2017521733687651
04/13/2023,0.49418471114367957,0.3288811839094553,-0.21672140841992238
04/14/2023,0.5073772918455726,0.27715678761822005,-0.29129941438345586
04/15/2023,0.49578563281493193,0.21235385218256547,-0.3111905642705633
04/16/2023,0.45563892113688326,0.2011760627626718,-0.29929547688471053
04/17/2023,0.426889026952369,0.1391575192808462,-0.3056157349117316
04/18/2023,0.4160683328816578,0.037231569493036965,-0.39151260309552954
04/19/2023,0.3687040831423861,-0.02695894063518889,-0.363236790720488
04/20/2023,0.3008631288012067,0.060002752007410676,-0.30456890489645777
04/21/2023,0.25952531936660184,0.1327164843720412,-0.27331839756231585
04/22/2023,0.23511502423728492,0.1776686780906216,-0.2569352379903527
04/23/2023,0.25197301779077635,0.14883495477403214,-0.2788734256479423
04/24/2023,0.2773932531714309,0.11992983076963315,-0.2841021790658369
04/25/2023,0.30953649377200915,0.13688913821884197,-0.294668674057017
04/26/2023,0.31029282085332743,0.11810012942688192,-0.31745474574108745
04/27/2023,0.2814534485085788,0.07306925402929856,-0.3242202483805947
04/28/2023,0.23194678564868088,0.07588641044349342,-0.29831247351442103
04/29/2023,0.1817942218092724,0.06020738309047685,-0.30001392226051643
04/30/2023,0.08327696976010163,0.04903669850876349,-0.2736981113218767
05/01/2023,0.0064002987512769005,-0.113859038441016,-0.3527039741243085
05/02/2023,-0.09835052508787118,-0.22150373706795695,-0.3151452599478626
05/03/2023,-0.2007040752983439,-0.17866021234655177,-0.2791185069802519
05/04/2023,-0.2565769680160272,-0.1493713096451839,-0.2562456829967678
05/05/2023,-0.29610624737070934,-0.07536132597787826,-0.22641258975206674
05/06/2023,-0.33067548706099303,0.006148254769127531,-0.2053502026700712
05/07/2023,-0.3267702918169062,0.07129239859035391,-0.20567457024796681
05/08/2023,-0.3173974270178412,0.1474362998533164,-0.1820731973701703
05/09/2023,-0.3092493747884705,0.19143626910299813,-0.18144057103704975
05/10/2023,-0.2734737024211817,0.1770157375902696,-0.19722620284418113
05/11/2023,-0.24049342463165457,0.1812328994316105,-0.19215614364659744
05/12/2023,-0.2238683897979134,0.23855121079364786,-0.1625697953657701
05/13/2023,-0.18995671736634062,0.31151901452023956,-0.12149517848016789
05/14/2023,-0.15146456289470095,0.37969140478252666,-0.09024292636170805
05/15/2023,-0.13575877950045256,0.38853845497391665,-0.08719827772431693
05/16/2023,-0.14973743996424438,0.3917715673687261,-0.06279909207237089
05/17/2023,-0.1818824781990384,0.4252592532804405,-0.02995669221684505
05/18/2023,-0.20651784446940508,0.4597798417408604,-0.0036024960231781367
05/19/2023,-0.2141642466934398,0.5088387493618273,0.01629701259811167
05/20/2023,-0.20788114824651188,0.5456131569018758,0.024342334824110357
05/21/2023,-0.19827352709347795,0.5518320628616856,0.020766784837058794
05/22/2023,-0.19401911388824222,0.5556744298096996,0.01186335333694477
05/23/2023,-0.1952102483312106,0.5710939250573588,0.011559355101568691
05/24/2023,-0.18114680556798907,0.5920144440204668,0.017652385403269133
05/25/2023,-0.11965058284683944,0.6013041080150668,0.01728979487586535
05/26/2023,-0.03705171195269652,0.598964972159626,0.03538190982413397
05/27/2023,0.025714300879947083,0.5933153927368142,0.06252178645447343
05/28/2023,0.07214477136034991,0.5980454534334166,0.13218611458709378
05/29/2023,0.1045464310509977,0.6257741689014349,0.19745111107562158
05/30/2023,0.1086467980098964,0.6492031654828448,0.25430263584675306
05/31/2023,0.10746751327818943,0.7076817967394333,0.3146671012513364
06/01/2023,0.12406906880789331,0.8182205132117649,0.3639767755135724
06/02/2023,0.18668033835236109,0.8733043236079051,0.3873699509880426
06/03/2023,0.28050000533258423,0.8273492320704362,0.4334542899948783
06/04/2023,0.31255494173813236,0.7841901585856458,0.4708332508100417
06/05/2023,0.3070421845821186,0.7543941113607578,0.4766724758578344
06/06/2023,0.2967555346190323,0.7384808592185444,0.49942052747429017
06/07/2023,0.2833244555490932,0.7706277858330467,0.5186705299885838
06/08/2023,0.262939613724236,0.7903400125644797,0.5192441988422565
06/09/2023,0.257555405757828,0.7794839959810951,0.5251527283462731
06/10/2023,0.27259221241906617,0.7740972368532059,0.529564314056985
06/11/2023,0.2966744576472757,0.7571662313213735,0.5561947948188137
06/12/2023,0.3160032810866205,0.7631974756050051,0.5882485927383461
06/13/2023,0.3404940295186767,0.7834416844347485,0.6134569525507041
06/14/2023,0.35391656065448684,0.8223570556909623,0.6529738422264765
06/15/2023,0.33609037598715025,0.8667408036376127,0.6881519807927767
06/16/2023,0.3172112545929524,0.8788154467627487,0.7076186611737121
06/17/2023,0.31474515725431995,0.8384936111355923,0.6991166923725795
06/18/2023,0.29160964158860936,0.775093558292951,0.6955178921200622
06/19/2023,0.24877025728795604,0.7219320470065647,0.6799509264221747
06/20/2023,0.1853157872372298,0.6736655343543296,0.6898806562895273
06/21/2023,0.10973488031998696,0.6473653611015056,0.6965634236911935
06/22/2023,0.06362603961848612,0.6746631475828306,0.6877616765981592
06/23/2023,0.04083827445742405,0.6934014243071346,0.6551674418797838
06/24/2023,0.03843116887018405,0.6564334833238155,0.6363781030022002
06/25/2023,0.045179377655537256,0.6197200247261538,0.6113988780049976
06/26/2023,0.037714903351379114,0.5880145375614423,0.5815878988871384
06/27/2023,0.018798508562022975,0.5750893102557237,0.5658581001782279
06/28/2023,0.002090672495135837,0.570765751994728,0.5486737194162375
06/29/2023,0.014764067086489086,0.5479109555169992,0.5283437765609803
06/30/2023,0.044406138138028683,0.5300493923368248,0.5052409656583658
07/01/2023,0.08390217960293178,0.5297622042084796,0.48685300832700973
07/02/2023,0.1252021653461895,0.5467165793733306,0.47514911684145933
07/03/2023,0.1536174427617567,0.5801623408680235,0.464879803253895
07/04/2023,0.16939546170233227,0.5721529569696158,0.45177322690466737
07/05/2023,0.18243986598390133,0.5455463949100647,0.44391837020414715
07/06/2023,0.20251907330572821,0.5321722710103576,0.4280410357793013
07/07/2023,0.23333067050323492,0.5284115216248859,0.40646170562219885
07/08/2023,0.25842491042189036,0.5168606988418007,0.38901219879641413
07/09/2023,0.2568515769328798,0.5021352464641208,0.3700792601117019
07/10/2023,0.24088759456704345,0.5034155265603091,0.36094020157570506
07/11/2023,0.22808128510298337,0.5099690058088779,0.36486296364232007
07/12/2023,0.2329486182028469,0.5357416595063833,0.340232938967279
07/13/2023,0.243128107154848,0.5453533899258355,0.3044634402458333
07/14/2023,0.2494651713146529,0.541122370714171,0.26722308834311104
07/15/2023,0.25351091220525446,0.5309718469465845,0.22871561726069967
07/16/2023,0.24964273355143646,0.5376918495098104,0.19197735747818057
07/17/2023,0.22606510992797374,0.5217727256005098,0.1494470629772462
07/18/2023,0.2001529831277301,0.5178061707785505,0.10192299287222994
07/19/2023,0.17132601079042886,0.5470327740311005,0.049575202769701954
07/20/2023,0.15269573333262337,0.6065752520489631,0.0009360126026775051
07/21/2023,0.15510874543227904,0.6645047556473453,-0.0656251557532811
07/22/2023,0.1617893778456982,0.6901753580328336,-0.12133478005192222
07/23/2023,0.16676596308216263,0.7113233492529893,-0.15635698359172256
07/24/2023,0.1687134979792727,0.7176639769445632,-0.16586557121602008
07/25/2023,0.1784053878219547,0.7217838436052268,-0.16201304686235596
07/26/2023,0.18583027748695724,0.7306005367607651,-0.1544960290977292
07/27/2023,0.1896506170587957,0.7312470770349899,-0.13862401017859438
07/28/2023,0.19736000985319763,0.7357848960770821,-0.12339488341660265
07/29/2023,0.20122026424189893,0.7361480648715649,-0.12038582026405087
07/30/2023,0.2048993978118,0.7138428657934146,-0.1259853200616342
07/31/2023,0.19700312443182033,0.6675369361723518,-0.12842245914483025
08/01/2023,0.181440344673727,0.627785895023962,-0.1385826628478652
08/02/2023,0.13512862811077453,0.6175603887906479,-0.19986553402653506
08/03/2023,0.11684577097989762,0.5870909673159381,-0.22654523393672482
08/04/2023,0.07893355531799659,0.5666590380923455,-0.26258257733939105
08/05/2023,0.041785040706334986,0.5351930603072124,-0.32470955894124676
08/06/2023,0.006454044345673093,0.4946234361088748,-0.38174781621093534
08/07/2023,-0.02821256108354339,0.4992214994813083,-0.4250015469823517
08/08/2023,-0.05421966900590486,0.5188120044809792,-0.4569640074715779
08/09/2023,-0.06282321973360494,0.5422306667523082,-0.46778536270253457
08/10/2023,-0.06010640745154314,0.56060254521023,-0.4670699605551918
08/11/2023,-0.06259506693390171,0.5578864419076489,-0.4532896540003916
08/12/2023,-0.05435438151282161,0.5455819778186319,-0.43570815221202414
08/13/2023,-0.03523991678205869,0.523951209908377,-0.42156979968432806
08/14/2023,-0.01897451885063081,0.5083698300420585,-0.4267733145941587
08/15/2023,-0.024240119645235203,0.48584443969805347,-0.43843873967192015
08/16/2023,-0.06644321480646058,0.43022447824897536,-0.44102365792933496
08/17/2023,-0.09661107552279521,0.36948022566090677,-0.44482339241324187
08/18/2023,-0.11933225484506485,0.3066464460363781,-0.4552093630919329
08/19/2023,-0.13634686269377244,0.2574890688813233,-0.4673836971216521
08/20/2023,-0.1486917671470741,0.23230100831525144,-0.4729806406073232
08/21/2023,-0.10902498711812053,0.3360141478520826,-0.4564540029573726
08/22/2023,0.09575530269588192,0.44543899010753907,-0.45453425328945296
08/23/2023,0.28542640355666454,0.38119786534700584,-0.4399742310257718
08/24/2023,0.31268701282334393,0.3413017328338311,-0.4434653821434189
08/25/2023,0.3220885663970305,0.3349032682364259,-0.45808026367221544
08/26/2023,0.3512689756329257,0.2705590352457976,-0.4687555439368922
08/27/2023,0.34505360030358073,0.18781127497263445,-0.49572077982977436
08/28/2023,0.284302111757379,0.13944881764615558,-0.5211458986615383
08/29/2023,0.2566073187980665,0.10640198400752017,-0.5085909176155305
08/30/2023,0.2777953362530768,0.3381715525161014,-0.3245968377589328
08/31/2023,0.37711392961177553,0.5144927913276305,-0.5949719431597755
09/01/2023,0.45369384422941406,0.22481626680628666,-0.7295847720206565
09/02/2023,0.40674950716828984,-0.03175411922881374,-0.7603748997527489
09/03/2023,0.3266882354308618,-0.1912084722051253,-0.747216142179459
09/04/2023,0.24613444860482628,-0.23055066221107312,-0.7012157151254738
09/05/2023,0.21964473092525114,-0.1629620430328211,-0.6341172749282726
09/06/2023,0.22313470935199425,-0.05576277665729252,-0.5968764766853764
09/07/2023,0.2221529442655,-0.039350659183159685,-0.5936174630349739
09/08/2023,0.1621404301274798,-0.06302151385097968,-0.5893386026616765
09/09/2023,0.06352599577143858,-0.06203047700161825,-0.5674098693005172
09/10/2023,-0.0352479877928219,-0.055378704371967416,-0.5576926785091
09/11/2023,-0.10181618042308754,-0.06841942933634051,-0.553266728760034
09/12/2023,-0.1540949419887736,-0.09968318346291247,-0.5486726304942364
09/13/2023,-0.24907239546294352,-0.1642402680105306,-0.5331703841216863
09/14/2023,-0.3660101520629107,-0.2203016101917275,-0.5232885343821674
09/15/2023,-0.44897126459466163,-0.27264260074502955,-0.5108532942321257
09/16/2023,-0.5307569811544255,-0.2966356392730476,-0.4953540505116594
09/17/2023,-0.6254866179117624,-0.305570413664757,-0.5002239870054449
09/18/2023,-0.7026750133681028,-0.31587818335499507,-0.5203593255445161
09/19/2023,-0.7357763196326629,-0.32366678881084016,-0.5584445993980113
09/20/2023,-0.7521866655801114,-0.2540337377673769,-0.5634472612292111
09/21/2023,-0.7840133024403011,-0.17393379214554167,-0.5893985339742289
09/22/2023,-0.7769950816585147,-0.22970007803049058,-0.6490503564252725
09/23/2023,-0.7510434802783538,-0.31910953421968136,-0.6827238822625405
09/24/2023,-0.7625779451918144,-0.36716853862297594,-0.6755436484479419
09/25/2023,-0.7686640376033017,-0.32728420836165645,-0.6570614321869528
09/26/2023,-0.7493260425608145,-0.2504098592727595,-0.6572008120506097
09/27/2023,-0.6818748079802524,-0.2666002001039264,-0.6959943060322731
09/28/2023,-0.590588007609522,-0.3379678298632941,-0.7243925373443362
09/29/2023,-0.4655348863737764,-0.3383376924722584,-0.731083582327422
09/30/2023,-0.3201075256864042,-0.31493917036204977,-0.6956915656646663
10/01/2023,-0.1762759138861114,-0.25419362598522055,-0.6760747932558783
10/02/2023,-0.010032609339897913,-0.22847657792205522,-0.6935075826133008
10/03/2023,0.13548558690497592,-0.2547006530733972,-0.6846784464640913
10/04/2023,0.17786209873836412,-0.2706478440293866,-0.5948317111921522
10/05/2023,0.1574323894309464,-0.18644447269474385,-0.49860036375527295
10/06/2023,0.10693691769334635,-0.11402697097977699,-0.43155597129559187
10/07/2023,0.09941800075295171,-0.1490443696536411,-0.3986185009828478
10/08/2023,0.1539028997378784,-0.2706234761959688,-0.39133078033889634
10/09/2023,0.10308836627025042,-0.3602420847288863,-0.38399140596381587
10/10/2023,-0.03726893220145877,-0.3587062066112886,-0.3358447724677992
10/11/2023,-0.10261480693808522,-0.27845946681222256,-0.28539210217082234
10/12/2023,-0.04785270541986719,-0.018096095390326195,-0.1645430247018993
10/13/2023,-0.019083844360054725,-0.005932906017481199,-0.18454799133356647
10/14/2023,0.0272659526991319,-0.17744123349877627,-0.2721151050276067
10/15/2023,-0.06133874073581391,-0.3869562762791843,-0.3120422219003378
10/16/2023,-0.19783468422644646,-0.655617217928237,-0.3826067775890236
10/17/2023,-0.28929350718566615,-0.8845160207890964,-0.4559128763600746
10/18/2023,-0.4574177974766087,-0.9004825885764824,-0.42149152784822974
10/19/2023,-0.6399524005615151,-0.8103076888295098,-0.37186856335970586
10/20/2023,-0.7601688952247092,-0.6921876402795935,-0.3066315645730491
10/21/2023,-0.8658840214179684,-0.6131624041881516,-0.27216306630820086
10/22/2023,-0.9138799011222727,-0.5492864446229093,-0.25231500853614164
10/23/2023,-0.8879513754956101,-0.46485307617137184,-0.2200228243869271
10/24/2023,-0.8050725505872329,-0.358556124244481,-0.18292104082027505
10/25/2023,-0.713031147396576,-0.2559309057139878,-0.2817814941918648
10/26/2023,-0.5197512775051809,-0.049052814815787826,-0.25554821560917396
10/27/2023,-0.3376574983535878,0.11983511916648082,-0.2393386823651804
10/28/2023,-0.19448143605931123,0.2312733903569204,-0.24552722946427497
10/29/2023,-0.09160033523623934,0.34115810941082336,-0.22945963239584977
10/30/2023,-0.05480180900038967,0.46996248407442565,-0.2035652883113026
10/31/2023,-0.047091095495138235,0.5381095083028864,-0.22522625814399944
11/01/2023,0.032114759160648765,0.46496449464553,-0.2902135093147009
11/02/2023,0.16029286570459034,0.36892322983480064,-0.33564335131985645
11/03/2023,0.15451886460474307,0.443292095906614,-0.24375964121956173
11/04/2023,0.14474384335120605,0.5807327243230942,-0.16354196484272432
11/05/2023,0.2127185563525742,0.6174084861760434,-0.12565961346321775
11/06/2023,0.26523431214338933,0.6186709748179509,-0.08966365796765885
11/07/2023,0.2509260976355798,0.667618260146541,-0.02190666313082179
11/08/2023,0.2909920992059991,0.8051947612534756,0.33928933526151006
11/09/2023,0.3249578107232791,0.8661219781040483,0.4156247042221146
11/10/2023,0.39389587223203315,0.9310809263912769,0.4710706632066206
11/11/2023,0.43046041252858025,0.9582999137582608,0.46819026775353345
11/12/2023,0.4592829091235522,0.893550000379417,0.4009647423356677
11/13/2023,0.5503619910263695,0.7921338374103204,0.28910751229783593
11/14/2023,0.662367332830595,0.6953194370269113,0.18316964565735172
11/15/2023,0.6425520475607147,0.7073085872232245,0.09840725246859128
11/16/2023,0.6259210328417246,0.8228429444176182,0.02692855152566964
11/17/2023,0.6838713670433934,0.7159135444575175,-0.09575064238881392
11/18/2023,0.6208769812925643,0.47916037234941555,-0.20830623249458524
11/19/2023,0.4835385710239284,0.2197077120030977,-0.2978311970769194
11/20/2023,0.3406785254874376,0.11646854150572428,-0.2591493287153188
11/21/2023,0.1677899175430977,0.1738660630058042,-0.20278516683862136
11/22/2023,0.03834913805170359,0.22928802846862362,-0.13590746214601412
11/23/2023,0.04622776526723538,0.1560907560841741,-0.19020652976334906
11/24/2023,0.053613473843631354,0.02996566874350093,-0.2486618359350674
11/25/2023,0.03444599724671704,-0.04773360490379808,-0.2604352753351149
11/26/2023,0.04493005679578199,-0.08134718150190456,-0.243185160838298
11/27/2023,-0.01627568291072312,-0.10537961958710085,-0.24366400269303234
11/28/2023,-0.04302473684067931,-0.2991983720192549,-0.2736761595005561
11/29/2023,-0.0778009245842064,-0.38377771260063354,-0.27085817051916883
11/30/2023,-0.12033276668837467,-0.357896959671017,-0.243115207160002
12/01/2023,-0.1211371529701476,-0.21085035516682993,-0.16225394882757316
12/02/2023,-0.15427907109340488,-0.0478017761197046,-0.13461717385361172
12/03/2023,-0.14390294297008677,-0.0013303213843938178,-0.13927680297233858
12/04/2023,-0.09993776272723554,-0.027787740559868324,-0.18603170722714713
12/05/2023,-0.06334457034248431,-0.11421774469251533,-0.23324212191846128
12/06/2023,-0.043408953639411774,-0.2074240616347761,-0.24361758331485805
12/07/2023,-0.04776197992160636,-0.3169112620567194,-0.23754411082808546
12/08/2023,-0.10342374233501317,-0.20715871648000272,-0.1078450815272558
12/09/2023,-0.1587712856248492,0.0029246546370019777,-0.05184630994814776
12/10/2023,-0.15793674311195804,0.14160757281660197,-0.04935410871794099
12/11/2023,-0.13060151368213457,0.0898263378199422,-0.10807896377881476
12/12/2023,-0.06553163082718927,-0.07838945498359318,-0.21039851292822997
12/13/2023,-0.005406856266735427,-0.09442125810334429,-0.1387463479628539
12/14/2023,0.08779167306244617,0.02394452389926288,-0.042829954383820534
12/15/2023,0.2552081723958883,0.18792207521761678,0.055802297429341396
12/16/2023,0.3652311638974802,0.42384081050463446,0.2528416833020817
12/17/2023,0.3740284922563222,0.6303580813151809,0.39743398867160773
12/18/2023,0.39764716797543587,0.5274648166170519,0.15394763268824752
12/19/2023,0.398962522611332,0.2454241141718828,0.11221933032855724
12/20/2023,0.3552789105848701,0.25538521473316417,0.1759827978928895
12/21/2023,0.35349209886117816,0.3717506031237263,0.2789571686550243
12/22/2023,0.4120566736683257,0.48464378076359477,0.3578948631398631
12/23/2023,0.4672364499935313,0.5872257830883163,0.4250219502610084
12/24/2023,0.5140685266322245,0.6709759127213212,0.46812295153990713
12/25/2023,0.5378117894083868,0.793537307180047,0.5618562141715465
12/26/2023,0.5671865265716073,0.8446914374515482,0.5593942829204599
12/27/2023,0.6348047210157279,0.7034321053084214,0.45937642889940117
12/28/2023,0.6301726945660183,0.5581339956081431,0.4275744074148013
12/29/2023,0.5515671396789372,0.4393536668490151,0.4192772276011159
12/30/2023,0.4665326945414115,0.2754188619950738,0.37815805785080264
12/31/2023,0.3933673677727051,0.18329471172740913,0.3663158414874655
01/01/2024,0.3156915636630103,0.1344960839443914,0.3344701403317662
01/02/2024,0.26578443192361734,0.07908474637999963,0.3233891368482519
01/03/2024,0.25826841320981714,0.07048906653771285,0.30512814300842095
01/04/2024,0.19477215733518155,0.1376735319871934,0.3224116924419615
01/05/2024,0.20010089544579873,0.09509899291615605,0.231042977750556
01/06/2024,0.1569932234101063,0.1029914112141407,0.260724437064982
01/07/2024,0.11605041657951876,0.04749798634583906,0.20771857923937556
01/08/2024,0.15315707199445575,-0.10431250023338567,0.15922201504636757
01/09/2024,0.11350669079191383,0.048066373400100615,0.2556693505514375
01/10/2024,-0.04908466481611126,0.08616680210196764,0.21029964274073437
01/11/2024,-0.021158417279956154,-0.09251811655143127,0.08694379712135089
01/12/2024,0.027394362166990316,-0.14478594488679714,0.05009650860705603
01/13/2024,-0.05641017098948903,-0.2263227119154203,0.01645317159615499
01/14/2024,-0.044955022099986613,-0.4085836541616544,-0.09733780696052613
01/15/2024,-0.05105105652927672,-0.3979935699097527,-0.08469522151113178
01/16/2024,-0.14083903351490146,-0.3224134170050472,-0.11530600164573737
01/17/2024,-0.18666183025768152,-0.42207926492244635,-0.2160944416902909
01/18/2024,-0.17449393774497635,-0.5117875353388169,-0.27144151603790667
01/19/2024,-0.19781281210066048,-0.4511035270810895,-0.29536490306358243
01/20/2024,-0.20939676698466136,-0.4868344041739965,-0.37578205292215
01/21/2024,-0.19592111392346478,-0.5909697237645621,-0.4536103891908659
01/22/2024,-0.19001922398943777,-0.5835776387402742,-0.444811279562502
01/23/2024,-0.20443056400294995,-0.4626868794538508,-0.3920746865914002
01/24/2024,-0.1804658253541671,-0.34918661981459725,-0.37542664441392265
01/25/2024,-0.16740300449349932,-0.31643472503686865,-0.42337603612908115
01/26/2024,-0.16993238589379644,-0.3356846088276773,-0.5062223721004575
01/27/2024,-0.16583902603969136,-0.43522421375265286,-0.5824692439773267
01/28/2024,-0.2007359120805413,-0.5249291372617853,-0.6365326034060214
01/29/2024,-0.20838935809578873,-0.699815785938009,-0.7587420851511625
01/30/2024,-0.2080752857178716,-0.8942797868556257,-0.8050207850159046
01/31/2024,-0.2788966075289352,-0.8893028183529132,-0.7839671624318867
02/01/2024,-0.3516191292980516,-0.8814954819600542,-0.81630183005046
02/02/2024,-0.3676887318456472,-0.8555393942586791,-0.8073550629770176
02/03/2024,-0.37390894978145073,-0.7703919602113853,-0.8291127263221152
02/04/2024,-0.3933966987600027,-0.683655860860367,-0.8306831945151144
02/05/2024,-0.4637984013842178,-0.6102666991274335,-0.8602290881455565
02/06/2024,-0.46098370975344705,-0.6992025385831837,-0.978450114665635
02/07/2024,-0.38409423518663555,-0.898407404248847,-1.0837378259770472
02/08/2024,-0.37544196490305737,-0.878500352285383,-0.9667079596541983
02/09/2024,-0.39518927025046546,-0.6986178280164141,-0.8373390597771542
02/10/2024,-0.3614167860681359,-0.5539320261882235,-0.7239996151717841
02/11/2024,-0.30880491187641557,-0.39475787393742046,-0.6253667547129287
02/12/2024,-0.28091336968654435,-0.28409138781322435,-0.5650769904230474
02/13/2024,-0.2964347304848628,-0.27369636366403516,-0.49575606019031454
02/14/2024,-0.25621692053927037,-0.3398966035139743,-0.44553471583298776
02/15/2024,-0.22791416035102463,-0.3427535117913616,-0.3531137744678323
02/16/2024,-0.22869224247499265,-0.2869860515529954,-0.28937104143343384
02/17/2024,-0.2391607469851329,-0.22404534704976697,-0.2700806654215147
02/18/2024,-0.23490670064402142,-0.20015588649320293,-0.31646652750457455
02/19/2024,-0.22868626258974378,-0.2559363820545061,-0.38796377185293873
02/20/2024,-0.25686604992308903,-0.35279558402080435,-0.4288379008473241
02/21/2024,-0.2894034493402051,-0.3997185776453003,-0.4345721953776745
02/22/2024,-0.29752585776719176,-0.42057098411017046,-0.43479341779882824
02/23/2024,-0.30609488658067896,-0.36698564867526795,-0.41749221764019334
02/24/2024,-0.3187464894429747,-0.34327609906232714,-0.4512649527253877
02/25/2024,-0.29827679194586454,-0.4333825340050368,-0.5147021861983692
02/26/2024,-0.29737511329798827,-0.482583714542579,-0.495690488761009
02/27/2024,-0.3030866374372464,-0.4597311493363444,-0.46726641029519267
02/28/2024,-0.29890332249954954,-0.42062165746015334,-0.42976158155074984
02/29/2024,-0.2767528736974604,-0.42353528700762433,-0.43297056452520266
03/01/2024,-0.23290497991556225,-0.4650716976572399,-0.44454371891593414
03/02/2024,-0.25918807971960334,-0.4543391056180762,-0.4045740779974646
03/03/2024,-0.27416901297451046,-0.4433691767531529,-0.3820104054495541
03/04/2024,-0.26156825748002266,-0.44456355289682514,-0.37053008981516855
03/05/2024,-0.23908818126109355,-0.45134567875585985,-0.3613280567381557
03/06/2024,-0.2337310478671536,-0.45209573828386773,-0.3470113304460821
03/07/2024,-0.23059098444339998,-0.4856526523295671,-0.3649271004489477
03/08/2024,-0.21423992373864365,-0.5170595601377813,-0.4026741296027536
03/09/2024,-0.23668180940210493,-0.4994673349139991,-0.4217298524118973
03/10/2024,-0.27145289773429016,-0.526542229116607,-0.4670020957589909
03/11/2024,-0.25460719412900434,-0.654337481888211,-0.5544813210149839
03/12/2024,-0.26657551255738654,-0.7252443540840672,-0.563531030363276
03/13/2024,-0.30534985891442745,-0.6769394400750661,-0.5725975383326888
03/14/2024,-0.316716666922492,-0.6560043591295723,-0.6155562382486077
03/15/2024,-0.3137479290453893,-0.6322801300989075,-0.636554230616307
03/16/2024,-0.33308361284388166,-0.6054296548344612,-0.6362936491070177
03/17/2024,-0.34128607102307684,-0.5861908099657774,-0.6426212108823534
03/18/2024,-0.36137874225831346,-0.55224923645805,-0.6306786897088393
03/19/2024,-0.3460720336598826,-0.5604273749426041,-0.6486745169085048
03/20/2024,-0.32189829251875024,-0.5653620667222758,-0.6499616808196831
03/21/2024,-0.3363078715844613,-0.46439315625238203,-0.6178549713012619
03/22/2024,-0.32830436382057615,-0.36556468103961226,-0.5942909286926229
03/23/2024,-0.33750693029253875,-0.25154459385993044,-0.5727332257458084
03/24/2024,-0.31309370025022143,-0.32035095881486897,-0.6389771679666709
03/25/2024,-0.25540050111418255,-0.35270374958352374,-0.6444972597895277
03/26/2024,-0.2663519822456625,-0.16101316041528302,-0.5820416095135501
03/27/2024,-0.2601289761425063,-0.061526283958771466,-0.5557451940843214
03/28/2024,-0.2036294794983109,-0.027236338509623703,-0.5703809724485718
03/29/2024,-0.16798719892708824,-0.08037618297544963,-0.6469926665537186
03/30/2024,-0.15473933180147414,-0.1336918868655999,-0.5892325960687216
03/31/2024,-0.1586881105036776,-0.026332203813186572,-0.4881130933436524
04/01/2024,-0.1281719489865103,0.1147044122042345,-0.42066447899118087
04/02/2024,-0.06770155173333192,0.22284568617393036,-0.3890232211222487
04/03/2024,-0.026029052156951393,0.25394174263242647,-0.38230937221386635
04/04/2024,-0.007170621899436513,0.16348182731092964,-0.4089577471590628
04/05/2024,0.0003834773106023981,-0.007768905748148092,-0.4302071507742741
04/06/2024,-0.019887233084787237,-0.12219432101002003,-0.40452518346014066
04/07/2024,-0.03197922140990195,-0.15155638592931903,-0.3883864559984176
04/08/2024,-0.046606167470030324,-0.1302174448434134,-0.3566029779192589
04/09/2024,-0.06659068716104488,-0.022053505852749344,-0.28481054040987647
04/10/2024,-0.07649568837428034,0.13481286577887108,-0.2331036136455133
04/11/2024,-0.10133378376044866,0.24380278624600654,-0.21035430416129014
04/12/2024,-0.13335313434581242,0.16597227860426111,-0.2937823025331071
04/13/2024,-0.1252646608504397,-0.04352796732308406,-0.3426497754113206
04/14/2024,-0.13520014847251427,-0.10848010436048766,-0.2940339572388975
04/15/2024,-0.15658297077821487,-0.026501839164401575,-0.22163254942565508
04/16/2024,-0.1565326737065978,0.06599240858291766,-0.18431412856873902
04/17/2024,-0.13984978440024742,0.12761854187015143,-0.13176698671362347
04/18/2024,-0.11763788585712154,0.1689813830846072,-0.10479404130863224
04/19/2024,-0.08998869410862032,0.14919611157057555,-0.10801836215454746
04/20/2024,-0.07655783515715409,0.10476914741815135,-0.10642582041108878
04/21/2024,-0.081692135281212,0.08363665766310913,-0.10679782465854043
04/22/2024,-0.08798301124759972,0.04472116897155315,-0.14078987507505197
04/23/2024,-0.07708333133064965,-0.0225752710763224,-0.21537453556482355
04/24/2024,-0.11714335301582895,-0.022758646362528223,-0.20437878305468526
04/25/2024,-0.146458401385814,0.027271099229011664,-0.24213242615834862
04/26/2024,-0.1343898556783215,0.04191505147949151,-0.28632756951104454
04/27/2024,-0.09924291504946592,0.08648927955052199,-0.29054373937798006
04/28/2024,-0.037814562191550105,0.202799414612775,-0.2448438615671102
04/29/2024,0.030922127598670135,0.3286558686091029,-0.1904755706463127
04/30/2024,0.08940962425302923,0.40531008514981204,-0.15081877361395096
05/01/2024,0.12503748706411483,0.4142654694440077,-0.15790032567355627
05/02/2024,0.15006143581630804,0.3457987862151945,-0.1660532158816625
05/03/2024,0.168253787567398,0.29520863917263784,-0.14482872616347592
05/04/2024,0.17604403721507766,0.29085677899427,-0.10709407280542854
05/05/2024,0.189565511605562,0.296773465101983,-0.08005965418546446
05/06/2024,0.2162297465496794,0.30572479787688306,-0.05626156701975177
05/07/2024,0.23981687195399465,0.30571000102381707,-0.04898954943467032
05/08/2024,0.24998186977303527,0.2792945649830304,-0.06402881931688392
05/09/2024,0.25040772565002106,0.2274903126593796,-0.07859995950855847
05/10/2024,0.2310273211146172,0.19009766676248044,-0.11737344933511368
05/11/2024,0.21260035975521158,0.08037800308146295,-0.1864314040521693
05/12/2024,0.21326390689916724,-0.052598907993598454,-0.259747971529138
05/13/2024,0.19449224000735427,-0.11865951722215246,-0.2779926130880249
05/14/2024,0.13369815853616995,-0.1029491933505488,-0.26926783938694293
05/15/2024,0.08233215491495849,-0.0906535369121664,-0.2910139790402544
05/16/2024,0.07907689615576624,-0.11922402891013578,-0.33488406501660517
05/17/2024,0.09281676476021633,-0.1488543161500829,-0.3746466852467602
05/18/2024,0.07109774816981884,-0.15140947431674104,-0.36437741223557385
05/19/2024,0.06149951873839982,-0.16160450607886284,-0.3577434176420892
05/20/2024,0.06497155750940448,-0.21168885910433408,-0.3642768639671156
05/21/2024,0.06263155137073506,-0.24561581191201134,-0.3783395415470039
05/22/2024,0.05267287793593001,-0.2572715631729825,-0.3767006210017554
05/23/2024,0.04713223910636993,-0.24301086116043416,-0.35808105369608717
05/24/2024,0.05023631315940397,-0.22154479631704146,-0.3470057309057061
05/25/2024,0.04738497180248946,-0.23075883195152286,-0.3273362497799232
05/26/2024,0.04744165230989206,-0.24936376084522754,-0.2986136508899672
05/27/2024,0.03723905091797908,-0.2340093834945888,-0.23551454038754
05/28/2024,0.016587535560229516,-0.20710418336086717,-0.17486514764595734
05/29/2024,0.0315135492555354,-0.212742371555532,-0.15434660577868353
05/30/2024,0.03942504749672254,-0.22425866834812716,-0.1456495863211929
05/31/2024,0.04653509436914599,-0.2029754503319,-0.11981963695094516
06/01/2024,0.04421548587586421,-0.10727005059868486,-0.07257582789928474
06/02/2024,0.0550716190211028,-0.004943939883726628,-0.011191840382845097
06/03/2024,0.10304783480827329,0.025385557381235463,-0.010811355672075473
06/04/2024,0.1525386124515321,0.030723580842282244,-0.030205972402979342
06/05/2024,0.1846441394199992,0.022367292944231676,-0.04285225030291656
06/06/2024,0.1824563818934532,-0.018683698720102532,-0.04614599733418878
06/07/2024,0.15221804657859017,-0.0799162474593284,-0.053955935982580916
06/08/2024,0.14938831351867132,-0.15083075295240247,-0.08208263016288447
06/09/2024,0.1408379947755941,-0.20802922154814749,-0.11617190158472684
06/10/2024,0.11774598919517637,-0.26228581739671675,-0.15232273712091277
06/11/2024,0.08714632940302064,-0.2907104547001831,-0.15185107728535696
06/12/2024,0.061261864157845514,-0.2354833144693897,-0.18890851086919208
06/13/2024,0.06741322169727282,-0.2328646237828247,-0.2565587898278884
06/14/2024,0.09141383965754363,-0.24756858549296074,-0.2932873924320823
06/15/2024,0.11773439628880755,-0.25048773450149425,-0.3196848430463206
06/16/2024,0.15468227291018433,-0.20030039068127548,-0.26923777228971824
06/17/2024,0.1924207417222077,-0.12786498007668223,-0.18172158195197574
06/18/2024,0.290096847704221,0.04303362311003772,-0.10093798680995081
06/19/2024,0.5061455158813932,0.29622410257309023,-0.02371578049852452
06/20/2024,0.7845615623323352,0.44873526711910716,-0.03286960883666801
06/21/2024,0.950930554527981,0.411128419158779,-0.05265935835135027
06/22/2024,0.9853315503302682,0.3153108686741547,-0.060504476720786404
06/23/2024,0.9463107079672403,0.240629800746194,-0.0636741411834878
06/24/2024,0.8347625155499162,0.18635511985498815,-0.10848961622630815
06/25/2024,0.7197715968052203,0.1142741291119162,-0.16309256034987873
06/26/2024,0.6010587681335853,0.0032052507890797943,-0.1912685548313009
06/27/2024,0.47067922003121143,-0.08726188680594005,-0.1893906394106698
06/28/2024,0.3287257691218815,-0.10615799662960823,-0.1733126142127085
06/29/2024,0.2216792196440302,-0.05999463351348089,-0.16496183300167333
06/30/2024,0.18444779373998266,-0.023981265705900534,-0.1558918354636245
07/01/2024,0.18623574274246263,-0.020606173982867126,-0.16135187424478825
07/02/2024,0.17308813958236868,-0.0035958408776558537,-0.18969394784759275
07/03/2024,0.16968217304038474,0.0036152762849381848,-0.23796855924461313
07/04/2024,0.16265155225115474,-0.06223712008262505,-0.27774700426277943
07/05/2024,0.15954193854981996,-0.12423546468566538,-0.29956958981511084
07/06/2024,0.15629548452964598,-0.1981112784749734,-0.3303506690145712
07/07/2024,0.1778134595792123,-0.2534828054584972,-0.35947509579092785
07/08/2024,0.23179934998050772,-0.2873486918884435,-0.36660055149317083
07/09/2024,0.1176781560183553,-0.2894942355829388,-0.371089191748595
07/10/2024,0.020112916375089662,-0.3494478547324078,-0.32228246171052544
07/11/2024,-0.046808969958654856,-0.32662241709012835,-0.2364526662820733
07/12/2024,-0.07534490898512758,-0.280444668144631,-0.1562603095660573
07/13/2024,-0.09414823625097762,-0.23360611053088487,-0.08482575572405171
07/14/2024,-0.11865208173231723,-0.1848646306387764,0.00731500574051136
07/15/2024,-0.12690402988205535,-0.12232578987515214,0.11438353319636063
07/16/2024,-0.1160047168292298,-0.09518571905785406,0.18075309988821897
07/17/2024,-0.09214453445623805,-0.10533929614432236,0.22032160271873835
07/18/2024,-0.08292314785463062,-0.12959080985962484,0.22894343414497664
07/19/2024,-0.08390212477376585,-0.1782253061553593,0.2229600817971208
07/20/2024,-0.08935229490995478,-0.20709238110901856,0.20207156450137387
07/21/2024,-0.09602878175875268,-0.24450499101402373,0.17258264010777546
07/22/2024,-0.09195050002021488,-0.2938363486279379,0.15434104177735175
07/23/2024,-0.06763859784938442,-0.31847539897114463,0.1324277680167899
07/24/2024,-0.050198537674225996,-0.32203844595871445,0.1321976187921441
07/25/2024,-0.04366347694584494,-0.2977784181811312,0.12915110364129434
07/26/2024,-0.02764097975196811,-0.2583995296308748,0.10769390838655613
07/27/2024,-0.005034518841772806,-0.23817035252487834,0.09195149042361683
07/28/2024,-0.0024829788482899073,-0.22504947793973884,0.09479853209273892
07/29/2024,-0.00388252880100437,-0.2154681632738089,0.11418917233844883
07/30/2024,-0.005234019553270408,-0.22324132598220325,0.1474945081079388
07/31/2024,-0.017133367526040277,-0.2057977739011302,0.20814170972502472
08/01/2024,-0.01975266732351899,-0.13549316885564344,0.274415272702936
08/02/2024,-0.010906032426201306,-0.0887052258742031,0.32368883398739806
08/03/2024,-0.018022902971358806,-0.0421708257956947,0.37543633713128655
08/04/2024,-0.0372561949924039,0.08231374853785065,0.45656714435287493
08/05/2024,-0.013391170012952092,0.4127271251842337,0.25824615353294855
08/06/2024,0.09034149581844156,0.21779032958056993,-0.10209433247354915
08/07/2024,0.0644578743607534,-0.16206285621786737,-0.21386643326714755
08/08/2024,-0.07978829390145448,-0.38541783018119724,-0.2381020961096201
08/09/2024,-0.2157334642803381,-0.4871861817403237,-0.21725184233976205
08/10/2024,-0.3226008740056654,-0.4823046294528154,-0.18348933250220706
08/11/2024,-0.37859736324726107,-0.4577117311989321,-0.15775453474193474
08/12/2024,-0.4141559254250297,-0.44886661869067995,-0.12882268346278689
08/13/2024,-0.4574715360471061,-0.4325440456646594,-0.11507370187297736
08/14/2024,-0.4819574418727054,-0.4321001400726956,-0.12634009883452568
08/15/2024,-0.49804193910380196,-0.4524523306992131,-0.1691599058033435
08/16/2024,-0.5077461555810999,-0.45625195118281725,-0.23554010350663732
08/17/2024,-0.49816230722340893,-0.4419678795372521,-0.28986469366669126
08/18/2024,-0.4741539851165037,-0.4474227511633765,-0.34016094202061115
08/19/2024,-0.4711623549179612,-0.4846632008573184,-0.40852447257853247
08/20/2024,-0.5170160049336998,-0.5630070183780256,-0.4855029771545537
08/21/2024,-0.5706141933270736,-0.6243153129127113,-0.5785706654329068
08/22/2024,-0.6183833510017626,-0.6634479395512374,-0.6487867105978783
08/23/2024,-0.6621516719548192,-0.6489397425558638,-0.6973305462730295
08/24/2024,-0.6646665622221565,-0.623455568775469,-0.7220443205954048
08/25/2024,-0.6101205803603174,-0.6392143347255568,-0.7447265979006574
08/26/2024,-0.5794716140296842,-0.635903773722838,-0.7874815638149996
08/27/2024,-0.5938079303295198,-0.612860669674553,-0.8353098350372874
08/28/2024,-0.6093308319571604,-0.6110369575342288,-0.8780764869489333
08/29/2024,-0.6032420614375567,-0.5853419285976517,-0.8815452804814583
08/30/2024,-0.567166697766071,-0.47840330996322433,-0.8660703014359454
08/31/2024,-0.5249172309793717,-0.39127215812242194,-0.8714489034234154
09/01/2024,-0.48083025184682815,-0.3765804684055061,-0.9078749685418983
09/02/2024,-0.4525951047169303,-0.3640460659172602,-0.9480011937089416
09/03/2024,-0.41893117562936544,-0.3038533484119097,-0.9887425162131532
09/04/2024,-0.36691376806675047,-0.20917010589363103,-1.0236292352217304
09/05/2024,-0.30669265498691595,-0.15122674492491556,-1.024683084950662
09/06/2024,-0.25934036501813906,-0.1093185927008656,-0.9798180255720651
09/07/2024,-0.21624047050190454,-0.07123936107819087,-0.9467622751130127
09/08/2024,-0.11087584629423508,-0.05116602067075028,-0.9377202752768328
09/09/2024,-0.018560579033824465,0.01690836979880987,-0.9241145688831135
09/10/2024,0.021597432059293042,0.09302819681671146,-0.9445903838227473
09/11/2024,0.10520705030584687,0.10845485562021887,-0.9705005121189301
09/12/2024,0.04528401432805634,0.08334512442711528,-0.9602686505296637
09/13/2024,-0.206672874224976,-0.008247513483612023,-0.9424758675331257
09/14/2024,-0.30039183700271777,-0.12279782123147553,-0.9208000467455245
09/15/2024,-0.33425148810128746,-0.20950978761976072,-0.9232356439262989
09/16/2024,-0.37081657869402324,-0.2688592019357188,-0.9183521549217527
09/17/2024,-0.4041939135266746,-0.239091808934232,-0.882784239653771
09/18/2024,-0.38934978390420116,-0.20715403466345722,-0.8149436168987408
09/19/2024,-0.33873482452089065,-0.17192648544546182,-0.734203438482805
09/20/2024,-0.28025532550447446,-0.17314722582336523,-0.6893446278666526
09/21/2024,-0.21709555740583286,-0.18800708294972496,-0.6420194225976685
09/22/2024,-0.15788372422190966,-0.1656897293136982,-0.5770272211086658
09/23/2024,-0.11251877390786857,-0.1468153450282612,-0.5189052904710999
09/24/2024,-0.06134467691074674,-0.1331323661796437,-0.451824663304506
09/25/2024,-0.04136382586099174,-0.06558602372444122,-0.3648888774994375
09/26/2024,-0.00023094672693901863,0.11579755908328371,-0.10877515220899969
09/27/2024,0.13136813110172363,0.6925985032781922,0.10244166124491716
09/28/2024,0.28921901522450855,0.6076933383410114,-0.3497602584295232
09/29/2024,0.27057402651526863,0.3679118610741793,-0.4780701959538147
09/30/2024,0.16504288268099,0.1418202326234551,-0.5048156701752081
10/01/2024,0.12469333182789955,-0.036958047126663285,-0.5087123010534149
10/02/2024,0.12340670265304132,-0.14860682116726076,-0.5416177566027124
10/03/2024,0.16740911960463634,-0.2587195996549235,-0.5789364614942893
10/04/2024,0.1530024020791052,-0.30661196330821583,-0.588949697550696
10/05/2024,0.09714011173464954,-0.2863045742645922,-0.5929296317360597
10/06/2024,0.15572156229156797,-0.2526427317410055,-0.6264584622039517
10/07/2024,0.2728685781887732,-0.17449902404270323,-0.7096751387912217
10/08/2024,0.41031400272284313,-0.16014543067480047,-0.8940607401338174
10/09/2024,0.45915854920887744,-0.2889652480858488,-0.9584654768001085
10/10/2024,0.4574542085406179,-0.23619097983901594,-1.0407164355547684
10/11/2024,0.4411801159294164,-0.5910497559499954,-1.2367211237497138
10/12/2024,0.3132458639697575,-0.6365985212048636,-1.149333966298851
10/13/2024,0.16059722320708048,-0.5084945309196951,-0.9758804531269203
10/14/2024,0.047524049992502926,-0.35228738257921166,-0.8210282884662587
10/15/2024,-0.050701985313775566,-0.2651935751770992,-0.6651992880449937
10/16/2024,-0.10663907925344196,-0.17845542070759646,-0.5149130616427413
10/17/2024,0.14763418938857242,-0.1780039992537561,-0.47291151794335307
10/18/2024,0.2828084681803493,-0.20332470303838246,-0.3078837305554398
10/19/2024,0.3253386593959564,-0.06255701395365953,-0.09946928417679146
10/20/2024,0.4485964943467067,0.0772359030765386,0.0325080276814107
10/21/2024,0.517945443676125,0.09046663842392477,0.049079502230730876
10/22/2024,0.4744685228980259,0.07756049436124468,0.06736017561463448
10/23/2024,0.3721999751054532,0.07979417327975336,0.10183078385122046
10/24/2024,0.3021762892762483,0.09069722271752734,0.15357398589887694
10/25/2024,0.2747749509309916,0.138592287383684,0.21184734758482215
10/26/2024,0.2682467872481684,0.22528370258715524,0.270144973945718
10/27/2024,0.3125961476033383,0.2825366024638165,0.3019096245847781
10/28/2024,0.3631770986822014,0.3158808998232059,0.3421505591767282
10/29/2024,0.42707848261072634,0.40876062907994637,0.36510441419011785
10/30/2024,0.5620771068591697,0.4755357736456194,0.3828494793643371
10/31/2024,0.6735758826787792,0.5720039159237569,0.4131777261683347
11/01/2024,0.7127359866638794,0.6368116662084287,0.4530073380010786
11/02/2024,0.7580345345711879,0.6182899402543856,0.4407072171948414
11/03/2024,0.8314530709593753,0.6101136807352949,0.43820422264768144
11/04/2024,0.8886929360954212,0.6384477166725702,0.4522064819984619
11/05/2024,0.9744761875996892,0.6577345338783742,0.496836441834116
11/06/2024,0.9830686590307978,0.6771864064570654,0.559072655049639
11/07/2024,0.9675221680398796,0.6885073495585923,0.6147938841928227
11/08/2024,1.0030944142495306,0.8046507851531761,0.7519073947472279
11/09/2024,1.1327793418165053,0.8761474763531705,0.7119749217923996
11/10/2024,1.2616500144567357,0.8620279316214554,0.6668658360673612
11/11/2024,1.256857558324907,0.8524864862540584,0.6090228274626215
11/12/2024,1.2026947660422516,0.723355641340282,0.5046212637035803
11/13/2024,1.1697572646097714,0.6653162182619827,0.44299560327071386
11/14/2024,1.0701406675218532,0.6820488167838623,0.4106813049946587
11/15/2024,1.064119803551894,0.6077173538684082,0.3480896832709013
11/16/2024,1.1071706483345367,0.5132453188123411,0.22637592315437605
11/17/2024,1.0971265322448784,0.5075027305988264,0.2212713740341994
11/18/2024,1.0951813452781711,0.5744857357194684,0.2556098250026839
11/19/2024,1.0850062953820871,0.681531690256292,0.32277399893470893
11/20/2024,1.0425363432559085,0.7510436067446988,0.360454807437135
11/21/2024,1.0359839665407975,0.49765507257771824,0.17346091584251977
11/22/2024,0.9842852171576686,0.1208693566244946,0.034292049359829324
11/23/2024,0.7787572582557178,-0.09336799611996172,0.04499179718136026
11/24/2024,0.5954060523136562,-0.069511358741427,0.060087143620070727
11/25/2024,0.46829108131926556,0.0036782216281349145,0.03396370529674164
11/26/2024,0.374044237751211,0.08319557051935078,-0.0044120954341249075
11/27/2024,0.2874853621126181,0.15042730369389912,-0.03982050495420997
11/28/2024,0.18803858642844062,0.19104942149001347,-0.08254662106271105
11/29/2024,0.1328179047532314,0.1511264550012431,-0.1568303265455735
11/30/2024,0.24348063391702912,0.02686060399178558,-0.305754363310911
12/01/2024,0.27278654737029207,-0.0474376247219469,-0.3859060624946469
12/02/2024,0.20482019887098335,-0.08685591282937444,-0.4618136346859587
12/03/2024,0.17779397909414496,-0.18303310904822712,-0.4954327475982858
12/04/2024,0.19946952228565606,-0.22693678131763806,-0.5001587190975303
12/05/2024,0.09274313513020482,-0.15977075321681966,-0.4627257916976041
12/06/2024,-0.012848211107076568,-0.11833762695030603,-0.4772585060578679
12/07/2024,0.07663625918744643,-0.17081566454747288,-0.5633573634589273
12/08/2024,0.09108157081899526,-0.2120846749238373,-0.5734365767084361
12/09/2024,-0.019663592713826894,-0.15938063301139294,-0.5285616978459964
12/10/2024,-0.16159682940983888,-0.09065347819449432,-0.5153932019416193
12/11/2024,-0.28455567009823357,-0.08735524790266391,-0.5082920109143287
12/12/2024,-0.24736305841867867,-0.2917531043822616,-0.6933381145627737
12/13/2024,-0.14355074638561915,-0.45604491267523967,-0.7309046599804686
12/14/2024,-0.08764978856232825,-0.36477504580142,-0.6288404985637578
12/15/2024,-0.06638572017407884,-0.2639070122901204,-0.5470064215323038
12/16/2024,-0.010767651278026369,-0.14568414909847383,-0.5076048905035119
12/17/2024,0.07037271459841365,-0.08306633306749545,-0.4799342342526526
12/18/2024,0.13193977878221919,0.004064231596597856,-0.42755215710942784
12/19/2024,0.1710042046033619,0.07709304298325131,-0.4244302510454284
12/20/2024,0.2358855559841616,0.0338534088539901,-0.43720483145740907
12/21/2024,0.2809247309546818,-0.0812974045141171,-0.43805803098960405
12/22/2024,0.3093793728909191,-0.1346368890609833,-0.43761148793296933
12/23/2024,0.292733353429194,-0.10899012604987834,-0.4131911619872962
12/24/2024,0.2751498126945219,-0.06524786865775523,-0.3922483940721285
12/25/2024,0.29055605153022424,-0.0033299085461703792,-0.3637628829677177
12/26/2024,0.2809443581853995,0.09513897965003658,-0.31933523696036564
12/27/2024,0.28422636133934753,0.1564734622659375,-0.31046049296057016
12/28/2024,0.3081484703767394,0.14496714747739095,-0.31777884877106105
12/29/2024,0.315883837151231,0.17357797851526438,-0.3045793119363524
12/30/2024,0.3194726120869945,0.2222923895610865,-0.35321781230492383
12/31/2024,0.18418298774156927,0.17132194590343208,-0.39601244946405423
01/01/2025,0.2736117832010315,0.04447739777971904,-0.4992592895922395
01/02/2025,0.3134333065181605,-0.046804330063620614,-0.5206279877632382
01/03/2025,0.2898265171967131,-0.06360222263553579,-0.48917248855975615
01/04/2025,0.23654089703834363,-0.02923048347083318,-0.47850370051580066
01/05/2025,0.20790117215074705,0.0004860600276645616,-0.4547086160021743
01/06/2025,0.08422221387022505,0.14181896541241856,-0.38762027932347215
01/07/2025,-8.492313831365284e-05,0.06226532900059249,-0.47154278203251543
01/08/2025,0.05073115115863905,-0.12556474945932738,-0.5494991367786247
01/09/2025,0.040057716347940364,-0.2631737214382674,-0.5427273448002892
01/10/2025,0.01259929394474471,-0.28578284318096775,-0.501714160553286
01/11/2025,-0.23532627147782392,-0.1928414016521134,-0.4185127001083364
01/12/2025,-0.291563863822756,-0.2598743755106893,-0.4546503077447984
01/13/2025,-0.2634642363008501,-0.2497645430890303,-0.3981922927022653
01/14/2025,-0.20201522899266336,-0.17511582859773395,-0.35823157858729154
01/15/2025,-0.0827107585456856,-0.21998417348227756,-0.3649579250205643
01/16/2025,-0.01898447886430854,-0.19523332469368418,-0.31600678364777857
01/17/2025,0.006411726916122518,-0.08827433102745769,-0.2732776648871921
01/18/2025,0.02343191109953624,-0.017672262261214766,-0.2732334772098921
01/19/2025,0.009384206807305229,-0.026686716532328125,-0.3031329128351069
01/20/2025,0.039530202421757754,-0.1436452708342708,-0.3608041210489527
01/21/2025,0.05943804751052173,-0.2526189852242397,-0.3802779428726864
01/22/2025,0.005449002077746734,-0.33175607847873967,-0.4127621750261786
01/23/2025,-0.0520748525779226,-0.4327997952613556,-0.4727081762287537
01/24/2025,-0.15295977232083224,-0.4594134034414113,-0.47751927697222957
01/25/2025,-0.2631485497207804,-0.42874258035553736,-0.5146681291391281
01/26/2025,-0.33415117578271336,-0.35576649743734606,-0.4947178594670565
01/27/2025,-0.3777272232475468,-0.2247586247380743,-0.49373806163075235
01/28/2025,-0.40837230081845155,-0.16606220964013563,-0.5151226251661501
01/29/2025,-0.40804271008802107,-0.1609555338024115,-0.5347992883111098
01/30/2025,-0.39823955035604897,-0.15096877361895322,-0.5284558205950018
01/31/2025,-0.39696777917827575,-0.09875690322394881,-0.4744114103355463
02/01/2025,-0.3872921414163607,-0.09560388173224238,-0.4573656790623776
02/02/2025,-0.3295846345794231,-0.18161100119910473,-0.47344520558638076
02/03/2025,-0.2917698213428632,-0.23070819274148957,-0.4600870556841232
02/04/2025,-0.2696184186940468,-0.21972775341347905,-0.4496451707544479
02/05/2025,-0.23091377652086886,-0.18408659692170115,-0.45806935463603565
02/06/2025,-0.19074442932626678,-0.13581315558429524,-0.488761287529685
02/07/2025,-0.1415219761044656,-0.09304596383505132,-0.5348857159994911
02/08/2025,-0.07435528133970948,-0.07855086088029062,-0.5644558337285099
02/09/2025,-0.010626947219225635,-0.06433249430845495,-0.5770806873000576
02/10/2025,0.05617453430850472,-0.06562592716292565,-0.6070512533185729
02/11/2025,0.1379522165439253,-0.08424970442898427,-0.6373245597047021
02/12/2025,0.21268750165167571,-0.08827274565034232,-0.6610128066110507
02/13/2025,0.24918663007463115,-0.03395432009431876,-0.7004056137182437
02/14/2025,0.29953638338154986,-0.04313629588049217,-0.7729162125687771
02/15/2025,0.35698558118765655,-0.11404851138440208,-0.830655710829358
02/16/2025,0.3184872267122989,-0.15475441929688216,-0.856684930799432
02/17/2025,0.24017138442519093,-0.2202646677961404,-0.9395952962976974
02/18/2025,0.1945417416445353,-0.304153018826435,-0.9847693448063464
02/19/2025,0.11330833902584525,-0.30625969142279585,-0.9926282997212013
02/20/2025,0.04773031267054617,-0.31541354144461375,-0.995755440138162
02/21/2025,0.04014807498207862,-0.41970551978113035,-1.0226556320946705
02/22/2025,0.03177748297412375,-0.43091407726056696,-0.9683492607290229
02/23/2025,-0.035289021197934645,-0.3338200046106917,-0.9144566467053556
02/24/2025,-0.1100252601524142,-0.23247524232939787,-0.8759503929143256
02/25/2025,-0.10575892386309749,-0.1262982506041468,-0.8823560642202384
02/26/2025,-0.06561518378445874,-0.18355244226957013,-0.9419154131023564
02/27/2025,-0.06395505024334003,-0.20949267619980338,-0.8866305829209231
02/28/2025,-0.10035762002843784,-0.15421321852424508,-0.843579531165215
03/01/2025,-0.10154005979162684,-0.12897618742064787,-0.7996456185438774
03/02/2025,-0.09406619376585712,-0.08941087026529482,-0.7542474666911295
03/03/2025,-0.05734577290234455,-0.06757341615349433,-0.7088574706906651
03/04/2025,-0.0535494996171475,0.015480263185031484,-0.6239490025356265
03/05/2025,-0.08873074204174447,0.1567637282908928,-0.5394197612235979
03/06/2025,-0.09274577640502957,0.11388062785930275,-0.5348319928730055
03/07/2025,-0.07364653653548203,0.0588114968808906,-0.4713758913835474
03/08/2025,-0.08777883969507005,0.049438806099647015,-0.42039905541590905
03/09/2025,-0.1182097786758669,-0.025182311086332843,-0.3938650652845821
03/10/2025,-0.12979696196417623,-0.15343174504230572,-0.4373297932295166
03/11/2025,-0.16992276238706483,-0.22502684705872278,-0.40387566387631857
03/12/2025,-0.24403089327212502,-0.16160765225536966,-0.3719571070297376
03/13/2025,-0.2968514397784807,-0.09966309303887066,-0.376784884665199
03/14/2025,-0.28831715299769045,-0.06106403387576709,-0.3820164378532792
03/15/2025,-0.3029478777583102,0.022700422868939585,-0.36150690394226315
03/16/2025,-0.30177695752866107,-0.05138959298379586,-0.4392298227769855
03/17/2025,-0.25500500992015684,-0.3131841489160808,-0.5439564844887532
03/18/2025,-0.28142414294196827,-0.40630573625923916,-0.4555925318536679
03/19/2025,-0.38385686243074324,-0.31478590826041913,-0.40110263352344544
03/20/2025,-0.4286178443348263,-0.3532926632448758,-0.44661533249558405
03/21/2025,-0.42243801813924675,-0.394225632390709,-0.4653151193035652
03/22/2025,-0.46663083757202817,-0.3079307963364651,-0.45449883612004427
03/23/2025,-0.5047846332606319,-0.24036296321370987,-0.4537369740181495
03/24/2025,-0.5071470181109609,-0.2263428274988163,-0.4825331378841799
03/25/2025,-0.4837265223924916,-0.2718931194131289,-0.517378387832887
03/26/2025,-0.48182257095349856,-0.32523876931544177,-0.5255591134373457
03/27/2025,-0.5038890445572403,-0.3419111235069835,-0.5183554670517632
03/28/2025,-0.5142083821139165,-0.31643405456476403,-0.4882950649289853
03/29/2025,-0.5069230842487011,-0.2044662674181974,-0.4320511308648103
03/30/2025,-0.5058255368441724,-0.09394939391943996,-0.39861274514687095
03/31/2025,-0.4845389429986092,-0.08354632544933477,-0.4410462244062635
04/01/2025,-0.47522140130968415,-0.1297150905911868,-0.4808760391209035
04/02/2025,-0.47095337744538446,-0.14149579305582488,-0.48371261208411154
04/03/2025,-0.4553666781463046,-0.09270575364988715,-0.45728817817749007
04/04/2025,-0.4292328920413778,-0.04077766575832115,-0.45501586034790814
04/05/2025,-0.38380671210477435,-0.011339561455207536,-0.4503873938886562
04/06/2025,-0.3668676415795251,0.03975690806347293,-0.4395511877027953
04/07/2025,-0.38442649235854587,0.0433615858797054,-0.46424986761198617
04/08/2025,-0.35492654446926175,-0.07004748521664356,-0.5204959116478982
04/09/2025,-0.31559353742177165,-0.269176194063158,-0.6092738245068609
04/10/2025,-0.34801023854156443,-0.4259187301268612,-0.6229537450987241
04/11/2025,-0.4339078415937797,-0.4498188185818587,-0.572782674875628
04/12/2025,-0.5037567533535492,-0.44850595017832356,-0.5704065626672317
04/13/2025,-0.5307603743002557,-0.4696631013551368,-0.6000193261711225
04/14/2025,-0.5708836800470953,-0.4427350013297683,-0.5897610087824069
04/15/2025,-0.6176108702322771,-0.3728224541728455,-0.6044714882613558
04/16/2025,-0.6369985386773691,-0.34463039756379205,-0.6744628620129218
04/17/2025,-0.6325959490518056,-0.36485892877540727,-0.738512311900126
04/18/2025,-0.6221442836050276,-0.35944692104903364,-0.7452114721591183
04/19/2025,-0.599913014636073,-0.3288130313781492,-0.7432942788031084
04/20/2025,-0.5458825135571006,-0.3060545318806913,-0.7060788407974152
04/21/2025,-0.4885667442334707,-0.26948440311768374,-0.6542609782114386
04/22/2025,-0.4489105665777441,-0.27474339259370684,-0.614351228029141
04/23/2025,-0.4133262138519545,-0.3009864335527484,-0.582255920473363
04/24/2025,-0.3888551293370291,-0.31720554604265094,-0.53758473503612
04/25/2025,-0.3758692398834946,-0.29775825344229356,-0.49846821249709006
04/26/2025,-0.36587564098392955,-0.2735326342198546,-0.46951319210523157
04/27/2025,-0.3421666800035047,-0.27136348602166005,-0.46979515736652644
04/28/2025,-0.32328121185993564,-0.2762912491161661,-0.48409682982179747
04/29/2025,-0.3098334037858742,-0.27393819717272544,-0.48248152472942757
04/30/2025,-0.2881014735782564,-0.26225197144055856,-0.4795958949233806
05/01/2025,-0.2520764069783933,-0.2617835805798331,-0.4572298699201182
05/02/2025,-0.2229097918336163,-0.25243872197459344,-0.43523459129654274
05/03/2025,-0.19366066894700074,-0.2647029057413804,-0.42938132682143676
05/04/2025,-0.17085452389324368,-0.30346155953397447,-0.4343346883515173
05/05/2025,-0.14935727666676668,-0.36053584025577634,-0.4657363426993772
05/06/2025,-0.13960213944883593,-0.3929542773804956,-0.4793920797690411
05/07/2025,-0.15640635072151432,-0.3725899909137696,-0.46630213973542084
05/08/2025,-0.18454794749938935,-0.3417239315721704,-0.45118613991953666
05/09/2025,-0.1949676590808297,-0.33876990426712517,-0.4535489024990678
05/10/2025,-0.2133468547310819,-0.3142178147945113,-0.45025750889780625
05/11/2025,-0.23752507161455183,-0.2575514457324185,-0.45531312290428433
05/12/2025,-0.24558280189619713,-0.19327685189946983,-0.4535784015269835
05/13/2025,-0.23980425168119407,-0.19046286623950714,-0.5000569806372512
05/14/2025,-0.20500821658846974,-0.24861966594192547,-0.5247436499381032
05/15/2025,-0.17927581652335067,-0.2571730103435003,-0.515481929006812
05/16/2025,-0.15490466579623763,-0.2522773658149746,-0.4986482093166449
05/17/2025,-0.12407887095706632,-0.24144894653691135,-0.4871377454322774
05/18/2025,-0.1080266577690227,-0.2236796288177104,-0.48654094804227305
05/19/2025,-0.08501693981197589,-0.2155290876384738,-0.48742839403878424
05/20/2025,-0.06880407682333128,-0.1909543331448979,-0.4771549416605067
05/21/2025,-0.08268430764223328,-0.15839843795261563,-0.4785639564393899
05/22/2025,-0.11099400156244987,-0.17642088755104182,-0.5164946748632893
05/23/2025,-0.12810157278058254,-0.19681946513756474,-0.5458139088377285
05/24/2025,-0.14957559750790655,-0.20839389242435105,-0.5746184314379381
05/25/2025,-0.17181288304852255,-0.20880814559251445,-0.602846039074108
05/26/2025,-0.19227920539567545,-0.18632943579686617,-0.6219385240831001
05/27/2025,-0.21416800670339275,-0.14560832000762686,-0.6453895208983855
05/28/2025,-0.2258923971746679,-0.11534347089831468,-0.6701529201329126
05/29/2025,-0.21022073214409864,-0.08685324595646021,-0.6804729541948804
05/30/2025,-0.19003564783562532,-0.053055706895439037,-0.6830578724522942
05/31/2025,-0.17149826037441868,-0.08164686751355824,-0.7029877727818474
06/01/2025,-0.14120181378205904,-0.11960637380527739,-0.7280955031729965
06/02/2025,-0.12356140910792057,-0.12891564950195086,-0.715776027433729
06/03/2025,-0.0933748016347663,-0.07786257234205904,-0.6793165679549016
06/04/2025,-0.045608028576896054,0.042687389582490715,-0.6381173815841701
06/05/2025,-0.002439273664294528,0.1347890509822113,-0.6029964557129948
06/06/2025,0.053045146630805784,0.16342507190089617,-0.5321414137233185
06/07/2025,0.09480162140553466,0.18077778774509393,-0.4317025797647204
06/08/2025,0.10755231426815193,0.20159061849978427,-0.2925188623271268
06/09/2025,0.1016777923978942,0.25561985952664945,-0.0994447219903602
06/10/2025,0.0922981772989141,0.3548428000524889,0.11246148415162832
06/11/2025,0.10877874104000335,0.4519173197179597,0.32500023547397455
06/12/2025,0.15987506284249303,0.5451016762513037,0.5248480343025332
06/13/2025,0.21051830744988798,0.6685546398248972,0.7204588070050855
06/14/2025,0.2630751520227689,0.785564454653529,0.8851299280170047
06/15/2025,0.34256719738292934,0.8545625915216075,1.0059183437985468
06/16/2025,0.41243610323755053,0.8880389449228383,1.0961375296581088
06/17/2025,0.454852493201395,0.9031232209873596,1.1653335657946742
06/18/2025,0.4784009144404584,0.9163004058188906,1.180001683533405
06/19/2025,0.499338657188994,0.8921673256457829,1.1394432387716962
06/20/2025,0.511317467931367,0.8224002808773341,1.0681854762152687
06/21/2025,0.49209360431835575,0.7384017167787735,0.9835282975786104
06/22/2025,0.477674780276678,0.6788680464115413,0.9129428044780908
06/23/2025,0.4736751175202507,0.6455989076708996,0.8614991778404403
06/24/2025,0.4794810724854356,0.6337007111468038,0.8392980146671745
06/25/2025,0.4946844721460987,0.605356106028766,0.8383970567362798
06/26/2025,0.49685920599619166,0.5824728901983289,0.8503635179737103
06/27/2025,0.4840602338146435,0.6067918705174871,0.8641711730083079
06/28/2025,0.4843923192211327,0.6357964622563803,0.8827292670989965
06/29/2025,0.5016698219022369,0.6634318753453514,0.9273016490521043
06/30/2025,0.5072114512649322,0.69512268309234,0.9708726871113842
07/01/2025,0.5154908408512657,0.7311728668795702,1.0053305137884183
07/02/2025,0.5250075897603863,0.7601738181228717,0.9973102677649647
07/03/2025,0.5323442119167758,0.7256882841119697,0.9461619965938561
07/04/2025,0.5374588114372856,0.637985868051038,0.8824243761832774
07/05/2025,0.5327344819735764,0.5421594511981056,0.821059581294352
07/06/2025,0.5225558734954756,0.4517391703044613,0.751768718158846
07/07/2025,0.5001496470250253,0.3836085870238544,0.6977502767822796
07/08/2025,0.45820889640001267,0.3456025763367885,0.6654376421377846
07/09/2025,0.41186203425382434,0.3041312835841904,0.6372761740002314
07/10/2025,0.37292351620058106,0.2430530448840736,0.6024506847483517
07/11/2025,0.34865596790253667,0.18879815184795956,0.578133503959421
07/12/2025,0.34162017432913255,0.18289937462986733,0.5667115777351693
07/13/2025,0.35002000540789424,0.1925886123749011,0.5366128309337417
07/14/2025,0.3745834296232315,0.17351106494816637,0.4906983040752051
07/15/2025,0.3990577058560453,0.11514323393655307,0.4348531952453447
07/16/2025,0.4176168483599059,0.07945122794177967,0.3821364035474494
07/17/2025,0.4293805666654446,0.13695285587235156,0.32767543617582473
07/18/2025,0.4553884450024702,0.18078313105314858,0.2814863695334441
07/19/2025,0.495897911927907,0.15888784003551332,0.27219478438682254
07/20/2025,0.5383098995222386,0.14867178734720882,0.2666586648940542
07/21/2025,0.5657495017957956,0.13736593468709907,0.2565171263256013
07/22/2025,0.5708332847297564,0.11958205498551605,0.24454392940916714
07/23/2025,0.5581428309565618,0.0970624189732589,0.216018653452826
07/24/2025,0.5451267118990802,0.09427462139451381,0.20215155402222995
07/25/2025,0.5505038393878623,0.14555382030502528,0.19115969684452572
07/26/2025,0.5511878208636142,0.14333928334722795,0.18283610180777232
07/27/2025,0.5770081215732221,0.11367077090352512,0.14490359802317487
07/28/2025,0.6076993139647144,0.004360017082618628,0.0623119194096754
07/29/2025,0.5814760863859674,-0.09868127486383849,-0.017181428016325162
07/30/2025,0.5300027750080142,-0.1293669535204518,-0.0919386598482036
07/31/2025,0.47268528142299393,-0.1507290880863601,-0.14861148624392323
08/01/2025,0.4147097436558969,-0.2037319442259874,-0.20396898872107466
08/02/2025,0.33164022277504,-0.2558831005492842,-0.2512872148527797
08/03/2025,0.23249431236025703,-0.2781793745414582,-0.2928394157253455
08/04/2025,0.16151072654644014,-0.2786279775470952,-0.32722440780114015
08/05/2025,0.11182833577038825,-0.2631710204254041,-0.352318098764971
08/06/2025,0.07376610936752881,-0.25785243251342505,-0.38078835315068393
08/07/2025,0.04677745647715051,-0.23442396439105545,-0.38318722870799327
08/08/2025,0.042944643525041404,-0.17667854069092787,-0.37274558723659873
08/09/2025,0.07472843065536283,-0.0791221838180951,-0.36788165604698153
08/10/2025,0.14293423136944375,-0.0005600539969990992,-0.3798856098590897
08/11/2025,0.20141640849398024,0.020578659831156282,-0.374618795797206
08/12/2025,0.23011710619925346,0.07205691164599787,-0.3067918878584573
08/13/2025,0.23636718687487807,0.1176153065988979,-0.2441501948823733
08/14/2025,0.24597642223006058,0.07759780465998589,-0.20664431115206225
08/15/2025,0.24058733497078644,0.041781845661952505,-0.17816188385249665
08/16/2025,0.2216105910327691,0.010082582570353327,-0.1257130585649615
08/17/2025,0.20101051002542927,-0.009613790389939508,-0.06475508245711922
08/18/2025,0.18375058013593668,-0.0009993796106330666,-0.021821255861845967
08/19/2025,0.1753860780724686,0.02668981886487376,0.0044905380152210905
08/20/2025,0.1801270998538912,0.04414047578412658,0.03379248645198468
08/21/2025,0.16054580052331408,0.02681430032717058,0.05391707225048081
08/22/2025,0.110642520857241,0.023274153231251288,0.07588731524788916
08/23/2025,0.053103404653947646,0.04042540874661163,0.08975104683898782
08/24/2025,0.009493679062381705,0.03762428225657692,0.0949487999029266
08/25/2025,-0.030133736445894756,0.029305573667896434,0.10536021197157552
08/26/2025,-0.05641206701630794,0.012866680935830876,0.12930798540134478
08/27/2025,-0.06273276903610496,0.004369000886263644,0.13468009516808632
08/28/2025,-0.04057883502482591,-0.0023855863851197784,0.14649045907350325
08/29/2025,-0.033705892436772314,-0.036794611270841195,0.15104479248737018
08/30/2025,-0.04387980505406604,-0.0351617315609295,0.16048951289030036
08/31/2025,-0.04012520753353327,-0.005829260347759012,0.1797673102245641
09/01/2025,-0.019978607271830012,-0.0012279087857572542,0.15310363798428545
09/02/2025,-0.0036446057489201433,-0.036102153777981066,0.11571883417047107
09/03/2025,0.005264909659523642,-0.07747797159769745,0.13151278413540107
09/04/2025,-0.008152191887228238,-0.04131058733936087,0.1429182769259479
09/05/2025,-0.04228596386043873,0.017519704048218038,0.10861269282487676
09/06/2025,-0.0635283872652736,0.07983060281343084,0.07690196819420433
09/07/2025,-0.08549558743663158,0.14431663897926997,0.05747127906190397
09/08/2025,-0.07204091900341991,0.17474395988394495,0.02507035021556825
09/09/2025,-0.02469677341822807,0.22748470034069834,-0.026353799759908092
09/10/2025,0.02372389825709209,0.27209762335684634,-0.10247719771389283
09/11/2025,0.09716514353465472,0.1903292151165423,-0.17051234363235107
09/12/2025,0.1625980384418677,0.09898371988260615,-0.2233957013681816
09/13/2025,0.15944487796882595,0.037821456195437975,-0.24760076962049438
09/14/2025,0.08636902936035734,0.036480285874533835,-0.24716570967926854
09/15/2025,0.04982914233304869,0.08291656872497954,-0.21990215624414394
09/16/2025,0.055839880853142176,0.14940364439724393,-0.1894380191451271
09/17/2025,0.0817105153207815,0.19023632376118726,-0.1578571389289255
09/18/2025,0.10539119107712253,0.24959988903583308,-0.1142738468030314
09/19/2025,0.1415101015203143,0.27031266487931643,-0.07871165280456029
09/20/2025,0.1510028575156218,0.22599638353652798,-0.08156518669440192
09/21/2025,0.12395103062281881,0.15354641094955418,-0.11239183316806446
09/22/2025,0.08258677028475714,0.10405434307040123,-0.14534224734587847
09/23/2025,0.032019136373649615,0.060490469962455884,-0.19189982866707297
09/24/2025,-0.03276947175619993,-0.0065965828710110586,-0.27417955607481315
09/25/2025,-0.0918469959837479,-0.09793021713542321,-0.3715748369582663
09/26/2025,-0.16680302323586915,-0.2290254617289862,-0.47807797314186323
09/27/2025,-0.2110319787850179,-0.3479537003010936,-0.5835225527365049
09/28/2025,-0.24135997569217316,-0.4894518959294226,-0.7010392950372301
09/29/2025,-0.2575693167852101,-0.5828615521659907,-0.7822334419872521
09/30/2025,-0.301543558571962,-0.6694749903025122,-0.8963269986060309
10/01/2025,-0.39616915266327557,-0.8180670439046521,-1.0094486697825107
10/02/2025,-0.4878551745754751,-0.8572856332133649,-1.0525411094453296
10/03/2025,-0.4985158792010166,-0.7689674449377554,-1.1138659366004235
10/04/2025,-0.3470257586605412,-0.6249957087053198,-1.12605524331419
10/05/2025,-0.1489086385275813,-0.43073774809486864,-1.0820979181218677
10/06/2025,-0.07239586004492793,-0.28604660295862905,-1.0502416460178496
10/07/2025,-0.05744750432437207,-0.2957481714145517,-1.0588312192223686
10/08/2025,-0.016633283369810847,-0.36464167339309517,-1.013258223750262
10/09/2025,0.031487843746970556,-0.4122513114610358,-0.9494992195876759
10/10/2025,0.06469682463238646,-0.43815108891602683,-0.9344317491216975
10/11/2025,0.08763408692463415,-0.47954240820086025,-0.9858838967990464
10/12/2025,0.0930367114701447,-0.559819857341807,-1.0401425503423773
10/13/2025,-0.015964159891144858,-0.5987882506548382,-1.0016055396556673
10/14/2025,-0.13496273903020395,-0.5655416007821512,-0.9311267218569104
10/15/2025,-0.2278470859222288,-0.4715612087844845,-0.8040726232788058
10/16/2025,-0.27329476409659037,-0.32913685933313486,-0.6557341036699624
10/17/2025,-0.23957099947014404,-0.19087183481729053,-0.5324599383025592
10/18/2025,-0.1834777681586317,-0.023397939785505972,-0.40380635942009946
10/19/2025,-0.14030938011014937,0.15950672428674384,-0.27038213444453985
10/20/2025,-0.03347179643823184,0.24532947026699325,-0.20158200204296506
10/21/2025,0.10146761594034426,0.2700550117394307,-0.18723094813381835
10/22/2025,0.11789777255057277,0.23436893622941768,-0.1662822154908612
10/23/2025,0.1283444853316531,0.16500645621343435,-0.17604197090440032
10/24/2025,0.13703700060981272,0.1094002934170164,-0.18298191139947262
10/25/2025,0.13874321228510822,0.17462435198833215,-0.12408298367044424
10/26/2025,0.11716995081181203,0.3246430688402029,-0.04504007463350823
10/27/2025,0.1075618894218291,0.42366008649421216,0.02805908460198392
10/28/2025,0.16116183876300183,0.4174092968391059,0.03727462961337591
10/29/2025,0.16343415847050213,0.3925514057364763,0.013144830545074981
10/30/2025,-0.02216401686797731,0.2633358312235963,0.0185749239581523
10/31/2025,-0.12739499247469266,0.08831912290633603,-0.03389423009552117
11/01/2025,-0.1776356403906585,0.0920206848795484,0.04201829241409105
11/02/2025,-0.19865339620498945,0.20478803055068973,0.10321465475162084
11/03/2025,-0.12585489687546292,0.2652482070469697,0.11505037889423164
11/04/2025,-0.05382497788905538,0.23993895320816971,0.08426325381422561
11/05/2025,-0.025764237964458703,0.2686314605262552,0.15542963836397572
11/06/2025,-0.03091666117631897,0.3117789079122153,0.16740490467576308
11/07/2025,-0.02946219166400388,0.2807773869038581,0.10779025018835764
11/08/2025,-0.09618776900414794,0.2385969608398648,0.027949041460720636
11/09/2025,-0.17651120184572466,0.14774739505431111,-0.060479387041425525
11/10/2025,-0.238718187123794,-0.0370513249279949,-0.17211774808811664
11/11/2025,-0.26397315021587,-0.45621058936478276,-0.45972077270618206
11/12/2025,-0.4214493560071937,-0.6949741370889837,-0.44500359812461365
11/13/2025,-0.6739532022850674,-0.5749673723378823,-0.3341428833914468
11/14/2025,-0.8326628786394534,-0.4388858231319286,-0.3147578021097275
11/15/2025,-0.8943776056338049,-0.295696147558139,-0.33468214347528624
11/16/2025,-0.947208314276444,-0.17580781634922826,-0.34441057392383256
11/17/2025,-0.9907360090495287,-0.10409445694363151,-0.3778601181461374
11/18/2025,-0.9803152702485358,-0.03390118060216096,-0.4246082055691853
11/19/2025,-0.9193864762704353,0.009180502992398365,-0.43746219395589026
11/20/2025,-0.8179527644820541,0.016949261875477406,-0.4230902432112895
11/21/2025,-0.6986784502662029,0.006775896933913783,-0.42661645232084466
11/22/2025,-0.6453822644210199,0.0040983711411117785,-0.40858889439239365
11/23/2025,-0.6148547668023641,0.004534995741883541,-0.3842593378077104
11/24/2025,-0.5644727661388114,-0.026635867029330185,-0.39434252754240995
11/25/2025,-0.5399272448928016,-0.03917473206056321,-0.36715046968800547
11/26/2025,-0.538036390503094,-0.03146721570822952,-0.33382541379807074
11/27/2025,-0.400568147020411,-0.10770083757231674,-0.38275135723917053
11/28/2025,-0.2587787577480445,-0.265281039929011,-0.5374249858299429
11/29/2025,-0.16820891993795684,-0.3972347955887271,-0.5859048731309675
11/30/2025,-0.23675403328179478,-0.27793446313615566,-0.4562048699970265
12/01/2025,-0.2728803910667369,-0.16626801507662137,-0.39035938782306845
12/02/2025,-0.19628400424986048,-0.09999120738383327,-0.3560850881106059
12/03/2025,-0.16201566651538368,-0.15280082366854209,-0.41080399952685065
12/04/2025,-0.14946568501587865,-0.25156095151238733,-0.44984346752117266
12/05/2025,-0.22235050747415486,-0.21917997626170094,-0.40350187426816886
12/06/2025,-0.23300200381014013,-0.22207088207053716,-0.3732340456932802
12/07/2025,-0.19010087627715666,-0.22491769090852887,-0.38245888269558337
12/08/2025,-0.1653668969298313,-0.20032244394780874,-0.4008916769263142
12/09/2025,-0.09571102907294227,-0.35009395940521115,-0.48354580258789903
12/10/2025,-0.0639709721463868,-0.4604517667335146,-0.4634802959979809
12/11/2025,-0.13873362531791233,-0.4881243481081592,-0.43797808204512634
12/12/2025,-0.17977856712106333,-0.5365700083743011,-0.4256172183987459
12/13/2025,-0.22284005096334247,-0.47716586918906384,-0.39165848118982494
12/14/2025,-0.23356990947655532,-0.4255590843926322,-0.35183901345196256
12/15/2025,-0.17054063494738353,-0.5106862021257939,-0.45685035904245563
12/16/2025,-0.09258296210609263,-0.6136992508725478,-0.4632952271309865
12/17/2025,-0.11965966238661685,-0.5594799994626657,-0.38449703423894765
12/18/2025,-0.1431886031406111,-0.47384057005094915,-0.32964158330561555
12/19/2025,-0.1744978882108965,-0.4004094251833227,-0.28876570952691316
12/20/2025,-0.09649043190775847,-0.49942168670599235,-0.3684689179877937
12/21/2025,-0.07634992159054466,-0.5711549514020213,-0.3571116705124968
12/22/2025,-0.10053217397939435,-0.5939112196279868,-0.3511050678991787
12/23/2025,-0.08689469715239606,-0.5954389947070007,-0.3128204828694765
12/24/2025,-0.05872602580205705,-0.5375123682744877,-0.2532615803275323
12/25/2025,-0.03519825901326035,-0.5358313987921143,-0.2742274767790306
12/26/2025,-0.031707253366967225,-0.5348128820727707,-0.2889601921139559
12/27/2025,-0.08629707549181193,-0.5304979553093978,-0.30640332844815793
12/28/2025,-0.13305493551789263,-0.5759395020972154,-0.33957248988797156
12/29/2025,-0.16407582869905468,-0.6346167752344437,-0.36352549767069847
12/30/2025,-0.1664857224536455,-0.7865863867017947,-0.4302012131460466
12/31/2025,-0.1711778045607125,-1.0125385606841424,-0.5592264716649258
