"indicator","Western Gulf Shelf Bottom Temperature Anomaly","Central Gulf Shelf Bottom Temperature Anomaly","West Florida Shelf Bottom Temperature Anomaly"
"unit","deg C","deg C","deg C"
"extent","West","Central","West Florida Shelf"
"Jan-1993"," 0.58827091850","-0.01242542579"," 0.2922341545"
"Jan-1993"," 0.59191211832","-0.01816425607"," 0.2488613320"
"Jan-1993"," 0.60102318888"," 0.01844814942"," 0.2263154725"
"Jan-1993"," 0.61824228679"," 0.14743889397"," 0.2648144631"
"Jan-1993"," 0.62217756489"," 0.20494181369"," 0.2458398931"
"Jan-1993"," 0.63514364368"," 0.09580398341"," 0.1549987930"
"Jan-1993"," 0.64974916488","-0.03464096298"," 0.0976357624"
"Jan-1993"," 0.61779662025","-0.06543538676"," 0.1000621488"
"Jan-1993"," 0.58098037448","-0.10871019278"," 0.0678470192"
"Jan-1993"," 0.60466350822","-0.21686608745"," 0.0097017165"
"Jan-1993"," 0.58946513460","-0.28437062292","-0.0285754430"
"Jan-1993"," 0.55721418269","-0.36087886733","-0.0534960757"
"Jan-1993"," 0.50586358737","-0.41403051405","-0.0698620309"
"Jan-1993"," 0.49305606725","-0.45558078207","-0.1021789666"
"Jan-1993"," 0.50836919597","-0.47195937175","-0.1160971923"
"Jan-1993"," 0.49682926478","-0.44401134579","-0.1142809124"
"Jan-1993"," 0.49094344350","-0.49468093784","-0.1822124668"
"Jan-1993"," 0.48158231835","-0.52905672852","-0.1427930416"
"Jan-1993"," 0.45938935000","-0.42167649428","-0.0904123441"
"Jan-1993"," 0.48377506523","-0.35182883015","-0.0706680807"
"Jan-1993"," 0.51277853590","-0.23596154376"," 0.0199657552"
"Jan-1993"," 0.53715375882","-0.18252041893"," 0.0899795271"
"Jan-1993"," 0.59409701431","-0.19289994161"," 0.1092031144"
"Jan-1993"," 0.62783776474","-0.13137221914"," 0.1949405986"
"Jan-1993"," 0.63393570686","-0.02940240725"," 0.2797510748"
"Jan-1993"," 0.67450915489","-0.03988815021"," 0.2424434878"
"Jan-1993"," 0.68112672336","-0.15570041814"," 0.1449677845"
"Jan-1993"," 0.67191381132","-0.31517743613"," 0.1329362794"
"Jan-1993"," 0.60514908958","-0.19179070609"," 0.2858955153"
"Jan-1993"," 0.56496565480","-0.01019497634"," 0.3587173350"
"Jan-1993"," 0.60289837817"," 0.10751445954"," 0.3892579180"
"Feb-1993"," 0.61088878888"," 0.18258265307"," 0.4070240423"
"Feb-1993"," 0.60055525369"," 0.13131044156"," 0.3869180811"
"Feb-1993"," 0.61090764570"," 0.13533289561"," 0.4056403472"
"Feb-1993"," 0.62042468810"," 0.23071299944"," 0.5069722673"
"Feb-1993"," 0.63542719297"," 0.32649596522"," 0.5585911027"
"Feb-1993"," 0.62199493993"," 0.39006160189"," 0.5775915605"
"Feb-1993"," 0.57625145921"," 0.38610737778"," 0.5386549942"
"Feb-1993"," 0.57417735619"," 0.23360132167"," 0.4276777847"
"Feb-1993"," 0.55015402934"," 0.14909279460"," 0.3960910615"
"Feb-1993"," 0.50761551031"," 0.23746758671"," 0.4368100670"
"Feb-1993"," 0.48539579756"," 0.32457348996"," 0.4466444424"
"Feb-1993"," 0.49058277937"," 0.37427852683"," 0.4421564107"
"Feb-1993"," 0.48565946281"," 0.27436124984"," 0.3699642959"
"Feb-1993"," 0.48218606664"," 0.16525295455"," 0.3583791309"
"Feb-1993"," 0.45491507512"," 0.20541842502"," 0.3998302560"
"Feb-1993"," 0.43206439276"," 0.36904507954"," 0.4967606127"
"Feb-1993"," 0.43002565544"," 0.51317664527"," 0.5107431114"
"Feb-1993"," 0.50505076321"," 0.42037107643"," 0.4365886417"
"Feb-1993"," 0.52732323102"," 0.23233789355"," 0.3513918783"
"Feb-1993"," 0.48421610928"," 0.11767332121"," 0.3930121258"
"Feb-1993"," 0.41430831583"," 0.19555068556"," 0.4527612910"
"Feb-1993"," 0.38611572494"," 0.22414020208"," 0.4581974303"
"Feb-1993"," 0.42078390788"," 0.17816931549"," 0.4148182373"
"Feb-1993"," 0.47060313898"," 0.05481646554"," 0.3502640985"
"Feb-1993"," 0.48275202793"," 0.02493516026"," 0.3661343726"
"Feb-1993"," 0.42815864722"," 0.17846601588"," 0.4314507388"
"Feb-1993"," 0.43156090843"," 0.14179101736"," 0.3520167140"
"Feb-1993"," 0.49449109296","-0.05450861539"," 0.2573602170"
"Mar-1993"," 0.47378447461","-0.12397584773"," 0.2379624759"
"Mar-1993"," 0.40334080273","-0.12122457254"," 0.2247516994"
"Mar-1993"," 0.33963888283","-0.06246844157"," 0.2515721588"
"Mar-1993"," 0.31961074300","-0.00825717577"," 0.2782131488"
"Mar-1993"," 0.31255899083","-0.18678637516"," 0.1942574546"
"Mar-1993"," 0.27888057061","-0.35205741805"," 0.1964242739"
"Mar-1993"," 0.19197878707","-0.35059270575"," 0.2287588604"
"Mar-1993"," 0.11900397285","-0.35476271730"," 0.2510511986"
"Mar-1993"," 0.07521107200","-0.40580223068"," 0.2365656340"
"Mar-1993"," 0.03144113684","-0.42694235373"," 0.2374733682"
"Mar-1993","-0.04169671180","-0.40789263848"," 0.2327560395"
"Mar-1993","-0.07290298143","-0.42357354480"," 0.1906495247"
"Mar-1993","-0.16798616514","-0.43727807303"," 0.2352476727"
"Mar-1993","-0.34965372155","-0.77998792816","-0.0720869961"
"Mar-1993","-0.46249008397","-1.19671733794","-0.2123938271"
"Mar-1993","-0.54939649000","-1.16980368246","-0.1284835785"
"Mar-1993","-0.62090157317","-0.93410778074","-0.0456281940"
"Mar-1993","-0.58822153698","-0.87325525276","-0.1102285900"
"Mar-1993","-0.44795008471","-0.94465001009","-0.2334628688"
"Mar-1993","-0.41059256761","-0.92128072938","-0.2337300642"
"Mar-1993","-0.43577951409","-0.82323725071","-0.1999603318"
"Mar-1993","-0.43703778467","-0.74313331228","-0.2119837217"
"Mar-1993","-0.40427039813","-0.66546239927","-0.2150233388"
"Mar-1993","-0.36686045614","-0.65445536084","-0.2263493019"
"Mar-1993","-0.33605014297","-0.70199952870","-0.2491299770"
"Mar-1993","-0.32873942142","-0.74638533177","-0.2534395942"
"Mar-1993","-0.32748511298","-0.80620601411","-0.2731382092"
"Mar-1993","-0.31671247811","-0.91093737678","-0.3016452258"
"Mar-1993","-0.33694408079","-0.95759608217","-0.3292614691"
"Mar-1993","-0.38503894043","-0.95579679658","-0.3418425408"
"Mar-1993","-0.45032604354","-0.91961866698","-0.3563949347"
"Apr-1993","-0.53429041939","-0.89790651638","-0.3756506990"
"Apr-1993","-0.61110941936","-0.91161908894","-0.4104282676"
"Apr-1993","-0.62997786501","-0.95372382792","-0.4432755772"
"Apr-1993","-0.60208863406","-0.92655351751","-0.4344420588"
"Apr-1993","-0.63430638477","-0.84702242868","-0.4187238243"
"Apr-1993","-0.66199314340","-0.82458816816","-0.4579991222"
"Apr-1993","-0.59378216990","-0.82077809593","-0.4739499811"
"Apr-1993","-0.53620842173","-0.71943180699","-0.4365609979"
"Apr-1993","-0.51628337071","-0.54632577168","-0.3557707076"
"Apr-1993","-0.54107175601","-0.48236038511","-0.3237619089"
"Apr-1993","-0.50274076495","-0.56346863057","-0.3464268601"
"Apr-1993","-0.46895668786","-0.56476969672","-0.2835015788"
"Apr-1993","-0.46089862740","-0.49254602204","-0.2178671344"
"Apr-1993","-0.42488042116","-0.41396897793","-0.1714780262"
"Apr-1993","-0.39103511445","-0.28062637320","-0.0967071201"
"Apr-1993","-0.40434894374","-0.14227896779","-0.0697654591"
"Apr-1993","-0.34460989012","-0.19835076172","-0.1390464622"
"Apr-1993","-0.27683629203","-0.28409124424","-0.1572973525"
"Apr-1993","-0.25779145812","-0.27553337858","-0.1395475805"
"Apr-1993","-0.24552359513","-0.22456415026","-0.1172956968"
"Apr-1993","-0.21715813786","-0.15755301937","-0.1192234401"
"Apr-1993","-0.17566782301","-0.20023835869","-0.1747898703"
"Apr-1993","-0.15603622661","-0.33481145093","-0.2484316575"
"Apr-1993","-0.20028657033","-0.32756522060","-0.2211409584"
"Apr-1993","-0.24480178996","-0.20641669074","-0.1955659505"
"Apr-1993","-0.23826339077","-0.13347190434","-0.2224119324"
"Apr-1993","-0.18117555413","-0.14547690830","-0.2867713858"
"Apr-1993","-0.13311580338","-0.19980008999","-0.3626157806"
"Apr-1993","-0.13068613565","-0.20577713786","-0.3785657467"
"Apr-1993","-0.15828099482","-0.18482684904","-0.3803318742"
"May-1993","-0.18612627544","-0.15040249884","-0.3742550339"
"May-1993","-0.20556974392","-0.06225400464","-0.3526239688"
"May-1993","-0.21637018709"," 0.03970823267","-0.3521308035"
"May-1993","-0.21649499427"," 0.09620995738","-0.3775430596"
"May-1993","-0.18312125470"," 0.11197899893","-0.4138374950"
"May-1993","-0.13267974868"," 0.12671601868","-0.4364405672"
"May-1993","-0.10568500584"," 0.13667882206","-0.4366805765"
"May-1993","-0.09271045249"," 0.13556923423","-0.4133095151"
"May-1993","-0.06657211727"," 0.16191497240","-0.3543625450"
"May-1993","-0.03655067203"," 0.20314470065","-0.2773902080"
"May-1993","-0.03479067807"," 0.23689990427","-0.1788431260"
"May-1993","-0.03328789255"," 0.28198562197","-0.0682058654"
"May-1993","-0.03737615300"," 0.31462830188"," 0.0509095457"
"May-1993","-0.05990810380"," 0.31899472404"," 0.1602869503"
"May-1993","-0.07488749623"," 0.31687448767"," 0.2661616801"
"May-1993","-0.08233832319"," 0.35142831033"," 0.3892922051"
"May-1993","-0.07423524850"," 0.39947574735"," 0.4804904584"
"May-1993","-0.04865762841"," 0.43015003478"," 0.5428710018"
"May-1993","-0.03605709303"," 0.45870631710"," 0.5873120786"
"May-1993","-0.04545314364"," 0.45137518102"," 0.5994708718"
"May-1993","-0.03740847373"," 0.38887996748"," 0.5834906357"
"May-1993","-0.03129086769"," 0.30250962051"," 0.5382836798"
"May-1993","-0.02639968842"," 0.24278576360"," 0.4754166256"
"May-1993","-0.04188825156"," 0.28393181918"," 0.4472293914"
"May-1993","-0.06763158418"," 0.35958906838"," 0.4220909042"
"May-1993","-0.05512096720"," 0.39015179224"," 0.4020664609"
"May-1993"," 0.00161115799"," 0.38313033315"," 0.3859158039"
"May-1993"," 0.05105009773"," 0.41294563977"," 0.3842170332"
"May-1993"," 0.08777015173"," 0.46178347536"," 0.3744366244"
"May-1993"," 0.11494069585"," 0.48997142173"," 0.3531563016"
"May-1993"," 0.13262820588"," 0.49793659123"," 0.3376344569"
"Jun-1993"," 0.14086415875"," 0.50062580184"," 0.3260575289"
"Jun-1993"," 0.15548519830"," 0.44844916204"," 0.3065257234"
"Jun-1993"," 0.13366584437"," 0.40405196775"," 0.3088722960"
"Jun-1993"," 0.08774028899"," 0.40898618979"," 0.3168932318"
"Jun-1993"," 0.07104111091"," 0.43185249493"," 0.3262982685"
"Jun-1993"," 0.08241059703"," 0.44427204565"," 0.3191379577"
"Jun-1993"," 0.10945281208"," 0.43773506607"," 0.3069678436"
"Jun-1993"," 0.12883424384"," 0.44125213712"," 0.3022805009"
"Jun-1993"," 0.14253595857"," 0.46518140826"," 0.3041197470"
"Jun-1993"," 0.15454371489"," 0.50063325898"," 0.3090722970"
"Jun-1993"," 0.15638144736"," 0.51348444330"," 0.2901332313"
"Jun-1993"," 0.14971273803"," 0.48883053739"," 0.2503753585"
"Jun-1993"," 0.13332825600"," 0.45940223894"," 0.2115008740"
"Jun-1993"," 0.10485981998"," 0.42616022776"," 0.1770395578"
"Jun-1993"," 0.07653365386"," 0.38125166127"," 0.1228996713"
"Jun-1993"," 0.06284217463"," 0.34411109033"," 0.0744284674"
"Jun-1993"," 0.08269443980"," 0.36396400461"," 0.0592876348"
"Jun-1993"," 0.11784453546"," 0.41179471470"," 0.0546176181"
"Jun-1993"," 0.19265022180"," 0.44575143737"," 0.0573738093"
"Jun-1993"," 0.29174994402"," 0.46356960819"," 0.0599951651"
"Jun-1993"," 0.27696069727"," 0.45447606122"," 0.0529730575"
"Jun-1993"," 0.23744143331"," 0.41617358501"," 0.0384550317"
"Jun-1993"," 0.19002538235"," 0.36326990302"," 0.0317989636"
"Jun-1993"," 0.15331930588"," 0.33135350198"," 0.0528561975"
"Jun-1993"," 0.13429637374"," 0.32877814493"," 0.0835360386"
"Jun-1993"," 0.12785368940"," 0.32091972417"," 0.1085151013"
"Jun-1993"," 0.11991548345"," 0.30759727182"," 0.1186444670"
"Jun-1993"," 0.11630205525"," 0.26738394645"," 0.1195234731"
"Jun-1993"," 0.10864618793"," 0.22680322461"," 0.1308131609"
"Jun-1993"," 0.08085978900"," 0.18080456456"," 0.1484607616"
"Jul-1993"," 0.04716951907"," 0.13597779179"," 0.1526272660"
"Jul-1993"," 0.01638488638"," 0.11215943833"," 0.1443552841"
"Jul-1993","-0.00568400852"," 0.13956350379"," 0.1442705606"
"Jul-1993","-0.01501006146"," 0.18130607219"," 0.1504284725"
"Jul-1993","-0.01492447206"," 0.20883256400"," 0.1597706564"
"Jul-1993"," 0.01250823317"," 0.22841261725"," 0.1633680365"
"Jul-1993"," 0.03945543041"," 0.21356832031"," 0.1700982783"
"Jul-1993"," 0.02935602790"," 0.20173459579"," 0.1882600223"
"Jul-1993"," 0.01289531151"," 0.22121312619"," 0.2039822738"
"Jul-1993"," 0.00743494255"," 0.24035496946"," 0.2180671872"
"Jul-1993","-0.00456023034"," 0.23454990565"," 0.2358233703"
"Jul-1993","-0.01246285046"," 0.23710523997"," 0.2488225004"
"Jul-1993","-0.02499034319"," 0.23190725815"," 0.2574080566"
"Jul-1993","-0.03764961352"," 0.24989758918"," 0.2677980037"
"Jul-1993","-0.03867771354"," 0.26717690794"," 0.2644438385"
"Jul-1993","-0.03483404141"," 0.25690149169"," 0.2564449762"
"Jul-1993","-0.04100733743"," 0.24320876570"," 0.2635374433"
"Jul-1993","-0.04333718143"," 0.23675616341"," 0.2772039331"
"Jul-1993","-0.04493902026"," 0.23732637072"," 0.2964736558"
"Jul-1993","-0.05539497802"," 0.24395459756"," 0.3114794501"
"Jul-1993","-0.07061873864"," 0.24207944874"," 0.3266105849"
"Jul-1993","-0.08213056803"," 0.26677152114"," 0.3493608682"
"Jul-1993","-0.08358012157"," 0.28041292788"," 0.3628500393"
"Jul-1993","-0.08441345343"," 0.26767706506"," 0.3765413213"
"Jul-1993","-0.08821669713"," 0.28288435464"," 0.4016695427"
"Jul-1993","-0.07904967979"," 0.32967769965"," 0.4225955120"
"Jul-1993","-0.04999451797"," 0.33549204086"," 0.4182108284"
"Jul-1993","-0.01560478490"," 0.29812358664"," 0.4105748407"
"Jul-1993","-0.00261137473"," 0.26523029971"," 0.4109835260"
"Jul-1993","-0.01115497986"," 0.21571034094"," 0.4065208547"
"Jul-1993","-0.03131152214"," 0.15518956781"," 0.3994640948"
"Aug-1993","-0.05946992129"," 0.09581754719"," 0.3877747296"
"Aug-1993","-0.10385428048"," 0.07216389680"," 0.3874400556"
"Aug-1993","-0.15054870970"," 0.08780164563"," 0.3915605058"
"Aug-1993","-0.17737014592"," 0.13604701992"," 0.3994082211"
"Aug-1993","-0.17887102375"," 0.18623113427"," 0.3930152908"
"Aug-1993","-0.15852173106"," 0.20083897515"," 0.4021500888"
"Aug-1993","-0.13822959580"," 0.23094082401"," 0.4125683177"
"Aug-1993","-0.12493895231"," 0.24867502856"," 0.4217619920"
"Aug-1993","-0.10587548170"," 0.26048115577"," 0.4355679023"
"Aug-1993","-0.08273739798"," 0.29162817917"," 0.4503671223"
"Aug-1993","-0.05628664127"," 0.32134889162"," 0.4681765416"
"Aug-1993","-0.02310290064"," 0.32518339040"," 0.4903709691"
"Aug-1993"," 0.00117136127"," 0.30645333415"," 0.5121725361"
"Aug-1993"," 0.00776123150"," 0.28715354034"," 0.5236866924"
"Aug-1993","-0.01493169928"," 0.23144338855"," 0.5221054309"
"Aug-1993","-0.06631879759"," 0.12926671431"," 0.5106187042"
"Aug-1993","-0.12955076455"," 0.04760710991"," 0.4968017572"
"Aug-1993","-0.17955034605"," 0.00739771862"," 0.4785035142"
"Aug-1993","-0.20432038814","-0.03026725983"," 0.4489232524"
"Aug-1993","-0.22378029213","-0.07260962923"," 0.4195158460"
"Aug-1993","-0.25479014270","-0.12098717700"," 0.4091241540"
"Aug-1993","-0.30574789993","-0.19115455885"," 0.4056945167"
"Aug-1993","-0.35203643068","-0.24255659512"," 0.4031137372"
"Aug-1993","-0.37812318480","-0.26612193414"," 0.3926315599"
"Aug-1993","-0.38422402515","-0.25561023798"," 0.3660685983"
"Aug-1993","-0.34185114527","-0.23886824463"," 0.3433394553"
"Aug-1993","-0.29704966157","-0.29919313561"," 0.3149963672"
"Aug-1993","-0.33218739391","-0.37857014927"," 0.3012287611"
"Aug-1993","-0.36400445561","-0.47546945540"," 0.2909587983"
"Aug-1993","-0.40398097902","-0.53826066472"," 0.2916503415"
"Aug-1993","-0.43390307746","-0.53276557149"," 0.2973384196"
"Sep-1993","-0.44984236987","-0.51242829515"," 0.2903262125"
"Sep-1993","-0.45698048185","-0.44414804052"," 0.3018370822"
"Sep-1993","-0.44845837496","-0.35882457090"," 0.3259503667"
"Sep-1993","-0.42806560887","-0.33461656698"," 0.3282719442"
"Sep-1993","-0.40538955383","-0.38262237317"," 0.3222411175"
"Sep-1993","-0.39203518605","-0.39392599456"," 0.3260961170"
"Sep-1993","-0.39979417888","-0.34581919397"," 0.3181167314"
"Sep-1993","-0.38826807847","-0.32534187599"," 0.2859220117"
"Sep-1993","-0.36337788837","-0.33805800967"," 0.2367340260"
"Sep-1993","-0.36621257410","-0.39957780525"," 0.1884582379"
"Sep-1993","-0.38647939573","-0.47614159658"," 0.1526934866"
"Sep-1993","-0.39096405286","-0.51077304400"," 0.1011143349"
"Sep-1993","-0.37310272261","-0.52967443842"," 0.0680864604"
"Sep-1993","-0.33718602768","-0.49105089399"," 0.0502626365"
"Sep-1993","-0.29919093741","-0.45101671623"," 0.0318347925"
"Sep-1993","-0.22302172718","-0.44027484680","-0.0266508648"
"Sep-1993","-0.13145871481","-0.45494322560","-0.1116491284"
"Sep-1993","-0.02980602182","-0.43345167729","-0.1912222490"
"Sep-1993"," 0.06098349422","-0.44899101530","-0.2765213866"
"Sep-1993"," 0.12321465585","-0.51651686529","-0.3600147535"
"Sep-1993"," 0.15798838560","-0.56777827275","-0.4041887565"
"Sep-1993"," 0.15855867589","-0.61794852972","-0.4428768737"
"Sep-1993"," 0.10699830765","-0.70042108027","-0.4773658630"
"Sep-1993"," 0.01026665667","-0.75832157734","-0.4688278624"
"Sep-1993","-0.06496701335","-0.77552139237","-0.4268150384"
"Sep-1993","-0.14321843430","-0.74472708602","-0.3571338711"
"Sep-1993","-0.20786381867","-0.69969826574","-0.2868708385"
"Sep-1993","-0.21088314711","-0.71421427219","-0.2419362718"
"Sep-1993","-0.15334201316","-0.71125907053","-0.1934302127"
"Sep-1993","-0.06335402185","-0.67625576410","-0.1438445785"
"Oct-1993","-0.00026560882","-0.64089386885","-0.0563354485"
"Oct-1993"," 0.00292834694","-0.54053532857"," 0.0916476627"
"Oct-1993","-0.01154833157","-0.44051159645"," 0.2155254422"
"Oct-1993","-0.01590297206","-0.38851780348"," 0.3100895468"
"Oct-1993","-0.04199368831","-0.34522861164"," 0.4107838497"
"Oct-1993","-0.04352556616","-0.29061066724"," 0.5258026695"
"Oct-1993","-0.01754091032","-0.18770765541"," 0.6498283500"
"Oct-1993"," 0.02154692143","-0.12741000943"," 0.7247660655"
"Oct-1993"," 0.01657976461","-0.11460850026"," 0.7915499171"
"Oct-1993","-0.07663718130","-0.12503781552"," 0.8266277102"
"Oct-1993","-0.13940436810","-0.14733326747"," 0.8128596172"
"Oct-1993","-0.18984425992","-0.12011968213"," 0.7762760345"
"Oct-1993","-0.23560311225","-0.09472211691"," 0.7091040699"
"Oct-1993","-0.28594442768","-0.01929210509"," 0.6672189805"
"Oct-1993","-0.32289182738"," 0.11696271996"," 0.6255350687"
"Oct-1993","-0.32261561538"," 0.24440490338"," 0.5674086746"
"Oct-1993","-0.28448386822"," 0.37458203847"," 0.5050892392"
"Oct-1993","-0.21503957091"," 0.30669525096"," 0.3729926734"
"Oct-1993","-0.14179375415"," 0.23019452241"," 0.3277433557"
"Oct-1993","-0.07630839767"," 0.26398272536"," 0.3382760100"
"Oct-1993","-0.03654557262"," 0.31446395112"," 0.3511005805"
"Oct-1993"," 0.01665570548"," 0.30736063960"," 0.3532749064"
"Oct-1993"," 0.12757560640"," 0.27638753795"," 0.3386103188"
"Oct-1993"," 0.26988289775"," 0.27929553060"," 0.3162662862"
"Oct-1993"," 0.37273905182"," 0.29307216413"," 0.3080628784"
"Oct-1993"," 0.43178792396"," 0.30579246677"," 0.2749748697"
"Oct-1993"," 0.48181898240"," 0.29088921728"," 0.2242119524"
"Oct-1993"," 0.44694451175"," 0.20535424661"," 0.1419844468"
"Oct-1993"," 0.36153659894"," 0.16536305019"," 0.0990360533"
"Oct-1993"," 0.16233796336"," 0.26853768996"," 0.1564375503"
"Oct-1993","-0.04414949197"," 0.25741022159"," 0.1509479313"
"Nov-1993","-0.10426058250","-0.14847567847","-0.1161791972"
"Nov-1993","-0.11175414913","-0.36761020241","-0.1537771081"
"Nov-1993","-0.17442877611","-0.26523987729"," 0.0075428503"
"Nov-1993","-0.24424606418","-0.12581699902"," 0.1341214343"
"Nov-1993","-0.33313790217"," 0.00744645429"," 0.2020460501"
"Nov-1993","-0.46576951908"," 0.11861239292"," 0.2295673447"
"Nov-1993","-0.51155830752"," 0.14640986679"," 0.1875929466"
"Nov-1993","-0.49264360030"," 0.13435847586"," 0.1151458092"
"Nov-1993","-0.46734978630"," 0.21316469504"," 0.1275536603"
"Nov-1993","-0.40908361877"," 0.28269270017"," 0.0941207930"
"Nov-1993","-0.29007007158"," 0.29285620054"," 0.0289330945"
"Nov-1993","-0.20335784673"," 0.28761447406"," 0.0368092132"
"Nov-1993","-0.16508375630"," 0.39527044648"," 0.0906102464"
"Nov-1993","-0.12138822119"," 0.53405118830"," 0.1203660416"
"Nov-1993","-0.03802935457"," 0.60036909836"," 0.1120054815"
"Nov-1993"," 0.07275344922"," 0.60718392996"," 0.1027015205"
"Nov-1993"," 0.11805005275"," 0.63987816399"," 0.1272449552"
"Nov-1993"," 0.11549865950"," 0.63507728978"," 0.0788592457"
"Nov-1993"," 0.12325926653"," 0.52232080688","-0.0296543689"
"Nov-1993"," 0.05427197185"," 0.40312869109","-0.1337910907"
"Nov-1993"," 0.02312645493"," 0.26916643878","-0.2832999954"
"Nov-1993","-0.00091983762"," 0.17735161320","-0.4010317113"
"Nov-1993","-0.05297330792"," 0.15419500790","-0.5023611968"
"Nov-1993","-0.11771701188"," 0.11980759112","-0.6011852938"
"Nov-1993","-0.18297278479"," 0.04902003323","-0.7029743879"
"Nov-1993","-0.20787849324","-0.00216639176","-0.7657093254"
"Nov-1993","-0.24804916114"," 0.06355659086","-0.7089651251"
"Nov-1993","-0.28499916557"," 0.17130334080","-0.6114288819"
"Nov-1993","-0.27757930195"," 0.20695336366","-0.5264017279"
"Nov-1993","-0.24081346331"," 0.28983106614","-0.3492347862"
"Dec-1993","-0.17254412173"," 0.47052941372","-0.1290417472"
"Dec-1993","-0.04236066250"," 0.68555052994"," 0.1101067098"
"Dec-1993"," 0.12682269115"," 0.85348177691"," 0.3472407118"
"Dec-1993"," 0.26452620460"," 0.96406893546"," 0.5232091084"
"Dec-1993"," 0.32408666876"," 0.97095775133"," 0.6116454899"
"Dec-1993"," 0.40215293338"," 0.91675505830"," 0.6427274430"
"Dec-1993"," 0.45176349216"," 0.90102653195"," 0.7127003139"
"Dec-1993"," 0.48362942017"," 0.90607055603"," 0.8052080481"
"Dec-1993"," 0.50843427767"," 0.93210309414"," 0.8702144108"
"Dec-1993"," 0.52630147774"," 0.97337286785"," 0.9288263012"
"Dec-1993"," 0.52403264324"," 0.99809330088"," 0.9301632117"
"Dec-1993"," 0.58182166729"," 0.83855057781"," 0.8066563408"
"Dec-1993"," 0.61259903607"," 0.76572334419"," 0.8338249050"
"Dec-1993"," 0.46801832441"," 0.92210259402"," 0.9035661253"
"Dec-1993"," 0.30179739857"," 0.87597716252"," 0.8251798639"
"Dec-1993"," 0.28482182507"," 0.65130861555"," 0.6777682711"
"Dec-1993"," 0.27958527991"," 0.58431222280"," 0.6718359232"
"Dec-1993"," 0.25858539038"," 0.67885530623"," 0.7276514519"
"Dec-1993"," 0.25872520230"," 0.81835369543"," 0.7696132713"
"Dec-1993"," 0.29376784346"," 0.89444017081"," 0.7686163502"
"Dec-1993"," 0.24856464353"," 0.92242976889"," 0.7789130934"
"Dec-1993"," 0.28511836134"," 0.84821638721"," 0.7260590319"
"Dec-1993"," 0.32096161008"," 0.82528883954"," 0.7516523804"
"Dec-1993"," 0.34607338610"," 0.81165295226"," 0.6970771905"
"Dec-1993"," 0.36238082666"," 0.72699269873"," 0.6702852157"
"Dec-1993"," 0.32680531536"," 0.55311981064"," 0.5636367755"
"Dec-1993"," 0.30728080660"," 0.49356676344"," 0.5697952150"
"Dec-1993"," 0.25819970612"," 0.61501980314"," 0.5758392696"
"Dec-1993"," 0.26699351259"," 0.65422071843"," 0.5032878509"
"Dec-1993"," 0.31206537515"," 0.57442592855"," 0.4314046846"
"Dec-1993"," 0.34113473462"," 0.47349694609"," 0.3749596946"
"Jan-1994"," 0.28883297769"," 0.40285675396"," 0.3217740233"
"Jan-1994"," 0.21226124415"," 0.45441521411"," 0.3461730467"
"Jan-1994"," 0.15329495312"," 0.48876440569"," 0.2848799502"
"Jan-1994"," 0.00891385223"," 0.35476504382"," 0.2341439351"
"Jan-1994","-0.08329234632"," 0.16092720814"," 0.1370857222"
"Jan-1994","-0.09080322894"," 0.14945054578"," 0.1405183622"
"Jan-1994","-0.13667944110"," 0.30076991776"," 0.1940945210"
"Jan-1994","-0.15882207569"," 0.37912324754"," 0.1833757428"
"Jan-1994","-0.04044004840"," 0.23638910366"," 0.0629606703"
"Jan-1994"," 0.05636523220"," 0.06548134051","-0.0113479490"
"Jan-1994"," 0.05407845805"," 0.11310037341"," 0.0391024084"
"Jan-1994"," 0.03945701495"," 0.15707532893"," 0.0805476499"
"Jan-1994"," 0.08676605164"," 0.11189724833"," 0.0604029788"
"Jan-1994"," 0.11985433423"," 0.00089072817"," 0.0482128606"
"Jan-1994"," 0.07392180842","-0.17843151208"," 0.0190110547"
"Jan-1994"," 0.03210590166","-0.23570860364"," 0.0749331369"
"Jan-1994"," 0.04711955920","-0.06381009723"," 0.1924626202"
"Jan-1994"," 0.03761678781"," 0.09438881322"," 0.2496789672"
"Jan-1994"," 0.15796594054","-0.11355012983"," 0.1266506541"
"Jan-1994"," 0.21703682453","-0.30047067157"," 0.0792711576"
"Jan-1994"," 0.14512764053","-0.23954057756"," 0.1053869676"
"Jan-1994"," 0.13249566489","-0.27308398654"," 0.0721287816"
"Jan-1994"," 0.14488088771","-0.29412851722"," 0.0799198116"
"Jan-1994"," 0.13206603032","-0.21867272834"," 0.0960697382"
"Jan-1994"," 0.12996301840","-0.15648548899"," 0.0978381785"
"Jan-1994"," 0.14880405930","-0.15958865918"," 0.0954268054"
"Jan-1994"," 0.16955235342","-0.16525914210"," 0.1140749791"
"Jan-1994"," 0.17238905689","-0.14820741303"," 0.1434419714"
"Jan-1994"," 0.18069320981","-0.14157965593"," 0.1530938748"
"Jan-1994"," 0.21829171996","-0.17129989864"," 0.1682829121"
"Jan-1994"," 0.22043031769","-0.19851753550"," 0.1647788983"
"Feb-1994"," 0.19741836186","-0.29854614119"," 0.1481308561"
"Feb-1994"," 0.14194810252","-0.37681996725"," 0.1754878164"
"Feb-1994"," 0.06348224949","-0.36541687813"," 0.1838219613"
"Feb-1994"," 0.01260956806","-0.31145087603"," 0.2249582137"
"Feb-1994","-0.01296412658","-0.18867210875"," 0.2378217781"
"Feb-1994","-0.01576806909","-0.14271032340"," 0.2024151540"
"Feb-1994"," 0.02230670406","-0.16908354144"," 0.1508810826"
"Feb-1994"," 0.05383665790","-0.20193766368"," 0.1302529439"
"Feb-1994"," 0.05811110189","-0.20950854401"," 0.1417317988"
"Feb-1994"," 0.07016086415","-0.25929831048"," 0.1144553421"
"Feb-1994"," 0.06831278612","-0.32749964856"," 0.0851153330"
"Feb-1994"," 0.07428790214","-0.41450203254"," 0.0404111589"
"Feb-1994"," 0.09371805345","-0.53117251795"," 0.0120398298"
"Feb-1994"," 0.07795291144","-0.63498318754"," 0.0031902837"
"Feb-1994"," 0.08646393903","-0.73856667846"," 0.0072305144"
"Feb-1994"," 0.05217380957","-0.68303174020"," 0.0441084786"
"Feb-1994"," 0.03586027906","-0.61048594037"," 0.0496364017"
"Feb-1994"," 0.05783584374","-0.54479484145"," 0.0382003143"
"Feb-1994"," 0.07978991017","-0.51876635486"," 0.0244751105"
"Feb-1994"," 0.08338488511","-0.52003383450"," 0.0330161949"
"Feb-1994"," 0.06905205402","-0.50236997372"," 0.0401726510"
"Feb-1994"," 0.07291025397","-0.50976517078"," 0.0623746663"
"Feb-1994"," 0.08549494082","-0.48149179020"," 0.1244875273"
"Feb-1994"," 0.09358906402","-0.45107785692"," 0.1918135198"
"Feb-1994"," 0.14266403786","-0.51512051595"," 0.2035582717"
"Feb-1994"," 0.15869280843","-0.56987897174"," 0.2473646122"
"Feb-1994"," 0.18037348772","-0.61482012653"," 0.2873297086"
"Feb-1994"," 0.19778801415","-0.61858962485"," 0.3603761591"
"Mar-1994"," 0.19521816764","-0.49429435629"," 0.4661500566"
"Mar-1994"," 0.17151533329","-0.33294371613"," 0.5811571904"
"Mar-1994"," 0.15252156686","-0.37842137429"," 0.5139703748"
"Mar-1994"," 0.17775363763","-0.70368791221"," 0.3862999616"
"Mar-1994"," 0.10657851206","-0.80304531620"," 0.4607129029"
"Mar-1994"," 0.01846919525","-0.68285687898"," 0.5172385993"
"Mar-1994","-0.00975714714","-0.55771760261"," 0.5409940813"
"Mar-1994","-0.00193670458","-0.42704618217"," 0.5424833967"
"Mar-1994"," 0.02872304756","-0.34230836259"," 0.5255246612"
"Mar-1994"," 0.01375572496","-0.27926584165"," 0.5278196206"
"Mar-1994"," 0.02864798716","-0.38508236559"," 0.4440773176"
"Mar-1994"," 0.07643915668","-0.57542021706"," 0.3964701065"
"Mar-1994"," 0.06620691267","-0.52878723001"," 0.4389137705"
"Mar-1994"," 0.04058266415","-0.48242968755"," 0.4488412686"
"Mar-1994"," 0.03662020141","-0.52978243581"," 0.3827255478"
"Mar-1994"," 0.01781537000","-0.61906582516"," 0.3511238519"
"Mar-1994","-0.01817282675","-0.70806942481"," 0.3091410139"
"Mar-1994","-0.04955078879","-0.76914754608"," 0.3032539899"
"Mar-1994","-0.10657680882","-0.73625232146"," 0.3058032821"
"Mar-1994","-0.13525428403","-0.75318685005"," 0.2664621287"
"Mar-1994","-0.13323062483","-0.78531304933"," 0.2310272634"
"Mar-1994","-0.13991866789","-0.82449676034"," 0.1989895337"
"Mar-1994","-0.13726502961","-0.89075695094"," 0.1501206001"
"Mar-1994","-0.14813708466","-0.94020756414"," 0.1276780886"
"Mar-1994","-0.17506153633","-0.93975919600"," 0.1189410608"
"Mar-1994","-0.18236216912","-0.94732901942"," 0.0852894868"
"Mar-1994","-0.18466233381","-0.92025042600"," 0.0821090290"
"Mar-1994","-0.22927337835","-0.79350034777"," 0.1087669800"
"Mar-1994","-0.23560548984","-0.83541754252"," 0.0705363210"
"Mar-1994","-0.18025259034","-1.02686727180","-0.0251015158"
"Mar-1994","-0.18163423732","-1.07593944962","-0.0427778446"
"Apr-1994","-0.22090861948","-1.09560652246","-0.0923691189"
"Apr-1994","-0.24926281402","-1.14559639875","-0.1183653908"
"Apr-1994","-0.28491089104","-1.06853750002","-0.1016783142"
"Apr-1994","-0.32651911602","-0.99850370087","-0.1123904784"
"Apr-1994","-0.31523573292","-0.98835135686","-0.1323183093"
"Apr-1994","-0.29765985964","-0.91953671271","-0.1039918170"
"Apr-1994","-0.29953956136","-0.83731829224","-0.0925262306"
"Apr-1994","-0.24153239991","-0.84542591080","-0.1328057939"
"Apr-1994","-0.19146696630","-0.82823942469","-0.1246038063"
"Apr-1994","-0.16852783300","-0.72129041302","-0.0651089333"
"Apr-1994","-0.13681426366","-0.58821879035","-0.0010736446"
"Apr-1994","-0.08234257179","-0.52824450258"," 0.0345182108"
"Apr-1994","-0.06137775447","-0.49536354636"," 0.0858224575"
"Apr-1994","-0.05521905964","-0.50923336484"," 0.1384206039"
"Apr-1994","-0.05751412493","-0.54083216199"," 0.1989121951"
"Apr-1994","-0.08604947697","-0.51774977582"," 0.2783461387"
"Apr-1994","-0.11074853085","-0.49809885034"," 0.3082490639"
"Apr-1994","-0.11372783442","-0.52062823348"," 0.3104383219"
"Apr-1994","-0.14480881994","-0.51788341724"," 0.3104433939"
"Apr-1994","-0.18557718288","-0.49461918244"," 0.3085366693"
"Apr-1994","-0.21194407445","-0.48490921736"," 0.2941787985"
"Apr-1994","-0.23603960016","-0.49847699214"," 0.2720102182"
"Apr-1994","-0.25524570755","-0.53929334799"," 0.2408769766"
"Apr-1994","-0.26876729200","-0.59194284119"," 0.2062901982"
"Apr-1994","-0.27797991055","-0.61842638973"," 0.1628079007"
"Apr-1994","-0.28786157920","-0.66423057685"," 0.1043623734"
"Apr-1994","-0.29473367801","-0.70542871500"," 0.0528923316"
"Apr-1994","-0.29080823186","-0.71900629563"," 0.0196006700"
"Apr-1994","-0.28823933919","-0.68457102394"," 0.0139919594"
"Apr-1994","-0.28282093949","-0.63889977363"," 0.0119687400"
"May-1994","-0.27712753844","-0.60658556037"," 0.0249535872"
"May-1994","-0.27214611060","-0.59822310711"," 0.0236271453"
"May-1994","-0.27464269434","-0.60710603380"," 0.0131095449"
"May-1994","-0.30344783827","-0.60311939754"," 0.0036088696"
"May-1994","-0.32817205903","-0.68101020823","-0.0191092366"
"May-1994","-0.35841079789","-0.74361774866","-0.0335335715"
"May-1994","-0.41697643661","-0.74194047840","-0.0324385773"
"May-1994","-0.48896178160","-0.71183786621","-0.0500535952"
"May-1994","-0.55013685147","-0.74787196136","-0.1062262365"
"May-1994","-0.58073757517","-0.83058807280","-0.1624141346"
"May-1994","-0.61201989572","-0.89588529359","-0.2131919434"
"May-1994","-0.65336570280","-0.95401414369","-0.2608858257"
"May-1994","-0.69361128436","-0.99680934376","-0.3022024807"
"May-1994","-0.72821706371","-1.00566179598","-0.3303157035"
"May-1994","-0.76642643932","-0.96962905134","-0.3491426161"
"May-1994","-0.79528885073","-0.93593943536","-0.3652795988"
"May-1994","-0.79575113621","-0.92428750075","-0.3895959680"
"May-1994","-0.77907180549","-0.95025556685","-0.4137710504"
"May-1994","-0.76877029753","-0.98335248667","-0.4293140760"
"May-1994","-0.76200657039","-1.02729420799","-0.4706786111"
"May-1994","-0.74740743263","-1.09042498159","-0.5227856210"
"May-1994","-0.76954885658","-1.13105631806","-0.5155484991"
"May-1994","-0.82453408485","-1.09445213305","-0.4979123003"
"May-1994","-0.86004198310","-1.02792436603","-0.4712291514"
"May-1994","-0.86296453278","-0.94161373492","-0.4556172271"
"May-1994","-0.84002415214","-0.85997368351","-0.4333031804"
"May-1994","-0.80399295891","-0.79203780803","-0.4203448702"
"May-1994","-0.74822110057","-0.77276349768","-0.4091381611"
"May-1994","-0.67626987394","-0.76058275173","-0.3791081507"
"May-1994","-0.60511877797","-0.73699680281","-0.3401405840"
"May-1994","-0.53885750387","-0.69130300491","-0.3039079465"
"Jun-1994","-0.47458533037","-0.64532013991","-0.2698162405"
"Jun-1994","-0.43442196306","-0.58558588998","-0.2368383561"
"Jun-1994","-0.41193752116","-0.52530169035","-0.2037572454"
"Jun-1994","-0.38191647946","-0.46774774497","-0.1739183092"
"Jun-1994","-0.36608786996","-0.43873317123","-0.1392111406"
"Jun-1994","-0.36238907247","-0.40157328218","-0.1077045558"
"Jun-1994","-0.35987708043","-0.36180544778","-0.0783369142"
"Jun-1994","-0.34587820575","-0.32358253401","-0.0676630135"
"Jun-1994","-0.32998157964","-0.31953195420","-0.0994157753"
"Jun-1994","-0.30435520331","-0.34499504834","-0.1476317132"
"Jun-1994","-0.29443152871","-0.39308593644","-0.1848310018"
"Jun-1994","-0.29512567232","-0.44306148562","-0.2161383161"
"Jun-1994","-0.29884552781","-0.44535253170","-0.2211476324"
"Jun-1994","-0.29127528658","-0.39811093600","-0.1949647091"
"Jun-1994","-0.27057127297","-0.33421859420","-0.1740980219"
"Jun-1994","-0.24346137148","-0.27966993666","-0.1451015325"
"Jun-1994","-0.22243961685","-0.23651056958","-0.1186738119"
"Jun-1994","-0.20356067889","-0.21146507552","-0.1078968878"
"Jun-1994","-0.18649217870","-0.19948749271","-0.1063792906"
"Jun-1994","-0.17605331681","-0.19606824530","-0.1014815999"
"Jun-1994","-0.18901569027","-0.21684989697","-0.0860215530"
"Jun-1994","-0.20901561826","-0.24728731731","-0.0616838811"
"Jun-1994","-0.23224527126","-0.23184310193","-0.0176058006"
"Jun-1994","-0.26894408382","-0.15914205258"," 0.0415880768"
"Jun-1994","-0.30094277996","-0.08447360895"," 0.0804640626"
"Jun-1994","-0.30468813250","-0.06640970467"," 0.1038938785"
"Jun-1994","-0.29201862667","-0.01495928504"," 0.1615798971"
"Jun-1994","-0.26955219780"," 0.04718356376"," 0.2148306740"
"Jun-1994","-0.23060524187"," 0.07781269729"," 0.2660807513"
"Jun-1994","-0.19154914386"," 0.13562153608"," 0.3493416967"
"Jul-1994","-0.14599984433"," 0.21102800211"," 0.4233782920"
"Jul-1994","-0.08670110103"," 0.28586872339"," 0.4872768384"
"Jul-1994","-0.01805465982"," 0.42013407632"," 0.5748256521"
"Jul-1994"," 0.04738670965"," 0.51350427428"," 0.6213925254"
"Jul-1994"," 0.09886809204"," 0.48436128499"," 0.6578097043"
"Jul-1994"," 0.11136862026"," 0.47174673288"," 0.6707440745"
"Jul-1994"," 0.10550231614"," 0.44892693213"," 0.6636609806"
"Jul-1994"," 0.07840294366"," 0.47100847560"," 0.6739412498"
"Jul-1994"," 0.07039378619"," 0.52822144746"," 0.6954119164"
"Jul-1994"," 0.10082923760"," 0.55921416082"," 0.6968109494"
"Jul-1994"," 0.12165119803"," 0.51351220116"," 0.6918185128"
"Jul-1994"," 0.12205485863"," 0.49064513269"," 0.6976204076"
"Jul-1994"," 0.11520653262"," 0.48018827884"," 0.6996715435"
"Jul-1994"," 0.11964166309"," 0.44673893556"," 0.6942838119"
"Jul-1994"," 0.12630846473"," 0.41907563158"," 0.7005290848"
"Jul-1994"," 0.13964485617"," 0.40310148921"," 0.7130667803"
"Jul-1994"," 0.14008898188"," 0.35009704770"," 0.7013098554"
"Jul-1994"," 0.11928096229"," 0.28642466230"," 0.6899634419"
"Jul-1994"," 0.08502784941"," 0.25515486025"," 0.6717205045"
"Jul-1994"," 0.04909009647"," 0.24416567199"," 0.6554280331"
"Jul-1994"," 0.00432038320"," 0.25712930065"," 0.6495713603"
"Jul-1994","-0.04757273079"," 0.25647647759"," 0.6457889519"
"Jul-1994","-0.10344107440"," 0.24932266887"," 0.6393468024"
"Jul-1994","-0.14962420508"," 0.23908254194"," 0.6318346944"
"Jul-1994","-0.18109689143"," 0.22388370770"," 0.6228875216"
"Jul-1994","-0.21949758668"," 0.19773103323"," 0.6162952801"
"Jul-1994","-0.26626795677"," 0.19270985032"," 0.6249539954"
"Jul-1994","-0.32025700220"," 0.18336610735"," 0.6412690678"
"Jul-1994","-0.30019943987"," 0.16427687511"," 0.6366724944"
"Jul-1994","-0.25223709154"," 0.13127954047"," 0.6400859417"
"Jul-1994","-0.22941550151"," 0.11586803083"," 0.6649956188"
"Aug-1994","-0.22289841712"," 0.10737763177"," 0.6752487830"
"Aug-1994","-0.19613278094"," 0.11803066136"," 0.6861498303"
"Aug-1994","-0.17584790958"," 0.17671597882"," 0.6794161801"
"Aug-1994","-0.15838613105"," 0.19098601694"," 0.6708140282"
"Aug-1994","-0.12367762974"," 0.20319735481"," 0.6473700105"
"Aug-1994","-0.11898811568"," 0.14962006369"," 0.6231752487"
"Aug-1994","-0.14065111212"," 0.10828922361"," 0.6101231258"
"Aug-1994","-0.16552989274"," 0.11472092241"," 0.6069884382"
"Aug-1994","-0.17510317541"," 0.11915997833"," 0.6072314096"
"Aug-1994","-0.15098930649"," 0.13237955732"," 0.6241342308"
"Aug-1994","-0.12525888749"," 0.18507925412"," 0.6457839610"
"Aug-1994","-0.08913447409"," 0.28235270926"," 0.6484929618"
"Aug-1994","-0.01367022996"," 0.38524521062"," 0.5993652726"
"Aug-1994"," 0.08140132416"," 0.45667161677"," 0.5146266166"
"Aug-1994"," 0.14895520732"," 0.45555374975"," 0.4471561722"
"Aug-1994"," 0.17709944552"," 0.42174628741"," 0.3955631027"
"Aug-1994"," 0.18418454563"," 0.31076178638"," 0.2903191733"
"Aug-1994"," 0.13970795680"," 0.15884883746"," 0.1599583027"
"Aug-1994"," 0.06663049399"," 0.06285765882"," 0.0412662250"
"Aug-1994","-0.00638500547"," 0.00717434101","-0.0691412110"
"Aug-1994","-0.07135242318","-0.01639311184","-0.1605797982"
"Aug-1994","-0.15576532711","-0.04118189225","-0.2656437714"
"Aug-1994","-0.22410466637","-0.07376902524","-0.3902026255"
"Aug-1994","-0.26796499684","-0.08815943459","-0.5062424687"
"Aug-1994","-0.28100892420","-0.07617509924","-0.6029526986"
"Aug-1994","-0.26756698595","-0.01863324970","-0.6605767165"
"Aug-1994","-0.23140713347"," 0.05368402095","-0.6983987308"
"Aug-1994","-0.20116604668"," 0.10096560339","-0.7353233579"
"Aug-1994","-0.19611392412"," 0.07489055368","-0.7688427341"
"Aug-1994","-0.21061349495"," 0.03099950571","-0.7608977166"
"Aug-1994","-0.21678018741"," 0.03462667240","-0.7232231163"
"Sep-1994","-0.22422796940"," 0.01901023808","-0.7140813798"
"Sep-1994","-0.24643990463","-0.02029548825","-0.7238622755"
"Sep-1994","-0.27799763009","-0.06039631056","-0.7160689731"
"Sep-1994","-0.29752246903","-0.07107822925","-0.7008365597"
"Sep-1994","-0.28541055998","-0.06622210172","-0.7127068549"
"Sep-1994","-0.25430440758","-0.05502340881","-0.7176760006"
"Sep-1994","-0.24544599634","-0.02083886158","-0.6771466897"
"Sep-1994","-0.23839083234"," 0.06706014125","-0.5614854241"
"Sep-1994","-0.21230330780"," 0.18511630497","-0.4196005371"
"Sep-1994","-0.16054971223"," 0.29752294799","-0.3017145903"
"Sep-1994","-0.08426706762"," 0.37015494536","-0.2215884542"
"Sep-1994"," 0.00764883136"," 0.41596447579","-0.1781707949"
"Sep-1994"," 0.10141438588"," 0.49117247609","-0.1373222290"
"Sep-1994"," 0.21284063266"," 0.66437198993","-0.1045953501"
"Sep-1994"," 0.36366724274"," 0.86496646800","-0.1241011055"
"Sep-1994"," 0.44354831082"," 1.01911626659","-0.2087472068"
"Sep-1994"," 0.40425562214"," 0.97161966003","-0.3293326190"
"Sep-1994"," 0.31404303662"," 0.89964318675","-0.4037759519"
"Sep-1994"," 0.25884491709"," 0.81103381754","-0.4883787988"
"Sep-1994"," 0.23400117199"," 0.72353239207","-0.5982722944"
"Sep-1994"," 0.19207891132"," 0.64629634212","-0.6973903266"
"Sep-1994"," 0.15013717016"," 0.52233717351","-0.8004772968"
"Sep-1994"," 0.05868946318"," 0.43541376479","-0.8407588889"
"Sep-1994","-0.06301914125"," 0.41373050328","-0.8445130967"
"Sep-1994","-0.14641744576"," 0.41465771402","-0.8617492530"
"Sep-1994","-0.19077909606"," 0.41286018996","-0.8686975522"
"Sep-1994","-0.20608558454"," 0.36528907069","-0.8801094155"
"Sep-1994","-0.22313273324"," 0.31975269486","-0.8362982870"
"Sep-1994","-0.20729128349"," 0.41394952019","-0.6967749858"
"Sep-1994","-0.12044614378"," 0.55755609123","-0.5600927616"
"Oct-1994"," 0.04454523694"," 0.81783068153","-0.4066167854"
"Oct-1994"," 0.22072314864"," 1.15865569943","-0.2924640279"
"Oct-1994"," 0.29713129747"," 1.24083530752","-0.2287819159"
"Oct-1994"," 0.36524505197"," 0.95106054834","-0.3344254821"
"Oct-1994"," 0.43821348277"," 0.62720722732","-0.4358322250"
"Oct-1994"," 0.44123244434"," 0.40108201236","-0.4935537479"
"Oct-1994"," 0.37796059925"," 0.24744352725","-0.5577354363"
"Oct-1994"," 0.29250264617"," 0.16372481157","-0.6278029313"
"Oct-1994"," 0.16606112765"," 0.10894768357","-0.6872726470"
"Oct-1994"," 0.03020382123"," 0.03657257601","-0.7550744787"
"Oct-1994","-0.07619888171","-0.02195948832","-0.8262316524"
"Oct-1994","-0.14579491403","-0.04225789356","-0.8958890420"
"Oct-1994","-0.18629348509","-0.09186029195","-0.9327134454"
"Oct-1994","-0.19405134063","-0.14240681176","-0.9671241223"
"Oct-1994","-0.18551455918","-0.17301750795","-0.9978227098"
"Oct-1994","-0.17103740374","-0.15558534710","-1.0433609718"
"Oct-1994","-0.10783185100","-0.09155102597","-1.0441912457"
"Oct-1994","-0.05502311751"," 0.08286946311","-0.9599610118"
"Oct-1994","-0.00467072279"," 0.24704448196","-0.8626113387"
"Oct-1994"," 0.03330983966"," 0.37465530252","-0.7598897994"
"Oct-1994"," 0.05983176801"," 0.44804381836","-0.6763716403"
"Oct-1994"," 0.06622804404"," 0.46163108741","-0.5975906112"
"Oct-1994"," 0.03278984645"," 0.48634699918","-0.5190258948"
"Oct-1994"," 0.01624996078"," 0.50765523093","-0.4990542008"
"Oct-1994"," 0.03538834505"," 0.50308975586","-0.4905948372"
"Oct-1994"," 0.04404989700"," 0.49322054846","-0.5032239513"
"Oct-1994"," 0.07255678039"," 0.43997830037","-0.5695529822"
"Oct-1994"," 0.06723552630"," 0.36572645862","-0.6667922469"
"Oct-1994"," 0.02557935218"," 0.35934631393","-0.7141366448"
"Oct-1994"," 0.01381016760"," 0.41108903014","-0.7433269270"
"Oct-1994"," 0.01554026213"," 0.38189654185","-0.7930135964"
"Nov-1994","-0.06081171981"," 0.29872983100","-0.8169330881"
"Nov-1994","-0.13036207754"," 0.17812068166","-0.8408247850"
"Nov-1994","-0.17815053227"," 0.12867353280","-0.8296974027"
"Nov-1994","-0.19636016332"," 0.12979815235","-0.7901993405"
"Nov-1994","-0.19238654792"," 0.14983115372","-0.7287314816"
"Nov-1994","-0.21008858576"," 0.19436791992","-0.6560878734"
"Nov-1994","-0.19757965636"," 0.15442011585","-0.6123127361"
"Nov-1994","-0.17774969653"," 0.07917118933","-0.5732301760"
"Nov-1994","-0.20730566457"," 0.06437956214","-0.5267656769"
"Nov-1994","-0.26920635499"," 0.04329181525","-0.5053536026"
"Nov-1994","-0.32567554865"," 0.01047556590","-0.5386860028"
"Nov-1994","-0.34556119846","-0.07828611694","-0.6411023266"
"Nov-1994","-0.34103523243","-0.16643883882","-0.7392868181"
"Nov-1994","-0.36559986730","-0.17744487905","-0.7910452363"
"Nov-1994","-0.36744424000","-0.26699226305","-0.8413733776"
"Nov-1994","-0.36441185120","-0.39791763742","-0.8777215361"
"Nov-1994","-0.40443470955","-0.49063219387","-1.0039665417"
"Nov-1994","-0.50581280474","-0.65459629884","-1.0356359190"
"Nov-1994","-0.62461008553","-0.68450132607","-0.9665056977"
"Nov-1994","-0.70197751068","-0.61725344553","-0.8835718791"
"Nov-1994","-0.77034330084","-0.50133789322","-0.8136528124"
"Nov-1994","-0.79286417235","-0.40483510751","-0.7504600922"
"Nov-1994","-0.76031609719","-0.29493876236","-0.6560395063"
"Nov-1994","-0.61824297520","-0.23101007433","-0.5964815776"
"Nov-1994","-0.50579446153","-0.15316183395","-0.4616885085"
"Nov-1994","-0.45519667139","-0.00757266076","-0.3771325273"
"Nov-1994","-0.38765445450"," 0.06534106400","-0.3214006266"
"Nov-1994","-0.35670264184"," 0.20751269259","-0.2238322469"
"Nov-1994","-0.25884104935"," 0.26540344253","-0.2038694391"
"Nov-1994","-0.14155598249"," 0.20797544656","-0.1954271176"
"Dec-1994"," 0.00692992442"," 0.10699667152","-0.2541908854"
"Dec-1994"," 0.10595484304"," 0.01557513690","-0.2804978912"
"Dec-1994"," 0.11138303802"," 0.06604015659","-0.2768087274"
"Dec-1994"," 0.05812441906"," 0.11630530132","-0.2933352433"
"Dec-1994"," 0.02883758254"," 0.09508221020","-0.3417614886"
"Dec-1994"," 0.06481675444"," 0.00641394717","-0.4442709352"
"Dec-1994"," 0.09221548805","-0.09213309425","-0.4738796817"
"Dec-1994"," 0.08588898957","-0.13871088668","-0.4747753241"
"Dec-1994"," 0.09934640949","-0.18864715374","-0.4633886993"
"Dec-1994"," 0.11279957378","-0.17398564491","-0.4198930116"
"Dec-1994"," 0.07631409270","-0.19175666544","-0.3870141336"
"Dec-1994"," 0.16897230455","-0.36784138947","-0.4978177168"
"Dec-1994"," 0.18292282653","-0.47443275180","-0.4775330572"
"Dec-1994"," 0.18376558680","-0.50429585461","-0.4695046147"
"Dec-1994"," 0.20871260415","-0.52480899037","-0.4318379674"
"Dec-1994"," 0.22113891575","-0.45935405392","-0.3445701451"
"Dec-1994"," 0.20956945200","-0.36763094534","-0.2401631846"
"Dec-1994"," 0.23307553712","-0.31207985972","-0.1747575910"
"Dec-1994"," 0.30537865982","-0.28917380272","-0.1100043032"
"Dec-1994"," 0.38924082733","-0.21670691944","-0.0028284512"
"Dec-1994"," 0.44836431963","-0.03399138499"," 0.1526957800"
"Dec-1994"," 0.51078603048"," 0.06169516638"," 0.1680380337"
"Dec-1994"," 0.54131572928","-0.12726276111"," 0.1570064928"
"Dec-1994"," 0.55114908193","-0.46366240430"," 0.0210228721"
"Dec-1994"," 0.47513465168","-0.72465569890"," 0.0875204573"
"Dec-1994"," 0.38084859034","-0.67085663114"," 0.2637976807"
"Dec-1994"," 0.33635197072","-0.51959750349"," 0.3794317602"
"Dec-1994"," 0.34697899722","-0.36933692855"," 0.5117026016"
"Dec-1994"," 0.32649440504","-0.17747177175"," 0.6353257238"
"Dec-1994"," 0.26531221801"," 0.01733414217"," 0.7290432428"
"Dec-1994"," 0.30525201832"," 0.13419299386"," 0.7597912522"
"Jan-1995"," 0.35787259422"," 0.13671002867"," 0.7561145258"
"Jan-1995"," 0.37527648159"," 0.14007830914"," 0.7708324308"
"Jan-1995"," 0.42332574002"," 0.09888498584"," 0.7558989030"
"Jan-1995"," 0.44627606268"," 0.14669068221"," 0.7584933972"
"Jan-1995"," 0.43978520908"," 0.14387158811"," 0.6574315130"
"Jan-1995"," 0.47161687198"," 0.09343780623"," 0.5609705438"
"Jan-1995"," 0.41222736650"," 0.22990483694"," 0.5834867826"
"Jan-1995"," 0.38208595668"," 0.10618300516"," 0.3852636214"
"Jan-1995"," 0.41843665188","-0.15912122340"," 0.2546063809"
"Jan-1995"," 0.41164284188","-0.24295338162"," 0.2049169929"
"Jan-1995"," 0.37120601406","-0.30532499446"," 0.1619746858"
"Jan-1995"," 0.33595264614","-0.34910964601"," 0.1097915952"
"Jan-1995"," 0.32267825474","-0.33943772998"," 0.0616413099"
"Jan-1995"," 0.25213960174","-0.23764595007"," 0.0595152699"
"Jan-1995"," 0.09080776405","-0.25088549306","-0.0754785306"
"Jan-1995"," 0.08282230600","-0.58661346482","-0.3677767698"
"Jan-1995"," 0.11869670150","-0.89561109767","-0.4937535249"
"Jan-1995"," 0.08770123201","-0.93583094070","-0.4910058548"
"Jan-1995"," 0.00026866945","-0.89762793223","-0.4758137743"
"Jan-1995","-0.08332121150","-1.01056191865","-0.5557395036"
"Jan-1995","-0.13831517115","-1.25728746511","-0.6579554207"
"Jan-1995","-0.20239378714","-1.37117109242","-0.7071010852"
"Jan-1995","-0.28538975176","-1.32849103770","-0.6997184564"
"Jan-1995","-0.37289818182","-1.32083865724","-0.7787648551"
"Jan-1995","-0.37465494737","-1.45877920791","-0.8970837924"
"Jan-1995","-0.40359832569","-1.44006794131","-0.8490649745"
"Jan-1995","-0.45465256818","-1.35331868920","-0.8381831199"
"Jan-1995","-0.51574190190","-1.23206998699","-0.8263988060"
"Jan-1995","-0.56994490249","-1.13178043997","-0.8764083011"
"Jan-1995","-0.57545527503","-1.19176923101","-0.9648634694"
"Jan-1995","-0.59187475589","-1.35152633230","-1.0767826190"
"Feb-1995","-0.62601986397","-1.50250437846","-1.1428257893"
"Feb-1995","-0.68930730078","-1.54823287850","-1.1687015900"
"Feb-1995","-0.74000564838","-1.55487155709","-1.2027300374"
"Feb-1995","-0.82532500020","-1.54266456433","-1.2112138686"
"Feb-1995","-0.88665529028","-1.70254920040","-1.3953362915"
"Feb-1995","-0.93584534940","-1.92917874144","-1.4601545015"
"Feb-1995","-0.95622446814","-2.02893589533","-1.5126499896"
"Feb-1995","-0.99491351859","-2.01730468806","-1.5126411440"
"Feb-1995","-0.96450231690","-2.09280105085","-1.6770145155"
"Feb-1995","-0.95663656661","-2.13103835044","-1.6605786472"
"Feb-1995","-1.02358380326","-2.02152314169","-1.6222807125"
"Feb-1995","-1.06320666965","-1.96895808450","-1.6399393500"
"Feb-1995","-0.97351393059","-1.97153197361","-1.7028359844"
"Feb-1995","-0.87567515706","-1.94432813540","-1.7139337459"
"Feb-1995","-0.82793659585","-1.87290783589","-1.7168242855"
"Feb-1995","-0.80310334307","-1.79276432175","-1.6833474334"
"Feb-1995","-0.76788306630","-1.68575876498","-1.6372753078"
"Feb-1995","-0.69439427543","-1.60817029157","-1.6163218278"
"Feb-1995","-0.62336281385","-1.57264715760","-1.6073733971"
"Feb-1995","-0.58004635944","-1.57302717837","-1.6271994624"
"Feb-1995","-0.56949908920","-1.66554191858","-1.6986435111"
"Feb-1995","-0.57103555285","-1.89723750282","-1.7721453098"
"Feb-1995","-0.59634184023","-1.99822308911","-1.7203388897"
"Feb-1995","-0.65662289891","-1.89770765521","-1.6630903657"
"Feb-1995","-0.66734685091","-1.84404962730","-1.6809138650"
"Feb-1995","-0.62386776563","-1.81261412399","-1.6965506626"
"Feb-1995","-0.60425245800","-1.69998869893","-1.6727020173"
"Feb-1995","-0.61529187646","-1.54582539528","-1.6367745547"
"Mar-1995","-0.59021165075","-1.44783223765","-1.6261246753"
"Mar-1995","-0.49356602941","-1.44040145768","-1.6448883699"
"Mar-1995","-0.40965682992","-1.46614187538","-1.6668711916"
"Mar-1995","-0.39481941391","-1.40866755116","-1.5951052099"
"Mar-1995","-0.40680457140","-1.30978834388","-1.5221611741"
"Mar-1995","-0.40622760419","-1.18810595296","-1.4480353919"
"Mar-1995","-0.37819133411","-1.03385880047","-1.3804269878"
"Mar-1995","-0.36802464871","-0.84603929119","-1.2790065706"
"Mar-1995","-0.31750536749","-0.82695211407","-1.2330286635"
"Mar-1995","-0.21549953110","-0.94109909013","-1.1999576563"
"Mar-1995","-0.20148741263","-0.89370882128","-1.0904993829"
"Mar-1995","-0.21042374581","-0.72588338356","-0.9527245586"
"Mar-1995","-0.15666336678","-0.52977558144","-0.8330328006"
"Mar-1995","-0.08032048308","-0.31044300281","-0.7250528465"
"Mar-1995","-0.04049609822","-0.13023618084","-0.6276688053"
"Mar-1995","-0.00656494530","-0.01198789290","-0.5569679941"
"Mar-1995"," 0.03609805073"," 0.01739707191","-0.5002610024"
"Mar-1995"," 0.06935919969"," 0.05744082065","-0.4335516897"
"Mar-1995"," 0.08945289815"," 0.06840922286","-0.4044871131"
"Mar-1995"," 0.10332377393"," 0.05702809414","-0.4092507394"
"Mar-1995"," 0.10696728499"," 0.12842842964","-0.3960470232"
"Mar-1995"," 0.11487122583"," 0.24353080093","-0.3978550256"
"Mar-1995"," 0.13437471328"," 0.30798865262","-0.3749243397"
"Mar-1995"," 0.15394933569"," 0.31224480299","-0.3278957883"
"Mar-1995"," 0.17211439275"," 0.30170844541","-0.2576024857"
"Mar-1995"," 0.19254978845"," 0.32294228186","-0.1682944830"
"Mar-1995"," 0.19418908411"," 0.40092187367","-0.0550631745"
"Mar-1995"," 0.20246051274"," 0.45173027430"," 0.0256014913"
"Mar-1995"," 0.23490799376"," 0.44340862983"," 0.0686453610"
"Mar-1995"," 0.21079008934"," 0.43329891484"," 0.1151820455"
"Mar-1995"," 0.16275598239"," 0.44053193369"," 0.1530670344"
"Apr-1995"," 0.14118495879"," 0.43746111694"," 0.1770656500"
"Apr-1995"," 0.14432344470"," 0.41444572763"," 0.1938952715"
"Apr-1995"," 0.12940777657"," 0.36709955575"," 0.2121530192"
"Apr-1995"," 0.09593028783"," 0.38252750635"," 0.2424135440"
"Apr-1995"," 0.08277908941"," 0.43497559793"," 0.2546449690"
"Apr-1995"," 0.08964190654"," 0.47836977697"," 0.2669112491"
"Apr-1995"," 0.08837116259"," 0.46229922019"," 0.2423545054"
"Apr-1995"," 0.09481182917"," 0.38362699473"," 0.2267879049"
"Apr-1995"," 0.06806020720"," 0.35743650609"," 0.2172010049"
"Apr-1995"," 0.04141589297"," 0.33682202363"," 0.2083174558"
"Apr-1995"," 0.04226995266"," 0.34965071908"," 0.2032914220"
"Apr-1995"," 0.00505052321"," 0.40712927097"," 0.1815758769"
"Apr-1995"," 0.00890277996"," 0.39506179140"," 0.1454648468"
"Apr-1995"," 0.01631570986"," 0.31840910152"," 0.0858557513"
"Apr-1995"," 0.00836326958"," 0.22233002253"," 0.0511416442"
"Apr-1995","-0.03236334422"," 0.24476328485"," 0.0543692517"
"Apr-1995","-0.06841467829"," 0.32479629232"," 0.0468639605"
"Apr-1995","-0.07175233474"," 0.38862944671"," 0.0259685047"
"Apr-1995","-0.05486488199"," 0.43015505330","-0.0053166549"
"Apr-1995","-0.02530165004"," 0.45308406892","-0.0004519528"
"Apr-1995","-0.01124851616"," 0.50171821291"," 0.0312926531"
"Apr-1995"," 0.01830477377"," 0.51083489464"," 0.0408253837"
"Apr-1995"," 0.05849928785"," 0.47985421841"," 0.0578165398"
"Apr-1995"," 0.05287357323"," 0.46692141652"," 0.0707676680"
"Apr-1995"," 0.06854226666"," 0.35596263383","-0.0047721199"
"Apr-1995"," 0.08750074076"," 0.18652651168","-0.0904385954"
"Apr-1995"," 0.05149310021"," 0.09996333587","-0.1268808099"
"Apr-1995","-0.00843848370"," 0.01752049646","-0.1612289586"
"Apr-1995","-0.04266129360","-0.10083829814","-0.2026015684"
"Apr-1995","-0.07348011802","-0.19765457749","-0.2346563402"
"May-1995","-0.10610868317","-0.26317398595","-0.2501832570"
"May-1995","-0.15044557015","-0.30288545139","-0.2439897596"
"May-1995","-0.16423148020","-0.36949195880","-0.2655944500"
"May-1995","-0.16320858965","-0.44426826679","-0.2736021173"
"May-1995","-0.18341102663","-0.46898323908","-0.2665337120"
"May-1995","-0.20148634872","-0.49556924996","-0.3029086103"
"May-1995","-0.20367557371","-0.53533708436","-0.3555511878"
"May-1995","-0.20461867131","-0.54906680247","-0.3931524260"
"May-1995","-0.23713761747","-0.50796560720","-0.4034863778"
"May-1995","-0.26338725926","-0.45360613799","-0.4110879162"
"May-1995","-0.26053767885","-0.39773615670","-0.4388774206"
"May-1995","-0.23729037969","-0.39856384099","-0.4993482367"
"May-1995","-0.22020071144","-0.40883115420","-0.5330525600"
"May-1995","-0.21976175851","-0.38623888443","-0.5423351372"
"May-1995","-0.21707169063","-0.39645669865","-0.5518424670"
"May-1995","-0.21845231039","-0.44479696070","-0.5678201062"
"May-1995","-0.24428501111","-0.49428861755","-0.5823964402"
"May-1995","-0.30781619245","-0.47095233618","-0.5781267095"
"May-1995","-0.39200362169","-0.38968138404","-0.5638885797"
"May-1995","-0.46757510020","-0.37161724490","-0.5747073786"
"May-1995","-0.47944807064","-0.42739063562","-0.6476990916"
"May-1995","-0.48235950434","-0.48861954386","-0.6802107939"
"May-1995","-0.49928789912","-0.52668397863","-0.6889532995"
"May-1995","-0.51166750892","-0.52011394100","-0.6836194938"
"May-1995","-0.50008766291","-0.44727020771","-0.6724906102"
"May-1995","-0.48195356919","-0.42188303553","-0.6844635231"
"May-1995","-0.47223467814","-0.42988883765","-0.7059943645"
"May-1995","-0.48338279845","-0.41513707975","-0.7144578669"
"May-1995","-0.48984789819","-0.38946230841","-0.7257875224"
"May-1995","-0.47682139687","-0.36585310730","-0.7406807173"
"May-1995","-0.46410361172","-0.35931407260","-0.7688228305"
"Jun-1995","-0.45782165056","-0.38283396413","-0.8136958429"
"Jun-1995","-0.46024900704","-0.39197853676","-0.8527398554"
"Jun-1995","-0.45073185458","-0.36557860219","-0.8943707339"
"Jun-1995","-0.41562244415","-0.32727941417","-0.9593933677"
"Jun-1995","-0.37127209327","-0.25391708641","-0.9613218007"
"Jun-1995","-0.34570892762","-0.23515356109","-1.0838132883"
"Jun-1995","-0.34761460332","-0.42920207577","-1.2332263110"
"Jun-1995","-0.40359986652","-0.56551209543","-1.3212944618"
"Jun-1995","-0.45514379924","-0.65226134754","-1.3736373422"
"Jun-1995","-0.47174374057","-0.74494654515","-1.4185177800"
"Jun-1995","-0.49441443939","-0.82735767702","-1.4653673895"
"Jun-1995","-0.54166298018","-0.89591366983","-1.5026668206"
"Jun-1995","-0.58714547376","-0.99972381096","-1.5547427084"
"Jun-1995","-0.57931736374","-1.13482401173","-1.6719340687"
"Jun-1995","-0.58954670953","-1.21479882999","-1.7110876375"
"Jun-1995","-0.59892221575","-1.16505368895","-1.6998840528"
"Jun-1995","-0.57803363279","-1.05914632877","-1.6948324558"
"Jun-1995","-0.50890659957","-0.99175083201","-1.7059244150"
"Jun-1995","-0.45750886220","-1.02531074066","-1.7289711493"
"Jun-1995","-0.49035805944","-1.08035333125","-1.7385322022"
"Jun-1995","-0.57968228348","-1.09125667428","-1.7079733598"
"Jun-1995","-0.64478382671","-1.03133411678","-1.6570963012"
"Jun-1995","-0.65639848812","-0.97560934428","-1.6752625897"
"Jun-1995","-0.64196179780","-0.96382517748","-1.6711238802"
"Jun-1995","-0.64222568317","-0.92503293718","-1.6402753225"
"Jun-1995","-0.64667079234","-0.88171327086","-1.6041864065"
"Jun-1995","-0.64553274314","-0.89410757299","-1.5847669164"
"Jun-1995","-0.64897304816","-0.94316448421","-1.5633727769"
"Jun-1995","-0.68230925753","-1.00023682725","-1.5611174605"
"Jun-1995","-0.72074454806","-1.07270811435","-1.5587815595"
"Jul-1995","-0.76391785209","-1.11820145012","-1.5454655279"
"Jul-1995","-0.82664673827","-1.13352306301","-1.5249150930"
"Jul-1995","-0.90028818130","-1.11010868713","-1.4790754296"
"Jul-1995","-0.95888170169","-1.04664081538","-1.4495462534"
"Jul-1995","-0.97696799302","-0.94410273387","-1.4141668154"
"Jul-1995","-0.96562847970","-0.84345001806","-1.3541792640"
"Jul-1995","-0.93467402562","-0.77646789370","-1.3158441208"
"Jul-1995","-0.91183765096","-0.73723591677","-1.2816877766"
"Jul-1995","-0.90805869366","-0.69715400154","-1.2565535499"
"Jul-1995","-0.90577452424","-0.68329815787","-1.2525702073"
"Jul-1995","-0.93076846351","-0.69451129533","-1.2496945592"
"Jul-1995","-0.95117711481","-0.66647930309","-1.2295129231"
"Jul-1995","-0.93883782338","-0.62010003510","-1.1969830019"
"Jul-1995","-0.88679139687","-0.53195588600","-1.1423812751"
"Jul-1995","-0.82543219790","-0.44871783317","-1.0935605056"
"Jul-1995","-0.79780406415","-0.40994661380","-1.0562000476"
"Jul-1995","-0.78655729408","-0.41267011553","-1.0397759465"
"Jul-1995","-0.79863772619","-0.46439280901","-1.0358494920"
"Jul-1995","-0.83456638090","-0.48933801329","-1.0499253974"
"Jul-1995","-0.86595934767","-0.49848834025","-1.0760596696"
"Jul-1995","-0.88274121692","-0.50029954552","-1.0750284210"
"Jul-1995","-0.90173124134","-0.49698205584","-1.0634857394"
"Jul-1995","-0.90217837534","-0.45693390327","-1.0370201205"
"Jul-1995","-0.87896816613","-0.39441984137","-0.9949402644"
"Jul-1995","-0.84270489466","-0.32562204919","-0.9560616412"
"Jul-1995","-0.80735753616","-0.24777151882","-0.9028050213"
"Jul-1995","-0.76895493322","-0.14870230116","-0.8246176652"
"Jul-1995","-0.71540905965","-0.02562477837","-0.7124113160"
"Jul-1995","-0.61859255300"," 0.19524866938","-0.5958077857"
"Jul-1995","-0.41400699466"," 0.48484844991","-0.5059056637"
"Jul-1995","-0.21132010492"," 0.60924852951","-0.4522284697"
"Aug-1995","-0.10265792252"," 0.60891965184","-0.3715374698"
"Aug-1995","-0.00680039870"," 0.57091745780","-0.2868831721"
"Aug-1995"," 0.07868290470"," 0.51917227545","-0.1872945756"
"Aug-1995"," 0.11622697221"," 0.71499159765","-0.0891941990"
"Aug-1995"," 0.18190394182"," 0.83917195573","-0.0152017102"
"Aug-1995"," 0.30910292470"," 0.87892317303"," 0.0886728070"
"Aug-1995"," 0.43908736014"," 0.86756441575"," 0.1859492802"
"Aug-1995"," 0.53265146957"," 0.76778782631"," 0.2915711786"
"Aug-1995"," 0.59361438191"," 0.69717266350"," 0.4074104528"
"Aug-1995"," 0.64104540092"," 0.65568369673"," 0.5219934823"
"Aug-1995"," 0.66531335277"," 0.63604580657"," 0.6376304021"
"Aug-1995"," 0.67986879701"," 0.64685015160"," 0.7424919397"
"Aug-1995"," 0.66520002844"," 0.67209193883"," 0.8206689488"
"Aug-1995"," 0.63544976916"," 0.69776770838"," 0.8578307042"
"Aug-1995"," 0.60958614179"," 0.68050312775"," 0.8377856887"
"Aug-1995"," 0.57106827015"," 0.62841168730"," 0.7937728145"
"Aug-1995"," 0.50827576973"," 0.61395093419"," 0.7459634924"
"Aug-1995"," 0.43530286319"," 0.63386397535"," 0.7156783377"
"Aug-1995"," 0.36943240944"," 0.65667796305"," 0.7107226633"
"Aug-1995"," 0.31103794953"," 0.67708939980"," 0.7523194982"
"Aug-1995"," 0.25115405795"," 0.73619707347"," 0.8073577052"
"Aug-1995"," 0.22468051898"," 0.83414308081"," 0.8516869129"
"Aug-1995"," 0.25994027033"," 0.94366950463"," 0.8751956093"
"Aug-1995"," 0.34941263411"," 1.02864929973"," 0.8799541636"
"Aug-1995"," 0.43334432237"," 1.07729266239"," 0.8501922819"
"Aug-1995"," 0.50216630807"," 1.09001202554"," 0.8045002759"
"Aug-1995"," 0.53437217238"," 1.09382057111"," 0.7318731012"
"Aug-1995"," 0.54965323717"," 1.06466830443"," 0.6432636208"
"Aug-1995"," 0.56085183798"," 0.95068250837"," 0.5165497552"
"Aug-1995"," 0.56835828154"," 0.85055989569"," 0.3792351481"
"Aug-1995"," 0.59626901072"," 0.81788844413"," 0.2654076102"
"Sep-1995"," 0.60433572918"," 0.84618766048"," 0.1772239790"
"Sep-1995"," 0.58458262737"," 0.86430517399"," 0.1173248841"
"Sep-1995"," 0.56776216402"," 0.86514565873"," 0.1009743074"
"Sep-1995"," 0.58100361102"," 0.94194432074"," 0.1551481157"
"Sep-1995"," 0.63521229801"," 1.06142603208"," 0.2621547236"
"Sep-1995"," 0.73305804196"," 1.16388572550"," 0.3612033702"
"Sep-1995"," 0.87195617506"," 1.26368797456"," 0.4636998730"
"Sep-1995"," 0.99241307579"," 1.33406063339"," 0.5586933568"
"Sep-1995"," 1.05030562889"," 1.38488500522"," 0.6560933040"
"Sep-1995"," 1.06508834546"," 1.45479825699"," 0.7547094064"
"Sep-1995"," 1.06366168424"," 1.54692915979"," 0.8493518640"
"Sep-1995"," 1.08379925965"," 1.65247164837"," 0.9266534377"
"Sep-1995"," 1.11711818971"," 1.74006144393"," 1.0137946211"
"Sep-1995"," 1.16735326129"," 1.79553120558"," 1.1110850526"
"Sep-1995"," 1.23171876503"," 1.83288944292"," 1.2027246958"
"Sep-1995"," 1.27625485922"," 1.86890063818"," 1.2729550644"
"Sep-1995"," 1.28059163342"," 1.86479263248"," 1.3357471740"
"Sep-1995"," 1.25762590248"," 1.86087340411"," 1.4025303358"
"Sep-1995"," 1.23998098537"," 1.86985932159"," 1.4482048128"
"Sep-1995"," 1.22377766085"," 1.89407889289"," 1.4595890841"
"Sep-1995"," 1.20701274073"," 1.86935986908"," 1.4266146487"
"Sep-1995"," 1.19489177014"," 1.80106064865"," 1.3703184117"
"Sep-1995"," 1.17787855637"," 1.74551026764"," 1.3136204280"
"Sep-1995"," 1.19181014817"," 1.72453426048"," 1.2628625827"
"Sep-1995"," 1.21505209112"," 1.71270957848"," 1.2242784223"
"Sep-1995"," 1.20036714384"," 1.71608566840"," 1.1985168847"
"Sep-1995"," 1.14847960618"," 1.72215349379"," 1.1587378716"
"Sep-1995"," 1.12283198841"," 1.72934147619"," 1.0955478700"
"Sep-1995"," 1.15367825427"," 1.81410566000"," 1.0459037246"
"Sep-1995"," 1.26004272996"," 1.94344119472"," 0.9983139614"
"Oct-1995"," 1.38152329166"," 2.01801792134"," 0.9549860570"
"Oct-1995"," 1.51060806620"," 2.00493673990"," 0.9013381185"
"Oct-1995"," 1.58346295255"," 2.01072512790"," 0.8807021080"
"Oct-1995"," 1.58137586254"," 2.19346021534"," 0.9478979721"
"Oct-1995"," 1.56678149401"," 2.56810485014"," 1.0279539516"
"Oct-1995"," 1.55873631048"," 2.31737881004"," 0.8287689274"
"Oct-1995"," 1.52410000803"," 1.98627761460"," 0.6957897036"
"Oct-1995"," 1.43420017417"," 1.73981482972"," 0.5765881894"
"Oct-1995"," 1.29945600688"," 1.50959405721"," 0.4527905887"
"Oct-1995"," 1.14734328123"," 1.35000383155"," 0.3508972945"
"Oct-1995"," 1.04525897260"," 1.36368921782"," 0.3174389046"
"Oct-1995"," 1.09846780810"," 1.38650813780"," 0.2807575735"
"Oct-1995"," 1.16732981868"," 1.37949213946"," 0.2473530284"
"Oct-1995"," 1.18666513561"," 1.40542403548"," 0.2310351968"
"Oct-1995"," 1.21395854253"," 1.37248424415"," 0.1581534459"
"Oct-1995"," 1.33930111956"," 1.18148370505","-0.0690457137"
"Oct-1995"," 1.39904057673"," 1.07818939866","-0.2047930176"
"Oct-1995"," 1.38298986769"," 1.16097685208","-0.2832028945"
"Oct-1995"," 1.38843919403"," 1.20064604080","-0.4126257204"
"Oct-1995"," 1.39735201122"," 1.17980320531","-0.5301489549"
"Oct-1995"," 1.35197697214"," 0.97670177629","-0.6243027511"
"Oct-1995"," 1.27990002117"," 0.72072825538","-0.7119592952"
"Oct-1995"," 1.14021624855"," 0.74923233769","-0.6558579871"
"Oct-1995"," 1.01683030465"," 0.90812382307","-0.5810038588"
"Oct-1995"," 1.02238033520"," 0.96787198909","-0.5273431794"
"Oct-1995"," 1.05324281645"," 0.98668824288","-0.4707208300"
"Oct-1995"," 1.00866871513"," 1.03207987965","-0.3941710149"
"Oct-1995"," 0.90987183925"," 1.08889486314","-0.3062572166"
"Oct-1995"," 0.96090073142"," 1.03584949541","-0.3284213336"
"Oct-1995"," 1.08716641197"," 0.95888548443","-0.3021426906"
"Oct-1995"," 1.08206116748"," 1.06019595559","-0.2085260445"
"Nov-1995"," 1.00119345502"," 1.18542512871","-0.1592131647"
"Nov-1995"," 0.97161154969"," 1.23342154008","-0.2220730368"
"Nov-1995"," 0.98236657508"," 1.18102136211","-0.3436814201"
"Nov-1995"," 0.98939903019"," 1.01930115293","-0.4810197644"
"Nov-1995"," 1.06580956364"," 0.77929320161","-0.6568316985"
"Nov-1995"," 0.98269480841"," 0.70165904586","-0.6765135554"
"Nov-1995"," 0.82075126148"," 0.75095898952","-0.6726519419"
"Nov-1995"," 0.63986486885"," 0.75272327938","-0.7181539693"
"Nov-1995"," 0.71517070105"," 0.59254341086","-0.9465381620"
"Nov-1995"," 0.73910399944"," 0.49839338351","-0.9684983015"
"Nov-1995"," 0.57390981623"," 0.68199890170","-0.8428862874"
"Nov-1995"," 0.45514177451"," 0.63953428211","-0.8647243732"
"Nov-1995"," 0.52709256090"," 0.46894283106","-0.9394652933"
"Nov-1995"," 0.43713700039"," 0.50461557766","-0.8845064537"
"Nov-1995"," 0.38260022681"," 0.44335449213","-0.9224486553"
"Nov-1995"," 0.32823562258"," 0.40165361329","-0.8113452127"
"Nov-1995"," 0.23012812107"," 0.53441755537","-0.6507519366"
"Nov-1995"," 0.21742420338"," 0.67861288849","-0.5277992579"
"Nov-1995"," 0.29117016600"," 0.76516843101","-0.4687679295"
"Nov-1995"," 0.33813908296"," 0.76749811332","-0.4334483416"
"Nov-1995"," 0.34555039865"," 0.78238674210","-0.3760317096"
"Nov-1995"," 0.39787564190"," 0.73695811320","-0.3999757500"
"Nov-1995"," 0.39627002437"," 0.70809309337","-0.3292277080"
"Nov-1995"," 0.30634597748"," 0.85341803704","-0.2079543233"
"Nov-1995"," 0.30015063293"," 0.86920422414","-0.2441528361"
"Nov-1995"," 0.36788882863"," 0.73342824170","-0.3269596912"
"Nov-1995"," 0.36723625073"," 0.74906405285","-0.2365069883"
"Nov-1995"," 0.26759991635"," 0.89709523526","-0.1801898139"
"Nov-1995"," 0.28680547344"," 0.94338895160","-0.2102849494"
"Nov-1995"," 0.37303611575"," 0.86250142586","-0.3259818816"
"Dec-1995"," 0.42757787867"," 0.70706600387","-0.3890425663"
"Dec-1995"," 0.39332942497"," 0.71689035097","-0.3559238413"
"Dec-1995"," 0.35246593417"," 0.73354086219","-0.3547828335"
"Dec-1995"," 0.31424118696"," 0.73921798020","-0.3542622791"
"Dec-1995"," 0.27731392810"," 0.72452294358","-0.3661185349"
"Dec-1995"," 0.23355111011"," 0.73286672461","-0.3388394002"
"Dec-1995"," 0.18866667842"," 0.78030666861","-0.2899360172"
"Dec-1995"," 0.19009561419"," 0.80694423360","-0.2847940161"
"Dec-1995"," 0.22131087199"," 0.84099877991","-0.2640717402"
"Dec-1995"," 0.25797585968"," 0.79034680316","-0.2955424555"
"Dec-1995"," 0.39053608483"," 0.62119428735","-0.4616942492"
"Dec-1995"," 0.38410972595"," 0.62058421075","-0.3892957223"
"Dec-1995"," 0.30928679700"," 0.78034289741","-0.3291497607"
"Dec-1995"," 0.32085471992"," 0.88572038933","-0.3002486663"
"Dec-1995"," 0.40788758401"," 0.92903647387","-0.2588434737"
"Dec-1995"," 0.47718425520"," 0.96914263949","-0.1636807864"
"Dec-1995"," 0.52059169191"," 1.00586461215","-0.0881765840"
"Dec-1995"," 0.59917758288"," 1.05900715763"," 0.0188069360"
"Dec-1995"," 0.59729681726"," 1.20062537218"," 0.1698386722"
"Dec-1995"," 0.49441718389"," 1.15505634933"," 0.1499387984"
"Dec-1995"," 0.51682766598"," 0.94583283978"," 0.0474150283"
"Dec-1995"," 0.52420831184"," 0.91735071788"," 0.1142225359"
"Dec-1995"," 0.50136885552"," 0.98910418145"," 0.1376881808"
"Dec-1995"," 0.48227610915"," 0.96382863156"," 0.0806344639"
"Dec-1995"," 0.48113321733"," 0.87815884511"," 0.0714131165"
"Dec-1995"," 0.42121876598"," 0.90036398928"," 0.1098582622"
"Dec-1995"," 0.32974523177"," 0.95296985524"," 0.1500559424"
"Dec-1995"," 0.30444617161"," 1.01188804698"," 0.1987478007"
"Dec-1995"," 0.36169267698"," 1.06538325079"," 0.2338201567"
"Dec-1995"," 0.43969668476"," 1.16576780300"," 0.3204301547"
"Dec-1995"," 0.48572485204"," 1.30089706902"," 0.4198565268"
"Jan-1996"," 0.51332489102"," 1.32425388599"," 0.4213176222"
"Jan-1996"," 0.54829412267"," 1.29738074570"," 0.4633394947"
"Jan-1996"," 0.48239927246"," 1.23825222727"," 0.4995163802"
"Jan-1996"," 0.43092478711"," 1.12498026193"," 0.4578629413"
"Jan-1996"," 0.43725473411"," 1.10830479570"," 0.5071261962"
"Jan-1996"," 0.45691087372"," 1.19518492950"," 0.5127213543"
"Jan-1996"," 0.45126219341"," 1.18315955050"," 0.5127701677"
"Jan-1996"," 0.42689195984"," 0.97193969886"," 0.3175852441"
"Jan-1996"," 0.41309383321"," 0.60742028051"," 0.1079311488"
"Jan-1996"," 0.28354963472"," 0.54503439928"," 0.1724776187"
"Jan-1996"," 0.12422681836"," 0.62596220535"," 0.1704343545"
"Jan-1996","-0.01870190414"," 0.67904620931"," 0.1661560622"
"Jan-1996","-0.08771832783"," 0.64391114042"," 0.0238605828"
"Jan-1996","-0.12180547137"," 0.53757831200","-0.0169537772"
"Jan-1996","-0.22204903925"," 0.66909338794"," 0.0881307682"
"Jan-1996","-0.27643029912"," 0.81470722255"," 0.1317258275"
"Jan-1996","-0.21840097907"," 0.93898329044"," 0.1677384193"
"Jan-1996","-0.08948389812"," 1.06875832692"," 0.1961765372"
"Jan-1996","-0.03839854556"," 1.08307939070"," 0.2432506964"
"Jan-1996"," 0.03643623310"," 0.97467183209"," 0.2565823905"
"Jan-1996"," 0.11399288677"," 0.94976643839"," 0.3478013784"
"Jan-1996"," 0.13532937413"," 0.94865790748"," 0.3768438003"
"Jan-1996"," 0.18251962022"," 0.92796215976"," 0.4262569443"
"Jan-1996"," 0.19775798203"," 1.01578811781"," 0.5053997524"
"Jan-1996"," 0.20258595061"," 1.04536996297"," 0.5335308288"
"Jan-1996"," 0.26765693406"," 1.01713698014"," 0.5624485189"
"Jan-1996"," 0.26936531023"," 1.09670324085"," 0.6361130289"
"Jan-1996"," 0.29218381861"," 1.03572640757"," 0.6401296847"
"Jan-1996"," 0.32626758700"," 0.97067345229"," 0.7081575269"
"Jan-1996"," 0.31244366982"," 1.02722273832"," 0.7808990053"
"Jan-1996"," 0.31463916818"," 1.01079218349"," 0.8200200318"
"Feb-1996"," 0.34363680571"," 0.96076355354"," 0.8369599805"
"Feb-1996"," 0.37828139929"," 0.92452388783"," 0.8636166330"
"Feb-1996"," 0.33935784930"," 0.92465547413"," 0.8949672017"
"Feb-1996"," 0.29933018503"," 0.77766823319"," 0.8262287860"
"Feb-1996"," 0.27478554425"," 0.51781658627"," 0.7466878830"
"Feb-1996"," 0.18100234357"," 0.44246778099"," 0.8021994134"
"Feb-1996"," 0.07111369771"," 0.58512253858"," 0.8483736697"
"Feb-1996"," 0.03308445239"," 0.71489234919"," 0.8642472305"
"Feb-1996"," 0.01938919446"," 0.85667808525"," 0.8439417552"
"Feb-1996"," 0.01465085079"," 0.87313382995"," 0.8114176771"
"Feb-1996"," 0.00519019541"," 0.84436240609"," 0.8032033948"
"Feb-1996","-0.00370512236"," 0.81690114961"," 0.7894573753"
"Feb-1996"," 0.01341873763"," 0.75419901500"," 0.7692728176"
"Feb-1996","-0.00511395397"," 0.78722171568"," 0.8302464968"
"Feb-1996","-0.06080741345"," 0.87561030644"," 0.8268873000"
"Feb-1996","-0.08184817164"," 0.84603638817"," 0.7770275318"
"Feb-1996","-0.05701770703"," 0.67579824134"," 0.6895055796"
"Feb-1996","-0.07218130193"," 0.52312988959"," 0.6896466637"
"Feb-1996","-0.14254426371"," 0.56323564419"," 0.6869174964"
"Feb-1996","-0.20983899405"," 0.65382403377"," 0.6466686900"
"Feb-1996","-0.21720815706"," 0.66551401744"," 0.5524197827"
"Feb-1996","-0.20032697769"," 0.62160318161"," 0.4586719937"
"Feb-1996","-0.20203040120"," 0.59583651712"," 0.3687484474"
"Feb-1996","-0.22458392361"," 0.57728325977"," 0.2791907782"
"Feb-1996","-0.24076186114"," 0.54251899298"," 0.1904165984"
"Feb-1996","-0.26533108181"," 0.49073294313"," 0.1285179807"
"Feb-1996","-0.30330889277"," 0.46617040192"," 0.0856378772"
"Feb-1996","-0.35847171998"," 0.46399561682"," 0.0568170023"
"Feb-1996","-0.39044224095"," 0.43424313811"," 0.0242540114"
"Mar-1996","-0.36505073103"," 0.38598296696"," 0.0012416047"
"Mar-1996","-0.38431447277"," 0.38394041406"," 0.0044832516"
"Mar-1996","-0.42467550647"," 0.36331641934","-0.0249218014"
"Mar-1996","-0.43941247508"," 0.31833234193","-0.0081737790"
"Mar-1996","-0.44735728459"," 0.37849716854"," 0.0939321761"
"Mar-1996","-0.45547107171"," 0.48494749102"," 0.1870355310"
"Mar-1996","-0.43801747425"," 0.50258222784"," 0.2163871855"
"Mar-1996","-0.39780447022"," 0.37105135684"," 0.1948556949"
"Mar-1996","-0.33537483510"," 0.09833214337"," 0.1145183588"
"Mar-1996","-0.37008902281","-0.05848420080"," 0.1550277873"
"Mar-1996","-0.45070561677","-0.06544165763"," 0.1537399741"
"Mar-1996","-0.46253955287","-0.13282388419"," 0.0870293630"
"Mar-1996","-0.50446643603","-0.12247818289"," 0.1366106149"
"Mar-1996","-0.58377017004"," 0.01715936718"," 0.1753870669"
"Mar-1996","-0.61724930967"," 0.13430511342"," 0.1935420346"
"Mar-1996","-0.60813346987"," 0.21506387131"," 0.2133389256"
"Mar-1996","-0.58600184120"," 0.27518007969"," 0.2557918815"
"Mar-1996","-0.56168781122"," 0.33565241074"," 0.3368640153"
"Mar-1996","-0.56171279467"," 0.34667477449"," 0.4031086473"
"Mar-1996","-0.56100390312"," 0.16975326493"," 0.4392939727"
"Mar-1996","-0.59624879647","-0.00176839146"," 0.4862142663"
"Mar-1996","-0.63962534322","-0.03614206831"," 0.5049524790"
"Mar-1996","-0.66108575729"," 0.06049506342"," 0.5378570418"
"Mar-1996","-0.67191580639"," 0.21092979497"," 0.5615644814"
"Mar-1996","-0.67184720280"," 0.40048047734"," 0.5805444481"
"Mar-1996","-0.65518008865"," 0.55367317790"," 0.5499997669"
"Mar-1996","-0.57393905526"," 0.60554924193"," 0.4795733737"
"Mar-1996","-0.51367685340"," 0.67058053039"," 0.4066085223"
"Mar-1996","-0.46356365408"," 0.69486081576"," 0.3506271174"
"Mar-1996","-0.37867305637"," 0.68552664377"," 0.3087493317"
"Mar-1996","-0.31206626963"," 0.70120484908"," 0.3045521922"
"Apr-1996","-0.27895447105"," 0.74088513543"," 0.3148889031"
"Apr-1996","-0.21084123016"," 0.71013328196"," 0.3001250657"
"Apr-1996","-0.15681039890"," 0.64582169600"," 0.2874873900"
"Apr-1996","-0.16052819995"," 0.70360616695"," 0.2925162236"
"Apr-1996","-0.14674893014"," 0.76952591248"," 0.2626408497"
"Apr-1996","-0.09489628125"," 0.76601541781"," 0.2127913473"
"Apr-1996","-0.07179341649"," 0.74187928432"," 0.1753023028"
"Apr-1996","-0.05655237657"," 0.69317097991"," 0.1440554068"
"Apr-1996","-0.07371123540"," 0.67104316692"," 0.1435889407"
"Apr-1996","-0.09641524548"," 0.64372694309"," 0.1080867997"
"Apr-1996","-0.09048099813"," 0.57910820499"," 0.0672969073"
"Apr-1996","-0.11089746364"," 0.61009604478"," 0.0801685870"
"Apr-1996","-0.15004619484"," 0.71707758603"," 0.0768612875"
"Apr-1996","-0.15535215069"," 0.75671383413"," 0.0204978965"
"Apr-1996","-0.12623748350"," 0.75095961982","-0.0298835216"
"Apr-1996","-0.12333852318"," 0.74384145273","-0.0932902417"
"Apr-1996","-0.09791230792"," 0.63987899796","-0.1891400494"
"Apr-1996","-0.09579843682"," 0.60273466909","-0.1815105945"
"Apr-1996","-0.11996029157"," 0.65326016798","-0.1673838874"
"Apr-1996","-0.11359116348"," 0.66734348391","-0.1719066524"
"Apr-1996","-0.08135264827"," 0.65286306037","-0.1678906864"
"Apr-1996","-0.04482398728"," 0.63650026574","-0.1581315802"
"Apr-1996","-0.03169670840"," 0.62635191453","-0.1289863377"
"Apr-1996","-0.03163694623"," 0.55253270457","-0.1656141892"
"Apr-1996","-0.01111552089"," 0.39127554295","-0.2534097073"
"Apr-1996","-0.05390765309"," 0.26944265863","-0.2921041544"
"Apr-1996","-0.12241428239"," 0.18762375319","-0.3374081690"
"Apr-1996","-0.16386952503"," 0.08848096229","-0.3945490845"
"Apr-1996","-0.20223434097"," 0.03209056628","-0.4084079064"
"Apr-1996","-0.26085438563"," 0.04778333357","-0.4189978545"
"May-1996","-0.28209688241","-0.04391035745","-0.5614155500"
"May-1996","-0.29612976539","-0.22133490130","-0.6792422552"
"May-1996","-0.34268064067","-0.31111856521","-0.7363089565"
"May-1996","-0.40167840864","-0.32222131344","-0.7587887171"
"May-1996","-0.43294620138","-0.30568031068","-0.7580928322"
"May-1996","-0.43715963586","-0.29457621194","-0.7598901224"
"May-1996","-0.42837030514","-0.29816990955","-0.7694107612"
"May-1996","-0.42425614409","-0.30564643059","-0.7692521481"
"May-1996","-0.42054336908","-0.29707828933","-0.7821200542"
"May-1996","-0.41007394741","-0.29729648420","-0.8081139322"
"May-1996","-0.39952275172","-0.29932940740","-0.8393833887"
"May-1996","-0.40308437872","-0.34850539805","-0.9048948055"
"May-1996","-0.40383791763","-0.47781198496","-0.9982933130"
"May-1996","-0.43002189075","-0.61256275687","-1.0582924287"
"May-1996","-0.47384311351","-0.68737758365","-1.0836566018"
"May-1996","-0.51551597995","-0.67771371194","-1.0171994307"
"May-1996","-0.53433053326","-0.68688206523","-0.9585199400"
"May-1996","-0.54490550173","-0.72523785708","-0.9068213720"
"May-1996","-0.56681847939","-0.75166873587","-0.8502660142"
"May-1996","-0.60291900994","-0.78439144796","-0.8126358856"
"May-1996","-0.64226137202","-0.81890745645","-0.7780947962"
"May-1996","-0.68142096240","-0.81790819912","-0.7755359686"
"May-1996","-0.71140949993","-0.90135516942","-0.8731099072"
"May-1996","-0.73687801463","-1.01915426718","-0.9196687059"
"May-1996","-0.78261790008","-1.07159801366","-0.9341375530"
"May-1996","-0.82432022571","-1.16100782215","-0.9454128362"
"May-1996","-0.85828670764","-1.22648971002","-0.9489848966"
"May-1996","-0.90781468531","-1.25133808886","-0.9503683077"
"May-1996","-0.96079291001","-1.27070282441","-0.9704756485"
"May-1996","-0.99934379943","-1.33546665388","-1.0012315298"
"May-1996","-1.02147583165","-1.39684499860","-1.0413911899"
"Jun-1996","-1.02223854217","-1.37823419794","-1.0756723064"
"Jun-1996","-1.01209306152","-1.28232375610","-1.0565973504"
"Jun-1996","-0.98027057023","-1.20415867516","-1.0278858695"
"Jun-1996","-0.95206546927","-1.16807543333","-1.0224202311"
"Jun-1996","-0.94723592318","-1.14632787597","-1.0371982297"
"Jun-1996","-0.94484257499","-1.11232852428","-1.0325810435"
"Jun-1996","-0.94752647956","-1.04388550427","-1.0084299012"
"Jun-1996","-0.97111041325","-0.96843130077","-0.9789572886"
"Jun-1996","-1.00710862540","-0.89477608927","-0.9344326650"
"Jun-1996","-1.01126967168","-0.86044568734","-0.9124351953"
"Jun-1996","-0.98513335421","-0.84120331941","-0.8816802472"
"Jun-1996","-0.95641622099","-0.81122031513","-0.8580505926"
"Jun-1996","-0.94210749288","-0.80534050371","-0.8306826362"
"Jun-1996","-0.94659956066","-0.78839434902","-0.8122101177"
"Jun-1996","-0.96574260411","-0.75608641856","-0.8138209594"
"Jun-1996","-0.98757307402","-0.73745424466","-0.8387835075"
"Jun-1996","-1.01482117322","-0.72916583439","-0.8651188762"
"Jun-1996","-1.04155041649","-0.72283466025","-0.9066132963"
"Jun-1996","-1.06069140550","-0.76064155931","-0.9446178232"
"Jun-1996","-1.10331837547","-0.81575895621","-0.9602953595"
"Jun-1996","-1.14359066474","-0.85053678679","-0.9724741164"
"Jun-1996","-1.16005519651","-0.89097341546","-0.9886144669"
"Jun-1996","-1.16673953426","-0.94560333827","-1.0154151656"
"Jun-1996","-1.17419711151","-1.00310619927","-1.0580199177"
"Jun-1996","-1.20616154254","-1.05941444925","-1.1149246381"
"Jun-1996","-1.24510211503","-1.09616155308","-1.1726782570"
"Jun-1996","-1.27594309805","-1.12638612186","-1.2439965595"
"Jun-1996","-1.31542578566","-1.15902621820","-1.3162724645"
"Jun-1996","-1.34942403802","-1.17849412070","-1.3797962880"
"Jun-1996","-1.36540005353","-1.18715403767","-1.4433561027"
"Jul-1996","-1.36856366963","-1.14614332633","-1.4533728284"
"Jul-1996","-1.36173309985","-1.07350792334","-1.4492838249"
"Jul-1996","-1.36437393457","-1.04292059678","-1.4478754187"
"Jul-1996","-1.38138395662","-1.03457910574","-1.4229242726"
"Jul-1996","-1.40578287896","-0.97952394956","-1.3793812322"
"Jul-1996","-1.40250271013","-0.88123080336","-1.3321951634"
"Jul-1996","-1.36630074165","-0.82340288133","-1.3209347311"
"Jul-1996","-1.32660417225","-0.85039580566","-1.3118540214"
"Jul-1996","-1.33704637260","-0.90086716686","-1.2949893014"
"Jul-1996","-1.34567835530","-0.98171288562","-1.3071990586"
"Jul-1996","-1.32807617787","-1.02879518028","-1.3154140307"
"Jul-1996","-1.31074900178","-1.06179891515","-1.3130013591"
"Jul-1996","-1.31167947927","-1.05931779997","-1.2871671492"
"Jul-1996","-1.32495695233","-1.02829837007","-1.2562865768"
"Jul-1996","-1.32409269382","-0.97320604561","-1.2197750578"
"Jul-1996","-1.28386655606","-0.90722899163","-1.1904548500"
"Jul-1996","-1.19072441374","-0.82479425526","-1.1205548542"
"Jul-1996","-1.06159524864","-0.69525379587","-1.0362047171"
"Jul-1996","-0.93282384943","-0.63941035497","-0.9908647517"
"Jul-1996","-0.84453810767","-0.65923038734","-0.9569391249"
"Jul-1996","-0.79491081988","-0.70386474231","-0.9291407342"
"Jul-1996","-0.78133739753","-0.76176647245","-0.8923526060"
"Jul-1996","-0.79542252197","-0.79873306293","-0.8421060637"
"Jul-1996","-0.81939158961","-0.77286657839","-0.7818727412"
"Jul-1996","-0.83431411810","-0.65471805177","-0.7236737966"
"Jul-1996","-0.83682064386","-0.53766132152","-0.6328715281"
"Jul-1996","-0.80990426321","-0.39449389995","-0.5269117097"
"Jul-1996","-0.73420878462","-0.23153586355","-0.4084683652"
"Jul-1996","-0.65755641434","-0.04779365062","-0.3008228822"
"Jul-1996","-0.57435841764"," 0.11221523204","-0.2301722640"
"Jul-1996","-0.50315500684"," 0.26444208563","-0.1867287981"
"Aug-1996","-0.44392937957"," 0.33843216400","-0.1618041889"
"Aug-1996","-0.40996777693"," 0.30826308341","-0.1260467008"
"Aug-1996","-0.39804594019"," 0.26216847869","-0.0863691286"
"Aug-1996","-0.36614615062"," 0.22400199261","-0.0565790463"
"Aug-1996","-0.31917583958"," 0.19776347291","-0.0205031554"
"Aug-1996","-0.28088131481"," 0.24949374097"," 0.0291162384"
"Aug-1996","-0.23176264745"," 0.30751044031"," 0.0344776360"
"Aug-1996","-0.18473433519"," 0.26593533471"," 0.0234433765"
"Aug-1996","-0.18407199870"," 0.17021061687","-0.0158591887"
"Aug-1996","-0.25396247616"," 0.01751008783","-0.0625450320"
"Aug-1996","-0.36203272330","-0.05872241840","-0.0930196378"
"Aug-1996","-0.45937204801","-0.09357981142","-0.0902709939"
"Aug-1996","-0.53810285031","-0.14886625649","-0.0508650400"
"Aug-1996","-0.59825697400","-0.11901413389"," 0.0100859570"
"Aug-1996","-0.59518290944","-0.05894859886"," 0.0686728523"
"Aug-1996","-0.53678312999","-0.02282032057"," 0.1417395910"
"Aug-1996","-0.46416912663"," 0.00866843967"," 0.2412952395"
"Aug-1996","-0.39654465881"," 0.06872663499"," 0.3481464399"
"Aug-1996","-0.32303983598"," 0.14863657023"," 0.4794429207"
"Aug-1996","-0.22168430294"," 0.26442535109"," 0.6064548198"
"Aug-1996","-0.07187486033"," 0.45321381937"," 0.7008084953"
"Aug-1996"," 0.11787493289"," 0.62823780868"," 0.7587969702"
"Aug-1996"," 0.30184470843"," 0.70018668467"," 0.7862827199"
"Aug-1996"," 0.39543134332"," 0.65073483839"," 0.7514111359"
"Aug-1996"," 0.37818810575"," 0.53963237356"," 0.6829490859"
"Aug-1996"," 0.31510358148"," 0.42278526540"," 0.5881932579"
"Aug-1996"," 0.24372136111"," 0.30017272785"," 0.4709367725"
"Aug-1996"," 0.17616828504"," 0.13607457043"," 0.3449017903"
"Aug-1996"," 0.09137949213","-0.02832099198"," 0.2591662538"
"Aug-1996"," 0.01378072246","-0.12607146948"," 0.2122308252"
"Aug-1996","-0.07264028564","-0.22792836728"," 0.1548098515"
"Sep-1996","-0.17522738155","-0.37055523398"," 0.0886628869"
"Sep-1996","-0.28578012485","-0.48956238910"," 0.0501568765"
"Sep-1996","-0.38505421759","-0.56807290609"," 0.0101252349"
"Sep-1996","-0.47095424195","-0.65126510042","-0.0528032519"
"Sep-1996","-0.55478493252","-0.73830500500","-0.1110747877"
"Sep-1996","-0.64392029491","-0.81589377199","-0.1210144993"
"Sep-1996","-0.74021119533","-0.83768313633","-0.1129930766"
"Sep-1996","-0.82900724509","-0.84991291154","-0.1025504613"
"Sep-1996","-0.90682848116","-0.83273951946","-0.0677868916"
"Sep-1996","-0.97843661646","-0.79148054981","-0.0241959305"
"Sep-1996","-1.03309672976","-0.75241415670","-0.0034572618"
"Sep-1996","-1.07081883643","-0.74992159157"," 0.0245380461"
"Sep-1996","-1.11107755172","-0.76726996231"," 0.0616341489"
"Sep-1996","-1.15025302732","-0.78475009550"," 0.1067347948"
"Sep-1996","-1.19562960722","-0.72819945896"," 0.1590356786"
"Sep-1996","-1.25808932520","-0.64270899628"," 0.2244428953"
"Sep-1996","-1.31536855485","-0.55525871390"," 0.2637533729"
"Sep-1996","-1.29993604855","-0.60173122556"," 0.2606486712"
"Sep-1996","-1.23988284918","-0.67024141858"," 0.2342270371"
"Sep-1996","-1.21251467535","-0.72644391804"," 0.1883645292"
"Sep-1996","-1.22812716520","-0.75297831608"," 0.1315875838"
"Sep-1996","-1.29890662781","-0.78101165883"," 0.0791128708"
"Sep-1996","-1.31429096486","-0.83237053762"," 0.0123068645"
"Sep-1996","-1.28049335048","-0.85490285665","-0.0038031754"
"Sep-1996","-1.26836115385","-0.84276650125"," 0.0203151405"
"Sep-1996","-1.21737962383","-0.77942657530"," 0.0508962999"
"Sep-1996","-1.16206128293","-0.64971695031"," 0.0894182973"
"Sep-1996","-1.10148746668","-0.50132312756"," 0.1224198377"
"Sep-1996","-0.99642565212","-0.47414224796"," 0.1096646934"
"Sep-1996","-0.86703832473","-0.44340947773"," 0.1273264959"
"Oct-1996","-0.77770287464","-0.32887097224"," 0.2003914086"
"Oct-1996","-0.68139040261","-0.17087757363"," 0.2696907116"
"Oct-1996","-0.51426713778","-0.08320715870"," 0.3402113637"
"Oct-1996","-0.25180388434","-0.04421381038"," 0.3892850863"
"Oct-1996"," 0.09565030416"," 0.09607298098"," 0.4240845255"
"Oct-1996"," 0.52347928647"," 0.31516722459"," 0.4798429226"
"Oct-1996"," 1.01962563288"," 0.55952539200"," 0.5729605199"
"Oct-1996"," 1.36670749097"," 0.61897856044"," 0.7384676766"
"Oct-1996"," 1.39434989573"," 0.39672172436"," 0.6703391239"
"Oct-1996"," 1.19737108161"," 0.13378734100"," 0.7148840356"
"Oct-1996"," 1.01311907749"," 0.03013368246"," 0.7777039806"
"Oct-1996"," 0.94043775456"," 0.01270457493"," 0.8280792717"
"Oct-1996"," 0.90933248263"," 0.10648638376"," 0.8781018730"
"Oct-1996"," 0.90195282731"," 0.22289739578"," 0.9244732899"
"Oct-1996"," 0.92045055676"," 0.30527488243"," 0.9690631603"
"Oct-1996"," 0.90171678694"," 0.43649642873"," 1.0428016004"
"Oct-1996"," 0.85730414252"," 0.56135679616"," 1.1345611467"
"Oct-1996"," 0.83654649337"," 0.60691460393"," 1.2198944496"
"Oct-1996"," 0.86386484705"," 0.49199143897"," 1.2431839524"
"Oct-1996"," 0.89216522262"," 0.30196743346"," 1.2998842084"
"Oct-1996"," 0.80097450397"," 0.33615033659"," 1.4256220093"
"Oct-1996"," 0.72718528806"," 0.42309300471"," 1.5294955526"
"Oct-1996"," 0.60412985205"," 0.52697947881"," 1.6412999522"
"Oct-1996"," 0.57012789436"," 0.53893081483"," 1.7068591680"
"Oct-1996"," 0.61080028564"," 0.55333302643"," 1.7580330429"
"Oct-1996"," 0.60636049599"," 0.64830222400"," 1.8214524227"
"Oct-1996"," 0.61504042783"," 0.73412044872"," 1.8445763739"
"Oct-1996"," 0.68496274910"," 0.72138664102"," 1.8543626257"
"Oct-1996"," 0.68987150116"," 0.67656685565"," 1.8536934806"
"Oct-1996"," 0.61972520934"," 0.60939384015"," 1.8323137051"
"Oct-1996"," 0.50473528113"," 0.56151040158"," 1.8163694197"
"Nov-1996"," 0.41582055083"," 0.52786059618"," 1.7980346580"
"Nov-1996"," 0.31235059639"," 0.51372384717"," 1.7692793139"
"Nov-1996"," 0.24959624984"," 0.38884093216"," 1.6600590617"
"Nov-1996"," 0.28151291516"," 0.21544665181"," 1.5224520612"
"Nov-1996"," 0.22264872242"," 0.31501943222"," 1.5133417713"
"Nov-1996"," 0.16151734607"," 0.40190267805"," 1.4334677363"
"Nov-1996"," 0.19562452039"," 0.36899019044"," 1.3117125071"
"Nov-1996"," 0.15332886541"," 0.30506279420"," 1.2359458567"
"Nov-1996"," 0.09609765827"," 0.05506684962"," 1.0608406008"
"Nov-1996"," 0.05638872555","-0.29208617167"," 0.9406954830"
"Nov-1996","-0.07264200990","-0.37231236028"," 0.9519245091"
"Nov-1996","-0.19818361072","-0.33379873533"," 0.9847149712"
"Nov-1996","-0.19888751292","-0.21022493079"," 1.0824233800"
"Nov-1996","-0.13022716755","-0.01307077978"," 1.1861441938"
"Nov-1996","-0.01668044613"," 0.18822930853"," 1.2930243657"
"Nov-1996"," 0.20040762149"," 0.50226350832"," 1.4302999383"
"Nov-1996"," 0.47084363948"," 0.87967063338"," 1.6474540499"
"Nov-1996"," 0.66159181673"," 1.13168881455"," 1.8491566762"
"Nov-1996"," 0.78988020263"," 1.22556627447"," 2.0083852063"
"Nov-1996"," 0.86060012320"," 1.24750613220"," 2.1096467264"
"Nov-1996"," 0.88455858847"," 1.25800097639"," 2.1868536354"
"Nov-1996"," 0.86348932493"," 1.26488621048"," 2.2415736018"
"Nov-1996"," 0.90031565947"," 1.20265428698"," 2.2015311668"
"Nov-1996"," 0.92505972758"," 1.18750730044"," 2.1759577819"
"Nov-1996"," 0.84157664077"," 1.25153163956"," 2.1052717405"
"Nov-1996"," 0.63813386418"," 1.18919314349"," 1.9730225669"
"Nov-1996"," 0.63864505266"," 0.90544651655"," 1.7437561220"
"Nov-1996"," 0.70297764868"," 0.68250691139"," 1.5949715463"
"Nov-1996"," 0.69291427222"," 0.72827023102"," 1.6005269395"
"Nov-1996"," 0.66464262211"," 0.88661546591"," 1.6216183387"
"Dec-1996"," 0.64974885577"," 1.05785656927"," 1.6274156889"
"Dec-1996"," 0.68532832921"," 1.02283294652"," 1.5833393127"
"Dec-1996"," 0.76253921343"," 0.84647054663"," 1.5210236509"
"Dec-1996"," 0.79201619563"," 0.73873377869"," 1.4885210376"
"Dec-1996"," 0.79576661090"," 0.71174778304"," 1.4569020156"
"Dec-1996"," 0.72703839567"," 0.78406176550"," 1.3861357953"
"Dec-1996"," 0.65863452501"," 0.77036064289"," 1.2679700744"
"Dec-1996"," 0.59530273433"," 0.67742912465"," 1.1440647435"
"Dec-1996"," 0.60102225610"," 0.42594597890"," 0.9265987212"
"Dec-1996"," 0.54758038851"," 0.24845561255"," 0.8494877753"
"Dec-1996"," 0.43544114130"," 0.34613451320"," 0.8691288936"
"Dec-1996"," 0.34809644271"," 0.47493096098"," 0.8381545085"
"Dec-1996"," 0.32881817315"," 0.53053324841"," 0.7749309908"
"Dec-1996"," 0.35968043428"," 0.48002671533"," 0.6951575041"
"Dec-1996"," 0.37485613570"," 0.41115370582"," 0.6635591354"
"Dec-1996"," 0.32887268915"," 0.45887203029"," 0.6797219653"
"Dec-1996"," 0.19849284756"," 0.54355618192"," 0.7211898890"
"Dec-1996"," 0.13060372396"," 0.58415134830"," 0.7448017712"
"Dec-1996"," 0.13337281438"," 0.56020299392"," 0.7313840957"
"Dec-1996"," 0.13319616930"," 0.32711110347"," 0.5578185917"
"Dec-1996"," 0.11828508698"," 0.22255166614"," 0.5386167940"
"Dec-1996"," 0.06799894791"," 0.36067465261"," 0.5554395580"
"Dec-1996"," 0.05695461347"," 0.53813113887"," 0.5839546087"
"Dec-1996"," 0.09930559156"," 0.73298942895"," 0.5614153632"
"Dec-1996"," 0.15589214506"," 0.80640172544"," 0.4807814137"
"Dec-1996"," 0.25205266197"," 0.75392897244"," 0.3951767766"
"Dec-1996"," 0.25686008615"," 0.74925627890"," 0.3422342991"
"Dec-1996"," 0.23996507601"," 0.68763178971"," 0.2888697055"
"Dec-1996"," 0.25947281908"," 0.64704408047"," 0.2694560584"
"Dec-1996"," 0.26507006505"," 0.64858172012"," 0.2728907272"
"Dec-1996"," 0.13111215748"," 0.63254382810"," 0.2990650202"
"Jan-1997"," 0.25014501687"," 0.56857709785"," 0.2367426644"
"Jan-1997"," 0.23703443030"," 0.56633191027"," 0.3069120873"
"Jan-1997"," 0.22000632185"," 0.62520635735"," 0.4155594417"
"Jan-1997"," 0.21667339795"," 0.73374485636"," 0.5387528195"
"Jan-1997"," 0.20559054278"," 0.86233943279"," 0.5878232554"
"Jan-1997"," 0.22515346222"," 0.91810618841"," 0.5357655458"
"Jan-1997"," 0.27359548538"," 0.90518366212"," 0.4795058681"
"Jan-1997"," 0.29747335061"," 0.92141874582"," 0.4439254959"
"Jan-1997"," 0.28125997401"," 0.93037031346"," 0.4184777760"
"Jan-1997"," 0.16984649410"," 0.82787826661"," 0.3452872388"
"Jan-1997"," 0.15457548138"," 0.65128992111"," 0.2848251872"
"Jan-1997"," 0.20643333973"," 0.63005796362"," 0.3064957736"
"Jan-1997"," 0.24014675879"," 0.64389783609"," 0.3661111991"
"Jan-1997"," 0.25087430606"," 0.72127287076"," 0.4449543912"
"Jan-1997"," 0.28297554072"," 0.85479732411"," 0.4939393327"
"Jan-1997"," 0.26567775045"," 1.00133737127"," 0.4988768694"
"Jan-1997"," 0.27069505761"," 0.84931920029"," 0.3780031215"
"Jan-1997"," 0.29318738709"," 0.55553026625"," 0.3895481565"
"Jan-1997"," 0.22713493205"," 0.52506759731"," 0.4786635431"
"Jan-1997"," 0.19088152921"," 0.64538803186"," 0.6166794723"
"Jan-1997"," 0.21297096851"," 0.84794919959"," 0.7195974825"
"Jan-1997"," 0.26986550445"," 1.02705101371"," 0.8216821350"
"Jan-1997"," 0.31624824590"," 1.18870287552"," 0.9122139212"
"Jan-1997"," 0.39535695494"," 1.28506045242"," 0.9972497587"
"Jan-1997"," 0.45206255585"," 1.39078549423"," 1.1056591326"
"Jan-1997"," 0.53347370414"," 1.40851241779"," 1.1750795155"
"Jan-1997"," 0.62027393968"," 1.39600578876"," 1.2680245820"
"Jan-1997"," 0.65160332891"," 1.47365274497"," 1.3894532524"
"Jan-1997"," 0.66455154142"," 1.49649697226"," 1.4545861322"
"Jan-1997"," 0.70012099946"," 1.46676704114"," 1.4833796181"
"Jan-1997"," 0.70653440804"," 1.42133905813"," 1.5022037715"
"Feb-1997"," 0.68285054057"," 1.35047258369"," 1.5486423423"
"Feb-1997"," 0.66250128456"," 1.36359345828"," 1.5852559514"
"Feb-1997"," 0.68323380352"," 1.41103357843"," 1.6105742326"
"Feb-1997"," 0.73290452802"," 1.47762746155"," 1.6420762324"
"Feb-1997"," 0.77426049723"," 1.53870070924"," 1.6591429822"
"Feb-1997"," 0.82850488009"," 1.51233847141"," 1.6104532745"
"Feb-1997"," 0.87580723985"," 1.43568237591"," 1.5510082698"
"Feb-1997"," 0.85754914605"," 1.40789723276"," 1.5204887865"
"Feb-1997"," 0.81163965931"," 1.33177499831"," 1.4690296597"
"Feb-1997"," 0.79884079719"," 1.21709416118"," 1.4304786502"
"Feb-1997"," 0.76187413713"," 1.12275153987"," 1.3912673818"
"Feb-1997"," 0.73082631612"," 1.04281007325"," 1.4066517538"
"Feb-1997"," 0.67679291681"," 1.16197306507"," 1.4852882498"
"Feb-1997"," 0.59823490752"," 1.29207950408"," 1.5336804921"
"Feb-1997"," 0.59079923205"," 1.33951709937"," 1.5155893916"
"Feb-1997"," 0.63257676482"," 1.25606202604"," 1.4142790987"
"Feb-1997"," 0.63711186577"," 1.17361448922"," 1.3490746016"
"Feb-1997"," 0.61181995946"," 1.17617199609"," 1.3345868865"
"Feb-1997"," 0.59781040904"," 1.31173383519"," 1.3442865077"
"Feb-1997"," 0.62078307372"," 1.38976797571"," 1.2646008688"
"Feb-1997"," 0.65451795433"," 1.42859133638"," 1.1938049060"
"Feb-1997"," 0.65246454244"," 1.45029820239"," 1.1254503023"
"Feb-1997"," 0.68189544650"," 1.32281092380"," 1.0619683942"
"Feb-1997"," 0.70516508769"," 1.19883607757"," 1.0599652601"
"Feb-1997"," 0.66733585670"," 1.17998987777"," 1.0754271329"
"Feb-1997"," 0.61911171413"," 1.17730471868"," 1.0481127373"
"Feb-1997"," 0.59828399394"," 1.19982400239"," 1.0228528049"
"Feb-1997"," 0.57027245049"," 1.22701868064"," 0.9482468012"
"Mar-1997"," 0.57273286144"," 1.19544090441"," 0.8796239876"
"Mar-1997"," 0.59286045814"," 1.16127544042"," 0.8406625074"
"Mar-1997"," 0.59080855039"," 1.12195186391"," 0.8057246622"
"Mar-1997"," 0.59592927655"," 1.05345546954"," 0.7797113482"
"Mar-1997"," 0.61054092437"," 0.99015447341"," 0.7690161449"
"Mar-1997"," 0.60235519520"," 0.95889553414"," 0.7713838172"
"Mar-1997"," 0.60478134103"," 0.87555366847"," 0.7106631723"
"Mar-1997"," 0.57810184454"," 0.81636314417"," 0.7001548639"
"Mar-1997"," 0.52087918533"," 0.84859168835"," 0.6610969336"
"Mar-1997"," 0.49832349842"," 0.84171872625"," 0.6000816637"
"Mar-1997"," 0.49334533566"," 0.82559367947"," 0.5229233246"
"Mar-1997"," 0.49296225615"," 0.75617113128"," 0.4391331009"
"Mar-1997"," 0.49398786149"," 0.68617303247"," 0.3912732207"
"Mar-1997"," 0.46260938585"," 0.71026272029"," 0.3739034464"
"Mar-1997"," 0.45484547705"," 0.65266544127"," 0.3012399152"
"Mar-1997"," 0.48072579673"," 0.49848516821"," 0.2460513728"
"Mar-1997"," 0.46365766340"," 0.43347008583"," 0.2381800826"
"Mar-1997"," 0.38912239262"," 0.49054606937"," 0.2543681510"
"Mar-1997"," 0.33920047625"," 0.55864512126"," 0.2514930710"
"Mar-1997"," 0.32268036456"," 0.58554873601"," 0.2063941294"
"Mar-1997"," 0.33363379007"," 0.55972581999"," 0.1463159303"
"Mar-1997"," 0.35533310606"," 0.48754917816"," 0.0667416330"
"Mar-1997"," 0.34017079518"," 0.33115184328"," 0.0233104618"
"Mar-1997"," 0.31044526254"," 0.27997862977"," 0.0094001891"
"Mar-1997"," 0.29744088313"," 0.30303007173"," 0.0072096326"
"Mar-1997"," 0.28658940916"," 0.38772303100"," 0.0205148304"
"Mar-1997"," 0.25992972333"," 0.42882076193","-0.0164517933"
"Mar-1997"," 0.24405833747"," 0.37272330838","-0.0479314354"
"Mar-1997"," 0.20208948506"," 0.35165364654","-0.0597753560"
"Mar-1997"," 0.16128032683"," 0.34043363911","-0.0737182115"
"Mar-1997"," 0.14035755213"," 0.29971675099","-0.1040000795"
"Apr-1997"," 0.16443535831"," 0.20951607419","-0.1686124861"
"Apr-1997"," 0.14601092831"," 0.18574692614","-0.1669419160"
"Apr-1997"," 0.10203720013"," 0.30317164003","-0.1562094636"
"Apr-1997"," 0.11799667007"," 0.40015279860","-0.1736997497"
"Apr-1997"," 0.15268921279"," 0.52370223531","-0.1741890197"
"Apr-1997"," 0.17192125747"," 0.64325123710","-0.1688976975"
"Apr-1997"," 0.22098214374"," 0.66618236655","-0.2028208898"
"Apr-1997"," 0.30116844277"," 0.59559027978","-0.2625631164"
"Apr-1997"," 0.34471451743"," 0.52020201623","-0.2960943815"
"Apr-1997"," 0.34574327781"," 0.49772735795","-0.3162377541"
"Apr-1997"," 0.33758282558"," 0.51866719503","-0.3142580326"
"Apr-1997"," 0.30935974828"," 0.62795745638","-0.3163716562"
"Apr-1997"," 0.29283794901"," 0.58525133101","-0.4006887642"
"Apr-1997"," 0.32855349235"," 0.40859481430","-0.4655575323"
"Apr-1997"," 0.34171602688"," 0.29535561342","-0.5006827187"
"Apr-1997"," 0.31147970931"," 0.25232231319","-0.5403720580"
"Apr-1997"," 0.26341386862"," 0.22957673158","-0.5389768798"
"Apr-1997"," 0.21209445674"," 0.12656567923","-0.5926810165"
"Apr-1997"," 0.18779069896","-0.03171872415","-0.5948853283"
"Apr-1997"," 0.10214105937","-0.00201169291","-0.5524383371"
"Apr-1997"," 0.02942316008"," 0.04875971558","-0.5638061750"
"Apr-1997"," 0.00051408356"," 0.11578987099","-0.5702198399"
"Apr-1997","-0.02158427054"," 0.16725567466","-0.5846862930"
"Apr-1997","-0.01519305724"," 0.13017934085","-0.6242528888"
"Apr-1997"," 0.02656396784"," 0.06491500196","-0.6358865831"
"Apr-1997"," 0.07027300355"," 0.11508038537","-0.6087981573"
"Apr-1997"," 0.06869750556"," 0.17931933758","-0.6057298932"
"Apr-1997"," 0.03917022629"," 0.22679233963","-0.6009023185"
"Apr-1997","-0.00912156602"," 0.19228872057","-0.6427476026"
"Apr-1997"," 0.03153284893"," 0.03714430336","-0.6884282472"
"May-1997"," 0.05609667669","-0.00621769840","-0.6285549183"
"May-1997"," 0.06379359611"," 0.01735169213","-0.5628727560"
"May-1997"," 0.07801368985"," 0.06445424440","-0.4904915958"
"May-1997"," 0.09590337870"," 0.08336297852","-0.4603438733"
"May-1997"," 0.14987877678","-0.00614230491","-0.4916879498"
"May-1997"," 0.15697532306","-0.03914398466","-0.4172923752"
"May-1997"," 0.13187088432"," 0.02906169852","-0.3420879511"
"May-1997"," 0.13534182249"," 0.03722973757","-0.3004044451"
"May-1997"," 0.15516903085"," 0.04913004793","-0.2703133672"
"May-1997"," 0.17017960672"," 0.01988817808","-0.2749007704"
"May-1997"," 0.20327126446","-0.06349925250","-0.3065131784"
"May-1997"," 0.21283698973","-0.10980048471","-0.3036817992"
"May-1997"," 0.18191705756","-0.11081923630","-0.3219070453"
"May-1997"," 0.14936817529","-0.17859857047","-0.3913906462"
"May-1997"," 0.11069390947","-0.23633612600","-0.4386128281"
"May-1997"," 0.07117171059","-0.25329948497","-0.4909341624"
"May-1997"," 0.05085231733","-0.27784153372","-0.5481783854"
"May-1997"," 0.02825205642","-0.28681805638","-0.6104378894"
"May-1997"," 0.01193859929","-0.29421742239","-0.6722347010"
"May-1997","-0.00737268804","-0.31021775284","-0.7593267870"
"May-1997","-0.03111004431","-0.40245446488","-0.8617341029"
"May-1997","-0.05731078311","-0.54164217888","-0.9593784416"
"May-1997","-0.09650669304","-0.66348428187","-1.0317913731"
"May-1997","-0.13816470148","-0.72126276362","-1.0699355639"
"May-1997","-0.17400850052","-0.72030126176","-1.0872622054"
"May-1997","-0.19972541892","-0.72665721476","-1.1235195945"
"May-1997","-0.21412876129","-0.80823103264","-1.1884413960"
"May-1997","-0.23614369049","-0.90791690328","-1.2372415526"
"May-1997","-0.26662085435","-0.95417280545","-1.2587517812"
"May-1997","-0.27927711638","-0.92371195675","-1.2462245138"
"May-1997","-0.27769974739","-0.92171485133","-1.2365767898"
"Jun-1997","-0.29886325832","-0.97115513022","-1.2257010217"
"Jun-1997","-0.31841407124","-1.01645880792","-1.2364809890"
"Jun-1997","-0.35785567007","-1.07001930578","-1.2661075485"
"Jun-1997","-0.39386477808","-1.13698281664","-1.2996377585"
"Jun-1997","-0.42083875641","-1.19833209610","-1.3203044448"
"Jun-1997","-0.44641956821","-1.21763629374","-1.3248603606"
"Jun-1997","-0.45143177596","-1.24748941454","-1.3325139585"
"Jun-1997","-0.45293166325","-1.24561549879","-1.3050433844"
"Jun-1997","-0.45207859410","-1.16466408823","-1.2565446291"
"Jun-1997","-0.42128999928","-0.97658868734","-1.2247822101"
"Jun-1997","-0.34435554717","-0.84745520013","-1.2626523480"
"Jun-1997","-0.28503284765","-0.86013422424","-1.2415557550"
"Jun-1997","-0.27638952885","-0.83362936119","-1.1379383704"
"Jun-1997","-0.27953476506","-0.76921601750","-0.9831826964"
"Jun-1997","-0.26874598817","-0.70391691774","-0.8323332698"
"Jun-1997","-0.25042420675","-0.70469298920","-0.7123342675"
"Jun-1997","-0.25898472432","-0.69310041815","-0.5909512455"
"Jun-1997","-0.30693496613","-0.63719538241","-0.4814711015"
"Jun-1997","-0.35439540764","-0.59868510436","-0.4326512652"
"Jun-1997","-0.37492138209","-0.58467254323","-0.4044465833"
"Jun-1997","-0.37643583389","-0.56022479506","-0.3762979778"
"Jun-1997","-0.35367917881","-0.54015456669","-0.3498674169"
"Jun-1997","-0.31477092704","-0.52041644546","-0.3316418057"
"Jun-1997","-0.30407757151","-0.49492510813","-0.3280212970"
"Jun-1997","-0.29634873492","-0.42418822359","-0.3288338796"
"Jun-1997","-0.26829269085","-0.38747024373","-0.3479648310"
"Jun-1997","-0.23217528455","-0.38920147554","-0.3784667042"
"Jun-1997","-0.21212773761","-0.40818554443","-0.4050041433"
"Jun-1997","-0.20762382011","-0.39761918212","-0.4175932085"
"Jun-1997","-0.20270809763","-0.36160540329","-0.4143253492"
"Jul-1997","-0.20552311944","-0.33241849318","-0.4019439539"
"Jul-1997","-0.20658504434","-0.32713865893","-0.3692499419"
"Jul-1997","-0.21185251614","-0.32508336430","-0.3113858741"
"Jul-1997","-0.22661802678","-0.28534436027","-0.2326289474"
"Jul-1997","-0.23280845535","-0.19130495702","-0.1501829380"
"Jul-1997","-0.21936361887","-0.08925323398","-0.0989324955"
"Jul-1997","-0.19483046095","-0.02427467399","-0.0654004189"
"Jul-1997","-0.18521682322"," 0.00146715293","-0.0278978625"
"Jul-1997","-0.16910980053"," 0.01995165188","-0.0228650118"
"Jul-1997","-0.14934140050","-0.03335066438","-0.0414588943"
"Jul-1997","-0.14947339821","-0.09741023410","-0.0534102205"
"Jul-1997","-0.15957092972","-0.11350703768","-0.0558647263"
"Jul-1997","-0.16384662104","-0.13082716522","-0.0647225905"
"Jul-1997","-0.16426136094","-0.16498376284","-0.0794004466"
"Jul-1997","-0.15990690389","-0.18960877966","-0.0986059368"
"Jul-1997","-0.15539495206","-0.21505431721","-0.1264330150"
"Jul-1997","-0.18084182178","-0.24896289139","-0.1514007163"
"Jul-1997","-0.25686160825","-0.27756708733","-0.1668431937"
"Jul-1997","-0.33649599689","-0.27315832973","-0.1709956180"
"Jul-1997","-0.36784780151","-0.31276128491","-0.1742071979"
"Jul-1997","-0.38117326040","-0.36334785017","-0.1737169135"
"Jul-1997","-0.39052649797","-0.36042177248","-0.1653905593"
"Jul-1997","-0.37534169832","-0.34545886584","-0.1528427197"
"Jul-1997","-0.33116784576","-0.31161670135","-0.1079214620"
"Jul-1997","-0.27823632286","-0.27456203437","-0.0488236289"
"Jul-1997","-0.23205847502","-0.28690484109"," 0.0306831493"
"Jul-1997","-0.21489917596","-0.32718216873"," 0.1612034446"
"Jul-1997","-0.21574909008","-0.33836671068"," 0.3020487647"
"Jul-1997","-0.22586459792","-0.32062639949"," 0.4087355090"
"Jul-1997","-0.23835008471","-0.31038627256"," 0.4593494299"
"Jul-1997","-0.25443520561","-0.31198985215"," 0.4672937169"
"Aug-1997","-0.28143137922","-0.33412541587"," 0.4550446412"
"Aug-1997","-0.30437146636","-0.35893392542"," 0.4510745265"
"Aug-1997","-0.30825483319","-0.33378409005"," 0.4531221729"
"Aug-1997","-0.31665862640","-0.34268680460"," 0.4362729936"
"Aug-1997","-0.34315340681","-0.40504526468"," 0.4003519827"
"Aug-1997","-0.38312362015","-0.46398606272"," 0.3535237569"
"Aug-1997","-0.42001540325","-0.46693721286"," 0.3040877684"
"Aug-1997","-0.43827555149","-0.45695955391"," 0.2411403730"
"Aug-1997","-0.44884762174","-0.44246198482"," 0.1655291707"
"Aug-1997","-0.45753272637","-0.42529340759"," 0.0881488788"
"Aug-1997","-0.44739913212","-0.41986736634"," 0.0293529339"
"Aug-1997","-0.41009433339","-0.39633631845","-0.0183401368"
"Aug-1997","-0.36911186854","-0.40053762652","-0.0548609478"
"Aug-1997","-0.38620476520","-0.45582988464","-0.0689676102"
"Aug-1997","-0.44308649757","-0.51204770942","-0.0530759929"
"Aug-1997","-0.50332103788","-0.56283508912","-0.0081685312"
"Aug-1997","-0.56944646220","-0.57011285084"," 0.0541177533"
"Aug-1997","-0.62117727551","-0.53727352545"," 0.1159732789"
"Aug-1997","-0.65358289733","-0.51952657916"," 0.1728977600"
"Aug-1997","-0.68652098574","-0.53226502555"," 0.2350043723"
"Aug-1997","-0.74285887874","-0.56259693024"," 0.3121364179"
"Aug-1997","-0.82303571268","-0.56303484663"," 0.3839677681"
"Aug-1997","-0.86072377436","-0.50349095939"," 0.4264061977"
"Aug-1997","-0.86166045185","-0.42003805861"," 0.4551867802"
"Aug-1997","-0.83097806419","-0.35893733104"," 0.4792347773"
"Aug-1997","-0.78674441278","-0.31045802555"," 0.5000920914"
"Aug-1997","-0.72116088347","-0.33181417091"," 0.5132131129"
"Aug-1997","-0.68300576707","-0.38111446688"," 0.5551942873"
"Aug-1997","-0.71183009798","-0.42659541322"," 0.6033310607"
"Aug-1997","-0.74372552187","-0.41042797228"," 0.6441557271"
"Aug-1997","-0.74101087408","-0.35017782890"," 0.6756681550"
"Sep-1997","-0.71346961376","-0.29071485461"," 0.6759013880"
"Sep-1997","-0.67997220430","-0.25846194259"," 0.6298330361"
"Sep-1997","-0.61753978101","-0.27183242600"," 0.5838017304"
"Sep-1997","-0.56050543316","-0.29524298523"," 0.5163295412"
"Sep-1997","-0.50636212136","-0.32848558358"," 0.4090942042"
"Sep-1997","-0.44477539326","-0.28869056290"," 0.3176564691"
"Sep-1997","-0.37403815671","-0.26659328310"," 0.2750366226"
"Sep-1997","-0.31038381908","-0.26847489086"," 0.2385677494"
"Sep-1997","-0.30089674948","-0.27506213277"," 0.2153594399"
"Sep-1997","-0.35777129132","-0.28132114290"," 0.2034889418"
"Sep-1997","-0.44996292537","-0.29880691298"," 0.2099930514"
"Sep-1997","-0.50540511961","-0.30599689179"," 0.2107682631"
"Sep-1997","-0.52344445233","-0.32382093437"," 0.2244199831"
"Sep-1997","-0.54190296400","-0.32301127641"," 0.2503888254"
"Sep-1997","-0.55066323909","-0.30334989918"," 0.2818662764"
"Sep-1997","-0.57173114523","-0.25648574066"," 0.2842498141"
"Sep-1997","-0.58907956274","-0.22338635471"," 0.2554381907"
"Sep-1997","-0.58351628840","-0.16091087031"," 0.2204142829"
"Sep-1997","-0.53497972435","-0.11254735607"," 0.1898288630"
"Sep-1997","-0.47152701524","-0.08098784103"," 0.1685236263"
"Sep-1997","-0.44436707349","-0.11177568844"," 0.1436864186"
"Sep-1997","-0.43588033230","-0.18150104366"," 0.1167562407"
"Sep-1997","-0.49620097562","-0.21293695800"," 0.1184141105"
"Sep-1997","-0.60661904310","-0.18711404197"," 0.1384114487"
"Sep-1997","-0.69174373681","-0.17206887188"," 0.1759787245"
"Sep-1997","-0.77889586843","-0.20908378700"," 0.2077147282"
"Sep-1997","-0.80857037027","-0.23384450035"," 0.2183967036"
"Sep-1997","-0.84822522721","-0.27343606431"," 0.1892392477"
"Sep-1997","-0.89172265569","-0.37026573129"," 0.1285642512"
"Sep-1997","-0.94422714876","-0.47590334249"," 0.0590707902"
"Oct-1997","-1.02306221384","-0.54850915177","-0.0292897134"
"Oct-1997","-1.06871199746","-0.65178948336","-0.1581276714"
"Oct-1997","-1.08436300804","-0.75198267468","-0.2808773870"
"Oct-1997","-1.13401054673","-0.81102587634","-0.3873216875"
"Oct-1997","-1.18636150715","-0.85776338084","-0.4837472740"
"Oct-1997","-1.19235221489","-0.84602442664","-0.5604855664"
"Oct-1997","-1.15102860310","-0.80304814127","-0.6292413489"
"Oct-1997","-1.05575321927","-0.77831279394","-0.6744218084"
"Oct-1997","-0.94144334708","-0.69077097071","-0.6789970387"
"Oct-1997","-0.82077447227","-0.59077947459","-0.6782088831"
"Oct-1997","-0.66020185988","-0.51931431478","-0.6657080715"
"Oct-1997","-0.50139877992","-0.42526034954","-0.6239562754"
"Oct-1997","-0.41159491772","-0.25378472780","-0.5714358734"
"Oct-1997","-0.38951868553","-0.17886626433","-0.5385205984"
"Oct-1997","-0.28641427451","-0.24292524688","-0.5348036803"
"Oct-1997","-0.19599052200","-0.30571123032","-0.5437558846"
"Oct-1997","-0.21739741059","-0.28877811095","-0.5609516673"
"Oct-1997","-0.25044445765","-0.29721871742","-0.6002514328"
"Oct-1997","-0.31261365593","-0.42578886730","-0.6672839364"
"Oct-1997","-0.36874793933","-0.58499971809","-0.6875313469"
"Oct-1997","-0.43097767019","-0.58021874917","-0.6067702310"
"Oct-1997","-0.50423379583","-0.45516238216","-0.5031168957"
"Oct-1997","-0.58235109125","-0.33747255799","-0.4360008048"
"Oct-1997","-0.63897807318","-0.18372949670","-0.3592948112"
"Oct-1997","-0.76686001031"," 0.00667083036","-0.2469046916"
"Oct-1997","-0.77003378855"," 0.17170077850","-0.1987543250"
"Oct-1997","-0.71832355632"," 0.26895837986","-0.1357781610"
"Oct-1997","-0.61791739426"," 0.21948950546","-0.1390315751"
"Oct-1997","-0.50367069608"," 0.13256568572","-0.0831254394"
"Oct-1997","-0.47750048037"," 0.17223082291","-0.0082604367"
"Oct-1997","-0.47478249412"," 0.22497132850"," 0.0204672748"
"Nov-1997","-0.55116353169"," 0.29155070835"," 0.0322313411"
"Nov-1997","-0.68800917007"," 0.25001065720","-0.0021971083"
"Nov-1997","-0.77128908753"," 0.10354371355","-0.1066432655"
"Nov-1997","-0.92380598738","-0.13794703512","-0.1851236236"
"Nov-1997","-1.04125225435","-0.27253727292","-0.2491648365"
"Nov-1997","-1.12052076939","-0.29143250198","-0.2812580746"
"Nov-1997","-1.20521990072","-0.37424379477","-0.3353117769"
"Nov-1997","-1.23999517130","-0.59608813922","-0.4552044285"
"Nov-1997","-1.31968785466","-0.83745886896","-0.5121939941"
"Nov-1997","-1.46779299328","-0.91230375919","-0.5005755159"
"Nov-1997","-1.63624382933","-0.82718292425","-0.4884026426"
"Nov-1997","-1.65397815122","-0.72379619625","-0.4993585086"
"Nov-1997","-1.70929106254","-0.58080657178","-0.4960506004"
"Nov-1997","-1.80062676590","-0.52196301020","-0.5578851480"
"Nov-1997","-1.76075450527","-0.68118560453","-0.7176621490"
"Nov-1997","-1.62733978020","-0.87263451176","-0.8068119038"
"Nov-1997","-1.51395612987","-0.98371055364","-0.8794023570"
"Nov-1997","-1.45629939703","-1.03241157706","-0.9219244956"
"Nov-1997","-1.47641767538","-0.95559676769","-0.9685003769"
"Nov-1997","-1.52476578133","-0.92182817644","-1.0423404202"
"Nov-1997","-1.52780602103","-0.87415782430","-1.0751777886"
"Nov-1997","-1.55365255252","-0.80538328432","-1.1024747364"
"Nov-1997","-1.51405606366","-0.81181962181","-1.1516359823"
"Nov-1997","-1.37835823308","-0.91472545209","-1.2428196281"
"Nov-1997","-1.24315794362","-1.04752855886","-1.2809249061"
"Nov-1997","-1.17097060324","-1.06576274438","-1.2296301948"
"Nov-1997","-1.16392585818","-1.00616865353","-1.1851541006"
"Nov-1997","-1.12683362052","-0.92562697487","-1.1244797534"
"Nov-1997","-1.09282542614","-0.78585942388","-1.0613496019"
"Nov-1997","-1.09571327048","-0.75378196027","-1.0735482818"
"Dec-1997","-1.15846669987","-0.92193052134","-1.1476116981"
"Dec-1997","-1.15374185680","-1.07769669997","-1.1886573029"
"Dec-1997","-1.13647106773","-0.99601560490","-1.1214664297"
"Dec-1997","-1.16638105965","-0.88188636157","-1.0911406175"
"Dec-1997","-1.15560017034","-0.92891551675","-1.1543844639"
"Dec-1997","-1.09210651920","-1.14086499416","-1.2587471149"
"Dec-1997","-1.08505520727","-1.27488907618","-1.2601882256"
"Dec-1997","-1.11505115546","-1.25458385969","-1.2280917414"
"Dec-1997","-1.21018555341","-1.15743641268","-1.2159164335"
"Dec-1997","-1.28163175488","-1.09659797695","-1.2496326863"
"Dec-1997","-1.27340545054","-1.06935855583","-1.2840744041"
"Dec-1997","-1.20161281927","-1.11877111998","-1.3310495570"
"Dec-1997","-1.14251346662","-1.17888327684","-1.3872564448"
"Dec-1997","-1.16740189577","-1.25337316004","-1.4855274857"
"Dec-1997","-1.24802248855","-1.44278832202","-1.6814435956"
"Dec-1997","-1.29207912802","-1.70442398794","-1.9277485492"
"Dec-1997","-1.38651406283","-1.94348664348","-1.9991790860"
"Dec-1997","-1.49487336220","-1.98185893499","-1.9613238397"
"Dec-1997","-1.56092592731","-1.88815381144","-1.9128168879"
"Dec-1997","-1.55303093795","-1.72960923005","-1.8581882184"
"Dec-1997","-1.50570282433","-1.53098725471","-1.7830627965"
"Dec-1997","-1.50096139900","-1.32739694236","-1.7015662338"
"Dec-1997","-1.41439063696","-1.16366359783","-1.6311665805"
"Dec-1997","-1.31621482535","-1.02008168822","-1.5302252486"
"Dec-1997","-1.25087357310","-0.94583448516","-1.4364879690"
"Dec-1997","-1.09308501919","-0.91732605774","-1.3699836481"
"Dec-1997","-0.97085796238","-0.88310686708","-1.2907481636"
"Dec-1997","-0.94279271002","-0.97861427083","-1.3353003385"
"Dec-1997","-1.04240791303","-1.14175010434","-1.2960448824"
"Dec-1997","-1.36080514206","-1.34478735494","-1.3609504128"
"Dec-1997","-1.55841213763","-1.63186568125","-1.4089609125"
"Jan-1998","-1.64094144406","-1.78576618020","-1.4272570650"
"Jan-1998","-1.62860413370","-1.71746613772","-1.3123790858"
"Jan-1998","-1.56666264799","-1.44869797761","-1.1700473311"
"Jan-1998","-1.44399700511","-1.21512853633","-1.0896597614"
"Jan-1998","-1.26671094363","-1.03189517074","-1.0326194753"
"Jan-1998","-1.11678869031","-0.94006813188","-1.0011651528"
"Jan-1998","-0.98987101884","-0.92167769864","-0.9680827031"
"Jan-1998","-0.97406456793","-0.81325152653","-0.8998675604"
"Jan-1998","-1.03883718078","-0.87149299712","-0.9598231782"
"Jan-1998","-1.01353903778","-1.04862653619","-1.0072121290"
"Jan-1998","-0.96806439510","-1.10186778607","-0.9945743721"
"Jan-1998","-0.93496679416","-1.11093303113","-0.9742762817"
"Jan-1998","-0.91665891690","-1.06382701452","-0.9356955297"
"Jan-1998","-0.87171109109","-0.99791143794","-0.9046071656"
"Jan-1998","-0.80638715483","-0.93341113338","-0.8399449718"
"Jan-1998","-0.80355301940","-0.94303090812","-0.8161031433"
"Jan-1998","-0.77151881082","-1.14579118748","-0.8733908235"
"Jan-1998","-0.77125646628","-1.24985187691","-0.7999321576"
"Jan-1998","-0.80970243256","-1.18635241505","-0.6947498637"
"Jan-1998","-0.77785910338","-1.14838157625","-0.6569743499"
"Jan-1998","-0.70334239592","-1.12409888345","-0.6100086514"
"Jan-1998","-0.64593454370","-1.04074574399","-0.5574731144"
"Jan-1998","-0.60049368920","-0.92527662213","-0.4827457873"
"Jan-1998","-0.53962828934","-0.85260528392","-0.4576806621"
"Jan-1998","-0.45720602684","-0.94806019407","-0.5074725461"
"Jan-1998","-0.40294374101","-0.99275379517","-0.4595193402"
"Jan-1998","-0.44457063937","-0.88864290213","-0.4053107985"
"Jan-1998","-0.45418790905","-0.95350479010","-0.5069415230"
"Jan-1998","-0.40718769858","-1.13686492715","-0.5726858483"
"Jan-1998","-0.44062053996","-1.08971727972","-0.5085917644"
"Jan-1998","-0.46695888950","-0.99860060725","-0.4962873019"
"Feb-1998","-0.41890317426","-0.92874671904","-0.5157365750"
"Feb-1998","-0.38522347001","-0.77774418761","-0.4807230954"
"Feb-1998","-0.36941709247","-0.53627222860","-0.4071532096"
"Feb-1998","-0.31326453923","-0.68622800011","-0.6245242425"
"Feb-1998","-0.27585287298","-1.32381741130","-0.8552753772"
"Feb-1998","-0.38457188264","-1.60603326856","-0.7641659861"
"Feb-1998","-0.56948218774","-1.52792079866","-0.7080039758"
"Feb-1998","-0.67379945156","-1.58186466419","-0.7775719756"
"Feb-1998","-0.72599464147","-1.63316905298","-0.7533590355"
"Feb-1998","-0.79887330061","-1.52275892821","-0.6550139427"
"Feb-1998","-0.87432657550","-1.24081704761","-0.5232336292"
"Feb-1998","-0.95401353577","-0.99505141763","-0.5064365905"
"Feb-1998","-0.87641399569","-0.88518155414","-0.5335077308"
"Feb-1998","-0.75786218368","-0.80574552923","-0.5182629415"
"Feb-1998","-0.59625820618","-0.77390047016","-0.5409723239"
"Feb-1998","-0.47750260116","-0.58217353475","-0.4609872719"
"Feb-1998","-0.48010065952","-0.48761177910","-0.4799058465"
"Feb-1998","-0.51192645259","-0.60330138581","-0.5430388383"
"Feb-1998","-0.47598088545","-0.73532583755","-0.5005117899"
"Feb-1998","-0.45298400774","-0.71226764306","-0.4130126822"
"Feb-1998","-0.44855416011","-0.72667437592","-0.3989334901"
"Feb-1998","-0.39587038055","-0.73714080075","-0.3347210449"
"Feb-1998","-0.49210027146","-0.62382638254","-0.2566510763"
"Feb-1998","-0.54449635617","-0.70909213270","-0.2989132015"
"Feb-1998","-0.51153273401","-0.81312469636","-0.2482230376"
"Feb-1998","-0.49977151038","-0.67476008668","-0.0808826806"
"Feb-1998","-0.50129781189","-0.45586049215"," 0.0751929025"
"Feb-1998","-0.43281678971","-0.36781675027"," 0.1503201909"
"Mar-1998","-0.30261810562","-0.38081989592"," 0.1762643627"
"Mar-1998","-0.23644095346","-0.46767096447"," 0.1491853507"
"Mar-1998","-0.22895050518","-0.66466188036"," 0.1357414629"
"Mar-1998","-0.24060819975","-0.76924956088"," 0.2019705947"
"Mar-1998","-0.22415515082","-0.68716425337"," 0.2596538136"
"Mar-1998","-0.18454314361","-0.55780669953"," 0.3264685437"
"Mar-1998","-0.12927810806","-0.42017905533"," 0.4096899272"
"Mar-1998","-0.08427613311","-0.24146278144"," 0.5509221025"
"Mar-1998","-0.11512474690","-0.13049454521"," 0.6667701007"
"Mar-1998","-0.12913081211","-0.28187604048"," 0.7387061785"
"Mar-1998","-0.11827244109","-0.42738019049"," 0.8701725932"
"Mar-1998","-0.13732497916","-0.45275145019"," 1.0033478821"
"Mar-1998","-0.15119038867","-0.40338439223"," 1.1088982443"
"Mar-1998","-0.17305798523","-0.23115689072"," 1.1779475157"
"Mar-1998","-0.17075895781","-0.09317024668"," 1.1996983216"
"Mar-1998","-0.13777453446"," 0.02770747728"," 1.2087492888"
"Mar-1998","-0.11118778122"," 0.20434667228"," 1.2408464223"
"Mar-1998","-0.07992783937"," 0.35206941077"," 1.2457425306"
"Mar-1998","-0.00745166687"," 0.41485533549"," 1.2227767867"
"Mar-1998"," 0.05160556978"," 0.41110286530"," 1.2000622512"
"Mar-1998"," 0.07291127724"," 0.34310240037"," 1.2411028650"
"Mar-1998"," 0.09398468634"," 0.27225888454"," 1.3636751402"
"Mar-1998"," 0.10536228016"," 0.30679890855"," 1.5310727505"
"Mar-1998"," 0.11499503150"," 0.37518655780"," 1.6545352714"
"Mar-1998"," 0.12112863282"," 0.47261596707"," 1.7400760007"
"Mar-1998"," 0.13489697008"," 0.61681905092"," 1.7798563122"
"Mar-1998"," 0.16563548794"," 0.75298726741"," 1.7710533073"
"Mar-1998"," 0.20292139317"," 0.82765048517"," 1.7404828600"
"Mar-1998"," 0.25206254930"," 0.85069605536"," 1.7148336379"
"Mar-1998"," 0.30415516401"," 0.84155905731"," 1.7126821971"
"Mar-1998"," 0.34382671327"," 0.84877076165"," 1.7178093878"
"Apr-1998"," 0.35359340671"," 0.87765427755"," 1.7378953855"
"Apr-1998"," 0.37780449462"," 0.85527444831"," 1.7618968009"
"Apr-1998"," 0.38983187817"," 0.83388354208"," 1.7849576152"
"Apr-1998"," 0.38350567319"," 0.80171811940"," 1.8108007113"
"Apr-1998"," 0.38697187882"," 0.71305443635"," 1.8252723177"
"Apr-1998"," 0.39039765603"," 0.64023800678"," 1.8877799869"
"Apr-1998"," 0.36543809193"," 0.68498163533"," 1.9804973387"
"Apr-1998"," 0.34266936702"," 0.78887210224"," 2.0609090513"
"Apr-1998"," 0.34510897676"," 0.87833804482"," 2.0942324030"
"Apr-1998"," 0.35694401346"," 0.83695353679"," 2.0962873126"
"Apr-1998"," 0.36107409641"," 0.65166188196"," 2.0858623480"
"Apr-1998"," 0.35306769042"," 0.45648786697"," 2.0467475702"
"Apr-1998"," 0.30827717595"," 0.44462190644"," 2.0342568622"
"Apr-1998"," 0.26227857792"," 0.56897477704"," 1.9532984234"
"Apr-1998"," 0.27332247213"," 0.63240189873"," 1.8271613510"
"Apr-1998"," 0.30470468978"," 0.65898955370"," 1.7426804362"
"Apr-1998"," 0.30636394285"," 0.70251661083"," 1.6886535549"
"Apr-1998"," 0.31420665407"," 0.67485430505"," 1.6235369462"
"Apr-1998"," 0.32752994846"," 0.65438180191"," 1.5930136894"
"Apr-1998"," 0.34714767740"," 0.60787394222"," 1.5742071867"
"Apr-1998"," 0.36731460193"," 0.46767505121"," 1.5454213698"
"Apr-1998"," 0.33875540372"," 0.33521297668"," 1.5025060054"
"Apr-1998"," 0.27964985107"," 0.19570654316"," 1.4478997341"
"Apr-1998"," 0.20854725454"," 0.08787377184"," 1.4371354698"
"Apr-1998"," 0.15418701598"," 0.10501909687"," 1.4554717328"
"Apr-1998"," 0.12114073934"," 0.19821267207"," 1.5009154519"
"Apr-1998"," 0.10236067126"," 0.34233648707"," 1.5361978718"
"Apr-1998"," 0.10056336722"," 0.43601935663"," 1.5264917178"
"Apr-1998"," 0.11717218666"," 0.50841771639"," 1.5076708916"
"Apr-1998"," 0.14755301200"," 0.59267598874"," 1.4979978479"
"May-1998"," 0.15550306766"," 0.61649152375"," 1.4602298002"
"May-1998"," 0.17185856742"," 0.57331741854"," 1.3956132143"
"May-1998"," 0.18952417566"," 0.54545876087"," 1.3613775433"
"May-1998"," 0.19839087802"," 0.56975425412"," 1.3511229995"
"May-1998"," 0.21968715708"," 0.61915566192"," 1.3345496584"
"May-1998"," 0.25760205085"," 0.64170735778"," 1.3066936087"
"May-1998"," 0.28434982076"," 0.67226385756"," 1.2829243308"
"May-1998"," 0.29339459897"," 0.71885034021"," 1.2564021484"
"May-1998"," 0.31536466068"," 0.73232404928"," 1.2169806538"
"May-1998"," 0.32339583000"," 0.74797442241"," 1.2159764695"
"May-1998"," 0.31558078034"," 0.76626497689"," 1.2471212754"
"May-1998"," 0.33995035355"," 0.74160960304"," 1.2573520820"
"May-1998"," 0.36269739679"," 0.76014594969"," 1.3099248681"
"May-1998"," 0.37373076200"," 0.80205498268"," 1.3794690902"
"May-1998"," 0.38183607456"," 0.80625159334"," 1.4213493511"
"May-1998"," 0.37672180521"," 0.79080931563"," 1.4634811855"
"May-1998"," 0.36222564621"," 0.79864595214"," 1.5038073711"
"May-1998"," 0.35256725107"," 0.82282318801"," 1.5399230269"
"May-1998"," 0.34972350380"," 0.83525019587"," 1.5664265847"
"May-1998"," 0.34917852714"," 0.82635147413"," 1.5964599630"
"May-1998"," 0.34184913220"," 0.82054899389"," 1.6382276650"
"May-1998"," 0.33060236214"," 0.83702311723"," 1.6803583228"
"May-1998"," 0.32354804193"," 0.86612653081"," 1.7222749807"
"May-1998"," 0.32327010566"," 0.90193039397"," 1.7687448359"
"May-1998"," 0.33644074789"," 0.93437924684"," 1.8037832700"
"May-1998"," 0.34655427467"," 0.96485477496"," 1.8338823819"
"May-1998"," 0.35116663721"," 0.99120603258"," 1.8423054297"
"May-1998"," 0.35977998321"," 1.01023813253"," 1.8235515546"
"May-1998"," 0.38152185543"," 0.99745764429"," 1.7856316295"
"May-1998"," 0.39551808869"," 0.95430397283"," 1.7353909707"
"May-1998"," 0.39343807915"," 0.92463352270"," 1.6804135472"
"Jun-1998"," 0.37877092479"," 0.91353611777"," 1.6063565825"
"Jun-1998"," 0.36210509466"," 0.87358819627"," 1.5463046770"
"Jun-1998"," 0.34139227631"," 0.85034662650"," 1.5441695479"
"Jun-1998"," 0.33715550927"," 0.88001537381"," 1.6365153012"
"Jun-1998"," 0.34512214719"," 0.93695583696"," 1.7558311596"
"Jun-1998"," 0.36633665223"," 0.97860340016"," 1.8340534925"
"Jun-1998"," 0.39695513215"," 0.96242838464"," 1.8593210533"
"Jun-1998"," 0.44411617585"," 0.92098151844"," 1.8410024816"
"Jun-1998"," 0.46149827150"," 0.91594630201"," 1.8383386017"
"Jun-1998"," 0.46730870220"," 0.92743870071"," 1.8068684544"
"Jun-1998"," 0.48941758530"," 0.84329528012"," 1.7545020803"
"Jun-1998"," 0.49434570779"," 0.73642741628"," 1.7183073411"
"Jun-1998"," 0.46905325118"," 0.64404960567"," 1.6850406747"
"Jun-1998"," 0.41719018336"," 0.53539490439"," 1.6473777603"
"Jun-1998"," 0.32764257575"," 0.45762323185"," 1.6077863319"
"Jun-1998"," 0.23219700365"," 0.44083802230"," 1.5727535379"
"Jun-1998"," 0.18319709020"," 0.42502400302"," 1.5311764231"
"Jun-1998"," 0.16857245539"," 0.37649373059"," 1.4673216993"
"Jun-1998"," 0.15208411413"," 0.30859420134"," 1.4042141489"
"Jun-1998"," 0.13318525544"," 0.25279591433"," 1.3453289360"
"Jun-1998"," 0.11520352039"," 0.21680151233"," 1.2903939959"
"Jun-1998"," 0.10995538232"," 0.19190392808"," 1.2456261575"
"Jun-1998"," 0.11044118380"," 0.18787055255"," 1.2046925030"
"Jun-1998"," 0.10369268152"," 0.18979191217"," 1.1715354739"
"Jun-1998"," 0.09239007474"," 0.18970066491"," 1.1171165436"
"Jun-1998"," 0.09057207956"," 0.12706200411"," 1.0591727433"
"Jun-1998"," 0.02794026563"," 0.08821832713"," 1.0129065815"
"Jun-1998","-0.05282072606"," 0.05193849853"," 0.9552141519"
"Jun-1998","-0.10344504048"," 0.00244830962"," 0.8880626784"
"Jun-1998","-0.14568904099","-0.05014234847"," 0.8176884259"
"Jul-1998","-0.19839017322","-0.08791595462"," 0.7498879332"
"Jul-1998","-0.24045565765","-0.09962960150"," 0.7046228313"
"Jul-1998","-0.24264928500","-0.06855556417"," 0.6853057560"
"Jul-1998","-0.24806009062","-0.04529267988"," 0.6626533023"
"Jul-1998","-0.25367182771","-0.07078507414"," 0.6152531525"
"Jul-1998","-0.26534801224","-0.10580893175"," 0.5662564844"
"Jul-1998","-0.27744675086","-0.08476152390"," 0.5214813017"
"Jul-1998","-0.27019872639","-0.05153442701"," 0.4874962304"
"Jul-1998","-0.24659534891","-0.06389009291"," 0.4550271333"
"Jul-1998","-0.23132451962","-0.09519776786"," 0.4311119833"
"Jul-1998","-0.22940930545","-0.13840399163"," 0.4128163778"
"Jul-1998","-0.23676713236","-0.16970579481"," 0.3833243696"
"Jul-1998","-0.24561182287","-0.18818659455"," 0.3620644973"
"Jul-1998","-0.25834615360","-0.16728780112"," 0.3644604919"
"Jul-1998","-0.26740571643","-0.14123271543"," 0.3609322540"
"Jul-1998","-0.27312377075","-0.13327840870"," 0.3285230475"
"Jul-1998","-0.29165660910","-0.11697967505"," 0.2746231298"
"Jul-1998","-0.32413167830","-0.10721580715"," 0.1985163275"
"Jul-1998","-0.34369716579","-0.11887819351"," 0.1108759735"
"Jul-1998","-0.35394247016","-0.12572655290"," 0.0531220706"
"Jul-1998","-0.35313115015","-0.09527920927"," 0.0232085550"
"Jul-1998","-0.33295175224","-0.04562396498"," 0.0107051059"
"Jul-1998","-0.30335172381","-0.02908959732","-0.0043335553"
"Jul-1998","-0.27957735096","-0.04866741930","-0.0328964050"
"Jul-1998","-0.27308521333","-0.08846707868","-0.0596311265"
"Jul-1998","-0.27594359848","-0.11143420206","-0.0908733968"
"Jul-1998","-0.28032058099","-0.12883911791","-0.1398541589"
"Jul-1998","-0.28229519046","-0.15103163778","-0.2008581486"
"Jul-1998","-0.28732111892","-0.17399236094","-0.2715126216"
"Jul-1998","-0.28827151713","-0.18426067235","-0.3380549625"
"Jul-1998","-0.27773683033","-0.16967103395","-0.3930312499"
"Aug-1998","-0.25786383733","-0.15947247913","-0.4484168718"
"Aug-1998","-0.23788269279","-0.15886246124","-0.4720411298"
"Aug-1998","-0.19753127093","-0.13141840904","-0.4388947317"
"Aug-1998","-0.11635168728","-0.11091871963","-0.3261601997"
"Aug-1998","-0.08599184657","-0.10514436515","-0.1588085219"
"Aug-1998","-0.10214006810","-0.09797916521"," 0.0146816723"
"Aug-1998","-0.10849679617","-0.04434027926"," 0.1395982072"
"Aug-1998","-0.10201606802"," 0.00249405068"," 0.1888219001"
"Aug-1998","-0.09117897512","-0.01372840871"," 0.1520355979"
"Aug-1998","-0.09060138424","-0.06124163237"," 0.0757399126"
"Aug-1998","-0.10281884010","-0.10521100971","-0.0109371176"
"Aug-1998","-0.11557085367","-0.15732904927","-0.1202144203"
"Aug-1998","-0.11378323485","-0.19680587889","-0.2201646335"
"Aug-1998","-0.12517396240","-0.24803675316","-0.3057441944"
"Aug-1998","-0.15580876777","-0.30643059610","-0.3625439843"
"Aug-1998","-0.20347311237","-0.35336198635","-0.3974622311"
"Aug-1998","-0.23914822728","-0.35358464376","-0.4044314272"
"Aug-1998","-0.25272051235","-0.30271130139","-0.4067096286"
"Aug-1998","-0.23682960932","-0.25495545632","-0.3861181304"
"Aug-1998","-0.17366738323","-0.19287414365","-0.3532423362"
"Aug-1998","-0.04729615588","-0.10025036472","-0.3137809550"
"Aug-1998"," 0.13318030278","-0.02228962128","-0.2785463747"
"Aug-1998"," 0.23307311187"," 0.02093122319","-0.2162810682"
"Aug-1998"," 0.26361458701"," 0.03840213771","-0.1366123497"
"Aug-1998"," 0.24505614154"," 0.04571665669","-0.0448487456"
"Aug-1998"," 0.21322455202"," 0.06168163910"," 0.0600240722"
"Aug-1998"," 0.18161939103"," 0.10984956478"," 0.2057067866"
"Aug-1998"," 0.15539810783"," 0.19442960997"," 0.3489487101"
"Aug-1998"," 0.14734129471"," 0.23735933224"," 0.5008006572"
"Aug-1998"," 0.17715641557"," 0.29417355239"," 0.7001626756"
"Aug-1998"," 0.25685397821"," 0.37474805423"," 0.9191808255"
"Sep-1998"," 0.35916266094"," 0.43856887790"," 1.1442931825"
"Sep-1998"," 0.47786452038"," 0.52275944879"," 1.3698304147"
"Sep-1998"," 0.58578354612"," 0.75970856176"," 1.5523953539"
"Sep-1998"," 0.67406844409"," 0.83590847968"," 1.6564235744"
"Sep-1998"," 0.76287029031"," 0.85194891430"," 1.7948864524"
"Sep-1998"," 0.81498003757"," 0.93061967181"," 1.9769985592"
"Sep-1998"," 0.87334441463"," 1.04412715373"," 2.1717830345"
"Sep-1998"," 0.98897323671"," 1.11973737008"," 2.3368340722"
"Sep-1998"," 1.15707019563"," 1.17023039809"," 2.4670172588"
"Sep-1998"," 1.45210060117"," 1.22086176494"," 2.5846220113"
"Sep-1998"," 1.63302228612"," 1.34534228775"," 2.6787462679"
"Sep-1998"," 1.47502216167"," 1.41508801801"," 2.7223621023"
"Sep-1998"," 1.29406180924"," 1.39575452025"," 2.7647840173"
"Sep-1998"," 1.24361424996"," 1.39300271661"," 2.8060364399"
"Sep-1998"," 1.19416881672"," 1.40353760625"," 2.8369916729"
"Sep-1998"," 1.15552345979"," 1.42245649853"," 2.8598367832"
"Sep-1998"," 1.18949335356"," 1.51825737319"," 2.8860816666"
"Sep-1998"," 1.26255045541"," 1.58263372475"," 2.8892774217"
"Sep-1998"," 1.25192005376"," 1.53729088237"," 2.9151959899"
"Sep-1998"," 1.13725080148"," 1.54929336148"," 2.9495458023"
"Sep-1998"," 0.97893891590"," 1.54600317550"," 2.9371440782"
"Sep-1998"," 0.84225642200"," 1.48854722992"," 2.8815186905"
"Sep-1998"," 0.73459082599"," 1.40947143792"," 2.8089854500"
"Sep-1998"," 0.63240397884"," 1.34342685861"," 2.7362569560"
"Sep-1998"," 0.63714958643"," 1.35056434382"," 2.6688169032"
"Sep-1998"," 0.73130221929"," 1.37241042942"," 2.5658126277"
"Sep-1998"," 0.83995919222"," 1.84124155525"," 2.4586741871"
"Sep-1998"," 1.04690075197"," 2.29948148119"," 2.3510260261"
"Sep-1998"," 1.12643821511"," 1.96312123755"," 2.2980289733"
"Sep-1998"," 1.00864328048"," 1.68844208694"," 2.2789884667"
"Oct-1998"," 0.90806975500"," 1.40486521279"," 2.2171258402"
"Oct-1998"," 0.79567311592"," 1.09569054616"," 2.1367323058"
"Oct-1998"," 0.65164945075"," 0.86261879587"," 2.0891980510"
"Oct-1998"," 0.48330115323"," 0.72891666284"," 2.0564440671"
"Oct-1998"," 0.31786080419"," 0.64336736505"," 2.0158034146"
"Oct-1998"," 0.19285820015"," 0.63073220304"," 2.0028359746"
"Oct-1998"," 0.09020022608"," 0.64754782835"," 1.9841475086"
"Oct-1998","-0.00696714941"," 0.60698712924"," 1.9656979158"
"Oct-1998","-0.05884584565"," 0.54190927767"," 1.9337142744"
"Oct-1998","-0.09605078397"," 0.46640868720"," 1.9062410628"
"Oct-1998","-0.14784462453"," 0.43237281312"," 1.8845071367"
"Oct-1998","-0.17855210569"," 0.41597883940"," 1.8425862182"
"Oct-1998","-0.18739092638"," 0.37391596612"," 1.7735382859"
"Oct-1998","-0.17701079944"," 0.33947546856"," 1.6960325724"
"Oct-1998","-0.19138802109"," 0.34921896143"," 1.6263363512"
"Oct-1998","-0.18059972112"," 0.37863956787"," 1.5424860339"
"Oct-1998","-0.08422473545"," 0.40643533892"," 1.4735197007"
"Oct-1998"," 0.02552215412"," 0.49484207344"," 1.4570408620"
"Oct-1998"," 0.09690719934"," 0.57417951139"," 1.4333578089"
"Oct-1998"," 0.17850027555"," 0.59262707692"," 1.4097092862"
"Oct-1998"," 0.29444335345"," 0.57416553658"," 1.3640467793"
"Oct-1998"," 0.45779092608"," 0.50682740699"," 1.2989915627"
"Oct-1998"," 0.69262223038"," 0.41007771348"," 1.1791174544"
"Oct-1998"," 0.88335437567"," 0.43670488544"," 1.2113385082"
"Oct-1998"," 0.95673116292"," 0.58584225005"," 1.2887949214"
"Oct-1998"," 1.01740472952"," 0.67483557411"," 1.2953298690"
"Oct-1998"," 1.09992362404"," 0.70038921089"," 1.3154828177"
"Oct-1998"," 1.11832993095"," 0.76670659250"," 1.3373213092"
"Oct-1998"," 1.06124279135"," 0.79848330420"," 1.3268642487"
"Oct-1998"," 1.02086954107"," 0.75074730570"," 1.2703619648"
"Oct-1998"," 1.00933089391"," 0.67828247754"," 1.2102470036"
"Nov-1998"," 0.99186984910"," 0.63157908801"," 1.1833481912"
"Nov-1998"," 0.93443690338"," 0.64912093347"," 1.2100821823"
"Nov-1998"," 0.83322844616"," 0.73829176104"," 1.2678021228"
"Nov-1998"," 0.83185171516"," 0.75648155600"," 1.2667479484"
"Nov-1998"," 0.90061819432"," 0.64115963934"," 1.1904868342"
"Nov-1998"," 0.89264011024"," 0.33955450254"," 0.8818363141"
"Nov-1998"," 0.82218308450"," 0.00307917227"," 0.7891210722"
"Nov-1998"," 0.66007268776"," 0.05163657227"," 0.7817074837"
"Nov-1998"," 0.48542254503"," 0.13071600477"," 0.7490131064"
"Nov-1998"," 0.43579423003"," 0.25214097742"," 0.7176128723"
"Nov-1998"," 0.36651271033"," 0.42804808050"," 0.7079556939"
"Nov-1998"," 0.45694526758"," 0.39286333647"," 0.6391648535"
"Nov-1998"," 0.56055217239"," 0.28937579022"," 0.6245392598"
"Nov-1998"," 0.53364492665"," 0.29649290039"," 0.6428156321"
"Nov-1998"," 0.42037581130"," 0.26750586524"," 0.6269806594"
"Nov-1998"," 0.34855482144"," 0.20201411281"," 0.5989223770"
"Nov-1998"," 0.28977896958"," 0.18777378582"," 0.5803413167"
"Nov-1998"," 0.23951579621"," 0.12252688608"," 0.5018919184"
"Nov-1998"," 0.19180797821"," 0.04768892453"," 0.4371441896"
"Nov-1998"," 0.13036183245"," 0.03082391767"," 0.4008797402"
"Nov-1998"," 0.08084709858"," 0.00748012042"," 0.3646894644"
"Nov-1998"," 0.10236852215"," 0.00455650887"," 0.3525743313"
"Nov-1998"," 0.06766490013"," 0.12017870770"," 0.3816011719"
"Nov-1998"," 0.01309188038"," 0.20954336231"," 0.3771137489"
"Nov-1998"," 0.02406478638"," 0.15906466141"," 0.3067876200"
"Nov-1998"," 0.02624377585"," 0.09188266210"," 0.2638380498"
"Nov-1998","-0.00651165092"," 0.06611212224"," 0.2210782959"
"Nov-1998","-0.06224854710"," 0.07523661342"," 0.2160509230"
"Nov-1998","-0.10446903162"," 0.10137261207"," 0.2055710992"
"Nov-1998","-0.12570793313"," 0.13242504130"," 0.1958027416"
"Dec-1998","-0.16245777650"," 0.15174151093"," 0.1826741323"
"Dec-1998","-0.18212514215"," 0.13287845915"," 0.1661767908"
"Dec-1998","-0.14441734318"," 0.16516801099"," 0.2003808933"
"Dec-1998","-0.10817854154"," 0.24391903556"," 0.2416746227"
"Dec-1998","-0.08052964329"," 0.31334076170"," 0.2960061514"
"Dec-1998","-0.03856743111"," 0.36746230691"," 0.3576646381"
"Dec-1998","-0.00332851764"," 0.45878302329"," 0.4391450514"
"Dec-1998"," 0.02713426514"," 0.54584917466"," 0.4818345271"
"Dec-1998"," 0.07963641027"," 0.52934181713"," 0.4796461618"
"Dec-1998"," 0.20413538325"," 0.44285432840"," 0.4629716232"
"Dec-1998"," 0.23432775049"," 0.44020886245"," 0.4896936849"
"Dec-1998"," 0.16185671408"," 0.50845048085"," 0.4988154579"
"Dec-1998"," 0.05924206667"," 0.55930362434"," 0.4840874088"
"Dec-1998"," 0.03316356699"," 0.37449562696"," 0.3728720565"
"Dec-1998"," 0.07103913292"," 0.06917794799"," 0.2447411826"
"Dec-1998"," 0.00274645878","-0.10138467269"," 0.2306331000"
"Dec-1998","-0.12646686495","-0.19807412187"," 0.2526782470"
"Dec-1998","-0.23048234634","-0.24885146084"," 0.2462614578"
"Dec-1998","-0.29896711053","-0.10777773526"," 0.3208230709"
"Dec-1998","-0.38163733650"," 0.09292501819"," 0.3486070569"
"Dec-1998","-0.31584799641"," 0.14577896632"," 0.3645330425"
"Dec-1998","-0.21015880751"," 0.22682050851"," 0.4187939277"
"Dec-1998","-0.11127329725"," 0.25509236243"," 0.4579689614"
"Dec-1998","-0.01880207605"," 0.30041242236"," 0.5341437696"
"Dec-1998","-0.00410843409"," 0.33409035353"," 0.5751289967"
"Dec-1998"," 0.02167793169"," 0.33284371866"," 0.6134442575"
"Dec-1998"," 0.01998511055"," 0.34194278509"," 0.6195491361"
"Dec-1998"," 0.00223204191"," 0.32473521933"," 0.6449487324"
"Dec-1998","-0.02896318511"," 0.33140824776"," 0.6518387234"
"Dec-1998","-0.06171927223"," 0.23439133013"," 0.6099188193"
"Dec-1998","-0.02812933964"," 0.12256675538"," 0.5646144801"
"Jan-1999","-0.08433181606"," 0.17442689133"," 0.5388372199"
"Jan-1999","-0.09643029788"," 0.28707468782"," 0.5487801777"
"Jan-1999","-0.17169801289"," 0.42813790294"," 0.5516382156"
"Jan-1999","-0.14363147652"," 0.26607507615"," 0.4041003897"
"Jan-1999","-0.09253526477","-0.03437796122"," 0.2596957500"
"Jan-1999","-0.12086088060","-0.18723379850"," 0.2261406261"
"Jan-1999","-0.18211963217","-0.09181852278"," 0.3012509130"
"Jan-1999","-0.19892692510"," 0.10968425894"," 0.3511937817"
"Jan-1999","-0.17296119945"," 0.30077222865"," 0.3557816312"
"Jan-1999","-0.12211951804"," 0.31496939814"," 0.2897963634"
"Jan-1999","-0.00979753581"," 0.17027919249"," 0.1478428617"
"Jan-1999"," 0.00576861910"," 0.12959677165"," 0.1277065493"
"Jan-1999","-0.03708925515"," 0.26525684541"," 0.1900375084"
"Jan-1999","-0.02669463708"," 0.38384252509"," 0.2317817978"
"Jan-1999"," 0.04656875247"," 0.45459960851"," 0.2645512008"
"Jan-1999"," 0.15876225889"," 0.41833862828"," 0.2161501940"
"Jan-1999"," 0.23359300204"," 0.39191138999"," 0.2383307037"
"Jan-1999"," 0.26621606423"," 0.41082576101"," 0.2701511875"
"Jan-1999"," 0.32452658563"," 0.37867924542"," 0.2882060939"
"Jan-1999"," 0.39149576075"," 0.36095719542"," 0.3121133721"
"Jan-1999"," 0.39833825362"," 0.38182375285"," 0.3475152894"
"Jan-1999"," 0.40305975823"," 0.43164528558"," 0.3694461733"
"Jan-1999"," 0.38028644751"," 0.58681559729"," 0.3934580980"
"Jan-1999"," 0.37236020133"," 0.60200944052"," 0.3321604164"
"Jan-1999"," 0.46442530395"," 0.39206458439"," 0.2027610843"
"Jan-1999"," 0.49338133908"," 0.25584452020"," 0.2209974077"
"Jan-1999"," 0.46119752331"," 0.32092659944"," 0.2838265635"
"Jan-1999"," 0.45229090613"," 0.41452843862"," 0.3334649876"
"Jan-1999"," 0.50050176821"," 0.48228041036"," 0.3364284835"
"Jan-1999"," 0.53894652384"," 0.50819880131"," 0.3106916975"
"Jan-1999"," 0.53284421603"," 0.49562811130"," 0.2715121598"
"Feb-1999"," 0.52681285975"," 0.44336145732"," 0.2376349406"
"Feb-1999"," 0.54400833161"," 0.40614713699"," 0.2339708123"
"Feb-1999"," 0.55482682450"," 0.38724098645"," 0.2000682328"
"Feb-1999"," 0.56164411380"," 0.36916586710"," 0.1770332656"
"Feb-1999"," 0.57902312778"," 0.36773333208"," 0.1629959077"
"Feb-1999"," 0.60443705310"," 0.34756780493"," 0.1593923600"
"Feb-1999"," 0.61149856385"," 0.33887013249"," 0.1666131702"
"Feb-1999"," 0.59276468396"," 0.34900544838"," 0.1813485636"
"Feb-1999"," 0.57642415226"," 0.35773435862"," 0.1900154754"
"Feb-1999"," 0.57398846795"," 0.35254618266"," 0.2038831023"
"Feb-1999"," 0.56946606050"," 0.34401192150"," 0.2120195997"
"Feb-1999"," 0.55770755167"," 0.36453545029"," 0.2571784320"
"Feb-1999"," 0.53794406761"," 0.35999675048"," 0.2681502039"
"Feb-1999"," 0.53667042543"," 0.23141280195"," 0.2104866646"
"Feb-1999"," 0.49868879907"," 0.23035406363"," 0.2763186754"
"Feb-1999"," 0.44217231662"," 0.35512629583"," 0.3483954722"
"Feb-1999"," 0.42826677218"," 0.47818168206"," 0.4021803560"
"Feb-1999"," 0.44919391255"," 0.59359566803"," 0.4127095613"
"Feb-1999"," 0.46701118242"," 0.59237645431"," 0.3647322124"
"Feb-1999"," 0.47164610710"," 0.46490767179"," 0.3099322700"
"Feb-1999"," 0.46953722536"," 0.38119970144"," 0.3167017491"
"Feb-1999"," 0.43745602148"," 0.29994196078"," 0.2866739298"
"Feb-1999"," 0.42386278847"," 0.20897613401"," 0.3035613726"
"Feb-1999"," 0.34145101828"," 0.32723493242"," 0.3971402015"
"Feb-1999"," 0.30037724096"," 0.35861541727"," 0.4347026082"
"Feb-1999"," 0.29593631403"," 0.39927816770"," 0.5120165983"
"Feb-1999"," 0.29823688227"," 0.45980510619"," 0.5879223445"
"Feb-1999"," 0.28909939750"," 0.54464004479"," 0.6937560516"
"Mar-1999"," 0.29734551251"," 0.52972440588"," 0.7049013686"
"Mar-1999"," 0.32681328641"," 0.47034387119"," 0.7251473590"
"Mar-1999"," 0.31168270928"," 0.57691814668"," 0.7893653225"
"Mar-1999"," 0.30016302899"," 0.56828647291"," 0.7290342515"
"Mar-1999"," 0.34463539889"," 0.47382171884"," 0.6926700248"
"Mar-1999"," 0.34252108756"," 0.57766579878"," 0.7220069095"
"Mar-1999"," 0.32851748034"," 0.60270242648"," 0.6900685108"
"Mar-1999"," 0.39630149736"," 0.51825032709"," 0.6179210705"
"Mar-1999"," 0.44395516621"," 0.54986850108"," 0.6525722031"
"Mar-1999"," 0.45037158308"," 0.58195847155"," 0.6905266181"
"Mar-1999"," 0.50502769756"," 0.48529556276"," 0.6731207309"
"Mar-1999"," 0.54528498208"," 0.43662366331"," 0.7233115618"
"Mar-1999"," 0.56360837770"," 0.46595895297"," 0.8080160525"
"Mar-1999"," 0.52374807684"," 0.55448241822"," 0.9085189160"
"Mar-1999"," 0.45605691312"," 0.50880770356"," 0.9002716451"
"Mar-1999"," 0.50489360872"," 0.30089160168"," 0.7632287781"
"Mar-1999"," 0.50977701047"," 0.21507161543"," 0.7728464350"
"Mar-1999"," 0.46342691992"," 0.29285368099"," 0.7985723465"
"Mar-1999"," 0.44932334222"," 0.30609304783"," 0.7717060358"
"Mar-1999"," 0.44319304268"," 0.30734755087"," 0.7219285565"
"Mar-1999"," 0.40435720989"," 0.31580806264"," 0.6759622948"
"Mar-1999"," 0.35787504826"," 0.28120697225"," 0.5987004859"
"Mar-1999"," 0.33426723172"," 0.23210884123"," 0.5271605958"
"Mar-1999"," 0.28916037032"," 0.23830461242"," 0.4672830875"
"Mar-1999"," 0.24297324081"," 0.23123670766"," 0.4008556995"
"Mar-1999"," 0.20644263544"," 0.21333903311"," 0.3508171923"
"Mar-1999"," 0.20186765637"," 0.18392641228"," 0.2965959502"
"Mar-1999"," 0.19561489758"," 0.14842265514"," 0.2658929399"
"Mar-1999"," 0.17289661649"," 0.18447782992"," 0.2942544496"
"Mar-1999"," 0.13575210069"," 0.24577367631"," 0.3511524749"
"Mar-1999"," 0.12242495423"," 0.33937698343"," 0.4213560631"
"Apr-1999"," 0.14903665423"," 0.42191882083"," 0.4798719498"
"Apr-1999"," 0.20701402632"," 0.44737845062"," 0.4515002555"
"Apr-1999"," 0.26304738541"," 0.39272915099"," 0.4036760013"
"Apr-1999"," 0.28311217497"," 0.33931315732"," 0.3830229487"
"Apr-1999"," 0.28204327965"," 0.32865478442"," 0.3793843025"
"Apr-1999"," 0.26848603601"," 0.31542017370"," 0.3604808628"
"Apr-1999"," 0.25912692861"," 0.30832302754"," 0.3505984450"
"Apr-1999"," 0.25372863307"," 0.34664423468"," 0.3589708534"
"Apr-1999"," 0.24502661601"," 0.39858113023"," 0.3750502988"
"Apr-1999"," 0.22793918563"," 0.44164860414"," 0.3937170970"
"Apr-1999"," 0.22402690991"," 0.44851892395"," 0.3804132383"
"Apr-1999"," 0.23779407320"," 0.39175555329"," 0.3629035567"
"Apr-1999"," 0.24491508931"," 0.29732103883"," 0.3371578845"
"Apr-1999"," 0.24531229310"," 0.23710377734"," 0.3495278372"
"Apr-1999"," 0.21480904520"," 0.30860134930"," 0.3902487904"
"Apr-1999"," 0.17469623177"," 0.36205304332"," 0.3830280208"
"Apr-1999"," 0.21368108476"," 0.29125485753"," 0.3301968849"
"Apr-1999"," 0.21911459927"," 0.18871272450"," 0.2670285510"
"Apr-1999"," 0.19532900037"," 0.06151263404"," 0.2357862401"
"Apr-1999"," 0.17104365916"," 0.03275201423"," 0.2449184007"
"Apr-1999"," 0.15172275999"," 0.04337075270"," 0.2587977948"
"Apr-1999"," 0.14459330600"," 0.10064079814"," 0.2788860241"
"Apr-1999"," 0.12871527990"," 0.17415356057"," 0.2890321073"
"Apr-1999"," 0.11285229523"," 0.17321501732"," 0.2879087908"
"Apr-1999"," 0.09688666197"," 0.13271620663"," 0.2739103862"
"Apr-1999"," 0.06647234194"," 0.10050486673"," 0.2662927390"
"Apr-1999"," 0.03146954222"," 0.12170981409"," 0.2785989057"
"Apr-1999"," 0.00068560658"," 0.16106779915"," 0.2763403838"
"Apr-1999"," 0.00350873609"," 0.15237605720"," 0.2532052335"
"Apr-1999"," 0.01702639509"," 0.10820469107"," 0.2189383999"
"May-1999"," 0.06112892926","-0.01143420747"," 0.1633252256"
"May-1999"," 0.07810670395","-0.11851697799"," 0.1506907555"
"May-1999"," 0.01484751568","-0.12470264975"," 0.1794024393"
"May-1999","-0.04136314884","-0.03852530775"," 0.2088927027"
"May-1999","-0.07673747185"," 0.13746881491"," 0.2523905004"
"May-1999","-0.11305004987"," 0.36691469031"," 0.3006443773"
"May-1999","-0.09134948655"," 0.49256105248"," 0.3328568694"
"May-1999","-0.02422006518"," 0.55539694594"," 0.3828945245"
"May-1999"," 0.03757196009"," 0.54608543898"," 0.4298037001"
"May-1999"," 0.08290451630"," 0.48997759240"," 0.4854374060"
"May-1999"," 0.09132188349"," 0.45174399202"," 0.5326129656"
"May-1999"," 0.06816611692"," 0.42724363281"," 0.5458137197"
"May-1999"," 0.02744232797"," 0.38834123816"," 0.5180265281"
"May-1999","-0.03376388866"," 0.34688339176"," 0.4726091431"
"May-1999","-0.08673473940"," 0.31602537674"," 0.4126555541"
"May-1999","-0.11423637839"," 0.26931083084"," 0.3406907887"
"May-1999","-0.11555459457"," 0.22647511557"," 0.2915998617"
"May-1999","-0.11306289011"," 0.18343412332"," 0.2518800901"
"May-1999","-0.11814755352"," 0.12751129613"," 0.2030597264"
"May-1999","-0.13005207428"," 0.05837969400"," 0.1635684810"
"May-1999","-0.14045531366"," 0.01060312159"," 0.1371653091"
"May-1999","-0.15455922154","-0.02009565111"," 0.1084175935"
"May-1999","-0.17604814095","-0.06355459574"," 0.0791224619"
"May-1999","-0.20915047443","-0.12599126775"," 0.0410987830"
"May-1999","-0.26163104795","-0.22166008638","-0.0128862235"
"May-1999","-0.32884668239","-0.29287998248","-0.0493310755"
"May-1999","-0.41084433636","-0.33529322411","-0.0823828494"
"May-1999","-0.48892696312","-0.37394207586","-0.1278582181"
"May-1999","-0.55415467092","-0.41080602784","-0.1713618588"
"May-1999","-0.61165710071","-0.41576796462","-0.2062104766"
"May-1999","-0.66341983120","-0.38067329349","-0.2265353880"
"Jun-1999","-0.69330124441","-0.31221330408","-0.2213437620"
"Jun-1999","-0.67391750141","-0.25752090568","-0.2186638950"
"Jun-1999","-0.61445975920","-0.26527263644","-0.2535019223"
"Jun-1999","-0.56751622924","-0.32660524009","-0.3046683717"
"Jun-1999","-0.55866823695","-0.42634971097","-0.3449463526"
"Jun-1999","-0.56674544771","-0.48475247899","-0.3507341673"
"Jun-1999","-0.55641991015","-0.44784660259","-0.3421601755"
"Jun-1999","-0.52082058937","-0.44027202304","-0.3780011698"
"Jun-1999","-0.49299299160","-0.46480033186","-0.4200001166"
"Jun-1999","-0.49569344174","-0.50902988720","-0.4848185700"
"Jun-1999","-0.53185806345","-0.56792335880","-0.5514508688"
"Jun-1999","-0.58226640496","-0.62695757666","-0.6008550454"
"Jun-1999","-0.63611329054","-0.64610646606","-0.6290039754"
"Jun-1999","-0.68837829471","-0.62007087463","-0.6388808749"
"Jun-1999","-0.72965601180","-0.58690437438","-0.6573305083"
"Jun-1999","-0.75841162906","-0.57372912723","-0.6817569207"
"Jun-1999","-0.77631716644","-0.55179707895","-0.6933011441"
"Jun-1999","-0.77480502589","-0.55995766085","-0.7385207193"
"Jun-1999","-0.72733101040","-0.59620126064","-0.7948461308"
"Jun-1999","-0.68477235053","-0.58431433791","-0.8267594533"
"Jun-1999","-0.63015494022","-0.57522272862","-0.8519560865"
"Jun-1999","-0.62427718995","-0.60476106399","-0.8979558238"
"Jun-1999","-0.66659397630","-0.65901531113","-0.9248110165"
"Jun-1999","-0.71170439628","-0.70861307082","-0.9553904311"
"Jun-1999","-0.75285077602","-0.76188209416","-0.9963240856"
"Jun-1999","-0.82968074522","-0.79209362762","-1.0358992024"
"Jun-1999","-0.90859703403","-0.77648453302","-1.0589695116"
"Jun-1999","-0.97557717838","-0.75725555272","-1.0692646318"
"Jun-1999","-1.02189036240","-0.73435002417","-1.0652002988"
"Jun-1999","-1.05173607973","-0.72332848247","-1.0812879811"
"Jul-1999","-1.07213944819","-0.69965815627","-1.0869672947"
"Jul-1999","-1.07919651989","-0.64925549475","-1.0928544810"
"Jul-1999","-1.04426793678","-0.62904023373","-1.1248574367"
"Jul-1999","-1.00217398370","-0.59378890385","-1.1663164336"
"Jul-1999","-0.99213320607","-0.58842369411","-1.2194194719"
"Jul-1999","-1.01653576037","-0.68095604963","-1.2631457552"
"Jul-1999","-1.08722882648","-0.77157150806","-1.2537856771"
"Jul-1999","-1.16300486843","-0.76733796399","-1.2337506434"
"Jul-1999","-1.22578995820","-0.73073806536","-1.2101629853"
"Jul-1999","-1.24223214795","-0.68497245575","-1.1758655571"
"Jul-1999","-1.24987018567","-0.65109764424","-1.1167577421"
"Jul-1999","-1.23420747213","-0.57956079015","-1.0724134806"
"Jul-1999","-1.19807282321","-0.55566833499","-1.0467487177"
"Jul-1999","-1.17464862217","-0.53055314305","-0.9904317055"
"Jul-1999","-1.14642253658","-0.43095329380","-0.9253512098"
"Jul-1999","-1.07562498756","-0.31139425129","-0.8696796462"
"Jul-1999","-0.97476578500","-0.20259052456","-0.8072655461"
"Jul-1999","-0.86155224957","-0.09437103865","-0.7430751339"
"Jul-1999","-0.74460708231","-0.00487473902","-0.6931431803"
"Jul-1999","-0.63743612921"," 0.01915388241","-0.6665146878"
"Jul-1999","-0.58197115271","-0.01263134335","-0.6342628365"
"Jul-1999","-0.55596367793","-0.10632589772","-0.6098776092"
"Jul-1999","-0.57155364232","-0.21109436996","-0.5762897401"
"Jul-1999","-0.62551278832","-0.23252849239","-0.5370070978"
"Jul-1999","-0.67583653096","-0.21855163160","-0.5053765927"
"Jul-1999","-0.72757618570","-0.23857735198","-0.4893059118"
"Jul-1999","-0.77212864203","-0.26976113263","-0.4892731667"
"Jul-1999","-0.80518552105","-0.28804340793","-0.4955513876"
"Jul-1999","-0.83929009064","-0.29937028151","-0.5098920134"
"Jul-1999","-0.87306125411","-0.35010904298","-0.5310080830"
"Jul-1999","-0.90437031906","-0.40986249359","-0.5672581684"
"Aug-1999","-0.92921032214","-0.42959339254","-0.5929081615"
"Aug-1999","-0.94080176105","-0.42701468859","-0.6147220637"
"Aug-1999","-0.94621175957","-0.46089055702","-0.6509342507"
"Aug-1999","-0.95632136090","-0.50510754678","-0.6940898272"
"Aug-1999","-0.96409704605","-0.50594456718","-0.7284495402"
"Aug-1999","-0.92725746771","-0.50438895993","-0.7629078944"
"Aug-1999","-0.88555374800","-0.47367867857","-0.8060933351"
"Aug-1999","-0.84464814119","-0.48038640914","-0.8349546241"
"Aug-1999","-0.85300956160","-0.53269240396","-0.8344237633"
"Aug-1999","-0.88817888094","-0.56161743325","-0.8347313728"
"Aug-1999","-0.92349799090","-0.58427035838","-0.8369242421"
"Aug-1999","-0.94236379513","-0.64379228521","-0.8478839628"
"Aug-1999","-0.96518630232","-0.70936389368","-0.8710788415"
"Aug-1999","-1.01162418346","-0.71226507508","-0.8607189208"
"Aug-1999","-1.03928441782","-0.65045280677","-0.8382995785"
"Aug-1999","-0.99512325876","-0.56830543469","-0.8144816900"
"Aug-1999","-0.90565694824","-0.50581497728","-0.8000265577"
"Aug-1999","-0.83500056854","-0.51450407694","-0.7842373552"
"Aug-1999","-0.80715448081","-0.53311387940","-0.7672920099"
"Aug-1999","-0.81292191504","-0.53287178644","-0.7682104157"
"Aug-1999","-0.82437126748","-0.55106604395","-0.7896637562"
"Aug-1999","-0.81519838032","-0.59068585110","-0.8213467265"
"Aug-1999","-0.81261653735","-0.62337374362","-0.8564657047"
"Aug-1999","-0.83961854409","-0.63206542685","-0.8859552784"
"Aug-1999","-0.84281624187","-0.66576197152","-0.9281044389"
"Aug-1999","-0.85813454337","-0.74085453288","-0.9898901326"
"Aug-1999","-0.89182565709","-0.84164599855","-1.0599892366"
"Aug-1999","-0.92897549241","-0.93652253964","-1.1235014553"
"Aug-1999","-0.95380346235","-1.05651127807","-1.1947504127"
"Aug-1999","-0.97702335677","-1.15419822304","-1.2341585171"
"Aug-1999","-0.99816702035","-1.15060205929","-1.2369250147"
"Sep-1999","-0.99951190755","-1.03941650895","-1.2353848976"
"Sep-1999","-0.97234620603","-0.93798055813","-1.2230786498"
"Sep-1999","-0.91945008551","-0.94617742755","-1.1745349359"
"Sep-1999","-0.89132851952","-0.93748251484","-1.1169908129"
"Sep-1999","-0.86237644651","-0.89870336858","-1.0557224680"
"Sep-1999","-0.85393369233","-0.81729466480","-0.9827659753"
"Sep-1999","-0.84844089258","-0.71993970953","-0.9191921212"
"Sep-1999","-0.82757340431","-0.67027894579","-0.8823255183"
"Sep-1999","-0.81297859555","-0.68575821562","-0.8647499407"
"Sep-1999","-0.81237260939","-0.72713191961","-0.8722070271"
"Sep-1999","-0.78182354016","-0.76878447381","-0.8431123023"
"Sep-1999","-0.77125132316","-0.70251494711","-0.8075573715"
"Sep-1999","-0.75008612465","-0.61116992162","-0.7814915922"
"Sep-1999","-0.67300727483","-0.58574781241","-0.7707621424"
"Sep-1999","-0.56368180209","-0.70117201526","-0.7828430291"
"Sep-1999","-0.54431636561","-0.90187788074","-0.6957999187"
"Sep-1999","-0.58554972883","-0.83777750224","-0.5502308993"
"Sep-1999","-0.61177574457","-0.59677745715","-0.4160387664"
"Sep-1999","-0.58902727056","-0.28273820764","-0.2490128763"
"Sep-1999","-0.47535067923"," 0.15869942190","-0.0727442957"
"Sep-1999","-0.26261237280"," 0.41217937948","-0.0508898577"
"Sep-1999","-0.04511994755"," 0.17417593200","-0.2384007329"
"Sep-1999"," 0.07200340561","-0.24514733089","-0.3097261769"
"Sep-1999","-0.02097401471","-0.31325941810","-0.2919770541"
"Sep-1999","-0.13827903898","-0.30669354943","-0.3118028760"
"Sep-1999","-0.20289246949","-0.24234825952","-0.3568021214"
"Sep-1999","-0.19865661961","-0.09582553407","-0.4019934555"
"Sep-1999","-0.12235526492","-0.03050705749","-0.4602223860"
"Sep-1999","-0.02247038010","-0.02151791053","-0.4072480155"
"Sep-1999"," 0.04754307022","-0.02637855933","-0.3251978287"
"Oct-1999"," 0.16719554798","-0.07047523658","-0.2469587377"
"Oct-1999"," 0.21217877617","-0.05105178336","-0.1444594758"
"Oct-1999"," 0.21727712361"," 0.04246133342","-0.0451928934"
"Oct-1999"," 0.28167296700"," 0.13668305504"," 0.0421646027"
"Oct-1999"," 0.41557954681"," 0.15924678802"," 0.0812465542"
"Oct-1999"," 0.56064668361"," 0.07045099021"," 0.0923145326"
"Oct-1999"," 0.62828744020"," 0.00517085627"," 0.0940394345"
"Oct-1999"," 0.58847226363"," 0.05920591034"," 0.1024144398"
"Oct-1999"," 0.49513722416"," 0.20522507304"," 0.1299636510"
"Oct-1999"," 0.41452316156"," 0.28083470222"," 0.1221633289"
"Oct-1999"," 0.40015903696"," 0.30701814474"," 0.1032252776"
"Oct-1999"," 0.47039084481"," 0.30890621145"," 0.0785509436"
"Oct-1999"," 0.54457487988"," 0.32387129064"," 0.0899031596"
"Oct-1999"," 0.60504450672"," 0.33116267486"," 0.0901034851"
"Oct-1999"," 0.66164052531"," 0.29370033109"," 0.0554427360"
"Oct-1999"," 0.67958377632"," 0.28191029251","-0.1004160881"
"Oct-1999"," 0.66227494345","-0.02732679100","-0.2882620025"
"Oct-1999"," 0.51966513593","-0.34112300806","-0.3463616161"
"Oct-1999"," 0.33306516472","-0.42878866686","-0.4058567732"
"Oct-1999"," 0.17072283648","-0.44417498662","-0.4585740923"
"Oct-1999"," 0.10112750121","-0.45606971881","-0.5587454468"
"Oct-1999"," 0.05183380297","-0.52328771205","-0.6880441901"
"Oct-1999","-0.08654851917","-0.62661196445","-0.7904079270"
"Oct-1999","-0.23668381049","-0.77006493006","-0.8748182389"
"Oct-1999","-0.26190128007","-0.79915566062","-0.9102305437"
"Oct-1999","-0.31550717261","-0.69641253701","-0.8802145322"
"Oct-1999","-0.38023983396","-0.61006409172","-0.8621357263"
"Oct-1999","-0.38319184283","-0.57394356416","-0.7869399449"
"Oct-1999","-0.34349828172","-0.44871433233","-0.6047092740"
"Oct-1999","-0.28806419519","-0.22616290969","-0.3194654006"
"Oct-1999","-0.22585236730"," 0.02153370961","-0.0212236551"
"Nov-1999","-0.16502783611"," 0.27579514068"," 0.2559423132"
"Nov-1999","-0.15075993997"," 0.44831675900"," 0.4425995426"
"Nov-1999","-0.07299292641"," 0.31631655767"," 0.4534202892"
"Nov-1999"," 0.00919799158"," 0.14935104023"," 0.4413553491"
"Nov-1999","-0.04451109984"," 0.23070783760"," 0.4213264018"
"Nov-1999","-0.04630033287"," 0.34925828668"," 0.2937583222"
"Nov-1999"," 0.00442281474"," 0.41043816566"," 0.1115630338"
"Nov-1999"," 0.01798280987"," 0.41256480227","-0.0675397664"
"Nov-1999","-0.01107194841"," 0.44190197089","-0.1676431148"
"Nov-1999","-0.02209863668"," 0.49102035952","-0.1982734122"
"Nov-1999"," 0.02164506769"," 0.50057155202","-0.1728335235"
"Nov-1999"," 0.07950383260"," 0.40745977053","-0.1598557366"
"Nov-1999"," 0.11766896439"," 0.28129939386","-0.1426099638"
"Nov-1999"," 0.09749173098"," 0.23162107353","-0.0679661835"
"Nov-1999"," 0.03957118614"," 0.19682292664","-0.0351143700"
"Nov-1999"," 0.00732760820"," 0.09259107520","-0.0709282592"
"Nov-1999"," 0.00505770980","-0.00896706710","-0.1027990983"
"Nov-1999","-0.00992828618"," 0.01181141382","-0.0648139669"
"Nov-1999","-0.02692187271"," 0.10740818586","-0.0164693613"
"Nov-1999","-0.00931610001"," 0.20029936507"," 0.0231002777"
"Nov-1999"," 0.05321981564"," 0.21530813020"," 0.0249944237"
"Nov-1999"," 0.13275445392"," 0.19312201056"," 0.0180840634"
"Nov-1999"," 0.21000583995"," 0.18201004365"," 0.0253223620"
"Nov-1999"," 0.25676314968"," 0.14093180699"," 0.0183189195"
"Nov-1999"," 0.28627234255"," 0.09151883181"," 0.0158007899"
"Nov-1999"," 0.24775164605"," 0.06789013643"," 0.0103009457"
"Nov-1999"," 0.23571288970"," 0.01412007520","-0.0063090764"
"Nov-1999"," 0.22932699593","-0.02617022903","-0.0187398937"
"Nov-1999"," 0.21883526892","-0.01505902545"," 0.0267058136"
"Nov-1999"," 0.22997645549","-0.01456385933"," 0.0275773131"
"Dec-1999"," 0.34872512679","-0.07243499757","-0.0458487294"
"Dec-1999"," 0.37073444296","-0.03574661141","-0.0584361310"
"Dec-1999"," 0.33834672411"," 0.08339571179","-0.0756048899"
"Dec-1999"," 0.31472243537"," 0.19905766248","-0.1258492816"
"Dec-1999"," 0.35427082834"," 0.26411766388","-0.1628282405"
"Dec-1999"," 0.34338325494"," 0.29455103270","-0.1743499034"
"Dec-1999"," 0.39068146914"," 0.17578814309","-0.2796762435"
"Dec-1999"," 0.45665629573"," 0.06193011668","-0.3235477496"
"Dec-1999"," 0.47521782285"," 0.04810451261","-0.2684729022"
"Dec-1999"," 0.44087809336"," 0.04829540376","-0.2045263540"
"Dec-1999"," 0.44137317650","-0.01156015688","-0.1838031043"
"Dec-1999"," 0.46026880678","-0.05898078276","-0.1546830598"
"Dec-1999"," 0.36662508783","-0.01713205282","-0.1132084004"
"Dec-1999"," 0.21618845431","-0.05298259653","-0.1317822787"
"Dec-1999"," 0.15161504868","-0.15214822861","-0.1975844253"
"Dec-1999"," 0.09458627716","-0.23341272180","-0.2580641276"
"Dec-1999"," 0.11909181022","-0.31222123097","-0.3420546769"
"Dec-1999"," 0.11868268335","-0.31204331642","-0.3961405968"
"Dec-1999"," 0.06538433300","-0.29774832329","-0.4599667548"
"Dec-1999"," 0.05680719649","-0.41486823375","-0.5717127244"
"Dec-1999"," 0.05579762310","-0.45058965730","-0.6036808251"
"Dec-1999","-0.04741596668","-0.41934850948","-0.6413423598"
"Dec-1999","-0.04856296737","-0.53749768199","-0.7644807160"
"Dec-1999","-0.02622842614","-0.65480349260","-0.8801647855"
"Dec-1999","-0.08833610130","-0.80153742551","-1.0048726361"
"Dec-1999","-0.12871911017","-0.90515767369","-1.0912054569"
"Dec-1999","-0.21173261089","-0.94618259470","-1.1365819004"
"Dec-1999","-0.34952662972","-1.01851337042","-1.2439194087"
"Dec-1999","-0.43785492772","-1.12285989747","-1.3992745176"
"Dec-1999","-0.50444751682","-1.13331275853","-1.4608191064"
"Dec-1999","-0.59511039137","-1.03047304435","-1.4699069576"
"Jan-2000","-0.67274382267","-0.99234139344","-1.5248936114"
"Jan-2000","-0.67374183984","-0.92612823570","-1.5174921146"
"Jan-2000","-0.62796013188","-0.82145470994","-1.4756230528"
"Jan-2000","-0.58472776273","-0.69797861160","-1.4186803935"
"Jan-2000","-0.56326588120","-0.68553845098","-1.4281077472"
"Jan-2000","-0.43874430940","-0.73787116234","-1.4498152175"
"Jan-2000","-0.36125270074","-0.70546159158","-1.3682361225"
"Jan-2000","-0.28394877977","-0.61993302113","-1.2942498013"
"Jan-2000","-0.25498305942","-0.54494714978","-1.2188009856"
"Jan-2000","-0.27141849888","-0.48269737611","-1.1544459956"
"Jan-2000","-0.30151878322","-0.48099949594","-1.1362847791"
"Jan-2000","-0.30928309558","-0.51994769037","-1.1329252983"
"Jan-2000","-0.30157084124","-0.50773159638","-1.0580048683"
"Jan-2000","-0.28604911358","-0.48929700744","-1.0052109815"
"Jan-2000","-0.12322898150","-0.53493655022","-1.0074864237"
"Jan-2000","-0.03059839453","-0.45133438912","-0.7889536890"
"Jan-2000","-0.01663316129","-0.27739744005","-0.6035412212"
"Jan-2000"," 0.03194628918","-0.18704069168","-0.5095459975"
"Jan-2000"," 0.07139970103","-0.15317034270","-0.4455841114"
"Jan-2000"," 0.07630724244","-0.10699341580","-0.4101853591"
"Jan-2000"," 0.08072116817","-0.11650197928","-0.4413220497"
"Jan-2000"," 0.14139535844","-0.15878433922","-0.4418036913"
"Jan-2000"," 0.13575276807","-0.04095705697","-0.3725248388"
"Jan-2000"," 0.11724663744"," 0.08971301296","-0.3544935884"
"Jan-2000"," 0.15643895209"," 0.01513082559","-0.5108447257"
"Jan-2000"," 0.16450519362","-0.25224907263","-0.6172471107"
"Jan-2000"," 0.10619309470","-0.42065974938","-0.6335339825"
"Jan-2000"," 0.03714977988","-0.37199859526","-0.5617762784"
"Jan-2000","-0.05836065380","-0.19229116709","-0.5061705296"
"Jan-2000","-0.06932622251","-0.11757997700","-0.5091238814"
"Jan-2000","-0.02080877208","-0.12480072386","-0.5129639894"
"Feb-2000"," 0.01693219141","-0.15903336086","-0.5439676706"
"Feb-2000"," 0.02881169203","-0.18857251827","-0.5568201577"
"Feb-2000"," 0.02333360354","-0.17987637250","-0.5423840962"
"Feb-2000","-0.02905118176","-0.15422573412","-0.5386453481"
"Feb-2000","-0.08276041993","-0.19857407531","-0.5645651741"
"Feb-2000","-0.08530044039","-0.25654380051","-0.5943947778"
"Feb-2000","-0.11363111893","-0.23446137628","-0.5622601517"
"Feb-2000","-0.14769790152","-0.17437065137","-0.5708745982"
"Feb-2000","-0.16631687956","-0.18085836682","-0.5997016002"
"Feb-2000","-0.16045717900","-0.23139801667","-0.6222888070"
"Feb-2000","-0.18924225546","-0.25249621531","-0.5641921149"
"Feb-2000","-0.23080821769","-0.21038883402","-0.5274276022"
"Feb-2000","-0.22832234638","-0.16197646668","-0.5065229761"
"Feb-2000","-0.22487323661","-0.10290161619","-0.4690986508"
"Feb-2000","-0.20439370716","-0.11205599467","-0.5105462864"
"Feb-2000","-0.14053752089","-0.22516343309","-0.5577547940"
"Feb-2000","-0.10395283975","-0.26410417038","-0.5391674038"
"Feb-2000","-0.08356928195","-0.24785499444","-0.5270702054"
"Feb-2000","-0.07584279329","-0.21647075166","-0.5159726468"
"Feb-2000","-0.04692461853","-0.24307537603","-0.5592208592"
"Feb-2000"," 0.01107172043","-0.32404152474","-0.6303047114"
"Feb-2000"," 0.02560786762","-0.38255861607","-0.6750189078"
"Feb-2000"," 0.01377129010","-0.35015797040","-0.6514055648"
"Feb-2000","-0.00201953240","-0.27161198794","-0.5925528942"
"Feb-2000"," 0.02157848887","-0.22396077776","-0.5538884737"
"Feb-2000"," 0.06994739602","-0.20159363154","-0.4935947735"
"Feb-2000"," 0.09973459852","-0.16686500637","-0.3997622204"
"Feb-2000"," 0.13186217402","-0.17084764983","-0.3298624682"
"Feb-2000"," 0.18196051534","-0.21428792224","-0.3096653724"
"Mar-2000"," 0.19461475963","-0.23222528994","-0.2721553904"
"Mar-2000"," 0.18171057081","-0.23121599189","-0.2389223618"
"Mar-2000"," 0.17451654874","-0.23557119898","-0.2238585432"
"Mar-2000"," 0.15821662890","-0.23776929499","-0.2250708031"
"Mar-2000"," 0.15372701910","-0.27505830419","-0.2585460321"
"Mar-2000"," 0.16462409428","-0.29841337523","-0.2997758943"
"Mar-2000"," 0.16704018804","-0.30767949344","-0.3327917987"
"Mar-2000"," 0.18065759740","-0.29236111002","-0.3518126258"
"Mar-2000"," 0.17708371715","-0.25669223879","-0.3776022829"
"Mar-2000"," 0.16701718566","-0.24619351923","-0.4095499330"
"Mar-2000"," 0.16452878298","-0.22532390849","-0.4270840821"
"Mar-2000"," 0.15631106326","-0.24387845762","-0.4579959796"
"Mar-2000"," 0.19918790438","-0.33871988554","-0.5387241880"
"Mar-2000"," 0.21167819709","-0.38678570120","-0.5499132869"
"Mar-2000"," 0.18962639805","-0.33155474432","-0.5209725088"
"Mar-2000"," 0.15805465839","-0.24060764848","-0.4698478937"
"Mar-2000"," 0.14860159709","-0.17654825491","-0.4586998986"
"Mar-2000"," 0.17209359463","-0.20385490776","-0.4817834763"
"Mar-2000"," 0.17550686176","-0.20574138909","-0.4782291072"
"Mar-2000"," 0.13614681683","-0.14113844604","-0.4714285871"
"Mar-2000"," 0.14743089698","-0.17487145438","-0.5348837554"
"Mar-2000"," 0.18993797575","-0.22474465866","-0.5676174917"
"Mar-2000"," 0.20553318630","-0.24815668584","-0.5895993801"
"Mar-2000"," 0.18303487694","-0.24610197838","-0.5903531675"
"Mar-2000"," 0.16548607823","-0.21117453518","-0.5457443480"
"Mar-2000"," 0.16161085579","-0.16996054326","-0.4935147974"
"Mar-2000"," 0.16256631672","-0.13287287695","-0.4442635531"
"Mar-2000"," 0.16289763171","-0.15902314398","-0.4257277761"
"Mar-2000"," 0.17875544360","-0.20350929555","-0.4269111050"
"Mar-2000"," 0.16387139916","-0.20310854745","-0.3835763026"
"Mar-2000"," 0.14667930244","-0.21841583322","-0.3686857046"
"Apr-2000"," 0.17168578846","-0.28277363000","-0.3880565030"
"Apr-2000"," 0.14536699278","-0.30672615333","-0.3709596861"
"Apr-2000"," 0.08546824321","-0.26062080327","-0.3344526305"
"Apr-2000"," 0.00161620115","-0.21531307406","-0.3409139320"
"Apr-2000","-0.04653783368","-0.36454978897","-0.4563138858"
"Apr-2000","-0.06812089043","-0.52369499341","-0.4955864651"
"Apr-2000","-0.13302392348","-0.47340471751","-0.4537318484"
"Apr-2000","-0.18233361699","-0.39492156296","-0.4568901109"
"Apr-2000","-0.15890780174","-0.45456485922","-0.5201030788"
"Apr-2000","-0.08781657799","-0.57428919197","-0.5647239495"
"Apr-2000","-0.08753970564","-0.51822321109","-0.4925942411"
"Apr-2000","-0.10612082330","-0.43795621370","-0.4588164340"
"Apr-2000","-0.09828537599","-0.40482752763","-0.4304585762"
"Apr-2000","-0.07165434225","-0.39372753912","-0.3722232345"
"Apr-2000","-0.06529145086","-0.32694652279","-0.3182521052"
"Apr-2000","-0.06503050041","-0.29162555375","-0.2871092470"
"Apr-2000","-0.06514903420","-0.30165494297","-0.2563948348"
"Apr-2000","-0.08303875974","-0.35706581079","-0.2433597540"
"Apr-2000","-0.11260859524","-0.43337717485","-0.2664323761"
"Apr-2000","-0.15301299228","-0.44452636876","-0.2494424374"
"Apr-2000","-0.21223678524","-0.34629757712","-0.1936224453"
"Apr-2000","-0.24851792300","-0.27941556640","-0.1543513268"
"Apr-2000","-0.22140156471","-0.25092845349","-0.1144363422"
"Apr-2000","-0.20925949943","-0.13050461713","-0.0142162961"
"Apr-2000","-0.22813630958","-0.00224285246"," 0.0815531704"
"Apr-2000","-0.17900487534","-0.01255044600"," 0.0799388797"
"Apr-2000","-0.13073568187","-0.05220149095"," 0.0906862642"
"Apr-2000","-0.12584475940","-0.05828511140"," 0.1435927505"
"Apr-2000","-0.14585851817","-0.06350710874"," 0.1947420361"
"Apr-2000","-0.12067846873","-0.06523217519"," 0.2165014848"
"May-2000","-0.06713175137","-0.06535677409"," 0.2464063576"
"May-2000","-0.05882084816","-0.00818214487"," 0.3027085594"
"May-2000","-0.06684515712"," 0.01754723390"," 0.3090819724"
"May-2000","-0.05359365804"," 0.03927852647"," 0.3123435424"
"May-2000","-0.01981556083"," 0.09964023343"," 0.2999116701"
"May-2000"," 0.03039342671"," 0.10607451581"," 0.2670089332"
"May-2000"," 0.08107856720"," 0.06061717397"," 0.2129779131"
"May-2000"," 0.11073142406","-0.00161245954"," 0.1500673205"
"May-2000"," 0.12216452441","-0.07612054521"," 0.0862242420"
"May-2000"," 0.11898142783","-0.12932274785"," 0.0306540788"
"May-2000"," 0.11124088827","-0.19257870752","-0.0451324541"
"May-2000"," 0.10819378821","-0.26899464776","-0.0911785296"
"May-2000"," 0.08724779102","-0.32161354905","-0.1237306054"
"May-2000"," 0.05743670567","-0.37794240894","-0.1675181996"
"May-2000"," 0.04220865274","-0.45631675964","-0.2277464501"
"May-2000"," 0.00697645289","-0.54481785347","-0.3040998350"
"May-2000","-0.06371694340","-0.58775421082","-0.3656215387"
"May-2000","-0.13212352885","-0.56936301425","-0.3783258409"
"May-2000","-0.16352196191","-0.52223362802","-0.3525050212"
"May-2000","-0.16108018766","-0.51213354273","-0.3384041612"
"May-2000","-0.16019138594","-0.52330822011","-0.3464640098"
"May-2000","-0.16602900128","-0.54761510459","-0.3717554700"
"May-2000","-0.17812168665","-0.59970842401","-0.4218705043"
"May-2000","-0.20605024543","-0.69410806017","-0.4771088339"
"May-2000","-0.25738455199","-0.75716255952","-0.5022965404"
"May-2000","-0.29876726559","-0.78215796741","-0.5205039328"
"May-2000","-0.32010180858","-0.78190589245","-0.5371475116"
"May-2000","-0.35207412718","-0.77583659912","-0.5560145136"
"May-2000","-0.40051482964","-0.79620699222","-0.5882426683"
"May-2000","-0.45039862882","-0.83840650153","-0.6466600355"
"May-2000","-0.47830667990","-0.84063900609","-0.7214119519"
"Jun-2000","-0.45699557953","-0.81224096789","-0.7835594245"
"Jun-2000","-0.40525937332","-0.80892659024","-0.8371879269"
"Jun-2000","-0.36345263816","-0.83301498627","-0.8934801469"
"Jun-2000","-0.34936494568","-0.86102642732","-0.9268648500"
"Jun-2000","-0.36846756070","-0.87747254233","-0.9375534799"
"Jun-2000","-0.40643128408","-0.87869251938","-0.9352688674"
"Jun-2000","-0.43893474857","-0.87050175659","-0.9449159422"
"Jun-2000","-0.43816279307","-0.83371208246","-0.9667934276"
"Jun-2000","-0.44084750474","-0.75077730640","-0.9563669617"
"Jun-2000","-0.44043713053","-0.65381517236","-0.9226731477"
"Jun-2000","-0.39879720849","-0.54942325655","-0.8941623981"
"Jun-2000","-0.34510070051","-0.45448330037","-0.8942414409"
"Jun-2000","-0.31127263642","-0.36564158534","-0.9129250783"
"Jun-2000","-0.29469089155","-0.30457438556","-0.9221100287"
"Jun-2000","-0.26728680172","-0.25473817342","-0.8753286687"
"Jun-2000","-0.22441641740","-0.20507012868","-0.8162221522"
"Jun-2000","-0.15408236452","-0.16481575965","-0.7496884135"
"Jun-2000","-0.07930573383","-0.11548158359","-0.6592544974"
"Jun-2000","-0.02723861618","-0.07384734930","-0.5637961706"
"Jun-2000"," 0.00971780838","-0.06287037432","-0.4784593376"
"Jun-2000"," 0.04171657789","-0.08146079995","-0.4151521514"
"Jun-2000"," 0.06196868827","-0.09780427646","-0.3699452766"
"Jun-2000"," 0.06346956609","-0.08986641069","-0.3295445522"
"Jun-2000"," 0.06547928446","-0.06930389336","-0.3063458188"
"Jun-2000"," 0.07043246377","-0.04275293694","-0.2945802106"
"Jun-2000"," 0.07490827947","-0.01194853115","-0.2904188594"
"Jun-2000"," 0.08171371906"," 0.03610542353","-0.2992209717"
"Jun-2000"," 0.10742825284"," 0.07993599230","-0.3312084272"
"Jun-2000"," 0.13727371337"," 0.08545257620","-0.3799307178"
"Jun-2000"," 0.14938602596"," 0.01312232894","-0.4270379874"
"Jul-2000"," 0.15789188077","-0.08235348470","-0.4695192656"
"Jul-2000"," 0.16656869427","-0.15897781394","-0.5044399470"
"Jul-2000"," 0.17029709769","-0.20040641895","-0.5190515825"
"Jul-2000"," 0.18004126567","-0.18525590935","-0.5014034543"
"Jul-2000"," 0.20372821480","-0.15836885298","-0.4926160306"
"Jul-2000"," 0.20415003517","-0.18142698875","-0.4750946224"
"Jul-2000"," 0.17420321009","-0.21812700100","-0.4416426031"
"Jul-2000"," 0.14330184125","-0.25210527305","-0.4142253463"
"Jul-2000"," 0.13269136032","-0.25727166476","-0.4020873687"
"Jul-2000"," 0.13702787771","-0.25344063032","-0.3976249814"
"Jul-2000"," 0.14116518789","-0.22322680687","-0.3910852863"
"Jul-2000"," 0.14890158189","-0.20730985552","-0.3962996757"
"Jul-2000"," 0.13268057451","-0.20249576983","-0.4176565661"
"Jul-2000"," 0.08737894495","-0.20860041120","-0.4328342826"
"Jul-2000"," 0.00950000115","-0.23571623162","-0.4389290577"
"Jul-2000","-0.06275308129","-0.24737051494","-0.4509029038"
"Jul-2000","-0.11359010353","-0.23227608072","-0.4370275268"
"Jul-2000","-0.15193279755","-0.22876447041","-0.4507606430"
"Jul-2000","-0.18991897302","-0.26303492160","-0.4887680102"
"Jul-2000","-0.21482673591","-0.27918885747","-0.5109285970"
"Jul-2000","-0.22252501272","-0.25833146000","-0.5212855962"
"Jul-2000","-0.20913803071","-0.22781283312","-0.5192249653"
"Jul-2000","-0.18478375574","-0.20099477001","-0.5100488606"
"Jul-2000","-0.16907008476","-0.17634515049","-0.4976386560"
"Jul-2000","-0.14914884914","-0.13795166189","-0.4904858518"
"Jul-2000","-0.11089273504","-0.08456913729","-0.4895278435"
"Jul-2000","-0.05392556001","-0.02708025109","-0.4931989915"
"Jul-2000","-0.00290074003"," 0.01974468402","-0.4887692275"
"Jul-2000"," 0.04170810333"," 0.05172755346","-0.4760616387"
"Jul-2000"," 0.07886622978"," 0.09985267396","-0.4559818087"
"Jul-2000"," 0.11073435897"," 0.16142114650","-0.4198560899"
"Aug-2000"," 0.14836680405"," 0.25566001368","-0.3604945509"
"Aug-2000"," 0.20176057575"," 0.33645623345","-0.3056252228"
"Aug-2000"," 0.26033124050"," 0.35351072224","-0.2524985285"
"Aug-2000"," 0.29161480840"," 0.35700442366","-0.1917918014"
"Aug-2000"," 0.29962029723"," 0.35611855016","-0.1286837641"
"Aug-2000"," 0.31196934725"," 0.38439897686","-0.0842169213"
"Aug-2000"," 0.33002390483"," 0.48494588343","-0.0235405858"
"Aug-2000"," 0.38354252040"," 0.61506306778"," 0.0164913804"
"Aug-2000"," 0.44369022397"," 0.63612251275"," 0.0271195515"
"Aug-2000"," 0.48088430310"," 0.58747363063"," 0.0052283513"
"Aug-2000"," 0.47796883390"," 0.50913873819","-0.0297426854"
"Aug-2000"," 0.45005674731"," 0.41365511510","-0.0381882531"
"Aug-2000"," 0.40840820397"," 0.30729715551","-0.0392019728"
"Aug-2000"," 0.36933394619"," 0.22608128056","-0.0096831436"
"Aug-2000"," 0.32791535327"," 0.17824692996"," 0.0310505911"
"Aug-2000"," 0.25755506961"," 0.12940392722"," 0.0582719451"
"Aug-2000"," 0.18898530299"," 0.13707856167"," 0.1102454993"
"Aug-2000"," 0.15705909921"," 0.21409729752"," 0.1628958269"
"Aug-2000"," 0.17042359244"," 0.27882354767"," 0.2057245607"
"Aug-2000"," 0.19563640284"," 0.29115748803"," 0.2351888146"
"Aug-2000"," 0.19942673293"," 0.29616058590"," 0.2624722911"
"Aug-2000"," 0.22759085517"," 0.34417525846"," 0.2941329444"
"Aug-2000"," 0.30038165035"," 0.41733131104"," 0.3261365494"
"Aug-2000"," 0.38224191370"," 0.44349948697"," 0.3615273893"
"Aug-2000"," 0.42178065815"," 0.44027171788"," 0.3947572530"
"Aug-2000"," 0.43729768995"," 0.42097145433"," 0.4042388168"
"Aug-2000"," 0.43658483627"," 0.39286747423"," 0.3941655683"
"Aug-2000"," 0.42312609564"," 0.33990707096"," 0.3553784853"
"Aug-2000"," 0.40929359385"," 0.26409463095"," 0.2851715699"
"Aug-2000"," 0.37444656464"," 0.17694328023"," 0.2292298893"
"Aug-2000"," 0.31892017509"," 0.15239025128"," 0.1986803794"
"Sep-2000"," 0.25562719863"," 0.12670256205"," 0.1871092133"
"Sep-2000"," 0.18774629278"," 0.13457877427"," 0.2026741908"
"Sep-2000"," 0.12798907939"," 0.13483313922"," 0.2259367103"
"Sep-2000"," 0.09259259778"," 0.12311238750"," 0.2276239979"
"Sep-2000"," 0.09966731564"," 0.11694750180"," 0.2141734961"
"Sep-2000"," 0.13242883235"," 0.14010663196"," 0.2012089371"
"Sep-2000"," 0.22463638830"," 0.21373459846"," 0.1670699596"
"Sep-2000"," 0.30363786295"," 0.24241318969"," 0.1109699500"
"Sep-2000"," 0.35094352449"," 0.16431651485"," 0.0592448450"
"Sep-2000"," 0.34003019723"," 0.11975743594"," 0.0192233475"
"Sep-2000"," 0.30893783892"," 0.16012207675","-0.0315684602"
"Sep-2000"," 0.32033307890"," 0.19432870182","-0.0380542699"
"Sep-2000"," 0.33281640118"," 0.20093009469","-0.0346358722"
"Sep-2000"," 0.33215901736"," 0.16386386032","-0.0219796937"
"Sep-2000"," 0.28286597948"," 0.16132291183"," 0.0012403424"
"Sep-2000"," 0.22813990402"," 0.16875574692"," 0.0090362010"
"Sep-2000"," 0.28499364466"," 0.28890443228"," 0.1046913233"
"Sep-2000"," 0.42207605714"," 0.54926792114"," 0.1357557474"
"Sep-2000"," 0.53850688089"," 0.53397232018"," 0.0723276030"
"Sep-2000"," 0.56751306636"," 0.52675832585"," 0.1362781683"
"Sep-2000"," 0.55543810053"," 0.64345165243"," 0.2183656854"
"Sep-2000"," 0.57792965959"," 0.73941065379"," 0.1674991360"
"Sep-2000"," 0.57602713892"," 0.59985618922"," 0.1040607664"
"Sep-2000"," 0.55087086228"," 0.47775408438"," 0.0544484329"
"Sep-2000"," 0.48587607651"," 0.35050707850"," 0.0040569518"
"Sep-2000"," 0.37313634610"," 0.17439781048","-0.0458972783"
"Sep-2000"," 0.31117523316"," 0.01880684538","-0.1324424758"
"Sep-2000"," 0.25624683213","-0.05510390542","-0.1971693484"
"Sep-2000"," 0.24324347995","-0.05713359915","-0.2695430425"
"Sep-2000"," 0.30740574096","-0.02252933801","-0.3253881108"
"Oct-2000"," 0.37442161788","-0.03153750949","-0.4348584759"
"Oct-2000"," 0.38714707049","-0.12969419583","-0.4828064880"
"Oct-2000"," 0.34763873908","-0.12385213988","-0.4522877351"
"Oct-2000"," 0.32200564913","-0.02944686682","-0.4332174454"
"Oct-2000"," 0.36060202970"," 0.00660419773","-0.4174374537"
"Oct-2000"," 0.35676833627","-0.03383290068","-0.3439597980"
"Oct-2000"," 0.27905492157","-0.12496325437","-0.2435766754"
"Oct-2000"," 0.29772694816","-0.29247672511","-0.1802836503"
"Oct-2000"," 0.39125543509","-0.54131663619","-0.1896158119"
"Oct-2000"," 0.48973856877","-0.72197699344","-0.2189687648"
"Oct-2000"," 0.38770675840","-0.63354424699","-0.0237250460"
"Oct-2000"," 0.26323981266","-0.41460507675"," 0.1188351131"
"Oct-2000"," 0.28129668149","-0.21600042311"," 0.2553316598"
"Oct-2000"," 0.36332485855"," 0.02705174586"," 0.4794540342"
"Oct-2000"," 0.45375829628"," 0.26535653242"," 0.6806865426"
"Oct-2000"," 0.56449403141"," 0.38505467709"," 0.8293940638"
"Oct-2000"," 0.64166712863"," 0.41459072247"," 0.9248908164"
"Oct-2000"," 0.67688032492"," 0.38796789562"," 0.9552158171"
"Oct-2000"," 0.67389606869"," 0.37702855866"," 0.9604178307"
"Oct-2000"," 0.65828853151"," 0.42185756270"," 0.9442552849"
"Oct-2000"," 0.65749232630"," 0.43459612653"," 0.8884834976"
"Oct-2000"," 0.72358300858"," 0.41689227902"," 0.8148631753"
"Oct-2000"," 0.85001018271"," 0.39592026466"," 0.7772047650"
"Oct-2000"," 1.01180569997"," 0.35628466245"," 0.7871705267"
"Oct-2000"," 1.16053359045"," 0.35329810555"," 0.8283204939"
"Oct-2000"," 1.22941812649"," 0.38072741962"," 0.8757586638"
"Oct-2000"," 1.25230868697"," 0.43572485632"," 0.9084967824"
"Oct-2000"," 1.26556767008"," 0.47711828944"," 0.9421135824"
"Oct-2000"," 1.28114347352"," 0.53493757997"," 1.0136337119"
"Oct-2000"," 1.30149823248"," 0.61730719844"," 1.0858260296"
"Oct-2000"," 1.34124289777"," 0.68877341517"," 1.1623919941"
"Nov-2000"," 1.40487632414"," 0.75809984254"," 1.2303865637"
"Nov-2000"," 1.44898116955"," 0.82760706161"," 1.2875441155"
"Nov-2000"," 1.46617220236"," 0.87310074969"," 1.3275483275"
"Nov-2000"," 1.50607795768"," 0.84651697009"," 1.3557589336"
"Nov-2000"," 1.51565311136"," 0.81142852303"," 1.3821942826"
"Nov-2000"," 1.51053616391"," 0.82943488399"," 1.3848588117"
"Nov-2000"," 1.44088080966"," 0.91134368618"," 1.3833087940"
"Nov-2000"," 1.48200026157"," 0.91283828578"," 1.3523002436"
"Nov-2000"," 1.48332221976"," 0.95720159997"," 1.3493006347"
"Nov-2000"," 1.44252975385"," 0.85165828935"," 1.2345276672"
"Nov-2000"," 1.51777710790"," 0.54183215017"," 1.0351916989"
"Nov-2000"," 1.51487814758"," 0.32214174605"," 0.9091595975"
"Nov-2000"," 1.42007998060"," 0.24784516143"," 0.8604675364"
"Nov-2000"," 1.26741020847"," 0.20315514211"," 0.8178856287"
"Nov-2000"," 1.25073561029"," 0.06654073004"," 0.7050834154"
"Nov-2000"," 1.20939435233"," 0.03529723351"," 0.6755023014"
"Nov-2000"," 1.07561074538"," 0.12871170460"," 0.7102054935"
"Nov-2000"," 1.10235315907"," 0.07395589111"," 0.6331695733"
"Nov-2000"," 1.09948439167"," 0.03289503488"," 0.5959316560"
"Nov-2000"," 1.00828813336","-0.04443067695"," 0.4723113741"
"Nov-2000"," 0.98339559534","-0.30514946643"," 0.2432307284"
"Nov-2000"," 0.88264003189","-0.55663490217"," 0.0949592004"
"Nov-2000"," 0.71296188859","-0.56433073370"," 0.1297894371"
"Nov-2000"," 0.59237328365","-0.39600625449"," 0.1489969156"
"Nov-2000"," 0.42075112735","-0.15489899093"," 0.1320296996"
"Nov-2000"," 0.39479108810","-0.14994175157","-0.0158083509"
"Nov-2000"," 0.44389420042","-0.28971658356","-0.1369395154"
"Nov-2000"," 0.47214574638","-0.37926995676","-0.2011662841"
"Nov-2000"," 0.49086440140","-0.40247653080","-0.1946052864"
"Nov-2000"," 0.49898978143","-0.39403046358","-0.2048523235"
"Dec-2000"," 0.53295428229","-0.40820625984","-0.2142046515"
"Dec-2000"," 0.50574452039","-0.32380853302","-0.1722556542"
"Dec-2000"," 0.44912755386","-0.30025241268","-0.1872931793"
"Dec-2000"," 0.48177886459","-0.40551282156","-0.2592031666"
"Dec-2000"," 0.47019395585","-0.42049680785","-0.2348618429"
"Dec-2000"," 0.43228287747","-0.34916716842","-0.2002350967"
"Dec-2000"," 0.38178938680","-0.22812761855","-0.1455386241"
"Dec-2000"," 0.41071288109","-0.10316473007","-0.1165077258"
"Dec-2000"," 0.46376282773"," 0.04108708945","-0.0661428628"
"Dec-2000"," 0.54507495939"," 0.14532228780","-0.0057176546"
"Dec-2000"," 0.63270533508"," 0.21402895015"," 0.0339244132"
"Dec-2000"," 0.73012181132"," 0.25015570178"," 0.0533681680"
"Dec-2000"," 0.84722828873"," 0.24194814574"," 0.0311360856"
"Dec-2000"," 0.87513292797"," 0.27731585404"," 0.0406377752"
"Dec-2000"," 0.86108228877"," 0.28472749205"," 0.0068474300"
"Dec-2000"," 0.86498858460"," 0.23821822313","-0.0228485151"
"Dec-2000"," 0.75930240399"," 0.18916154678","-0.0619092857"
"Dec-2000"," 0.72021952490","-0.05371470405","-0.2136006315"
"Dec-2000"," 0.60908445818","-0.14110861747","-0.2371011315"
"Dec-2000"," 0.45909451842","-0.37650441318","-0.4066843885"
"Dec-2000"," 0.38626102025","-0.58435786330","-0.4685447021"
"Dec-2000"," 0.26695442199","-0.53161307133","-0.4475830256"
"Dec-2000"," 0.26225874462","-0.58292526957","-0.5031008859"
"Dec-2000"," 0.27768240950","-0.58258711450","-0.4952939094"
"Dec-2000"," 0.28645427749","-0.53239601275","-0.4918279968"
"Dec-2000"," 0.31892362361","-0.48438245583","-0.4439389827"
"Dec-2000"," 0.32120320723","-0.32596811024","-0.3490053896"
"Dec-2000"," 0.29033969876","-0.22526319442","-0.3186129104"
"Dec-2000"," 0.22276406055","-0.34885543630","-0.3854211889"
"Dec-2000"," 0.19688678584","-0.61838997946","-0.4780183941"
"Dec-2000","-0.01861213991","-0.84119416393","-0.4679377888"
"Jan-2001"," 0.02129495126","-0.87730282368","-0.4761222058"
"Jan-2001","-0.02684705043","-0.78020493438","-0.4213622311"
"Jan-2001","-0.02836307974","-0.69204240665","-0.4030786768"
"Jan-2001","-0.06526979421","-0.59857908246","-0.4029292340"
"Jan-2001","-0.10315768678","-0.57665202519","-0.4466181058"
"Jan-2001","-0.13477627499","-0.60941994989","-0.4268949421"
"Jan-2001","-0.13489106678","-0.60573846936","-0.4090090364"
"Jan-2001","-0.15363661294","-0.49969177215","-0.3195971987"
"Jan-2001","-0.16546016679","-0.46866999354","-0.2969727428"
"Jan-2001","-0.11578434288","-0.60215140684","-0.3531938729"
"Jan-2001","-0.09944403129","-0.60185834695","-0.3081772607"
"Jan-2001","-0.16302543633","-0.52035240670","-0.3312754865"
"Jan-2001","-0.17302864707","-0.60130786878","-0.4251332375"
"Jan-2001","-0.15753234309","-0.67560691955","-0.4548725587"
"Jan-2001","-0.19179660864","-0.64051870736","-0.4552090992"
"Jan-2001","-0.20762708915","-0.65464940845","-0.4989503146"
"Jan-2001","-0.20136402148","-0.67939473778","-0.5217207238"
"Jan-2001","-0.19805930944","-0.67032961016","-0.5258422290"
"Jan-2001","-0.20682373008","-0.64746723910","-0.5238207543"
"Jan-2001","-0.26224780123","-0.62895655207","-0.5429844103"
"Jan-2001","-0.29142945781","-0.75710364112","-0.6177048799"
"Jan-2001","-0.31969215643","-0.88956383669","-0.6097868458"
"Jan-2001","-0.36130199561","-0.93541071156","-0.6246199065"
"Jan-2001","-0.39458291856","-1.02631470863","-0.5996619030"
"Jan-2001","-0.44790860028","-1.00091438368","-0.5263308497"
"Jan-2001","-0.47527207824","-0.98301306864","-0.5320536206"
"Jan-2001","-0.49619804465","-0.90843634201","-0.4948345713"
"Jan-2001","-0.50264824971","-0.78019066599","-0.4759413974"
"Jan-2001","-0.46968675536","-0.65593972927","-0.4271392120"
"Jan-2001","-0.44318507791","-0.50798411650","-0.3482690366"
"Jan-2001","-0.38487587722","-0.45416590678","-0.2957832462"
"Feb-2001","-0.31197759085","-0.45861441625","-0.2653526658"
"Feb-2001","-0.26478338264","-0.47407630565","-0.2286292569"
"Feb-2001","-0.25044673616","-0.48928923213","-0.1777089033"
"Feb-2001","-0.27148411920","-0.47321656152","-0.0907433344"
"Feb-2001","-0.30138347207","-0.39940886022"," 0.0030974962"
"Feb-2001","-0.31360749479","-0.36108348413"," 0.0700241766"
"Feb-2001","-0.31675661976","-0.28033770284"," 0.1084843356"
"Feb-2001","-0.30885495347","-0.15670647242"," 0.0994708610"
"Feb-2001","-0.29688439717","-0.03834926320"," 0.0571371590"
"Feb-2001","-0.28437337665"," 0.02430278524"," 0.0101168447"
"Feb-2001","-0.24821304724","-0.02843777907","-0.0482196539"
"Feb-2001","-0.21675855735","-0.10353310016","-0.0899257609"
"Feb-2001","-0.21938526780","-0.09983858431","-0.1030871560"
"Feb-2001","-0.23662982609","-0.06991811434","-0.1017159584"
"Feb-2001","-0.22133430684","-0.08415503570","-0.1214928858"
"Feb-2001","-0.18299260335","-0.11568795163","-0.1487660558"
"Feb-2001","-0.17746113612","-0.11322233791","-0.1609506962"
"Feb-2001","-0.15410663926","-0.16590623966","-0.2016001944"
"Feb-2001","-0.13083417322","-0.20979904916","-0.2131200314"
"Feb-2001","-0.16022461217","-0.13000936771","-0.1862999778"
"Feb-2001","-0.18066154870","-0.05648791507","-0.1927854629"
"Feb-2001","-0.17074645872","-0.04997636023","-0.2012496956"
"Feb-2001","-0.15048866194","-0.04606546976","-0.2056500011"
"Feb-2001","-0.13214637282","-0.02042986311","-0.1951908712"
"Feb-2001","-0.13737517715"," 0.05770885359","-0.1618530743"
"Feb-2001","-0.13967688267"," 0.07909746982","-0.1746471314"
"Feb-2001","-0.11948046226"," 0.03523172917","-0.1919586380"
"Feb-2001","-0.12850656709"," 0.01456950924","-0.1792511303"
"Mar-2001","-0.15869379823"," 0.01986971852","-0.1764961159"
"Mar-2001","-0.17767993389"," 0.01768377707","-0.1872390775"
"Mar-2001","-0.19271002694"," 0.04414066778","-0.1926086716"
"Mar-2001","-0.22584468115"," 0.10368637527","-0.1904878254"
"Mar-2001","-0.23594001147"," 0.04092211737","-0.2471234838"
"Mar-2001","-0.20430498774","-0.21853776525","-0.3189147852"
"Mar-2001","-0.20387278512","-0.49531466337","-0.3306674495"
"Mar-2001","-0.22485858707","-0.59654516106","-0.3101144988"
"Mar-2001","-0.21870000230","-0.54914068254","-0.2924501807"
"Mar-2001","-0.20403904794","-0.45310135541","-0.2999702416"
"Mar-2001","-0.15670737573","-0.41936400196","-0.3458289760"
"Mar-2001","-0.14188346033","-0.37532551392","-0.3433835999"
"Mar-2001","-0.16822584537","-0.29109178555","-0.3283296008"
"Mar-2001","-0.18074115821","-0.27409983107","-0.3515790141"
"Mar-2001","-0.17739733845","-0.28300507048","-0.3418579686"
"Mar-2001","-0.20026874863","-0.26326859335","-0.3173761289"
"Mar-2001","-0.19201852475","-0.30829259878","-0.3150039120"
"Mar-2001","-0.16556486981","-0.34006520024","-0.2957347574"
"Mar-2001","-0.16860793436","-0.29457115985","-0.2661077922"
"Mar-2001","-0.19818371306","-0.24615732457","-0.2436558264"
"Mar-2001","-0.21504621905","-0.36131324637","-0.2764394311"
"Mar-2001","-0.24059137166","-0.52196450035","-0.2853107667"
"Mar-2001","-0.29513012630","-0.56307743916","-0.2432374434"
"Mar-2001","-0.34661591106","-0.52839385044","-0.1995122556"
"Mar-2001","-0.38745801369","-0.46572260133","-0.1771572268"
"Mar-2001","-0.41350800802","-0.42202132887","-0.1868202482"
"Mar-2001","-0.42266530346","-0.42986753637","-0.2078967152"
"Mar-2001","-0.43959843079","-0.45103243827","-0.2092617858"
"Mar-2001","-0.47549102275","-0.37713431177","-0.1577673575"
"Mar-2001","-0.51095394345","-0.27806139489","-0.1186475077"
"Mar-2001","-0.48774241354","-0.29467156707","-0.1215879157"
"Apr-2001","-0.45314041288","-0.34549077175","-0.1077163122"
"Apr-2001","-0.43691115107","-0.36163707433","-0.0555378879"
"Apr-2001","-0.42726875120","-0.27792804706"," 0.0410913920"
"Apr-2001","-0.41469668448","-0.16355618232"," 0.1180167821"
"Apr-2001","-0.36561191536","-0.13060312080"," 0.1599476824"
"Apr-2001","-0.28576133369","-0.08396913555"," 0.2101818894"
"Apr-2001","-0.19721020242","-0.00607562385"," 0.2539540240"
"Apr-2001","-0.10295734228"," 0.05164760457"," 0.2772873088"
"Apr-2001"," 0.01712007419"," 0.08081866091"," 0.2957515497"
"Apr-2001"," 0.14197064975"," 0.09205968926"," 0.3138532812"
"Apr-2001"," 0.25179667190"," 0.08997791296"," 0.3208141591"
"Apr-2001"," 0.33368114828"," 0.09808236076"," 0.3171927984"
"Apr-2001"," 0.37258540122"," 0.09441473760"," 0.2996486269"
"Apr-2001"," 0.36999834878"," 0.05604485351"," 0.2549763053"
"Apr-2001"," 0.34404472965","-0.01353059550"," 0.1942945732"
"Apr-2001"," 0.28965954434","-0.06636082169"," 0.1408615273"
"Apr-2001"," 0.22077412783","-0.10997912607"," 0.0761465842"
"Apr-2001"," 0.15883851194","-0.20008908408"," 0.0029985304"
"Apr-2001"," 0.12378416782","-0.31608549062","-0.0615961037"
"Apr-2001"," 0.05325435624","-0.27429894270","-0.0470944709"
"Apr-2001","-0.00057495655","-0.16906507420","-0.0488521585"
"Apr-2001","-0.00772741291","-0.10188959255","-0.0592105778"
"Apr-2001"," 0.00442356716","-0.06883952944","-0.0602426380"
"Apr-2001","-0.00050118017","-0.05027916726","-0.0447982535"
"Apr-2001","-0.01063994721","-0.06010832922","-0.0560530051"
"Apr-2001"," 0.02369501305","-0.13046296172","-0.1056676920"
"Apr-2001"," 0.06660732994","-0.22406767806","-0.1596671436"
"Apr-2001"," 0.07454971814","-0.23080136184","-0.1447969149"
"Apr-2001"," 0.07431837362","-0.16590571120","-0.1442916579"
"Apr-2001"," 0.09085418710","-0.11251473126","-0.1753113667"
"May-2001"," 0.12393131702","-0.05986840881","-0.2182895433"
"May-2001"," 0.13905195214","-0.08557623820","-0.2735182564"
"May-2001"," 0.13905294267","-0.10799775699","-0.2892259004"
"May-2001"," 0.15285789297","-0.09467536336","-0.2955517579"
"May-2001"," 0.16797258488","-0.08802893403","-0.2926718088"
"May-2001"," 0.17341174910","-0.07422781523","-0.2775386046"
"May-2001"," 0.18067044931","-0.04046444986","-0.2497542534"
"May-2001"," 0.19394403361"," 0.00620922854","-0.2237118461"
"May-2001"," 0.22342982055"," 0.06201550116","-0.1809000732"
"May-2001"," 0.26308563134"," 0.10533017647","-0.1230797468"
"May-2001"," 0.29997026058"," 0.15827813159","-0.0628152616"
"May-2001"," 0.33172601930"," 0.20348592333","-0.0008179215"
"May-2001"," 0.36741613895"," 0.23705094041"," 0.0470415123"
"May-2001"," 0.40045188659"," 0.22987652179"," 0.0837395609"
"May-2001"," 0.42911648487"," 0.20432582089"," 0.1253948664"
"May-2001"," 0.44627215197"," 0.20849289656"," 0.1795537832"
"May-2001"," 0.45545270660"," 0.21340556921"," 0.2159646727"
"May-2001"," 0.47333663568"," 0.19821489673"," 0.2502887191"
"May-2001"," 0.48887542252"," 0.19672546429"," 0.2848076538"
"May-2001"," 0.49448418802"," 0.19443811742"," 0.3142384728"
"May-2001"," 0.49891990548"," 0.18584731114"," 0.3342296840"
"May-2001"," 0.51139827510"," 0.19401264918"," 0.3454370018"
"May-2001"," 0.53460177069"," 0.15730459260"," 0.3201950853"
"May-2001"," 0.56094364213"," 0.05449629238"," 0.2450068918"
"May-2001"," 0.55371359400","-0.05480800250"," 0.1871855915"
"May-2001"," 0.52272913042","-0.12268733287"," 0.1325675530"
"May-2001"," 0.49009700669","-0.20618333242"," 0.0755540067"
"May-2001"," 0.45690655244","-0.26090139045"," 0.0300344504"
"May-2001"," 0.42394149951","-0.29859660850","-0.0079751891"
"May-2001"," 0.40091600640","-0.33360038467","-0.0661709688"
"May-2001"," 0.37668591493","-0.41868469723","-0.1679471596"
"Jun-2001"," 0.33681299395","-0.49358613257","-0.2519905394"
"Jun-2001"," 0.27476467740","-0.57009425955","-0.3131980196"
"Jun-2001"," 0.21064031346","-0.62024249740","-0.3757310085"
"Jun-2001"," 0.16065423256","-0.63404567132","-0.4195649815"
"Jun-2001"," 0.13499865384","-0.60456605362","-0.4293373967"
"Jun-2001"," 0.12306067508","-0.55358273306","-0.4459418193"
"Jun-2001"," 0.09520226072","-0.52381140597","-0.4655555485"
"Jun-2001"," 0.08646630873","-0.54478083675","-0.5189551189"
"Jun-2001"," 0.07762205845","-0.63808720861","-0.5824855158"
"Jun-2001"," 0.04203909981","-0.74768256698","-0.6382575465"
"Jun-2001","-0.02055888926","-0.82343194421","-0.6845889551"
"Jun-2001","-0.10150833904","-0.85947167625","-0.7236197398"
"Jun-2001","-0.13537463038","-0.91218511299","-0.7719704724"
"Jun-2001","-0.14574140347","-0.92594953325","-0.8221117190"
"Jun-2001","-0.15366203663","-0.93076743558","-0.8626578692"
"Jun-2001","-0.17135108749","-0.95058318157","-0.9081899231"
"Jun-2001","-0.18821062187","-1.02602552410","-0.9668556178"
"Jun-2001","-0.20467060453","-1.09831954255","-1.0278742961"
"Jun-2001","-0.22953302301","-1.12784131954","-1.0727470650"
"Jun-2001","-0.26058924521","-1.14459335361","-1.1023050504"
"Jun-2001","-0.28059034716","-1.14609505804","-1.1259069102"
"Jun-2001","-0.29146680457","-1.14602559504","-1.1473677573"
"Jun-2001","-0.31280057715","-1.15591464902","-1.1741252016"
"Jun-2001","-0.32394495543","-1.18927268631","-1.2173168505"
"Jun-2001","-0.31848245866","-1.24469447562","-1.2677950433"
"Jun-2001","-0.32597598861","-1.28876431890","-1.2944700364"
"Jun-2001","-0.34236454282","-1.27625357963","-1.2876989342"
"Jun-2001","-0.32333152193","-1.20499393167","-1.2788380268"
"Jun-2001","-0.27988094200","-1.14133117597","-1.3015862407"
"Jun-2001","-0.23442412890","-1.09534220433","-1.3187478175"
"Jul-2001","-0.18712906974","-1.03987449780","-1.2995949954"
"Jul-2001","-0.13966444598","-0.97797556222","-1.2918081042"
"Jul-2001","-0.09606033340","-0.93725380054","-1.2919450494"
"Jul-2001","-0.07787796036","-0.91851346869","-1.2854363141"
"Jul-2001","-0.08620397837","-0.92840557599","-1.2825468701"
"Jul-2001","-0.11141524795","-0.96254972546","-1.2776533182"
"Jul-2001","-0.13809386397","-0.96471188626","-1.2565272668"
"Jul-2001","-0.15783126398","-0.95259584717","-1.2316824713"
"Jul-2001","-0.17202806186","-0.96303320676","-1.2218438760"
"Jul-2001","-0.17973055761","-0.99973539157","-1.2235861852"
"Jul-2001","-0.19821361249","-1.03994983258","-1.2259916341"
"Jul-2001","-0.22525179204","-1.06625822630","-1.2286951977"
"Jul-2001","-0.25382041866","-1.08669996138","-1.2233259688"
"Jul-2001","-0.27480170818","-1.13400180142","-1.2260102181"
"Jul-2001","-0.28061551403","-1.15007194717","-1.2685775994"
"Jul-2001","-0.27347644821","-1.11513540273","-1.3074234775"
"Jul-2001","-0.24639314437","-1.10560499629","-1.3326563048"
"Jul-2001","-0.21462014305","-1.08315124150","-1.3418067248"
"Jul-2001","-0.19503799993","-1.09517984997","-1.3435502512"
"Jul-2001","-0.18477849791","-1.12683830428","-1.3289582142"
"Jul-2001","-0.19291026138","-1.15333171739","-1.3267044398"
"Jul-2001","-0.21009883619","-1.16924767055","-1.3492974085"
"Jul-2001","-0.20967187972","-1.15221531831","-1.3835952019"
"Jul-2001","-0.17703916901","-1.09708189149","-1.3873553744"
"Jul-2001","-0.15235941218","-1.01175953750","-1.3735405374"
"Jul-2001","-0.14582314080","-0.94308974985","-1.3520213820"
"Jul-2001","-0.10476921082","-0.90386200058","-1.3454582337"
"Jul-2001","-0.04264465991","-0.89434239819","-1.3438215043"
"Jul-2001"," 0.00360777141","-0.91046116218","-1.3414083053"
"Jul-2001"," 0.02790188067","-0.97292678200","-1.3297759500"
"Jul-2001"," 0.03726465670","-1.03716403140","-1.3047658464"
"Aug-2001"," 0.03594156123","-1.04144772036","-1.2492886030"
"Aug-2001"," 0.03687794523","-0.92163337342","-1.1820402331"
"Aug-2001"," 0.10574626587","-0.65467230834","-1.1228257834"
"Aug-2001"," 0.24813034189","-0.39119296628","-1.0979443881"
"Aug-2001"," 0.36178664563","-0.32218038486","-1.0163462627"
"Aug-2001"," 0.39950515703","-0.25440445631","-0.8595777568"
"Aug-2001"," 0.40871377676","-0.26612749803","-0.6822800780"
"Aug-2001"," 0.40946570147","-0.26364673515","-0.5019314612"
"Aug-2001"," 0.43986813511","-0.26490834303","-0.3229975399"
"Aug-2001"," 0.45797959332","-0.24077379491","-0.1376124612"
"Aug-2001"," 0.45405994363","-0.18472771932"," 0.0358942476"
"Aug-2001"," 0.43869655453","-0.10742983967"," 0.1954105860"
"Aug-2001"," 0.43633769157","-0.00265003493"," 0.3608957503"
"Aug-2001"," 0.44915031110"," 0.10038385859"," 0.5441580351"
"Aug-2001"," 0.46514254200"," 0.18055955001"," 0.7431392848"
"Aug-2001"," 0.47683523541"," 0.23537590141"," 0.9400871710"
"Aug-2001"," 0.49164550348"," 0.30615964265"," 1.1217966789"
"Aug-2001"," 0.52408161171"," 0.40978253313"," 1.2681028900"
"Aug-2001"," 0.55791316102"," 0.49507711366"," 1.3700465801"
"Aug-2001"," 0.59912264138"," 0.57389032024"," 1.4390933358"
"Aug-2001"," 0.64424098563"," 0.63067471182"," 1.4822812111"
"Aug-2001"," 0.67910511070"," 0.65517671512"," 1.5138709775"
"Aug-2001"," 0.67790972064"," 0.67833091300"," 1.5602072958"
"Aug-2001"," 0.66390890158"," 0.70313014515"," 1.6054270333"
"Aug-2001"," 0.63718824293"," 0.69200179601"," 1.6344843062"
"Aug-2001"," 0.59713148634"," 0.66736650360"," 1.6448959212"
"Aug-2001"," 0.53767528496"," 0.64752562645"," 1.6207600356"
"Aug-2001"," 0.47175431402"," 0.61997194836"," 1.5751224020"
"Aug-2001"," 0.41190945679"," 0.55556952616"," 1.5068768675"
"Aug-2001"," 0.35713029609"," 0.49451641862"," 1.4032078292"
"Aug-2001"," 0.31485712988"," 0.46483674982"," 1.3017059752"
"Sep-2001"," 0.26428472673"," 0.40470979611"," 1.1957816611"
"Sep-2001"," 0.18673511686"," 0.30875977856"," 1.0803520460"
"Sep-2001"," 0.09994988605"," 0.22070711159"," 0.9806313734"
"Sep-2001"," 0.03504498200"," 0.16572200560"," 0.8984286194"
"Sep-2001","-0.00898102432"," 0.10757436585"," 0.8116628892"
"Sep-2001","-0.03637718988"," 0.06591112503"," 0.7003393603"
"Sep-2001","-0.06703928995"," 0.04036465180"," 0.5949381974"
"Sep-2001","-0.11536296275"," 0.00433525407"," 0.4784400845"
"Sep-2001","-0.15383101424","-0.04696402628"," 0.3551132105"
"Sep-2001","-0.19257725881","-0.10750141652"," 0.2292987608"
"Sep-2001","-0.23721207614","-0.18121875131"," 0.0858486400"
"Sep-2001","-0.28110707528","-0.21527083148","-0.0751766933"
"Sep-2001","-0.26406172421","-0.14736595892","-0.1753082424"
"Sep-2001","-0.13109677456","-0.08218452938","-0.2958885013"
"Sep-2001"," 0.01144413587","-0.28245018849","-0.5495501148"
"Sep-2001","-0.01419519076","-0.75681310609","-0.7063372859"
"Sep-2001","-0.19166318015","-0.95174220968","-0.7342477485"
"Sep-2001","-0.34869526023","-0.95590752381","-0.7483923093"
"Sep-2001","-0.43686305518","-0.94602639672","-0.7587223657"
"Sep-2001","-0.52664494222","-0.90956066798","-0.7300513394"
"Sep-2001","-0.58542431598","-0.88254548964","-0.6892524390"
"Sep-2001","-0.59294359978","-0.87114198950","-0.6536999022"
"Sep-2001","-0.57787333511","-0.85657730610","-0.6075704828"
"Sep-2001","-0.57246836264","-0.84298117069","-0.5549572826"
"Sep-2001","-0.54329059482","-0.87182839907","-0.5380885861"
"Sep-2001","-0.44760164506","-0.94868983027","-0.5531861642"
"Sep-2001","-0.41475325493","-0.97337691167","-0.5429581168"
"Sep-2001","-0.45523498692","-0.95460739714","-0.5297128098"
"Sep-2001","-0.47912954446","-0.86158868316","-0.5090570386"
"Sep-2001","-0.43391266051","-0.76915438616","-0.6027800760"
"Oct-2001","-0.37255184734","-0.88796812527","-0.6376467097"
"Oct-2001","-0.39413750882","-0.94412206522","-0.6338131751"
"Oct-2001","-0.46957291743","-0.93563835997","-0.6101383184"
"Oct-2001","-0.50991417715","-0.85908830858","-0.5834545203"
"Oct-2001","-0.49808486354","-0.77847352642","-0.5458200500"
"Oct-2001","-0.46804173662","-0.70999727221","-0.5014064434"
"Oct-2001","-0.42216607476","-0.75687135402","-0.4839011847"
"Oct-2001","-0.32343912318","-0.81853536020","-0.4704874451"
"Oct-2001","-0.24398270032","-0.76642988623","-0.4418255079"
"Oct-2001","-0.10263468528","-0.60803855796","-0.3642472033"
"Oct-2001"," 0.02162927453","-0.44283022555","-0.2282886994"
"Oct-2001"," 0.08634898558","-0.27416577102","-0.1294932899"
"Oct-2001"," 0.14016743920","-0.17667476691","-0.0663638283"
"Oct-2001"," 0.09109367600","-0.06326035251"," 0.0230353495"
"Oct-2001"," 0.12283501695","-0.14375282576","-0.0077596474"
"Oct-2001"," 0.25272116949","-0.32306138480","-0.0302078396"
"Oct-2001"," 0.32474631925","-0.51360181223","-0.0732400233"
"Oct-2001"," 0.38002357137","-0.72622384185","-0.1241129432"
"Oct-2001"," 0.30730717623","-0.73593069489","-0.1042631000"
"Oct-2001"," 0.21603615102","-0.65784318000","-0.0841243125"
"Oct-2001"," 0.18849401022","-0.60415702633","-0.1240986603"
"Oct-2001"," 0.21946530337","-0.53821937190","-0.1331399703"
"Oct-2001"," 0.26302696977","-0.49431652168","-0.1653028781"
"Oct-2001"," 0.27634780617","-0.52710840319","-0.1919920323"
"Oct-2001"," 0.25765695944","-0.55678625175","-0.1781230258"
"Oct-2001"," 0.34937526540","-0.63483477810","-0.1999137183"
"Oct-2001"," 0.55390726157","-0.83125437105","-0.2731427220"
"Oct-2001"," 0.61450598789","-1.06136956918","-0.2542755170"
"Oct-2001"," 0.56098058534","-0.95358723633","-0.0898364118"
"Oct-2001"," 0.52360369781","-0.71567579945"," 0.0776821161"
"Oct-2001"," 0.58567509011","-0.57472226893"," 0.2156631902"
"Nov-2001"," 0.63306744164","-0.41747094425"," 0.3874790407"
"Nov-2001"," 0.66377719736","-0.25914479260"," 0.5457784934"
"Nov-2001"," 0.73726092550","-0.15716975484"," 0.6722718670"
"Nov-2001"," 0.84899900679","-0.10154973468"," 0.7743530705"
"Nov-2001"," 0.91696282393","-0.15685772914"," 0.8364676763"
"Nov-2001"," 0.94938055227","-0.29908067698"," 0.8726992994"
"Nov-2001"," 0.87997679344","-0.27773375029"," 0.9845314939"
"Nov-2001"," 0.76231910268","-0.14701858518"," 0.9906701320"
"Nov-2001"," 0.70483098059","-0.13523488811"," 0.9269104786"
"Nov-2001"," 0.70593381083","-0.21157760741"," 0.8434879581"
"Nov-2001"," 0.67451178842","-0.26039718181"," 0.7916931429"
"Nov-2001"," 0.63741309395","-0.33634884141"," 0.7139683575"
"Nov-2001"," 0.62488945330","-0.43384894676"," 0.6386945072"
"Nov-2001"," 0.59343015749","-0.47815794711"," 0.5650042719"
"Nov-2001"," 0.59735332907","-0.61355478956"," 0.4297715171"
"Nov-2001"," 0.58252860656","-0.84418752524"," 0.2897550506"
"Nov-2001"," 0.46462210855","-0.98316039128"," 0.2154225317"
"Nov-2001"," 0.30368479654","-0.95848522957"," 0.2044838702"
"Nov-2001"," 0.19319621778","-0.85832521373"," 0.1940976966"
"Nov-2001"," 0.13092198631","-0.77457989895"," 0.1644346184"
"Nov-2001"," 0.11888176251","-0.77562096325"," 0.0898372169"
"Nov-2001"," 0.13408842726","-0.78715563867"," 0.0330389689"
"Nov-2001"," 0.12102520285","-0.69468681568"," 0.0371252132"
"Nov-2001"," 0.10077173507","-0.57336395305"," 0.0307805688"
"Nov-2001"," 0.11530274616","-0.59513587824","-0.0351428606"
"Nov-2001"," 0.22339801343","-0.70385211565","-0.1278316872"
"Nov-2001"," 0.27035552091","-0.76274153573","-0.1689685483"
"Nov-2001"," 0.26649020380","-0.68246725734","-0.1553929090"
"Nov-2001"," 0.25241131605","-0.56020279814","-0.1298504027"
"Nov-2001"," 0.18600179216","-0.50320672936","-0.1436960778"
"Dec-2001"," 0.24557381254","-0.62675176224","-0.2204710106"
"Dec-2001"," 0.33644014994","-0.72863484813","-0.2521582010"
"Dec-2001"," 0.35814676652","-0.78164404578","-0.2654317491"
"Dec-2001"," 0.33202490350","-0.80794838799","-0.2917170466"
"Dec-2001"," 0.32400679454","-0.79368281241","-0.3058924860"
"Dec-2001"," 0.32010710226","-0.75603157389","-0.3063484833"
"Dec-2001"," 0.30812818146","-0.74076104537","-0.3053512376"
"Dec-2001"," 0.28343972995","-0.73559107188","-0.2990750861"
"Dec-2001"," 0.23054859879","-0.72729414755","-0.3148545098"
"Dec-2001"," 0.20904661901","-0.74023105967","-0.3250562231"
"Dec-2001"," 0.18446184330","-0.75170073463","-0.3106263699"
"Dec-2001"," 0.20108144855","-0.76511502142","-0.3001454910"
"Dec-2001"," 0.20753198378","-0.74222845868","-0.2572501308"
"Dec-2001"," 0.16648498754","-0.68265004545","-0.1998439675"
"Dec-2001"," 0.15495991435","-0.63347053173","-0.1690545296"
"Dec-2001"," 0.22062584135","-0.58315858902","-0.1545330143"
"Dec-2001"," 0.25127785265","-0.50249577580","-0.1054276016"
"Dec-2001"," 0.21156371046","-0.48965316426","-0.0955123575"
"Dec-2001"," 0.23074949358","-0.56768489736","-0.1470596973"
"Dec-2001"," 0.20357069501","-0.62474825659","-0.1533926152"
"Dec-2001"," 0.24027655137","-0.66665282704","-0.1918884408"
"Dec-2001"," 0.27141381385","-0.60919095097","-0.1291703020"
"Dec-2001"," 0.25577289204","-0.39986973522","-0.0039417753"
"Dec-2001"," 0.24071524749","-0.26983998149"," 0.0352787445"
"Dec-2001"," 0.32281433939","-0.37928901542","-0.0890073146"
"Dec-2001"," 0.31916613247","-0.48836384164","-0.1323508815"
"Dec-2001"," 0.17292877247","-0.62771261821","-0.1926118771"
"Dec-2001"," 0.07349303940","-0.71053401044","-0.1806841663"
"Dec-2001","-0.02002774338","-0.62146875724","-0.1782370454"
"Dec-2001","-0.05041095333","-0.56388181253","-0.2334735086"
"Dec-2001","-0.00971449576","-0.53463336631","-0.2644222088"
"Jan-2002"," 0.00191704842","-0.57247633362","-0.3585645008"
"Jan-2002"," 0.00924468241","-0.60485830707","-0.3645786506"
"Jan-2002","-0.03026401587","-0.52480692096","-0.3947314858"
"Jan-2002","-0.07219251323","-0.73904380396","-0.6300541582"
"Jan-2002","-0.06601631899","-0.92284637866","-0.6737349960"
"Jan-2002","-0.24738403735","-0.78389876122","-0.5792235189"
"Jan-2002","-0.48095967582","-0.78927401168","-0.6879821743"
"Jan-2002","-0.50268221430","-0.94282647541","-0.8964943692"
"Jan-2002","-0.46646590144","-0.97770336269","-0.9397202646"
"Jan-2002","-0.49318461570","-0.88681656990","-0.9457053617"
"Jan-2002","-0.51805609572","-0.79460563492","-0.9564951080"
"Jan-2002","-0.48715461682","-0.72871160772","-1.0035845645"
"Jan-2002","-0.46943027363","-0.69306504921","-1.0327301315"
"Jan-2002","-0.45740490783","-0.62265404774","-1.0729379152"
"Jan-2002","-0.45874429207","-0.50590605501","-1.0785046699"
"Jan-2002","-0.37714395195","-0.48660590889","-1.1631891158"
"Jan-2002","-0.32311220353","-0.46918337773","-1.1723216010"
"Jan-2002","-0.31359684871","-0.39999969303","-1.1660710532"
"Jan-2002","-0.30506105778","-0.35004463631","-1.1799651765"
"Jan-2002","-0.30093196536","-0.29987220678","-1.1786940403"
"Jan-2002","-0.27920814285","-0.24946760758","-1.1766230218"
"Jan-2002","-0.26238133275","-0.22779479782","-1.1848977629"
"Jan-2002","-0.21439568855","-0.21494925039","-1.1908022348"
"Jan-2002","-0.16748789116","-0.13096378033","-1.1466841866"
"Jan-2002","-0.14228707721","-0.04791156893","-1.1303297956"
"Jan-2002","-0.06991465388","-0.05531058264","-1.1774524030"
"Jan-2002"," 0.00898729054","-0.08665730484","-1.2139558067"
"Jan-2002"," 0.04464839124","-0.06840033686","-1.2204303767"
"Jan-2002"," 0.06667043759","-0.03278677768","-1.2170691918"
"Jan-2002"," 0.11003891334","-0.01007137695","-1.2217164045"
"Jan-2002"," 0.15946556313"," 0.02470522056","-1.1885084926"
"Feb-2002"," 0.18668717474"," 0.05336977826","-1.1603047033"
"Feb-2002"," 0.22723490560"," 0.01055942903","-1.1807574709"
"Feb-2002"," 0.26448071257","-0.04242475490","-1.2104849844"
"Feb-2002"," 0.24682225818","-0.05746546245","-1.2157712345"
"Feb-2002"," 0.25673518366","-0.06419174780","-1.2278710298"
"Feb-2002"," 0.24447363074"," 0.00478196252","-1.1430617303"
"Feb-2002"," 0.15167575372"," 0.10863461524","-1.0533786801"
"Feb-2002"," 0.11491042869"," 0.10486899229","-1.0880732294"
"Feb-2002"," 0.13288339569"," 0.06277441146","-1.0996000861"
"Feb-2002"," 0.11907000752"," 0.08458978772","-1.0561307325"
"Feb-2002"," 0.08579462422"," 0.08072534293","-1.0311158814"
"Feb-2002"," 0.10403364109"," 0.05381826383","-1.0087806539"
"Feb-2002"," 0.12590446606"," 0.09873892616","-0.9356649395"
"Feb-2002"," 0.14281844308"," 0.17370277839","-0.8655685135"
"Feb-2002"," 0.18950252673"," 0.21606364386","-0.7996240250"
"Feb-2002"," 0.22050041753"," 0.25813749735","-0.6919359773"
"Feb-2002"," 0.24175461727"," 0.30074221730","-0.5870795118"
"Feb-2002"," 0.27082217910"," 0.32131242664","-0.4861128603"
"Feb-2002"," 0.30839123006"," 0.41409991044","-0.3438274438"
"Feb-2002"," 0.34589655672"," 0.59801680844","-0.1807687470"
"Feb-2002"," 0.39866772332"," 0.69088796492","-0.0816952270"
"Feb-2002"," 0.47837082561"," 0.64893031370","-0.0306011659"
"Feb-2002"," 0.52324359101"," 0.59123256874"," 0.0199157774"
"Feb-2002"," 0.52827234433"," 0.52268902408"," 0.0147391646"
"Feb-2002"," 0.49774334256"," 0.45523604273"," 0.0674900810"
"Feb-2002"," 0.44245867979"," 0.50449048019"," 0.1303921932"
"Feb-2002"," 0.38195306358"," 0.50237018510"," 0.1632778881"
"Feb-2002"," 0.36597660783"," 0.40397586834"," 0.1801872421"
"Mar-2002"," 0.36572273786"," 0.41733683948"," 0.2615253541"
"Mar-2002"," 0.37547747152"," 0.56707300690"," 0.3697048222"
"Mar-2002"," 0.35273794899"," 0.68195800537"," 0.4627452026"
"Mar-2002"," 0.35055118200"," 0.57350464698"," 0.5254942201"
"Mar-2002"," 0.37501269136"," 0.32375590380"," 0.5593227883"
"Mar-2002"," 0.32074350848"," 0.27721251992"," 0.6909233485"
"Mar-2002"," 0.25561529423"," 0.41500099182"," 0.8322783080"
"Mar-2002"," 0.24194303869"," 0.52415250331"," 0.9364651415"
"Mar-2002"," 0.25013915012"," 0.57748047920"," 1.0203239393"
"Mar-2002"," 0.22644545068"," 0.60056991149"," 1.1249655935"
"Mar-2002"," 0.21518400605"," 0.57370234938"," 1.2281813532"
"Mar-2002"," 0.18923559639"," 0.59481610820"," 1.3354224925"
"Mar-2002"," 0.15178669343"," 0.64912619585"," 1.4180889940"
"Mar-2002"," 0.18382699196"," 0.62371776786"," 1.4946407974"
"Mar-2002"," 0.21452790625"," 0.61283415397"," 1.6082818868"
"Mar-2002"," 0.22150753293"," 0.62895103900"," 1.6804676717"
"Mar-2002"," 0.23618994884"," 0.62010164010"," 1.6891359631"
"Mar-2002"," 0.24881190908"," 0.59696141702"," 1.6909750875"
"Mar-2002"," 0.25572161146"," 0.57902927520"," 1.7250114473"
"Mar-2002"," 0.26900653186"," 0.57236834262"," 1.7708708309"
"Mar-2002"," 0.28156891337"," 0.59209260647"," 1.8184123894"
"Mar-2002"," 0.30475612019"," 0.55916761200"," 1.8347173177"
"Mar-2002"," 0.33582011990"," 0.45723273713"," 1.8022272831"
"Mar-2002"," 0.31656793438"," 0.43463066150"," 1.8358053733"
"Mar-2002"," 0.30049455313"," 0.50017161934"," 1.8809197340"
"Mar-2002"," 0.31395901684"," 0.54643063355"," 1.9074397253"
"Mar-2002"," 0.34126775868"," 0.52238927038"," 1.9103839474"
"Mar-2002"," 0.36982486576"," 0.43133988836"," 1.8678506908"
"Mar-2002"," 0.37310169613"," 0.36254702846"," 1.8073882740"
"Mar-2002"," 0.36939537793"," 0.33889097065"," 1.7365584705"
"Mar-2002"," 0.38068804270"," 0.33282179475"," 1.6584066188"
"Apr-2002"," 0.38396927544"," 0.33493428040"," 1.5762101947"
"Apr-2002"," 0.39764285170"," 0.29093959574"," 1.4847103777"
"Apr-2002"," 0.38517633178"," 0.26892281786"," 1.4279977053"
"Apr-2002"," 0.36893973269"," 0.25088698063"," 1.3679694152"
"Apr-2002"," 0.37094952443"," 0.18846146497"," 1.3339925809"
"Apr-2002"," 0.36189106218"," 0.12344227235"," 1.3129801839"
"Apr-2002"," 0.34367119562"," 0.13378233676"," 1.3252786411"
"Apr-2002"," 0.32063128475"," 0.28823083214"," 1.3709534833"
"Apr-2002"," 0.30674525748"," 0.50887211023"," 1.3912869969"
"Apr-2002"," 0.33601973067"," 0.61687328384"," 1.3252004910"
"Apr-2002"," 0.39668240141"," 0.56127269922"," 1.2244344897"
"Apr-2002"," 0.43343862822"," 0.49105211916"," 1.1519446254"
"Apr-2002"," 0.45063105511"," 0.45729615221"," 1.1038587347"
"Apr-2002"," 0.47847252034"," 0.41915491473"," 1.0502002464"
"Apr-2002"," 0.49875852897"," 0.35490809435"," 1.0241281778"
"Apr-2002"," 0.49531272099"," 0.31902678259"," 1.0279797689"
"Apr-2002"," 0.47272988613"," 0.33278133828"," 1.0513857665"
"Apr-2002"," 0.44539227208"," 0.37569526548"," 1.0867626482"
"Apr-2002"," 0.43121682570"," 0.41860050248"," 1.1393296319"
"Apr-2002"," 0.42863241468"," 0.44949145811"," 1.2138354524"
"Apr-2002"," 0.42353425067"," 0.48425566619"," 1.2645887937"
"Apr-2002"," 0.40856340618"," 0.51585916076"," 1.2736220696"
"Apr-2002"," 0.39544082315"," 0.54556672045"," 1.2435238909"
"Apr-2002"," 0.39153907643"," 0.57843687262"," 1.2127640331"
"Apr-2002"," 0.39428406388"," 0.62320580849"," 1.2251309427"
"Apr-2002"," 0.40475829147"," 0.65006473910"," 1.2720127698"
"Apr-2002"," 0.42546483645"," 0.68310699276"," 1.3562899507"
"Apr-2002"," 0.44846652008"," 0.74965454763"," 1.4924781169"
"Apr-2002"," 0.46049302316"," 0.82104918752"," 1.5874218135"
"Apr-2002"," 0.47802399226"," 0.79179410620"," 1.5890634933"
"May-2002"," 0.48918590666"," 0.76876615131"," 1.5770434712"
"May-2002"," 0.47404509402"," 0.78784980537"," 1.5464996015"
"May-2002"," 0.46814294728"," 0.79538680561"," 1.4905905443"
"May-2002"," 0.48060770624"," 0.78335267768"," 1.4553431824"
"May-2002"," 0.49335920620"," 0.78531766453"," 1.4599785875"
"May-2002"," 0.52691817547"," 0.79838052606"," 1.4874963925"
"May-2002"," 0.56505333446"," 0.85326076229"," 1.5468588648"
"May-2002"," 0.60546246404"," 0.91356022852"," 1.6396460891"
"May-2002"," 0.64105356707"," 0.97137975392"," 1.7340530008"
"May-2002"," 0.66328567983"," 1.01994748823"," 1.8334110829"
"May-2002"," 0.68647057540"," 1.07826863869"," 1.9189375293"
"May-2002"," 0.71260406802"," 1.16408058062"," 1.9778029004"
"May-2002"," 0.73386564173"," 1.24011961212"," 1.9817692415"
"May-2002"," 0.73912177743"," 1.20692404662"," 1.8944150726"
"May-2002"," 0.77251518091"," 1.08837230575"," 1.7373342909"
"May-2002"," 0.77458612890"," 1.03313389173"," 1.6299136010"
"May-2002"," 0.75475462824"," 1.02385691075"," 1.5477582402"
"May-2002"," 0.74354902032"," 0.98747379777"," 1.4792173909"
"May-2002"," 0.75479725785"," 0.88073329256"," 1.3731137292"
"May-2002"," 0.79529337092"," 0.73168388702"," 1.2466691690"
"May-2002"," 0.80104748798"," 0.61843687669"," 1.1795088904"
"May-2002"," 0.79934670590"," 0.56983003642"," 1.1397410358"
"May-2002"," 0.80771608725"," 0.56833549554"," 1.1430055272"
"May-2002"," 0.82557008022"," 0.66162266672"," 1.1890053862"
"May-2002"," 0.83887147282"," 0.78839018410"," 1.2313508553"
"May-2002"," 0.86572467948"," 0.87987560354"," 1.2548365449"
"May-2002"," 0.90565296025"," 0.92820600102"," 1.2501519208"
"May-2002"," 0.94491274122"," 0.96053254499"," 1.2452702983"
"May-2002"," 0.98057105376"," 1.01003500590"," 1.2458780107"
"May-2002"," 1.01473795356"," 1.00907826017"," 1.2366943993"
"May-2002"," 1.03426928600"," 0.99722868187"," 1.2191506336"
"Jun-2002"," 1.04929699443"," 0.99236867897"," 1.1970838188"
"Jun-2002"," 1.05624129209"," 0.97438052049"," 1.1711622074"
"Jun-2002"," 1.05002844812"," 0.94841069286"," 1.1685972527"
"Jun-2002"," 1.02870212289"," 0.93967843571"," 1.1874455085"
"Jun-2002"," 1.01773659086"," 0.95609225600"," 1.2273105841"
"Jun-2002"," 1.01367874346"," 1.01615749744"," 1.2934549518"
"Jun-2002"," 0.99624282885"," 1.04830636174"," 1.3474686052"
"Jun-2002"," 0.97756016319"," 1.05226909991"," 1.4094269919"
"Jun-2002"," 0.96923770376"," 1.11098559645"," 1.4831769963"
"Jun-2002"," 0.99361105567"," 1.20287440629"," 1.5383896817"
"Jun-2002"," 1.04425620797"," 1.24287640677"," 1.5235051701"
"Jun-2002"," 1.08798813600"," 1.23754895249"," 1.4565116199"
"Jun-2002"," 1.10081788808"," 1.20314855910"," 1.3744416723"
"Jun-2002"," 1.09681672118"," 1.13890361769"," 1.3150357427"
"Jun-2002"," 1.07536826689"," 1.04460157029"," 1.2666951542"
"Jun-2002"," 1.06911503118"," 0.94549583024"," 1.2108700495"
"Jun-2002"," 1.04221556296"," 0.86060728240"," 1.1986148062"
"Jun-2002"," 1.00047233198"," 0.81950221176"," 1.2027140349"
"Jun-2002"," 0.98159174313"," 0.78914335566"," 1.2103777363"
"Jun-2002"," 0.97678971184"," 0.75969174629"," 1.2257706699"
"Jun-2002"," 0.96768205312"," 0.73104697644"," 1.2338058480"
"Jun-2002"," 0.97962274668"," 0.72641755783"," 1.2295407024"
"Jun-2002"," 1.00587000386"," 0.75028294415"," 1.2352571839"
"Jun-2002"," 0.98025107487"," 0.78666406073"," 1.2443609816"
"Jun-2002"," 0.94099089035"," 0.76721729658"," 1.2611230434"
"Jun-2002"," 0.91498528657"," 0.76318773770"," 1.2576907686"
"Jun-2002"," 0.89824806468"," 0.75899564831"," 1.2373547393"
"Jun-2002"," 0.88564312694"," 0.77143304920"," 1.2008228510"
"Jun-2002"," 0.89770514247"," 0.76273496574"," 1.1497436408"
"Jun-2002"," 0.93195979617"," 0.73273963074"," 1.0982187803"
"Jul-2002"," 0.94868953402"," 0.70044579251"," 1.0353418660"
"Jul-2002"," 0.95074503703"," 0.64628332109"," 0.9427678300"
"Jul-2002"," 0.95017247219"," 0.55103010614"," 0.8524277671"
"Jul-2002"," 0.92848082366"," 0.45181010150"," 0.7606309716"
"Jul-2002"," 0.88400111649"," 0.38129370182"," 0.6762055652"
"Jul-2002"," 0.83223783570"," 0.34747120774"," 0.5852426549"
"Jul-2002"," 0.79434011117"," 0.32956730912"," 0.4867031201"
"Jul-2002"," 0.80445253736"," 0.35474333257"," 0.3964015236"
"Jul-2002"," 0.82321815100"," 0.39753800419"," 0.2826351344"
"Jul-2002"," 0.83263305843"," 0.42200266305"," 0.1760515352"
"Jul-2002"," 0.86173587590"," 0.43604528763"," 0.0912427632"
"Jul-2002"," 0.90372178750"," 0.39350298456"," 0.0328252337"
"Jul-2002"," 0.90828385296"," 0.32216412646"," 0.0047443908"
"Jul-2002"," 0.87806044901"," 0.21021923920","-0.0195837862"
"Jul-2002"," 0.82604454559"," 0.11637630527","-0.0221345391"
"Jul-2002"," 0.79007472873"," 0.11025721936","-0.0203090078"
"Jul-2002"," 0.77115327122"," 0.12246744158","-0.0063888751"
"Jul-2002"," 0.75646872749"," 0.13472898305","-0.0016643643"
"Jul-2002"," 0.73666716294"," 0.14598163750"," 0.0123389906"
"Jul-2002"," 0.72856471192"," 0.19982538941"," 0.0409438774"
"Jul-2002"," 0.74724161781"," 0.23822692233"," 0.0599220182"
"Jul-2002"," 0.77357233657"," 0.25947185642"," 0.0796514712"
"Jul-2002"," 0.79999077255"," 0.29767727232"," 0.0779146399"
"Jul-2002"," 0.82881114134"," 0.29780762555"," 0.0589820258"
"Jul-2002"," 0.85103085409"," 0.26344704274"," 0.0262284070"
"Jul-2002"," 0.85693637598"," 0.24008075663","-0.0045652914"
"Jul-2002"," 0.86307390274"," 0.24731154422","-0.0445398015"
"Jul-2002"," 0.88787285372"," 0.24596849493","-0.0811977200"
"Jul-2002"," 0.92100545350"," 0.23088639142","-0.1142069700"
"Jul-2002"," 0.94500779572"," 0.20384743243","-0.1430558831"
"Jul-2002"," 0.96119380425"," 0.17613163485","-0.1731571862"
"Aug-2002"," 0.97897842321"," 0.10397865624","-0.2186179880"
"Aug-2002"," 0.97542207907","-0.01846001828","-0.2523572070"
"Aug-2002"," 0.95470218024","-0.08685377417","-0.2722828874"
"Aug-2002"," 0.95452113279","-0.07798212127","-0.2678376233"
"Aug-2002"," 0.97239673406","-0.05242983499","-0.2692855508"
"Aug-2002"," 0.94374611330","-0.09728367661","-0.2866767494"
"Aug-2002"," 0.90172479932","-0.18225501636","-0.3188956120"
"Aug-2002"," 0.87967894348","-0.23644760995","-0.3697021084"
"Aug-2002"," 0.87564681325","-0.20169931436","-0.4089481913"
"Aug-2002"," 0.91800762329","-0.14046782254","-0.4162334368"
"Aug-2002"," 1.01127787456","-0.03691944479","-0.4004847700"
"Aug-2002"," 1.06793372869"," 0.03298423600","-0.3832273112"
"Aug-2002"," 1.10859294956"," 0.06021408614","-0.3573082561"
"Aug-2002"," 1.14527840827"," 0.07964082755","-0.2914057641"
"Aug-2002"," 1.15251399604"," 0.12146976964","-0.2131358757"
"Aug-2002"," 1.15322850062"," 0.21419107862","-0.0983261866"
"Aug-2002"," 1.17424577951"," 0.34707950216"," 0.0323746736"
"Aug-2002"," 1.20482716946"," 0.47656271182"," 0.1466823112"
"Aug-2002"," 1.22953403755"," 0.54280211636"," 0.2150781811"
"Aug-2002"," 1.23333075108"," 0.55821433061"," 0.2719063744"
"Aug-2002"," 1.22855329969"," 0.58055059134"," 0.3321654224"
"Aug-2002"," 1.22106277803"," 0.63079083978"," 0.3573386025"
"Aug-2002"," 1.21508652474"," 0.67842185108"," 0.3677423051"
"Aug-2002"," 1.20605785186"," 0.70469178473"," 0.3855348852"
"Aug-2002"," 1.17117619068"," 0.70547243617"," 0.4028261847"
"Aug-2002"," 1.11654076735"," 0.70873396791"," 0.4159948429"
"Aug-2002"," 1.05970804802"," 0.72194802744"," 0.4313212312"
"Aug-2002"," 1.01616718282"," 0.74163893966"," 0.4448455414"
"Aug-2002"," 1.00110311815"," 0.70954350844"," 0.4471717447"
"Aug-2002"," 1.00080570141"," 0.72090549520"," 0.4948870107"
"Aug-2002"," 1.02139925223"," 0.81959733439"," 0.5654225137"
"Sep-2002"," 1.06192959373"," 0.92056548153"," 0.5992745350"
"Sep-2002"," 1.09040643094"," 0.93974097003"," 0.6025504284"
"Sep-2002"," 1.08152542088"," 0.90105853178"," 0.5997708247"
"Sep-2002"," 1.05550906798"," 0.90006890415"," 0.5916212618"
"Sep-2002"," 1.02851571923"," 0.90173560524"," 0.5946529260"
"Sep-2002"," 1.00540162843"," 0.91637949877"," 0.6004173687"
"Sep-2002"," 1.00730968875"," 1.04896734656"," 0.6063584405"
"Sep-2002"," 1.05663475386"," 1.17353118975"," 0.6097508693"
"Sep-2002"," 1.16478145548"," 1.21762792572"," 0.5932497136"
"Sep-2002"," 1.26639089519"," 1.16611820123"," 0.5520707343"
"Sep-2002"," 1.28612521354"," 1.04415255626"," 0.5058214523"
"Sep-2002"," 1.21438522727"," 0.95791479378"," 0.4650481962"
"Sep-2002"," 1.08756763634"," 1.02181253761"," 0.4515713604"
"Sep-2002"," 1.01735861075"," 1.12697999642"," 0.4195565969"
"Sep-2002"," 0.96057783939"," 1.04890076072"," 0.3690069897"
"Sep-2002"," 0.89555722638"," 0.90732135855"," 0.2734786686"
"Sep-2002"," 0.82443529611"," 0.75214188689"," 0.1873301863"
"Sep-2002"," 0.73411254129"," 0.66454381213"," 0.1257240431"
"Sep-2002"," 0.64381278884"," 0.61761206957"," 0.0921485903"
"Sep-2002"," 0.55485535555"," 0.64463740606"," 0.1063247195"
"Sep-2002"," 0.45856394153"," 0.75421532528"," 0.1683096026"
"Sep-2002"," 0.44075654030"," 0.89468402399"," 0.2045383448"
"Sep-2002"," 0.53352037233"," 0.97188431487"," 0.1959004857"
"Sep-2002"," 0.75126032081"," 1.08555015834"," 0.2025638576"
"Sep-2002"," 1.07849446285"," 1.26020616400"," 0.2412117229"
"Sep-2002"," 1.33275092911"," 1.68237564856"," 0.3457395604"
"Sep-2002"," 1.31560667148"," 1.72456188767"," 0.2880859623"
"Sep-2002"," 1.30069995484"," 1.31925007028"," 0.1415754086"
"Sep-2002"," 1.24823522985"," 1.08260687637"," 0.0828701114"
"Sep-2002"," 1.14794268561"," 0.97371589518"," 0.0509321590"
"Oct-2002"," 1.02514280714"," 0.95732033608"," 0.0233377458"
"Oct-2002"," 0.98249786083"," 1.03798814030"," 0.0409578357"
"Oct-2002"," 1.09468923943"," 1.23673876607"," 0.0322364298"
"Oct-2002"," 0.99907204830"," 1.13092376878","-0.0503907125"
"Oct-2002"," 0.83140288964"," 0.88122170615","-0.1332613943"
"Oct-2002"," 0.72018839683"," 0.68860290804","-0.1947870746"
"Oct-2002"," 0.60288880214"," 0.56046433304","-0.2543210226"
"Oct-2002"," 0.46736435154"," 0.44165417571","-0.3235623420"
"Oct-2002"," 0.34051000082"," 0.37025172637","-0.3902788368"
"Oct-2002"," 0.22467202950"," 0.35955307314","-0.4509169087"
"Oct-2002"," 0.13032862729"," 0.31571252237","-0.5250855396"
"Oct-2002"," 0.07882215140"," 0.21192128833","-0.6157709074"
"Oct-2002"," 0.04490952512"," 0.13790020702","-0.6930846135"
"Oct-2002"," 0.05951724750"," 0.09368409803","-0.7721583200"
"Oct-2002"," 0.06652981858"," 0.10239868115","-0.8448954568"
"Oct-2002","-0.02887055586"," 0.01523083077","-0.9528133290"
"Oct-2002","-0.08144445962","-0.17790221670","-1.1390805382"
"Oct-2002","-0.16211854119","-0.29984648844","-1.2174167690"
"Oct-2002","-0.21064490642","-0.28167008111","-1.1724335107"
"Oct-2002","-0.29019440270","-0.15870582471","-1.0663965565"
"Oct-2002","-0.36862628411","-0.03524370118","-0.9989332535"
"Oct-2002","-0.38877596603"," 0.01248360710","-0.9554983492"
"Oct-2002","-0.38713553310"," 0.03561061870","-0.8989792667"
"Oct-2002","-0.41879282548"," 0.07612516572","-0.8277512061"
"Oct-2002","-0.44261320309"," 0.12419104009","-0.7601044572"
"Oct-2002","-0.44435478047"," 0.16623042631","-0.7252746669"
"Oct-2002","-0.43926189930"," 0.18202782849","-0.7022896898"
"Oct-2002","-0.45602986440"," 0.22442644942","-0.6774156388"
"Oct-2002","-0.47973933899"," 0.31438984812","-0.6390680792"
"Oct-2002","-0.47680273841"," 0.41699480905","-0.6086973895"
"Oct-2002","-0.39718052966"," 0.43104753307","-0.6417748483"
"Nov-2002","-0.23047604022"," 0.41811214761","-0.6394321305"
"Nov-2002","-0.09150134258"," 0.41706773640","-0.6360439622"
"Nov-2002","-0.04657446472"," 0.40048950663","-0.6157322382"
"Nov-2002","-0.15105876177"," 0.46181406596","-0.5633394083"
"Nov-2002","-0.29299530024"," 0.51224350274","-0.5373234568"
"Nov-2002","-0.47166557675"," 0.54506309899","-0.5113058822"
"Nov-2002","-0.51440715507"," 0.41495683613","-0.6199755536"
"Nov-2002","-0.47591015799"," 0.25517454496","-0.6652405744"
"Nov-2002","-0.49738260520"," 0.29150674972","-0.6162212241"
"Nov-2002","-0.55552906497"," 0.36954893457","-0.5901560535"
"Nov-2002","-0.61742682047"," 0.45566573864","-0.5858378746"
"Nov-2002","-0.63354007985"," 0.49117542627","-0.5927472205"
"Nov-2002","-0.56235442528"," 0.39993791283","-0.6425046957"
"Nov-2002","-0.48749913892"," 0.16058560302","-0.7568408990"
"Nov-2002","-0.54085794847"," 0.12009260538","-0.6851829316"
"Nov-2002","-0.63539681588"," 0.23398186959","-0.6547487805"
"Nov-2002","-0.66391485194"," 0.19583440804","-0.7204111415"
"Nov-2002","-0.66885486082","-0.18655115347","-0.9841448268"
"Nov-2002","-0.78227079519","-0.40775394864","-0.9591299757"
"Nov-2002","-0.93923977464","-0.28944424202","-0.8763233640"
"Nov-2002","-1.03391302438","-0.17259666411","-0.8282062296"
"Nov-2002","-1.03796782681","-0.12852177112","-0.8437479162"
"Nov-2002","-1.00274300093","-0.19393537033","-0.8931595589"
"Nov-2002","-0.96239972345","-0.22295346713","-0.8866496063"
"Nov-2002","-0.98491586242","-0.14894959010","-0.8561675750"
"Nov-2002","-0.96647297915","-0.12469038437","-0.8865196401"
"Nov-2002","-0.90406029316","-0.12667780138","-0.9069458707"
"Nov-2002","-0.83102744103","-0.11318189703","-0.9121499943"
"Nov-2002","-0.76715489262","-0.15073560550","-0.9446500107"
"Nov-2002","-0.76136357553","-0.20097673471","-0.9266685069"
"Dec-2002","-0.82442087848","-0.21380449068","-0.8950135748"
"Dec-2002","-0.78831836686","-0.20910919084","-0.9251408062"
"Dec-2002","-0.79177030148","-0.16951844893","-0.9408942204"
"Dec-2002","-0.80521422080","-0.12787599417","-0.9648777416"
"Dec-2002","-0.84114995598","-0.06085893280","-0.9381112894"
"Dec-2002","-0.84511260215","-0.08314023379","-0.9940188047"
"Dec-2002","-0.76020912750","-0.22902293662","-1.1072051952"
"Dec-2002","-0.72664223398","-0.30654940416","-1.0978600087"
"Dec-2002","-0.71550321190","-0.22349860199","-1.0256510546"
"Dec-2002","-0.66803315855","-0.03733857152","-0.9890553397"
"Dec-2002","-0.59615684557"," 0.02269032368","-1.0557687912"
"Dec-2002","-0.51167053213","-0.10043945783","-1.0957502398"
"Dec-2002","-0.49322728200","-0.08005831940","-1.0389344223"
"Dec-2002","-0.63346659697","-0.19672575149","-1.0580800623"
"Dec-2002","-0.68654970813","-0.42264298845","-1.1174964201"
"Dec-2002","-0.71747198823","-0.45257631759","-1.0462178418"
"Dec-2002","-0.76580652021","-0.38064857997","-0.9882427571"
"Dec-2002","-0.75297838233","-0.28602605152","-0.9276562983"
"Dec-2002","-0.72117397744","-0.13981746562","-0.8428203807"
"Dec-2002","-0.73881405194","-0.02056909831","-0.7597214568"
"Dec-2002","-0.68183704495","-0.09420323016","-0.8271454819"
"Dec-2002","-0.60030398771","-0.18714238170","-0.7491049311"
"Dec-2002","-0.55062056971","-0.08675964974","-0.6605695839"
"Dec-2002","-0.47357910334"," 0.01509425347","-0.5562365130"
"Dec-2002","-0.47162756962"," 0.04688681894","-0.5118448177"
"Dec-2002","-0.40675047387","-0.15272431429","-0.6078078741"
"Dec-2002","-0.34413469189","-0.22428130854","-0.5495320778"
"Dec-2002","-0.34064566731","-0.18364321954","-0.5244123368"
"Dec-2002","-0.31146448766","-0.21408457397","-0.5278020064"
"Dec-2002","-0.27953061642","-0.13739207351","-0.4661955386"
"Dec-2002","-0.29540790879"," 0.06722444758","-0.3764462678"
"Jan-2003","-0.42636085850"," 0.18645201324","-0.3591432206"
"Jan-2003","-0.42797630799"," 0.11531443932","-0.4425661470"
"Jan-2003","-0.41455289638"," 0.04118437801","-0.4293869389"
"Jan-2003","-0.37413166028","-0.01686168016","-0.4509028482"
"Jan-2003","-0.33097732312","-0.00848677876","-0.3963745646"
"Jan-2003","-0.30759479784"," 0.11141728878","-0.3572235521"
"Jan-2003","-0.24248210194"," 0.14263130904","-0.3838560617"
"Jan-2003","-0.18528589364"," 0.16660356151","-0.3463834912"
"Jan-2003","-0.20007917589"," 0.26336317831","-0.2984060206"
"Jan-2003","-0.22484753041"," 0.33974641280","-0.2623391782"
"Jan-2003","-0.21860163198"," 0.37619276471","-0.2414624280"
"Jan-2003","-0.13762518100"," 0.35916751732","-0.2502009977"
"Jan-2003","-0.07419995002"," 0.37104064140","-0.2365661980"
"Jan-2003","-0.06386465387"," 0.42735887339","-0.2262902299"
"Jan-2003","-0.08035534306"," 0.42349577910","-0.2567547322"
"Jan-2003","-0.05474158686"," 0.42854620341","-0.2591590450"
"Jan-2003","-0.10391062466"," 0.48966348936","-0.2319264108"
"Jan-2003","-0.11275722287"," 0.41808030703","-0.3201143025"
"Jan-2003","-0.10154589188"," 0.33757890870","-0.3256703450"
"Jan-2003","-0.11666252818"," 0.34977856174","-0.3074271236"
"Jan-2003","-0.13975823908"," 0.44470724413","-0.2564108880"
"Jan-2003","-0.15146890884"," 0.51264998958","-0.2539587356"
"Jan-2003","-0.12060429977"," 0.49686820630","-0.2675973900"
"Jan-2003","-0.09350639475"," 0.36235858786","-0.3652762592"
"Jan-2003","-0.10453554101"," 0.25091391645","-0.3764588254"
"Jan-2003","-0.15103699970"," 0.34532658794","-0.3413187069"
"Jan-2003","-0.15310343526"," 0.37211035993","-0.3660414080"
"Jan-2003","-0.12029462977"," 0.35625635391","-0.3934288006"
"Jan-2003","-0.11491783245"," 0.42081114847","-0.3641254320"
"Jan-2003","-0.10389796785"," 0.47699615007","-0.3621485102"
"Jan-2003","-0.06480907219"," 0.46325122408","-0.3662349979"
"Feb-2003","-0.02399063230"," 0.42857679532","-0.3549604451"
"Feb-2003"," 0.00293000398"," 0.38232705851","-0.3450201248"
"Feb-2003"," 0.01410442844"," 0.41931919117","-0.3156660357"
"Feb-2003"," 0.02231275645"," 0.51475936319","-0.2660497664"
"Feb-2003"," 0.05321595962"," 0.59443824439","-0.2003417570"
"Feb-2003"," 0.10385623263"," 0.66899635752","-0.1239589136"
"Feb-2003"," 0.11832935256"," 0.73626555256","-0.0087983200"
"Feb-2003"," 0.09872501416"," 0.74060719587"," 0.1180572790"
"Feb-2003"," 0.10551034959"," 0.74735579394"," 0.2571876385"
"Feb-2003"," 0.09142698611"," 0.80853907855"," 0.3931699201"
"Feb-2003"," 0.07536585812"," 0.80556015495"," 0.5076554446"
"Feb-2003"," 0.09528525943"," 0.79110656539"," 0.6188172766"
"Feb-2003"," 0.10216458546"," 0.83567456939"," 0.7396409533"
"Feb-2003"," 0.10413064699"," 0.89721415283"," 0.8493456064"
"Feb-2003"," 0.12503874712"," 0.96471064398"," 0.9254505827"
"Feb-2003"," 0.16544824357"," 0.99020374285"," 0.9618652458"
"Feb-2003"," 0.16885380656"," 0.98171950915"," 0.9656256618"
"Feb-2003"," 0.16202675868"," 0.91315435638"," 0.9465116307"
"Feb-2003"," 0.16969755736"," 0.88536756914"," 0.9468769399"
"Feb-2003"," 0.17887847885"," 0.90528090389"," 0.9268540385"
"Feb-2003"," 0.19841120537"," 0.89506731735"," 0.8989187837"
"Feb-2003"," 0.20144737288"," 0.93425596064"," 0.8965952990"
"Feb-2003"," 0.15306485507"," 0.95708638929"," 0.8706113217"
"Feb-2003"," 0.17131997727"," 0.89124397492"," 0.8174268061"
"Feb-2003"," 0.18889621741"," 0.93819955686"," 0.8275433090"
"Feb-2003"," 0.19239595442"," 0.98296438249"," 0.8041160900"
"Feb-2003"," 0.18674012026"," 1.00326695668"," 0.7936282320"
"Feb-2003"," 0.17099126702"," 1.05267523444"," 0.7915194776"
"Mar-2003"," 0.17373254914"," 1.08138653142"," 0.7646660702"
"Mar-2003"," 0.17187229121"," 1.11331931468"," 0.7257568118"
"Mar-2003"," 0.17730947436"," 1.10639380027"," 0.6451262302"
"Mar-2003"," 0.17234668321"," 1.11165531461"," 0.5956465814"
"Mar-2003"," 0.15028648299"," 1.13439907597"," 0.5334365806"
"Mar-2003"," 0.14512254024"," 1.11568663502"," 0.4552795756"
"Mar-2003"," 0.13725209410"," 1.12320079408"," 0.3800787628"
"Mar-2003"," 0.13646359303"," 1.09233338424"," 0.3249368832"
"Mar-2003"," 0.14852773637"," 1.04501422249"," 0.2945584840"
"Mar-2003"," 0.15072987497"," 1.01147486502"," 0.2776291258"
"Mar-2003"," 0.14999625678"," 0.98549669948"," 0.2551952165"
"Mar-2003"," 0.14367977370"," 0.98805520455"," 0.2467061510"
"Mar-2003"," 0.13567149670"," 1.01678593707"," 0.2457709060"
"Mar-2003"," 0.14002661411"," 1.03634919707"," 0.2522182898"
"Mar-2003"," 0.15295637335"," 1.04529195707"," 0.2533602309"
"Mar-2003"," 0.15882098989"," 1.03894721914"," 0.2532871123"
"Mar-2003"," 0.15912207527"," 1.03063455847"," 0.2569113133"
"Mar-2003"," 0.15623679899"," 1.01596976145"," 0.2540277123"
"Mar-2003"," 0.14959204588"," 0.99853172883"," 0.2659354190"
"Mar-2003"," 0.14887578037"," 1.00423321467"," 0.2653267733"
"Mar-2003"," 0.16490183614"," 1.01733060219"," 0.2498861624"
"Mar-2003"," 0.18449703962"," 1.00161998473"," 0.2240414027"
"Mar-2003"," 0.20509737743"," 0.94928979823"," 0.1975729434"
"Mar-2003"," 0.20839721018"," 0.87354676250"," 0.1693686266"
"Mar-2003"," 0.20273422217"," 0.79667576032"," 0.1459358486"
"Mar-2003"," 0.18603045829"," 0.78363004436"," 0.1520813036"
"Mar-2003"," 0.16504025398"," 0.81860082120"," 0.1427761659"
"Mar-2003"," 0.16589402017"," 0.84047379950"," 0.1087028410"
"Mar-2003"," 0.17069627157"," 0.81273463229"," 0.0747490135"
"Mar-2003"," 0.15388949225"," 0.75589768839"," 0.0784343632"
"Mar-2003"," 0.13853329368"," 0.61088500529"," 0.0278529441"
"Apr-2003"," 0.11840415615"," 0.43296347508"," 0.0245797287"
"Apr-2003"," 0.07041924569"," 0.50123815152"," 0.0992630709"
"Apr-2003"," 0.03640191639"," 0.63770060226"," 0.1516122812"
"Apr-2003"," 0.05509019506"," 0.73173066941"," 0.1752259081"
"Apr-2003"," 0.08064110744"," 0.80797350994"," 0.2032216218"
"Apr-2003"," 0.10416128015"," 0.85080576087"," 0.2344403984"
"Apr-2003"," 0.12450187816"," 0.89916123080"," 0.2681377425"
"Apr-2003"," 0.13784083765"," 0.95355551958"," 0.2910358456"
"Apr-2003"," 0.15647291274"," 0.96982354389"," 0.3095402572"
"Apr-2003"," 0.16075832596"," 0.91611149572"," 0.3041702979"
"Apr-2003"," 0.15197680945"," 0.72493315952"," 0.2712578227"
"Apr-2003"," 0.11234091938"," 0.59780863870"," 0.2822304466"
"Apr-2003"," 0.06855282445"," 0.60663132106"," 0.3131869375"
"Apr-2003"," 0.06022849401"," 0.65956119113"," 0.3211474957"
"Apr-2003"," 0.08282563657"," 0.72582701862"," 0.3239634559"
"Apr-2003"," 0.10986161493"," 0.81329667783"," 0.3258654331"
"Apr-2003"," 0.12663948536"," 0.86515771015"," 0.3046231303"
"Apr-2003"," 0.13988049212"," 0.84415522131"," 0.2759426091"
"Apr-2003"," 0.16373403426"," 0.80594904209"," 0.2321523369"
"Apr-2003"," 0.18640986917"," 0.78869050939"," 0.2002060258"
"Apr-2003"," 0.19205502759"," 0.79430227463"," 0.1772877969"
"Apr-2003"," 0.19487834053"," 0.76447927599"," 0.1392076356"
"Apr-2003"," 0.19994095540"," 0.72660238546"," 0.0907956732"
"Apr-2003"," 0.19497383526"," 0.72979498267"," 0.0675048719"
"Apr-2003"," 0.17534113827"," 0.79480301893"," 0.0523736560"
"Apr-2003"," 0.16521976059"," 0.85646273872"," 0.0270715647"
"Apr-2003"," 0.19237060411"," 0.84309360582","-0.0159398845"
"Apr-2003"," 0.21845702806"," 0.81578560247","-0.0501193166"
"Apr-2003"," 0.22286611118"," 0.80319524204","-0.0720667557"
"Apr-2003"," 0.20906299520"," 0.76955712145","-0.1066348690"
"May-2003"," 0.18709058556"," 0.73433145120","-0.1362215013"
"May-2003"," 0.15669071997"," 0.71034234676","-0.1818896078"
"May-2003"," 0.12965664930"," 0.64596417495","-0.2154490734"
"May-2003"," 0.10266385084"," 0.60470397223","-0.2371602768"
"May-2003"," 0.07691905077"," 0.60618260062","-0.2339924383"
"May-2003"," 0.05807617555"," 0.66132806457","-0.2093521884"
"May-2003"," 0.06003343235"," 0.71720039457","-0.1899809031"
"May-2003"," 0.07402251175"," 0.75912093622","-0.1741230859"
"May-2003"," 0.09594293675"," 0.77674516257","-0.1590785816"
"May-2003"," 0.11649950767"," 0.78226145288","-0.1366552628"
"May-2003"," 0.11886240613"," 0.79495016541","-0.1060005384"
"May-2003"," 0.10914002988"," 0.80007698141","-0.0881266027"
"May-2003"," 0.11098638365"," 0.77578084226","-0.0838348796"
"May-2003"," 0.11282606050"," 0.74526121718","-0.0955651863"
"May-2003"," 0.09773165617"," 0.69686523206","-0.1241803389"
"May-2003"," 0.06832445153"," 0.65192172856","-0.1541868962"
"May-2003"," 0.03951112654"," 0.61461809865","-0.1840735908"
"May-2003"," 0.00034067698"," 0.58019010796","-0.2168960677"
"May-2003","-0.04340493508"," 0.54532989649","-0.2434070104"
"May-2003","-0.07915687134"," 0.51928267896","-0.2689925277"
"May-2003","-0.10282885242"," 0.49044308388","-0.2825477977"
"May-2003","-0.11796544612"," 0.49582978429","-0.2771129974"
"May-2003","-0.12518441495"," 0.50569781734","-0.2857644496"
"May-2003","-0.11211733847"," 0.48669043753","-0.3240733399"
"May-2003","-0.11013795976"," 0.44325768098","-0.3634456153"
"May-2003","-0.13017329013"," 0.40500165045","-0.3810491095"
"May-2003","-0.15794585829"," 0.38374984639","-0.3820099176"
"May-2003","-0.17230583732"," 0.36684955020","-0.3704684533"
"May-2003","-0.17932178355"," 0.36960346769","-0.3631870626"
"May-2003","-0.20481337400"," 0.36395946644","-0.3541452657"
"May-2003","-0.23904950107"," 0.35344688951","-0.3280356233"
"Jun-2003","-0.28473476045"," 0.37245332984","-0.2879544785"
"Jun-2003","-0.32114026515"," 0.37736277302","-0.2670518812"
"Jun-2003","-0.33671386740"," 0.40007335890","-0.2373544754"
"Jun-2003","-0.35622421520"," 0.44060282021","-0.2136683384"
"Jun-2003","-0.34378300892"," 0.43976350982","-0.2354035630"
"Jun-2003","-0.31960725002"," 0.41090847199","-0.2603313372"
"Jun-2003","-0.31856377839"," 0.41043837832","-0.2697430690"
"Jun-2003","-0.32071015365"," 0.40350552420","-0.2924616622"
"Jun-2003","-0.30208835075"," 0.35692444357","-0.3240149099"
"Jun-2003","-0.28124768025"," 0.30876720451","-0.3525659924"
"Jun-2003","-0.28178887821"," 0.26787287159","-0.3798203756"
"Jun-2003","-0.29133530642"," 0.25307983517","-0.3934231605"
"Jun-2003","-0.30001035897"," 0.27765476582","-0.3953205931"
"Jun-2003","-0.30174034344"," 0.31712237677","-0.3934475874"
"Jun-2003","-0.28720944241"," 0.32907124664","-0.3963177171"
"Jun-2003","-0.27018911148"," 0.33631137034","-0.3996612513"
"Jun-2003","-0.25468187495"," 0.35949709961","-0.4159764049"
"Jun-2003","-0.24238040721"," 0.38058390701","-0.4427442773"
"Jun-2003","-0.22610609448"," 0.38327611222","-0.4605420512"
"Jun-2003","-0.21013939732"," 0.37099625084","-0.4499602183"
"Jun-2003","-0.20630034768"," 0.37110282341","-0.4162466436"
"Jun-2003","-0.19025917710"," 0.36296426064","-0.3715786231"
"Jun-2003","-0.14851557925"," 0.36384872491","-0.3117938318"
"Jun-2003","-0.10124843845"," 0.37832627128","-0.2680495732"
"Jun-2003","-0.05166132229"," 0.39150040280","-0.2397411374"
"Jun-2003","-0.00297456406"," 0.41510608085","-0.1985157387"
"Jun-2003"," 0.03192976932"," 0.42632632315","-0.1597902508"
"Jun-2003"," 0.05420733654"," 0.44297237182","-0.1154198580"
"Jun-2003"," 0.07375844296"," 0.50801669560","-0.0667956000"
"Jun-2003"," 0.11318500036"," 0.58916686549","-0.0113769083"
"Jul-2003"," 0.12640626983"," 0.69778134517"," 0.0330365360"
"Jul-2003"," 0.12174870964"," 0.70392926146"," 0.0579709241"
"Jul-2003"," 0.14134196874"," 0.68142248462"," 0.0702199186"
"Jul-2003"," 0.14884034129"," 0.64412502007"," 0.0956008092"
"Jul-2003"," 0.15242350321"," 0.63785250487"," 0.1205425822"
"Jul-2003"," 0.16513226350"," 0.62635405825"," 0.1394155084"
"Jul-2003"," 0.18965331491"," 0.62214957943"," 0.1572489084"
"Jul-2003"," 0.20309382239"," 0.60572742123"," 0.1876827755"
"Jul-2003"," 0.21144783213"," 0.57398136016"," 0.2130499918"
"Jul-2003"," 0.22070535485"," 0.51866966648"," 0.2331886171"
"Jul-2003"," 0.20973560389"," 0.51039211898"," 0.2811450691"
"Jul-2003"," 0.19472161618"," 0.55925226728"," 0.3359149444"
"Jul-2003"," 0.21225460303"," 0.62645969134"," 0.3918576394"
"Jul-2003"," 0.26410006138"," 0.70401827745"," 0.4343572988"
"Jul-2003"," 0.31240601464"," 0.75182579407"," 0.4466335201"
"Jul-2003"," 0.32313708381"," 0.74815787732"," 0.4463219747"
"Jul-2003"," 0.34337415276"," 0.71994802926"," 0.4439060570"
"Jul-2003"," 0.36215807292"," 0.69106480694"," 0.4426464850"
"Jul-2003"," 0.37825717134"," 0.67602116351"," 0.4419433775"
"Jul-2003"," 0.39804934417"," 0.66336944311"," 0.4403761149"
"Jul-2003"," 0.42584366737"," 0.65604359162"," 0.4413444296"
"Jul-2003"," 0.45961262965"," 0.65281946303"," 0.4465120344"
"Jul-2003"," 0.48419450713"," 0.65885352576"," 0.4369258648"
"Jul-2003"," 0.48044955814"," 0.66252208840"," 0.3758141042"
"Jul-2003"," 0.47839207406"," 0.63569715533"," 0.2850139457"
"Jul-2003"," 0.48307968043"," 0.58187824100"," 0.1790717374"
"Jul-2003"," 0.47779713051"," 0.51817819957"," 0.0774286371"
"Jul-2003"," 0.46153804264"," 0.45498817984","-0.0310998691"
"Jul-2003"," 0.43237172099"," 0.36336177927","-0.1445735404"
"Jul-2003"," 0.38637539752"," 0.27495251989","-0.2389701862"
"Jul-2003"," 0.33347072907"," 0.22966581160","-0.2992664022"
"Aug-2003"," 0.29464406788"," 0.19432687496","-0.3512977777"
"Aug-2003"," 0.26886016010"," 0.13957534786","-0.4033802388"
"Aug-2003"," 0.25511119326"," 0.09016313601","-0.4451051733"
"Aug-2003"," 0.25693982750"," 0.05813417320","-0.4882741400"
"Aug-2003"," 0.27022100588"," 0.01248629252","-0.5581232530"
"Aug-2003"," 0.29265383000","-0.06873011090","-0.6322915998"
"Aug-2003"," 0.32152222130","-0.13707806700","-0.7092417821"
"Aug-2003"," 0.33912278453","-0.19932367171","-0.8063556252"
"Aug-2003"," 0.36833030503","-0.26804959346","-0.9255666748"
"Aug-2003"," 0.40248047582","-0.33844104194","-1.0433425379"
"Aug-2003"," 0.41150148124","-0.41575019538","-1.1543629613"
"Aug-2003"," 0.41045283682","-0.47750239551","-1.2373927836"
"Aug-2003"," 0.40290633170","-0.49538762191","-1.2802766201"
"Aug-2003"," 0.42105913550","-0.48712581074","-1.3111531755"
"Aug-2003"," 0.49729944400","-0.46323400148","-1.3502162996"
"Aug-2003"," 0.62085634658","-0.38600059383","-1.3557591141"
"Aug-2003"," 0.65169564202","-0.41697622035","-1.3576172689"
"Aug-2003"," 0.60395755774","-0.41899581464","-1.3237968160"
"Aug-2003"," 0.56385461295","-0.40154533387","-1.2939620591"
"Aug-2003"," 0.53381724580","-0.37189114854","-1.2505133588"
"Aug-2003"," 0.52014755831","-0.30962698904","-1.2030352617"
"Aug-2003"," 0.51952869521","-0.22108649567","-1.1692990454"
"Aug-2003"," 0.54062503332","-0.14762035507","-1.1379316375"
"Aug-2003"," 0.54785904358","-0.11247001959","-1.0947686355"
"Aug-2003"," 0.55268070210","-0.08837710230","-1.0281906686"
"Aug-2003"," 0.55329578649","-0.05759078155","-0.9327284870"
"Aug-2003"," 0.53643515152"," 0.00122858835","-0.8313941323"
"Aug-2003"," 0.51219207306"," 0.08002852473","-0.7148496001"
"Aug-2003"," 0.49300695030"," 0.16996450228","-0.6190396789"
"Aug-2003"," 0.48746014815"," 0.29624660067","-0.5669176964"
"Aug-2003"," 0.51884302616"," 0.41984735662","-0.5134721123"
"Sep-2003"," 0.52406592397"," 0.54551902611","-0.4627886030"
"Sep-2003"," 0.53163843976"," 0.57641362224","-0.4541258300"
"Sep-2003"," 0.54682639444"," 0.55822605855","-0.4300299528"
"Sep-2003"," 0.55226155984"," 0.53301732936","-0.4174528170"
"Sep-2003"," 0.54440740246"," 0.45429924541","-0.4094627598"
"Sep-2003"," 0.52910685718"," 0.36931134727","-0.4380763300"
"Sep-2003"," 0.48161064641"," 0.25221709643","-0.4603055720"
"Sep-2003"," 0.40771559021"," 0.12775377790","-0.4373714777"
"Sep-2003"," 0.33787713408"," 0.03309496193","-0.3832700982"
"Sep-2003"," 0.26756920192","-0.02809736521","-0.2941489903"
"Sep-2003"," 0.20155790904","-0.03619506048","-0.1900691161"
"Sep-2003"," 0.17382631961","-0.02596333017","-0.1156143000"
"Sep-2003"," 0.14237417765","-0.02708841947","-0.0288212619"
"Sep-2003"," 0.10074258342"," 0.01460247738"," 0.0614232436"
"Sep-2003"," 0.10528615893"," 0.03195994935"," 0.1469248167"
"Sep-2003"," 0.14462976835"," 0.01689187936"," 0.2111737806"
"Sep-2003"," 0.18672918771","-0.01868797588"," 0.2613429438"
"Sep-2003"," 0.23063985194"," 0.01939789084"," 0.3196902762"
"Sep-2003"," 0.27734833206"," 0.07388254612"," 0.4018624356"
"Sep-2003"," 0.32485675940"," 0.14373067999"," 0.4715878312"
"Sep-2003"," 0.39646940713"," 0.25727309892"," 0.5381374353"
"Sep-2003"," 0.43525633692"," 0.40973411858"," 0.6113097537"
"Sep-2003"," 0.47009169985"," 0.43980801782"," 0.6421422026"
"Sep-2003"," 0.56211274208"," 0.36791163543"," 0.6189159584"
"Sep-2003"," 0.62358100976"," 0.32968989602"," 0.6215227473"
"Sep-2003"," 0.64604006466"," 0.31297802484"," 0.6106618301"
"Sep-2003"," 0.66330615787"," 0.26401177370"," 0.5804434236"
"Sep-2003"," 0.66142120999"," 0.16389667689"," 0.5638031315"
"Sep-2003"," 0.69650838845"," 0.09216775730"," 0.5865370625"
"Sep-2003"," 0.80532806562"," 0.12201295121"," 0.5908664811"
"Oct-2003"," 0.86971913979"," 0.21981862332"," 0.6238413222"
"Oct-2003"," 0.93532097562"," 0.22436648308"," 0.6862021049"
"Oct-2003"," 0.98267590701"," 0.16945307137"," 0.7609003387"
"Oct-2003"," 0.87619553894"," 0.18523544182"," 0.8594507074"
"Oct-2003"," 0.73106508139"," 0.23109206382"," 0.9358123292"
"Oct-2003"," 0.62026826339"," 0.28502406839"," 1.0101517055"
"Oct-2003"," 0.53259452436"," 0.33615606210"," 1.0412614128"
"Oct-2003"," 0.47256025518"," 0.37255432424"," 1.0254684367"
"Oct-2003"," 0.45036068327"," 0.37763029073"," 0.9608689334"
"Oct-2003"," 0.42860487021"," 0.35047295692"," 0.8929880994"
"Oct-2003"," 0.32831232597"," 0.36012408690"," 0.8517888319"
"Oct-2003"," 0.31358302482"," 0.35960942651"," 0.8248087045"
"Oct-2003"," 0.42428636584"," 0.30021010217"," 0.7771529640"
"Oct-2003"," 0.49678018451"," 0.23321459019"," 0.7568863609"
"Oct-2003"," 0.48549496709"," 0.07943118987"," 0.7266443795"
"Oct-2003"," 0.55538364692","-0.07023081713"," 0.7295009972"
"Oct-2003"," 0.52201067777","-0.07412004078"," 0.8366453213"
"Oct-2003"," 0.42400369703","-0.06884766368"," 0.8996105704"
"Oct-2003"," 0.42212373851","-0.14924701070"," 0.9279980083"
"Oct-2003"," 0.42197603901","-0.17095599055"," 1.0118165949"
"Oct-2003"," 0.39089879550","-0.14962333226"," 1.0761840825"
"Oct-2003"," 0.31936542711","-0.19580583733"," 1.0948230047"
"Oct-2003"," 0.15936207779","-0.29838020636"," 1.0627658796"
"Oct-2003","-0.02117751818","-0.34234864422"," 1.0070494384"
"Oct-2003","-0.13500500073","-0.30912929806"," 0.9909217072"
"Oct-2003","-0.19875736445","-0.18446710278"," 0.9628215499"
"Oct-2003","-0.20999617356","-0.11237031698"," 0.8900812888"
"Oct-2003","-0.14968800363","-0.11376139732"," 0.8106201996"
"Oct-2003","-0.14316750740","-0.08399987609"," 0.7196103424"
"Oct-2003","-0.13918611448","-0.14002334537"," 0.6111540622"
"Oct-2003","-0.12708194627","-0.09541335824"," 0.5920010778"
"Nov-2003","-0.07457943427","-0.02593326673"," 0.5866551398"
"Nov-2003"," 0.02706118888"," 0.01396362912"," 0.5567150872"
"Nov-2003"," 0.08430160432"," 0.04126229636"," 0.5156434324"
"Nov-2003"," 0.05907019390"," 0.12084758160"," 0.4781063048"
"Nov-2003"," 0.00476182993"," 0.30550226713"," 0.4695380342"
"Nov-2003"," 0.02318926822"," 0.31637178878"," 0.4906601497"
"Nov-2003"," 0.07931071138"," 0.32342442695"," 0.5794652082"
"Nov-2003"," 0.13966844466"," 0.36468063687"," 0.6948960406"
"Nov-2003"," 0.23626600680"," 0.41136006960"," 0.8327861830"
"Nov-2003"," 0.36714100490"," 0.49947820677"," 0.9542364807"
"Nov-2003"," 0.47525747692"," 0.62328488559"," 1.0876764087"
"Nov-2003"," 0.53414166375"," 0.78120189251"," 1.2296273135"
"Nov-2003"," 0.55951505058"," 0.89944536561"," 1.3581015042"
"Nov-2003"," 0.66595623757"," 0.90981197040"," 1.4258613800"
"Nov-2003"," 0.78696636939"," 0.93917244994"," 1.5227277478"
"Nov-2003"," 0.78254356555"," 1.09388869790"," 1.6060973973"
"Nov-2003"," 0.79671431607"," 1.24697312307"," 1.6749597333"
"Nov-2003"," 0.86150784018"," 1.37022016377"," 1.7235833827"
"Nov-2003"," 0.77244295239"," 1.43563558323"," 1.7512012897"
"Nov-2003"," 0.70679947747"," 1.15326729490"," 1.5962554342"
"Nov-2003"," 0.74022043245"," 0.85056578175"," 1.5127870217"
"Nov-2003"," 0.68083521928"," 0.87238057084"," 1.5382970263"
"Nov-2003"," 0.61790041226"," 0.99094029731"," 1.5714199307"
"Nov-2003"," 0.54656107831"," 1.09836609646"," 1.6117455076"
"Nov-2003"," 0.55507999348"," 1.07708052974"," 1.5843162402"
"Nov-2003"," 0.60605066432"," 0.98241443278"," 1.5394237512"
"Nov-2003"," 0.61375763581"," 1.01318354925"," 1.5408115040"
"Nov-2003"," 0.52338641824"," 1.13254283424"," 1.5544862308"
"Nov-2003"," 0.49834265882"," 0.98474658123"," 1.4444462139"
"Nov-2003"," 0.54661089846"," 0.70676180190"," 1.3407428885"
"Dec-2003"," 0.48907416687"," 0.74592983530"," 1.3792361984"
"Dec-2003"," 0.45154363664"," 0.79995273482"," 1.3501694713"
"Dec-2003"," 0.48756257661"," 0.86495231573"," 1.3385295282"
"Dec-2003"," 0.47177120382"," 1.01412455864"," 1.3900373060"
"Dec-2003"," 0.46456544209"," 1.04822038347"," 1.3674929884"
"Dec-2003"," 0.47970687840"," 0.94310506595"," 1.2814280529"
"Dec-2003"," 0.47508750877"," 0.75990064817"," 1.1730795435"
"Dec-2003"," 0.40535434264"," 0.74539151169"," 1.2109525623"
"Dec-2003"," 0.32984218606"," 0.87765946561"," 1.2485049872"
"Dec-2003"," 0.23578706568"," 1.06390087877"," 1.2953040385"
"Dec-2003"," 0.12309590808"," 1.09372323151"," 1.2273506540"
"Dec-2003"," 0.21494903660"," 0.96865382917"," 1.1360713291"
"Dec-2003"," 0.31552531356"," 0.99625865035"," 1.1369790227"
"Dec-2003"," 0.32124578918"," 1.05062857131"," 1.1434729476"
"Dec-2003"," 0.37914190087"," 0.99561498724"," 1.0730913508"
"Dec-2003"," 0.43759597620"," 0.96291077122"," 1.0579468664"
"Dec-2003"," 0.33607994010"," 1.02242764833"," 1.0730384798"
"Dec-2003"," 0.31580038828"," 0.82356868846"," 0.9364206909"
"Dec-2003"," 0.28977075490"," 0.62528627741"," 0.9223284331"
"Dec-2003"," 0.25342974491"," 0.55488778281"," 0.8870606208"
"Dec-2003"," 0.23455458565"," 0.52449111253"," 0.8477279073"
"Dec-2003"," 0.23352725604"," 0.61435880142"," 0.8544669541"
"Dec-2003"," 0.23417565170"," 0.75482444680"," 0.8601370162"
"Dec-2003"," 0.18825849750"," 0.84015960124"," 0.8647184141"
"Dec-2003"," 0.23568452716"," 0.85198434196"," 0.8202339612"
"Dec-2003"," 0.31412092100"," 0.89583728216"," 0.8078659561"
"Dec-2003"," 0.36630936062"," 0.99144033700"," 0.7916895332"
"Dec-2003"," 0.42919053210"," 1.06766591454"," 0.7848307860"
"Dec-2003"," 0.50710164988"," 1.16762288467"," 0.7817263278"
"Dec-2003"," 0.54618562956"," 1.26856355194"," 0.7856812669"
"Dec-2003"," 0.61530455508"," 1.30021666294"," 0.7576369022"
"Jan-2004"," 0.66037187556"," 1.25852739460"," 0.6741304502"
"Jan-2004"," 0.69681568087"," 1.27789124939"," 0.6455136339"
"Jan-2004"," 0.72629233289"," 1.33980785899"," 0.6299146129"
"Jan-2004"," 0.77938182748"," 1.42352463699"," 0.6480819159"
"Jan-2004"," 0.83718625982"," 1.50769201439"," 0.6432634708"
"Jan-2004"," 0.88569464871"," 1.50198771010"," 0.5956941580"
"Jan-2004"," 0.95790902698"," 1.36646797157"," 0.5283875610"
"Jan-2004"," 1.00488491435"," 1.27019923450"," 0.5226057516"
"Jan-2004"," 0.97196938808"," 1.33887600956"," 0.5615060020"
"Jan-2004"," 0.92802915460"," 1.32418232344"," 0.5718408870"
"Jan-2004"," 0.94704742756"," 1.19901427542"," 0.5294047297"
"Jan-2004"," 0.92567539106"," 1.16746803057"," 0.5457982363"
"Jan-2004"," 0.87175821431"," 1.28301495335"," 0.5951219499"
"Jan-2004"," 0.85098339592"," 1.36924519997"," 0.6179003527"
"Jan-2004"," 0.85399993619"," 1.42473915329"," 0.6202994311"
"Jan-2004"," 0.86589458830"," 1.43405248051"," 0.5855698239"
"Jan-2004"," 0.89137069709"," 1.46875139454"," 0.5744154177"
"Jan-2004"," 0.88851319241"," 1.55497118941"," 0.5612247265"
"Jan-2004"," 0.84227547235"," 1.55723598869"," 0.5032339793"
"Jan-2004"," 0.86455465377"," 1.45335873327"," 0.4382851946"
"Jan-2004"," 0.89740920722"," 1.38554722181"," 0.4034876219"
"Jan-2004"," 0.88161379892"," 1.37666083078"," 0.3544263156"
"Jan-2004"," 0.88410799805"," 1.31636271505"," 0.2932644838"
"Jan-2004"," 0.89091780333"," 1.29776336434"," 0.2622380392"
"Jan-2004"," 0.86287900188"," 1.37625039426"," 0.2507756178"
"Jan-2004"," 0.81865720018"," 1.45013331289"," 0.2002987639"
"Jan-2004"," 0.78829178313"," 1.43047857075"," 0.1238925486"
"Jan-2004"," 0.72974360715"," 1.30664717179"," 0.0100566520"
"Jan-2004"," 0.74527050759"," 1.17693566783","-0.0667841363"
"Jan-2004"," 0.72808582154"," 1.21602061572","-0.1140510333"
"Jan-2004"," 0.72732732996"," 1.22523142188","-0.1990732777"
"Feb-2004"," 0.76241696641"," 1.23346892393","-0.2825893268"
"Feb-2004"," 0.77742115885"," 1.20542565790","-0.3484536364"
"Feb-2004"," 0.76752540261"," 1.10166448731","-0.3471734516"
"Feb-2004"," 0.74896259147"," 1.06333864147","-0.3047651297"
"Feb-2004"," 0.73277507879"," 1.11419642366","-0.2284440436"
"Feb-2004"," 0.72187914089"," 1.23742913725","-0.1772588885"
"Feb-2004"," 0.71955810162"," 1.21033703877","-0.1871922703"
"Feb-2004"," 0.72881206576"," 1.04207568105","-0.2044567894"
"Feb-2004"," 0.71196911364"," 0.96838717663","-0.1781844358"
"Feb-2004"," 0.66057467805"," 1.04656394238","-0.1799498735"
"Feb-2004"," 0.66495177061"," 1.01626174883","-0.2082092930"
"Feb-2004"," 0.71546191692"," 0.99042039546","-0.2419348377"
"Feb-2004"," 0.72803493748"," 0.94622701020","-0.2708819457"
"Feb-2004"," 0.73169348998"," 0.89647770020","-0.2818217028"
"Feb-2004"," 0.66519496484"," 0.83500975232","-0.3028479364"
"Feb-2004"," 0.60465064447"," 0.64845830986","-0.3336199670"
"Feb-2004"," 0.58141339738"," 0.58147154681","-0.3005323235"
"Feb-2004"," 0.52940240994"," 0.58054316172","-0.2686832335"
"Feb-2004"," 0.49600427391"," 0.53041876324","-0.2215673617"
"Feb-2004"," 0.45383661782"," 0.62529912098","-0.1586526709"
"Feb-2004"," 0.40697599916"," 0.70343419718","-0.1546014034"
"Feb-2004"," 0.42650608426"," 0.70460743496","-0.1739063463"
"Feb-2004"," 0.45954473013"," 0.70756886069","-0.1766127909"
"Feb-2004"," 0.45956138576"," 0.72740885708","-0.1590742595"
"Feb-2004"," 0.46198026768"," 0.71122697159","-0.1439551758"
"Feb-2004"," 0.46864343737"," 0.63688822768","-0.1468471761"
"Feb-2004"," 0.48249241136"," 0.50804151758","-0.1818792803"
"Feb-2004"," 0.49019266924"," 0.41422788377","-0.2088054411"
"Feb-2004"," 0.45073426803"," 0.42628285647","-0.1806813439"
"Mar-2004"," 0.39732809632"," 0.53603105694","-0.0992755911"
"Mar-2004"," 0.39309943698"," 0.62445311678","-0.0276314197"
"Mar-2004"," 0.43134117000"," 0.66744907257"," 0.0001169404"
"Mar-2004"," 0.47119974659"," 0.66773702403"," 0.0149903340"
"Mar-2004"," 0.50440014286"," 0.63989228244"," 0.0233769036"
"Mar-2004"," 0.52085289830"," 0.57718480453"," 0.0110176630"
"Mar-2004"," 0.53878107119"," 0.44224830862","-0.0278457441"
"Mar-2004"," 0.54615999278"," 0.28290780921","-0.0772047592"
"Mar-2004"," 0.51164548922"," 0.15506528872","-0.1205770948"
"Mar-2004"," 0.41997377501"," 0.09413713238","-0.1338293403"
"Mar-2004"," 0.35982687854"," 0.07888057867","-0.1623729162"
"Mar-2004"," 0.29811530658"," 0.13779653914","-0.1296317950"
"Mar-2004"," 0.25876105810"," 0.20296704720","-0.1283061647"
"Mar-2004"," 0.26673198833"," 0.24473415957","-0.1297873649"
"Mar-2004"," 0.28066922983"," 0.28142923954","-0.1197950662"
"Mar-2004"," 0.30392790178"," 0.28645365192","-0.1017375629"
"Mar-2004"," 0.32584645577"," 0.26061229855","-0.1286780066"
"Mar-2004"," 0.35129123436"," 0.20693184049","-0.1605227956"
"Mar-2004"," 0.35352532683"," 0.21645443748","-0.1229546272"
"Mar-2004"," 0.35804292836"," 0.24738819830","-0.1054178405"
"Mar-2004"," 0.37541416482"," 0.28081916294","-0.0501594662"
"Mar-2004"," 0.38402541970"," 0.29295375681","-0.0475149412"
"Mar-2004"," 0.40971988601"," 0.22173327353","-0.0999260710"
"Mar-2004"," 0.38769736273"," 0.23592369049","-0.0636331776"
"Mar-2004"," 0.34430599467"," 0.32912695412"," 0.0153536549"
"Mar-2004"," 0.34186902634"," 0.39188604486"," 0.0681710354"
"Mar-2004"," 0.36593703724"," 0.40737629490"," 0.1008398495"
"Mar-2004"," 0.38286759652"," 0.40622020268"," 0.1219907337"
"Mar-2004"," 0.37960921941"," 0.37869846700"," 0.1269521699"
"Mar-2004"," 0.37393218050"," 0.30764908702"," 0.1039398444"
"Mar-2004"," 0.36654878317"," 0.25544831427"," 0.0919897760"
"Apr-2004"," 0.33966795164"," 0.19264453937"," 0.0376638468"
"Apr-2004"," 0.32003558483"," 0.10360523938","-0.0468830452"
"Apr-2004"," 0.28334623736"," 0.01910105742","-0.0957760407"
"Apr-2004"," 0.24163939930","-0.04743815955","-0.1218191783"
"Apr-2004"," 0.20836185151","-0.08695162900","-0.1554585388"
"Apr-2004"," 0.18955966152","-0.10232655754","-0.1846067840"
"Apr-2004"," 0.16104881600","-0.08985791884","-0.1960518793"
"Apr-2004"," 0.12693764286","-0.08493309163","-0.2019283535"
"Apr-2004"," 0.10885868881","-0.11321692396","-0.2350120205"
"Apr-2004"," 0.09610139239","-0.17042384790","-0.2844306017"
"Apr-2004"," 0.08124148761","-0.23286656783","-0.3354653402"
"Apr-2004"," 0.04147638800","-0.26599666313","-0.3592265840"
"Apr-2004","-0.02280183876","-0.27883563418","-0.3676542980"
"Apr-2004","-0.05717311857","-0.44648110224","-0.4779534357"
"Apr-2004","-0.08422300108","-0.67685929682","-0.5532151942"
"Apr-2004","-0.15352124979","-0.70677818141","-0.5023057150"
"Apr-2004","-0.21201498314","-0.61612167933","-0.4437597612"
"Apr-2004","-0.21687809730","-0.52233094541","-0.4136869833"
"Apr-2004","-0.20087779538","-0.42984685582","-0.3744362341"
"Apr-2004","-0.19267695141","-0.34839223481","-0.3261828442"
"Apr-2004","-0.18334759669","-0.30857683910","-0.2916211419"
"Apr-2004","-0.16803802655","-0.27501135227","-0.2528615292"
"Apr-2004","-0.14613473411","-0.23930636967","-0.2167989068"
"Apr-2004","-0.12682440063","-0.21507881277","-0.1956132081"
"Apr-2004","-0.12830535773","-0.19948750961","-0.1820596017"
"Apr-2004","-0.13852490824","-0.17505244446","-0.1664915811"
"Apr-2004","-0.14690210381","-0.17820141443","-0.1898289640"
"Apr-2004","-0.13439134008","-0.25236553198","-0.2768835980"
"Apr-2004","-0.12873444201","-0.29164231050","-0.2870427062"
"Apr-2004","-0.13536063179","-0.21161846298","-0.2703474331"
"May-2004","-0.11977389580","-0.18841335688","-0.2666458529"
"May-2004","-0.09440370069","-0.17289697748","-0.2568411388"
"May-2004","-0.07936146444","-0.17293684678","-0.2733689938"
"May-2004","-0.05781336984","-0.24412133612","-0.3296657177"
"May-2004","-0.06185360777","-0.32294728444","-0.3705544542"
"May-2004","-0.09096288205","-0.35891532220","-0.3486403689"
"May-2004","-0.11606937523","-0.35115807198","-0.3046497305"
"May-2004","-0.11777239519","-0.33358616307","-0.2572437782"
"May-2004","-0.10212864852","-0.32344268543","-0.2240212589"
"May-2004","-0.08556238532","-0.30689992113","-0.1848624152"
"May-2004","-0.06063106976","-0.27923397486","-0.1523369168"
"May-2004","-0.02488889209","-0.25616151197","-0.1065261843"
"May-2004"," 0.00061054926","-0.17715553528","-0.0452584481"
"May-2004"," 0.02552091688","-0.09911188249"," 0.0046211214"
"May-2004"," 0.04208820730","-0.02676355019"," 0.0615799301"
"May-2004"," 0.05757988879"," 0.01180086555"," 0.1025327773"
"May-2004"," 0.07628706097"," 0.02992477928"," 0.1521886086"
"May-2004"," 0.08577258974"," 0.06029473302"," 0.2143368928"
"May-2004"," 0.08936077769"," 0.07860689561"," 0.2567133623"
"May-2004"," 0.09033524218"," 0.05478589985"," 0.2933338694"
"May-2004"," 0.08640686113"," 0.02608294079"," 0.3289341240"
"May-2004"," 0.07618184434"," 0.00647881329"," 0.3791527092"
"May-2004"," 0.06880222570"," 0.02682577805"," 0.4688729273"
"May-2004"," 0.07472469671"," 0.07609565826"," 0.5876992317"
"May-2004"," 0.09052949674"," 0.12598483375"," 0.7532201844"
"May-2004"," 0.10776169170"," 0.17477639981"," 0.9422422863"
"May-2004"," 0.11745857089"," 0.24525011175"," 1.1204208377"
"May-2004"," 0.12085422855"," 0.34413055210"," 1.2575698120"
"May-2004"," 0.13454053500"," 0.43162710401"," 1.3414816026"
"May-2004"," 0.15258760855"," 0.51153651079"," 1.3771759538"
"May-2004"," 0.15717950007"," 0.57272243770"," 1.3950534603"
"Jun-2004"," 0.14624731599"," 0.57396384669"," 1.3844462267"
"Jun-2004"," 0.15127537226"," 0.54676359026"," 1.3415298885"
"Jun-2004"," 0.15356038547"," 0.51745120049"," 1.2586045503"
"Jun-2004"," 0.15339749780"," 0.46487381260"," 1.1665640531"
"Jun-2004"," 0.14284934708"," 0.40370209537"," 1.0821690384"
"Jun-2004"," 0.13360712260"," 0.36890594488"," 1.0076206532"
"Jun-2004"," 0.13392563403"," 0.33474282960"," 0.9459285287"
"Jun-2004"," 0.14235375034"," 0.29937318361"," 0.9125501960"
"Jun-2004"," 0.16065205245"," 0.29610431216"," 0.9018321888"
"Jun-2004"," 0.16480334015"," 0.30554323647"," 0.8769800084"
"Jun-2004"," 0.15620727345"," 0.29841373687"," 0.8514786872"
"Jun-2004"," 0.14232399766"," 0.29450085000"," 0.8265059138"
"Jun-2004"," 0.13745358290"," 0.29266868252"," 0.7983714695"
"Jun-2004"," 0.13288161211"," 0.29976171844"," 0.7362670890"
"Jun-2004"," 0.10564294131"," 0.33610002984"," 0.6310682805"
"Jun-2004"," 0.06524712889"," 0.29523370525"," 0.5010194017"
"Jun-2004"," 0.06608614715"," 0.20711462860"," 0.3947927124"
"Jun-2004"," 0.07674908965"," 0.10944841096"," 0.3201628904"
"Jun-2004"," 0.07555237887"," 0.00627377119"," 0.2737399415"
"Jun-2004"," 0.05785393629","-0.09833205310"," 0.2663134496"
"Jun-2004"," 0.03497871072","-0.16549825736"," 0.2785892246"
"Jun-2004"," 0.01802386504","-0.18536444182"," 0.2940015537"
"Jun-2004","-0.00042316379","-0.16707159735"," 0.3001996768"
"Jun-2004","-0.02623664083","-0.14200590441"," 0.2911146255"
"Jun-2004","-0.04938752810","-0.11107384640"," 0.2628113835"
"Jun-2004","-0.06042137023","-0.11725399870"," 0.2177248988"
"Jun-2004","-0.05053482228","-0.15726386734"," 0.1732017360"
"Jun-2004","-0.02839897467","-0.19017717700"," 0.1404550558"
"Jun-2004","-0.00965761075","-0.21832783765"," 0.1117363928"
"Jun-2004"," 0.00344138291","-0.24305889858"," 0.0942670036"
"Jul-2004"," 0.02085400165","-0.24582820009"," 0.0916630956"
"Jul-2004"," 0.03711070490","-0.24035677009"," 0.0909958981"
"Jul-2004"," 0.05161632899","-0.26459425028"," 0.1074066902"
"Jul-2004"," 0.05585929604","-0.27700922102"," 0.1446018400"
"Jul-2004"," 0.06212981105","-0.27249271650"," 0.1918071015"
"Jul-2004"," 0.06655041370","-0.25597561183"," 0.2490291292"
"Jul-2004"," 0.06353816574","-0.22769348231"," 0.3108549935"
"Jul-2004"," 0.05223119327","-0.21140631604"," 0.3671120743"
"Jul-2004"," 0.04859527629","-0.18552327312"," 0.4271802916"
"Jul-2004"," 0.04604560731","-0.13523434773"," 0.5024018795"
"Jul-2004"," 0.05103400557","-0.07212835298"," 0.5610468803"
"Jul-2004"," 0.05987451383","-0.04859243152"," 0.6062626819"
"Jul-2004"," 0.05744646031","-0.03215806005"," 0.6457642742"
"Jul-2004"," 0.04420409614","-0.01315032794"," 0.6686294699"
"Jul-2004"," 0.02541100439","-0.01530685183"," 0.6761686018"
"Jul-2004","-0.00310849913","-0.04048616347"," 0.6782732174"
"Jul-2004","-0.04858838797","-0.06584861552"," 0.6779000770"
"Jul-2004","-0.11242014109","-0.09018344961"," 0.6639875320"
"Jul-2004","-0.20167741243","-0.14944032487"," 0.6386392649"
"Jul-2004","-0.23234182374","-0.18603681787"," 0.6043364400"
"Jul-2004","-0.23373381629","-0.22170551295"," 0.5673878322"
"Jul-2004","-0.22962647892","-0.27260445622"," 0.5467641164"
"Jul-2004","-0.22699492586","-0.33883781284"," 0.5231101159"
"Jul-2004","-0.24561412402","-0.39012018250"," 0.5046344731"
"Jul-2004","-0.28191797067","-0.41299817246"," 0.4695706382"
"Jul-2004","-0.32174888571","-0.41437069802"," 0.4198976024"
"Jul-2004","-0.35804425779","-0.43731116358"," 0.3781674741"
"Jul-2004","-0.39120451912","-0.46607718542"," 0.3371482034"
"Jul-2004","-0.41801201451","-0.48738835305"," 0.2805172924"
"Jul-2004","-0.42514557737","-0.47195388479"," 0.2304886859"
"Jul-2004","-0.40174837753","-0.40790130248"," 0.1949326189"
"Aug-2004","-0.33145255189","-0.40220099098"," 0.1313546665"
"Aug-2004","-0.26994862502","-0.45930192953"," 0.0718890491"
"Aug-2004","-0.27913086722","-0.55146495089"," 0.0160676774"
"Aug-2004","-0.32841616427","-0.62694927656","-0.0225153063"
"Aug-2004","-0.39898196521","-0.66758865735","-0.0522214766"
"Aug-2004","-0.47928892586","-0.70185858008","-0.0830879285"
"Aug-2004","-0.53628266185","-0.71444136592","-0.1440455394"
"Aug-2004","-0.54375909592","-0.66274996896","-0.2096114098"
"Aug-2004","-0.52436313635","-0.61937035191","-0.2631491022"
"Aug-2004","-0.50059155166","-0.61912373769","-0.3111659319"
"Aug-2004","-0.49460509955","-0.63501872864","-0.3342156689"
"Aug-2004","-0.49396275715","-0.61443319399","-0.3034506985"
"Aug-2004","-0.48433294072","-0.57216504372","-0.2774603913"
"Aug-2004","-0.40874517344","-0.59177422094","-0.2801517008"
"Aug-2004","-0.37068085591","-0.63988178486","-0.2969797804"
"Aug-2004","-0.37156789668","-0.66310280345","-0.2614390918"
"Aug-2004","-0.39712200078","-0.68026926684","-0.2274673296"
"Aug-2004","-0.42387751152","-0.71040247093","-0.1985216824"
"Aug-2004","-0.46163399336","-0.71001505174","-0.1601545650"
"Aug-2004","-0.49686417546","-0.70389138584","-0.1299966984"
"Aug-2004","-0.55685581503","-0.70212809418","-0.1078871973"
"Aug-2004","-0.59902570899","-0.70444474117","-0.1044530965"
"Aug-2004","-0.61481829243","-0.69981679051","-0.1044440480"
"Aug-2004","-0.62397239616","-0.70710465166","-0.1050300115"
"Aug-2004","-0.63650740960","-0.73190077178","-0.1160628102"
"Aug-2004","-0.65595883903","-0.76034108670","-0.1320989606"
"Aug-2004","-0.67169708990","-0.76505141826","-0.1331231084"
"Aug-2004","-0.67519216774","-0.80724411631","-0.1361489702"
"Aug-2004","-0.70184668078","-0.85624095936","-0.1251496470"
"Aug-2004","-0.73761138391","-0.85038933243","-0.0912350163"
"Aug-2004","-0.77432787933","-0.81772451596","-0.0679184084"
"Sep-2004","-0.80289452488","-0.79587308704","-0.0669322401"
"Sep-2004","-0.79978645201","-0.74529615147","-0.0665946041"
"Sep-2004","-0.76196998789","-0.66105678621","-0.0807269107"
"Sep-2004","-0.69381217300","-0.61864448406","-0.1380368674"
"Sep-2004","-0.61958382074","-0.70652921849","-0.2614089030"
"Sep-2004","-0.59489371834","-1.05874775453","-0.4789851713"
"Sep-2004","-0.68692312508","-1.39146163080","-0.5564160213"
"Sep-2004","-0.86002168936","-1.36267840468","-0.5753555334"
"Sep-2004","-0.95039738267","-1.24359256788","-0.5984349723"
"Sep-2004","-0.95174777283","-1.12316180283","-0.6170080391"
"Sep-2004","-0.90278942510","-1.00859939924","-0.6287834667"
"Sep-2004","-0.84036158761","-0.90726949253","-0.6409627916"
"Sep-2004","-0.76808418209","-0.79151065768","-0.6244621634"
"Sep-2004","-0.67880346813","-0.64305148217","-0.5505310667"
"Sep-2004","-0.52678572360","-0.32174744755","-0.3352111292"
"Sep-2004","-0.20466621778"," 0.59805124452","-0.1324927138"
"Sep-2004"," 0.11621611216"," 0.31869229554","-0.2531108305"
"Sep-2004"," 0.19728651705","-0.07375354068","-0.3861032011"
"Sep-2004"," 0.14132539351","-0.33087393514","-0.4764403019"
"Sep-2004"," 0.09225060310","-0.52466550129","-0.5568749808"
"Sep-2004"," 0.09623008833","-0.63349911531","-0.6384291619"
"Sep-2004"," 0.15945281031","-0.67111623887","-0.7114190084"
"Sep-2004"," 0.19668218177","-0.58905788277","-0.7658564820"
"Sep-2004"," 0.15613489116","-0.60973002598","-0.8060916548"
"Sep-2004"," 0.06592223226","-0.69273778810","-0.8409317515"
"Sep-2004"," 0.02881796146","-0.79706170885","-0.8730488892"
"Sep-2004","-0.02424607277","-1.00940353774","-0.8929684425"
"Sep-2004","-0.18336073043","-1.02698196432","-0.7968146771"
"Sep-2004","-0.39465671055","-0.86412644897","-0.7146881661"
"Sep-2004","-0.53914420203","-0.73421724261","-0.6666466660"
"Oct-2004","-0.58313660359","-0.65081342980","-0.6329382445"
"Oct-2004","-0.60303458003","-0.56879852478","-0.6076753095"
"Oct-2004","-0.59955388327","-0.48996782033","-0.6128963534"
"Oct-2004","-0.57748003570","-0.45314467712","-0.6489789800"
"Oct-2004","-0.55222382527","-0.43111081240","-0.6899774756"
"Oct-2004","-0.51607211717","-0.41993578271","-0.7426194851"
"Oct-2004","-0.46552546789","-0.35510202050","-0.7788285071"
"Oct-2004","-0.36159693330","-0.20585661537","-0.7811702511"
"Oct-2004","-0.24696799939","-0.09122204777","-0.7579668920"
"Oct-2004","-0.18785162425"," 0.01201724016","-0.7399747572"
"Oct-2004","-0.21439083190"," 0.08714972955","-0.7501863306"
"Oct-2004","-0.22831681067"," 0.04766978788","-0.8076236160"
"Oct-2004","-0.24783977861","-0.15807740067","-0.9146761564"
"Oct-2004","-0.33367692245","-0.38439796932","-0.9615487727"
"Oct-2004","-0.52165340455","-0.45383214361","-0.9467132774"
"Oct-2004","-0.71018469525","-0.47728809161","-1.0102445263"
"Oct-2004","-0.88298694338","-0.49036169847","-1.0206174314"
"Oct-2004","-1.01600347413","-0.41790109798","-1.0339766363"
"Oct-2004","-1.10150211245","-0.31080840418","-1.0367016242"
"Oct-2004","-1.15110958957","-0.22224007863","-1.0722103386"
"Oct-2004","-1.13817095222","-0.27071098749","-1.1479295146"
"Oct-2004","-1.11614556740","-0.36403873258","-1.2278151139"
"Oct-2004","-1.09193128777","-0.41225069651","-1.2643541031"
"Oct-2004","-1.07336675236","-0.39559466583","-1.2502213095"
"Oct-2004","-1.04516044075","-0.38776313776","-1.2555848982"
"Oct-2004","-0.98416572129","-0.37736412081","-1.2592383955"
"Oct-2004","-0.89248956802","-0.33267128304","-1.2252081221"
"Oct-2004","-0.78084334951","-0.20520790255","-1.1204237202"
"Oct-2004","-0.65511519829","-0.07112140364","-0.9923447028"
"Oct-2004","-0.54261532364"," 0.02425394406","-0.8861452809"
"Oct-2004","-0.43318555143"," 0.09243772555","-0.7942729727"
"Nov-2004","-0.31018903380"," 0.17158433107","-0.6973046771"
"Nov-2004","-0.22083608429"," 0.29503083570","-0.5967400969"
"Nov-2004","-0.20844165318"," 0.35461148020","-0.5493913574"
"Nov-2004","-0.24642922273"," 0.27738053870","-0.5509096849"
"Nov-2004","-0.24849690563"," 0.12277385791","-0.5843205193"
"Nov-2004","-0.19356553301","-0.08704868931","-0.7622510273"
"Nov-2004","-0.26348359865","-0.23171511431","-0.8433080666"
"Nov-2004","-0.42647153438","-0.28143348009","-0.8674983245"
"Nov-2004","-0.51830074336","-0.33955035178","-0.9098410344"
"Nov-2004","-0.50067563692","-0.26156019079","-0.9359199604"
"Nov-2004","-0.48183133093","-0.08651794028","-0.8445411828"
"Nov-2004","-0.45919522740"," 0.03295983697","-0.7546120369"
"Nov-2004","-0.37793438335"," 0.02088032028","-0.7369596482"
"Nov-2004","-0.21958049182","-0.02248044840","-0.7679228747"
"Nov-2004","-0.00804120742","-0.00248355840","-0.7670556358"
"Nov-2004"," 0.25628285424"," 0.03277616810","-0.5909631972"
"Nov-2004"," 0.39812224710"," 0.09967925847","-0.4007233981"
"Nov-2004"," 0.41990825308"," 0.12227963128","-0.3214849109"
"Nov-2004"," 0.35393669157"," 0.13912449799","-0.3018171340"
"Nov-2004"," 0.30020646878"," 0.13943593651","-0.2916679265"
"Nov-2004"," 0.26618803889"," 0.14695837477","-0.2594788875"
"Nov-2004"," 0.25618776306"," 0.18134514565","-0.2296901443"
"Nov-2004"," 0.27154076991"," 0.15835130573","-0.2501494040"
"Nov-2004"," 0.23442296183"," 0.12184523795","-0.2981125511"
"Nov-2004"," 0.09168453175"," 0.01680866083","-0.3832988458"
"Nov-2004"," 0.07724747456","-0.23534140023","-0.5928443182"
"Nov-2004"," 0.03839069383","-0.34201672882","-0.6373861867"
"Nov-2004","-0.12923998077","-0.32883607965","-0.6344825004"
"Nov-2004","-0.12068474605","-0.40949689646","-0.7456187287"
"Nov-2004","-0.13858474378","-0.40446696462","-0.7518179068"
"Dec-2004","-0.24354372633","-0.34061807390","-0.7385528391"
"Dec-2004","-0.21137223719","-0.36925896839","-0.8309959758"
"Dec-2004","-0.17758379442","-0.45015753305","-0.9098713044"
"Dec-2004","-0.15159348887","-0.50821404297","-0.9755106585"
"Dec-2004","-0.15397018142","-0.49254775735","-0.9891868055"
"Dec-2004","-0.22530371893","-0.41717998627","-0.9532263949"
"Dec-2004","-0.26733596546","-0.36266303626","-0.9089287557"
"Dec-2004","-0.26955648396","-0.37358986636","-0.9006192000"
"Dec-2004","-0.23588059510","-0.39400623540","-0.8952306974"
"Dec-2004","-0.28985514940","-0.36664474025","-0.8701837505"
"Dec-2004","-0.40898712033","-0.51056973721","-0.9405248114"
"Dec-2004","-0.49661632206","-0.81226060181","-1.1239359710"
"Dec-2004","-0.58182546789","-0.95149816711","-1.1220884473"
"Dec-2004","-0.71542659663","-0.97395479906","-1.0996973461"
"Dec-2004","-0.72159952578","-1.10630243286","-1.2550747720"
"Dec-2004","-0.68816785837","-1.20802404515","-1.2851911695"
"Dec-2004","-0.71313747454","-1.09970015922","-1.1387935805"
"Dec-2004","-0.72408481011","-0.96824509274","-1.0664989291"
"Dec-2004","-0.74589921137","-0.89219543334","-1.0758607114"
"Dec-2004","-0.78041598949","-1.00103726784","-1.1671085896"
"Dec-2004","-0.78552805765","-1.06639156221","-1.1484937697"
"Dec-2004","-0.83738320121","-0.85869024956","-0.9911100042"
"Dec-2004","-0.90295407372","-0.59088734924","-0.8708720476"
"Dec-2004","-0.80800754689","-0.52286010906","-0.9116099211"
"Dec-2004","-0.61391034041","-0.55748139833","-0.9894600469"
"Dec-2004","-0.51449317066","-0.53431475230","-0.9791278805"
"Dec-2004","-0.44713258821","-0.66665751253","-1.2040795955"
"Dec-2004","-0.40209308306","-0.80209416555","-1.1193161879"
"Dec-2004","-0.40978989241","-0.64186814495","-0.9257385353"
"Dec-2004","-0.39154375838","-0.43592624859","-0.7441793222"
"Dec-2004","-0.43722216088","-0.26108297454","-0.5811316903"
"Jan-2005","-0.20240015978","-0.14735641015","-0.5123880392"
"Jan-2005","-0.08192986851","-0.06028021805","-0.3785374782"
"Jan-2005"," 0.06094852023"," 0.00649028782","-0.2465001133"
"Jan-2005"," 0.19498218177"," 0.09660142017","-0.0997131939"
"Jan-2005"," 0.29722963487"," 0.17176632171"," 0.0193947106"
"Jan-2005"," 0.36340869473"," 0.19847170561"," 0.1044286003"
"Jan-2005"," 0.42324173893"," 0.20754769600"," 0.1561381646"
"Jan-2005"," 0.45939076892"," 0.24032671834"," 0.2215427032"
"Jan-2005"," 0.50382498495"," 0.25960226175"," 0.2508207522"
"Jan-2005"," 0.56906494601"," 0.23472217537"," 0.2600188088"
"Jan-2005"," 0.61475629534"," 0.22061824954"," 0.2791039494"
"Jan-2005"," 0.63847013561"," 0.22281481889"," 0.2880846384"
"Jan-2005"," 0.67056249216"," 0.26153454287"," 0.2982312896"
"Jan-2005"," 0.66734454348"," 0.32720984674"," 0.2942667744"
"Jan-2005"," 0.72707405863"," 0.22736943119"," 0.1710791179"
"Jan-2005"," 0.78085967791"," 0.05027182733"," 0.0887272457"
"Jan-2005"," 0.74185284975","-0.10533880819"," 0.0191326278"
"Jan-2005"," 0.66894098941","-0.21953551813"," 0.0259067326"
"Jan-2005"," 0.59743091689","-0.14068379275"," 0.0799920033"
"Jan-2005"," 0.57030461658","-0.00827027773"," 0.1317602815"
"Jan-2005"," 0.56375003868"," 0.09094262207"," 0.1785224489"
"Jan-2005"," 0.58054900379"," 0.18677637864"," 0.2330370583"
"Jan-2005"," 0.60800562856"," 0.21243970003"," 0.3202119201"
"Jan-2005"," 0.67750660639"," 0.15208133998"," 0.3553250553"
"Jan-2005"," 0.68141932235"," 0.20625044649"," 0.5064090133"
"Jan-2005"," 0.64653769785"," 0.33790345024"," 0.6002156381"
"Jan-2005"," 0.64056448953"," 0.39875944256"," 0.6363607929"
"Jan-2005"," 0.68455003073"," 0.47114752672"," 0.6436500149"
"Jan-2005"," 0.72524758890"," 0.58832398230"," 0.6558032086"
"Jan-2005"," 0.79990777692"," 0.63873081277"," 0.7022356118"
"Jan-2005"," 0.89907646959"," 0.60267927848"," 0.7118553381"
"Feb-2005"," 0.95220723641"," 0.55530914979"," 0.7574114944"
"Feb-2005"," 0.95770539237"," 0.57180546841"," 0.8353794134"
"Feb-2005"," 0.94845249214"," 0.59588100526"," 0.9187281661"
"Feb-2005"," 0.98304455078"," 0.57531790076"," 0.9732372165"
"Feb-2005"," 1.03193924759"," 0.56625864491"," 1.0100049753"
"Feb-2005"," 1.04589798733"," 0.65329737513"," 1.1220151377"
"Feb-2005"," 1.06583598865"," 0.78050879810"," 1.2392592473"
"Feb-2005"," 1.11298092702"," 0.88246316725"," 1.3495739257"
"Feb-2005"," 1.15910033341"," 0.96697874044"," 1.4425080771"
"Feb-2005"," 1.19257741859"," 0.99686262930"," 1.5207129622"
"Feb-2005"," 1.24341568817"," 0.92204991635"," 1.5380860231"
"Feb-2005"," 1.27198882722"," 0.83309434776"," 1.5866298994"
"Feb-2005"," 1.24542874500"," 0.94817076584"," 1.6830030613"
"Feb-2005"," 1.21033918192"," 1.10394375572"," 1.7416709471"
"Feb-2005"," 1.22379814266"," 1.15801404040"," 1.7147905158"
"Feb-2005"," 1.27359745304"," 1.10105290863"," 1.6829968125"
"Feb-2005"," 1.27503570715"," 1.05776594806"," 1.6730135218"
"Feb-2005"," 1.26668323823"," 1.00570016723"," 1.6556214712"
"Feb-2005"," 1.26771240217"," 0.94660817118"," 1.6446345643"
"Feb-2005"," 1.24423115375"," 0.96426798044"," 1.6548574585"
"Feb-2005"," 1.21179908102"," 1.02330718930"," 1.6540038938"
"Feb-2005"," 1.20031711436"," 1.04866658803"," 1.6263635481"
"Feb-2005"," 1.20942965238"," 1.03746355001"," 1.5864872328"
"Feb-2005"," 1.19851412393"," 1.03657614985"," 1.5404437137"
"Feb-2005"," 1.17228172475"," 1.03252997387"," 1.4657680809"
"Feb-2005"," 1.17197880504"," 0.98023818872"," 1.3721534231"
"Feb-2005"," 1.18425393194"," 0.95234670787"," 1.3019479278"
"Feb-2005"," 1.16082470485"," 0.98549588641"," 1.2387048523"
"Mar-2005"," 1.11358060312"," 0.85359456563"," 1.1379455461"
"Mar-2005"," 1.08588746105"," 0.70844636215"," 1.0781020408"
"Mar-2005"," 1.04327509227"," 0.72454246112"," 1.0707935450"
"Mar-2005"," 0.99362593938"," 0.81520154678"," 1.0636108766"
"Mar-2005"," 0.99708748584"," 0.83513566759"," 1.0089462564"
"Mar-2005"," 0.99504944556"," 0.80106708776"," 0.9558503596"
"Mar-2005"," 0.96747201243"," 0.79627889657"," 0.9219047692"
"Mar-2005"," 0.90775988664"," 0.81752159939"," 0.9136446761"
"Mar-2005"," 0.88677445156"," 0.74606859414"," 0.8601614778"
"Mar-2005"," 0.87462915788"," 0.70171502707"," 0.8033775127"
"Mar-2005"," 0.83771037358"," 0.68252650325"," 0.7588417306"
"Mar-2005"," 0.79575714957"," 0.64413013748"," 0.7129953315"
"Mar-2005"," 0.76263390483"," 0.60268186206"," 0.6793210347"
"Mar-2005"," 0.71756901269"," 0.63412118202"," 0.6674291935"
"Mar-2005"," 0.71902179463"," 0.62772330460"," 0.6439090545"
"Mar-2005"," 0.72773870637"," 0.59852940709"," 0.6303091505"
"Mar-2005"," 0.69422387086"," 0.56445524908"," 0.6368216189"
"Mar-2005"," 0.67281925683"," 0.46744279399"," 0.6208557873"
"Mar-2005"," 0.67485003319"," 0.37070701657"," 0.6159360231"
"Mar-2005"," 0.66635169910"," 0.35708592615"," 0.6187539309"
"Mar-2005"," 0.66539957663"," 0.39209463461"," 0.6208384207"
"Mar-2005"," 0.69186643868"," 0.43546203839"," 0.6080772304"
"Mar-2005"," 0.71911204320"," 0.43773770044"," 0.5816275175"
"Mar-2005"," 0.75063942899"," 0.36207798509"," 0.5511307975"
"Mar-2005"," 0.77487832520"," 0.28082200597"," 0.5314780744"
"Mar-2005"," 0.77449898770"," 0.22534490461"," 0.5157800876"
"Mar-2005"," 0.76022547854"," 0.17923720585"," 0.4877621381"
"Mar-2005"," 0.67598133210"," 0.13216354268"," 0.4604347986"
"Mar-2005"," 0.63286478195","-0.03217841051"," 0.3828275631"
"Mar-2005"," 0.60519966830","-0.08729081641"," 0.3421993675"
"Mar-2005"," 0.55498033519","-0.06023529904"," 0.2900486163"
"Apr-2005"," 0.52826404223","-0.04829875987"," 0.2375315821"
"Apr-2005"," 0.47119803400","-0.04501785129"," 0.1939258512"
"Apr-2005"," 0.46328840676","-0.19261199808"," 0.0909339515"
"Apr-2005"," 0.45403726748","-0.29811291454"," 0.0616535897"
"Apr-2005"," 0.40380259945","-0.25012536954"," 0.0732650482"
"Apr-2005"," 0.37589308092","-0.15418897449"," 0.1030925825"
"Apr-2005"," 0.36957270908"," 0.00231827986"," 0.1262973618"
"Apr-2005"," 0.36091655003"," 0.07537633265"," 0.1158337685"
"Apr-2005"," 0.40317449138"," 0.02010897081"," 0.0739791519"
"Apr-2005"," 0.44502884551","-0.02703820688"," 0.0902718667"
"Apr-2005"," 0.46290587754"," 0.01848114082"," 0.1340571480"
"Apr-2005"," 0.46383771242"," 0.08716918967"," 0.1852244901"
"Apr-2005"," 0.46991877879"," 0.12374143227"," 0.2190879946"
"Apr-2005"," 0.48355808994"," 0.09388379021"," 0.2215719588"
"Apr-2005"," 0.52284769696"," 0.05611540994"," 0.2177169187"
"Apr-2005"," 0.55830012535"," 0.05002985181"," 0.2237778937"
"Apr-2005"," 0.56909737680"," 0.11496443226"," 0.2515638274"
"Apr-2005"," 0.59817854929"," 0.20213891774"," 0.2727993133"
"Apr-2005"," 0.62941222366"," 0.31547699918"," 0.2885941154"
"Apr-2005"," 0.66104324857"," 0.43454997681"," 0.3135628717"
"Apr-2005"," 0.70523555440"," 0.51932191135"," 0.3289459858"
"Apr-2005"," 0.76172705340"," 0.53355407657"," 0.3312038179"
"Apr-2005"," 0.80499904388"," 0.51282761951"," 0.3441283686"
"Apr-2005"," 0.83595437844"," 0.46942475026"," 0.3444967210"
"Apr-2005"," 0.87428768075"," 0.40413134612"," 0.3445714221"
"Apr-2005"," 0.87637572460"," 0.45731176449"," 0.3975538267"
"Apr-2005"," 0.85512713788"," 0.55592327791"," 0.4406400582"
"Apr-2005"," 0.88627892818"," 0.57004294008"," 0.4321296495"
"Apr-2005"," 0.91202695666"," 0.59345279470"," 0.4633962251"
"Apr-2005"," 0.91246231432"," 0.70620663531"," 0.4971837706"
"May-2005"," 0.92512664737"," 0.80697338084"," 0.4982861497"
"May-2005"," 0.99101474728"," 0.82533040372"," 0.4352455909"
"May-2005"," 1.05299020461"," 0.76535271033"," 0.3650357945"
"May-2005"," 1.10655900718"," 0.71201492859"," 0.3268546386"
"May-2005"," 1.13201266389"," 0.71618887423"," 0.2850046071"
"May-2005"," 1.13073755425"," 0.69704744198"," 0.2216792427"
"May-2005"," 1.13201805679"," 0.61661151384"," 0.1404579502"
"May-2005"," 1.12106771294"," 0.56657930211"," 0.1307565436"
"May-2005"," 1.08149793178"," 0.57160858806"," 0.1167068099"
"May-2005"," 1.04661634398"," 0.56215433843"," 0.0908704900"
"May-2005"," 1.03208702046"," 0.52768759407"," 0.0596557711"
"May-2005"," 1.03161644385"," 0.49109415440"," 0.0311031872"
"May-2005"," 1.03327635727"," 0.48523119496"," 0.0155787456"
"May-2005"," 1.03767293032"," 0.49514907931"," 0.0125159187"
"May-2005"," 1.03924072416"," 0.49465843445","-0.0080610937"
"May-2005"," 1.02781774926"," 0.44789932185","-0.0428238519"
"May-2005"," 1.00558794775"," 0.39348207445","-0.0673758888"
"May-2005"," 0.96505430447"," 0.35457609802","-0.0906993540"
"May-2005"," 0.93284499164"," 0.30489454822","-0.1143702342"
"May-2005"," 0.90541144263"," 0.27619851784","-0.1159404184"
"May-2005"," 0.86895134855"," 0.24870561254","-0.1237218319"
"May-2005"," 0.83421067325"," 0.19377223682","-0.1516688133"
"May-2005"," 0.82711761219"," 0.14564347582","-0.1731748625"
"May-2005"," 0.82496437658"," 0.09811727556","-0.1852282383"
"May-2005"," 0.81504183926"," 0.05045261904","-0.1993372135"
"May-2005"," 0.81567959585"," 0.05381414698","-0.2014053916"
"May-2005"," 0.83341421124"," 0.08144233779","-0.1929957341"
"May-2005"," 0.85404327451"," 0.11064339886","-0.1842474666"
"May-2005"," 0.86995101660"," 0.13299698130","-0.1733239401"
"May-2005"," 0.87689036160"," 0.16459912536","-0.1529620636"
"May-2005"," 0.87620502273"," 0.20555141262","-0.1239280004"
"Jun-2005"," 0.88015405823"," 0.26295691973","-0.0874555159"
"Jun-2005"," 0.88870610124"," 0.32061397333","-0.0408932683"
"Jun-2005"," 0.90971960143"," 0.36797963948"," 0.0147141846"
"Jun-2005"," 0.94864256444"," 0.44558085461"," 0.0692754568"
"Jun-2005"," 1.00047837426"," 0.50869090088"," 0.1218170397"
"Jun-2005"," 1.05500395848"," 0.56018189443"," 0.1490936587"
"Jun-2005"," 1.09853040591"," 0.57587982887"," 0.1710069731"
"Jun-2005"," 1.12583918444"," 0.60272272956"," 0.1789947986"
"Jun-2005"," 1.13836293516"," 0.64319206397"," 0.1837745338"
"Jun-2005"," 1.15923387195"," 0.73114350168"," 0.2039691544"
"Jun-2005"," 1.21546981340"," 1.01055012941"," 0.2897937155"
"Jun-2005"," 1.32512172184"," 1.25158358485"," 0.1885667665"
"Jun-2005"," 1.41679516031"," 1.09656241603"," 0.1150357529"
"Jun-2005"," 1.42824311867"," 0.99786740608"," 0.1170761361"
"Jun-2005"," 1.40881887387"," 0.92860797558"," 0.1297145422"
"Jun-2005"," 1.37464922258"," 0.86372559513"," 0.1352768334"
"Jun-2005"," 1.32781879683"," 0.82063287262"," 0.1298023900"
"Jun-2005"," 1.28344239859"," 0.78083380041"," 0.1264097990"
"Jun-2005"," 1.23938146681"," 0.74458632525"," 0.1265093734"
"Jun-2005"," 1.21161821701"," 0.71588653694"," 0.1254792203"
"Jun-2005"," 1.18386531277"," 0.71930267232"," 0.1264510651"
"Jun-2005"," 1.17449974857"," 0.74437406087"," 0.1353310841"
"Jun-2005"," 1.21186320887"," 0.74564412409"," 0.1397259523"
"Jun-2005"," 1.26021872548"," 0.73693922938"," 0.1429193134"
"Jun-2005"," 1.29711579142"," 0.71479714799"," 0.1410154291"
"Jun-2005"," 1.32278927310"," 0.66843115020"," 0.1452758272"
"Jun-2005"," 1.34200719352"," 0.62615002333"," 0.1606313899"
"Jun-2005"," 1.34936953285"," 0.62039257954"," 0.1685362367"
"Jun-2005"," 1.35044851693"," 0.60147321752"," 0.1451238686"
"Jun-2005"," 1.33893448635"," 0.55919490910"," 0.0773392819"
"Jul-2005"," 1.30702266364"," 0.45339699866","-0.0157298672"
"Jul-2005"," 1.27479372358"," 0.28705623724","-0.0818100431"
"Jul-2005"," 1.22503238364"," 0.14693015614","-0.1192226417"
"Jul-2005"," 1.18501146967"," 0.05901071957","-0.1389292503"
"Jul-2005"," 1.17577262034"," 0.03055948316","-0.1482409613"
"Jul-2005"," 1.17554920009","-0.01705350181","-0.1590996468"
"Jul-2005"," 1.13516600779","-0.10897883405","-0.1625874706"
"Jul-2005"," 1.12291406671","-0.19338266751","-0.1584452715"
"Jul-2005"," 1.13459978970","-0.19969082433","-0.1344210928"
"Jul-2005"," 1.18595893296"," 0.22231278280"," 0.0678698505"
"Jul-2005"," 1.35303608298"," 0.94748124423","-0.0394197371"
"Jul-2005"," 1.50114408315"," 0.61441435732","-0.2242167018"
"Jul-2005"," 1.47398707631"," 0.25802680792","-0.2774764866"
"Jul-2005"," 1.40806034560"," 0.02670707549","-0.2826339067"
"Jul-2005"," 1.33721033502","-0.14237609474","-0.2720261050"
"Jul-2005"," 1.27358318202","-0.22614783248","-0.2467690535"
"Jul-2005"," 1.22663513963","-0.25795208277","-0.2189244463"
"Jul-2005"," 1.19997119818","-0.29068741916","-0.1954884628"
"Jul-2005"," 1.21067200106","-0.28219596319","-0.1847563350"
"Jul-2005"," 1.29190232202","-0.28394821592","-0.1957047755"
"Jul-2005"," 1.29307683751","-0.32673948192","-0.2080610540"
"Jul-2005"," 1.25018249697","-0.38276353838","-0.2272502325"
"Jul-2005"," 1.20431413570","-0.46913370920","-0.2498744450"
"Jul-2005"," 1.15209227476","-0.55721638090","-0.2511453784"
"Jul-2005"," 1.07539448670","-0.59957571971","-0.2438890638"
"Jul-2005"," 0.99718151311","-0.57975686168","-0.2221288848"
"Jul-2005"," 0.92670416311","-0.56461257616","-0.1983620008"
"Jul-2005"," 0.84639070897","-0.55473644007","-0.1753009430"
"Jul-2005"," 0.76574384871","-0.52308937699","-0.1521744355"
"Jul-2005"," 0.71853808428","-0.46749583849","-0.1449554918"
"Jul-2005"," 0.71552557951","-0.39960828765","-0.1502099301"
"Aug-2005"," 0.73248332342","-0.33417219957","-0.1652910342"
"Aug-2005"," 0.75716421753","-0.30990500823","-0.1851740688"
"Aug-2005"," 0.76208834119","-0.32367547641","-0.2054706579"
"Aug-2005"," 0.73610830784","-0.35358073851","-0.2273639275"
"Aug-2005"," 0.68917288558","-0.38845703862","-0.2579998244"
"Aug-2005"," 0.62380804397","-0.42336862805","-0.2792474021"
"Aug-2005"," 0.54126016719","-0.43144301241","-0.2869943256"
"Aug-2005"," 0.45898802548","-0.45764189768","-0.2994740375"
"Aug-2005"," 0.37757709731","-0.49795750923","-0.3121793946"
"Aug-2005"," 0.29826499881","-0.51497160027","-0.3266217048"
"Aug-2005"," 0.24454035235","-0.49739822342","-0.3258459656"
"Aug-2005"," 0.21218304653","-0.45929192295","-0.3166279860"
"Aug-2005"," 0.20159296325","-0.41160595191","-0.2992652720"
"Aug-2005"," 0.20378816812","-0.37582322711","-0.2793233205"
"Aug-2005"," 0.20762061421","-0.35882956982","-0.2509788123"
"Aug-2005"," 0.20092350960","-0.36148102497","-0.2054861987"
"Aug-2005"," 0.19588393379","-0.34802170173","-0.1463747319"
"Aug-2005"," 0.20898956769","-0.30761572368","-0.0974862810"
"Aug-2005"," 0.23407052713","-0.27695218159","-0.0559779432"
"Aug-2005"," 0.25501369947","-0.25126830901","-0.0017688740"
"Aug-2005"," 0.27159335321","-0.20672619950"," 0.0623050435"
"Aug-2005"," 0.28131950816","-0.17622900457"," 0.1107035345"
"Aug-2005"," 0.27928150457","-0.14386112336"," 0.1490793759"
"Aug-2005"," 0.27554458990","-0.08809965232"," 0.1838319899"
"Aug-2005"," 0.29580326715","-0.04341691400"," 0.2092872976"
"Aug-2005"," 0.33195339773","-0.04719304741"," 0.1885921267"
"Aug-2005"," 0.38259385417","-0.06173629886"," 0.1614032744"
"Aug-2005"," 0.47763022603"," 0.31011883555"," 0.3688552491"
"Aug-2005"," 0.76821211055"," 1.20104845627"," 0.5369588883"
"Aug-2005"," 1.01154743535"," 1.37059320612"," 0.5583798083"
"Aug-2005"," 1.09094959900"," 1.02554204257"," 0.5087489314"
"Sep-2005"," 1.10781775469"," 0.76974009470"," 0.4770639322"
"Sep-2005"," 1.08222446950"," 0.58590452067"," 0.4700507919"
"Sep-2005"," 1.03569582618"," 0.47939929717"," 0.4851337220"
"Sep-2005"," 0.99809837993"," 0.44468041913"," 0.4978514549"
"Sep-2005"," 0.97176967892"," 0.45703731810"," 0.5097621642"
"Sep-2005"," 1.00193394437"," 0.51606384394"," 0.5093122127"
"Sep-2005"," 1.13116381367"," 0.50946791182"," 0.4946886073"
"Sep-2005"," 1.21277211474"," 0.41900318165"," 0.4352220566"
"Sep-2005"," 1.19401831413"," 0.25789152241"," 0.3738074745"
"Sep-2005"," 1.07459061403"," 0.12329394490"," 0.3549405941"
"Sep-2005"," 0.94512180612"," 0.11256100056"," 0.3670726070"
"Sep-2005"," 0.87193751247"," 0.14296013698"," 0.3710025511"
"Sep-2005"," 0.81010164694"," 0.14912073629"," 0.3999873951"
"Sep-2005"," 0.72202582483"," 0.18947269408"," 0.4552981942"
"Sep-2005"," 0.66883463550"," 0.27749359479"," 0.5201708171"
"Sep-2005"," 0.63588297311"," 0.39200808476"," 0.5772372749"
"Sep-2005"," 0.62014835420"," 0.47639988110"," 0.6250658302"
"Sep-2005"," 0.63138716331"," 0.58843936252"," 0.6672779653"
"Sep-2005"," 0.67923728790"," 0.67721907169"," 0.6981843849"
"Sep-2005"," 0.73106532020"," 0.74597435227"," 0.6888700770"
"Sep-2005"," 0.76117077733"," 0.72546785161"," 0.6498995077"
"Sep-2005"," 0.84054601315"," 1.01687044078"," 0.8141694095"
"Sep-2005"," 1.26243517178"," 1.53200068498"," 0.8396524714"
"Sep-2005"," 1.90778695570"," 1.61701982092"," 0.7578092647"
"Sep-2005"," 1.83260776500"," 1.43727939341"," 0.6856973693"
"Sep-2005"," 1.73457429667"," 1.20202011628"," 0.6106746057"
"Sep-2005"," 1.67886957447"," 0.93928091046"," 0.5241530641"
"Sep-2005"," 1.61464212171"," 0.78781527276"," 0.4604930663"
"Sep-2005"," 1.55238080385"," 0.78446331580"," 0.4279053644"
"Sep-2005"," 1.51302156602"," 0.70565874072"," 0.3669695836"
"Oct-2005"," 1.51720088214"," 0.66121328050"," 0.3254908665"
"Oct-2005"," 1.53294445254"," 0.72807315467"," 0.2960925898"
"Oct-2005"," 1.67396507803"," 0.78455908433"," 0.2566245946"
"Oct-2005"," 1.85752414919"," 0.81226595682"," 0.1845408999"
"Oct-2005"," 1.97932179155"," 0.75018200185"," 0.0600226627"
"Oct-2005"," 1.96028510201"," 0.62922841466","-0.0389031998"
"Oct-2005"," 1.77632218683"," 0.49311821123","-0.1094425576"
"Oct-2005"," 1.50241783539"," 0.37723589312","-0.1940598496"
"Oct-2005"," 1.27132153806"," 0.20810058159","-0.2939090682"
"Oct-2005"," 1.07115683918"," 0.08282866200","-0.3661725163"
"Oct-2005"," 0.90417434011","-0.01109906024","-0.4042465100"
"Oct-2005"," 0.78531931490","-0.03287398003","-0.4238017686"
"Oct-2005"," 0.68802665531","-0.02674086059","-0.4341390070"
"Oct-2005"," 0.63798679213","-0.01286910443","-0.4554192487"
"Oct-2005"," 0.56789417253","-0.02469977563","-0.4970924483"
"Oct-2005"," 0.51175765125","-0.02076551553","-0.5260067706"
"Oct-2005"," 0.45532903275"," 0.02812193649","-0.5288790508"
"Oct-2005"," 0.38938373872"," 0.07764518345","-0.5236577228"
"Oct-2005"," 0.38284277148"," 0.13236629480","-0.5081837988"
"Oct-2005"," 0.40799163747"," 0.19927144029","-0.4771373501"
"Oct-2005"," 0.42697604887"," 0.26893379145","-0.4437963071"
"Oct-2005"," 0.43675972811"," 0.25983272861","-0.4264120471"
"Oct-2005"," 0.48339039635"," 0.20860696278","-0.4256176427"
"Oct-2005"," 0.51267488494"," 0.14002219832","-0.4484276545"
"Oct-2005"," 0.48500826714","-0.37722517022","-0.9350282810"
"Oct-2005"," 0.26905278245","-1.04781913833","-1.1104474763"
"Oct-2005","-0.07133677695","-1.07362185547","-1.0361753351"
"Oct-2005","-0.31001718297","-0.92237969723","-0.9559327854"
"Oct-2005","-0.31421700680","-0.77722333199","-0.9308026974"
"Oct-2005","-0.24248391757","-0.64663047578","-0.8709748952"
"Oct-2005","-0.16772731766","-0.49625592985","-0.7206132373"
"Nov-2005","-0.15062183757","-0.30775946454","-0.5128393297"
"Nov-2005","-0.17583329057","-0.17602801398","-0.4046580762"
"Nov-2005","-0.07456510788","-0.19841154243","-0.3809867496"
"Nov-2005","-0.04896488896","-0.12815813920","-0.2509682219"
"Nov-2005","-0.08395004251","-0.02864525081","-0.1339711819"
"Nov-2005","-0.06612671938"," 0.07983699667","-0.0387275852"
"Nov-2005"," 0.01389298665"," 0.14857190222","-0.0052093452"
"Nov-2005"," 0.10924339420"," 0.13093998385"," 0.0022281429"
"Nov-2005"," 0.15576961621"," 0.12789071649"," 0.0424876209"
"Nov-2005"," 0.15611336790"," 0.11197270821"," 0.0492869642"
"Nov-2005"," 0.12114776821"," 0.07808298241"," 0.0127449318"
"Nov-2005"," 0.12346910096"," 0.06578808930","-0.0157132714"
"Nov-2005"," 0.09793943001"," 0.15517558508"," 0.0039989772"
"Nov-2005"," 0.05840993054"," 0.24514415093"," 0.0172125129"
"Nov-2005"," 0.09378704172"," 0.28479372794"," 0.0133095521"
"Nov-2005"," 0.09867778075"," 0.33032153099"," 0.0093697074"
"Nov-2005"," 0.15650220718"," 0.22906760495","-0.0475809861"
"Nov-2005"," 0.24539617298"," 0.02453810345","-0.1508049421"
"Nov-2005"," 0.21438324075","-0.06279791435","-0.1858505177"
"Nov-2005"," 0.08927013723","-0.05884639125","-0.1671870061"
"Nov-2005","-0.06390785178","-0.01411937980","-0.1863516360"
"Nov-2005","-0.27648770959","-0.24772029374","-0.3300991817"
"Nov-2005","-0.44874314674","-0.66049459865","-0.4621538321"
"Nov-2005","-0.68127468990","-0.75390578154","-0.3785444168"
"Nov-2005","-0.98594287282","-0.70439421940","-0.3091852636"
"Nov-2005","-1.08021286552","-0.61786175293","-0.2858653690"
"Nov-2005","-1.05954950045","-0.43354287375","-0.1923958529"
"Nov-2005","-1.05971264492","-0.16959367289","-0.0797661703"
"Nov-2005","-1.02786425302","-0.01017026412","-0.0329881375"
"Nov-2005","-0.87681895523","-0.10484828077","-0.1170185734"
"Dec-2005","-0.72889358003","-0.30932452534","-0.1951981388"
"Dec-2005","-0.70175352231","-0.41645485717","-0.1833899254"
"Dec-2005","-0.70908317405","-0.38605067103","-0.1120440716"
"Dec-2005","-0.77069407850","-0.24804723374","-0.0405099027"
"Dec-2005","-0.80718550277","-0.14431882760","-0.0227256002"
"Dec-2005","-0.74950176873","-0.15908773106","-0.0295499791"
"Dec-2005","-0.57469409455","-0.22765300126","-0.0945691233"
"Dec-2005","-0.43120850899","-0.14310777564","-0.0653783136"
"Dec-2005","-0.32715560746","-0.02134012666","-0.0684986372"
"Dec-2005","-0.17540244535","-0.18752452292","-0.1394450166"
"Dec-2005","-0.11742320225","-0.29373721499","-0.1415962545"
"Dec-2005","-0.13641854620","-0.35482238237","-0.1547223075"
"Dec-2005","-0.17056963416","-0.42718457204","-0.1672570410"
"Dec-2005","-0.17408643035","-0.40490268388","-0.1653733637"
"Dec-2005","-0.21008482593","-0.26253029957","-0.1157171266"
"Dec-2005","-0.25094413449","-0.21707806616","-0.1607806856"
"Dec-2005","-0.13887701276","-0.32796298202","-0.2890660339"
"Dec-2005","-0.00504182472","-0.32792458067","-0.3062659554"
"Dec-2005"," 0.03914633554","-0.32254874303","-0.3689887605"
"Dec-2005"," 0.05586213256","-0.45247867672","-0.4637479158"
"Dec-2005"," 0.04723029661","-0.56993738815","-0.5296066258"
"Dec-2005","-0.01934171141","-0.67589001965","-0.6185780880"
"Dec-2005","-0.10490744917","-0.71512510862","-0.6113587792"
"Dec-2005","-0.19759812849","-0.61067083465","-0.5655609905"
"Dec-2005","-0.34266691618","-0.50901316590","-0.5450145727"
"Dec-2005","-0.47776646475","-0.55871156767","-0.6150421406"
"Dec-2005","-0.48635394683","-0.64972096296","-0.6882728890"
"Dec-2005","-0.51454041109","-0.61705644007","-0.6752833349"
"Dec-2005","-0.59737477207","-0.59816244409","-0.6978946442"
"Dec-2005","-0.59898805706","-0.62193493904","-0.7665106004"
"Dec-2005","-0.61344646574","-0.54967767785","-0.7743893160"
"Jan-2006","-0.66377001793","-0.51873289371","-0.8321129278"
"Jan-2006","-0.69132731021","-0.44907065998","-0.8429033638"
"Jan-2006","-0.74053695988","-0.37393323832","-0.8531181833"
"Jan-2006","-0.71739172231","-0.36670650225","-0.8907786631"
"Jan-2006","-0.67479791686","-0.34053204353","-0.8875924434"
"Jan-2006","-0.69019740539","-0.38565851130","-0.9085206039"
"Jan-2006","-0.68946958365","-0.57027914059","-1.0158518634"
"Jan-2006","-0.67185199793","-0.59824842235","-0.9759891412"
"Jan-2006","-0.71156775432","-0.46092728440","-0.9067788222"
"Jan-2006","-0.68100206614","-0.32653562976","-0.8682575551"
"Jan-2006","-0.57609048244","-0.22659333905","-0.8485899405"
"Jan-2006","-0.44858990057","-0.20327408579","-0.8590464735"
"Jan-2006","-0.35060782990","-0.20659821058","-0.8536412940"
"Jan-2006","-0.34687179571","-0.25644176243","-0.8298358625"
"Jan-2006","-0.31431293474","-0.52183976311","-0.9432821447"
"Jan-2006","-0.28662291102","-0.65828283702","-0.8744652949"
"Jan-2006","-0.35295898871","-0.50681526164","-0.7791729254"
"Jan-2006","-0.50961162123","-0.37128724391","-0.7490744221"
"Jan-2006","-0.51854432245","-0.41167472590","-0.8475933035"
"Jan-2006","-0.44581970956","-0.33940302016","-0.7802174020"
"Jan-2006","-0.42005715326","-0.19660968886","-0.7010348697"
"Jan-2006","-0.34497257682","-0.14999502173","-0.6657285097"
"Jan-2006","-0.23978848645","-0.12666660852","-0.6196468488"
"Jan-2006","-0.16945821227","-0.08352943672","-0.5771275910"
"Jan-2006","-0.10491848476","-0.11319612892","-0.5590713050"
"Jan-2006","-0.00613327515","-0.20181700679","-0.5483227844"
"Jan-2006"," 0.06776262483","-0.19229799157","-0.4632484806"
"Jan-2006"," 0.08964166756","-0.04269323430","-0.3670148203"
"Jan-2006"," 0.11307412305"," 0.08491764498","-0.2688978479"
"Jan-2006"," 0.15436390997"," 0.13394290738","-0.2377396519"
"Jan-2006"," 0.21580869834"," 0.08631177864","-0.2268799925"
"Feb-2006"," 0.30058468770"," 0.01870448725","-0.2186088628"
"Feb-2006"," 0.31109978395"," 0.02461330519","-0.1589373202"
"Feb-2006"," 0.24129614323"," 0.09007194085","-0.0859217889"
"Feb-2006"," 0.22267643145"," 0.11528078748","-0.0414741387"
"Feb-2006"," 0.25303484140"," 0.03852663346","-0.0381631467"
"Feb-2006"," 0.25279142705","-0.03623699151"," 0.0046129595"
"Feb-2006"," 0.17656858129"," 0.05780517147"," 0.0838570057"
"Feb-2006"," 0.16867729726"," 0.08793737736"," 0.0806347948"
"Feb-2006"," 0.21029550094"," 0.04258748886"," 0.0689673409"
"Feb-2006"," 0.22177988890"," 0.02377352506"," 0.0817650904"
"Feb-2006"," 0.18146577713"," 0.08438742442"," 0.1323271140"
"Feb-2006"," 0.08926673242"," 0.06333796145"," 0.1064576027"
"Feb-2006"," 0.02185805408","-0.11332513164","-0.0008034597"
"Feb-2006","-0.00323394797","-0.17123983839","-0.0127247188"
"Feb-2006","-0.03897465819","-0.06663090206"," 0.0218344676"
"Feb-2006","-0.02128182863"," 0.01990890411"," 0.0232056247"
"Feb-2006"," 0.03977375359"," 0.09144517102"," 0.0453066048"
"Feb-2006"," 0.08967057645"," 0.16044970812"," 0.0660913683"
"Feb-2006"," 0.10268519136"," 0.18379062819"," 0.0958026512"
"Feb-2006"," 0.13365299931"," 0.19465692037"," 0.1166105027"
"Feb-2006"," 0.11938796471"," 0.20866437307"," 0.1578985919"
"Feb-2006"," 0.10369656239"," 0.23429892280"," 0.2022694310"
"Feb-2006"," 0.11898584494"," 0.26721305450"," 0.2456212754"
"Feb-2006"," 0.15471914450"," 0.28820209699"," 0.2792133239"
"Feb-2006"," 0.20659556618"," 0.31675550214"," 0.3069272345"
"Feb-2006"," 0.18992342599"," 0.34417031294"," 0.3299908081"
"Feb-2006"," 0.22114282935"," 0.27805415680"," 0.2891339646"
"Feb-2006"," 0.24242417704"," 0.26742526017"," 0.3480242902"
"Mar-2006"," 0.21537132293"," 0.37481230565"," 0.3840312013"
"Mar-2006"," 0.21800016119"," 0.44150131140"," 0.3969835468"
"Mar-2006"," 0.26186342658"," 0.50051902959"," 0.4242365098"
"Mar-2006"," 0.31582910277"," 0.52400445385"," 0.4485609944"
"Mar-2006"," 0.37148668293"," 0.53057631173"," 0.4666587494"
"Mar-2006"," 0.38690987089"," 0.57208512508"," 0.4975930856"
"Mar-2006"," 0.37874281510"," 0.59919119836"," 0.4992292875"
"Mar-2006"," 0.39556929502"," 0.58825673497"," 0.4810483915"
"Mar-2006"," 0.41858620352"," 0.65069957234"," 0.5074029529"
"Mar-2006"," 0.40225205525"," 0.79790342277"," 0.5291364732"
"Mar-2006"," 0.43796389326"," 0.85174811416"," 0.4913399815"
"Mar-2006"," 0.52094749456"," 0.86397953346"," 0.4714920049"
"Mar-2006"," 0.57118124543"," 0.86203480420"," 0.4518144896"
"Mar-2006"," 0.58841769602"," 0.84419109119"," 0.4240217796"
"Mar-2006"," 0.61949270166"," 0.77374891065"," 0.3672497440"
"Mar-2006"," 0.63671686229"," 0.70210037555"," 0.3376431887"
"Mar-2006"," 0.58568995118"," 0.71040722317"," 0.3261043213"
"Mar-2006"," 0.54102508768"," 0.68946627046"," 0.2888962682"
"Mar-2006"," 0.53460430513"," 0.66924378716"," 0.2609600801"
"Mar-2006"," 0.52546190437"," 0.70023203798"," 0.2296088622"
"Mar-2006"," 0.49959336103"," 0.75869833852"," 0.1959415040"
"Mar-2006"," 0.50720432418"," 0.74378023347"," 0.1355125221"
"Mar-2006"," 0.55935545372"," 0.66779868657"," 0.0907891961"
"Mar-2006"," 0.55266377869"," 0.60230987002"," 0.0664372413"
"Mar-2006"," 0.53292091240"," 0.46892827675"," 0.0083305268"
"Mar-2006"," 0.50637091894"," 0.39342522015"," 0.0130713493"
"Mar-2006"," 0.46755265895"," 0.41922494269"," 0.0178245881"
"Mar-2006"," 0.43426362831"," 0.47582507822"," 0.0024239044"
"Mar-2006"," 0.41150902767"," 0.54756462571","-0.0311134877"
"Mar-2006"," 0.40663685196"," 0.57840203083","-0.0590142932"
"Mar-2006"," 0.42904814116"," 0.58567574103","-0.0710854820"
"Apr-2006"," 0.44534145745"," 0.58194417433","-0.0674747929"
"Apr-2006"," 0.45858040978"," 0.56599939079","-0.0705778309"
"Apr-2006"," 0.46459206546"," 0.51997471882","-0.0866619426"
"Apr-2006"," 0.45620412078"," 0.43278103266","-0.1055595393"
"Apr-2006"," 0.45101053541"," 0.35227305794","-0.1189690183"
"Apr-2006"," 0.43947629062"," 0.30734376411","-0.1133630263"
"Apr-2006"," 0.40895015039"," 0.31279117859","-0.0886679171"
"Apr-2006"," 0.35331586610"," 0.35839419898","-0.0614528118"
"Apr-2006"," 0.30300375306"," 0.36463277536","-0.0664267862"
"Apr-2006"," 0.33532906832"," 0.32446319465","-0.1209856643"
"Apr-2006"," 0.34090103735"," 0.29490313374","-0.1564088031"
"Apr-2006"," 0.34425054350"," 0.27683529539","-0.1529708476"
"Apr-2006"," 0.33726746830"," 0.27841491817","-0.1114601969"
"Apr-2006"," 0.33912592859"," 0.27958733390","-0.0692046451"
"Apr-2006"," 0.35238652590"," 0.29746727571","-0.0199581483"
"Apr-2006"," 0.36158718468"," 0.34175760385"," 0.0022380240"
"Apr-2006"," 0.36480333572"," 0.37330396612"," 0.0122551554"
"Apr-2006"," 0.36853709536"," 0.36130589084"," 0.0097243660"
"Apr-2006"," 0.38250445641"," 0.31096981516","-0.0090543418"
"Apr-2006"," 0.39148540026"," 0.26058271382","-0.0140301015"
"Apr-2006"," 0.39119594447"," 0.23455211340","-0.0061388072"
"Apr-2006"," 0.37361614575"," 0.23429234642"," 0.0213729519"
"Apr-2006"," 0.36368484038"," 0.25345697216"," 0.0326558635"
"Apr-2006"," 0.36832424080"," 0.24011338144"," 0.0129255178"
"Apr-2006"," 0.36352444738"," 0.21774934726"," 0.0009557293"
"Apr-2006"," 0.33607743445"," 0.20547095382","-0.0165398723"
"Apr-2006"," 0.30007826846"," 0.16504013819","-0.0489650253"
"Apr-2006"," 0.29647588286"," 0.08810031890","-0.1211739793"
"Apr-2006"," 0.29990797013"," 0.05353856935","-0.1561259857"
"Apr-2006"," 0.27676951955"," 0.16990231365","-0.1324828598"
"May-2006"," 0.26577772005"," 0.25679137253","-0.1326163966"
"May-2006"," 0.30352422319"," 0.24978606081","-0.1581563466"
"May-2006"," 0.33750094063"," 0.23619262641","-0.1688453417"
"May-2006"," 0.34892574986"," 0.25094115483","-0.1525417524"
"May-2006"," 0.34374386746"," 0.29146797384","-0.1099665398"
"May-2006"," 0.34663097807"," 0.34480751711","-0.0569176305"
"May-2006"," 0.36582912450"," 0.39319263946","-0.0051340144"
"May-2006"," 0.37856396884"," 0.41718379902"," 0.0500682429"
"May-2006"," 0.38725802494"," 0.41378803868"," 0.0883835848"
"May-2006"," 0.38764392932"," 0.39504066071"," 0.1059850908"
"May-2006"," 0.35665579710"," 0.37072543832"," 0.1339577570"
"May-2006"," 0.32882812596"," 0.32860960170"," 0.1412132600"
"May-2006"," 0.29843482724"," 0.28583959150"," 0.1324856865"
"May-2006"," 0.26353970214"," 0.31196425764"," 0.1529400771"
"May-2006"," 0.22113541870"," 0.35484864986"," 0.1778522700"
"May-2006"," 0.20979234680"," 0.38023916895"," 0.1640411659"
"May-2006"," 0.21872471784"," 0.38883731494"," 0.1185361359"
"May-2006"," 0.21907235828"," 0.33461976634"," 0.0398160525"
"May-2006"," 0.20947075370"," 0.26350550333"," 0.0189022156"
"May-2006"," 0.18520547996"," 0.25902857451"," 0.0311694695"
"May-2006"," 0.17736397940"," 0.28070244119"," 0.0564083022"
"May-2006"," 0.18904452961"," 0.32267647464"," 0.0809281620"
"May-2006"," 0.19715604217"," 0.34546691655"," 0.0924758344"
"May-2006"," 0.20779455151"," 0.35954160098"," 0.1223726326"
"May-2006"," 0.21888408362"," 0.39350378439"," 0.2043544482"
"May-2006"," 0.23276273692"," 0.45581738417"," 0.2911075186"
"May-2006"," 0.25613656752"," 0.51452213718"," 0.3334158197"
"May-2006"," 0.28495447831"," 0.53651889233"," 0.3393548221"
"May-2006"," 0.30387795358"," 0.53354501845"," 0.3038344217"
"May-2006"," 0.30847710900"," 0.50710773944"," 0.2290039901"
"May-2006"," 0.31344672382"," 0.47796240144"," 0.1515711924"
"Jun-2006"," 0.31364394998"," 0.42532688305"," 0.0677487511"
"Jun-2006"," 0.29749143614"," 0.35912141733","-0.0123335625"
"Jun-2006"," 0.26895780835"," 0.29020284291","-0.0770518329"
"Jun-2006"," 0.24273802930"," 0.20555409804","-0.1287860270"
"Jun-2006"," 0.21993232448"," 0.14464273496","-0.1552680793"
"Jun-2006"," 0.19704036991"," 0.10401433437","-0.1754624159"
"Jun-2006"," 0.18168435477"," 0.08078615223","-0.1977809666"
"Jun-2006"," 0.16166997234"," 0.08994769426","-0.2117718240"
"Jun-2006"," 0.14717682163"," 0.10533759580","-0.2434737029"
"Jun-2006"," 0.14409259492"," 0.09077396933","-0.2809734596"
"Jun-2006"," 0.14388069420"," 0.10048804465","-0.2587443393"
"Jun-2006"," 0.16132332243"," 0.30870683612","-0.1345712854"
"Jun-2006"," 0.23495805185"," 0.51659240482","-0.1709029699"
"Jun-2006"," 0.31309354373"," 0.38474751172","-0.3372671809"
"Jun-2006"," 0.31993922831"," 0.19478398541","-0.4235770355"
"Jun-2006"," 0.28168604913"," 0.01877160155","-0.4699406211"
"Jun-2006"," 0.24394156375","-0.11089874133","-0.4885696022"
"Jun-2006"," 0.19892473080","-0.13406086610","-0.4842119425"
"Jun-2006"," 0.14929238029","-0.14591097285","-0.4622957066"
"Jun-2006"," 0.10191052108","-0.18451232200","-0.4287871643"
"Jun-2006"," 0.05002933016","-0.21072529951","-0.3936354816"
"Jun-2006","-0.00623082432","-0.21981332702","-0.3617698363"
"Jun-2006","-0.05008392758","-0.19782749336","-0.3344054100"
"Jun-2006","-0.08561082938","-0.18103441564","-0.3283867156"
"Jun-2006","-0.11244246443","-0.20027191000","-0.3545817713"
"Jun-2006","-0.13907518574","-0.24039856809","-0.3894930796"
"Jun-2006","-0.17229300805","-0.26618226071","-0.4145558513"
"Jun-2006","-0.20559282449","-0.28139753589","-0.4245443358"
"Jun-2006","-0.22836609852","-0.27974839139","-0.4253111888"
"Jun-2006","-0.24462709408","-0.28133535388","-0.4261219860"
"Jul-2006","-0.25636098634","-0.26446242013","-0.4317236364"
"Jul-2006","-0.24843624430","-0.19288863262","-0.4157874662"
"Jul-2006","-0.21902823256","-0.09295708725","-0.4069194984"
"Jul-2006","-0.18311465597","-0.03857307405","-0.4228112375"
"Jul-2006","-0.15068287673","-0.03885814834","-0.4525979113"
"Jul-2006","-0.13811818398","-0.07528295087","-0.4847617524"
"Jul-2006","-0.14172662284","-0.11847361446","-0.5052363906"
"Jul-2006","-0.15137082034","-0.12042515497","-0.5299179473"
"Jul-2006","-0.15276376674","-0.13286995429","-0.5424235875"
"Jul-2006","-0.13977259444","-0.16434814536","-0.5486020716"
"Jul-2006","-0.12678960322","-0.18338370965","-0.5400342474"
"Jul-2006","-0.11670194036","-0.14719794676","-0.5201565688"
"Jul-2006","-0.10840501466","-0.10694950822","-0.5162281261"
"Jul-2006","-0.09153407081","-0.07703467515","-0.5301132820"
"Jul-2006","-0.07409004850","-0.05598656268","-0.5182226986"
"Jul-2006","-0.07036380958","-0.08837094356","-0.5148305133"
"Jul-2006","-0.09359518684","-0.15429973162","-0.5265847600"
"Jul-2006","-0.15026028595","-0.20487919204","-0.5455287761"
"Jul-2006","-0.20328818406","-0.22944073506","-0.5716156957"
"Jul-2006","-0.23419810084","-0.23916655392","-0.6039831084"
"Jul-2006","-0.24980805933","-0.23369594595","-0.6311837685"
"Jul-2006","-0.25053419349","-0.21686892942","-0.6696789449"
"Jul-2006","-0.25648979233","-0.23244390906","-0.7234608260"
"Jul-2006","-0.27446595105","-0.26582191036","-0.7485355272"
"Jul-2006","-0.30312871501","-0.28818048380","-0.7524613731"
"Jul-2006","-0.29695442846","-0.28193509617","-0.7631791368"
"Jul-2006","-0.28265347786","-0.28110447600","-0.7632802937"
"Jul-2006","-0.23691146460","-0.25797652492","-0.7654490606"
"Jul-2006","-0.17992539607","-0.22005136846","-0.7588554395"
"Jul-2006","-0.12164829599","-0.16903076217","-0.7540145963"
"Jul-2006","-0.06322023132","-0.17034368930","-0.7600617347"
"Aug-2006","-0.02509908654","-0.17487346402","-0.7495648688"
"Aug-2006"," 0.01066169114","-0.16856472002","-0.7330091379"
"Aug-2006"," 0.04378431221","-0.14467825406","-0.7062645969"
"Aug-2006"," 0.07056447622","-0.10975445136","-0.6988574194"
"Aug-2006"," 0.09295580801","-0.10933197772","-0.7171167496"
"Aug-2006"," 0.10176759081","-0.11650175764","-0.7080248003"
"Aug-2006"," 0.11376676252","-0.04545472636","-0.6452749712"
"Aug-2006"," 0.17430550655"," 0.05488291043","-0.6138160636"
"Aug-2006"," 0.26235311682"," 0.09344069107","-0.5729271242"
"Aug-2006"," 0.31694029752"," 0.12143510400","-0.5584907788"
"Aug-2006"," 0.35547698929"," 0.09988665826","-0.5635223716"
"Aug-2006"," 0.37626002544"," 0.05766242881","-0.5449379434"
"Aug-2006"," 0.39647376184"," 0.04825456615","-0.5085102552"
"Aug-2006"," 0.43380691916"," 0.05915743943","-0.4752022008"
"Aug-2006"," 0.48364291595"," 0.06882859214","-0.4596105241"
"Aug-2006"," 0.53300866630"," 0.07361396488","-0.4311261492"
"Aug-2006"," 0.57201501753"," 0.11883772783","-0.3917397937"
"Aug-2006"," 0.62917384238"," 0.19002767791","-0.3465376663"
"Aug-2006"," 0.68812399138"," 0.21843963220","-0.3129000912"
"Aug-2006"," 0.69900301685"," 0.18026909460","-0.3008875757"
"Aug-2006"," 0.67666143184"," 0.16563823639","-0.2794105792"
"Aug-2006"," 0.65345423092"," 0.17373000118","-0.2794524946"
"Aug-2006"," 0.63575160609"," 0.14829873202","-0.2984898363"
"Aug-2006"," 0.60838761451"," 0.07174744756","-0.3191070600"
"Aug-2006"," 0.55078202253","-0.00667857470","-0.3349484843"
"Aug-2006"," 0.47548319744","-0.04867163268","-0.3431104230"
"Aug-2006"," 0.42361536038","-0.06545097047","-0.3629975964"
"Aug-2006"," 0.40466404013","-0.08756750967","-0.3937935266"
"Aug-2006"," 0.40157453058","-0.13723191391","-0.4233346728"
"Aug-2006"," 0.39728559546","-0.16109700664","-0.4583748922"
"Aug-2006"," 0.41640578327","-0.18749424020","-0.5148133495"
"Sep-2006"," 0.42967467171","-0.26960033376","-0.5353443077"
"Sep-2006"," 0.40418429191","-0.30676492023","-0.5376561469"
"Sep-2006"," 0.36637112956","-0.30363021865","-0.5234797337"
"Sep-2006"," 0.33859085726","-0.26503297973","-0.4938100010"
"Sep-2006"," 0.31961686481","-0.23060199444","-0.4791730459"
"Sep-2006"," 0.29637565559","-0.22779734489","-0.4892987597"
"Sep-2006"," 0.27005858416","-0.25086358370","-0.5042410520"
"Sep-2006"," 0.25031839598","-0.26465031667","-0.4943691029"
"Sep-2006"," 0.23725950057","-0.28770592758","-0.4862108566"
"Sep-2006"," 0.22568754214","-0.30515893321","-0.4745400349"
"Sep-2006"," 0.21756839880","-0.30783692874","-0.4686224163"
"Sep-2006"," 0.22935126741","-0.30933399448","-0.4843385813"
"Sep-2006"," 0.23512787325","-0.33828421366","-0.4659520848"
"Sep-2006"," 0.21688485756","-0.38795313916","-0.4202849115"
"Sep-2006"," 0.23601678503","-0.43881955285","-0.3740675226"
"Sep-2006"," 0.24784349390","-0.48576444816","-0.3064937706"
"Sep-2006"," 0.25172748440","-0.50831532197","-0.2225290685"
"Sep-2006"," 0.26435733222","-0.46050616126","-0.1114886004"
"Sep-2006"," 0.25455259497","-0.39701127938","-0.0088856658"
"Sep-2006"," 0.26018458297","-0.44186236127"," 0.0379264105"
"Sep-2006"," 0.29233119872","-0.51789123461"," 0.0308847856"
"Sep-2006"," 0.25669816312","-0.54587501965"," 0.0564187709"
"Sep-2006"," 0.18129764330","-0.48877044061"," 0.1270348586"
"Sep-2006"," 0.12606107641","-0.40249956136"," 0.2042351537"
"Sep-2006"," 0.14221344350","-0.38428434165"," 0.2356255278"
"Sep-2006"," 0.18599933724","-0.43041411826"," 0.2201463288"
"Sep-2006"," 0.21716855359","-0.48645291285"," 0.1976058659"
"Sep-2006"," 0.20852453775","-0.54034845374"," 0.1750310349"
"Sep-2006"," 0.16236367572","-0.56574543178"," 0.1276980389"
"Sep-2006"," 0.14176832726","-0.56203570805"," 0.0453325736"
"Oct-2006"," 0.09849131074","-0.53764691242","-0.0625387981"
"Oct-2006"," 0.07115868605","-0.55009253379","-0.2218234047"
"Oct-2006"," 0.07584783324","-0.58527451810","-0.3650266589"
"Oct-2006"," 0.08638420761","-0.58816560006","-0.4931068529"
"Oct-2006"," 0.11554157778","-0.59427957754","-0.6188543109"
"Oct-2006"," 0.15828322948","-0.63698951956","-0.7215361260"
"Oct-2006"," 0.14154277919","-0.68295676566","-0.8172932573"
"Oct-2006"," 0.09872397597","-0.73997033231","-0.9027394030"
"Oct-2006"," 0.04617336809","-0.76054929058","-0.9586968679"
"Oct-2006"," 0.00843332176","-0.77050581116","-1.0034180028"
"Oct-2006","-0.05074428300","-0.75051520395","-1.0030232758"
"Oct-2006","-0.17426879149","-0.70031875889","-0.9759605349"
"Oct-2006","-0.23093198290","-0.62515761529","-0.9858036747"
"Oct-2006","-0.21052402864","-0.58795227876","-1.0053632750"
"Oct-2006","-0.09852980282","-0.52767013424","-1.0179676781"
"Oct-2006"," 0.00661426268","-0.32802018863","-0.9252520711"
"Oct-2006","-0.00712314794"," 0.06155071298","-0.8226376534"
"Oct-2006"," 0.00959606092"," 0.22565885240","-0.8548446271"
"Oct-2006"," 0.14383329536"," 0.10762969880","-0.9886139136"
"Oct-2006"," 0.21001961912","-0.02607930419","-1.0591683252"
"Oct-2006"," 0.24224613788","-0.13379634299","-1.1164066646"
"Oct-2006"," 0.22374294215","-0.19127166540","-1.1360731025"
"Oct-2006"," 0.22056256036","-0.27985208680","-1.1489889293"
"Oct-2006"," 0.34881176517","-0.49272448856","-1.2647791872"
"Oct-2006"," 0.34732912050","-0.68508827583","-1.2775352648"
"Oct-2006"," 0.24588796137","-0.62860733717","-1.2228692244"
"Oct-2006"," 0.15043622595","-0.51450933164","-1.1769977085"
"Oct-2006","-0.02757116376","-0.46011257671","-1.1080685433"
"Oct-2006","-0.04175281015","-0.50907718375","-1.2320919515"
"Oct-2006"," 0.01038104009","-0.54120901993","-1.2349905657"
"Oct-2006"," 0.01605059497","-0.43791436123","-1.1829799653"
"Nov-2006"," 0.02000234527","-0.37627413570","-1.1531819706"
"Nov-2006"," 0.08438032239","-0.33823741567","-1.1302320515"
"Nov-2006"," 0.19646567726","-0.37900568175","-1.1502409135"
"Nov-2006"," 0.34315648131","-0.41391421786","-1.1721838080"
"Nov-2006"," 0.40846049685","-0.35802439000","-1.0714786307"
"Nov-2006"," 0.48591809720","-0.18212239536","-0.8968016585"
"Nov-2006"," 0.51140036930"," 0.02779016605","-0.7227706218"
"Nov-2006"," 0.51094586134"," 0.05900723963","-0.7063429499"
"Nov-2006"," 0.49356420593","-0.12856759311","-0.7834727232"
"Nov-2006"," 0.42637417861","-0.23388642608","-0.7640116018"
"Nov-2006"," 0.32243775644","-0.19587260594","-0.7247168678"
"Nov-2006"," 0.28064536567","-0.24727963322","-0.7552291285"
"Nov-2006"," 0.30232989703","-0.32501537054","-0.8066965329"
"Nov-2006"," 0.23051837226","-0.33881748754","-0.8163333824"
"Nov-2006"," 0.10811852244","-0.31234609356","-0.8365215109"
"Nov-2006","-0.23818382276","-0.26903887540","-0.8071974077"
"Nov-2006","-0.43698848295","-0.34052417537","-0.9163926650"
"Nov-2006","-0.45218392166","-0.39955498760","-0.9895248128"
"Nov-2006","-0.42936644051","-0.44886009842","-1.0570523482"
"Nov-2006","-0.40053671669","-0.59892144430","-1.1280469729"
"Nov-2006","-0.38148014312","-0.82605331500","-1.2457648523"
"Nov-2006","-0.37526983051","-1.03700271305","-1.3554892256"
"Nov-2006","-0.45622155485","-1.08996863577","-1.3465168954"
"Nov-2006","-0.55348941444","-0.99999361098","-1.2996890348"
"Nov-2006","-0.58770407995","-0.88804989808","-1.2474880906"
"Nov-2006","-0.52923705431","-0.80218205693","-1.1794609788"
"Nov-2006","-0.41969854358","-0.67828013804","-1.0724057604"
"Nov-2006","-0.30241032168","-0.49566131159","-0.9220759550"
"Nov-2006","-0.19989619504","-0.31622938673","-0.7986148948"
"Nov-2006","-0.05541989291","-0.16992550204","-0.7099357854"
"Dec-2006","-0.02401852495","-0.06548467441","-0.6235671357"
"Dec-2006"," 0.00509126295","-0.05391059943","-0.5911875500"
"Dec-2006"," 0.10837400661","-0.05295338396","-0.5751084292"
"Dec-2006"," 0.15457404974","-0.07857372402","-0.5611467869"
"Dec-2006"," 0.21454008219","-0.16852643610","-0.6082005361"
"Dec-2006"," 0.21051811410","-0.15970210965","-0.5681993674"
"Dec-2006"," 0.15123177081","-0.03393713778","-0.4768651020"
"Dec-2006"," 0.16484833638","-0.04220305918","-0.5023799758"
"Dec-2006"," 0.24060830968","-0.13274153875","-0.5353778644"
"Dec-2006"," 0.24060144932"," 0.00329062890","-0.4133245205"
"Dec-2006"," 0.24923090065"," 0.23075859955","-0.2810394368"
"Dec-2006"," 0.33021964159"," 0.38297165448","-0.1982782301"
"Dec-2006"," 0.43399082815"," 0.43656080657","-0.1327547621"
"Dec-2006"," 0.53477045789"," 0.44878224387","-0.0808881267"
"Dec-2006"," 0.61020649016"," 0.45351905710","-0.0481905845"
"Dec-2006"," 0.65487124361"," 0.42386475433","-0.0404123766"
"Dec-2006"," 0.68708499549"," 0.40277595052","-0.0243847878"
"Dec-2006"," 0.72047241909"," 0.39119600378","-0.0016162857"
"Dec-2006"," 0.74423930791"," 0.40463260328"," 0.0339476937"
"Dec-2006"," 0.75654833306"," 0.40579468470"," 0.0382385646"
"Dec-2006"," 0.73438141206"," 0.43389085535"," 0.0750104217"
"Dec-2006"," 0.70265922141"," 0.51251416899"," 0.1505844966"
"Dec-2006"," 0.68150741345"," 0.54071820400"," 0.1353752117"
"Dec-2006"," 0.70642790651"," 0.45782177059"," 0.0660975764"
"Dec-2006"," 0.65834199835"," 0.42460119136"," 0.0834022256"
"Dec-2006"," 0.39943395178"," 0.38689317285"," 0.0683427892"
"Dec-2006"," 0.28045804484"," 0.21099387922","-0.0269884929"
"Dec-2006"," 0.28053424252"," 0.12518264191","-0.0269968111"
"Dec-2006"," 0.29360043853"," 0.18063490569","-0.0080623305"
"Dec-2006"," 0.35249188928"," 0.22178642200"," 0.0295810260"
"Dec-2006"," 0.36702253350"," 0.27510670587"," 0.0770761651"
"Jan-2007"," 0.33619894687"," 0.23419057310"," 0.0516068797"
"Jan-2007"," 0.34524328485"," 0.15963686380"," 0.0040174816"
"Jan-2007"," 0.37415335191"," 0.06846294160","-0.0441438405"
"Jan-2007"," 0.40370051521"," 0.07352334792","-0.0148559721"
"Jan-2007"," 0.40332345226"," 0.13926142098"," 0.0513418754"
"Jan-2007"," 0.40576654722"," 0.16052772830"," 0.0466265755"
"Jan-2007"," 0.46873033651"," 0.07310709835"," 0.0125678581"
"Jan-2007"," 0.46925594274"," 0.05023586092"," 0.0334713886"
"Jan-2007"," 0.47478829044","-0.05342102709","-0.0509668804"
"Jan-2007"," 0.48703439838","-0.28004299354","-0.1431433897"
"Jan-2007"," 0.47770405314","-0.31933680019","-0.1056493949"
"Jan-2007"," 0.43113714589","-0.16782624347","-0.0294284513"
"Jan-2007"," 0.43720049272","-0.05536217457"," 0.0047603134"
"Jan-2007"," 0.46916286931"," 0.02798479954"," 0.0212439807"
"Jan-2007"," 0.48672417808"," 0.07666779663"," 0.0253422762"
"Jan-2007"," 0.50171446637"," 0.08154189177"," 0.0016609273"
"Jan-2007"," 0.54045084229","-0.01358008918","-0.0623995188"
"Jan-2007"," 0.55483664856","-0.06914444500","-0.1053111096"
"Jan-2007"," 0.52072723636","-0.05869293445","-0.1401475139"
"Jan-2007"," 0.51227523721","-0.10354061072","-0.1919457781"
"Jan-2007"," 0.50608385479","-0.10375023280","-0.1995558780"
"Jan-2007"," 0.46454636121","-0.04304085851","-0.1730924097"
"Jan-2007"," 0.49000298951","-0.08826573709","-0.2372978352"
"Jan-2007"," 0.50495442689","-0.15555325205","-0.2902427067"
"Jan-2007"," 0.47466865605","-0.14751456804","-0.3027040374"
"Jan-2007"," 0.45927004799","-0.20993215681","-0.4086524945"
"Jan-2007"," 0.45916728934","-0.25584638085","-0.3662219773"
"Jan-2007"," 0.39066392514","-0.13977516799","-0.2561281156"
"Jan-2007"," 0.35630713646","-0.22731687378","-0.3478092684"
"Jan-2007"," 0.37672407890","-0.31703166186","-0.3303023866"
"Jan-2007"," 0.32151532031","-0.22815688878","-0.2484090275"
"Feb-2007"," 0.28212930139","-0.16379633228","-0.1852809048"
"Feb-2007"," 0.24535755624","-0.05041973206","-0.1017466775"
"Feb-2007"," 0.23947268880","-0.05979635692","-0.1691274482"
"Feb-2007"," 0.25070643519","-0.14431463113","-0.2218833149"
"Feb-2007"," 0.23120415839","-0.14217795380","-0.2222532903"
"Feb-2007"," 0.21114116646","-0.12932148489","-0.2045249021"
"Feb-2007"," 0.20405015984","-0.08733905481","-0.1149369224"
"Feb-2007"," 0.19000634431","-0.00825322208","-0.0833271923"
"Feb-2007"," 0.18406773127"," 0.02224362055","-0.0876568138"
"Feb-2007"," 0.17882817783"," 0.01421867646","-0.1057569628"
"Feb-2007"," 0.17778276182","-0.02993407616","-0.1327885005"
"Feb-2007"," 0.18483777907","-0.05217327658","-0.1291821531"
"Feb-2007"," 0.17789267431"," 0.01608290380","-0.0912625932"
"Feb-2007"," 0.14467235733"," 0.05064606257","-0.1093112102"
"Feb-2007"," 0.14867491831","-0.07490300442","-0.1915949547"
"Feb-2007"," 0.11874676661","-0.22131534064","-0.2545369535"
"Feb-2007"," 0.05386431464","-0.34916085574","-0.3150629128"
"Feb-2007","-0.07969495490","-0.44062942321","-0.3086404835"
"Feb-2007","-0.13806883373","-0.54727797655","-0.4237094557"
"Feb-2007","-0.16910454823","-0.50479450859","-0.3656607654"
"Feb-2007","-0.22473028458","-0.38796971314","-0.3411010596"
"Feb-2007","-0.23220136244","-0.35597956271","-0.3665146142"
"Feb-2007","-0.20851378964","-0.34229887385","-0.4157252415"
"Feb-2007","-0.19955283988","-0.31704692846","-0.4498300537"
"Feb-2007","-0.21595353730","-0.22970615453","-0.4556411999"
"Feb-2007","-0.22433513523","-0.19423639492","-0.5055890594"
"Feb-2007","-0.19018716562","-0.22795448897","-0.5709486395"
"Feb-2007","-0.16975690601","-0.24265445788","-0.6188291325"
"Mar-2007","-0.16930496610","-0.22459266744","-0.6444024363"
"Mar-2007","-0.18836253020","-0.17937319089","-0.6354256427"
"Mar-2007","-0.15650771818","-0.17513571273","-0.6568969585"
"Mar-2007","-0.11967760494","-0.18382939237","-0.6704038208"
"Mar-2007","-0.11327780702","-0.22473270909","-0.7052281739"
"Mar-2007","-0.10286671674","-0.28310371085","-0.7125456371"
"Mar-2007","-0.12230009646","-0.25250593255","-0.6665289389"
"Mar-2007","-0.14392996506","-0.18503979843","-0.6150499702"
"Mar-2007","-0.13475564713","-0.16771978833","-0.6134954080"
"Mar-2007","-0.12099662822","-0.13332591261","-0.6008243785"
"Mar-2007","-0.11922298692","-0.08307562344","-0.6151987232"
"Mar-2007","-0.10796807247","-0.04850853059","-0.6227169989"
"Mar-2007","-0.09740616435"," 0.00511367954","-0.6095550358"
"Mar-2007","-0.08107770248"," 0.07422349742","-0.5791097261"
"Mar-2007","-0.05017945197"," 0.15025466076","-0.5379966834"
"Mar-2007","-0.01895773737"," 0.17521900700","-0.5448894335"
"Mar-2007"," 0.01610236652"," 0.06796824522","-0.6406647431"
"Mar-2007"," 0.03912624543","-0.10914996853","-0.7217484817"
"Mar-2007","-0.00806565154","-0.11795756045","-0.6760465750"
"Mar-2007","-0.04453730184","-0.00618923723","-0.5921643647"
"Mar-2007","-0.01972070469"," 0.10216077806","-0.5525538247"
"Mar-2007"," 0.02013596421"," 0.21738522339","-0.4892251736"
"Mar-2007"," 0.05487550223"," 0.29534678887","-0.4598055943"
"Mar-2007"," 0.08451911411"," 0.30956263058","-0.4180393936"
"Mar-2007"," 0.09013213523"," 0.34363367655","-0.3806123498"
"Mar-2007"," 0.09285811912"," 0.38162072143","-0.3431177463"
"Mar-2007"," 0.09497199021"," 0.44620510970","-0.2807705566"
"Mar-2007"," 0.09786207242"," 0.49328347028","-0.2472407523"
"Mar-2007"," 0.11337980126"," 0.48888563416","-0.2422130143"
"Mar-2007"," 0.11430180418"," 0.48081242416","-0.2363812147"
"Mar-2007"," 0.11359570080"," 0.50074889367","-0.2044361209"
"Apr-2007"," 0.11205854011"," 0.55324501631","-0.1496761868"
"Apr-2007"," 0.11441131312"," 0.61671811394","-0.0968001328"
"Apr-2007"," 0.13387815084"," 0.64530586893","-0.0837806334"
"Apr-2007"," 0.15242962589"," 0.63561175762","-0.0776653266"
"Apr-2007"," 0.16269364033"," 0.59295060998","-0.0525967119"
"Apr-2007"," 0.18359033099"," 0.54326042868","-0.0121694911"
"Apr-2007"," 0.17421911708"," 0.45914037772"," 0.0089651625"
"Apr-2007"," 0.15635958446"," 0.37275036033"," 0.0420183972"
"Apr-2007"," 0.13109706397"," 0.41202062118"," 0.1137783330"
"Apr-2007"," 0.10976024642"," 0.51708426715"," 0.1783266695"
"Apr-2007"," 0.09929471351"," 0.59383131633"," 0.2208666618"
"Apr-2007"," 0.10213332468"," 0.59353009468"," 0.2624693802"
"Apr-2007"," 0.13619860313"," 0.54912849656"," 0.3097404972"
"Apr-2007"," 0.14697593386"," 0.56259163645"," 0.3940667349"
"Apr-2007"," 0.10071605519"," 0.63315136977"," 0.5087551818"
"Apr-2007"," 0.09648453431"," 0.55492780604"," 0.5738816911"
"Apr-2007"," 0.11272729673"," 0.43935363827"," 0.6932593067"
"Apr-2007"," 0.05343453332"," 0.49286475457"," 0.8351941027"
"Apr-2007","-0.00273357496"," 0.55986701908"," 0.9130002843"
"Apr-2007"," 0.02161295918"," 0.58901018453"," 0.9419660168"
"Apr-2007"," 0.04709464430"," 0.65004743829"," 0.9494823854"
"Apr-2007"," 0.07146997728"," 0.73067431629"," 0.9263523883"
"Apr-2007"," 0.09806160981"," 0.82656150593"," 0.8544848033"
"Apr-2007"," 0.14441522226"," 0.89674174695"," 0.7634422416"
"Apr-2007"," 0.21335258673"," 0.91186219310"," 0.6496774348"
"Apr-2007"," 0.25572264175"," 0.88596188719"," 0.5400465090"
"Apr-2007"," 0.27954903594"," 0.80969749727"," 0.4192620697"
"Apr-2007"," 0.30941390357"," 0.69058400444"," 0.2829394739"
"Apr-2007"," 0.31074066768"," 0.55194348042"," 0.1789194498"
"Apr-2007"," 0.28534193054"," 0.41835772582"," 0.1129205078"
"May-2007"," 0.25302934546"," 0.34608161625"," 0.0949713029"
"May-2007"," 0.22312342573"," 0.36343685696"," 0.1084986157"
"May-2007"," 0.21274186802"," 0.40323434378"," 0.1296448336"
"May-2007"," 0.21407347473"," 0.43949115505"," 0.1581910875"
"May-2007"," 0.21823782280"," 0.49285318719"," 0.1944220208"
"May-2007"," 0.24193482401"," 0.55541997756"," 0.2242349070"
"May-2007"," 0.26659421988"," 0.60531067971"," 0.2260730576"
"May-2007"," 0.30428543659"," 0.59977154822"," 0.2246990197"
"May-2007"," 0.33260657667"," 0.58404243470"," 0.2433079965"
"May-2007"," 0.32377336900"," 0.60592827217"," 0.2532021003"
"May-2007"," 0.31097648794"," 0.63847629919"," 0.2767626939"
"May-2007"," 0.31799015961"," 0.68274237693"," 0.3287803141"
"May-2007"," 0.34555559628"," 0.74355121895"," 0.4209988199"
"May-2007"," 0.38012645017"," 0.81743977448"," 0.5347909751"
"May-2007"," 0.43315904414"," 0.90483274841"," 0.6431696733"
"May-2007"," 0.50118871339"," 0.99619362768"," 0.7519780348"
"May-2007"," 0.54643700091"," 1.03038469257"," 0.8012261141"
"May-2007"," 0.58764534400"," 1.01256070870"," 0.8200978636"
"May-2007"," 0.60959574179"," 1.00313646380"," 0.8213983771"
"May-2007"," 0.59173118314"," 1.05331770098"," 0.8184623920"
"May-2007"," 0.57751681247"," 1.12278258462"," 0.8473031899"
"May-2007"," 0.59142011904"," 1.20714731211"," 0.8709540254"
"May-2007"," 0.63546498217"," 1.29295508509"," 0.8717908727"
"May-2007"," 0.71740723966"," 1.36327489801"," 0.8936589037"
"May-2007"," 0.82122905347"," 1.42265754653"," 0.9196750175"
"May-2007"," 0.91785090202"," 1.45601440947"," 0.9261832659"
"May-2007"," 0.98493167720"," 1.46806750321"," 0.9314087327"
"May-2007"," 1.02349775479"," 1.46971277235"," 0.9332730956"
"May-2007"," 1.05405317077"," 1.46795963885"," 0.9553426290"
"May-2007"," 1.07739321319"," 1.47341662431"," 0.9874919031"
"May-2007"," 1.09748023472"," 1.48241845428"," 1.0256754935"
"Jun-2007"," 1.12679726415"," 1.48309247442"," 1.0747709245"
"Jun-2007"," 1.16002238706"," 1.52065575387"," 1.1549666897"
"Jun-2007"," 1.17832402763"," 1.50004555780"," 0.9830142996"
"Jun-2007"," 1.15471562411"," 1.20926414287"," 0.8813038425"
"Jun-2007"," 1.05275388479"," 1.06503821784"," 0.8942171130"
"Jun-2007"," 0.95128700848"," 1.00949353244"," 0.8941455768"
"Jun-2007"," 0.90254364312"," 0.95039302233"," 0.8990586866"
"Jun-2007"," 0.85251357521"," 0.90121286272"," 0.9091782328"
"Jun-2007"," 0.80380256727"," 0.81578511051"," 0.8982700035"
"Jun-2007"," 0.75063973653"," 0.70007442415"," 0.8720006120"
"Jun-2007"," 0.68021488478"," 0.62882434717"," 0.8589920681"
"Jun-2007"," 0.60242523571"," 0.57912201131"," 0.8597891100"
"Jun-2007"," 0.52223941360"," 0.53999173338"," 0.8647862940"
"Jun-2007"," 0.45697806436"," 0.53467561161"," 0.8540939311"
"Jun-2007"," 0.45159011438"," 0.52704225568"," 0.8441591291"
"Jun-2007"," 0.47155232873"," 0.52172813031"," 0.8490358419"
"Jun-2007"," 0.48531259498"," 0.51251579749"," 0.8249316059"
"Jun-2007"," 0.49621939206"," 0.48769307827"," 0.8233225902"
"Jun-2007"," 0.47533880675"," 0.46902813991"," 0.8507301492"
"Jun-2007"," 0.43722085368"," 0.42079069251"," 0.8708792837"
"Jun-2007"," 0.40876213955"," 0.36247999379"," 0.8798946249"
"Jun-2007"," 0.38078522808"," 0.33251149277"," 0.8830382799"
"Jun-2007"," 0.35417180382"," 0.33462057279"," 0.9035402260"
"Jun-2007"," 0.32989427682"," 0.34933839187"," 0.9229959913"
"Jun-2007"," 0.31880111276"," 0.36189827783"," 0.9324108475"
"Jun-2007"," 0.31878214588"," 0.37460642590"," 0.9321667806"
"Jun-2007"," 0.33818529600"," 0.42068752556"," 0.9216310425"
"Jun-2007"," 0.37517228033"," 0.50910535772"," 0.8947548312"
"Jun-2007"," 0.43300782275"," 0.55325370653"," 0.8280385393"
"Jun-2007"," 0.48486171897"," 0.50613119026"," 0.7320863168"
"Jul-2007"," 0.50701880801"," 0.40784373967"," 0.6371304879"
"Jul-2007"," 0.50396899317"," 0.31747759646"," 0.5625836851"
"Jul-2007"," 0.49865188465"," 0.27309825234"," 0.5088912750"
"Jul-2007"," 0.50092508483"," 0.24921343048"," 0.4520415761"
"Jul-2007"," 0.51115230280"," 0.25546416142"," 0.3666052093"
"Jul-2007"," 0.51892644712"," 0.21355765329"," 0.2494269551"
"Jul-2007"," 0.50585797655"," 0.16020965468"," 0.1304834256"
"Jul-2007"," 0.45714726210"," 0.14314418568"," 0.0179192739"
"Jul-2007"," 0.40940815059"," 0.13305754674","-0.0985425637"
"Jul-2007"," 0.39374198852"," 0.13546749611","-0.2113619814"
"Jul-2007"," 0.38652646822"," 0.15153306189","-0.2960047149"
"Jul-2007"," 0.37952699419"," 0.13328930539","-0.3557304675"
"Jul-2007"," 0.37272709425"," 0.08381138847","-0.4002651946"
"Jul-2007"," 0.35540923651"," 0.05631073243","-0.4154103688"
"Jul-2007"," 0.32834486287"," 0.04135862985","-0.4121537897"
"Jul-2007"," 0.29754089644"," 0.03200942613","-0.4100805396"
"Jul-2007"," 0.26702381777"," 0.02184328347","-0.3756265271"
"Jul-2007"," 0.24067827769"," 0.04103204216","-0.3200808314"
"Jul-2007"," 0.26804006808"," 0.08868213670","-0.2636921208"
"Jul-2007"," 0.27722087951"," 0.11282314376","-0.2219032379"
"Jul-2007"," 0.27724285467"," 0.10969818932","-0.1797332617"
"Jul-2007"," 0.28027579377"," 0.11954954655","-0.1392704149"
"Jul-2007"," 0.27792067283"," 0.16869705914","-0.0963910823"
"Jul-2007"," 0.28837424597"," 0.25064026989","-0.0490917242"
"Jul-2007"," 0.32087118027"," 0.26969773587"," 0.0147515977"
"Jul-2007"," 0.36333595962"," 0.28788506469"," 0.1100748863"
"Jul-2007"," 0.42752544194"," 0.33121682684"," 0.2062225247"
"Jul-2007"," 0.47316939242"," 0.36240941515"," 0.2881375516"
"Jul-2007"," 0.50226689037"," 0.37619491505"," 0.3608439720"
"Jul-2007"," 0.52052590133"," 0.38654161456"," 0.4316222029"
"Jul-2007"," 0.53138625341"," 0.39291741414"," 0.4795630330"
"Aug-2007"," 0.53814788943"," 0.36531177091"," 0.4946969270"
"Aug-2007"," 0.53551406181"," 0.35123415059"," 0.4959824679"
"Aug-2007"," 0.53580502175"," 0.35281400824"," 0.4960028372"
"Aug-2007"," 0.54157432699"," 0.29478133770"," 0.4978423674"
"Aug-2007"," 0.52507710761"," 0.23050069594"," 0.5047941156"
"Aug-2007"," 0.47702942670"," 0.16785504774"," 0.5014171059"
"Aug-2007"," 0.41671516681"," 0.11737059250"," 0.4900240294"
"Aug-2007"," 0.34907859248"," 0.11925842434"," 0.4864113115"
"Aug-2007"," 0.29550659818"," 0.16246470683"," 0.4941166442"
"Aug-2007"," 0.26449586714"," 0.19071489394"," 0.4960947427"
"Aug-2007"," 0.24699270633"," 0.20320572791"," 0.5157761127"
"Aug-2007"," 0.22339809690"," 0.23061407977"," 0.5242080873"
"Aug-2007"," 0.20805015277"," 0.24038346713"," 0.5243349290"
"Aug-2007"," 0.22143541051"," 0.25058296144"," 0.5428682310"
"Aug-2007"," 0.25250509662"," 0.26707088343"," 0.5491523760"
"Aug-2007"," 0.31392530510"," 0.28881485901"," 0.5535477718"
"Aug-2007"," 0.32409272422"," 0.29262839558"," 0.5541748391"
"Aug-2007"," 0.31494900275"," 0.27446402537"," 0.5383752085"
"Aug-2007"," 0.31467407478"," 0.24596816353"," 0.5233179632"
"Aug-2007"," 0.34086421121"," 0.29098623848"," 0.5261233735"
"Aug-2007"," 0.38731548289"," 0.33856857283"," 0.5536125722"
"Aug-2007"," 0.47128363745"," 0.39760977809"," 0.5527324300"
"Aug-2007"," 0.54677092064"," 0.32597251678"," 0.4981454324"
"Aug-2007"," 0.52794081229"," 0.18890738787"," 0.4420227405"
"Aug-2007"," 0.44433768754"," 0.07486093646"," 0.3913868679"
"Aug-2007"," 0.33750259854","-0.03073850826"," 0.3721659586"
"Aug-2007"," 0.24946775516","-0.06740428810"," 0.3713558106"
"Aug-2007"," 0.17612064721","-0.04738396975"," 0.3563308642"
"Aug-2007"," 0.13964984070","-0.09519013587"," 0.2986917113"
"Aug-2007"," 0.11291058204","-0.21824910387"," 0.2068957680"
"Aug-2007"," 0.07536743169","-0.32747841628"," 0.1251913325"
"Sep-2007","-0.00308506748","-0.42806419395"," 0.0593532758"
"Sep-2007","-0.10691913456","-0.48887432776","-0.0141931163"
"Sep-2007","-0.19803486619","-0.52947507233","-0.0771094708"
"Sep-2007","-0.26177391274","-0.55088206719","-0.1441063078"
"Sep-2007","-0.30526723234","-0.55956840712","-0.2173064210"
"Sep-2007","-0.32477116003","-0.52468928856","-0.2576350818"
"Sep-2007","-0.32942483146","-0.42553035030","-0.2740690430"
"Sep-2007","-0.29742903356","-0.36800840605","-0.2681646117"
"Sep-2007","-0.21585371357","-0.31175270838","-0.2391377305"
"Sep-2007","-0.11758567232","-0.23312763321","-0.2110598903"
"Sep-2007","-0.05666982865","-0.18574946021","-0.1555770879"
"Sep-2007","-0.04909760635","-0.16545534136","-0.0975359855"
"Sep-2007","-0.06532580426","-0.19879635052","-0.0439774368"
"Sep-2007","-0.11049250120","-0.21076958823"," 0.0067793535"
"Sep-2007","-0.13701787807","-0.29108491027"," 0.0267586353"
"Sep-2007","-0.12358705581","-0.38929121304"," 0.0282637755"
"Sep-2007","-0.10877572384","-0.45070425990"," 0.0382208133"
"Sep-2007","-0.12757681323","-0.34891512229"," 0.0430983781"
"Sep-2007","-0.07482233896","-0.27067447171"," 0.0300460930"
"Sep-2007"," 0.01844387680","-0.36321193567","-0.0090828459"
"Sep-2007"," 0.03646582017","-0.38844444551","-0.0050092615"
"Sep-2007"," 0.00930613522","-0.25241304120"," 0.0330418876"
"Sep-2007","-0.00982087626","-0.14532398789"," 0.1239896630"
"Sep-2007"," 0.02696539671","-0.06037460855"," 0.2342450187"
"Sep-2007"," 0.13563939214"," 0.01101451188"," 0.3451517876"
"Sep-2007"," 0.26351835767"," 0.10694985001"," 0.4721765089"
"Sep-2007"," 0.35565598933"," 0.12035180609"," 0.5324410753"
"Sep-2007"," 0.36093204575"," 0.00786266474"," 0.5790052300"
"Sep-2007"," 0.32990553955","-0.01067103962"," 0.6719440071"
"Sep-2007"," 0.30785256654"," 0.11586841833"," 0.7573859329"
"Oct-2007"," 0.36427392113"," 0.23150852605"," 0.8501989232"
"Oct-2007"," 0.45061300847"," 0.26134508847"," 0.9318630258"
"Oct-2007"," 0.48297038766"," 0.33504539514"," 1.0036274656"
"Oct-2007"," 0.50567260011"," 0.52794750601"," 1.0666562978"
"Oct-2007"," 0.55679603317"," 0.58937922509"," 1.0931728807"
"Oct-2007"," 0.58117936378"," 0.60958004156"," 1.0892933731"
"Oct-2007"," 0.64686007541"," 0.65554035897"," 1.0991996904"
"Oct-2007"," 0.77080005751"," 0.70708742789"," 1.1147063190"
"Oct-2007"," 0.86533393557"," 0.71928825529"," 1.1274031145"
"Oct-2007"," 0.91474869897"," 0.61367994421"," 1.1147528601"
"Oct-2007"," 0.88661462291"," 0.47680735054"," 1.0664407155"
"Oct-2007"," 0.81856217140"," 0.34409425796"," 0.9993047016"
"Oct-2007"," 0.74988447336"," 0.24142453144"," 0.9832752869"
"Oct-2007"," 0.65415582890"," 0.22141589790"," 0.9957008699"
"Oct-2007"," 0.58999903417"," 0.26407481427"," 1.0201043161"
"Oct-2007"," 0.57820504957"," 0.36670690277"," 1.0397160976"
"Oct-2007"," 0.62089732136"," 0.40431122587"," 1.0272242939"
"Oct-2007"," 0.60452942159"," 0.36626669639"," 1.0348451467"
"Oct-2007"," 0.52760238014"," 0.28513102977"," 1.0637748880"
"Oct-2007"," 0.49298621852"," 0.16993465149"," 1.0642260567"
"Oct-2007"," 0.52176480148"," 0.09682657125"," 1.0287133253"
"Oct-2007"," 0.48773136685"," 0.14847187483"," 0.9899524548"
"Oct-2007"," 0.30470142382"," 0.12127725530"," 0.9210548579"
"Oct-2007"," 0.02882543452","-0.03913431315"," 0.8152188786"
"Oct-2007","-0.13563997310","-0.31596945920"," 0.6530629250"
"Oct-2007","-0.21668407383","-0.48072543068"," 0.5447956090"
"Oct-2007","-0.29458499280","-0.54788605675"," 0.4546400469"
"Oct-2007","-0.27007094849","-0.60696196416"," 0.3237324501"
"Oct-2007","-0.17503729143","-0.63432915493"," 0.1766778889"
"Oct-2007","-0.09384053854","-0.59707062019"," 0.0479140234"
"Oct-2007","-0.00776434603","-0.58136311477","-0.0791037593"
"Nov-2007"," 0.05418124856","-0.61885282097","-0.1357315053"
"Nov-2007"," 0.04435596692","-0.76216774134","-0.1877975331"
"Nov-2007","-0.02468789820","-0.84103473331","-0.1356090864"
"Nov-2007","-0.13115766390","-0.75233264890","-0.0391196326"
"Nov-2007","-0.20428681787","-0.65924705549"," 0.0275556771"
"Nov-2007","-0.23189924983","-0.53917746283"," 0.1028291216"
"Nov-2007","-0.21968935138","-0.47153153520"," 0.1330185566"
"Nov-2007","-0.13208711417","-0.51940487433"," 0.1124209720"
"Nov-2007","-0.14127386879","-0.51823386782"," 0.1256322354"
"Nov-2007","-0.18244336097","-0.49236380151"," 0.1520589416"
"Nov-2007","-0.19927582078","-0.43596136838"," 0.1583468197"
"Nov-2007","-0.17203564584","-0.37088069836"," 0.1666648152"
"Nov-2007","-0.11363568297","-0.30126144597"," 0.1989169910"
"Nov-2007","-0.08814713749","-0.29006938815"," 0.2218022719"
"Nov-2007","-0.09394186641","-0.36273567664"," 0.2125499241"
"Nov-2007","-0.03000401619","-0.57861683058"," 0.1470030841"
"Nov-2007","-0.00689381415","-0.74170028792"," 0.1718437814"
"Nov-2007","-0.09961211834","-0.61534907883"," 0.2279820139"
"Nov-2007","-0.14807538294","-0.55475073966"," 0.1823099715"
"Nov-2007","-0.12570811744","-0.57084648632"," 0.1235754187"
"Nov-2007","-0.09888642441","-0.58313967662"," 0.1185481676"
"Nov-2007","-0.12343755868","-0.55854237454"," 0.1390703208"
"Nov-2007","-0.09902748367","-0.65583086140"," 0.0743951831"
"Nov-2007"," 0.03352507402","-0.87153697796","-0.0620031688"
"Nov-2007"," 0.03774859727","-0.91510396310","-0.0862415502"
"Nov-2007","-0.07331797592","-0.93587457585","-0.0890459461"
"Nov-2007","-0.16038444477","-1.03839480719","-0.1091521508"
"Nov-2007","-0.14958877083","-1.17385829419","-0.1986061067"
"Nov-2007","-0.15599212734","-1.22904491923","-0.2540877324"
"Nov-2007","-0.19440654330","-1.27609080894","-0.3184894664"
"Dec-2007","-0.20469759563","-1.34558610833","-0.3773121511"
"Dec-2007","-0.22307198536","-1.33765100228","-0.3762241360"
"Dec-2007","-0.28905649717","-1.27785022523","-0.3552053686"
"Dec-2007","-0.30436481997","-1.32729437949","-0.3964314571"
"Dec-2007","-0.32109598859","-1.38616859169","-0.4350520551"
"Dec-2007","-0.42118195164","-1.35913779446","-0.4503992997"
"Dec-2007","-0.48202035030","-1.24467339067","-0.4282776662"
"Dec-2007","-0.52418697917","-1.08600403423","-0.3979901987"
"Dec-2007","-0.50735789451","-0.95645464976","-0.3534534428"
"Dec-2007","-0.44925105607","-0.80810463040","-0.2876510122"
"Dec-2007","-0.36093530482","-0.67335092260","-0.2351648566"
"Dec-2007","-0.27878433834","-0.57563326829","-0.1845923643"
"Dec-2007","-0.20540292860","-0.51047227249","-0.1509094653"
"Dec-2007","-0.14807237465","-0.47174720521","-0.1236941977"
"Dec-2007","-0.07676587503","-0.41601638480","-0.0923651345"
"Dec-2007","-0.14966628922","-0.30927523369","-0.0391084335"
"Dec-2007","-0.16340039806","-0.46560850759","-0.2392041135"
"Dec-2007","-0.09618494705","-0.68349164052","-0.2797846724"
"Dec-2007","-0.12675210268","-0.58410523000","-0.1807163056"
"Dec-2007","-0.14034496883","-0.48510177612","-0.1802416431"
"Dec-2007","-0.14603250005","-0.41240595265","-0.1666040437"
"Dec-2007","-0.09791100607","-0.39231423361","-0.2241125406"
"Dec-2007","-0.08553381758","-0.39822504795","-0.2102771313"
"Dec-2007","-0.06790992179","-0.38567314760","-0.2047436899"
"Dec-2007"," 0.01526786070","-0.38328686145","-0.2140453786"
"Dec-2007"," 0.08690644572","-0.31456957120","-0.1990746016"
"Dec-2007"," 0.09308164943","-0.26430830184","-0.2027820654"
"Dec-2007"," 0.14879213140","-0.23947976957","-0.1988777656"
"Dec-2007"," 0.19494906798","-0.22071559835","-0.1779869760"
"Dec-2007"," 0.26991191891","-0.22126883625","-0.1511133616"
"Dec-2007"," 0.30474640136","-0.19080933806","-0.1160175525"
"Jan-2008"," 0.31333073543","-0.27322676831","-0.1734372066"
"Jan-2008"," 0.33650216710","-0.48884574785","-0.2804911672"
"Jan-2008"," 0.30672710780","-0.89262802864","-0.4399478582"
"Jan-2008"," 0.26287972763","-0.90912047188","-0.2472285178"
"Jan-2008"," 0.21154512758","-0.58779424199","-0.0245232734"
"Jan-2008"," 0.25708257740","-0.32683071725"," 0.0579330018"
"Jan-2008"," 0.36006566645","-0.12212623709"," 0.1002546932"
"Jan-2008"," 0.45242282960"," 0.03952615318"," 0.2043930785"
"Jan-2008"," 0.52449743263"," 0.16549246793"," 0.3070360620"
"Jan-2008"," 0.61520950366"," 0.21325030940"," 0.3721877692"
"Jan-2008"," 0.68137781440"," 0.26761635499"," 0.4724175537"
"Jan-2008"," 0.73544269065"," 0.29124951291"," 0.5348144494"
"Jan-2008"," 0.77229775064"," 0.26124155362"," 0.5934282875"
"Jan-2008"," 0.76675777217"," 0.24131195407"," 0.6502780674"
"Jan-2008"," 0.76880942310"," 0.18925480473"," 0.6775066035"
"Jan-2008"," 0.76037239200"," 0.22703075959"," 0.7181464444"
"Jan-2008"," 0.72705925839"," 0.45999147477"," 0.8028525176"
"Jan-2008"," 0.73513999106"," 0.51681661641"," 0.7362764172"
"Jan-2008"," 0.82127249721"," 0.41852341149"," 0.6909273627"
"Jan-2008"," 0.82372725844"," 0.32409236136"," 0.6567171331"
"Jan-2008"," 0.83233003876"," 0.10534695944"," 0.5428356692"
"Jan-2008"," 0.79081675821"," 0.17039480628"," 0.6374378750"
"Jan-2008"," 0.76491875568"," 0.30043336767"," 0.6887390380"
"Jan-2008"," 0.81932775048"," 0.28854421366"," 0.6915804395"
"Jan-2008"," 0.84432638561"," 0.24939062482"," 0.7246404505"
"Jan-2008"," 0.83288055506"," 0.23880993539"," 0.7933698989"
"Jan-2008"," 0.76286266569"," 0.30151060206"," 0.8940786063"
"Jan-2008"," 0.76880832251"," 0.25884487444"," 0.9280826268"
"Jan-2008"," 0.79104949681"," 0.27525599372"," 1.0551398497"
"Jan-2008"," 0.73447020722"," 0.42501365180"," 1.1500006082"
"Jan-2008"," 0.73409186025"," 0.46262701742"," 1.1584071820"
"Feb-2008"," 0.68462111339"," 0.49671127487"," 1.1688823395"
"Feb-2008"," 0.65351521779"," 0.47366529366"," 1.1070779401"
"Feb-2008"," 0.66993902765"," 0.41785790540"," 1.0687016931"
"Feb-2008"," 0.66415222299"," 0.41643523496"," 1.0404124093"
"Feb-2008"," 0.66269349785"," 0.41541348876"," 1.0257711532"
"Feb-2008"," 0.66289076069"," 0.46050719207"," 0.9934174958"
"Feb-2008"," 0.65174286051"," 0.41124799847"," 0.8950833181"
"Feb-2008"," 0.67265055709"," 0.29204490248"," 0.8320082288"
"Feb-2008"," 0.65041415202"," 0.23853155491"," 0.8063747908"
"Feb-2008"," 0.61762985305"," 0.21670061846"," 0.7861683625"
"Feb-2008"," 0.60988105905"," 0.16070474649"," 0.7838604997"
"Feb-2008"," 0.59774966951"," 0.22861044109"," 0.8437472188"
"Feb-2008"," 0.55327799666"," 0.34507424029"," 0.8812101728"
"Feb-2008"," 0.52392692223"," 0.24374961817"," 0.8007953357"
"Feb-2008"," 0.52891495363"," 0.11068621597"," 0.7702325980"
"Feb-2008"," 0.49840811046"," 0.10293254753"," 0.7410794432"
"Feb-2008"," 0.46801712298"," 0.09330314309"," 0.7392186510"
"Feb-2008"," 0.41604366574"," 0.16463871300"," 0.7380849875"
"Feb-2008"," 0.42057645545"," 0.10861988241"," 0.6649983258"
"Feb-2008"," 0.44662538588","-0.03229448341"," 0.6094552270"
"Feb-2008"," 0.40625507052","-0.03154078339"," 0.6004215859"
"Feb-2008"," 0.34523323980"," 0.00228047761"," 0.5762988471"
"Feb-2008"," 0.31843664028","-0.03691239336"," 0.5345171057"
"Feb-2008"," 0.32619541298","-0.10773271571"," 0.5102674845"
"Feb-2008"," 0.29730079090","-0.15845961621"," 0.5041657709"
"Feb-2008"," 0.24844347754","-0.17008718299"," 0.4993228177"
"Feb-2008"," 0.18992575128","-0.20988766441"," 0.4797537225"
"Feb-2008"," 0.17681127595","-0.40977976170"," 0.3871927927"
"Feb-2008"," 0.12994852947","-0.45120871901"," 0.3822953048"
"Mar-2008"," 0.05727967993","-0.32411825444"," 0.3890198659"
"Mar-2008"," 0.03684523807","-0.25777803167"," 0.3549912156"
"Mar-2008"," 0.04543084914","-0.15506655688"," 0.3385639495"
"Mar-2008","-0.00220073448","-0.00273636019"," 0.3348463822"
"Mar-2008","-0.06855827373","-0.00114769489"," 0.2700153095"
"Mar-2008","-0.01851477860","-0.09671246580"," 0.1840005669"
"Mar-2008"," 0.00820635697","-0.08594681571"," 0.1461240179"
"Mar-2008","-0.10066754272","-0.10061020351"," 0.0948943911"
"Mar-2008","-0.14622803161","-0.33498848070","-0.0501162973"
"Mar-2008","-0.14816503751","-0.39682347274","-0.0806566368"
"Mar-2008","-0.18390156547","-0.31392474934","-0.0979966280"
"Mar-2008","-0.20561320809","-0.28740685096","-0.1359772148"
"Mar-2008","-0.17058260008","-0.28828808577","-0.1946182796"
"Mar-2008","-0.14811169546","-0.27978517985","-0.2171354922"
"Mar-2008","-0.17536445384","-0.20550292234","-0.2209484952"
"Mar-2008","-0.18862750914","-0.18163260374","-0.2438797492"
"Mar-2008","-0.12028167639","-0.18189653967","-0.2813020456"
"Mar-2008","-0.06115778053","-0.08536586308","-0.2664565279"
"Mar-2008","-0.03936440058"," 0.12271112523","-0.2163457542"
"Mar-2008","-0.02956835802"," 0.20639830952","-0.2323500926"
"Mar-2008"," 0.09158477745"," 0.10611169838","-0.2955267446"
"Mar-2008"," 0.14603009179"," 0.09334125086","-0.2860558930"
"Mar-2008"," 0.14855995012"," 0.09515204511","-0.3158161517"
"Mar-2008"," 0.17796711807","-0.00956927684","-0.3749739973"
"Mar-2008"," 0.19519791895","-0.16722816087","-0.4562116827"
"Mar-2008"," 0.14231551915","-0.21473486686","-0.4344073565"
"Mar-2008"," 0.08601684393","-0.12342888862","-0.4359853313"
"Mar-2008"," 0.07256367964","-0.08664514497","-0.4824790860"
"Mar-2008"," 0.08677137337","-0.06921263181","-0.5198641738"
"Mar-2008"," 0.10462334859","-0.09895254494","-0.5406122157"
"Mar-2008"," 0.11737308760","-0.12843398289","-0.5461390026"
"Apr-2008"," 0.11265323388","-0.10361185085","-0.4941333120"
"Apr-2008"," 0.10491794048","-0.07357858423","-0.4543762507"
"Apr-2008"," 0.12308321766","-0.09757085943","-0.4532675417"
"Apr-2008"," 0.13795860411","-0.09204764044","-0.4376577680"
"Apr-2008"," 0.11714471469","-0.02895303692","-0.4231245261"
"Apr-2008"," 0.10163428644","-0.01191246421","-0.4194132075"
"Apr-2008"," 0.11252167641","-0.03460308608","-0.4230464571"
"Apr-2008"," 0.12542010545","-0.07373923578","-0.4284877496"
"Apr-2008"," 0.11539440594","-0.07238232912","-0.3896740486"
"Apr-2008"," 0.10647729645","-0.01387856670","-0.3336983244"
"Apr-2008"," 0.10515852997"," 0.05091086367","-0.2746387954"
"Apr-2008"," 0.09833768209"," 0.09419911603","-0.2174361632"
"Apr-2008"," 0.11539708405"," 0.09142834657","-0.1831852761"
"Apr-2008"," 0.12726785331"," 0.01236793860","-0.1813494789"
"Apr-2008"," 0.13389103480","-0.10759525764","-0.1641665995"
"Apr-2008"," 0.13013504320","-0.17532609102","-0.1202762659"
"Apr-2008"," 0.09260737451","-0.12963740155","-0.0010726823"
"Apr-2008"," 0.08133022809","-0.00634350415"," 0.1084977441"
"Apr-2008"," 0.07586567688"," 0.10524614120"," 0.1960857952"
"Apr-2008"," 0.10451200533"," 0.17301296851"," 0.2509124369"
"Apr-2008"," 0.14100353966"," 0.19202927340"," 0.2990464511"
"Apr-2008"," 0.15925499322"," 0.20993440509"," 0.3612509742"
"Apr-2008"," 0.17052634319"," 0.22890943147"," 0.4331765834"
"Apr-2008"," 0.19121197691"," 0.26742546384"," 0.5032485824"
"Apr-2008"," 0.22393798117"," 0.33720988904"," 0.5777959126"
"Apr-2008"," 0.25199197080"," 0.42920033917"," 0.6469729590"
"Apr-2008"," 0.26933991139"," 0.49513558617"," 0.6895823369"
"Apr-2008"," 0.27635310613"," 0.54434569180"," 0.7348791695"
"Apr-2008"," 0.27603301718"," 0.53436862003"," 0.7285081504"
"Apr-2008"," 0.29264528514"," 0.44548850364"," 0.6928999428"
"May-2008"," 0.29285916693"," 0.44194001864"," 0.7483693955"
"May-2008"," 0.28610714276"," 0.55908400335"," 0.8580315652"
"May-2008"," 0.30624501165"," 0.66518847875"," 0.9460196182"
"May-2008"," 0.33976524006"," 0.70797463630"," 0.9866867265"
"May-2008"," 0.38133024845"," 0.70527057012"," 0.9914291315"
"May-2008"," 0.40898721772"," 0.66993034170"," 0.9712229871"
"May-2008"," 0.41461916903"," 0.61457725206"," 0.9532022461"
"May-2008"," 0.40293553716"," 0.59330636476"," 0.9508180591"
"May-2008"," 0.37731422355"," 0.57946713818"," 0.9295799358"
"May-2008"," 0.37044590345"," 0.49524456617"," 0.8516213493"
"May-2008"," 0.35162790162"," 0.38391856317"," 0.7895959304"
"May-2008"," 0.30279395751"," 0.26129856847"," 0.7295731587"
"May-2008"," 0.28119057649"," 0.11860065339"," 0.6313247188"
"May-2008"," 0.23769307464"," 0.05117855753"," 0.5879709673"
"May-2008"," 0.19487548207"," 0.11625476501"," 0.6231238268"
"May-2008"," 0.16091446641"," 0.20118018754"," 0.6354350249"
"May-2008"," 0.17333714606"," 0.19357360686"," 0.5793430494"
"May-2008"," 0.19922337225"," 0.12035114460"," 0.5090273892"
"May-2008"," 0.18236849704"," 0.06812001481"," 0.4725998228"
"May-2008"," 0.16460691715"," 0.05274344218"," 0.4400987514"
"May-2008"," 0.15890614213"," 0.02393972359"," 0.4035525802"
"May-2008"," 0.17015082107","-0.01376430212"," 0.3786936236"
"May-2008"," 0.18746486341","-0.01634400427"," 0.3705046610"
"May-2008"," 0.18831954677","-0.03382149516"," 0.3525071702"
"May-2008"," 0.18764374636","-0.11392373077"," 0.3048399872"
"May-2008"," 0.17235420700","-0.19299212435"," 0.2625623618"
"May-2008"," 0.15332232339","-0.14776448604"," 0.2763935511"
"May-2008"," 0.16045163063","-0.11101779324"," 0.2812472977"
"May-2008"," 0.18567665761","-0.09077628543"," 0.2892888463"
"May-2008"," 0.20942105766","-0.08522740681"," 0.3008232502"
"May-2008"," 0.22875021128","-0.06440535738"," 0.3278248426"
"Jun-2008"," 0.24779376117","-0.05295623360"," 0.3529158961"
"Jun-2008"," 0.26982541937","-0.07920314993"," 0.3719814789"
"Jun-2008"," 0.28105230540","-0.10410343519"," 0.3937059508"
"Jun-2008"," 0.28361701582","-0.10132509115"," 0.4234386581"
"Jun-2008"," 0.29617415117","-0.07051111439"," 0.4516673207"
"Jun-2008"," 0.32951054397","-0.00006394284"," 0.4901536921"
"Jun-2008"," 0.35801302498"," 0.05761137196"," 0.5200867249"
"Jun-2008"," 0.39010695905"," 0.09363178589"," 0.5412413421"
"Jun-2008"," 0.42048151101"," 0.10480834224"," 0.5445669822"
"Jun-2008"," 0.43055530641"," 0.10192553947"," 0.5350037382"
"Jun-2008"," 0.43518439794"," 0.07391944173"," 0.5155226532"
"Jun-2008"," 0.45410857025"," 0.06583084769"," 0.5387385505"
"Jun-2008"," 0.47176232878"," 0.11549648500"," 0.5897522704"
"Jun-2008"," 0.48505231191"," 0.18134588677"," 0.6408085143"
"Jun-2008"," 0.50424455183"," 0.20907700966"," 0.6655054088"
"Jun-2008"," 0.52120214900"," 0.22057657192"," 0.6965380210"
"Jun-2008"," 0.52953994335"," 0.24195403180"," 0.7110802708"
"Jun-2008"," 0.53106973007"," 0.21850495377"," 0.7150322073"
"Jun-2008"," 0.53082338081"," 0.18415488143"," 0.7368069127"
"Jun-2008"," 0.52055228589"," 0.19373478687"," 0.7614285381"
"Jun-2008"," 0.51176299185"," 0.21861434479"," 0.7981856253"
"Jun-2008"," 0.51112046602"," 0.26128882134"," 0.8367389071"
"Jun-2008"," 0.52175086767"," 0.28843106471"," 0.8656200379"
"Jun-2008"," 0.55124479899"," 0.31521548260"," 0.8970671378"
"Jun-2008"," 0.58790494408"," 0.34899012177"," 0.9311100305"
"Jun-2008"," 0.63750537741"," 0.40842185826"," 0.9767542375"
"Jun-2008"," 0.68892090768"," 0.46867934135"," 1.0137934928"
"Jun-2008"," 0.74130488588"," 0.49792884450"," 1.0499420967"
"Jun-2008"," 0.79162730781"," 0.52601943697"," 1.1069314594"
"Jun-2008"," 0.82967419929"," 0.57589498996"," 1.1812064004"
"Jul-2008"," 0.85825265787"," 0.61843840866"," 1.2554301340"
"Jul-2008"," 0.90000084152"," 0.67596375853"," 1.3383004100"
"Jul-2008"," 0.94690713477"," 0.71252883758"," 1.4273664558"
"Jul-2008"," 0.98834737267"," 0.72729181055"," 1.5207951115"
"Jul-2008"," 1.02641565233"," 0.74578482356"," 1.5945558280"
"Jul-2008"," 1.07187129145"," 0.76802390654"," 1.6523938052"
"Jul-2008"," 1.11377058643"," 0.81378781334"," 1.7095638951"
"Jul-2008"," 1.16548045180"," 0.85904140486"," 1.7388490855"
"Jul-2008"," 1.21782506547"," 0.86559412078"," 1.7464946492"
"Jul-2008"," 1.25567363021"," 0.84361521580"," 1.7733347476"
"Jul-2008"," 1.28964139617"," 0.84162087011"," 1.7965559603"
"Jul-2008"," 1.31770220946"," 0.83784321003"," 1.8019345623"
"Jul-2008"," 1.34162762028"," 0.80990269993"," 1.7966726986"
"Jul-2008"," 1.35121693491"," 0.75921196952"," 1.7888274585"
"Jul-2008"," 1.34501219864"," 0.68029994109"," 1.7708408421"
"Jul-2008"," 1.33283770258"," 0.62389874103"," 1.7319982101"
"Jul-2008"," 1.30595221188"," 0.58288755995"," 1.6291779485"
"Jul-2008"," 1.29517121251"," 0.54133253580"," 1.5293538467"
"Jul-2008"," 1.28944284930"," 0.51340024617"," 1.4246324599"
"Jul-2008"," 1.27110892469"," 0.49046829467"," 1.3250430113"
"Jul-2008"," 1.26157045742"," 0.49385554095"," 1.2363854480"
"Jul-2008"," 1.29013658936"," 0.52656956283"," 1.1589912789"
"Jul-2008"," 1.34092907430"," 0.52418867871"," 1.0824138313"
"Jul-2008"," 1.31440553175"," 0.49354650985"," 1.0214242868"
"Jul-2008"," 1.24949398745"," 0.45863938296"," 0.9600098670"
"Jul-2008"," 1.18359895380"," 0.41798614480"," 0.9022866398"
"Jul-2008"," 1.10703488771"," 0.39763829928"," 0.8392379658"
"Jul-2008"," 1.03425726295"," 0.39270384237"," 0.7715842378"
"Jul-2008"," 0.98149097565"," 0.39558658642"," 0.7038140151"
"Jul-2008"," 0.94557053870"," 0.39444417542"," 0.6368575111"
"Jul-2008"," 0.90414702981"," 0.35564453669"," 0.5766875688"
"Aug-2008"," 0.84788738893"," 0.27601315808"," 0.5402917331"
"Aug-2008"," 0.78878257001"," 0.20658274172"," 0.5155777153"
"Aug-2008"," 0.72952898769"," 0.18009749037"," 0.4915848615"
"Aug-2008"," 0.69182962659"," 0.20638997161"," 0.4521703461"
"Aug-2008"," 0.68317654921"," 0.20477552925"," 0.4030885488"
"Aug-2008"," 0.67382103708"," 0.14591253212"," 0.3464526469"
"Aug-2008"," 0.69882231363"," 0.08836774670"," 0.2942080425"
"Aug-2008"," 0.69728896833","-0.00033568822"," 0.2381438618"
"Aug-2008"," 0.67441139483","-0.11011248419"," 0.1799370048"
"Aug-2008"," 0.64086831079","-0.18994837645"," 0.1293358655"
"Aug-2008"," 0.59525436979","-0.23087242051"," 0.1039937254"
"Aug-2008"," 0.55070550872","-0.23769153850"," 0.0857317983"
"Aug-2008"," 0.49194198350","-0.23107482032"," 0.1072537940"
"Aug-2008"," 0.38444532843","-0.22286661839"," 0.1592989655"
"Aug-2008"," 0.31598198910","-0.19278285457"," 0.1714245267"
"Aug-2008"," 0.29950296619","-0.15182586990"," 0.1983138036"
"Aug-2008"," 0.29441734893","-0.11973642789"," 0.2134334959"
"Aug-2008"," 0.28947293768","-0.11282113035"," 0.2345231097"
"Aug-2008"," 0.29481807462","-0.07189931756"," 0.2456438375"
"Aug-2008"," 0.31265801669","-0.09857287648"," 0.1014478416"
"Aug-2008"," 0.31345440533","-0.28736909550"," 0.0325293885"
"Aug-2008"," 0.27074092880","-0.39406485785"," 0.0246567999"
"Aug-2008"," 0.21399442254","-0.55168880487"," 0.0370089396"
"Aug-2008"," 0.12458138069","-0.56113524505"," 0.0605333797"
"Aug-2008","-0.00874276563","-0.48325547328"," 0.0689645833"
"Aug-2008","-0.13912135989","-0.44909699669"," 0.0714939525"
"Aug-2008","-0.19953144468","-0.45367944117"," 0.0542288247"
"Aug-2008","-0.18855681442","-0.49045631485"," 0.0417441220"
"Aug-2008","-0.15264485203","-0.49826964044"," 0.0695776112"
"Aug-2008","-0.09837944785","-0.43921310987"," 0.1320843472"
"Aug-2008","-0.02405013458","-0.28280203506"," 0.2725130291"
"Sep-2008"," 0.12634416281"," 0.43795813850"," 0.6201247454"
"Sep-2008"," 0.36624237430"," 0.82679060669"," 0.5212476557"
"Sep-2008"," 0.54548110677"," 0.65231051917"," 0.4705145621"
"Sep-2008"," 0.61857111633"," 0.61267356645"," 0.5309661044"
"Sep-2008"," 0.65470873685"," 0.54266977204"," 0.5613404054"
"Sep-2008"," 0.66585164768"," 0.40827782381"," 0.6079984132"
"Sep-2008"," 0.63272407394"," 0.38858115726"," 0.6854601013"
"Sep-2008"," 0.59067612562"," 0.44519338863"," 0.7421806050"
"Sep-2008"," 0.59429058105"," 0.52829451185"," 0.8263848295"
"Sep-2008"," 0.63591105929"," 0.74039512855"," 1.1133762463"
"Sep-2008"," 0.81056410025"," 1.45850901412"," 1.6597835754"
"Sep-2008"," 1.48717366151"," 2.10580245991"," 1.6529750618"
"Sep-2008"," 2.25235056944"," 1.85893745898"," 1.4832875641"
"Sep-2008"," 2.10727697583"," 1.45749766096"," 1.3890242928"
"Sep-2008"," 1.90855441983"," 1.17680423547"," 1.3273075790"
"Sep-2008"," 1.74385759432"," 0.94561720497"," 1.2496632160"
"Sep-2008"," 1.60506155951"," 0.79523625881"," 1.1873781894"
"Sep-2008"," 1.44984182490"," 0.69240235768"," 1.1384763078"
"Sep-2008"," 1.30873920527"," 0.66821472879"," 1.0791174468"
"Sep-2008"," 1.21167297421"," 0.67087323005"," 1.0395148598"
"Sep-2008"," 1.20842971190"," 0.60509493539"," 0.9989936236"
"Sep-2008"," 1.25941274607"," 0.56671048931"," 0.9482984689"
"Sep-2008"," 1.30971110171"," 0.53541825711"," 0.9015483120"
"Sep-2008"," 1.39179918768"," 0.50589671500"," 0.8770707328"
"Sep-2008"," 1.47823996976"," 0.43613107946"," 0.9253181986"
"Sep-2008"," 1.45988748182"," 0.43249498769"," 1.0944263873"
"Sep-2008"," 1.33214803471"," 0.57372607663"," 1.2728197907"
"Sep-2008"," 1.23725723454"," 0.76937224042"," 1.4463649253"
"Sep-2008"," 1.23649720213"," 0.95656118063"," 1.5962177554"
"Sep-2008"," 1.28185562226"," 1.07665214652"," 1.7048432391"
"Oct-2008"," 1.31218028071"," 1.04810631594"," 1.7311575893"
"Oct-2008"," 1.28478594947"," 0.89334021668"," 1.6600030125"
"Oct-2008"," 1.19564937642"," 0.76593167849"," 1.5614508990"
"Oct-2008"," 1.03511095577"," 0.67661552468"," 1.4538605593"
"Oct-2008"," 0.91613134351"," 0.67940432046"," 1.3351118370"
"Oct-2008"," 0.85568394864"," 0.71122536400"," 1.2013010814"
"Oct-2008"," 0.79975499908"," 0.63150602632"," 1.0595598348"
"Oct-2008"," 0.71176256519"," 0.54288726229"," 0.9367825677"
"Oct-2008"," 0.62732647544"," 0.45934334912"," 0.8103021786"
"Oct-2008"," 0.61242361087"," 0.33748004905"," 0.6380583284"
"Oct-2008"," 0.62873783841"," 0.23675810510"," 0.4605589039"
"Oct-2008"," 0.67187834479"," 0.14158333696"," 0.3018006135"
"Oct-2008"," 0.73781406367"," 0.09497612697"," 0.1920566419"
"Oct-2008"," 0.76663410227"," 0.08413561185"," 0.0861693740"
"Oct-2008"," 0.82864991465"," 0.02586055476"," 0.0308937546"
"Oct-2008"," 0.81733501792","-0.04695205816"," 0.0200181488"
"Oct-2008"," 0.69757868093","-0.11105067514"," 0.0406449078"
"Oct-2008"," 0.55589872723","-0.18648374028"," 0.0165882680"
"Oct-2008"," 0.50850413782","-0.33004586204","-0.0749097636"
"Oct-2008"," 0.46410367330","-0.43016718293","-0.0936499239"
"Oct-2008"," 0.37908848852","-0.39338003365"," 0.0002352567"
"Oct-2008"," 0.33613699055","-0.29297821845"," 0.0873723825"
"Oct-2008"," 0.34812611017","-0.18919831692"," 0.1371265710"
"Oct-2008"," 0.40369421217"," 0.08071290010"," 0.2248291692"
"Oct-2008"," 0.52243789412"," 0.03042556008"," 0.1818391037"
"Oct-2008"," 0.63660201118","-0.23058088727"," 0.0869152896"
"Oct-2008"," 0.62992724860","-0.40186221224"," 0.0879413850"
"Oct-2008"," 0.54936557419","-0.63493772046"," 0.0541706382"
"Oct-2008"," 0.46897181350","-0.90650518682"," 0.0489702477"
"Oct-2008"," 0.30856417991","-0.87101199886"," 0.1774657004"
"Oct-2008"," 0.18246531248","-0.71278408188"," 0.2251074826"
"Nov-2008"," 0.14842578790","-0.55754659715"," 0.2633838306"
"Nov-2008"," 0.15284184144","-0.48606681664"," 0.2861794377"
"Nov-2008"," 0.16920963115","-0.41407918700"," 0.2771380060"
"Nov-2008"," 0.20410934205","-0.43436743408"," 0.2376450564"
"Nov-2008"," 0.25955003214","-0.53745887092"," 0.2237504461"
"Nov-2008"," 0.27035315342","-0.55647388402"," 0.2179657558"
"Nov-2008"," 0.21014088176","-0.52095127851"," 0.1900048972"
"Nov-2008"," 0.16301109489","-0.51830763281"," 0.1609593509"
"Nov-2008"," 0.16053887092","-0.59132528784"," 0.0918067721"
"Nov-2008"," 0.15876086393","-0.66723561021"," 0.0514190727"
"Nov-2008"," 0.18085092690","-0.68097601494"," 0.0682063731"
"Nov-2008"," 0.16356942540","-0.59560921168"," 0.1318036804"
"Nov-2008"," 0.12845154041","-0.50205593202"," 0.2015546796"
"Nov-2008"," 0.14060835363","-0.42023655684"," 0.2080465352"
"Nov-2008"," 0.13324608767","-0.36404374579"," 0.1736680759"
"Nov-2008"," 0.08746779154","-0.50686097518"," 0.0318690079"
"Nov-2008"," 0.06645032922","-0.76892997750","-0.1011213744"
"Nov-2008","-0.00609279599","-0.81433259448","-0.1332237828"
"Nov-2008","-0.06665516608","-0.89873167181","-0.2615874029"
"Nov-2008","-0.10528008868","-0.92249400861","-0.2989453046"
"Nov-2008","-0.21071243601","-0.82681086287","-0.3060230425"
"Nov-2008","-0.21050812937","-0.80033565224","-0.3946264769"
"Nov-2008","-0.19123987520","-0.68295209944","-0.3723348284"
"Nov-2008","-0.18373427543","-0.55311582043","-0.3626464468"
"Nov-2008","-0.18348143267","-0.51825748792","-0.3462238470"
"Nov-2008","-0.12501426029","-0.52432760330","-0.3823996370"
"Nov-2008","-0.11270406119","-0.49889169545","-0.3807319073"
"Nov-2008","-0.14073934074","-0.44337654504","-0.4177685252"
"Nov-2008","-0.17261744864","-0.43384790013","-0.4733139774"
"Nov-2008","-0.24712267325","-0.41044291907","-0.5342831120"
"Dec-2008","-0.43561903850","-0.49697180376","-0.6449845645"
"Dec-2008","-0.68674002714","-0.79315248469","-0.7869607484"
"Dec-2008","-0.80010749875","-0.91870495730","-0.9146406970"
"Dec-2008","-0.88063516485","-0.89006371051","-0.9022727325"
"Dec-2008","-0.91686288720","-0.80625879729","-0.9368965166"
"Dec-2008","-0.85128020167","-0.81200244242","-0.9670060567"
"Dec-2008","-0.82926171389","-0.85093219951","-1.0077442548"
"Dec-2008","-0.77096539013","-0.94457872283","-1.0705112476"
"Dec-2008","-0.73856431743","-0.86714209333","-1.0179771714"
"Dec-2008","-0.75067696020","-0.68256086360","-0.9466309117"
"Dec-2008","-0.80666013227","-0.57624958456","-0.9118280641"
"Dec-2008","-0.85378698424","-0.73074628715","-0.9710597993"
"Dec-2008","-0.74409453731","-0.98823677908","-1.0556179310"
"Dec-2008","-0.68055557845","-0.93908439293","-0.9074620051"
"Dec-2008","-0.64698402575","-0.71770215656","-0.7899765066"
"Dec-2008","-0.53563239914","-0.62839727654","-0.7632541609"
"Dec-2008","-0.39950060498","-0.59397275019","-0.7486617181"
"Dec-2008","-0.32771806247","-0.52998005989","-0.6815343470"
"Dec-2008","-0.27615850134","-0.45370175388","-0.6054291272"
"Dec-2008","-0.23667419952","-0.40320402845","-0.5449057242"
"Dec-2008","-0.20005994914","-0.38882653699","-0.4849272213"
"Dec-2008","-0.14158114716","-0.42086507079","-0.4431973364"
"Dec-2008","-0.03036419636","-0.44501288910","-0.3960136616"
"Dec-2008","-0.02219233465","-0.24958104481","-0.2607854919"
"Dec-2008","-0.02447855851","-0.08709539207","-0.1744703624"
"Dec-2008"," 0.04090356240","-0.04076761948","-0.1515982688"
"Dec-2008"," 0.10685373573","-0.02009541754","-0.1135221652"
"Dec-2008"," 0.13919108414"," 0.02657332857","-0.0588733292"
"Dec-2008"," 0.16881140014"," 0.02865727742","-0.0213571797"
"Dec-2008"," 0.18669797065","-0.01785768711"," 0.0065882598"
"Dec-2008"," 0.01889992915","-0.06767327161"," 0.0635493127"
"Jan-2009"," 0.06882031982","-0.14649621849"," 0.0021642712"
"Jan-2009"," 0.02051488017","-0.10007455634"," 0.0324670361"
"Jan-2009","-0.03463180501"," 0.00972220364"," 0.0427526208"
"Jan-2009","-0.04114026809"," 0.08205509319"," 0.0584333626"
"Jan-2009","-0.00535637797"," 0.13288269450"," 0.0503463685"
"Jan-2009"," 0.04540382292"," 0.11628861096"," 0.0341235262"
"Jan-2009"," 0.03270915021"," 0.13263285081"," 0.0437717777"
"Jan-2009","-0.01992737725"," 0.06835913774"," 0.0192008322"
"Jan-2009","-0.02115046556","-0.03192811929"," 0.0103435767"
"Jan-2009","-0.00298911382","-0.03406755634"," 0.0224848004"
"Jan-2009","-0.02726979586"," 0.00122393642"," 0.0343084327"
"Jan-2009","-0.03559342926","-0.10242543573","-0.0080341960"
"Jan-2009"," 0.00310787445","-0.18289647703","-0.0242595540"
"Jan-2009","-0.06217776119","-0.22588450594","-0.0598249536"
"Jan-2009","-0.10048560313","-0.31917361480","-0.0426096130"
"Jan-2009","-0.09905219162","-0.36501062510","-0.0581149026"
"Jan-2009","-0.06905429905","-0.42070075417","-0.0746387811"
"Jan-2009","-0.09501345783","-0.37083770804","-0.0471741311"
"Jan-2009","-0.21449438992","-0.29735142728","-0.0546597022"
"Jan-2009","-0.35265560305","-0.38290595094","-0.1365430795"
"Jan-2009","-0.40043044712","-0.60558484964","-0.2790380730"
"Jan-2009","-0.42105998732","-0.73673323373","-0.3109063557"
"Jan-2009","-0.45703545389","-0.70190660877","-0.3063222798"
"Jan-2009","-0.48311057842","-0.64387252900","-0.2928490553"
"Jan-2009","-0.48336008271","-0.59153840841","-0.2828201973"
"Jan-2009","-0.44620067224","-0.58551315333","-0.2856935325"
"Jan-2009","-0.40021755587","-0.58470596151","-0.2777588620"
"Jan-2009","-0.37817265388","-0.52950512679","-0.2537198323"
"Jan-2009","-0.34958645446","-0.48759603509","-0.2689817448"
"Jan-2009","-0.27483062497","-0.54196748270","-0.3171069540"
"Jan-2009","-0.22068606583","-0.65886884599","-0.4212785308"
"Feb-2009","-0.23201765488","-0.79026272866","-0.4504142784"
"Feb-2009","-0.27438624245","-0.71511855446","-0.4444709344"
"Feb-2009","-0.29716696382","-0.69317834442","-0.5108313714"
"Feb-2009","-0.27137876372","-0.88193622080","-0.6552338199"
"Feb-2009","-0.29802509570","-1.07929371110","-0.7505524016"
"Feb-2009","-0.36184951153","-1.09976151683","-0.7678728756"
"Feb-2009","-0.40244651224","-0.97946374730","-0.7543653640"
"Feb-2009","-0.39710174216","-0.81754777340","-0.7614934978"
"Feb-2009","-0.34533706730","-0.67433784023","-0.7860034975"
"Feb-2009","-0.29382974762","-0.55762249452","-0.8099350810"
"Feb-2009","-0.24358711863","-0.43932376810","-0.8286164867"
"Feb-2009","-0.20683723858","-0.35520935404","-0.8679860029"
"Feb-2009","-0.13366263015","-0.35200313434","-0.9057184246"
"Feb-2009","-0.08792303819","-0.33518140239","-0.9027337073"
"Feb-2009","-0.06924253703","-0.32864248512","-0.9238094846"
"Feb-2009","-0.03368775356","-0.36848999941","-0.9603138621"
"Feb-2009"," 0.01516688169","-0.41641964878","-0.9840328253"
"Feb-2009","-0.00622551577","-0.34261934592","-0.9374598655"
"Feb-2009","-0.08305214651","-0.21224855995","-0.9244301003"
"Feb-2009","-0.09193656841","-0.26879038883","-0.9695850779"
"Feb-2009","-0.06736632052","-0.39691586978","-0.9908841470"
"Feb-2009","-0.12547290216","-0.36392975021","-0.9655809602"
"Feb-2009","-0.18145346949","-0.36554125669","-0.9879147675"
"Feb-2009","-0.17574311932","-0.41958318074","-1.0008630554"
"Feb-2009","-0.20135929683","-0.37709589612","-0.9934286106"
"Feb-2009","-0.22792125006","-0.29903392342","-0.9948691127"
"Feb-2009","-0.20796211736","-0.24016951707","-0.9893757607"
"Feb-2009","-0.18679214962","-0.20147468938","-0.9746503491"
"Mar-2009","-0.20288134271","-0.25525637671","-0.9692628203"
"Mar-2009","-0.23413864314","-0.54848426340","-1.0466742748"
"Mar-2009","-0.26098469594","-0.76943075594","-1.0631885367"
"Mar-2009","-0.30673070802","-0.75343835238","-1.0371661741"
"Mar-2009","-0.33945069572","-0.64987964032","-1.0070466928"
"Mar-2009","-0.32232654224","-0.53063485478","-0.9969394818"
"Mar-2009","-0.28361353556","-0.40863850047","-0.9847397470"
"Mar-2009","-0.23717209585","-0.32499464982","-0.9631102239"
"Mar-2009","-0.19283682307","-0.29021223927","-0.9565088933"
"Mar-2009","-0.13966988346","-0.29384539515","-0.9475482896"
"Mar-2009","-0.09969291981","-0.28824126321","-0.9218819036"
"Mar-2009","-0.07336055016","-0.26329670482","-0.8944745069"
"Mar-2009","-0.05261343001","-0.24056116393","-0.8724723303"
"Mar-2009","-0.03614332189","-0.19444195651","-0.8477714187"
"Mar-2009","-0.02007071106","-0.13377662047","-0.8363417830"
"Mar-2009"," 0.00756626411","-0.10896922656","-0.8324500619"
"Mar-2009"," 0.05445322362","-0.11664245179","-0.8272110020"
"Mar-2009"," 0.11003152445","-0.13615726972","-0.8090652857"
"Mar-2009"," 0.13975111389","-0.11145069405","-0.7600493033"
"Mar-2009"," 0.16422487651","-0.07279890642","-0.7115975760"
"Mar-2009"," 0.20235864142","-0.03594746130","-0.6567114899"
"Mar-2009"," 0.24120441622"," 0.06644564628","-0.5770668737"
"Mar-2009"," 0.29606740538"," 0.19208390541","-0.4806868950"
"Mar-2009"," 0.35671701575"," 0.29880280252","-0.4063142055"
"Mar-2009"," 0.40585901567"," 0.39388567751","-0.3246767210"
"Mar-2009"," 0.45470719411"," 0.45250711014","-0.2251961794"
"Mar-2009"," 0.50913574277"," 0.49360677875","-0.1532308054"
"Mar-2009"," 0.55354633275"," 0.49937179712","-0.1366128303"
"Mar-2009"," 0.57614516288"," 0.45519526383","-0.1678979899"
"Mar-2009"," 0.63774018211"," 0.32555956438","-0.2455501029"
"Mar-2009"," 0.68131971479"," 0.25460706856","-0.2905893161"
"Apr-2009"," 0.66808039560"," 0.25175521000","-0.3342982733"
"Apr-2009"," 0.65464869286"," 0.24211370972","-0.4024576235"
"Apr-2009"," 0.61099820866"," 0.23307359583","-0.4686224418"
"Apr-2009"," 0.60874826766"," 0.13973164107","-0.5869985512"
"Apr-2009"," 0.61210309335"," 0.03518864469","-0.6613026666"
"Apr-2009"," 0.55920693615","-0.02432559013","-0.6908847950"
"Apr-2009"," 0.49382855725","-0.17953729780","-0.7603054214"
"Apr-2009"," 0.44237586363","-0.43348071395","-0.8266865118"
"Apr-2009"," 0.36576839752","-0.48308035261","-0.8119313577"
"Apr-2009"," 0.26971379429","-0.39434943782","-0.7950374226"
"Apr-2009"," 0.21533308471","-0.31789691648","-0.8144980977"
"Apr-2009"," 0.23049855062","-0.35303574330","-0.8787583419"
"Apr-2009"," 0.23449971752","-0.40057832579","-0.8983967415"
"Apr-2009"," 0.19484130200","-0.38230585634","-0.9049632170"
"Apr-2009"," 0.18649176799","-0.42019243529","-0.9440934138"
"Apr-2009"," 0.21669965358","-0.47635935184","-0.9643361580"
"Apr-2009"," 0.23459858740","-0.46865618060","-0.9778201758"
"Apr-2009"," 0.23675607864","-0.40135263571","-0.9829808015"
"Apr-2009"," 0.24644741819","-0.34367644015","-0.9813983633"
"Apr-2009"," 0.23273832948","-0.31520758844","-0.9775231973"
"Apr-2009"," 0.22615469594","-0.36559486593","-1.0114468360"
"Apr-2009"," 0.21150830609","-0.49099408542","-1.0603462830"
"Apr-2009"," 0.16351048200","-0.57013587609","-1.0667745960"
"Apr-2009"," 0.12833881473","-0.57431422555","-1.0433188517"
"Apr-2009"," 0.11812982990","-0.54178563407","-1.0076382558"
"Apr-2009"," 0.11849148456","-0.49972557923","-0.9755164519"
"Apr-2009"," 0.13576220025","-0.45709760708","-0.9375988396"
"Apr-2009"," 0.15186801229","-0.42479472633","-0.9107175969"
"Apr-2009"," 0.15782430817","-0.43345352767","-0.8863309087"
"Apr-2009"," 0.16104416454","-0.45959668987","-0.8671855527"
"May-2009"," 0.14813711419","-0.46159884502","-0.8242227140"
"May-2009"," 0.12402174113","-0.43724856818","-0.7893701603"
"May-2009"," 0.11190653031","-0.43833038255","-0.7817185913"
"May-2009"," 0.09626722269","-0.41984793871","-0.7752768881"
"May-2009"," 0.08252361207","-0.39312711207","-0.7798941149"
"May-2009"," 0.08783081526","-0.39975304892","-0.7988644245"
"May-2009"," 0.08883892119","-0.41229837290","-0.8297599696"
"May-2009"," 0.08419365095","-0.44364938148","-0.8769807313"
"May-2009"," 0.07374488373","-0.48440754812","-0.9222778480"
"May-2009"," 0.05948432487","-0.52375443554","-0.9630656710"
"May-2009"," 0.04415597129","-0.57027938207","-1.0038396575"
"May-2009"," 0.02060311099","-0.61823927105","-1.0334701529"
"May-2009"," 0.00397249982","-0.62416036098","-1.0553134324"
"May-2009"," 0.00538481665","-0.56555431238","-1.0443674265"
"May-2009"," 0.02802521249","-0.51782571231","-1.0273902693"
"May-2009"," 0.06264452913","-0.46558278027","-0.9907497580"
"May-2009"," 0.09950179032","-0.37548568143","-0.9422327839"
"May-2009"," 0.14850188719","-0.34319149090","-0.9383741325"
"May-2009"," 0.23279842183","-0.38830204618","-0.9882027787"
"May-2009"," 0.29763589626","-0.49117840019","-1.0710890012"
"May-2009"," 0.33159819594","-0.42868917586","-1.0969431747"
"May-2009"," 0.37166247325","-0.28322542361","-1.0647708126"
"May-2009"," 0.41141194445","-0.14640232893","-1.0386827163"
"May-2009"," 0.42314488286","-0.16262913344","-1.0364715065"
"May-2009"," 0.41205164543","-0.25013255531","-1.0295699107"
"May-2009"," 0.39064948938","-0.31740345317","-1.0244180901"
"May-2009"," 0.37414929841","-0.37634319430","-1.0111102955"
"May-2009"," 0.34081719792","-0.39987617988","-0.9721041813"
"May-2009"," 0.29394175794","-0.39971682012","-0.9426084400"
"May-2009"," 0.25769110659","-0.43285848280","-0.9186767349"
"May-2009"," 0.22764020216","-0.44628145980","-0.8897564884"
"Jun-2009"," 0.19215831459","-0.42684291613","-0.8562713587"
"Jun-2009"," 0.16556514122","-0.38261788205","-0.8104803869"
"Jun-2009"," 0.14225184320","-0.32701706256","-0.7547792025"
"Jun-2009"," 0.12308289915","-0.27503201853","-0.6962798710"
"Jun-2009"," 0.10413796233","-0.26537102398","-0.6606849318"
"Jun-2009"," 0.12185247356","-0.31376565859","-0.6586783081"
"Jun-2009"," 0.14738742735","-0.36502824040","-0.6606303566"
"Jun-2009"," 0.14310183069","-0.37769082357","-0.6348764068"
"Jun-2009"," 0.13329026977","-0.36576549948","-0.5953905986"
"Jun-2009"," 0.13238400532","-0.37230518007","-0.5642334170"
"Jun-2009"," 0.12772053862","-0.38885639971","-0.5366937413"
"Jun-2009"," 0.11645256381","-0.39040343418","-0.5043266125"
"Jun-2009"," 0.10014072088","-0.36695429744","-0.4622144576"
"Jun-2009"," 0.08935506233","-0.32055365622","-0.4142309412"
"Jun-2009"," 0.09139203870","-0.28378112764","-0.3797450762"
"Jun-2009"," 0.10259276732","-0.25007418995","-0.3503964244"
"Jun-2009"," 0.11901888842","-0.22254417508","-0.3206814084"
"Jun-2009"," 0.14513873369","-0.21886938836","-0.2805277130"
"Jun-2009"," 0.17430769677","-0.21045132948","-0.2305281997"
"Jun-2009"," 0.19652498821","-0.20451503167","-0.1859138212"
"Jun-2009"," 0.21334827642","-0.19028468669","-0.1350072230"
"Jun-2009"," 0.22867031994","-0.20419366985","-0.0910783418"
"Jun-2009"," 0.24168515497","-0.25538637763","-0.0604520615"
"Jun-2009"," 0.23420420847","-0.31272905683","-0.0489982828"
"Jun-2009"," 0.20610865314","-0.30248470222","-0.0354538873"
"Jun-2009"," 0.19330157326","-0.24213473880"," 0.0019499468"
"Jun-2009"," 0.19342267511","-0.18967284856"," 0.0371430986"
"Jun-2009"," 0.21031647460","-0.15848061255"," 0.0846186800"
"Jun-2009"," 0.23498500539","-0.15357422269"," 0.1124988320"
"Jun-2009"," 0.25290312620","-0.16581650477"," 0.1381390463"
"Jul-2009"," 0.27509774545","-0.15612850009"," 0.1728137943"
"Jul-2009"," 0.30564230225","-0.13327775514"," 0.2050726246"
"Jul-2009"," 0.33260479773","-0.12702350114"," 0.2484899999"
"Jul-2009"," 0.34355715933","-0.13336453985"," 0.2946953377"
"Jul-2009"," 0.33714397087","-0.12623410077"," 0.3293999094"
"Jul-2009"," 0.32432129926","-0.10383278087"," 0.3780633642"
"Jul-2009"," 0.30815961382","-0.07355231286"," 0.4329621913"
"Jul-2009"," 0.28906628046","-0.03148356780"," 0.4979200246"
"Jul-2009"," 0.28025446097"," 0.02357470041"," 0.5558455250"
"Jul-2009"," 0.30079283543"," 0.05892720083"," 0.5936498480"
"Jul-2009"," 0.34084720741"," 0.09039928525"," 0.6313159272"
"Jul-2009"," 0.38505224342"," 0.14187724348"," 0.6540550926"
"Jul-2009"," 0.42920019537"," 0.15788139058"," 0.6438528518"
"Jul-2009"," 0.45034595007"," 0.14851938641"," 0.6127559261"
"Jul-2009"," 0.45599217240"," 0.15933846958"," 0.6005414620"
"Jul-2009"," 0.45872325570"," 0.18400141801"," 0.6149671764"
"Jul-2009"," 0.45153180167"," 0.18066367073"," 0.6243922173"
"Jul-2009"," 0.43232910612"," 0.16338910811"," 0.6199712179"
"Jul-2009"," 0.40520188865"," 0.14519091652"," 0.5613581507"
"Jul-2009"," 0.37931738672"," 0.13341309122"," 0.4778736295"
"Jul-2009"," 0.37071346913"," 0.12262459996"," 0.3815580860"
"Jul-2009"," 0.36376095371"," 0.11247519183"," 0.2896440248"
"Jul-2009"," 0.33913952828"," 0.09775473045"," 0.1824285297"
"Jul-2009"," 0.31736797674"," 0.04343231209"," 0.0872775284"
"Jul-2009"," 0.30081657154","-0.00798375771"," 0.0168599403"
"Jul-2009"," 0.27589163942","-0.04502621142","-0.0315766926"
"Jul-2009"," 0.24108734988","-0.07250126655","-0.0610144501"
"Jul-2009"," 0.20755831673","-0.08912682275","-0.0726447361"
"Jul-2009"," 0.18018254882","-0.08902911655","-0.0402870211"
"Jul-2009"," 0.16529876118","-0.07989153132"," 0.0105625674"
"Jul-2009"," 0.15226327170","-0.09477599115"," 0.0755759092"
"Aug-2009"," 0.12811818264","-0.11889186705"," 0.1408280024"
"Aug-2009"," 0.10527615828","-0.13269239867"," 0.2075046105"
"Aug-2009"," 0.08146788718","-0.12483444765"," 0.2673899095"
"Aug-2009"," 0.06698299091","-0.10997922922"," 0.3187906063"
"Aug-2009"," 0.06291674231","-0.09290043131"," 0.3650251996"
"Aug-2009"," 0.06991739030","-0.06751132144"," 0.4224156193"
"Aug-2009"," 0.08901461242","-0.00918130461"," 0.4708566750"
"Aug-2009"," 0.13285847070"," 0.07187057190"," 0.5066312458"
"Aug-2009"," 0.19022937970"," 0.14354917044"," 0.5356457511"
"Aug-2009"," 0.24926086248"," 0.16969115829"," 0.5717728901"
"Aug-2009"," 0.30366193301"," 0.18667547946"," 0.6047895655"
"Aug-2009"," 0.35129843262"," 0.19417995011"," 0.6487430765"
"Aug-2009"," 0.37850489274"," 0.21070216322"," 0.6897944025"
"Aug-2009"," 0.41174241565"," 0.24644613435"," 0.7323202742"
"Aug-2009"," 0.45109538011"," 0.29869593636"," 0.7732703216"
"Aug-2009"," 0.49483402176"," 0.36119713910"," 0.8088033006"
"Aug-2009"," 0.54547352435"," 0.43735213800"," 0.8149859641"
"Aug-2009"," 0.60906696253"," 0.43365063475"," 0.8266924931"
"Aug-2009"," 0.67168054332"," 0.43776210478"," 0.8325574436"
"Aug-2009"," 0.71313215401"," 0.42280694887"," 0.7838734976"
"Aug-2009"," 0.71904717768"," 0.32968248436"," 0.6901866950"
"Aug-2009"," 0.68519108516"," 0.17733989825"," 0.5969435950"
"Aug-2009"," 0.62694979102"," 0.03360338501"," 0.5110261952"
"Aug-2009"," 0.58368389049","-0.06318118680"," 0.4327467307"
"Aug-2009"," 0.53703711692","-0.13670099535"," 0.3595925499"
"Aug-2009"," 0.48297069984","-0.17520428599"," 0.3007928720"
"Aug-2009"," 0.42585226673","-0.18049897581"," 0.2303402665"
"Aug-2009"," 0.37986830658","-0.20050925344"," 0.1627052037"
"Aug-2009"," 0.34242655747","-0.29631570628"," 0.0985142234"
"Aug-2009"," 0.29134109485","-0.36497615783"," 0.0823408032"
"Aug-2009"," 0.23992750895","-0.33876916952"," 0.1090207059"
"Sep-2009"," 0.21836231848","-0.29736733977"," 0.1337580146"
"Sep-2009"," 0.21135979949","-0.28171843458"," 0.1346732148"
"Sep-2009"," 0.22771966493","-0.23814041052"," 0.1249936383"
"Sep-2009"," 0.26493322455","-0.17949008879"," 0.1062725083"
"Sep-2009"," 0.30541796484","-0.14937238616"," 0.0846902973"
"Sep-2009"," 0.32540912477","-0.12290281243"," 0.0773524242"
"Sep-2009"," 0.32861016101","-0.09160928844"," 0.0829627579"
"Sep-2009"," 0.33244499171","-0.07589285793"," 0.0750873290"
"Sep-2009"," 0.33537275087","-0.07735105257"," 0.0842324334"
"Sep-2009"," 0.33415186374","-0.04783268121"," 0.1379110070"
"Sep-2009"," 0.33875303692"," 0.03582085785"," 0.2262319487"
"Sep-2009"," 0.36378769811"," 0.16244533898"," 0.2982229670"
"Sep-2009"," 0.38109333926"," 0.18253012933"," 0.3829833719"
"Sep-2009"," 0.35062516358"," 0.18103781973"," 0.4752497985"
"Sep-2009"," 0.30611434632"," 0.20417540051"," 0.5628054290"
"Sep-2009"," 0.25671113914"," 0.25003777684"," 0.6321065174"
"Sep-2009"," 0.23721865762"," 0.32720395276"," 0.6744464275"
"Sep-2009"," 0.24659911650"," 0.44346952111"," 0.7118019352"
"Sep-2009"," 0.27625193667"," 0.53334208357"," 0.7510437576"
"Sep-2009"," 0.30816717122"," 0.58880679549"," 0.7930072407"
"Sep-2009"," 0.33896148912"," 0.64748565401"," 0.8327068052"
"Sep-2009"," 0.37352808739"," 0.68363530553"," 0.8596574742"
"Sep-2009"," 0.38881021609"," 0.69550854704"," 0.9040809814"
"Sep-2009"," 0.39496216061"," 0.71533820912"," 0.9748352317"
"Sep-2009"," 0.43649583880"," 0.75391654094"," 1.0466238550"
"Sep-2009"," 0.46023334181"," 0.76837811611"," 1.1226720649"
"Sep-2009"," 0.45161449285"," 0.76214359125"," 1.2186483086"
"Sep-2009"," 0.41637972495"," 0.73123478544"," 1.3322036602"
"Sep-2009"," 0.37626606773"," 0.76946357097"," 1.4872395141"
"Sep-2009"," 0.37723242452"," 0.82453546168"," 1.6164366136"
"Oct-2009"," 0.37502676402"," 0.88012095586"," 1.6934920104"
"Oct-2009"," 0.33755856401"," 0.93493619163"," 1.7450522536"
"Oct-2009"," 0.28473086366"," 0.96201002891"," 1.7973888446"
"Oct-2009"," 0.25825882883"," 0.98092757068"," 1.8607323466"
"Oct-2009"," 0.20002652286"," 1.02023288599"," 1.9342043622"
"Oct-2009"," 0.14022477216"," 1.02962918128"," 1.9719175101"
"Oct-2009"," 0.08020957992"," 0.97494817410"," 1.9639157669"
"Oct-2009","-0.01434520940"," 0.89961381337"," 1.9342250967"
"Oct-2009","-0.11547079201"," 0.85808656268"," 1.9071422705"
"Oct-2009","-0.23630633320"," 0.86851446872"," 1.8805179979"
"Oct-2009","-0.28067524741"," 0.82892519476"," 1.8108404419"
"Oct-2009","-0.28772175342"," 0.77889497942"," 1.7246528439"
"Oct-2009","-0.32026150076"," 0.74126358748"," 1.6365506495"
"Oct-2009","-0.33529052991"," 0.69119955077"," 1.5585802959"
"Oct-2009","-0.37591225725"," 0.66605699640"," 1.5264944832"
"Oct-2009","-0.45794703787"," 0.61933246850"," 1.5122638600"
"Oct-2009","-0.48131033947"," 0.52779989876"," 1.4739544017"
"Oct-2009","-0.45767346729"," 0.30949270682"," 1.3645515557"
"Oct-2009","-0.47701707535"," 0.14821640323"," 1.2940965156"
"Oct-2009","-0.55911015068"," 0.26650696789"," 1.3636331093"
"Oct-2009","-0.59311474979"," 0.49514459456"," 1.4348403137"
"Oct-2009","-0.50399585960"," 0.73349148169"," 1.4998334485"
"Oct-2009","-0.46019811614"," 0.94068870313"," 1.5824741434"
"Oct-2009","-0.43994024599"," 0.98502048593"," 1.6367635944"
"Oct-2009","-0.34240127382"," 0.92429707812"," 1.6576356782"
"Oct-2009","-0.22143241421"," 0.90892872596"," 1.6725930650"
"Oct-2009","-0.14545951297"," 0.95454707166"," 1.7038973766"
"Oct-2009","-0.16832431960"," 1.05781800842"," 1.6765174907"
"Oct-2009","-0.13947093305"," 1.07076431537"," 1.5961997124"
"Oct-2009","-0.06914583165"," 1.12884519312"," 1.5219875430"
"Oct-2009","-0.07537819279"," 1.15549867060"," 1.4080399397"
"Nov-2009","-0.05583930295"," 1.05793109865"," 1.2784369141"
"Nov-2009"," 0.02867786377"," 0.93119111986"," 1.1545578766"
"Nov-2009"," 0.07019796799"," 0.86162888233"," 1.0638701553"
"Nov-2009"," 0.09812384866"," 0.84567282500"," 0.9718094510"
"Nov-2009"," 0.14708769936"," 0.85253733175"," 0.8980964929"
"Nov-2009"," 0.25117237132"," 0.83179936603"," 0.8243784627"
"Nov-2009"," 0.35116298638"," 0.91174764391"," 0.8561814175"
"Nov-2009"," 0.45288263207"," 1.08355331767"," 0.9140986403"
"Nov-2009"," 0.63357326600"," 1.28944054788"," 1.0251896260"
"Nov-2009"," 0.83970357911"," 1.65818170805"," 1.1483203944"
"Nov-2009"," 0.98694467935"," 1.60709504438"," 1.1034201959"
"Nov-2009"," 1.09861206592"," 1.26706430042"," 0.9257870722"
"Nov-2009"," 1.08888503050"," 0.95151089833"," 0.8492558816"
"Nov-2009"," 0.91584123903"," 0.88244799587"," 0.9157209245"
"Nov-2009"," 0.76915692847"," 0.94244324585"," 0.9725505786"
"Nov-2009"," 0.70571001582"," 1.05981840203"," 1.0222010133"
"Nov-2009"," 0.60864972796"," 1.21185841598"," 1.0727348364"
"Nov-2009"," 0.53505729798"," 1.32845532815"," 1.1024836525"
"Nov-2009"," 0.54255156165"," 1.39733532506"," 1.1062295015"
"Nov-2009"," 0.61438605211"," 1.43082101457"," 1.1086426600"
"Nov-2009"," 0.70548729261"," 1.45319685101"," 1.1111755187"
"Nov-2009"," 0.68159596347"," 1.51914431129"," 1.1378370810"
"Nov-2009"," 0.63384151705"," 1.56481614878"," 1.1404222833"
"Nov-2009"," 0.66856131778"," 1.53909792636"," 1.1140914185"
"Nov-2009"," 0.70598090829"," 1.52901604355"," 1.1180420971"
"Nov-2009"," 0.71497828766"," 1.49318575744"," 1.0916481767"
"Nov-2009"," 0.68327128519"," 1.34780785043"," 1.0301274062"
"Nov-2009"," 0.63334309545"," 1.25104570877"," 1.0625484203"
"Nov-2009"," 0.55563841211"," 1.33037304728"," 1.1165036031"
"Nov-2009"," 0.51657992949"," 1.41451411917"," 1.1270053382"
"Dec-2009"," 0.53209512697"," 1.44297064017"," 1.1094285027"
"Dec-2009"," 0.54883810862"," 1.49941951897"," 1.1388568871"
"Dec-2009"," 0.34886594003"," 1.52982951817"," 1.1792231622"
"Dec-2009"," 0.31467992661"," 1.39263544525"," 1.1529392037"
"Dec-2009"," 0.33163513916"," 1.28097680664"," 1.2014473321"
"Dec-2009"," 0.30936986188"," 1.20981551078"," 1.2076650131"
"Dec-2009"," 0.24707020673"," 1.18672185081"," 1.2828011472"
"Dec-2009"," 0.18570627521"," 1.23371671487"," 1.3295291087"
"Dec-2009"," 0.12625099099"," 1.26967212833"," 1.3955491099"
"Dec-2009"," 0.09245726538"," 1.32429253887"," 1.4228305981"
"Dec-2009"," 0.16979119583"," 1.27488884109"," 1.3799021681"
"Dec-2009"," 0.25437557206"," 1.26445858634"," 1.3446956667"
"Dec-2009"," 0.23777166860"," 1.32422313458"," 1.3150187925"
"Dec-2009"," 0.23823549491"," 1.31325050471"," 1.2178484265"
"Dec-2009"," 0.27629023729"," 1.25618685188"," 1.1281688659"
"Dec-2009"," 0.27915361179"," 1.18935809808"," 1.0293208695"
"Dec-2009"," 0.30529957778"," 1.08194163504"," 0.9237734288"
"Dec-2009"," 0.28962655535"," 1.08278805027"," 0.8685305951"
"Dec-2009"," 0.17877988052"," 1.03779769006"," 0.7491029488"
"Dec-2009"," 0.12235658155"," 0.72289458619"," 0.6143994723"
"Dec-2009"," 0.05979990139"," 0.58695619066"," 0.5943499934"
"Dec-2009","-0.02084229969"," 0.68529349256"," 0.5876733936"
"Dec-2009","-0.03404254785"," 0.82396678104"," 0.5740776284"
"Dec-2009"," 0.01657765769"," 0.97036608194"," 0.5941662230"
"Dec-2009","-0.01623345905"," 1.09942840333"," 0.6293320669"
"Dec-2009"," 0.03280710293"," 0.99938318054"," 0.5565541509"
"Dec-2009"," 0.15137678122"," 0.85242318460"," 0.5487385721"
"Dec-2009"," 0.17578828701"," 0.78559155364"," 0.5797218840"
"Dec-2009"," 0.14743445933"," 0.63613576310"," 0.5256007438"
"Dec-2009"," 0.13776913045"," 0.58596427305"," 0.5372376437"
"Dec-2009"," 0.05577573211"," 0.74282078011"," 0.5681878452"
"Jan-2010","-0.02178263879"," 0.74889152579"," 0.4654610926"
"Jan-2010","-0.02507241947"," 0.62281288413"," 0.3418059556"
"Jan-2010","-0.02443348891"," 0.49659790003"," 0.3016051105"
"Jan-2010","-0.08636679355"," 0.56921562900"," 0.3046709400"
"Jan-2010","-0.16881271879"," 0.57013238800"," 0.2367484747"
"Jan-2010","-0.17376307324"," 0.46741797733"," 0.1184708441"
"Jan-2010","-0.17545534408"," 0.48671524628"," 0.0902261538"
"Jan-2010","-0.27834723070"," 0.60912955297"," 0.1031665293"
"Jan-2010","-0.35469609430"," 0.57794201438","-0.0061962678"
"Jan-2010","-0.37355041568"," 0.44461755341","-0.1670444446"
"Jan-2010","-0.40571849298"," 0.32286951613","-0.2876633323"
"Jan-2010","-0.47007955765"," 0.32186503293","-0.3100692845"
"Jan-2010","-0.52525702274"," 0.38302506535","-0.3814207785"
"Jan-2010","-0.51633939963"," 0.43699870074","-0.4308731598"
"Jan-2010","-0.49896816317"," 0.52143776481","-0.4805753700"
"Jan-2010","-0.46071641476"," 0.54075535007","-0.5321819920"
"Jan-2010","-0.43314224672"," 0.58573367316","-0.5318623312"
"Jan-2010","-0.38349379088"," 0.46199581144","-0.6019761239"
"Jan-2010","-0.31393389467"," 0.37862276669","-0.6393486331"
"Jan-2010","-0.28541985744"," 0.38591039298","-0.6630247882"
"Jan-2010","-0.29192237732"," 0.41893591210","-0.6494140910"
"Jan-2010","-0.30142239722"," 0.41265182953","-0.6719788591"
"Jan-2010","-0.26390041493"," 0.33773001915","-0.7380642694"
"Jan-2010","-0.25552523712"," 0.34240224294","-0.7502788146"
"Jan-2010","-0.31979520944"," 0.38093618421","-0.7393541519"
"Jan-2010","-0.32309698657"," 0.26623215360","-0.8218818010"
"Jan-2010","-0.29804724727"," 0.14052220019","-0.8111887483"
"Jan-2010","-0.30562699028"," 0.14395395447","-0.7847019890"
"Jan-2010","-0.31051046540"," 0.18097427161","-0.7535695184"
"Jan-2010","-0.32528111214"," 0.20491816345","-0.7339737646"
"Jan-2010","-0.36273808611"," 0.13665070928","-0.7458279104"
"Feb-2010","-0.33296199959"," 0.04467511472","-0.7651807740"
"Feb-2010","-0.34874588836"," 0.03614625558","-0.7302891453"
"Feb-2010","-0.37698180590"," 0.00367632306","-0.7443394065"
"Feb-2010","-0.37926377413","-0.03885817056","-0.7031817297"
"Feb-2010","-0.42945122675"," 0.09364001535","-0.6019441497"
"Feb-2010","-0.46207109723"," 0.14864884328","-0.5759218683"
"Feb-2010","-0.43422390891","-0.01137025626","-0.6290641034"
"Feb-2010","-0.42568301857","-0.08330744742","-0.6096287480"
"Feb-2010","-0.48887818906","-0.00313228447","-0.5461369798"
"Feb-2010","-0.56614061770"," 0.00141833503","-0.5712790378"
"Feb-2010","-0.53059287801","-0.17182286836","-0.6710662557"
"Feb-2010","-0.52756690933","-0.19846060950","-0.6215408774"
"Feb-2010","-0.61128790753","-0.10248974718","-0.6121545059"
"Feb-2010","-0.63061599724","-0.16844971432","-0.6889365802"
"Feb-2010","-0.64975140991","-0.16089351340","-0.6400378229"
"Feb-2010","-0.73355355845","-0.14513339695","-0.6296791601"
"Feb-2010","-0.75271333090","-0.16343199575","-0.6393598322"
"Feb-2010","-0.75156702725","-0.12929412907","-0.6184907104"
"Feb-2010","-0.72951610869","-0.06848810549","-0.5486021166"
"Feb-2010","-0.69739697106"," 0.03150579805","-0.4902534857"
"Feb-2010","-0.66111245815"," 0.08866932964","-0.4609831057"
"Feb-2010","-0.62541896335"," 0.11787502940","-0.4286768416"
"Feb-2010","-0.58471568210"," 0.13026522129","-0.4181992900"
"Feb-2010","-0.54009377839"," 0.08566950255","-0.4351298249"
"Feb-2010","-0.54788674283"," 0.02058630767","-0.4818440311"
"Feb-2010","-0.54507344528","-0.09777465949","-0.5486434639"
"Feb-2010","-0.58586481060","-0.06482482744","-0.5546067716"
"Feb-2010","-0.63611481356","-0.00449576750","-0.6294712062"
"Mar-2010","-0.60018593873","-0.04783334271","-0.7161092019"
"Mar-2010","-0.62557642143"," 0.02692998868","-0.7187135969"
"Mar-2010","-0.68907253056","-0.00876624499","-0.8036424344"
"Mar-2010","-0.68356439589","-0.19128366602","-0.9257197588"
"Mar-2010","-0.69393938673","-0.28501597586","-0.9768801623"
"Mar-2010","-0.71707908465","-0.28943606597","-1.0055175103"
"Mar-2010","-0.72219045577","-0.26443625426","-1.0313406022"
"Mar-2010","-0.72560001758","-0.22387678822","-1.0417605353"
"Mar-2010","-0.72062908205","-0.18363979962","-1.0635544740"
"Mar-2010","-0.71274414477","-0.12539304445","-1.0681768945"
"Mar-2010","-0.69863154221","-0.03791986218","-1.0669770916"
"Mar-2010","-0.66669627689","-0.00374418131","-1.0793305703"
"Mar-2010","-0.62984385831","-0.05360975230","-1.1052278359"
"Mar-2010","-0.61593669967","-0.18117671077","-1.1274783400"
"Mar-2010","-0.61446817926","-0.26480676276","-1.1194832919"
"Mar-2010","-0.63172942986","-0.30904095680","-1.1306060079"
"Mar-2010","-0.63892348861","-0.33573835510","-1.1417538812"
"Mar-2010","-0.66266829222","-0.32693974698","-1.1550108742"
"Mar-2010","-0.68707209385","-0.31918596111","-1.1646413127"
"Mar-2010","-0.69706679335","-0.26360657357","-1.1604857234"
"Mar-2010","-0.71045351854","-0.16385212069","-1.1528268912"
"Mar-2010","-0.80023463517","-0.13074281145","-1.1660500434"
"Mar-2010","-0.82491266774","-0.20811367716","-1.1998215207"
"Mar-2010","-0.79377147981","-0.24911211651","-1.1985821152"
"Mar-2010","-0.77041393798","-0.24741394275","-1.1727858036"
"Mar-2010","-0.76445430363","-0.22205477889","-1.1584642893"
"Mar-2010","-0.74305354167","-0.25705374021","-1.1829552587"
"Mar-2010","-0.71820587113","-0.27709672359","-1.1727752943"
"Mar-2010","-0.73241327137","-0.25255332433","-1.1646892334"
"Mar-2010","-0.73801789131","-0.32980957315","-1.2049076887"
"Mar-2010","-0.73996733390","-0.40054504846","-1.1937361593"
"Apr-2010","-0.75555894918","-0.36795668240","-1.1828371815"
"Apr-2010","-0.75509842464","-0.31953744508","-1.1735998063"
"Apr-2010","-0.72601659179","-0.26755991691","-1.1619086153"
"Apr-2010","-0.68588888368","-0.26511444336","-1.1673035290"
"Apr-2010","-0.63804018986","-0.29053602410","-1.1613467541"
"Apr-2010","-0.60553940348","-0.27716043226","-1.1238586834"
"Apr-2010","-0.58396030887","-0.24443043917","-1.0761511675"
"Apr-2010","-0.56560561974","-0.20252064285","-1.0325973339"
"Apr-2010","-0.54834884488","-0.19567557165","-1.0065903903"
"Apr-2010","-0.52257315485","-0.22798784723","-1.0153507495"
"Apr-2010","-0.52764765612","-0.23636321837","-1.0118940883"
"Apr-2010","-0.53706083929","-0.24121218235","-1.0327191847"
"Apr-2010","-0.53475821661","-0.26796923780","-1.0538800507"
"Apr-2010","-0.52277628752","-0.25787572889","-1.0557706665"
"Apr-2010","-0.50786436141","-0.22295192618","-1.0367043533"
"Apr-2010","-0.49083805059","-0.15833142655","-0.9937921945"
"Apr-2010","-0.49087249913","-0.10255433661","-0.9758681469"
"Apr-2010","-0.49767867245","-0.10569719995","-0.9759016630"
"Apr-2010","-0.49990983000","-0.14246949365","-1.0096345520"
"Apr-2010","-0.50487317144","-0.20044262448","-1.0281719116"
"Apr-2010","-0.52189262190","-0.24204832198","-1.0202096492"
"Apr-2010","-0.54198573337","-0.28473559898","-1.0330921222"
"Apr-2010","-0.55968821146","-0.31021713047","-1.0367138481"
"Apr-2010","-0.58335263513","-0.26727877671","-1.0146305999"
"Apr-2010","-0.62245987400","-0.20652589262","-1.0151745263"
"Apr-2010","-0.63893717265","-0.24124265682","-1.0729331360"
"Apr-2010","-0.64826326227","-0.35989967847","-1.1468746203"
"Apr-2010","-0.67630870396","-0.48009439849","-1.1831496196"
"Apr-2010","-0.71566830866","-0.52838269539","-1.2251529081"
"Apr-2010","-0.74623168559","-0.49969523779","-1.2594384880"
"May-2010","-0.76299587198","-0.41270541939","-1.2964004454"
"May-2010","-0.76964638485","-0.31714916254","-1.3465007098"
"May-2010","-0.77161391384","-0.27155994081","-1.4161441005"
"May-2010","-0.76056319597","-0.32143895814","-1.5114050233"
"May-2010","-0.75373057175","-0.38959097337","-1.5952695018"
"May-2010","-0.74653838400","-0.45791855444","-1.6632774209"
"May-2010","-0.74459323372","-0.53247361424","-1.7033144592"
"May-2010","-0.76268884340","-0.58975276092","-1.7378105088"
"May-2010","-0.78148868545","-0.66010322446","-1.7878638264"
"May-2010","-0.78665725069","-0.74155402882","-1.8473818685"
"May-2010","-0.80467446150","-0.75024571206","-1.8621212790"
"May-2010","-0.82652393498","-0.70070332313","-1.8469387745"
"May-2010","-0.81791609194","-0.64035177433","-1.8020064395"
"May-2010","-0.79243723167","-0.58869038210","-1.7531460674"
"May-2010","-0.76986826428","-0.54907486133","-1.6964790029"
"May-2010","-0.76574041919","-0.51120566282","-1.6386658991"
"May-2010","-0.77218937691","-0.49833298783","-1.5916164915"
"May-2010","-0.77785988564","-0.52506062573","-1.5816358382"
"May-2010","-0.79534404288","-0.58482587859","-1.5732411940"
"May-2010","-0.81690229962","-0.60305066928","-1.5587096563"
"May-2010","-0.83568082687","-0.60280951581","-1.5445820160"
"May-2010","-0.84439975636","-0.58829051476","-1.5249254787"
"May-2010","-0.84076402282","-0.55949713048","-1.4927582292"
"May-2010","-0.82825505673","-0.52360607158","-1.4319876348"
"May-2010","-0.81579022439","-0.46188851488","-1.3368512816"
"May-2010","-0.80705562980","-0.38413351817","-1.2040104638"
"May-2010","-0.77750021205","-0.30562176811","-1.0441776703"
"May-2010","-0.75221619332","-0.23969967386","-0.8681321785"
"May-2010","-0.73092710480","-0.15093393950","-0.6833180906"
"May-2010","-0.69748417466","-0.04860248548","-0.4804503948"
"May-2010","-0.65054247902"," 0.05315817407","-0.2544892611"
"Jun-2010","-0.59633687370"," 0.14961187180","-0.0402725142"
"Jun-2010","-0.54257425680"," 0.21008825437"," 0.1432126161"
"Jun-2010","-0.50318548641"," 0.24217916433"," 0.3078551714"
"Jun-2010","-0.48227944072"," 0.27326242033"," 0.4251375039"
"Jun-2010","-0.46540482822"," 0.28761648344"," 0.4849044416"
"Jun-2010","-0.43688888329"," 0.28182375034"," 0.5054323971"
"Jun-2010","-0.40966991310"," 0.24767284833"," 0.4996279866"
"Jun-2010","-0.39742769392"," 0.19825241601"," 0.4751552766"
"Jun-2010","-0.39139303586"," 0.16649654909"," 0.4434868731"
"Jun-2010","-0.37107415620"," 0.15542268995"," 0.4043722577"
"Jun-2010","-0.34427520875"," 0.11169352659"," 0.3458571013"
"Jun-2010","-0.31725995821"," 0.04115915930"," 0.2945006328"
"Jun-2010","-0.30516991426","-0.01394537843"," 0.2676451966"
"Jun-2010","-0.30834178481","-0.05070428451"," 0.2588930744"
"Jun-2010","-0.31130601026","-0.06911890943"," 0.2613495684"
"Jun-2010","-0.31877474018","-0.07797705726"," 0.2678090034"
"Jun-2010","-0.33002653629","-0.07970605780"," 0.2634928128"
"Jun-2010","-0.35223227151","-0.07195051039"," 0.2505369371"
"Jun-2010","-0.37844456654","-0.05247409383"," 0.2397556307"
"Jun-2010","-0.40187126226","-0.02255509180"," 0.2434508810"
"Jun-2010","-0.42209270281"," 0.01787079154"," 0.2592818367"
"Jun-2010","-0.41866894336"," 0.07385791459"," 0.2710461058"
"Jun-2010","-0.38791079826"," 0.14621769683"," 0.2751129140"
"Jun-2010","-0.33843058631"," 0.18517593199"," 0.2999100322"
"Jun-2010","-0.28467398598"," 0.17554159527"," 0.3397501128"
"Jun-2010","-0.25150657080"," 0.13243865587"," 0.4083584812"
"Jun-2010","-0.23878379630"," 0.08583843329"," 0.4934796913"
"Jun-2010","-0.23550619552"," 0.05485429271"," 0.5887810687"
"Jun-2010","-0.23733156466"," 0.07016604103"," 0.6758218256"
"Jun-2010","-0.18907693569"," 0.14340271297"," 0.7341810063"
"Jul-2010","-0.10836668131"," 0.22733498482"," 0.7652096014"
"Jul-2010","-0.07909209805"," 0.22461412539"," 0.7503857921"
"Jul-2010","-0.08351453503"," 0.11554910502"," 0.6676620780"
"Jul-2010","-0.09478973706"," 0.03494635998"," 0.5079769419"
"Jul-2010","-0.09798985615","-0.01564484398"," 0.3617557384"
"Jul-2010","-0.11079194667","-0.00409842502"," 0.3340695819"
"Jul-2010","-0.08069342328"," 0.02882116742"," 0.3704658234"
"Jul-2010"," 0.01767066300"," 0.00205565663"," 0.4111606048"
"Jul-2010"," 0.06477763093","-0.03918698951"," 0.4805641891"
"Jul-2010"," 0.04325070439","-0.08581204968"," 0.5801763605"
"Jul-2010","-0.03480125253","-0.15779674344"," 0.6839699684"
"Jul-2010","-0.14450030301","-0.19430316353"," 0.7246828063"
"Jul-2010","-0.25905788185","-0.17219337686"," 0.7187573970"
"Jul-2010","-0.35228359581","-0.11332955768"," 0.7229168816"
"Jul-2010","-0.42979945418","-0.08370332196"," 0.7568959476"
"Jul-2010","-0.48146173727","-0.05748828933"," 0.7894011172"
"Jul-2010","-0.49761564519","-0.01050634317"," 0.8156322046"
"Jul-2010","-0.48884986715"," 0.02382540927"," 0.8318749699"
"Jul-2010","-0.48471442798"," 0.00771604010"," 0.8556116650"
"Jul-2010","-0.46996098717"," 0.04229147087"," 0.8821504432"
"Jul-2010","-0.43417878462"," 0.11074259391"," 0.9071300739"
"Jul-2010","-0.35835299590"," 0.17126242756"," 0.9203478702"
"Jul-2010","-0.26866711720"," 0.16283556102"," 0.8987734497"
"Jul-2010","-0.22404290224"," 0.08397819875"," 0.8503194502"
"Jul-2010","-0.22530498821"," 0.06195484450"," 0.7964990215"
"Jul-2010","-0.24108102608","-0.00686948807"," 0.7559130660"
"Jul-2010","-0.26675942375","-0.11570204517"," 0.7204577502"
"Jul-2010","-0.31376785197","-0.23286816644"," 0.7091769486"
"Jul-2010","-0.38947525364","-0.33059439354"," 0.6988453503"
"Jul-2010","-0.49276082216","-0.39323828021"," 0.7034103553"
"Jul-2010","-0.61364600007","-0.40580139564"," 0.7249698030"
"Aug-2010","-0.70941687058","-0.40222002874"," 0.7615440936"
"Aug-2010","-0.77451790020","-0.39621937637"," 0.7940944247"
"Aug-2010","-0.82470626998","-0.39371524386"," 0.8103785373"
"Aug-2010","-0.86633155414","-0.39900805471"," 0.7993232998"
"Aug-2010","-0.89485417600","-0.39068177154"," 0.7452237463"
"Aug-2010","-0.91029416634","-0.37269461126"," 0.6847201039"
"Aug-2010","-0.91827437823","-0.34608059206"," 0.6211641439"
"Aug-2010","-0.91632511907","-0.34255735565"," 0.5638540249"
"Aug-2010","-0.91135363325","-0.35431539310"," 0.5156592678"
"Aug-2010","-0.89847582196","-0.34411084907"," 0.4661814856"
"Aug-2010","-0.86553718325","-0.27487496435"," 0.4179584468"
"Aug-2010","-0.78007024200","-0.17910127597"," 0.3677895271"
"Aug-2010","-0.69184572986","-0.20242945431"," 0.3397447161"
"Aug-2010","-0.65822321973","-0.26709622347"," 0.3218017599"
"Aug-2010","-0.64197069873","-0.28588576072"," 0.3065919475"
"Aug-2010","-0.63387606192","-0.28652783845"," 0.3022006906"
"Aug-2010","-0.61258396511","-0.20797786319"," 0.3426837038"
"Aug-2010","-0.58034882504","-0.08053697156"," 0.3861129680"
"Aug-2010","-0.54297248781"," 0.03454173651"," 0.3873502636"
"Aug-2010","-0.49778238494"," 0.11955165377"," 0.3746551723"
"Aug-2010","-0.44874637207"," 0.17422009536"," 0.3523167392"
"Aug-2010","-0.41547909647"," 0.18458863784"," 0.3329902502"
"Aug-2010","-0.41353889886"," 0.20721578591"," 0.3281866967"
"Aug-2010","-0.39833516902"," 0.27363063885"," 0.3388891631"
"Aug-2010","-0.36364915648"," 0.31809441898"," 0.3637834212"
"Aug-2010","-0.32672541951"," 0.33719844808"," 0.4384586482"
"Aug-2010","-0.29389606963"," 0.35166812628"," 0.5262032835"
"Aug-2010","-0.28664525699"," 0.36156211254"," 0.6247647701"
"Aug-2010","-0.29080498256"," 0.33821919607"," 0.7070920936"
"Aug-2010","-0.26768234383"," 0.33059576342"," 0.7931006686"
"Aug-2010","-0.20602591154"," 0.35519253704"," 0.8735984843"
"Sep-2010","-0.14253435153"," 0.37251865378"," 0.9159693542"
"Sep-2010","-0.09737957767"," 0.37679142126"," 0.9304836469"
"Sep-2010","-0.08304634303"," 0.34795628871"," 0.9393990484"
"Sep-2010","-0.09563414822"," 0.31808743158"," 0.9247927285"
"Sep-2010","-0.10618079479"," 0.28304472559"," 0.9050061439"
"Sep-2010","-0.11142445711"," 0.27433953729"," 0.9073681356"
"Sep-2010","-0.11462171465"," 0.31424606283"," 0.9379793215"
"Sep-2010","-0.13122994711"," 0.37314182442"," 0.9724263142"
"Sep-2010","-0.15656727120"," 0.41747302005"," 1.0134079706"
"Sep-2010","-0.20192851618"," 0.45287225974"," 1.0458844933"
"Sep-2010","-0.25926306895"," 0.46370379105"," 1.0865081849"
"Sep-2010","-0.31714109423"," 0.46221641373"," 1.1219640282"
"Sep-2010","-0.37572030692"," 0.44438655809"," 1.1655508910"
"Sep-2010","-0.41388459492"," 0.46170333872"," 1.1964874995"
"Sep-2010","-0.42439305093"," 0.51417356687"," 1.2266848469"
"Sep-2010","-0.41820797858"," 0.55635628292"," 1.2409495137"
"Sep-2010","-0.38224050965"," 0.53691345287"," 1.2020537267"
"Sep-2010","-0.33042550103"," 0.49266328762"," 1.1519644990"
"Sep-2010","-0.29164315703"," 0.44216427040"," 1.1451025057"
"Sep-2010","-0.30281622409"," 0.42408809414"," 1.1642022133"
"Sep-2010","-0.35383168904"," 0.42715932191"," 1.1986769198"
"Sep-2010","-0.41458574564"," 0.51480677823"," 1.2620958127"
"Sep-2010","-0.43181445539"," 0.64152843711"," 1.3000223924"
"Sep-2010","-0.42127026681"," 0.74453314795"," 1.3412565961"
"Sep-2010","-0.38961913775"," 0.81547660125"," 1.3660482771"
"Sep-2010","-0.36911165325"," 0.84955721821"," 1.3810090317"
"Sep-2010","-0.37381525489"," 0.85787081836"," 1.3795059203"
"Sep-2010","-0.38347258613"," 0.80538203543"," 1.3459551380"
"Sep-2010","-0.40512138493"," 0.76830664111"," 1.3162235669"
"Sep-2010","-0.45179053721"," 0.72238261122"," 1.2222220132"
"Oct-2010","-0.51707114682"," 0.50992064597"," 1.0681517554"
"Oct-2010","-0.60439276966"," 0.30253635003"," 0.9388183598"
"Oct-2010","-0.69969739256"," 0.16492068424"," 0.7997138475"
"Oct-2010","-0.74654953667","-0.02216461929"," 0.6641204093"
"Oct-2010","-0.81566317934","-0.22840638678"," 0.5506049038"
"Oct-2010","-0.89507990750","-0.37228664089"," 0.4495031329"
"Oct-2010","-1.00758653245","-0.48038763453"," 0.3849090263"
"Oct-2010","-1.19653946009","-0.50874480523"," 0.3900168215"
"Oct-2010","-1.39998568520","-0.43198812636"," 0.4181913552"
"Oct-2010","-1.53888656978","-0.32794105943"," 0.4313333142"
"Oct-2010","-1.59277241634","-0.23112131573"," 0.4344020652"
"Oct-2010","-1.58926204026","-0.14640892091"," 0.4118674859"
"Oct-2010","-1.56876192973","-0.10947826565"," 0.3708077606"
"Oct-2010","-1.53904043260","-0.14406990249"," 0.2691715582"
"Oct-2010","-1.52156056766","-0.25967319423"," 0.1269713927"
"Oct-2010","-1.57333511117","-0.36486149781"," 0.0026009753"
"Oct-2010","-1.66241621436","-0.38889875075","-0.0848666045"
"Oct-2010","-1.75852973597","-0.32409880991","-0.1560042610"
"Oct-2010","-1.81437206891","-0.27946915236","-0.2350933054"
"Oct-2010","-1.81565293832","-0.23888549464","-0.3119397744"
"Oct-2010","-1.80380531819","-0.26532447647","-0.4283507698"
"Oct-2010","-1.77695266183","-0.34747038061","-0.5322054451"
"Oct-2010","-1.73606048225","-0.34947511933","-0.5829740431"
"Oct-2010","-1.70258108581","-0.25780767511","-0.5912904967"
"Oct-2010","-1.68806860136","-0.13496660838","-0.5851248752"
"Oct-2010","-1.66979810755","-0.06115696941","-0.6406080022"
"Oct-2010","-1.65555148953","-0.03604512438","-0.7267558759"
"Oct-2010","-1.59119368994","-0.08117940160","-0.8013134719"
"Oct-2010","-1.48604867060","-0.21161970929","-0.8837254783"
"Oct-2010","-1.37376843751","-0.36855384111","-1.0318609537"
"Oct-2010","-1.41289904562","-0.45049781519","-1.1725903066"
"Nov-2010","-1.52403910169","-0.50431056416","-1.3504583270"
"Nov-2010","-1.61504825930","-0.57845600950","-1.5284378107"
"Nov-2010","-1.72618163845","-0.59976024844","-1.6487272587"
"Nov-2010","-1.85651940072","-0.57764664512","-1.7477682770"
"Nov-2010","-1.85647556046","-0.81284139153","-1.9494902582"
"Nov-2010","-1.89052744836","-1.31679102785","-2.2068951239"
"Nov-2010","-2.00173016483","-1.62738666211","-2.2809497757"
"Nov-2010","-2.11983095408","-1.65405399696","-2.2819347268"
"Nov-2010","-2.23382866158","-1.60540200280","-2.2618248296"
"Nov-2010","-2.33700288684","-1.52279851185","-2.2582123551"
"Nov-2010","-2.37414160618","-1.38652284202","-2.2538901592"
"Nov-2010","-2.32240994908","-1.26010481222","-2.2550792094"
"Nov-2010","-2.24051002772","-1.15235195564","-2.1950490528"
"Nov-2010","-2.19478301920","-1.03689123041","-2.0803297272"
"Nov-2010","-2.13460328840","-0.92852172085","-1.9906485436"
"Nov-2010","-2.15625124341","-0.77609581436","-1.8595414733"
"Nov-2010","-2.21958883055","-0.64594580683","-1.7491199573"
"Nov-2010","-2.15370571998","-0.57230345450","-1.6827248275"
"Nov-2010","-2.01996349531","-0.55993598635","-1.6339236159"
"Nov-2010","-1.88259764360","-0.53571629762","-1.5081719379"
"Nov-2010","-1.77413444830","-0.45254177731","-1.3767811171"
"Nov-2010","-1.64134324550","-0.34617812211","-1.2542389902"
"Nov-2010","-1.52078927252","-0.20934798132","-1.1139676634"
"Nov-2010","-1.39772095958","-0.13113081781","-0.9937815634"
"Nov-2010","-1.28286567050","-0.09835696263","-0.8965654273"
"Nov-2010","-1.20392652607","-0.05535261021","-0.8005380573"
"Nov-2010","-1.11039888293","-0.07092512370","-0.7517998608"
"Nov-2010","-0.96498601338","-0.14275122104","-0.7445564495"
"Nov-2010","-0.89889555121","-0.13101220812","-0.6933127833"
"Nov-2010","-0.90763568545","-0.03017218294","-0.6294202828"
"Dec-2010","-0.94515066064","-0.06187297269","-0.5998287814"
"Dec-2010","-0.87920195477","-0.34167606213","-0.6940723325"
"Dec-2010","-0.85601228996","-0.51851871386","-0.7060992526"
"Dec-2010","-0.90692466609","-0.51469402093","-0.6796432097"
"Dec-2010","-0.98813877166","-0.48978668955","-0.6403207620"
"Dec-2010","-0.96688233404","-0.50967107649","-0.6536340344"
"Dec-2010","-0.92233229901","-0.58430710797","-0.6610324474"
"Dec-2010","-0.98224829120","-0.59908170703","-0.6209888764"
"Dec-2010","-1.01829199449","-0.51454857726","-0.5757759151"
"Dec-2010","-1.00684366928","-0.41264094739","-0.5428303701"
"Dec-2010","-1.01809432810","-0.29996713896","-0.5122666586"
"Dec-2010","-1.11289099094","-0.23215956159","-0.4857858235"
"Dec-2010","-1.22671385099","-0.49171744400","-0.5567420224"
"Dec-2010","-1.26780564134","-0.95833820182","-0.7124396365"
"Dec-2010","-1.34251946490","-1.17538472538","-0.6873932576"
"Dec-2010","-1.52507828102","-1.05219651978","-0.6020777272"
"Dec-2010","-1.70613533884","-0.88528161698","-0.5603529955"
"Dec-2010","-1.75310370550","-0.75745495025","-0.5565918898"
"Dec-2010","-1.74056682105","-0.66348823947","-0.5741669399"
"Dec-2010","-1.70158350888","-0.70224049304","-0.6389815792"
"Dec-2010","-1.69288002437","-0.69780730889","-0.6468888200"
"Dec-2010","-1.74378498984","-0.59714284954","-0.6456317232"
"Dec-2010","-1.76568619116","-0.58124697783","-0.6804563197"
"Dec-2010","-1.68607935401","-0.61046183755","-0.7197907780"
"Dec-2010","-1.61001657107","-0.56556472100","-0.7240416813"
"Dec-2010","-1.64649886043","-0.53908698552","-0.7506943573"
"Dec-2010","-1.61250288262","-0.82492073206","-0.9693735321"
"Dec-2010","-1.57917855965","-1.11513235072","-1.0153664931"
"Dec-2010","-1.59130602374","-1.08246917834","-0.9832279312"
"Dec-2010","-1.60232001852","-0.96086118271","-0.9825616264"
"Dec-2010","-1.57831723606","-0.81363689853","-1.0080337327"
"Jan-2011","-1.53533344701","-0.75669615739","-1.0734727808"
"Jan-2011","-1.49116568440","-0.72239082791","-1.0838173230"
"Jan-2011","-1.37416739522","-0.79738703358","-1.1190209435"
"Jan-2011","-1.28180315160","-0.85448750238","-1.1253603942"
"Jan-2011","-1.25976499991","-0.86108314092","-1.1158017759"
"Jan-2011","-1.28773952676","-0.88879565031","-1.1167249696"
"Jan-2011","-1.30975258495","-0.99217697629","-1.1560915644"
"Jan-2011","-1.37642419658","-1.12168085456","-1.1093342256"
"Jan-2011","-1.42506971927","-1.11883105113","-1.1033216582"
"Jan-2011","-1.43861291202","-1.00979398037","-1.0932840358"
"Jan-2011","-1.44929434447","-0.97156689765","-1.1383915390"
"Jan-2011","-1.36412177499","-1.16715739708","-1.2359607303"
"Jan-2011","-1.27172322957","-1.45624521824","-1.3296765451"
"Jan-2011","-1.27726320805","-1.55004317443","-1.3289183348"
"Jan-2011","-1.34757341476","-1.46390088689","-1.3149728824"
"Jan-2011","-1.35016178791","-1.41532816158","-1.3463656505"
"Jan-2011","-1.33594958174","-1.36700345972","-1.3627127783"
"Jan-2011","-1.35826225786","-1.29771707780","-1.3896498542"
"Jan-2011","-1.40885469179","-1.33272167602","-1.4297432530"
"Jan-2011","-1.39098591419","-1.38458764062","-1.4510198834"
"Jan-2011","-1.42088669783","-1.37543631546","-1.4209646751"
"Jan-2011","-1.44460097834","-1.41294034878","-1.4467671948"
"Jan-2011","-1.43510558092","-1.55848102117","-1.5139947896"
"Jan-2011","-1.43277155467","-1.58855145608","-1.4757791438"
"Jan-2011","-1.46802220778","-1.44373365692","-1.4481662684"
"Jan-2011","-1.52662897197","-1.35990461074","-1.4604529178"
"Jan-2011","-1.51258768780","-1.45605133249","-1.5457462123"
"Jan-2011","-1.50223646975","-1.56088181058","-1.5640175532"
"Jan-2011","-1.55655932485","-1.60405444785","-1.5724892926"
"Jan-2011","-1.60099577875","-1.61330694356","-1.5658726647"
"Jan-2011","-1.62065859528","-1.57220381060","-1.5466548392"
"Feb-2011","-1.61958342659","-1.53086099212","-1.5317609139"
"Feb-2011","-1.65503314018","-1.50031647074","-1.5174821671"
"Feb-2011","-1.66082115549","-1.52641530110","-1.5437804491"
"Feb-2011","-1.61797245284","-1.54738338138","-1.5527463276"
"Feb-2011","-1.62916118501","-1.50494870780","-1.5307801017"
"Feb-2011","-1.65443118953","-1.54924614077","-1.5547032858"
"Feb-2011","-1.64121109402","-1.59939473092","-1.5846161928"
"Feb-2011","-1.67048732816","-1.63667452146","-1.6013009160"
"Feb-2011","-1.64628071599","-1.73443098815","-1.6420331494"
"Feb-2011","-1.65767280094","-1.73337788673","-1.6278803111"
"Feb-2011","-1.69121452759","-1.75527053545","-1.6534241970"
"Feb-2011","-1.66980239284","-1.83332469870","-1.6840539263"
"Feb-2011","-1.64901631172","-1.86367527561","-1.6712235940"
"Feb-2011","-1.66549815948","-1.78844208542","-1.5974502176"
"Feb-2011","-1.66684062538","-1.71805844639","-1.5568627607"
"Feb-2011","-1.62181370367","-1.69206154991","-1.5269436861"
"Feb-2011","-1.57444816991","-1.60749823925","-1.4650577282"
"Feb-2011","-1.52845206655","-1.51020934137","-1.4064175155"
"Feb-2011","-1.48111063576","-1.43100889175","-1.3483082853"
"Feb-2011","-1.42318888027","-1.38382072912","-1.3160223499"
"Feb-2011","-1.37167315940","-1.34384638467","-1.2789722606"
"Feb-2011","-1.33937917433","-1.27572813210","-1.2420905633"
"Feb-2011","-1.29829211653","-1.24627082712","-1.2169266347"
"Feb-2011","-1.25431549013","-1.19750703451","-1.1620227355"
"Feb-2011","-1.23429010177","-1.10170633600","-1.1007891241"
"Feb-2011","-1.22125769395","-1.02601996283","-1.0689147955"
"Feb-2011","-1.17512911595","-0.98045000049","-1.0367963594"
"Feb-2011","-1.13601123803","-0.87735821135","-0.9806470089"
"Mar-2011","-1.11613923557","-0.78454835612","-0.9459469818"
"Mar-2011","-1.06028652038","-0.78409517314","-0.9531094026"
"Mar-2011","-1.00023805355","-0.77669152073","-0.9386106101"
"Mar-2011","-0.95946000540","-0.68374596896","-0.9018399298"
"Mar-2011","-0.92160142528","-0.59009269311","-0.8901038612"
"Mar-2011","-0.87548942954","-0.57626562110","-0.9067917900"
"Mar-2011","-0.83622436573","-0.69183503274","-0.9530978789"
"Mar-2011","-0.82578649437","-0.79064148883","-0.9574908806"
"Mar-2011","-0.83401529340","-0.77746812065","-0.9383308765"
"Mar-2011","-0.84462911279","-0.77528047638","-0.9080142345"
"Mar-2011","-0.82363879841","-0.90900351290","-0.9378957760"
"Mar-2011","-0.80712723465","-1.06576712861","-0.9250515665"
"Mar-2011","-0.83188366608","-1.04052616342","-0.8487802271"
"Mar-2011","-0.84303215325","-0.96190038364","-0.7794457443"
"Mar-2011","-0.82711450582","-0.88635170341","-0.7313738119"
"Mar-2011","-0.80749567629","-0.84276040915","-0.7056533782"
"Mar-2011","-0.78733627247","-0.83817778853","-0.7030963765"
"Mar-2011","-0.78146006303","-0.84630290495","-0.6817557572"
"Mar-2011","-0.78853822941","-0.82907191084","-0.6340694222"
"Mar-2011","-0.78235378072","-0.80575688526","-0.5816595502"
"Mar-2011","-0.76129988879","-0.76512308265","-0.5266743766"
"Mar-2011","-0.74402187250","-0.68938668202","-0.4693257912"
"Mar-2011","-0.73101958422","-0.64894059980","-0.4333450112"
"Mar-2011","-0.73509988371","-0.64494797433","-0.4281019343"
"Mar-2011","-0.74838513429","-0.69208329106","-0.4554205499"
"Mar-2011","-0.76775233172","-0.73009024122","-0.4944590035"
"Mar-2011","-0.80100159429","-0.74579762921","-0.5331127930"
"Mar-2011","-0.82880274116","-0.77581774307","-0.5883895079"
"Mar-2011","-0.83684308208","-0.81535158755","-0.6470951298"
"Mar-2011","-0.85325155702","-0.82762956997","-0.6769576003"
"Mar-2011","-0.87788255761","-0.84858209007","-0.7165563731"
"Apr-2011","-0.89188337666","-0.92171759146","-0.7684748651"
"Apr-2011","-0.92241916541","-0.98800725832","-0.8050119067"
"Apr-2011","-0.95954665871","-1.01745505104","-0.8187058667"
"Apr-2011","-0.98426750432","-1.03199530789","-0.8253072379"
"Apr-2011","-1.02786295890","-1.00491148860","-0.8113765958"
"Apr-2011","-1.03580398970","-1.05111965330","-0.8477823727"
"Apr-2011","-1.05156623348","-1.10231653003","-0.8566391008"
"Apr-2011","-1.09566421854","-1.09848026972","-0.8661118189"
"Apr-2011","-1.12458774951","-1.11548032724","-0.8718557301"
"Apr-2011","-1.14584345340","-1.12099056963","-0.8765829594"
"Apr-2011","-1.17081864591","-1.12598080832","-0.8911388023"
"Apr-2011","-1.20589037939","-1.13951834350","-0.9094907278"
"Apr-2011","-1.22344244319","-1.19117656498","-0.9432557940"
"Apr-2011","-1.23065055284","-1.24748551958","-0.9625215401"
"Apr-2011","-1.23624343312","-1.25228228355","-0.9644524077"
"Apr-2011","-1.25667226195","-1.21048575361","-0.9582628868"
"Apr-2011","-1.26556746966","-1.22445169292","-0.9818324072"
"Apr-2011","-1.24353592152","-1.25549138041","-1.0181373113"
"Apr-2011","-1.23503465251","-1.26275275990","-1.0365879591"
"Apr-2011","-1.23213723302","-1.23874445478","-1.0316281865"
"Apr-2011","-1.22153687755","-1.18704877143","-1.0207776569"
"Apr-2011","-1.19955984542","-1.16161292229","-1.0187501363"
"Apr-2011","-1.18829385167","-1.10806798461","-1.0026320217"
"Apr-2011","-1.18430699247","-1.02345781726","-0.9827594963"
"Apr-2011","-1.17028962784","-0.96061611075","-0.9924167964"
"Apr-2011","-1.17025484912","-0.92296428505","-1.0112125869"
"Apr-2011","-1.18331337767","-0.89618074793","-1.0268651688"
"Apr-2011","-1.23637814563","-0.88091591503","-1.0509724885"
"Apr-2011","-1.25472568090","-0.98303692492","-1.1045850850"
"Apr-2011","-1.25287022890","-1.13469738785","-1.1691111044"
"May-2011","-1.30534016336","-1.18797063886","-1.1732844662"
"May-2011","-1.36788282932","-1.14381917802","-1.1398834108"
"May-2011","-1.42238053186","-1.08826445191","-1.1123179285"
"May-2011","-1.45382610695","-1.07904607116","-1.1044890001"
"May-2011","-1.40704197946","-1.12773405926","-1.1190136398"
"May-2011","-1.41836065489","-1.10090977207","-1.1034064223"
"May-2011","-1.45834521262","-1.04227818128","-1.1024306009"
"May-2011","-1.48958123493","-1.00791460388","-1.1092531134"
"May-2011","-1.50332297454","-0.98328371529","-1.1164430450"
"May-2011","-1.48847341533","-0.97900366682","-1.1291529466"
"May-2011","-1.46084300702","-0.95812049230","-1.1352181821"
"May-2011","-1.43600854359","-0.91773365621","-1.1303367625"
"May-2011","-1.41180145450","-0.89645936328","-1.1273612966"
"May-2011","-1.40995935635","-0.86645545550","-1.0998261654"
"May-2011","-1.40586977520","-0.84954764345","-1.0789631707"
"May-2011","-1.37458822506","-0.88794371562","-1.0871892201"
"May-2011","-1.36131445733","-0.94311278408","-1.0683221775"
"May-2011","-1.34273440357","-0.93918821239","-1.0349903453"
"May-2011","-1.31314963669","-0.87805753881","-0.9919405109"
"May-2011","-1.27078427753","-0.78886686466","-0.9394156049"
"May-2011","-1.23752173448","-0.71656521291","-0.8811739333"
"May-2011","-1.21253249107","-0.65282324707","-0.8398547220"
"May-2011","-1.18345491385","-0.60050832716","-0.8042957336"
"May-2011","-1.14737456083","-0.52847366466","-0.7647231731"
"May-2011","-1.10445336583","-0.46570394602","-0.7523878320"
"May-2011","-1.07366917338","-0.45070081777","-0.7593688764"
"May-2011","-1.06320209964","-0.45956501352","-0.7774637911"
"May-2011","-1.04682726614","-0.48828517687","-0.8083706165"
"May-2011","-1.02045101954","-0.51602264127","-0.8427247299"
"May-2011","-0.98352625535","-0.51687862747","-0.8604419191"
"May-2011","-0.95029397860","-0.49345849726","-0.8728679484"
"Jun-2011","-0.92164886081","-0.49893468340","-0.8886052132"
"Jun-2011","-0.90601208455","-0.51773085575","-0.8993142124"
"Jun-2011","-0.89582544175","-0.49743849843","-0.8880444071"
"Jun-2011","-0.86826686544","-0.48384670812","-0.8646555327"
"Jun-2011","-0.85956051939","-0.46070718966","-0.8367639786"
"Jun-2011","-0.85662564307","-0.42519433128","-0.8190345759"
"Jun-2011","-0.83772384947","-0.41510598952","-0.8278383924"
"Jun-2011","-0.82146468823","-0.38394786849","-0.8353122369"
"Jun-2011","-0.79198576165","-0.32555108966","-0.8306048088"
"Jun-2011","-0.74071657348","-0.29044414654","-0.8349410442"
"Jun-2011","-0.69446487588","-0.29352653068","-0.8420900342"
"Jun-2011","-0.66239757616","-0.31521771907","-0.8502537177"
"Jun-2011","-0.64693707812","-0.33626360026","-0.8349407196"
"Jun-2011","-0.64058112046","-0.34395919693","-0.8052455455"
"Jun-2011","-0.63927174571","-0.35447388769","-0.7732422245"
"Jun-2011","-0.64056736305","-0.35493992984","-0.7330193870"
"Jun-2011","-0.64191360765","-0.32822761726","-0.6962343427"
"Jun-2011","-0.63913391485","-0.29121692981","-0.6739967419"
"Jun-2011","-0.63330994686","-0.25557054744","-0.6714788964"
"Jun-2011","-0.61422945375","-0.24840382084","-0.6902965982"
"Jun-2011","-0.58759746616","-0.24584801678","-0.7007747178"
"Jun-2011","-0.56367374292","-0.24601688880","-0.7158792345"
"Jun-2011","-0.52901003572","-0.24828309731","-0.7205214158"
"Jun-2011","-0.48866540084","-0.25160123289","-0.7365081847"
"Jun-2011","-0.44063034005","-0.28640607360","-0.7650813408"
"Jun-2011","-0.41488179796","-0.31816000284","-0.7794949229"
"Jun-2011","-0.39916629267","-0.33508460815","-0.7854043451"
"Jun-2011","-0.38344077199","-0.33323664561","-0.7859808543"
"Jun-2011","-0.36667779624","-0.31448938508","-0.7950831100"
"Jun-2011","-0.35797636616","-0.29995288617","-0.8248354969"
"Jul-2011","-0.36190881941","-0.31981842474","-0.8567984443"
"Jul-2011","-0.37916684161","-0.34678551330","-0.8846187868"
"Jul-2011","-0.40365825040","-0.35093274239","-0.9015242861"
"Jul-2011","-0.42598912298","-0.34114838202","-0.9132851468"
"Jul-2011","-0.44081149756","-0.32951864269","-0.9168765622"
"Jul-2011","-0.46430122053","-0.33164451596","-0.9267470505"
"Jul-2011","-0.49186603353","-0.36556142805","-0.9263825123"
"Jul-2011","-0.51444241159","-0.37019084666","-0.9043014552"
"Jul-2011","-0.53390796528","-0.34609287965","-0.9053236554"
"Jul-2011","-0.52739498978","-0.36525515668","-0.9171795866"
"Jul-2011","-0.51578366683","-0.40707012396","-0.9081323930"
"Jul-2011","-0.51740179443","-0.41885170719","-0.8878342620"
"Jul-2011","-0.52297288298","-0.41096839013","-0.8666284374"
"Jul-2011","-0.52485009002","-0.40708051698","-0.8322941252"
"Jul-2011","-0.54065540366","-0.39293443187","-0.7857657589"
"Jul-2011","-0.55735648942","-0.37179806674","-0.7329155115"
"Jul-2011","-0.56927553800","-0.33162126376","-0.6760824490"
"Jul-2011","-0.56688263005","-0.27184773171","-0.6319813617"
"Jul-2011","-0.54750871901","-0.23357796125","-0.5879169960"
"Jul-2011","-0.51395627993","-0.22115218645","-0.5430229245"
"Jul-2011","-0.48183145591","-0.23386092170","-0.4871574463"
"Jul-2011","-0.45766901419","-0.23701141833","-0.4331852214"
"Jul-2011","-0.43523120071","-0.22358703211","-0.3829211907"
"Jul-2011","-0.40964569304","-0.20044862928","-0.3399763274"
"Jul-2011","-0.38159306082","-0.20422675910","-0.3096540453"
"Jul-2011","-0.36068635477","-0.23890136401","-0.2957110680"
"Jul-2011","-0.36471951222","-0.27659188465","-0.2827005360"
"Jul-2011","-0.38296770070","-0.23962500058","-0.2639350560"
"Jul-2011","-0.36750577189","-0.18486719070","-0.2543500631"
"Jul-2011","-0.32091630249","-0.19569743022","-0.2513771535"
"Jul-2011","-0.31399783207","-0.25072487165","-0.2486604025"
"Aug-2011","-0.31131003874","-0.29598087060","-0.2477777040"
"Aug-2011","-0.32047169986","-0.32978022991","-0.2552600695"
"Aug-2011","-0.32766740951","-0.38083559706","-0.2862862300"
"Aug-2011","-0.32335572881","-0.43036958936","-0.3467272225"
"Aug-2011","-0.30762903416","-0.45933789357","-0.4078017340"
"Aug-2011","-0.28636206755","-0.47474088916","-0.4546232646"
"Aug-2011","-0.26240286855","-0.49423404026","-0.5045560298"
"Aug-2011","-0.26080227705","-0.56464891709","-0.5664040894"
"Aug-2011","-0.29658858848","-0.66105851785","-0.6183909526"
"Aug-2011","-0.37335589729","-0.75621936990","-0.6628648151"
"Aug-2011","-0.46847998636","-0.84526507012","-0.7007599886"
"Aug-2011","-0.55975607430","-0.88875654434","-0.7235887872"
"Aug-2011","-0.63608938285","-0.88280826813","-0.7370958524"
"Aug-2011","-0.69083838732","-0.86180812800","-0.7500348889"
"Aug-2011","-0.73691747534","-0.87422656309","-0.7735292213"
"Aug-2011","-0.77924647827","-0.90888660602","-0.8052204287"
"Aug-2011","-0.81259472077","-0.91914452441","-0.8298178299"
"Aug-2011","-0.82278565589","-0.88861685500","-0.8548540242"
"Aug-2011","-0.80893591148","-0.83393185503","-0.8741492693"
"Aug-2011","-0.77908355391","-0.78847392601","-0.8982072888"
"Aug-2011","-0.74213589741","-0.74631322908","-0.9060843002"
"Aug-2011","-0.70912527995","-0.69578426585","-0.9070461227"
"Aug-2011","-0.67511492107","-0.66358883844","-0.8980631209"
"Aug-2011","-0.63943544048","-0.62699492902","-0.8623008854"
"Aug-2011","-0.61146854440","-0.55493466562","-0.7838377722"
"Aug-2011","-0.57052302277","-0.50677120248","-0.7097557313"
"Aug-2011","-0.53887890081","-0.56202323900","-0.6486000265"
"Aug-2011","-0.57472970695","-0.63015781508","-0.5749175413"
"Aug-2011","-0.62262301145","-0.62820621585","-0.5353143456"
"Aug-2011","-0.63665284946","-0.59323162236","-0.4946945494"
"Aug-2011","-0.60998545948","-0.51208937936","-0.4265786565"
"Sep-2011","-0.54021061759","-0.38118015235","-0.3468866065"
"Sep-2011","-0.42659954819","-0.26627149066","-0.3122039867"
"Sep-2011","-0.29868055778","-0.15761444067","-0.2767786568"
"Sep-2011","-0.31067998629"," 0.02522199347","-0.2498659674"
"Sep-2011","-0.41852186050"," 0.10350274821","-0.2117024217"
"Sep-2011","-0.40461301428"," 0.10591404809","-0.1332492497"
"Sep-2011","-0.27281172095"," 0.00523197344","-0.2141905247"
"Sep-2011","-0.18392256107","-0.17186656990","-0.3047464539"
"Sep-2011","-0.15436530901","-0.37363082141","-0.3843101202"
"Sep-2011","-0.18667694024","-0.53278465734","-0.4595658329"
"Sep-2011","-0.24671972067","-0.68179067052","-0.5592781873"
"Sep-2011","-0.32392579897","-0.88105349053","-0.6716006661"
"Sep-2011","-0.43841048191","-1.07602633878","-0.7755457456"
"Sep-2011","-0.59234575185","-1.22303477680","-0.8713715321"
"Sep-2011","-0.73049078627","-1.30507463684","-0.9193368298"
"Sep-2011","-0.86080668345","-1.36186490018","-0.9564584146"
"Sep-2011","-0.94732204900","-1.38680299962","-0.9799313633"
"Sep-2011","-1.00036399801","-1.32901477074","-0.9966562165"
"Sep-2011","-1.02493747430","-1.26324504885","-1.0285123669"
"Sep-2011","-1.02252097699","-1.20211455143","-1.0537985116"
"Sep-2011","-1.01642516268","-1.17863370714","-1.0622353959"
"Sep-2011","-1.00060671531","-1.11089594508","-1.0768465850"
"Sep-2011","-0.99203764981","-1.08457727576","-1.1267289543"
"Sep-2011","-1.00389656936","-1.15197629558","-1.2016213055"
"Sep-2011","-1.01689669314","-1.23835527406","-1.2451544858"
"Sep-2011","-1.06726438610","-1.27148900985","-1.2685580082"
"Sep-2011","-1.10404904488","-1.31554323423","-1.3229323450"
"Sep-2011","-1.13842303948","-1.41506152464","-1.3814893356"
"Sep-2011","-1.17980182764","-1.48925130181","-1.4039486863"
"Sep-2011","-1.22050125681","-1.54206379526","-1.4369511599"
"Oct-2011","-1.24466934824","-1.66097248085","-1.5150145958"
"Oct-2011","-1.20295730071","-1.86303977425","-1.6181942424"
"Oct-2011","-1.22459014092","-1.99362358793","-1.6306354473"
"Oct-2011","-1.30418072598","-1.99361589592","-1.6335734612"
"Oct-2011","-1.37255587118","-1.92802203346","-1.6323857906"
"Oct-2011","-1.37769912278","-1.80160711569","-1.6187696561"
"Oct-2011","-1.30570123104","-1.68701793685","-1.6338789202"
"Oct-2011","-1.17319588876","-1.52587938492","-1.6473942224"
"Oct-2011","-0.93563683962","-1.28421424477","-1.7100414338"
"Oct-2011","-0.65229028607","-1.17113563672","-1.8333831588"
"Oct-2011","-0.48923825918","-1.34982343254","-1.9189093618"
"Oct-2011","-0.54177742090","-1.48440638935","-1.9500163505"
"Oct-2011","-0.69752397240","-1.53761287837","-1.9655610397"
"Oct-2011","-0.84878157445","-1.59365466757","-1.9654356993"
"Oct-2011","-0.92483786390","-1.59700797504","-1.9525411345"
"Oct-2011","-0.95719718748","-1.46962585980","-1.8407618923"
"Oct-2011","-0.94109687840","-1.25705068688","-1.6599018102"
"Oct-2011","-0.91743095058","-0.96755119614","-1.4935655158"
"Oct-2011","-0.94849124497","-0.84592963672","-1.5246171988"
"Oct-2011","-1.00315579732","-1.33730588203","-1.8787748184"
"Oct-2011","-1.14090355458","-1.82169883473","-2.0247781674"
"Oct-2011","-1.29985565475","-1.93792664762","-2.0675253021"
"Oct-2011","-1.39281190701","-1.97888850586","-2.0907167724"
"Oct-2011","-1.44359991620","-1.94660136145","-2.1287166330"
"Oct-2011","-1.51296985016","-1.97431439930","-2.2083433955"
"Oct-2011","-1.53984455505","-1.94851473547","-2.1629996160"
"Oct-2011","-1.56591747839","-1.81988410639","-2.1075219669"
"Oct-2011","-1.56420000399","-1.71050365470","-2.0883789237"
"Oct-2011","-1.57419884905","-1.64228687388","-2.1085130855"
"Oct-2011","-1.43245740892","-1.70295496965","-2.2955966509"
"Oct-2011","-1.34040422939","-1.73995438330","-2.3376134108"
"Nov-2011","-1.30986172703","-1.75622645913","-2.4350518243"
"Nov-2011","-1.26767257270","-1.83931624984","-2.4518975952"
"Nov-2011","-1.27157853836","-1.78340187799","-2.3511067206"
"Nov-2011","-1.37535339357","-1.82364679346","-2.2649049615"
"Nov-2011","-1.40414969606","-1.99098968937","-2.3404202412"
"Nov-2011","-1.39820891853","-1.99152149532","-2.2673909951"
"Nov-2011","-1.38671814713","-1.79396941465","-2.0955264935"
"Nov-2011","-1.29781567009","-1.59819653813","-1.9492486454"
"Nov-2011","-1.22033792890","-1.42238990099","-1.8280440376"
"Nov-2011","-1.18420126223","-1.35382492438","-1.7341467653"
"Nov-2011","-1.07909204883","-1.42315875017","-1.7162763597"
"Nov-2011","-1.02687734174","-1.47159724688","-1.6438862321"
"Nov-2011","-1.06301595278","-1.25594256700","-1.4231936979"
"Nov-2011","-1.10137233084","-1.00642323375","-1.2727466267"
"Nov-2011","-1.03413934373","-0.87227478771","-1.1890669331"
"Nov-2011","-0.95132743484","-0.79659663501","-1.1455050247"
"Nov-2011","-0.94859976338","-0.76388883720","-1.1464846602"
"Nov-2011","-0.79421438785","-0.88047271405","-1.2842365995"
"Nov-2011","-0.67731595908","-0.93102181744","-1.3138270054"
"Nov-2011","-0.67097045704","-0.82756057671","-1.2769769172"
"Nov-2011","-0.60995875177","-0.84371750719","-1.2817939421"
"Nov-2011","-0.51270017385","-0.83614275149","-1.2423648191"
"Nov-2011","-0.49716659648","-0.76172150925","-1.1732302967"
"Nov-2011","-0.45112962446","-0.81337755818","-1.2369024269"
"Nov-2011","-0.37321010549","-0.89607799201","-1.3155532464"
"Nov-2011","-0.33395854228","-0.84193777458","-1.3161991412"
"Nov-2011","-0.37087376799","-0.71250377033","-1.2912031176"
"Nov-2011","-0.53249304373","-0.61380793834","-1.2726182025"
"Nov-2011","-0.64475456675","-0.74638562797","-1.3698223686"
"Nov-2011","-0.70959629680","-0.99561131414","-1.4497795041"
"Dec-2011","-0.74049021831","-1.05789455688","-1.4436369300"
"Dec-2011","-0.75079198308","-0.98892824499","-1.3813596941"
"Dec-2011","-0.70595223544","-0.79901398280","-1.2605209636"
"Dec-2011","-0.67127517439","-0.56479682690","-1.1233024819"
"Dec-2011","-0.60665418648","-0.36350607470","-1.0006688553"
"Dec-2011","-0.58449823471","-0.22560298590","-0.8887234528"
"Dec-2011","-0.61431368575","-0.15713724216","-0.8547621998"
"Dec-2011","-0.64665829807","-0.33752755684","-0.9595845812"
"Dec-2011","-0.62670936420","-0.49566986346","-1.0261289510"
"Dec-2011","-0.63682032293","-0.49382806628","-1.0885203282"
"Dec-2011","-0.55724547634","-0.54475478301","-1.2105781761"
"Dec-2011","-0.52627480686","-0.51364692430","-1.2782987739"
"Dec-2011","-0.52998769193","-0.47172262472","-1.3655883451"
"Dec-2011","-0.49415588935","-0.45084361915","-1.4117929120"
"Dec-2011","-0.47698851928","-0.31413314497","-1.3519935944"
"Dec-2011","-0.49588660755","-0.15572948600","-1.2660755047"
"Dec-2011","-0.47412320040","-0.06924781031","-1.2112618475"
"Dec-2011","-0.39554941594","-0.07536930366","-1.1925211191"
"Dec-2011","-0.32780076462","-0.06636999855","-1.1156764760"
"Dec-2011","-0.31457769750"," 0.08916923629","-0.9607966788"
"Dec-2011","-0.28989966494"," 0.22475837911","-0.8400950153"
"Dec-2011","-0.19074073084"," 0.25619717061","-0.7728683944"
"Dec-2011","-0.11941086198"," 0.23774179562","-0.7492688474"
"Dec-2011","-0.06239115201"," 0.18512166126","-0.7326268917"
"Dec-2011"," 0.01331327806"," 0.14279590896","-0.7061312057"
"Dec-2011","-0.03825009846"," 0.18195965597","-0.6342788369"
"Dec-2011","-0.12791249786"," 0.24318821191","-0.5616648088"
"Dec-2011","-0.18413160025"," 0.15718514396","-0.5573976344"
"Dec-2011","-0.17750001757"," 0.04622724203","-0.5654564686"
"Dec-2011","-0.21137111483"," 0.09974698983","-0.5170058774"
"Dec-2011","-0.23882828989"," 0.14353581033","-0.4713036868"
"Jan-2012","-0.23041223640"," 0.09511503076","-0.4882728699"
"Jan-2012","-0.22164029504"," 0.05925297839","-0.4582687066"
"Jan-2012","-0.18850989645","-0.11675658702","-0.5015546551"
"Jan-2012","-0.19267090604","-0.36984595465","-0.5343062856"
"Jan-2012","-0.29632502627","-0.32381024375","-0.4354577616"
"Jan-2012","-0.37395806104","-0.24669409530","-0.3864087095"
"Jan-2012","-0.37449294894","-0.16582500690","-0.3337002359"
"Jan-2012","-0.38887167473","-0.03468918840","-0.2664987317"
"Jan-2012","-0.37805241143"," 0.06049702969","-0.1971933422"
"Jan-2012","-0.34047583976"," 0.16510261910","-0.1249421482"
"Jan-2012","-0.40184725530"," 0.26199887192","-0.0572211040"
"Jan-2012","-0.49252788608"," 0.25375907988","-0.0334977991"
"Jan-2012","-0.55999225440"," 0.21060975353","-0.0203745053"
"Jan-2012","-0.57245473880"," 0.20724346946","-0.0045764166"
"Jan-2012","-0.59388004397"," 0.24875122588"," 0.0224954541"
"Jan-2012","-0.58218999198"," 0.29557809868"," 0.0498682797"
"Jan-2012","-0.56217997524"," 0.43634966313"," 0.1090285193"
"Jan-2012","-0.55492490697"," 0.53983033941"," 0.1304407965"
"Jan-2012","-0.48874878204"," 0.51501020377"," 0.1253467161"
"Jan-2012","-0.44704348481"," 0.49145572753"," 0.1320957853"
"Jan-2012","-0.46268521372"," 0.55439519896"," 0.1661600211"
"Jan-2012","-0.46340800942"," 0.58849824606"," 0.1429752865"
"Jan-2012","-0.40818508988"," 0.57973862648"," 0.1127287605"
"Jan-2012","-0.35575793177"," 0.62051957558"," 0.1253918776"
"Jan-2012","-0.29274725726"," 0.64724915116"," 0.1374493517"
"Jan-2012","-0.23256004242"," 0.67641034292"," 0.1399173694"
"Jan-2012","-0.25509375417"," 0.68382697193"," 0.1293414201"
"Jan-2012","-0.21987090936"," 0.58884767492"," 0.0736765921"
"Jan-2012","-0.16785375860"," 0.48149122134"," 0.0347394577"
"Jan-2012","-0.11976253091"," 0.39611878118","-0.0021419961"
"Jan-2012","-0.10498715162"," 0.39237230019","-0.0055830759"
"Feb-2012","-0.11704997425"," 0.45695762793","-0.0110502968"
"Feb-2012","-0.11932056970"," 0.46555595007","-0.0411788266"
"Feb-2012","-0.09272849693"," 0.44295851314","-0.0786311495"
"Feb-2012","-0.06706257264"," 0.46868472116","-0.0978271449"
"Feb-2012","-0.05711695957"," 0.51760288253","-0.1025342078"
"Feb-2012","-0.02935073817"," 0.49215329346","-0.1478763642"
"Feb-2012"," 0.02681601272"," 0.41837078205","-0.2010882283"
"Feb-2012"," 0.04110991952"," 0.38444899639","-0.2640173644"
"Feb-2012"," 0.03527179058"," 0.30109726616","-0.3281784399"
"Feb-2012"," 0.02578406062"," 0.24005343601","-0.3781553116"
"Feb-2012","-0.02655545365"," 0.22997677907","-0.4508608393"
"Feb-2012","-0.03186845329"," 0.03642119924","-0.5771086853"
"Feb-2012","-0.02504965984","-0.14578754299","-0.6011536391"
"Feb-2012","-0.14068750679","-0.00472156814","-0.5716322130"
"Feb-2012","-0.23938089030"," 0.07131816797","-0.6208796431"
"Feb-2012","-0.20606339101"," 0.08743094276","-0.6530040845"
"Feb-2012","-0.17853801590"," 0.11321076002","-0.6334057338"
"Feb-2012","-0.14795108630"," 0.10456070761","-0.6242155490"
"Feb-2012","-0.16551753116"," 0.08958200592","-0.5913602459"
"Feb-2012","-0.19107867905"," 0.00381022688","-0.6013204080"
"Feb-2012","-0.15948907310","-0.08216483274","-0.5949606692"
"Feb-2012","-0.16300979475","-0.04478211013","-0.5564440278"
"Feb-2012","-0.17729188853","-0.03561040994","-0.5562474759"
"Feb-2012","-0.20605121112","-0.03343820842","-0.5450800041"
"Feb-2012","-0.20939745218","-0.07548235077","-0.5398803845"
"Feb-2012","-0.12110125479","-0.19886191726","-0.5731453874"
"Feb-2012","-0.09870265909","-0.20639222368","-0.5336409141"
"Feb-2012","-0.11549993663","-0.21747841353","-0.5046951045"
"Feb-2012","-0.11645719520","-0.29759709009","-0.4988536478"
"Mar-2012","-0.11758500889","-0.36749343117","-0.4889730153"
"Mar-2012","-0.12867200963","-0.41861556031","-0.4746067859"
"Mar-2012","-0.15596163785","-0.43943138567","-0.4458688897"
"Mar-2012","-0.18765136102","-0.49238515383","-0.4314534411"
"Mar-2012","-0.16849936609","-0.71001239515","-0.5587176847"
"Mar-2012","-0.19538793845","-0.87150102184","-0.5243772455"
"Mar-2012","-0.22673933952","-0.76316915031","-0.4280236820"
"Mar-2012","-0.18760018347","-0.60677968360","-0.3531764923"
"Mar-2012","-0.11804707426","-0.51838257878","-0.3242082440"
"Mar-2012","-0.07197811169","-0.51596012254","-0.3509966481"
"Mar-2012","-0.03160944721","-0.55885966392","-0.3914360823"
"Mar-2012","-0.02419281199","-0.53861985892","-0.3844162063"
"Mar-2012","-0.01357015118","-0.53098691401","-0.3520052146"
"Mar-2012"," 0.02290920327","-0.56172790471","-0.3432054151"
"Mar-2012"," 0.04662003526","-0.61197472953","-0.3458106216"
"Mar-2012"," 0.05347195653","-0.67782495335","-0.3317527726"
"Mar-2012"," 0.04197289401","-0.70487929636","-0.2875523949"
"Mar-2012"," 0.02602065129","-0.72051140830","-0.2512651416"
"Mar-2012"," 0.02075112505","-0.73717466125","-0.2251174791"
"Mar-2012"," 0.03827596753","-0.70873469864","-0.1872690902"
"Mar-2012"," 0.04621380661","-0.62721043847","-0.1293018773"
"Mar-2012"," 0.04113017042","-0.57506656314","-0.1037373380"
"Mar-2012"," 0.07377014505","-0.59951718848","-0.1010089417"
"Mar-2012"," 0.08948242194","-0.63820226903","-0.0987338647"
"Mar-2012"," 0.09152923027","-0.69288685798","-0.0904406207"
"Mar-2012"," 0.09240218346","-0.77260367080","-0.1274059054"
"Mar-2012"," 0.08832738693","-0.86057988736","-0.1414434662"
"Mar-2012"," 0.07836453124","-0.85044316224","-0.1246537719"
"Mar-2012"," 0.06032046597","-0.76999913107","-0.0891881091"
"Mar-2012"," 0.06765308931","-0.72345245900","-0.1037806736"
"Mar-2012"," 0.09138585977","-0.73063503937","-0.1237327286"
"Apr-2012"," 0.10696863362","-0.75784357499","-0.1663047356"
"Apr-2012"," 0.12452506310","-0.81396745149","-0.2009557059"
"Apr-2012"," 0.14427508324","-0.83164094198","-0.2122851585"
"Apr-2012"," 0.15930543309","-0.82333714767","-0.2081293663"
"Apr-2012"," 0.15752904031","-0.78459728354","-0.2094916371"
"Apr-2012"," 0.14620020274","-0.77345114294","-0.2492141273"
"Apr-2012"," 0.16162995756","-0.83762174778","-0.3367450469"
"Apr-2012"," 0.17663128847","-0.85605375313","-0.3429442250"
"Apr-2012"," 0.16143489591","-0.78047776918","-0.3098642098"
"Apr-2012"," 0.13318246948","-0.74044012708","-0.3200494897"
"Apr-2012"," 0.12410463681","-0.74762012388","-0.3277883386"
"Apr-2012"," 0.10834675871","-0.75418070797","-0.3188948889"
"Apr-2012"," 0.10386019389","-0.76860470382","-0.2980449191"
"Apr-2012"," 0.11069102047","-0.75184280518","-0.2733051759"
"Apr-2012"," 0.12369675727","-0.63261451931","-0.2044441384"
"Apr-2012"," 0.12266473180","-0.43812838183","-0.1209495947"
"Apr-2012"," 0.14572533381","-0.36184173791","-0.0874031541"
"Apr-2012"," 0.18040331203","-0.36233672788","-0.0937611076"
"Apr-2012"," 0.20372805621","-0.42805284053","-0.1391203873"
"Apr-2012"," 0.20353424190","-0.53752007694","-0.1972789584"
"Apr-2012"," 0.17471233228","-0.62222601282","-0.2347003215"
"Apr-2012"," 0.12961644012","-0.60421237088","-0.2559797111"
"Apr-2012"," 0.13171831475","-0.85047710106","-0.4965239144"
"Apr-2012"," 0.10231565923","-1.26103270005","-0.6253085144"
"Apr-2012","-0.00402467681","-1.34952210905","-0.6263944195"
"Apr-2012","-0.10257094781","-1.26167830084","-0.5907625152"
"Apr-2012","-0.14799529342","-1.16423051294","-0.5878644691"
"Apr-2012","-0.15239370080","-1.09844934111","-0.6080818936"
"Apr-2012","-0.14484939686","-1.06981226327","-0.6181861019"
"Apr-2012","-0.14319594025","-1.04961825805","-0.6287398965"
"May-2012","-0.15197962126","-1.01007460771","-0.6046436947"
"May-2012","-0.13748955220","-0.87854913875","-0.5856586559"
"May-2012","-0.10627301038","-0.78100534746","-0.5905450664"
"May-2012","-0.06965714580","-0.70761154703","-0.6109935329"
"May-2012","-0.03140205892","-0.68930725261","-0.6465007459"
"May-2012","-0.00372814053","-0.68100891905","-0.6678370235"
"May-2012"," 0.01367013382","-0.67354619667","-0.6815086260"
"May-2012"," 0.02945739774","-0.66038639227","-0.6799801949"
"May-2012"," 0.04186144069","-0.66710269562","-0.6622501430"
"May-2012"," 0.04158996123","-0.70912834190","-0.6271070218"
"May-2012"," 0.05462057142","-0.75229634047","-0.5860345555"
"May-2012"," 0.05078412652","-0.73145608856","-0.4941923145"
"May-2012"," 0.02538414204","-0.64688121053","-0.3721705390"
"May-2012"," 0.02498583765","-0.59717423597","-0.2685801783"
"May-2012"," 0.04188242531","-0.60863651251","-0.1973112572"
"May-2012"," 0.03779787020","-0.62899122799","-0.1256627035"
"May-2012"," 0.00506082332","-0.62995736855","-0.0659280647"
"May-2012","-0.03199230661","-0.63341161169","-0.0453818092"
"May-2012","-0.07622727874","-0.63361207382","-0.0338483385"
"May-2012","-0.11491497179","-0.60954323078","-0.0273624882"
"May-2012","-0.14446679426","-0.58219095430","-0.0390671507"
"May-2012","-0.18717601517","-0.58593320762","-0.0588284561"
"May-2012","-0.22738245233","-0.56941510475","-0.0687648405"
"May-2012","-0.23287037278","-0.54346717881","-0.1032697764"
"May-2012","-0.21232345039","-0.54319044242","-0.1554200001"
"May-2012","-0.19289997601","-0.55558122149","-0.1992669575"
"May-2012","-0.19097911213","-0.55678434656","-0.2132016978"
"May-2012","-0.20859189194","-0.56189936031","-0.2218787537"
"May-2012","-0.22576872710","-0.55222985170","-0.2117215526"
"May-2012","-0.24186566103","-0.54580514031","-0.1756576317"
"May-2012","-0.25278463800","-0.52170065564","-0.1127060163"
"Jun-2012","-0.26786330385","-0.45553911073","-0.0276107751"
"Jun-2012","-0.27754224339","-0.37920120629"," 0.0617734706"
"Jun-2012","-0.26551390599","-0.34264787078"," 0.1126136047"
"Jun-2012","-0.25525308326","-0.30061787939"," 0.1943953788"
"Jun-2012","-0.26824311828","-0.26535885750"," 0.2768771360"
"Jun-2012","-0.28145749071","-0.23717836827"," 0.3564446571"
"Jun-2012","-0.28475035305","-0.17619736603"," 0.4330760307"
"Jun-2012","-0.27030408757","-0.13734987240"," 0.4722190496"
"Jun-2012","-0.23631452988","-0.11368301054"," 0.4961107059"
"Jun-2012","-0.20790662644","-0.07955606534"," 0.5233330338"
"Jun-2012","-0.18391195167","-0.04304894064"," 0.5431347939"
"Jun-2012","-0.13447330542","-0.02002221882"," 0.5509948038"
"Jun-2012","-0.06582690089","-0.04482561993"," 0.5323834735"
"Jun-2012","-0.00380697963","-0.10483067576"," 0.4615982229"
"Jun-2012"," 0.03695422946","-0.16390969520"," 0.3821996619"
"Jun-2012"," 0.07229557138","-0.19721130481"," 0.3043243787"
"Jun-2012"," 0.11970593594","-0.20950108948"," 0.2587620143"
"Jun-2012"," 0.14541364605","-0.20184841543"," 0.2528708109"
"Jun-2012"," 0.16176896238","-0.15403103425"," 0.2599899367"
"Jun-2012"," 0.20706677656","-0.06406440608"," 0.2883019026"
"Jun-2012"," 0.26717082330"," 0.06681998336"," 0.3117424307"
"Jun-2012"," 0.35232475608"," 0.20392357235"," 0.3241794562"
"Jun-2012"," 0.45249374048"," 0.30696680197"," 0.3530445188"
"Jun-2012"," 0.53671154608"," 0.58311941382"," 0.5362655780"
"Jun-2012"," 0.64157738182"," 0.91701791910"," 0.6179093113"
"Jun-2012"," 0.77678541211"," 0.98887214220"," 0.5573691907"
"Jun-2012"," 0.84649873089"," 0.92874912257"," 0.4381273436"
"Jun-2012"," 0.84024721944"," 0.74237905900"," 0.3859447805"
"Jun-2012"," 0.79415940006"," 0.60230975789"," 0.4382823860"
"Jun-2012"," 0.73889652901"," 0.53087472025"," 0.5091870123"
"Jul-2012"," 0.68642065135"," 0.50769192686"," 0.5895354258"
"Jul-2012"," 0.64613266029"," 0.53593113376"," 0.7076272977"
"Jul-2012"," 0.62510687016"," 0.58111115204"," 0.8413617291"
"Jul-2012"," 0.62289948540"," 0.62209679093"," 0.9772667939"
"Jul-2012"," 0.63056830302"," 0.65180511396"," 1.1185744008"
"Jul-2012"," 0.64196952288"," 0.66442553784"," 1.2286730099"
"Jul-2012"," 0.64195363767"," 0.67997902681"," 1.3024657007"
"Jul-2012"," 0.62608735122"," 0.68430487506"," 1.2973822512"
"Jul-2012"," 0.60460158684"," 0.63803828628"," 1.2182124193"
"Jul-2012"," 0.55900962100"," 0.56820635848"," 1.1145100677"
"Jul-2012"," 0.50698964539"," 0.54707351642"," 1.0048000179"
"Jul-2012"," 0.47217163514"," 0.51973944242"," 0.8874439987"
"Jul-2012"," 0.45834650731"," 0.44606185949"," 0.7610663895"
"Jul-2012"," 0.43587292459"," 0.38414806833"," 0.6672761171"
"Jul-2012"," 0.41077112727"," 0.37918577924"," 0.6358497517"
"Jul-2012"," 0.40490775807"," 0.36783377450"," 0.6429636431"
"Jul-2012"," 0.41375949238"," 0.33255813550"," 0.6943878337"
"Jul-2012"," 0.39758867202"," 0.30145497421"," 0.8003966278"
"Jul-2012"," 0.36639788406"," 0.32008521042"," 0.8948424928"
"Jul-2012"," 0.33583758879"," 0.34644210494"," 0.9739814867"
"Jul-2012"," 0.30582094946"," 0.40303619255"," 1.0567292627"
"Jul-2012"," 0.29821765377"," 0.49071259668"," 1.1472536235"
"Jul-2012"," 0.34365542662"," 0.58935863609"," 1.2724049739"
"Jul-2012"," 0.41884841141"," 0.65013054470"," 1.3934311673"
"Jul-2012"," 0.46364611641"," 0.63663869187"," 1.5201464531"
"Jul-2012"," 0.47123521446"," 0.65819864627"," 1.6115245004"
"Jul-2012"," 0.46603542909"," 0.71181797924"," 1.6601581721"
"Jul-2012"," 0.45808093437"," 0.76153199991"," 1.6876458695"
"Jul-2012"," 0.45633998066"," 0.80214143469"," 1.7347676248"
"Jul-2012"," 0.46929597069"," 0.85267897070"," 1.8315853821"
"Jul-2012"," 0.49644134793"," 0.89972063274"," 1.9707380180"
"Aug-2012"," 0.53704352142"," 0.95240200963"," 2.1236743283"
"Aug-2012"," 0.55904509676"," 0.96805719761"," 2.2368700514"
"Aug-2012"," 0.56852625985"," 0.98287366238"," 2.2793796519"
"Aug-2012"," 0.57448057467"," 0.99272490218"," 2.2448592565"
"Aug-2012"," 0.57599091759"," 0.98625656355"," 2.1715170853"
"Aug-2012"," 0.57502643180"," 0.97631425264"," 2.0982679558"
"Aug-2012"," 0.56822752240"," 1.00556410809"," 2.0353205604"
"Aug-2012"," 0.57147625097"," 1.02125916537"," 1.9631104702"
"Aug-2012"," 0.58735284630"," 1.01742131968"," 1.8826624823"
"Aug-2012"," 0.59377095075"," 0.99908167723"," 1.8088065735"
"Aug-2012"," 0.57776228433"," 0.98312274274"," 1.7050781719"
"Aug-2012"," 0.55796156357"," 0.93596687483"," 1.5567464691"
"Aug-2012"," 0.55357808757"," 0.87371252118"," 1.4028942688"
"Aug-2012"," 0.52229316227"," 0.79443239168"," 1.2618245612"
"Aug-2012"," 0.46472810878"," 0.69878183425"," 1.1502098968"
"Aug-2012"," 0.42375155045"," 0.62442729529"," 1.0756228423"
"Aug-2012"," 0.40084150947"," 0.55698958053"," 1.0112957688"
"Aug-2012"," 0.36541773317"," 0.48304342297"," 0.9724883166"
"Aug-2012"," 0.33017214278"," 0.44002092679"," 0.9452902940"
"Aug-2012"," 0.27777855274"," 0.40562182519"," 0.9420944983"
"Aug-2012"," 0.22187165172"," 0.39548192932"," 0.9643646819"
"Aug-2012"," 0.20639541521"," 0.40330324052"," 1.0039938464"
"Aug-2012"," 0.22016089093"," 0.41958829295"," 1.0211102212"
"Aug-2012"," 0.23467381562"," 0.44733374296"," 1.0443320426"
"Aug-2012"," 0.26150435007"," 0.49586924126"," 1.0737363247"
"Aug-2012"," 0.33313871616"," 0.57381548143"," 1.1208390091"
"Aug-2012"," 0.42838089879"," 0.57515653432"," 1.0543447918"
"Aug-2012"," 0.55500786712"," 0.86499359295"," 1.0718220122"
"Aug-2012"," 0.74345345837"," 1.26369262624"," 0.9249481376"
"Aug-2012"," 0.84246454622"," 1.12699084228"," 0.7874627851"
"Aug-2012"," 0.82190298595"," 0.89129817003"," 0.6675791820"
"Sep-2012"," 0.85254810020"," 0.63365236985"," 0.5642864490"
"Sep-2012"," 0.83572279424"," 0.45092062932"," 0.4777738748"
"Sep-2012"," 0.80115318769"," 0.32255352515"," 0.4314675830"
"Sep-2012"," 0.73869985315"," 0.21176872292"," 0.3922852862"
"Sep-2012"," 0.65291638153"," 0.14114874526"," 0.3535393477"
"Sep-2012"," 0.54912487069"," 0.14587469572"," 0.3230255857"
"Sep-2012"," 0.48486054808"," 0.19748670639"," 0.2816545584"
"Sep-2012"," 0.47493239774"," 0.23064134567"," 0.2448002907"
"Sep-2012"," 0.48814005656"," 0.20781320702"," 0.2186370875"
"Sep-2012"," 0.54307043865"," 0.13925786011"," 0.1171317846"
"Sep-2012"," 0.57917166625"," 0.06970548714"," 0.0012381381"
"Sep-2012"," 0.57662141028"," 0.02305259480","-0.0886217845"
"Sep-2012"," 0.56667499010"," 0.03112275149","-0.1205655799"
"Sep-2012"," 0.63898600038"," 0.05328373997","-0.1247074138"
"Sep-2012"," 0.73867453953"," 0.03378612633","-0.1568531984"
"Sep-2012"," 0.78558145645"," 0.01239786240","-0.1672519506"
"Sep-2012"," 0.76629731706"," 0.07948309498","-0.1389348315"
"Sep-2012"," 0.67733170270"," 0.16145572328","-0.1101681667"
"Sep-2012"," 0.60655583535"," 0.11368842827","-0.1328941042"
"Sep-2012"," 0.58794588216"," 0.03989951663","-0.1967155554"
"Sep-2012"," 0.53861553420","-0.04387597904","-0.2321873452"
"Sep-2012"," 0.43625864553","-0.11913259757","-0.2411077376"
"Sep-2012"," 0.30668564821","-0.18482451855","-0.2858024979"
"Sep-2012"," 0.22993503171","-0.26852368124","-0.3610517184"
"Sep-2012"," 0.15571386999","-0.33752780731","-0.4372849566"
"Sep-2012"," 0.09614474783","-0.35807018447","-0.4982445963"
"Sep-2012"," 0.04089427679","-0.35766796843","-0.5493954644"
"Sep-2012","-0.01502443726","-0.34762472185","-0.6023697538"
"Sep-2012","-0.07858823282","-0.33532331108","-0.6561739113"
"Sep-2012","-0.15902741129","-0.31478662953","-0.6883906234"
"Oct-2012","-0.34169390203","-0.28914321342","-0.6750714674"
"Oct-2012","-0.52094026527","-0.29581025265","-0.6438217716"
"Oct-2012","-0.59637347269","-0.30913575832","-0.6575549690"
"Oct-2012","-0.65083580953","-0.26930145551","-0.6482407828"
"Oct-2012","-0.68834946401","-0.21497803895","-0.6385399443"
"Oct-2012","-0.71420369965","-0.20286323294","-0.6434806865"
"Oct-2012","-0.76094380345","-0.19926800867","-0.6501428817"
"Oct-2012","-0.75927658943","-0.16393318227","-0.6227730993"
"Oct-2012","-0.72378189830","-0.09909319598","-0.5730798971"
"Oct-2012","-0.67906017085","-0.04529776872","-0.5090227783"
"Oct-2012","-0.60020125960"," 0.00642750834","-0.4432020883"
"Oct-2012","-0.49180057795"," 0.06864299089","-0.3792303827"
"Oct-2012","-0.38927654598"," 0.10839831843","-0.3323357334"
"Oct-2012","-0.33127617151"," 0.16668271163","-0.2643793057"
"Oct-2012","-0.32491885645"," 0.26026581986","-0.1987293205"
"Oct-2012","-0.30535124115"," 0.26650874135","-0.1698453899"
"Oct-2012","-0.29684509285"," 0.27779956229","-0.1306892649"
"Oct-2012","-0.32384244042"," 0.31392472854","-0.0667133394"
"Oct-2012","-0.36281210524"," 0.35848257438","-0.0125553964"
"Oct-2012","-0.34501171112"," 0.38936219751"," 0.0079390837"
"Oct-2012","-0.33401374830"," 0.37149699383","-0.0102704999"
"Oct-2012","-0.31942418570"," 0.39669926407","-0.0175383381"
"Oct-2012","-0.27315304431"," 0.48030013339","-0.0051120248"
"Oct-2012","-0.20385736365"," 0.55506340605"," 0.0045832548"
"Oct-2012","-0.09680494435"," 0.56881649380","-0.0351489737"
"Oct-2012","-0.00270253518"," 0.50946279309","-0.0949931282"
"Oct-2012"," 0.04355239081"," 0.30169683229","-0.1758240354"
"Oct-2012"," 0.03814070472","-0.02708084619","-0.1920429012"
"Oct-2012"," 0.00279407995","-0.27624288241","-0.1888757525"
"Oct-2012","-0.00857144403","-0.45252877318","-0.1441587969"
"Oct-2012","-0.07202877562","-0.46120900647"," 0.0189199447"
"Nov-2012","-0.19935384970","-0.29837192848"," 0.2257227378"
"Nov-2012","-0.26518585609","-0.09754598535"," 0.3768982767"
"Nov-2012","-0.26388462572"," 0.07274418533"," 0.4695701830"
"Nov-2012","-0.23744252701"," 0.18175365878"," 0.5388619388"
"Nov-2012","-0.20885893233"," 0.27016732199"," 0.5920937665"
"Nov-2012","-0.20827855329"," 0.32773342192"," 0.6024911391"
"Nov-2012","-0.21228753439"," 0.31670512769"," 0.5409074753"
"Nov-2012","-0.21661473344"," 0.18588309642"," 0.4676086397"
"Nov-2012","-0.20418867864"," 0.17127689963"," 0.5060450209"
"Nov-2012","-0.18972942617"," 0.34168873333"," 0.5908517235"
"Nov-2012","-0.10843728861"," 0.52478787033"," 0.6487027663"
"Nov-2012"," 0.03118408043"," 0.72093589405"," 0.7134261898"
"Nov-2012"," 0.17076443406"," 0.81764372186"," 0.7478324033"
"Nov-2012"," 0.39507825749"," 0.78464374492"," 0.7335868480"
"Nov-2012"," 0.53455108324"," 0.76719490825"," 0.7279852788"
"Nov-2012"," 0.59258979501"," 0.74505077174"," 0.7241575466"
"Nov-2012"," 0.62280468771"," 0.69416791711"," 0.7202299965"
"Nov-2012"," 0.66133279486"," 0.63408541267"," 0.7006260057"
"Nov-2012"," 0.66748943525"," 0.60160849275"," 0.6907014290"
"Nov-2012"," 0.63730033310"," 0.57287793638"," 0.6797543682"
"Nov-2012"," 0.60086665324"," 0.54625839771"," 0.6750667819"
"Nov-2012"," 0.57370781208"," 0.57206316998"," 0.6739027268"
"Nov-2012"," 0.55912987906"," 0.61140265897"," 0.7060830418"
"Nov-2012"," 0.54862582542"," 0.66714387241"," 0.7816418600"
"Nov-2012"," 0.61080955151"," 0.66680225300"," 0.7887877257"
"Nov-2012"," 0.66172588978"," 0.74777480193"," 0.8280751153"
"Nov-2012"," 0.65589084248"," 0.86686087360"," 0.8689721294"
"Nov-2012"," 0.69655398879"," 0.86589449817"," 0.8662559466"
"Nov-2012"," 0.79084636020"," 0.75480624302"," 0.8326128530"
"Nov-2012"," 0.84278401150"," 0.71902469258"," 0.8878733779"
"Dec-2012"," 0.85804515557"," 0.79063206659"," 0.9753549972"
"Dec-2012"," 0.89969846816"," 0.84637921051"," 1.0176320545"
"Dec-2012"," 0.95406435642"," 0.87582201223"," 1.0375389480"
"Dec-2012"," 0.99784881939"," 0.90633893630"," 1.0520091748"
"Dec-2012"," 1.02391396522"," 0.93504582944"," 1.0630272443"
"Dec-2012"," 1.05333206572"," 0.93125730660"," 1.0528570588"
"Dec-2012"," 1.08998733152"," 0.88769842449"," 1.0238942072"
"Dec-2012"," 1.11663480077"," 0.81558149854"," 0.9860838789"
"Dec-2012"," 1.11943907346"," 0.72385838996"," 0.9514450410"
"Dec-2012"," 1.08793542378"," 0.66938958845"," 0.9125336726"
"Dec-2012"," 1.00104068403"," 0.61408646755"," 0.8730677468"
"Dec-2012"," 0.97778909256"," 0.48618252837"," 0.7995714260"
"Dec-2012"," 0.94831108314"," 0.34833621957"," 0.7326589068"
"Dec-2012"," 0.91645795869"," 0.20475113920"," 0.6411944318"
"Dec-2012"," 0.84717255023"," 0.17092694232"," 0.6478880331"
"Dec-2012"," 0.75566133907"," 0.23440831913"," 0.6611625957"
"Dec-2012"," 0.68578986517"," 0.28434593670"," 0.6491754811"
"Dec-2012"," 0.60554119924"," 0.31211557838"," 0.6423139341"
"Dec-2012"," 0.59714566047"," 0.28331914079"," 0.6150936351"
"Dec-2012"," 0.60700047467"," 0.31219813543"," 0.6344729546"
"Dec-2012"," 0.51748661856"," 0.26021966777"," 0.6346307155"
"Dec-2012"," 0.54254417206","-0.08255348501"," 0.4750268134"
"Dec-2012"," 0.51670688555","-0.20665668807"," 0.5229804250"
"Dec-2012"," 0.43665977476","-0.04202625497"," 0.5713034846"
"Dec-2012"," 0.38720293205"," 0.07041485533"," 0.5452881823"
"Dec-2012"," 0.27269554022"," 0.17920965697"," 0.5218797096"
"Dec-2012"," 0.21549459937"," 0.05073644997"," 0.3882599065"
"Dec-2012"," 0.27549412652","-0.10769468887"," 0.3146720859"
"Dec-2012"," 0.23460972446","-0.05389979007"," 0.2964622183"
"Dec-2012"," 0.19984505625","-0.18576388385"," 0.1622388821"
"Dec-2012"," 0.12721875947","-0.39211520078"," 0.1075912352"
"Jan-2013"," 0.22941508685","-0.31998875572"," 0.0541184660"
"Jan-2013"," 0.20147038605","-0.25616282361","-0.0042353180"
"Jan-2013"," 0.23603540680","-0.28372260834","-0.0774242728"
"Jan-2013"," 0.28197237166","-0.31336416937","-0.1205251929"
"Jan-2013"," 0.28329990619","-0.34893010853","-0.1871126548"
"Jan-2013"," 0.26445853511","-0.36919803930","-0.2132616562"
"Jan-2013"," 0.24146000651","-0.37741393324","-0.2308035555"
"Jan-2013"," 0.26564537724","-0.38433028770","-0.2512409446"
"Jan-2013"," 0.25652520846","-0.36530083004","-0.2555897180"
"Jan-2013"," 0.25432097873","-0.33993291725","-0.2663551184"
"Jan-2013"," 0.24655237407","-0.33890741313","-0.2848803862"
"Jan-2013"," 0.26546961264","-0.38177747824","-0.3222150782"
"Jan-2013"," 0.30555469115","-0.40160097496","-0.3314239687"
"Jan-2013"," 0.27743363876","-0.38219560677","-0.3121497827"
"Jan-2013"," 0.22105924278","-0.36191904451","-0.2774762925"
"Jan-2013"," 0.19865250270","-0.35403960281","-0.2545503541"
"Jan-2013"," 0.15304156999","-0.37061759771","-0.2164569244"
"Jan-2013"," 0.13254123934","-0.56328853711","-0.2478609727"
"Jan-2013"," 0.14796442730","-0.65712119545","-0.2246253959"
"Jan-2013"," 0.10899432224","-0.54587299336","-0.1603881585"
"Jan-2013"," 0.07748458262","-0.48338112673","-0.1132738287"
"Jan-2013"," 0.05991314840","-0.47872505030","-0.1029817112"
"Jan-2013"," 0.05262407183","-0.52397705644","-0.0954705364"
"Jan-2013"," 0.03755619178","-0.46005435761","-0.0024554757"
"Jan-2013"," 0.02095078418","-0.34329614800"," 0.0852298775"
"Jan-2013"," 0.03648674617","-0.25453569823"," 0.1712045712"
"Jan-2013"," 0.06199290113","-0.19849872388"," 0.2238196785"
"Jan-2013"," 0.08390826340","-0.14562117125"," 0.3079780517"
"Jan-2013"," 0.09763129294","-0.01979877351"," 0.3997989496"
"Jan-2013"," 0.13525159481"," 0.08611492818"," 0.4631230967"
"Jan-2013"," 0.11244108408"," 0.13514899823"," 0.4910807091"
"Feb-2013"," 0.16995804169","-0.01299227981"," 0.3905283019"
"Feb-2013"," 0.19092106137","-0.11141994821"," 0.3858572302"
"Feb-2013"," 0.14517912148","-0.05494247389"," 0.4158808295"
"Feb-2013"," 0.11976039025","-0.06867718301"," 0.3752859472"
"Feb-2013"," 0.10557045273","-0.02220244008"," 0.3839784627"
"Feb-2013"," 0.06312856571"," 0.04161122003"," 0.3565082132"
"Feb-2013"," 0.07651573115"," 0.01990588068"," 0.3003183674"
"Feb-2013"," 0.05636417822"," 0.01887239096"," 0.2721984089"
"Feb-2013"," 0.03922703775","-0.04357948894"," 0.2105118433"
"Feb-2013"," 0.05631432138","-0.09326849588"," 0.1779783920"
"Feb-2013"," 0.04349895038","-0.00676714978"," 0.1822103055"
"Feb-2013"," 0.05416170944"," 0.01355098460"," 0.1439320910"
"Feb-2013"," 0.07762211998","-0.01646631081"," 0.0947189074"
"Feb-2013"," 0.08798889306","-0.09556764501"," 0.0317997125"
"Feb-2013"," 0.10162339829","-0.21884187199","-0.0646749715"
"Feb-2013"," 0.10192642806","-0.34980312286","-0.1259699750"
"Feb-2013"," 0.06373158028","-0.56887669785","-0.2437939616"
"Feb-2013"," 0.03433798630","-0.75208293588","-0.2681984628"
"Feb-2013","-0.03379495520","-0.60046351660","-0.2015449426"
"Feb-2013","-0.08795411553","-0.52700230828","-0.2423963082"
"Feb-2013","-0.03911393473","-0.56395785984","-0.3112346230"
"Feb-2013","-0.05446514394","-0.56092638393","-0.3257565846"
"Feb-2013","-0.10017575364","-0.53992900353","-0.3223276371"
"Feb-2013","-0.11976560090","-0.56738010185","-0.3258585936"
"Feb-2013","-0.10781646947","-0.62976797948","-0.3324597619"
"Feb-2013","-0.16755511954","-0.64181021045","-0.3035634150"
"Feb-2013","-0.28505337115","-0.67415836253","-0.3159727674"
"Feb-2013","-0.30003709257","-0.72577700829","-0.3169473715"
"Mar-2013","-0.30700039379","-0.77036245144","-0.2911879844"
"Mar-2013","-0.31880373342","-0.80145862533","-0.2835354821"
"Mar-2013","-0.34966309633","-0.87982651710","-0.2991084126"
"Mar-2013","-0.34905810070","-0.87574117643","-0.3165198587"
"Mar-2013","-0.36754808932","-0.73489369003","-0.2423452631"
"Mar-2013","-0.38086092808","-0.55612521613","-0.1780960963"
"Mar-2013","-0.31664312384","-0.55945626960","-0.2216545151"
"Mar-2013","-0.25840146284","-0.54856854547","-0.1898604872"
"Mar-2013","-0.22830345305","-0.44228368939","-0.1392616202"
"Mar-2013","-0.19526117522","-0.31560765414","-0.0667028978"
"Mar-2013","-0.15608687360","-0.12431922230"," 0.0508510937"
"Mar-2013","-0.12192885190","-0.00089191835"," 0.1504316966"
"Mar-2013","-0.04747601549"," 0.01814071006"," 0.1536916029"
"Mar-2013"," 0.02565379883","-0.00082104612"," 0.1657173463"
"Mar-2013"," 0.06198424313"," 0.06623476891"," 0.2421028676"
"Mar-2013"," 0.06349898842"," 0.26075414059"," 0.3695486906"
"Mar-2013"," 0.09520074473"," 0.46996191380"," 0.4695341647"
"Mar-2013"," 0.16191704041"," 0.63003350693"," 0.5501585787"
"Mar-2013"," 0.21606879008"," 0.72528143729"," 0.6080120965"
"Mar-2013"," 0.26215147337"," 0.72694672916"," 0.6268312996"
"Mar-2013"," 0.28251771519"," 0.65883194093"," 0.6333666936"
"Mar-2013"," 0.27008876216"," 0.62047562062"," 0.6395151513"
"Mar-2013"," 0.23725093771"," 0.68862282100"," 0.6324772188"
"Mar-2013"," 0.23230865427"," 0.68035572524"," 0.6074035320"
"Mar-2013"," 0.22206456055"," 0.56757557912"," 0.5737352811"
"Mar-2013"," 0.24274571853"," 0.30512679090"," 0.5091643842"
"Mar-2013"," 0.21372889400"," 0.07971364514"," 0.4850470015"
"Mar-2013"," 0.16056338516"," 0.05108672546"," 0.4949805861"
"Mar-2013"," 0.12777248263"," 0.12516893186"," 0.5132552542"
"Mar-2013"," 0.11380104939"," 0.23262426600"," 0.5465302794"
"Mar-2013"," 0.11069059190"," 0.34302922362"," 0.5707291394"
"Apr-2013"," 0.11444397877"," 0.41235993737"," 0.5709949553"
"Apr-2013"," 0.12366962100"," 0.39686082096"," 0.5406307984"
"Apr-2013"," 0.13086892591"," 0.35478514722"," 0.5107467412"
"Apr-2013"," 0.11621949108"," 0.33958220275"," 0.4882163819"
"Apr-2013"," 0.09798597717"," 0.27076233273"," 0.4451583104"
"Apr-2013"," 0.11093595063"," 0.15366015500"," 0.3581335406"
"Apr-2013"," 0.10728264429"," 0.08614992391"," 0.3335928651"
"Apr-2013"," 0.06863743411"," 0.15971758737"," 0.3347024262"
"Apr-2013"," 0.05657828012"," 0.20662231980"," 0.3156540072"
"Apr-2013"," 0.06393148454"," 0.25664026313"," 0.2830751509"
"Apr-2013"," 0.05992840994"," 0.29710225784"," 0.2442388488"
"Apr-2013"," 0.03976342979"," 0.30365268377"," 0.1639371388"
"Apr-2013"," 0.05062414874"," 0.17951154910"," 0.0438681828"
"Apr-2013"," 0.05836032261"," 0.03436757328","-0.0421691608"
"Apr-2013"," 0.00226268893","-0.01971416134","-0.0885996975"
"Apr-2013","-0.04462129898","-0.09744555356","-0.1494977829"
"Apr-2013","-0.06057581625","-0.17010391516","-0.1986492904"
"Apr-2013","-0.07240135116","-0.19429583044","-0.2304805269"
"Apr-2013","-0.10054408522","-0.19824764712","-0.2844339649"
"Apr-2013","-0.13095895555","-0.28445475898","-0.4004359504"
"Apr-2013","-0.11495667257","-0.42585307585","-0.5536529275"
"Apr-2013","-0.12239242141","-0.49717155892","-0.6303276773"
"Apr-2013","-0.14945081517","-0.53785033926","-0.6660818788"
"Apr-2013","-0.16872541610","-0.56203914251","-0.6455157408"
"Apr-2013","-0.19334236579","-0.55764571022","-0.6001500095"
"Apr-2013","-0.19390928092","-0.59480395517","-0.5928978337"
"Apr-2013","-0.18684193703","-0.63345597768","-0.5855500600"
"Apr-2013","-0.18338743437","-0.63876740203","-0.5709543306"
"Apr-2013","-0.17874106353","-0.64188636727","-0.5515233574"
"Apr-2013","-0.15577184737","-0.66836862402","-0.5394373176"
"May-2013","-0.12718502429","-0.71020179378","-0.5151230177"
"May-2013","-0.11171087891","-0.69835344856","-0.4539279132"
"May-2013","-0.09855252663","-0.72439455945","-0.3960362941"
"May-2013","-0.08452481643","-0.81495910966","-0.3607360207"
"May-2013","-0.06327333148","-1.01564477627","-0.3629791641"
"May-2013","-0.13079529746","-1.21973612651","-0.3027544437"
"May-2013","-0.19684760576","-1.26556309609","-0.2277602458"
"May-2013","-0.23184875459","-1.27981598865","-0.1911891202"
"May-2013","-0.24374182918","-1.28397325847","-0.1830111132"
"May-2013","-0.25473241803","-1.28328373686","-0.1904707154"
"May-2013","-0.27411282257","-1.26659758401","-0.2023606901"
"May-2013","-0.28905552858","-1.26255974594","-0.2244417878"
"May-2013","-0.28349610631","-1.28164157975","-0.2562353288"
"May-2013","-0.26581142113","-1.32496153966","-0.3100363214"
"May-2013","-0.27080535904","-1.35875320695","-0.3368678987"
"May-2013","-0.29857334139","-1.28420172892","-0.3269984247"
"May-2013","-0.32275955592","-1.20454680453","-0.3166328234"
"May-2013","-0.32444581018","-1.14681858511","-0.2971652097"
"May-2013","-0.32041184563","-1.10571967982","-0.2643521872"
"May-2013","-0.32070500675","-1.05258928890","-0.2284873746"
"May-2013","-0.32083223523","-0.99571353262","-0.2066148395"
"May-2013","-0.32199064539","-0.93497110028","-0.2056978945"
"May-2013","-0.32506918570","-0.90966942103","-0.1888811763"
"May-2013","-0.32552266645","-0.93781103916","-0.1660972551"
"May-2013","-0.33882292177","-0.97049740501","-0.1352124627"
"May-2013","-0.35995873446","-0.95424253346","-0.0749907450"
"May-2013","-0.38545648823","-0.88541338605"," 0.0024695229"
"May-2013","-0.40289394367","-0.80368948580"," 0.0771632121"
"May-2013","-0.39055278123","-0.68566086067"," 0.1398746965"
"May-2013","-0.34192222659","-0.54935794584"," 0.1562007651"
"May-2013","-0.26995757273","-0.45823710442"," 0.1578210611"
"Jun-2013","-0.20905101072","-0.41482554495"," 0.1651484249"
"Jun-2013","-0.16470121013","-0.40733898319"," 0.1815519132"
"Jun-2013","-0.14802305337","-0.41716984796"," 0.2068693829"
"Jun-2013","-0.15230703582","-0.37442367713"," 0.2466826830"
"Jun-2013","-0.14596267107","-0.27249408685"," 0.2900318900"
"Jun-2013","-0.10905569980","-0.11384921569"," 0.3438412007"
"Jun-2013","-0.05898325908","-0.01839043017"," 0.3127681339"
"Jun-2013","-0.04667203276","-0.13458148580"," 0.2675044522"
"Jun-2013","-0.10032128864","-0.13557663288"," 0.2634305837"
"Jun-2013","-0.16291267414","-0.09078321175"," 0.2570884955"
"Jun-2013","-0.18085698906","-0.08057308954"," 0.2138850389"
"Jun-2013","-0.17588770442","-0.11246617967"," 0.1493070817"
"Jun-2013","-0.19131940363","-0.14596555039"," 0.0960408046"
"Jun-2013","-0.22567523845","-0.16217145141"," 0.0592844072"
"Jun-2013","-0.25775321393","-0.17050237327"," 0.0350850197"
"Jun-2013","-0.27225582974","-0.16102810092"," 0.0268982482"
"Jun-2013","-0.26880668329","-0.13430997529"," 0.0529068554"
"Jun-2013","-0.26996039759","-0.10365682622"," 0.0957894746"
"Jun-2013","-0.27919451437","-0.06149401546"," 0.1346617273"
"Jun-2013","-0.28658007621","-0.02989116678"," 0.1673936377"
"Jun-2013","-0.28719985646"," 0.00708176520"," 0.2149982113"
"Jun-2013","-0.28529788609"," 0.05890093182"," 0.2673830071"
"Jun-2013","-0.26717289059"," 0.11296898522"," 0.3241483070"
"Jun-2013","-0.23940087273"," 0.16774452785"," 0.3747764702"
"Jun-2013","-0.20364181931"," 0.22836864408"," 0.4095081874"
"Jun-2013","-0.16724438562"," 0.25896354522"," 0.4244553083"
"Jun-2013","-0.14180008395"," 0.28035856168"," 0.4293290184"
"Jun-2013","-0.12611572542"," 0.28666319544"," 0.4336292220"
"Jun-2013","-0.13487086441"," 0.27428157633"," 0.4379868005"
"Jun-2013","-0.17918750048"," 0.27087319169"," 0.4520351141"
"Jul-2013","-0.20353638256"," 0.30530734774"," 0.4743011589"
"Jul-2013","-0.18414798039"," 0.36881649801"," 0.5022081725"
"Jul-2013","-0.14380657392"," 0.44317450132"," 0.5665798800"
"Jul-2013","-0.08194510127"," 0.54935084715"," 0.6513074993"
"Jul-2013","-0.00605213973"," 0.63322128929"," 0.7043620082"
"Jul-2013"," 0.07122793507"," 0.65859113976"," 0.7081307829"
"Jul-2013"," 0.13043536589"," 0.67012064803"," 0.6757388620"
"Jul-2013"," 0.16387704869"," 0.62940381863"," 0.6538946898"
"Jul-2013"," 0.19096831347"," 0.59868666730"," 0.6220643054"
"Jul-2013"," 0.20301638816"," 0.53564555558"," 0.5667397510"
"Jul-2013"," 0.18788683825"," 0.46001607983"," 0.5062141162"
"Jul-2013"," 0.15368886506"," 0.44499662808"," 0.4470387010"
"Jul-2013"," 0.13050037421"," 0.45580584668"," 0.3967796612"
"Jul-2013"," 0.13337134280"," 0.50015254377"," 0.3495836917"
"Jul-2013"," 0.16750056566"," 0.54627233838"," 0.2976217424"
"Jul-2013"," 0.24194701864"," 0.58362904906"," 0.2629897619"
"Jul-2013"," 0.32542368532"," 0.61803930702"," 0.2512971101"
"Jul-2013"," 0.40039636821"," 0.60404136658"," 0.2684437142"
"Jul-2013"," 0.42384170063"," 0.57541456434"," 0.2905601945"
"Jul-2013"," 0.38990999742"," 0.56221060425"," 0.3350927304"
"Jul-2013"," 0.33293328392"," 0.54943598777"," 0.3753264830"
"Jul-2013"," 0.27176899986"," 0.54158079647"," 0.4210315952"
"Jul-2013"," 0.21631348845"," 0.54258075841"," 0.4914411897"
"Jul-2013"," 0.15363522952"," 0.53267197529"," 0.5466461249"
"Jul-2013"," 0.08171588338"," 0.50056685566"," 0.5542077361"
"Jul-2013"," 0.00604891014"," 0.46209245411"," 0.5179843095"
"Jul-2013","-0.04685583168"," 0.42856795222"," 0.4413179590"
"Jul-2013","-0.10142720054"," 0.37967415869"," 0.3493973244"
"Jul-2013","-0.14314555813"," 0.33930722789"," 0.2274155167"
"Jul-2013","-0.15177027692"," 0.29358512807"," 0.1030408793"
"Jul-2013","-0.15079973788"," 0.24702148659","-0.0061121785"
"Aug-2013","-0.15600781438"," 0.19737469765","-0.0914449944"
"Aug-2013","-0.16380991374"," 0.13313433622","-0.1758661402"
"Aug-2013","-0.17280586233"," 0.05492621524","-0.2639412702"
"Aug-2013","-0.19642633569","-0.03043941367","-0.3288894057"
"Aug-2013","-0.24866320137","-0.11208557172","-0.3766553922"
"Aug-2013","-0.32108372059","-0.18091436683","-0.4110374222"
"Aug-2013","-0.38841370658","-0.20785984728","-0.4237266705"
"Aug-2013","-0.43677428591","-0.19235785371","-0.4448845744"
"Aug-2013","-0.45042141126","-0.13723675759","-0.4480346810"
"Aug-2013","-0.41777002716","-0.07243605343","-0.4558421445"
"Aug-2013","-0.35172975201","-0.03762892273","-0.4905946369"
"Aug-2013","-0.29903272865","-0.03421877656","-0.5397994618"
"Aug-2013","-0.26417010772","-0.07086465112","-0.6003985398"
"Aug-2013","-0.25944948358","-0.11386424741","-0.6608165660"
"Aug-2013","-0.27174412765","-0.13494606381","-0.7370870533"
"Aug-2013","-0.28619908781","-0.14940963538","-0.8134198660"
"Aug-2013","-0.28923987780","-0.16550191770","-0.8523662112"
"Aug-2013","-0.27713545278","-0.13624536844","-0.8910430075"
"Aug-2013","-0.27394065323","-0.12361390564","-0.9358854253"
"Aug-2013","-0.25451926997","-0.13097915669","-0.9807277213"
"Aug-2013","-0.22156797445","-0.14563326709","-1.0183497346"
"Aug-2013","-0.20483819991","-0.14973534230","-0.9874883954"
"Aug-2013","-0.19259656771","-0.10480933666","-0.9314107027"
"Aug-2013","-0.15914226478","-0.06160599005","-0.8960100027"
"Aug-2013","-0.13548286714","-0.06214102547","-0.8647861946"
"Aug-2013","-0.12992711351","-0.06506845367","-0.8243698078"
"Aug-2013","-0.11987496310","-0.06373432947","-0.7641112467"
"Aug-2013","-0.12144495812","-0.05902170792","-0.6870155981"
"Aug-2013","-0.15024628666","-0.05178798446","-0.6112789337"
"Aug-2013","-0.19814047163","-0.04169130479","-0.5232725401"
"Aug-2013","-0.24143300650"," 0.00464239829","-0.4204278108"
"Sep-2013","-0.29582864744"," 0.06589966716","-0.3210347519"
"Sep-2013","-0.34729234698"," 0.11563435646","-0.2166172822"
"Sep-2013","-0.37856677995"," 0.16807728089","-0.0853769997"
"Sep-2013","-0.38091126184"," 0.23356181105"," 0.0596600633"
"Sep-2013","-0.35604634868"," 0.29560671876"," 0.1859378546"
"Sep-2013","-0.33466172874"," 0.35782460874"," 0.2769255977"
"Sep-2013","-0.33206480766"," 0.41443590063"," 0.3170250830"
"Sep-2013","-0.34289581061"," 0.44789763333"," 0.2933170754"
"Sep-2013","-0.33827798180"," 0.44857476551"," 0.2308272598"
"Sep-2013","-0.32675797133"," 0.46865080693"," 0.1609584268"
"Sep-2013","-0.30089533450"," 0.52638589632"," 0.0904005662"
"Sep-2013","-0.22407505051"," 0.56189276550","-0.0056166597"
"Sep-2013","-0.14074047030"," 0.50339481613","-0.1098174921"
"Sep-2013","-0.11129107629"," 0.40021095768","-0.1902338305"
"Sep-2013","-0.10302595772"," 0.32428255026","-0.2595230300"
"Sep-2013","-0.09554185618"," 0.29067085263","-0.3251229033"
"Sep-2013","-0.11120141469"," 0.26569399953","-0.4036242394"
"Sep-2013","-0.11242626395"," 0.26242777037","-0.4656347668"
"Sep-2013","-0.09617898911"," 0.26862342413","-0.5070849992"
"Sep-2013","-0.06808820301"," 0.21056896933","-0.5215692654"
"Sep-2013","-0.09813639265"," 0.12397003445","-0.5064420665"
"Sep-2013","-0.19906713372"," 0.04599596211","-0.4864154727"
"Sep-2013","-0.27926304459","-0.03776514773","-0.4747618147"
"Sep-2013","-0.38150800302","-0.06123882846","-0.4658408542"
"Sep-2013","-0.48657333948","-0.10634709375","-0.5143752762"
"Sep-2013","-0.56363347923","-0.21306434676","-0.5894716860"
"Sep-2013","-0.60863240921","-0.31685152928","-0.6918592817"
"Sep-2013","-0.62295195982","-0.38737432919","-0.7730899068"
"Sep-2013","-0.62787197461","-0.35611926528","-0.8120540245"
"Sep-2013","-0.63669615742","-0.29010915325","-0.8564863774"
"Oct-2013","-0.64524805368","-0.22975308318","-0.8918189902"
"Oct-2013","-0.62501780840","-0.19308231233","-0.9401644074"
"Oct-2013","-0.56644013654","-0.17349374502","-0.9855388220"
"Oct-2013","-0.50323920629","-0.15698668107","-1.0211770562"
"Oct-2013","-0.42277926330","-0.19025147470","-1.0545910149"
"Oct-2013","-0.40418163675","-0.23756147649","-1.0834981552"
"Oct-2013","-0.48107815511","-0.33785166941","-1.1271580149"
"Oct-2013","-0.55793200717","-0.54326463698","-1.2148952248"
"Oct-2013","-0.66148252497","-0.71439963751","-1.2893499192"
"Oct-2013","-0.78849965330","-0.79805206094","-1.3170775446"
"Oct-2013","-0.86300773945","-0.83716854022","-1.3188426577"
"Oct-2013","-0.89992707404","-0.83872761182","-1.3207255235"
"Oct-2013","-0.92382882212","-0.84295528412","-1.3243114204"
"Oct-2013","-0.91509518138","-0.84618939472","-1.3218508282"
"Oct-2013","-0.88569887260","-0.80037980557","-1.2884277398"
"Oct-2013","-0.85554014680","-0.75103787877","-1.2517421076"
"Oct-2013","-0.83558391234","-0.71237558068","-1.2219717454"
"Oct-2013","-0.82265888564","-0.68171955444","-1.1946592569"
"Oct-2013","-0.77058373366","-0.65671087636","-1.1776280519"
"Oct-2013","-0.70713348255","-0.62191701586","-1.1508865542"
"Oct-2013","-0.62075451708","-0.58199035016","-1.1428208626"
"Oct-2013","-0.56023242867","-0.58150181914","-1.1141580327"
"Oct-2013","-0.52627244023","-0.60716566899","-1.0732760319"
"Oct-2013","-0.48370105018","-0.73079419840","-1.0804944887"
"Oct-2013","-0.48052631809","-0.76897266289","-0.9901406298"
"Oct-2013","-0.45529699880","-0.74251806216","-0.8851394689"
"Oct-2013","-0.42198503916","-0.67812162916","-0.7357295300"
"Oct-2013","-0.44135227327","-0.56796029116","-0.5814511965"
"Oct-2013","-0.42816592926","-0.43654403706","-0.4485058539"
"Oct-2013","-0.33792197685","-0.30239165693","-0.3156947381"
"Oct-2013","-0.21758313300","-0.17398656243","-0.1978953813"
"Nov-2013","-0.19208662657","-0.05234791617","-0.0868228578"
"Nov-2013","-0.17420009276","-0.05849230940","-0.0506072624"
"Nov-2013","-0.13654802045","-0.19590833511","-0.1189748506"
"Nov-2013","-0.11252043797","-0.34027659178","-0.1723941006"
"Nov-2013","-0.11650080368","-0.29773933843","-0.1665130007"
"Nov-2013","-0.05524051127","-0.21027707764","-0.1255720424"
"Nov-2013","-0.02150643777","-0.14025555049","-0.1007534187"
"Nov-2013"," 0.02384405810","-0.25388998001","-0.1671026567"
"Nov-2013"," 0.09721647967","-0.34326109356","-0.1879815168"
"Nov-2013"," 0.00900106576","-0.27959457992","-0.1138522044"
"Nov-2013","-0.04698749922","-0.16721635626","-0.0556290763"
"Nov-2013","-0.04196762401","-0.11312622500","-0.0239612409"
"Nov-2013"," 0.00189725558","-0.17706565837","-0.0591488338"
"Nov-2013"," 0.12383720453","-0.23280311388","-0.0553633416"
"Nov-2013"," 0.08693115042","-0.05408020489"," 0.1126344745"
"Nov-2013"," 0.07286550647"," 0.17390371794"," 0.2184287007"
"Nov-2013"," 0.12979162941"," 0.35343170491"," 0.2714544410"
"Nov-2013"," 0.15519902454"," 0.42309986912"," 0.2824234942"
"Nov-2013"," 0.17746202726"," 0.37231243070"," 0.2518569424"
"Nov-2013"," 0.25992361760"," 0.31000875421"," 0.2209405409"
"Nov-2013"," 0.24555894270"," 0.30066859302"," 0.2103456425"
"Nov-2013"," 0.24216152409"," 0.30209895548"," 0.2149066710"
"Nov-2013"," 0.24707768681"," 0.29023516751"," 0.2500689036"
"Nov-2013"," 0.25573579023"," 0.20708207916"," 0.2541123804"
"Nov-2013"," 0.33048098067"," 0.09666115033"," 0.2430928096"
"Nov-2013"," 0.29238038028"," 0.19054131127"," 0.3739320351"
"Nov-2013"," 0.11165184928"," 0.20539429843"," 0.4571714345"
"Nov-2013"," 0.08323451743","-0.10807057482"," 0.3329672179"
"Nov-2013"," 0.04114962589","-0.27038394991"," 0.3827098422"
"Nov-2013","-0.06028162791","-0.23890910576"," 0.4558134648"
"Dec-2013","-0.10939827752","-0.20870866993"," 0.5035045067"
"Dec-2013","-0.14153898676","-0.13525274621"," 0.5024541060"
"Dec-2013","-0.19141698948","-0.07822673141"," 0.4665417378"
"Dec-2013","-0.24581241031","-0.04290887442"," 0.4220953049"
"Dec-2013","-0.25542131549","-0.01621112382"," 0.3936900945"
"Dec-2013","-0.22141550572"," 0.02555962906"," 0.3932086558"
"Dec-2013","-0.20066567078"," 0.05525427087"," 0.3820127805"
"Dec-2013","-0.12813758699","-0.01050077160"," 0.3362867310"
"Dec-2013","-0.08813299848","-0.05250416389"," 0.3330994564"
"Dec-2013","-0.11652721789","-0.04512059293"," 0.3216122833"
"Dec-2013","-0.10793408611","-0.10723161674"," 0.2690991445"
"Dec-2013","-0.10811832527","-0.19547535101"," 0.2517203623"
"Dec-2013","-0.11142322075","-0.28777630018"," 0.2179916120"
"Dec-2013","-0.14596901782","-0.21826726086"," 0.3022491539"
"Dec-2013","-0.26145395579","-0.08722450987"," 0.3411610903"
"Dec-2013","-0.28726244348","-0.18556774225"," 0.2484886565"
"Dec-2013","-0.28768422716","-0.33751022615"," 0.1885067452"
"Dec-2013","-0.33794677687","-0.37613635416"," 0.1890809821"
"Dec-2013","-0.37401634409","-0.37010557962"," 0.2148781458"
"Dec-2013","-0.38054869002","-0.26299098412"," 0.2845453549"
"Dec-2013","-0.33906075979","-0.16536492937"," 0.3215220820"
"Dec-2013","-0.28829883463","-0.06953498946"," 0.3447257252"
"Dec-2013","-0.27846522518","-0.05977769794"," 0.3180785270"
"Dec-2013","-0.26048418716","-0.20278881307"," 0.2684938666"
"Dec-2013","-0.21523733041","-0.41750635893"," 0.1559376273"
"Dec-2013","-0.24079348895","-0.44364834678"," 0.2048164210"
"Dec-2013","-0.29469687161","-0.37099908642"," 0.2085298089"
"Dec-2013","-0.29293060428","-0.34749786710"," 0.1664159904"
"Dec-2013","-0.27333052150","-0.23393448596"," 0.1724490082"
"Dec-2013","-0.25034094439","-0.26542671055"," 0.0892404063"
"Dec-2013","-0.26148822090","-0.37495900614"," 0.0299312514"
"Jan-2014","-0.30972824166","-0.46739038286","-0.0098146709"
"Jan-2014","-0.32735576940","-0.41403762812"," 0.0425123036"
"Jan-2014","-0.38023732541","-0.48899120476","-0.0335394771"
"Jan-2014","-0.33499285328","-0.66702247830","-0.1452076212"
"Jan-2014","-0.39876205606","-0.52699557135","-0.0907650349"
"Jan-2014","-0.50447010178","-0.47512549652","-0.1021674033"
"Jan-2014","-0.49830403299","-0.68539136216","-0.2628492576"
"Jan-2014","-0.50231110640","-0.86102953830","-0.2667925919"
"Jan-2014","-0.60556549147","-0.67932964340","-0.1129146661"
"Jan-2014","-0.64486529731","-0.48194197221","-0.0070768202"
"Jan-2014","-0.61417997475","-0.33307124455"," 0.0379277408"
"Jan-2014","-0.61106537169","-0.29955977798"," 0.0503497124"
"Jan-2014","-0.58925144735","-0.33145310297"," 0.0530969362"
"Jan-2014","-0.62778894623","-0.26900210384"," 0.1153697493"
"Jan-2014","-0.63318401338","-0.26127010222"," 0.0903510435"
"Jan-2014","-0.62254601764","-0.39831579558"," 0.0113976054"
"Jan-2014","-0.62120667009","-0.50892955324","-0.0399930285"
"Jan-2014","-0.68953379277","-0.51775892941","-0.0135272878"
"Jan-2014","-0.72678121395","-0.51041546262","-0.0527931720"
"Jan-2014","-0.74744626660","-0.47237292954","-0.0790442637"
"Jan-2014","-0.77724656614","-0.39393974372","-0.1028498169"
"Jan-2014","-0.81528285525","-0.47806443338","-0.2285820993"
"Jan-2014","-0.77636257035","-0.63742659961","-0.3538120462"
"Jan-2014","-0.76597286825","-0.58803458665","-0.3622010098"
"Jan-2014","-0.76691607592","-0.52003042251","-0.3711045630"
"Jan-2014","-0.77763309419","-0.43385096668","-0.3642244727"
"Jan-2014","-0.77135208687","-0.36680407673","-0.3662440808"
"Jan-2014","-0.76086648649","-0.31197915255","-0.3680347570"
"Jan-2014","-0.75695942024","-0.32443951205","-0.3696279480"
"Jan-2014","-0.73555337543","-0.40678529115","-0.4256520392"
"Jan-2014","-0.74962782412","-0.41377739140","-0.4369812890"
"Feb-2014","-0.77731531648","-0.37872429238","-0.4454987985"
"Feb-2014","-0.77357260536","-0.39492637675","-0.4618715705"
"Feb-2014","-0.76987153331","-0.38899530481","-0.4559155261"
"Feb-2014","-0.77060628878","-0.37187047225","-0.4667721016"
"Feb-2014","-0.75964493901","-0.32832938160","-0.4381710290"
"Feb-2014","-0.74373099691","-0.28582054760","-0.4494953690"
"Feb-2014","-0.69734631107","-0.34940697033","-0.4834400668"
"Feb-2014","-0.68713593216","-0.35142092772","-0.5012830428"
"Feb-2014","-0.73304178694","-0.34002964085","-0.5292236131"
"Feb-2014","-0.76828249804","-0.39625057766","-0.5646252464"
"Feb-2014","-0.78383636300","-0.44326141292","-0.5699472443"
"Feb-2014","-0.80612148762","-0.45765880967","-0.5653915313"
"Feb-2014","-0.84553021543","-0.46730330455","-0.5249238153"
"Feb-2014","-0.85705323418","-0.54396703336","-0.5662553213"
"Feb-2014","-0.89023825884","-0.59792258371","-0.5164995909"
"Feb-2014","-0.91581169668","-0.62964926795","-0.5154096282"
"Feb-2014","-0.94056710089","-0.61708057434","-0.4453288646"
"Feb-2014","-0.95509873565","-0.54855076962","-0.3622207299"
"Feb-2014","-0.95073301587","-0.48483434596","-0.2724744617"
"Feb-2014","-0.93005816795","-0.43268765218","-0.1893084245"
"Feb-2014","-0.90920098857","-0.39459673574","-0.0997178479"
"Feb-2014","-0.87577383358","-0.39881800782","-0.0622188621"
"Feb-2014","-0.84328966615","-0.46056744822","-0.0486709365"
"Feb-2014","-0.84435291176","-0.49022169227","-0.0036998916"
"Feb-2014","-0.84657566812","-0.53237628256"," 0.0068464369"
"Feb-2014","-0.85288584114","-0.58717542969"," 0.0293583340"
"Feb-2014","-0.86259735822","-0.62355008732"," 0.0458637908"
"Feb-2014","-0.86472759145","-0.67558921033"," 0.0283750466"
"Mar-2014","-0.89306010432","-0.67780721163"," 0.0646122693"
"Mar-2014","-0.91047723549","-0.65696960202"," 0.0944068149"
"Mar-2014","-0.90171560301","-0.61750116902"," 0.1509495129"
"Mar-2014","-0.90699316357","-0.58183546854"," 0.1735359488"
"Mar-2014","-0.88756070102","-0.59491753075"," 0.1761639997"
"Mar-2014","-0.87573435900","-0.59536343274"," 0.1809258407"
"Mar-2014","-0.90815560924","-0.62240785247"," 0.1699056207"
"Mar-2014","-0.91881092096","-0.75011679027"," 0.0803214552"
"Mar-2014","-0.94560021989","-0.82138765330"," 0.1109019653"
"Mar-2014","-0.99441372967","-0.78027389245"," 0.1388873725"
"Mar-2014","-1.02794147879","-0.73279836554"," 0.1415574200"
"Mar-2014","-1.05645525923","-0.67056890819"," 0.1436747361"
"Mar-2014","-1.06446837883","-0.71269149734"," 0.0818569059"
"Mar-2014","-1.01896442370","-0.83873737455"," 0.0015585231"
"Mar-2014","-1.03254551351","-0.77448926238"," 0.0641333868"
"Mar-2014","-1.04725834246","-0.66608052942"," 0.0687722814"
"Mar-2014","-1.04450205560","-0.59377782075"," 0.0637504270"
"Mar-2014","-1.03350963243","-0.59729125131","-0.0185277180"
"Mar-2014","-1.01273433712","-0.70176807287","-0.1398204170"
"Mar-2014","-1.01988400532","-0.74577009724","-0.1802649233"
"Mar-2014","-1.03487726520","-0.75428368978","-0.2327535540"
"Mar-2014","-1.03384377228","-0.74025474641","-0.2694443800"
"Mar-2014","-1.03565138520","-0.69389485525","-0.3002834023"
"Mar-2014","-1.03084308053","-0.71597956948","-0.3342495244"
"Mar-2014","-1.01909810899","-0.73738439179","-0.3412699278"
"Mar-2014","-1.00979586553","-0.82388380021","-0.4172358894"
"Mar-2014","-0.98853917111","-0.91167106331","-0.4029648927"
"Mar-2014","-1.01134395877","-0.71341853954","-0.3181291780"
"Mar-2014","-1.02579348934","-0.55030560593","-0.3041902584"
"Mar-2014","-0.99425531774","-0.50539674585","-0.3626876829"
"Mar-2014","-0.94039614221","-0.59924490566","-0.4485148002"
"Apr-2014","-0.94130739601","-0.55384070331","-0.4062720300"
"Apr-2014","-0.95406597645","-0.41904924005","-0.3728439101"
"Apr-2014","-0.93452528898","-0.32351840795","-0.3674943202"
"Apr-2014","-0.89968691776","-0.25649770608","-0.3700772908"
"Apr-2014","-0.87917110545","-0.23795325639","-0.3994224531"
"Apr-2014","-0.85426594730","-0.25166453716","-0.4178719648"
"Apr-2014","-0.85153669832","-0.22132952043","-0.4048504365"
"Apr-2014","-0.85106938680","-0.17150235080","-0.3891964345"
"Apr-2014","-0.84413220630","-0.24234480972","-0.4588625074"
"Apr-2014","-0.82512163749","-0.39268911605","-0.5562579912"
"Apr-2014","-0.84940191598","-0.37154969761","-0.5135988261"
"Apr-2014","-0.86857416181","-0.31391613108","-0.5069217799"
"Apr-2014","-0.84886721151","-0.30039844247","-0.5262026611"
"Apr-2014","-0.83157052184","-0.26311536375","-0.5477688445"
"Apr-2014","-0.84728687092","-0.24551444831","-0.5732437100"
"Apr-2014","-0.83665280063","-0.31781257700","-0.6476471563"
"Apr-2014","-0.80436406172","-0.36208194292","-0.6875286248"
"Apr-2014","-0.79230101897","-0.27821895793","-0.6604188558"
"Apr-2014","-0.75848381405","-0.24574233159","-0.6601312505"
"Apr-2014","-0.70960705689","-0.35806166143","-0.7430420217"
"Apr-2014","-0.69674762551","-0.43337917019","-0.7497232878"
"Apr-2014","-0.71001629383","-0.41521738356","-0.7053720065"
"Apr-2014","-0.72028173904","-0.37727854589","-0.6575753443"
"Apr-2014","-0.71738930890","-0.32178788075","-0.6013899214"
"Apr-2014","-0.71379686533","-0.24487084392","-0.5307461606"
"Apr-2014","-0.70684805524","-0.19852269629","-0.4630894300"
"Apr-2014","-0.67764394658","-0.17116948033","-0.3743573279"
"Apr-2014","-0.65534928349","-0.11183010673","-0.2537781239"
"Apr-2014","-0.64843051957","-0.02140935610","-0.1225349199"
"Apr-2014","-0.63256298579"," 0.04199944568","-0.0154547470"
"May-2014","-0.60158512577"," 0.05353200726"," 0.0712378240"
"May-2014","-0.56947420589"," 0.05174487623"," 0.1375506649"
"May-2014","-0.55197566758"," 0.05043829062"," 0.1728168542"
"May-2014","-0.54036078605"," 0.01299919905"," 0.1691877839"
"May-2014","-0.54143613817","-0.05233348722"," 0.1949582889"
"May-2014","-0.54524635230","-0.03632534732"," 0.2577217922"
"May-2014","-0.54143195592"," 0.01520269708"," 0.2803160999"
"May-2014","-0.52330971191"," 0.07313625220"," 0.2646801544"
"May-2014","-0.50402124352"," 0.14613946268"," 0.2497948718"
"May-2014","-0.48829154058"," 0.20155690688"," 0.2143135871"
"May-2014","-0.46016476512"," 0.21181382707"," 0.1512663333"
"May-2014","-0.42721530391"," 0.20921703807"," 0.0853537377"
"May-2014","-0.39166198789"," 0.19799250939"," 0.0189371430"
"May-2014","-0.37505720396"," 0.18921562681","-0.0262418964"
"May-2014","-0.37843734327"," 0.19081574206","-0.0575417852"
"May-2014","-0.34955167267"," 0.03794716306","-0.2028460437"
"May-2014","-0.35139046904","-0.19572127621","-0.3425364384"
"May-2014","-0.40651972818","-0.26349679374","-0.3168437183"
"May-2014","-0.43724841408","-0.21004709612","-0.2373042355"
"May-2014","-0.41705250728","-0.13779371030","-0.1559796761"
"May-2014","-0.38382265183","-0.06506383057","-0.0583386647"
"May-2014","-0.35519661097","-0.01784448886"," 0.0232556060"
"May-2014","-0.33045800914","-0.01449869726"," 0.0725100963"
"May-2014","-0.31972870092","-0.04173929273"," 0.0929279682"
"May-2014","-0.32069120564","-0.06501820694"," 0.0977125726"
"May-2014","-0.33242630854","-0.07904350981"," 0.0968200545"
"May-2014","-0.34026670852","-0.07402033050"," 0.0968849362"
"May-2014","-0.34933977195","-0.06020834893"," 0.0953977307"
"May-2014","-0.36345618989","-0.03029586457"," 0.0858663797"
"May-2014","-0.36838002007","-0.02482337764"," 0.0517046795"
"May-2014","-0.37298544887","-0.02696903877"," 0.0386359203"
"Jun-2014","-0.37480637896","-0.02577571954"," 0.0295053828"
"Jun-2014","-0.36440930289","-0.00858136526"," 0.0193654673"
"Jun-2014","-0.35400837475"," 0.04399473085"," 0.0331579873"
"Jun-2014","-0.34357567618"," 0.08455519509"," 0.0404920056"
"Jun-2014","-0.33049887780"," 0.08147979836"," 0.0430640206"
"Jun-2014","-0.33149014467"," 0.04717987091"," 0.0381331790"
"Jun-2014","-0.34205076876"," 0.00788248249"," 0.0231591559"
"Jun-2014","-0.36962082791","-0.03404492913"," 0.0046464262"
"Jun-2014","-0.40308004682","-0.06768228639","-0.0038716514"
"Jun-2014","-0.43259158762","-0.07375886071","-0.0026750540"
"Jun-2014","-0.47560123356","-0.05359292254"," 0.0072899773"
"Jun-2014","-0.49752294258","-0.04905175659","-0.0160675721"
"Jun-2014","-0.49621859386","-0.05829520978","-0.0442740800"
"Jun-2014","-0.49521492699","-0.05894539055","-0.0619775544"
"Jun-2014","-0.48133656718","-0.02899350662","-0.0752625857"
"Jun-2014","-0.46126539418"," 0.01699834217","-0.0770649073"
"Jun-2014","-0.42916738793"," 0.04748332383","-0.0919888185"
"Jun-2014","-0.40084415672"," 0.05912973898","-0.1203822618"
"Jun-2014","-0.37712433656"," 0.08642083165","-0.1683722705"
"Jun-2014","-0.35078598702"," 0.09343254360","-0.2457265935"
"Jun-2014","-0.33458497374"," 0.04363989997","-0.3349900027"
"Jun-2014","-0.33136339311","-0.02699475711","-0.4200061200"
"Jun-2014","-0.33045386357","-0.08627535431","-0.5111383150"
"Jun-2014","-0.32812490004","-0.13436172115","-0.5918345898"
"Jun-2014","-0.32380404774","-0.17475484003","-0.6533275654"
"Jun-2014","-0.32548644994","-0.20201528207","-0.6773794173"
"Jun-2014","-0.32593677565","-0.19716807962","-0.6744968307"
"Jun-2014","-0.31616887156","-0.16352854981","-0.6529795013"
"Jun-2014","-0.30968674933","-0.11786105743","-0.6164506156"
"Jun-2014","-0.30041025973","-0.08927441807","-0.5741195105"
"Jul-2014","-0.28982942143","-0.06998713112","-0.5366113951"
"Jul-2014","-0.28005359307","-0.02871483256","-0.5213822278"
"Jul-2014","-0.26160197844"," 0.00736036496","-0.5381230276"
"Jul-2014","-0.24004430870"," 0.02228346101","-0.5749075038"
"Jul-2014","-0.21723720980"," 0.02689297433","-0.6284323336"
"Jul-2014","-0.20173668688"," 0.03190746343","-0.6756079337"
"Jul-2014","-0.19111028405"," 0.05317382947","-0.6985731501"
"Jul-2014","-0.18166250560"," 0.08380830632","-0.6902451728"
"Jul-2014","-0.17017048686"," 0.11046982812","-0.6777325535"
"Jul-2014","-0.16261635097"," 0.09798480719","-0.7073746943"
"Jul-2014","-0.16361154328"," 0.07066952284","-0.7475565903"
"Jul-2014","-0.16168972556"," 0.05670804608","-0.8039267575"
"Jul-2014","-0.15844000645"," 0.04381939989","-0.8740340985"
"Jul-2014","-0.15826152705"," 0.03788903256","-0.9473811388"
"Jul-2014","-0.16600995419"," 0.00668170612","-1.0114572068"
"Jul-2014","-0.19578365609","-0.04700556320","-1.0509645611"
"Jul-2014","-0.23467602263","-0.07594398012","-1.0594033930"
"Jul-2014","-0.25469227607","-0.08490200671","-1.0807643411"
"Jul-2014","-0.27961005435","-0.08579475018","-1.1135343121"
"Jul-2014","-0.30859624571","-0.09328060732","-1.1503660193"
"Jul-2014","-0.32690837860","-0.11005266412","-1.1803089934"
"Jul-2014","-0.33743110563","-0.11934561630","-1.2006698149"
"Jul-2014","-0.34318694696","-0.12637735098","-1.2238416868"
"Jul-2014","-0.34873576685","-0.16010219757","-1.2762859675"
"Jul-2014","-0.36893486537","-0.20145006577","-1.3293659178"
"Jul-2014","-0.40949657375","-0.24304607486","-1.3955124361"
"Jul-2014","-0.45216888813","-0.28059708231","-1.4602052651"
"Jul-2014","-0.49467853495","-0.31936260607","-1.5228093843"
"Jul-2014","-0.55354819397","-0.37294066052","-1.5842366668"
"Jul-2014","-0.61518613630","-0.41503154213","-1.6454938938"
"Jul-2014","-0.65234264855","-0.43531826256","-1.6581142839"
"Aug-2014","-0.68644413648","-0.44762589740","-1.6515514603"
"Aug-2014","-0.72415296267","-0.44407835188","-1.6453302898"
"Aug-2014","-0.75128447245","-0.43769304004","-1.6531646148"
"Aug-2014","-0.75956598985","-0.45021728437","-1.6792972234"
"Aug-2014","-0.75973030829","-0.49822720080","-1.7153735607"
"Aug-2014","-0.78538214499","-0.57294461497","-1.7268302203"
"Aug-2014","-0.84150391833","-0.61825739390","-1.7129305381"
"Aug-2014","-0.90086205693","-0.64534955110","-1.6918543956"
"Aug-2014","-0.95040379200","-0.64197428322","-1.6431991372"
"Aug-2014","-0.98750894327","-0.60563620670","-1.5831986013"
"Aug-2014","-1.00672275481","-0.57678357629","-1.5059219415"
"Aug-2014","-1.01289124490","-0.54318238912","-1.4008662459"
"Aug-2014","-1.00974890692","-0.49071227841","-1.3048267031"
"Aug-2014","-0.96561067687","-0.41324417623","-1.2720917494"
"Aug-2014","-0.91669719662","-0.36833044259","-1.2590897384"
"Aug-2014","-0.89855778336","-0.37288470258","-1.2463321595"
"Aug-2014","-0.89285282609","-0.37462262820","-1.2152276460"
"Aug-2014","-0.88190699466","-0.35346171909","-1.1800842408"
"Aug-2014","-0.85796283709","-0.32526484764","-1.1539907073"
"Aug-2014","-0.82461774962","-0.32745648470","-1.1357410343"
"Aug-2014","-0.79799695138","-0.36185946167","-1.0890663495"
"Aug-2014","-0.79464850914","-0.40555809183","-1.0281399824"
"Aug-2014","-0.79206908747","-0.41113392186","-0.9689691523"
"Aug-2014","-0.78151183853","-0.41027282721","-0.9303802445"
"Aug-2014","-0.76836331821","-0.42467586086","-0.9131331326"
"Aug-2014","-0.73323982020","-0.39432164346","-0.9202613475"
"Aug-2014","-0.64316480872","-0.34034454372","-0.8581509211"
"Aug-2014","-0.60786077687","-0.23635666420","-0.7731363051"
"Aug-2014","-0.60602898761","-0.15814366965","-0.7261176138"
"Aug-2014","-0.60729492564","-0.10087796932","-0.6579488093"
"Aug-2014","-0.61693255628"," 0.00521000641","-0.5262789853"
"Sep-2014","-0.57566129600"," 0.11964117601","-0.4007107531"
"Sep-2014","-0.52630556104"," 0.16604111262","-0.3162567404"
"Sep-2014","-0.48485615154"," 0.16993151062","-0.2238534092"
"Sep-2014","-0.44353485099"," 0.20861013223","-0.1478401761"
"Sep-2014","-0.42014572216"," 0.22993269108","-0.0980981199"
"Sep-2014","-0.42510972395"," 0.22108992728","-0.0383791842"
"Sep-2014","-0.45443284333"," 0.24277254290"," 0.0387803722"
"Sep-2014","-0.47510765456"," 0.29291578975"," 0.1017792996"
"Sep-2014","-0.46985181235"," 0.32190634796"," 0.1219418649"
"Sep-2014","-0.44327492776"," 0.32695178127"," 0.1335604649"
"Sep-2014","-0.41593771726"," 0.32708342629"," 0.1122236597"
"Sep-2014","-0.37347088348"," 0.26938579877"," 0.0467642212"
"Sep-2014","-0.35458776327"," 0.12998182759","-0.0142732846"
"Sep-2014","-0.36726178153"," 0.09123949731","-0.0386409018"
"Sep-2014","-0.30493864707"," 0.12651472528","-0.0645378022"
"Sep-2014","-0.28857441594"," 0.06353937735","-0.1047565415"
"Sep-2014","-0.35470119766","-0.07314103338","-0.1638367239"
"Sep-2014","-0.40094170589","-0.16636613998","-0.2253866283"
"Sep-2014","-0.44426333309","-0.21215852485","-0.2693542193"
"Sep-2014","-0.48219664343","-0.16369659979","-0.3100377610"
"Sep-2014","-0.45136600599","-0.14965614776","-0.3606417406"
"Sep-2014","-0.39032608887","-0.19422843815","-0.3964375734"
"Sep-2014","-0.38771342931","-0.22750515147","-0.4171681269"
"Sep-2014","-0.37850701076","-0.25922948701","-0.4450916551"
"Sep-2014","-0.31267918663","-0.24916997563","-0.4726074719"
"Sep-2014","-0.25312213430","-0.25158755829","-0.4951285798"
"Sep-2014","-0.20716238718","-0.24212878740","-0.5041395793"
"Sep-2014","-0.20427252509","-0.16046401585","-0.4911272619"
"Sep-2014","-0.24712225496","-0.07459922802","-0.4403328168"
"Sep-2014","-0.27895608236","-0.03827442169","-0.4227524511"
"Oct-2014","-0.31943770429","-0.04484011421","-0.4529833958"
"Oct-2014","-0.38846880254","-0.07096771623","-0.4556575009"
"Oct-2014","-0.46658096187","-0.08719140870","-0.4452630498"
"Oct-2014","-0.54500811073","-0.14172368401","-0.4274917722"
"Oct-2014","-0.53132650015","-0.28694393408","-0.4500690379"
"Oct-2014","-0.56454355205","-0.35987979539","-0.3889243699"
"Oct-2014","-0.66226691013","-0.29376369797","-0.3326906205"
"Oct-2014","-0.76210982570","-0.24682831491","-0.3470856592"
"Oct-2014","-0.80881177563","-0.22634389209","-0.3558064970"
"Oct-2014","-0.82704338184","-0.19789940821","-0.3333610234"
"Oct-2014","-0.82358913598","-0.12938146446","-0.3002955346"
"Oct-2014","-0.77459215745","-0.05386531382","-0.2834013155"
"Oct-2014","-0.69242266433"," 0.02221041623","-0.2702012512"
"Oct-2014","-0.63668547465"," 0.17352203748","-0.2522522086"
"Oct-2014","-0.59675044357"," 0.11288112799","-0.3323914508"
"Oct-2014","-0.53971404128","-0.15425098166","-0.4760745612"
"Oct-2014","-0.53071299327","-0.40689221603","-0.5792220714"
"Oct-2014","-0.59548516589","-0.53613961552","-0.6387303346"
"Oct-2014","-0.65300061936","-0.65477913930","-0.7227750940"
"Oct-2014","-0.67215797050","-0.70914389310","-0.8064599408"
"Oct-2014","-0.70407056363","-0.72485004802","-0.8785413227"
"Oct-2014","-0.72598779691","-0.77525282697","-0.9749523830"
"Oct-2014","-0.73059069435","-0.80640807085","-1.0516310281"
"Oct-2014","-0.74360153056","-0.78133104540","-1.0764107390"
"Oct-2014","-0.76501029016","-0.81172971208","-1.1214131089"
"Oct-2014","-0.77668768534","-0.90401633414","-1.1766391439"
"Oct-2014","-0.81155962462","-0.92149863988","-1.1558086508"
"Oct-2014","-0.84635056030","-0.82904191273","-1.0999269015"
"Oct-2014","-0.86881064242","-0.68339531365","-1.0366869504"
"Oct-2014","-0.84844792250","-0.60241877192","-1.0248509828"
"Oct-2014","-0.76468044262","-0.64992236587","-1.0796821691"
"Nov-2014","-0.70908108380","-0.89068278415","-1.1787782900"
"Nov-2014","-0.63906147016","-1.24481763010","-1.2990071575"
"Nov-2014","-0.65465990911","-1.29394699892","-1.2139618253"
"Nov-2014","-0.69936222944","-1.08487991325","-1.0641619473"
"Nov-2014","-0.70366099652","-0.88680870966","-0.9081083567"
"Nov-2014","-0.64993458911","-0.71559978358","-0.7519714627"
"Nov-2014","-0.56990035526","-0.65813250549","-0.6300778680"
"Nov-2014","-0.44373160022","-0.67188518221","-0.5590610075"
"Nov-2014","-0.38898505374","-0.67484144079","-0.5050283643"
"Nov-2014","-0.33835083399","-0.74833964124","-0.5073062411"
"Nov-2014","-0.32730561908","-0.78663372082","-0.4788026735"
"Nov-2014","-0.34256779037","-0.82957501046","-0.4519807534"
"Nov-2014","-0.34316772327","-0.87895663040","-0.4136119318"
"Nov-2014","-0.33023242438","-0.88957319632","-0.3772186119"
"Nov-2014","-0.30091099258","-0.93337381908","-0.3765421225"
"Nov-2014","-0.27299608114","-0.87068589415","-0.3087867912"
"Nov-2014","-0.30503832405","-0.69181478176","-0.1773399750"
"Nov-2014","-0.31612723248","-0.61096618584","-0.1249429657"
"Nov-2014","-0.15648674847","-0.75022436104","-0.1922388506"
"Nov-2014","-0.11010499755","-0.78467384240","-0.1449872509"
"Nov-2014","-0.09904719919","-0.69426401325","-0.0653683195"
"Nov-2014","-0.02750407221","-0.51798099964"," 0.0282402519"
"Nov-2014"," 0.03879091670","-0.21575991448"," 0.1610090466"
"Nov-2014"," 0.04061489176","-0.02077021425"," 0.2141865425"
"Nov-2014"," 0.06270279023","-0.04351485638"," 0.2097897672"
"Nov-2014"," 0.14433321321","-0.13566390294"," 0.1954162339"
"Nov-2014"," 0.12668671859","-0.30166069624"," 0.1450361142"
"Nov-2014"," 0.05497164240","-0.39274930167"," 0.1819441861"
"Nov-2014","-0.01693523036","-0.33122927121"," 0.2347049626"
"Nov-2014","-0.08558324909","-0.18719635116"," 0.2598903968"
"Dec-2014","-0.10515999931","-0.05557757982"," 0.2732409183"
"Dec-2014","-0.07420759966"," 0.03999312158"," 0.3059083934"
"Dec-2014","-0.01047200163"," 0.11020507014"," 0.3274145644"
"Dec-2014"," 0.04730792418"," 0.12183668844"," 0.3428812658"
"Dec-2014"," 0.10691923571"," 0.08290898647"," 0.3803759505"
"Dec-2014"," 0.14967442470"," 0.06660350029"," 0.4543253066"
"Dec-2014"," 0.17912158084"," 0.05354703899"," 0.5127678718"
"Dec-2014"," 0.22413760668","-0.01255291108"," 0.5563183376"
"Dec-2014"," 0.22981053672","-0.04627077026"," 0.6146389708"
"Dec-2014"," 0.22457850399","-0.11085662647"," 0.6451140229"
"Dec-2014"," 0.20092229807","-0.05693143315"," 0.7952991330"
"Dec-2014"," 0.17302140085"," 0.12804978135"," 0.9097388873"
"Dec-2014"," 0.20381329744"," 0.23861263078"," 0.9715090808"
"Dec-2014"," 0.25992593586"," 0.35704623170"," 1.0504279478"
"Dec-2014"," 0.29660295670"," 0.49376058124"," 1.1570461180"
"Dec-2014"," 0.29116005047"," 0.61775098766"," 1.2566222170"
"Dec-2014"," 0.30635446196"," 0.66151062548"," 1.3255799481"
"Dec-2014"," 0.33749007356"," 0.65297477894"," 1.3382254550"
"Dec-2014"," 0.33317347688"," 0.66620404635"," 1.3457543617"
"Dec-2014"," 0.31027796373"," 0.69194176303"," 1.3256737201"
"Dec-2014"," 0.30859042544"," 0.69616955277"," 1.2585844502"
"Dec-2014"," 0.31974588302"," 0.66266301849"," 1.1999458199"
"Dec-2014"," 0.29277931535"," 0.64834653469"," 1.1062043203"
"Dec-2014"," 0.23630406843"," 0.63422041358"," 1.0626117767"
"Dec-2014"," 0.18212252939"," 0.54122037181"," 0.9534700397"
"Dec-2014"," 0.24431924247"," 0.32090315655"," 0.8557354592"
"Dec-2014"," 0.24686128068"," 0.28156789523"," 0.8277662825"
"Dec-2014"," 0.23567236509"," 0.25091862153"," 0.7938606598"
"Dec-2014"," 0.22852915370"," 0.20574506219"," 0.7349297579"
"Dec-2014"," 0.22907809249"," 0.15916797437"," 0.6670020582"
"Dec-2014"," 0.22328673872"," 0.07287818803"," 0.6017717545"
"Jan-2015"," 0.18804306304","-0.03701946450"," 0.5063453418"
"Jan-2015"," 0.13930542076","-0.07085082494"," 0.4751388598"
"Jan-2015"," 0.09985483376","-0.03709262672"," 0.4684336131"
"Jan-2015"," 0.08649408255"," 0.05132303289"," 0.4766051279"
"Jan-2015"," 0.09392572251"," 0.03567647641"," 0.4252744659"
"Jan-2015"," 0.15220649123","-0.09476036694"," 0.3737108549"
"Jan-2015"," 0.16585438700","-0.12702097097"," 0.3838331197"
"Jan-2015"," 0.13850716111","-0.21532001728"," 0.3476220688"
"Jan-2015"," 0.12547053435","-0.24980743026"," 0.3783971427"
"Jan-2015"," 0.08963440278","-0.10206126342"," 0.3826756379"
"Jan-2015"," 0.09694446397","-0.06595594374"," 0.3924224494"
"Jan-2015"," 0.09470677623"," 0.06589487984"," 0.4531107549"
"Jan-2015"," 0.09153648321"," 0.16537065866"," 0.4833587822"
"Jan-2015"," 0.11510541215"," 0.19087197800"," 0.4884795213"
"Jan-2015"," 0.14512674734"," 0.20035564517"," 0.4897752468"
"Jan-2015"," 0.17052500755"," 0.22228910268"," 0.5010490287"
"Jan-2015"," 0.22017540778"," 0.24567000949"," 0.4750314947"
"Jan-2015"," 0.23435540327"," 0.30641895949"," 0.4998930888"
"Jan-2015"," 0.24563453076"," 0.32926389140"," 0.4532639307"
"Jan-2015"," 0.25854690064"," 0.34570513284"," 0.4522453419"
"Jan-2015"," 0.23256741759"," 0.42052260191"," 0.4461135206"
"Jan-2015"," 0.22771266793"," 0.38442726424"," 0.3974378522"
"Jan-2015"," 0.22450954056"," 0.38977591560"," 0.4096757695"
"Jan-2015"," 0.13568755350"," 0.43079713740"," 0.4508466335"
"Jan-2015"," 0.09869356206"," 0.29409864163"," 0.3773192717"
"Jan-2015"," 0.01670427260"," 0.17043670186"," 0.4243766729"
"Jan-2015","-0.05655332050"," 0.05776541830"," 0.3447688595"
"Jan-2015","-0.10711845973","-0.05195189667"," 0.3173372793"
"Jan-2015","-0.13571375738"," 0.00859189379"," 0.3084758849"
"Jan-2015","-0.17216354257"," 0.13696915611"," 0.3309599060"
"Jan-2015","-0.17747166292"," 0.20389579227"," 0.2545971074"
"Feb-2015","-0.16685413820"," 0.28823967499"," 0.2189456860"
"Feb-2015","-0.17912471598"," 0.40447048248"," 0.1994155036"
"Feb-2015","-0.14781231257"," 0.31255630660"," 0.0762872914"
"Feb-2015","-0.09156411785"," 0.20398169622"," 0.0261652781"
"Feb-2015","-0.04452292866"," 0.27281730258"," 0.0637136858"
"Feb-2015","-0.00463082069"," 0.20360513980","-0.0752393955"
"Feb-2015"," 0.04150689222"," 0.02148095101","-0.1345826345"
"Feb-2015"," 0.04985528895"," 0.06355703577","-0.0893845242"
"Feb-2015"," 0.04435735311"," 0.11481421556","-0.0747080883"
"Feb-2015"," 0.06455601139"," 0.02931682419","-0.1502133863"
"Feb-2015"," 0.10376718286","-0.17208085290","-0.2825388029"
"Feb-2015"," 0.09399414267","-0.22657472685","-0.2515869783"
"Feb-2015"," 0.05149704260","-0.18572901217","-0.2227633848"
"Feb-2015"," 0.02499826338","-0.17878946423","-0.2329439173"
"Feb-2015","-0.00437320870","-0.16785200624","-0.2247661132"
"Feb-2015","-0.01004111269","-0.15478914471","-0.2022330758"
"Feb-2015","-0.02347571366","-0.09453600672","-0.1111832509"
"Feb-2015","-0.02058728234","-0.10378867858","-0.1178885787"
"Feb-2015"," 0.00519849646","-0.30712762059","-0.2017744410"
"Feb-2015","-0.01249099464","-0.53249203068","-0.2376593795"
"Feb-2015","-0.06759251884","-0.45985222387","-0.1311168031"
"Feb-2015","-0.11665795422","-0.28328184598","-0.0270658192"
"Feb-2015","-0.12434926061","-0.21345485047","-0.0441359369"
"Feb-2015","-0.11407475385","-0.19584318969","-0.0861704286"
"Feb-2015","-0.12635802513","-0.18718203965","-0.1190552308"
"Feb-2015","-0.17379766545","-0.15694402452","-0.1289087988"
"Feb-2015","-0.18255276775","-0.20555515118","-0.2075032577"
"Feb-2015","-0.13814676357","-0.28595226693","-0.2528556800"
"Mar-2015","-0.13638974121","-0.23784088637","-0.2669080512"
"Mar-2015","-0.16367368304","-0.22158589738","-0.2804977705"
"Mar-2015","-0.17675825894","-0.24575097868","-0.2942429379"
"Mar-2015","-0.18566414240","-0.23773214124","-0.2946675697"
"Mar-2015","-0.19473041885","-0.21705976315","-0.3372689540"
"Mar-2015","-0.19820913454","-0.29748159905","-0.4301016239"
"Mar-2015","-0.17253605641","-0.45279095420","-0.5517477026"
"Mar-2015","-0.19425551323","-0.53401874884","-0.6473815629"
"Mar-2015","-0.24060773160","-0.54688396669","-0.7116800300"
"Mar-2015","-0.27851327033","-0.53450023375","-0.7644322043"
"Mar-2015","-0.30926741661","-0.53761373825","-0.8153765386"
"Mar-2015","-0.32468315722","-0.56831750194","-0.8508174092"
"Mar-2015","-0.35341536856","-0.58928834195","-0.8628049296"
"Mar-2015","-0.37397788268","-0.55018742286","-0.8415600299"
"Mar-2015","-0.35784473926","-0.54776109126","-0.8430974690"
"Mar-2015","-0.34666778344","-0.60254209463","-0.8597423056"
"Mar-2015","-0.35421414182","-0.65547959800","-0.8660281954"
"Mar-2015","-0.38723616875","-0.68356091308","-0.8505350787"
"Mar-2015","-0.42090024458","-0.69342647999","-0.8424449196"
"Mar-2015","-0.44051478180","-0.67759866206","-0.8420104683"
"Mar-2015","-0.43976836005","-0.64669202881","-0.8460948461"
"Mar-2015","-0.43113802824","-0.60570409992","-0.8528920389"
"Mar-2015","-0.43073983392","-0.56700387021","-0.8828606978"
"Mar-2015","-0.40508047650","-0.58236869931","-0.9522077592"
"Mar-2015","-0.37654134576","-0.59218423876","-1.0121342026"
"Mar-2015","-0.36236380825","-0.57503503837","-1.0498363137"
"Mar-2015","-0.36688551866","-0.55673221189","-1.0740608181"
"Mar-2015","-0.37006685429","-0.63610317763","-1.1389142078"
"Mar-2015","-0.37356240906","-0.75329936234","-1.1741347487"
"Mar-2015","-0.40571298694","-0.74156945066","-1.1548511489"
"Mar-2015","-0.44098077261","-0.69971972252","-1.1603905957"
"Apr-2015","-0.45376972940","-0.69068777038","-1.1739367765"
"Apr-2015","-0.45244479961","-0.63314398317","-1.1519746894"
"Apr-2015","-0.44622370120","-0.57015266403","-1.1223285721"
"Apr-2015","-0.43369158599","-0.53756846692","-1.1167060249"
"Apr-2015","-0.39821454102","-0.55364266420","-1.1438150229"
"Apr-2015","-0.36221497147","-0.56492602799","-1.1455107098"
"Apr-2015","-0.33919883339","-0.54895699406","-1.1457294165"
"Apr-2015","-0.31141316819","-0.55325706525","-1.1462561385"
"Apr-2015","-0.28294939134","-0.56573263264","-1.1332952719"
"Apr-2015","-0.27229837193","-0.55385604422","-1.0981638773"
"Apr-2015","-0.28141523894","-0.54891371914","-1.0774820561"
"Apr-2015","-0.28267105153","-0.59115415466","-1.0830798111"
"Apr-2015","-0.29491440799","-0.62266434685","-1.0739265914"
"Apr-2015","-0.32581496974","-0.60589164416","-1.0582974627"
"Apr-2015","-0.33786788703","-0.59115074904","-1.0541170406"
"Apr-2015","-0.33277860114","-0.57126360236","-1.0569444839"
"Apr-2015","-0.33486873612","-0.54817910236","-1.0607152469"
"Apr-2015","-0.33967612362","-0.53389250585","-1.0645489032"
"Apr-2015","-0.34660582009","-0.54943554308","-1.0795582683"
"Apr-2015","-0.34946868098","-0.55623639988","-1.0770154277"
"Apr-2015","-0.34456323070","-0.57858734002","-1.0834730774"
"Apr-2015","-0.32291670646","-0.60921447716","-1.1034764615"
"Apr-2015","-0.32144125232","-0.59416355273","-1.0925657977"
"Apr-2015","-0.34292287113","-0.56708513547","-1.0889904912"
"Apr-2015","-0.34907375175","-0.55581680340","-1.0995556471"
"Apr-2015","-0.36422659753","-0.55093313728","-1.0874655902"
"Apr-2015","-0.37328876510","-0.56432939774","-1.0790318709"
"Apr-2015","-0.37801463540","-0.56898007214","-1.0601874293"
"Apr-2015","-0.39323263625","-0.56239899559","-1.0529843916"
"Apr-2015","-0.39891106925","-0.65752561524","-1.0964502962"
"May-2015","-0.39634962392","-0.78861040809","-1.1383599344"
"May-2015","-0.43481969317","-0.83536147637","-1.1121601314"
"May-2015","-0.46608862319","-0.81438083051","-1.0595670165"
"May-2015","-0.45945678370","-0.71595926876","-0.9926056027"
"May-2015","-0.43108908857","-0.57274299408","-0.9361541205"
"May-2015","-0.37774928258","-0.45969374487","-0.9192520701"
"May-2015","-0.34531750334","-0.41455230410","-0.9146515202"
"May-2015","-0.33357055073","-0.40365988256","-0.8951743306"
"May-2015","-0.33475783310","-0.39244938740","-0.8723661853"
"May-2015","-0.33674480589","-0.37760315277","-0.8493135268"
"May-2015","-0.33822088370","-0.31988849713","-0.8116918787"
"May-2015","-0.34860790768","-0.23767483279","-0.7800032682"
"May-2015","-0.33806907532","-0.17775926269","-0.7753781290"
"May-2015","-0.30894978565","-0.13204462002","-0.7683741996"
"May-2015","-0.27995952209","-0.07741011724","-0.7563701646"
"May-2015","-0.23278332690"," 0.00753121778","-0.7244885322"
"May-2015","-0.15895155476"," 0.09353205446","-0.7008974252"
"May-2015","-0.06936557316"," 0.15777863996","-0.6854000074"
"May-2015","-0.00095157706"," 0.17873339133","-0.6905441997"
"May-2015"," 0.03908448840"," 0.14955487785","-0.7045592406"
"May-2015"," 0.03704321972"," 0.08914461137","-0.7304375164"
"May-2015"," 0.01076499921"," 0.01080596100","-0.7647287770"
"May-2015","-0.00958953964","-0.03876056088","-0.7971920312"
"May-2015","-0.01428272234","-0.02927043476","-0.8079706595"
"May-2015","-0.02179364164"," 0.02701385842","-0.8097298484"
"May-2015","-0.00759658696"," 0.06569934999","-0.8078519330"
"May-2015"," 0.00798548985"," 0.07422973579","-0.8040712694"
"May-2015"," 0.00158917713"," 0.03659816769","-0.8006911353"
"May-2015","-0.02565070431","-0.01156247700","-0.7759355267"
"May-2015","-0.07131780392","-0.03351789492","-0.7449980662"
"May-2015","-0.12682265855","-0.05565075763","-0.7140572377"
"Jun-2015","-0.19588802191","-0.08279799200","-0.6888793914"
"Jun-2015","-0.27166997037","-0.09649418233","-0.6783408129"
"Jun-2015","-0.33921926773","-0.08094527333","-0.6834592798"
"Jun-2015","-0.38634578951","-0.02539489233","-0.7068397142"
"Jun-2015","-0.41655583960"," 0.02084762221","-0.7535235693"
"Jun-2015","-0.43377952332"," 0.05666469684","-0.8067649324"
"Jun-2015","-0.44821544323"," 0.08987153614","-0.8690800261"
"Jun-2015","-0.46789931777"," 0.13328162766","-0.9124958595"
"Jun-2015","-0.48940940524"," 0.19574366571","-0.9266779939"
"Jun-2015","-0.50892822761"," 0.23632456371","-0.9449587890"
"Jun-2015","-0.51950935940"," 0.27177300880","-0.9346991732"
"Jun-2015","-0.51298438744"," 0.32853667304","-0.8687534268"
"Jun-2015","-0.49034472533"," 0.44510117306","-0.7733348648"
"Jun-2015","-0.44962926419"," 0.56350999511","-0.6876271231"
"Jun-2015","-0.37600524721"," 0.65398153653","-0.6260113634"
"Jun-2015","-0.28505042219"," 0.70489122514","-0.5911700493"
"Jun-2015","-0.27180468287"," 0.68366331917","-0.5827401036"
"Jun-2015","-0.30939658947"," 0.63043416513","-0.5986940462"
"Jun-2015","-0.35547083488"," 0.60397974055","-0.6235939850"
"Jun-2015","-0.40477399821"," 0.60096781762","-0.6532898895"
"Jun-2015","-0.43764795878"," 0.58557098740","-0.6725533228"
"Jun-2015","-0.43832951895"," 0.57407441974","-0.6758383053"
"Jun-2015","-0.42935220705"," 0.59364008717","-0.6474522063"
"Jun-2015","-0.42114795124"," 0.63199957823","-0.6031616273"
"Jun-2015","-0.42408858732"," 0.64904132529","-0.5312694125"
"Jun-2015","-0.44093561164"," 0.64675180587","-0.4390862487"
"Jun-2015","-0.47033503876"," 0.64213148850","-0.3221766914"
"Jun-2015","-0.50173655347"," 0.62990605839","-0.2010670324"
"Jun-2015","-0.52467447612"," 0.62624013805","-0.0986516418"
"Jun-2015","-0.53367156199"," 0.62766821052","-0.0158165049"
"Jul-2015","-0.52804471009"," 0.65533791473"," 0.0584570970"
"Jul-2015","-0.50009457970"," 0.70284567764"," 0.1142143986"
"Jul-2015","-0.45733429131"," 0.75873562294"," 0.1593363470"
"Jul-2015","-0.42228390931"," 0.80512088013"," 0.1914498328"
"Jul-2015","-0.39331580435"," 0.83670681812"," 0.1905592218"
"Jul-2015","-0.35896543580"," 0.85859658968"," 0.1491347148"
"Jul-2015","-0.32076038919"," 0.85821128432"," 0.0768681017"
"Jul-2015","-0.29793854235"," 0.84862139687"," 0.0210302155"
"Jul-2015","-0.28905305654"," 0.84886260907"," 0.0081697349"
"Jul-2015","-0.27183307816"," 0.85131906283"," 0.0068947439"
"Jul-2015","-0.25162976070"," 0.84584728051"," 0.0119958440"
"Jul-2015","-0.24015226979"," 0.82976791608"," 0.0086575847"
"Jul-2015","-0.25180567205"," 0.79776983876"," 0.0089385356"
"Jul-2015","-0.27394676581"," 0.78548968379"," 0.0149619368"
"Jul-2015","-0.28756201068"," 0.77190946086"," 0.0236522612"
"Jul-2015","-0.28423770809"," 0.73768234332"," 0.0232670696"
"Jul-2015","-0.28514830153"," 0.70177795551"," 0.0359285230"
"Jul-2015","-0.29503987552"," 0.68037225243"," 0.0389645289"
"Jul-2015","-0.28848918638"," 0.67690626576"," 0.0340622530"
"Jul-2015","-0.27434470333"," 0.68034312847"," 0.0300258365"
"Jul-2015","-0.25399346626"," 0.67673762861"," 0.0274497639"
"Jul-2015","-0.23571115943"," 0.65550854828"," 0.0349994863"
"Jul-2015","-0.22422247916"," 0.63994519474"," 0.0568495014"
"Jul-2015","-0.22279915641"," 0.61675940675"," 0.0828838746"
"Jul-2015","-0.23624766152"," 0.57819986458"," 0.0955645613"
"Jul-2015","-0.26814715760"," 0.55682939211"," 0.0754361613"
"Jul-2015","-0.27883163502"," 0.57490732990"," 0.0473990192"
"Jul-2015","-0.25791524376"," 0.56198662386"," 0.0151438001"
"Jul-2015","-0.23649933031"," 0.52986453482","-0.0169508988"
"Jul-2015","-0.23818822600"," 0.46628862255","-0.0618292266"
"Jul-2015","-0.24008814194"," 0.41539619694","-0.1060290768"
"Aug-2015","-0.23290762047"," 0.38205307393","-0.1488145156"
"Aug-2015","-0.22949061131"," 0.34148344973","-0.1879178508"
"Aug-2015","-0.24772262108"," 0.25643143190","-0.2392087480"
"Aug-2015","-0.28151619995"," 0.14816238828","-0.2639835898"
"Aug-2015","-0.31910175979"," 0.10006140074","-0.2823540587"
"Aug-2015","-0.35500418371"," 0.08663677965","-0.2928734039"
"Aug-2015","-0.38306910589"," 0.09380033550","-0.3049708051"
"Aug-2015","-0.41172633019"," 0.06337536330","-0.3328117604"
"Aug-2015","-0.44556349252"," 0.01889179531","-0.3742404468"
"Aug-2015","-0.48091198830","-0.00008710643","-0.4147775890"
"Aug-2015","-0.48493091142"," 0.00023120207","-0.4453536763"
"Aug-2015","-0.46809944215","-0.02750303286","-0.4832946606"
"Aug-2015","-0.46290141772","-0.05903536162","-0.5519988298"
"Aug-2015","-0.46244834053","-0.06833283506","-0.6240395542"
"Aug-2015","-0.45132898237","-0.05076174820","-0.6882401105"
"Aug-2015","-0.43419562061","-0.04013426079","-0.7424362359"
"Aug-2015","-0.43219283597","-0.03599131809","-0.7698723606"
"Aug-2015","-0.44977722050","-0.01871546367","-0.8004253194"
"Aug-2015","-0.45004367391","-0.01918661426","-0.8314557405"
"Aug-2015","-0.44973242639","-0.03187080553","-0.8426551458"
"Aug-2015","-0.45858614176","-0.07099591631","-0.8594768143"
"Aug-2015","-0.47961295912","-0.11471586099","-0.8643311695"
"Aug-2015","-0.49043424017","-0.12849971679","-0.8696408728"
"Aug-2015","-0.46401019117","-0.12933409490","-0.8691256745"
"Aug-2015","-0.41544647917","-0.11897935107","-0.8580983130"
"Aug-2015","-0.36544528347","-0.10597514850","-0.8482932744"
"Aug-2015","-0.32513289596","-0.10385432494","-0.8474644612"
"Aug-2015","-0.32632637833","-0.11088793858","-0.8595100870"
"Aug-2015","-0.35882866885","-0.16301901346","-0.8769692510"
"Aug-2015","-0.39884514376","-0.19613654318","-0.8654999315"
"Aug-2015","-0.40159174541","-0.19820035187","-0.8444479320"
"Sep-2015","-0.39329016055","-0.19554055882","-0.8399271553"
"Sep-2015","-0.41434471283","-0.20603874992","-0.8085385259"
"Sep-2015","-0.46093994199","-0.21000953241","-0.7090839126"
"Sep-2015","-0.51303736262","-0.21190599574","-0.5931370705"
"Sep-2015","-0.56259362551","-0.20481571955","-0.4882996758"
"Sep-2015","-0.61218345647","-0.17552487916","-0.4254260077"
"Sep-2015","-0.64613368632","-0.12682708522","-0.4084875603"
"Sep-2015","-0.64521652600","-0.09233644277","-0.4519126452"
"Sep-2015","-0.63384447184","-0.12567921347","-0.5231020771"
"Sep-2015","-0.66327354158","-0.22096120008","-0.5696478507"
"Sep-2015","-0.72505844968","-0.34068300797","-0.5944058533"
"Sep-2015","-0.80266525367","-0.45977806345","-0.6280220447"
"Sep-2015","-0.89160760885","-0.57976644957","-0.6681012013"
"Sep-2015","-0.93694258636","-0.71288169948","-0.7179798375"
"Sep-2015","-0.96703817485","-0.79122639776","-0.7199497802"
"Sep-2015","-0.98613756146","-0.78415643788","-0.7027807778"
"Sep-2015","-0.90227550401","-0.69197127995","-0.7072583813"
"Sep-2015","-0.74077182716","-0.63013716868","-0.7658423552"
"Sep-2015","-0.60763734959","-0.69818578209","-0.8441370764"
"Sep-2015","-0.55604781566","-0.80964859726","-0.8946932164"
"Sep-2015","-0.57713234075","-0.91065226860","-0.9136735483"
"Sep-2015","-0.60787797577","-0.96935220675","-0.9273942888"
"Sep-2015","-0.59626654277","-0.97154848252","-0.9419626698"
"Sep-2015","-0.58256981738","-0.96773958464","-0.9674210612"
"Sep-2015","-0.53713299839","-0.98383879565","-0.9862144983"
"Sep-2015","-0.49450690889","-0.99469498838","-0.9969040209"
"Sep-2015","-0.45461131571","-0.99142130208","-0.9823000544"
"Sep-2015","-0.43563310431","-0.87938334731","-0.9070875556"
"Sep-2015","-0.43550106991","-0.68773462384","-0.8052108165"
"Sep-2015","-0.41984224513","-0.67385593900","-0.7725731650"
"Oct-2015","-0.40444987375","-0.75631874242","-0.7572506314"
"Oct-2015","-0.41088665158","-0.90382475398","-0.7650049805"
"Oct-2015","-0.45838990614","-1.07887645803","-0.8014789257"
"Oct-2015","-0.56726494311","-1.19455232481","-0.8279529034"
"Oct-2015","-0.72150313275","-1.26801241749","-0.8366324750"
"Oct-2015","-0.82626606311","-1.23795073152","-0.8427294006"
"Oct-2015","-0.87334907481","-1.15966598397","-0.8430049954"
"Oct-2015","-0.88144275777","-1.05499345641","-0.8206251744"
"Oct-2015","-0.82960977281","-0.87286556841","-0.7815054869"
"Oct-2015","-0.72662730743","-0.68778071722","-0.7399347832"
"Oct-2015","-0.59687425319","-0.58567691160","-0.6976635283"
"Oct-2015","-0.43887504590","-0.51563084046","-0.6374600294"
"Oct-2015","-0.31389327974","-0.43959580176","-0.5353824778"
"Oct-2015","-0.20211986944","-0.38608873698","-0.4264269052"
"Oct-2015","-0.09743676871","-0.32706802419","-0.3320663318"
"Oct-2015"," 0.00516129644","-0.25545630507","-0.2344351804"
"Oct-2015"," 0.10106533863","-0.15039348115","-0.1215919849"
"Oct-2015"," 0.22106886867","-0.09372599645","-0.0470334962"
"Oct-2015"," 0.37703366764","-0.02866153251"," 0.0112074044"
"Oct-2015"," 0.50362666435"," 0.14387447165"," 0.1586160757"
"Oct-2015"," 0.62225496753"," 0.35524927922"," 0.3577345547"
"Oct-2015"," 0.77889189826"," 0.51061101053"," 0.5084986491"
"Oct-2015"," 0.91324396118"," 0.62840934496"," 0.6371949549"
"Oct-2015"," 1.00581163095"," 0.72764925490"," 0.7698894137"
"Oct-2015"," 1.09671623228"," 0.86924709441"," 0.9338170943"
"Oct-2015"," 1.12395765455"," 1.02789043892"," 1.0343044170"
"Oct-2015"," 1.04990539707"," 1.18484805781"," 1.1065894518"
"Oct-2015"," 1.08782861866"," 1.10129921235"," 1.0629337714"
"Oct-2015"," 1.09625710183"," 0.87503853573"," 0.9560377747"
"Oct-2015"," 1.05152913769"," 0.75037651659"," 0.8876530227"
"Oct-2015"," 1.04238637007"," 0.67185836631"," 0.8174672881"
"Nov-2015"," 0.96562276659"," 0.65410783824"," 0.7878234837"
"Nov-2015"," 0.86490176174"," 0.64517318129"," 0.7247426731"
"Nov-2015"," 0.77719328067"," 0.57587640634"," 0.6211093014"
"Nov-2015"," 0.73323793239"," 0.47683830905"," 0.5382664144"
"Nov-2015"," 0.70299853317"," 0.42509758924"," 0.5319691226"
"Nov-2015"," 0.68521174971"," 0.43529279716"," 0.5564454845"
"Nov-2015"," 0.67563960432"," 0.43859214308"," 0.5432386033"
"Nov-2015"," 0.67312819926"," 0.41642217080"," 0.5000222840"
"Nov-2015"," 0.67597290037"," 0.39023115370"," 0.4657505406"
"Nov-2015"," 0.62560487723"," 0.26209803945"," 0.4170836368"
"Nov-2015"," 0.54610424725"," 0.14572114240"," 0.3633110882"
"Nov-2015"," 0.43694756870"," 0.07694084809"," 0.3722785087"
"Nov-2015"," 0.34211777803"," 0.01112573744"," 0.3836312522"
"Nov-2015"," 0.34698166261","-0.07753876766"," 0.3535154227"
"Nov-2015"," 0.38706457662","-0.10257486689"," 0.3408472336"
"Nov-2015"," 0.39319865486"," 0.01170580931"," 0.4239838936"
"Nov-2015"," 0.38900260973"," 0.16627256208"," 0.5133332436"
"Nov-2015"," 0.41318119348"," 0.36254119189"," 0.6025961659"
"Nov-2015"," 0.46332308158"," 0.47075421886"," 0.6101957160"
"Nov-2015"," 0.58217928075"," 0.38112727242"," 0.5109450802"
"Nov-2015"," 0.65973817228"," 0.28370003570"," 0.4309634772"
"Nov-2015"," 0.61755268660"," 0.20495682058"," 0.3985554880"
"Nov-2015"," 0.60430302184"," 0.02793461022"," 0.2737020900"
"Nov-2015"," 0.57997934333","-0.14388492092"," 0.2013223094"
"Nov-2015"," 0.53310973649","-0.09236204368"," 0.2747346777"
"Nov-2015"," 0.57594603914"," 0.00886193636"," 0.3107042991"
"Nov-2015"," 0.70945545184"," 0.08189579746"," 0.3711897227"
"Nov-2015"," 0.78140234947"," 0.13312614327"," 0.4634595982"
"Nov-2015"," 0.79644205436"," 0.13181486025"," 0.5260420902"
"Nov-2015"," 0.79648156563"," 0.10877880232"," 0.5833211683"
"Dec-2015"," 0.77755130337"," 0.13602427135"," 0.6455352268"
"Dec-2015"," 0.73946508406"," 0.18617955533"," 0.7101744950"
"Dec-2015"," 0.71417178366"," 0.19554825331"," 0.7549073159"
"Dec-2015"," 0.72158012776"," 0.10765271482"," 0.7427406508"
"Dec-2015"," 0.72547362004"," 0.06773291909"," 0.7299537758"
"Dec-2015"," 0.71549282469"," 0.07937269914"," 0.7574498319"
"Dec-2015"," 0.69238559425"," 0.14976256225"," 0.8438216872"
"Dec-2015"," 0.68316684907"," 0.18029099498"," 0.8994286938"
"Dec-2015"," 0.65369335209"," 0.19450754131"," 0.9856545147"
"Dec-2015"," 0.59960547346"," 0.27779791158"," 1.0911830062"
"Dec-2015"," 0.57758001526"," 0.36275897574"," 1.1897127215"
"Dec-2015"," 0.60390178255"," 0.46062583165"," 1.2936050112"
"Dec-2015"," 0.72713056186"," 0.57156652930"," 1.3950102122"
"Dec-2015"," 0.79832428744"," 0.72359568049"," 1.4941817646"
"Dec-2015"," 0.86080513679"," 0.76448191037"," 1.5098228634"
"Dec-2015"," 0.94576642922"," 0.73670522256"," 1.4918717919"
"Dec-2015"," 0.97505161485"," 0.71450418863"," 1.4718221507"
"Dec-2015"," 0.97430471618"," 0.62728290516"," 1.4200714826"
"Dec-2015"," 1.00409822874"," 0.40671132495"," 1.2606017665"
"Dec-2015"," 1.03951738255"," 0.23211973257"," 1.1702854814"
"Dec-2015"," 1.01918823070"," 0.32156682679"," 1.2394348547"
"Dec-2015"," 0.97808106874"," 0.42630817146"," 1.3000493923"
"Dec-2015"," 0.99080329295"," 0.50315386633"," 1.2834542212"
"Dec-2015"," 0.97652651870"," 0.56323907178"," 1.2525649653"
"Dec-2015"," 0.98799498475"," 0.59127253196"," 1.2120962350"
"Dec-2015"," 1.05222680320"," 0.62808199395"," 1.2270830802"
"Dec-2015"," 1.12517186475"," 0.72476240061"," 1.2681363944"
"Dec-2015"," 1.14347563313"," 0.82016522818"," 1.3254810034"
"Dec-2015"," 1.05907711027"," 0.86115656269"," 1.3611545795"
"Dec-2015"," 1.11234145231"," 0.86035336367"," 1.3993442564"
"Dec-2015"," 1.14649191660"," 0.91736880929"," 1.4639279755"
"Jan-2016"," 1.14603147246"," 0.88819503634"," 1.4712620149"
"Jan-2016"," 1.16943413858"," 0.86809991168"," 1.4898911988"
"Jan-2016"," 1.16507307798"," 0.87713908609"," 1.4854047091"
"Jan-2016"," 1.09216521645"," 0.91720761368"," 1.4736569545"
"Jan-2016"," 1.04811510716"," 0.87207727055"," 1.4164694168"
"Jan-2016"," 1.05949523234"," 0.91665971910"," 1.4479116881"
"Jan-2016"," 1.09103534832"," 1.02267218391"," 1.5277929051"
"Jan-2016"," 1.09766627064"," 1.13022639860"," 1.6030820933"
"Jan-2016"," 1.12801818709"," 1.17129700197"," 1.6340861397"
"Jan-2016"," 1.08567601374"," 1.16952960008"," 1.6946262602"
"Jan-2016"," 1.06580452489"," 1.06584464502"," 1.6962157587"
"Jan-2016"," 1.06561404903"," 1.01456115972"," 1.7771205961"
"Jan-2016"," 1.03150555400"," 1.09036813899"," 1.8664676333"
"Jan-2016"," 1.01098860440"," 1.18014240807"," 1.9320237247"
"Jan-2016"," 1.00402453276"," 1.34394703584"," 2.0056319146"
"Jan-2016"," 0.98353788614"," 1.40582970664"," 1.9677609652"
"Jan-2016"," 1.00593409722"," 1.33937187236"," 1.9418398407"
"Jan-2016"," 1.03116734196"," 1.23195317805"," 1.7637260086"
"Jan-2016"," 1.02251914387"," 1.03194710977"," 1.6739549483"
"Jan-2016"," 0.98092071416"," 0.99651076051"," 1.6568707912"
"Jan-2016"," 0.90091469216"," 1.11501135829"," 1.7124986135"
"Jan-2016"," 0.80258068874"," 1.24219682805"," 1.7299036080"
"Jan-2016"," 0.68427728043"," 1.13936850509"," 1.6243304825"
"Jan-2016"," 0.67779170967"," 0.79084759694"," 1.4284706114"
"Jan-2016"," 0.58814769017"," 0.75141885709"," 1.4864631845"
"Jan-2016"," 0.46607130445"," 0.94981341890"," 1.5624005803"
"Jan-2016"," 0.44160055011"," 1.10178121012"," 1.5797244627"
"Jan-2016"," 0.47815390105"," 1.18000559589"," 1.5420373243"
"Jan-2016"," 0.48561786175"," 1.13884427373"," 1.4507833190"
"Jan-2016"," 0.47096464822"," 1.01320871561"," 1.3838435325"
"Jan-2016"," 0.43280065371"," 1.05661187845"," 1.4094310785"
"Feb-2016"," 0.41885042521"," 1.09536982763"," 1.4129955512"
"Feb-2016"," 0.46912816309"," 1.07721843403"," 1.3959934395"
"Feb-2016"," 0.48613066442"," 1.07712912445"," 1.4158110244"
"Feb-2016"," 0.48295160334"," 1.11345252156"," 1.4094816773"
"Feb-2016"," 0.50933181208"," 1.02990678814"," 1.3113297281"
"Feb-2016"," 0.53704234351"," 0.86046408960"," 1.2162242129"
"Feb-2016"," 0.47267540901"," 0.86027090846"," 1.1744221427"
"Feb-2016"," 0.42506143486"," 0.74788070639"," 1.1005799893"
"Feb-2016"," 0.29865814358"," 0.60461387580"," 1.0893370049"
"Feb-2016"," 0.14596848741"," 0.42429596000"," 0.9497769822"
"Feb-2016"," 0.09688078338"," 0.39010871176"," 0.8620208637"
"Feb-2016"," 0.05611627251"," 0.51211258193"," 0.8448509687"
"Feb-2016"," 0.04045931874"," 0.62971573883"," 0.8331062574"
"Feb-2016"," 0.07804396142"," 0.68102241761"," 0.7864253644"
"Feb-2016"," 0.11798834753"," 0.75154750751"," 0.7801685273"
"Feb-2016"," 0.13828286741"," 0.82291719238"," 0.7608772586"
"Feb-2016"," 0.19144863306"," 0.73778015136"," 0.7131068087"
"Feb-2016"," 0.25256456443"," 0.65657549148"," 0.7153782744"
"Feb-2016"," 0.29166387903"," 0.64433861143"," 0.7531424268"
"Feb-2016"," 0.30945253349"," 0.69263512881"," 0.8171176219"
"Feb-2016"," 0.33506030982"," 0.70801639886"," 0.8558829965"
"Feb-2016"," 0.36758552934"," 0.67818476872"," 0.8553471042"
"Feb-2016"," 0.38734574831"," 0.62950306342"," 0.8639687734"
"Feb-2016"," 0.34034674849"," 0.61223061463"," 0.8861376377"
"Feb-2016"," 0.26017497728"," 0.48179711819"," 0.8840061199"
"Feb-2016"," 0.27941681724"," 0.34739794769"," 0.8606284446"
"Feb-2016"," 0.28424764735"," 0.32270364402"," 0.8571918688"
"Feb-2016"," 0.26218887790"," 0.37123996437"," 0.8383346456"
"Feb-2016"," 0.24521469848"," 0.44054184775"," 0.8306252146"
"Mar-2016"," 0.24226122215"," 0.50285944033"," 0.7720136083"
"Mar-2016"," 0.24223594521"," 0.51023790285"," 0.7130577519"
"Mar-2016"," 0.24633730270"," 0.51377681688"," 0.6592584229"
"Mar-2016"," 0.20977833874"," 0.52253244366"," 0.6181701318"
"Mar-2016"," 0.20658049421"," 0.48280970443"," 0.5378224893"
"Mar-2016"," 0.20024031171"," 0.42169112669"," 0.4779748858"
"Mar-2016"," 0.18663464200"," 0.37032302922"," 0.4306100374"
"Mar-2016"," 0.17325936297"," 0.41923890060"," 0.4210828658"
"Mar-2016"," 0.19070723735"," 0.48523057528"," 0.4140716326"
"Mar-2016"," 0.22874957971"," 0.55621019867"," 0.4193728555"
"Mar-2016"," 0.24274783072"," 0.61125860231"," 0.3988540296"
"Mar-2016"," 0.27610509809"," 0.58928016707"," 0.3315261299"
"Mar-2016"," 0.29619626518"," 0.55943056933"," 0.2866528741"
"Mar-2016"," 0.28963816538"," 0.48417130850"," 0.2103686314"
"Mar-2016"," 0.26454763079"," 0.35955620478"," 0.1433270793"
"Mar-2016"," 0.22551827718"," 0.25674273740"," 0.0925495545"
"Mar-2016"," 0.17199991842"," 0.17071888339"," 0.0478483425"
"Mar-2016"," 0.10274389578"," 0.10432141089"," 0.0021420131"
"Mar-2016"," 0.04005437411"," 0.05320808940","-0.0622495363"
"Mar-2016","-0.00741340468"," 0.00048238066","-0.1408678135"
"Mar-2016","-0.03247550730","-0.14436900500","-0.2412504897"
"Mar-2016","-0.08652273739","-0.35477925739","-0.3193194439"
"Mar-2016","-0.17594913309","-0.34525260887","-0.2661662127"
"Mar-2016","-0.23530694151","-0.21565184644","-0.2117255741"
"Mar-2016","-0.23651194342","-0.09843293798","-0.1744532480"
"Mar-2016","-0.19394899123","-0.02810525689","-0.1533103980"
"Mar-2016","-0.15561345106"," 0.01085227365","-0.0900275576"
"Mar-2016","-0.14079911080"," 0.05419313704"," 0.0164162559"
"Mar-2016","-0.10434690430"," 0.09133576310"," 0.1581974703"
"Mar-2016","-0.06255187211"," 0.14713293448"," 0.3113721263"
"Mar-2016","-0.03632273802"," 0.25668026179"," 0.4565239799"
"Apr-2016","-0.05905103450"," 0.41313696024"," 0.5765853887"
"Apr-2016","-0.07502723344"," 0.52672893688"," 0.6646663617"
"Apr-2016","-0.04892976689"," 0.54338925395"," 0.6994835733"
"Apr-2016","-0.02675051925"," 0.51155975506"," 0.7296096686"
"Apr-2016","-0.03688282948"," 0.54247331700"," 0.7628490272"
"Apr-2016","-0.04416688000"," 0.55769052987"," 0.7596429657"
"Apr-2016","-0.04936783934"," 0.62726075301"," 0.7745993380"
"Apr-2016","-0.03871880099"," 0.63894421901"," 0.7329080819"
"Apr-2016","-0.01039589996"," 0.59110528843"," 0.6993905723"
"Apr-2016"," 0.01520266807"," 0.56455057408"," 0.6663361608"
"Apr-2016"," 0.02606184619"," 0.60218725062"," 0.6766218673"
"Apr-2016"," 0.03207269477"," 0.67154315425"," 0.6871716854"
"Apr-2016"," 0.06266839243"," 0.69013727909"," 0.6851043188"
"Apr-2016"," 0.11687080603"," 0.68623766242"," 0.7071285284"
"Apr-2016"," 0.14407264367"," 0.72867556547"," 0.7552253747"
"Apr-2016"," 0.19536255967"," 0.79205031099"," 0.7900384881"
"Apr-2016"," 0.29766273115"," 0.85356018329"," 0.8004761126"
"Apr-2016"," 0.39280549360"," 0.90463081704"," 0.8197376388"
"Apr-2016"," 0.45045342170"," 0.93993000181"," 0.8464658680"
"Apr-2016"," 0.46954407695"," 0.96565491804"," 0.8724004639"
"Apr-2016"," 0.48106107913"," 0.99631476093"," 0.9056700113"
"Apr-2016"," 0.49135613028"," 1.04677296936"," 0.9572427114"
"Apr-2016"," 0.50554272933"," 1.06230473280"," 1.0110085242"
"Apr-2016"," 0.54340872011"," 1.02029452926"," 1.0623248628"
"Apr-2016"," 0.56823280129"," 0.99009256678"," 1.1834165464"
"Apr-2016"," 0.57625898126"," 1.04081617909"," 1.3306892868"
"Apr-2016"," 0.58769894197"," 1.13322986619"," 1.4529342323"
"Apr-2016"," 0.59110439491"," 1.21210977604"," 1.5418697438"
"Apr-2016"," 0.60731091114"," 1.24775739148"," 1.6126745117"
"Apr-2016"," 0.65269431472"," 1.26958098822"," 1.6907263832"
"May-2016"," 0.66799533693"," 1.33729273836"," 1.7930669104"
"May-2016"," 0.70211612191"," 1.38631747229"," 1.8806031049"
"May-2016"," 0.74630358513"," 1.37436472705"," 1.9685442922"
"May-2016"," 0.76738557885"," 1.35659053577"," 2.0577000117"
"May-2016"," 0.79474237989"," 1.30469644541"," 2.1256696268"
"May-2016"," 0.79801440434"," 1.17286153431"," 2.1911875764"
"May-2016"," 0.80483279423"," 1.15180349856"," 2.2586793641"
"May-2016"," 0.79362494845"," 1.18004235316"," 2.3072261618"
"May-2016"," 0.79822028849"," 1.25115890615"," 2.3609838999"
"May-2016"," 0.79409893690"," 1.35788338144"," 2.4246481583"
"May-2016"," 0.81055569116"," 1.44071710439"," 2.4716310612"
"May-2016"," 0.84592498814"," 1.48666972978"," 2.5297487313"
"May-2016"," 0.86835300634"," 1.51435035548"," 2.5835059014"
"May-2016"," 0.88035903840"," 1.50584351547"," 2.6143097845"
"May-2016"," 0.88540092545"," 1.48483814947"," 2.6341027396"
"May-2016"," 0.89263717358"," 1.47706481061"," 2.6447361450"
"May-2016"," 0.89611071649"," 1.50151332211"," 2.6654343185"
"May-2016"," 0.86285661132"," 1.54714059289"," 2.6617416245"
"May-2016"," 0.84369665544"," 1.50489046895"," 2.6328996093"
"May-2016"," 0.83024499529"," 1.47198755233"," 2.6396023809"
"May-2016"," 0.78942321693"," 1.47771140960"," 2.6682758824"
"May-2016"," 0.75691494653"," 1.45925245284"," 2.6662231233"
"May-2016"," 0.73560799172"," 1.40143521743"," 2.6263449010"
"May-2016"," 0.71759345901"," 1.36028698930"," 2.5498402474"
"May-2016"," 0.68435234083"," 1.33536996950"," 2.4370256988"
"May-2016"," 0.64920327239"," 1.32693012636"," 2.3368782844"
"May-2016"," 0.64360477909"," 1.31574987080"," 2.2433883177"
"May-2016"," 0.66048951704"," 1.26100497880"," 2.1391105525"
"May-2016"," 0.67330173301"," 1.17347061271"," 2.0362597774"
"May-2016"," 0.66528710927"," 1.07208650959"," 1.9421146645"
"May-2016"," 0.62615752838"," 0.99962461732"," 1.8651172108"
"Jun-2016"," 0.58093847993"," 0.96569901502"," 1.7945111454"
"Jun-2016"," 0.55381889323"," 0.95585652415"," 1.7597012375"
"Jun-2016"," 0.53804219500"," 0.98649023767"," 1.7608088104"
"Jun-2016"," 0.53412144472"," 1.02853379284"," 1.7855670564"
"Jun-2016"," 0.53811806250"," 1.06896061566"," 1.8422632954"
"Jun-2016"," 0.55957069905"," 1.17116253850"," 1.9542217229"
"Jun-2016"," 0.60677895816"," 1.31328402221"," 2.0399798605"
"Jun-2016"," 0.67234135611"," 1.23483580467"," 2.0379024716"
"Jun-2016"," 0.70613236693"," 1.12186693995"," 2.0701268526"
"Jun-2016"," 0.67158154382"," 1.10102181448"," 2.1158932756"
"Jun-2016"," 0.62194317673"," 1.10359235667"," 2.1624808023"
"Jun-2016"," 0.58974516332"," 1.14284329942"," 2.2159317830"
"Jun-2016"," 0.56318108228"," 1.17235315672"," 2.2453926286"
"Jun-2016"," 0.54665755875"," 1.17435202367"," 2.2596298252"
"Jun-2016"," 0.52606536532"," 1.20086821923"," 2.2700474048"
"Jun-2016"," 0.49694435139"," 1.22308510693"," 2.2725254043"
"Jun-2016"," 0.47368777056"," 1.19303839397"," 2.2584876001"
"Jun-2016"," 0.43558203407"," 1.11481876433"," 2.2269541537"
"Jun-2016"," 0.38205248596"," 1.05397668810"," 2.1692138033"
"Jun-2016"," 0.34516642594"," 1.01621124371"," 2.0871529855"
"Jun-2016"," 0.34372457656"," 0.96588738130"," 2.0185773622"
"Jun-2016"," 0.34109295012"," 0.90341348228"," 1.9510199625"
"Jun-2016"," 0.32046190578"," 0.85659823559"," 1.8564112645"
"Jun-2016"," 0.29828038359"," 0.77670350822"," 1.7504212978"
"Jun-2016"," 0.26663798589"," 0.67261005433"," 1.6557374523"
"Jun-2016"," 0.22514293850"," 0.59494877102"," 1.5798119860"
"Jun-2016"," 0.18328139384"," 0.53275824348"," 1.5084481567"
"Jun-2016"," 0.13508080395"," 0.46471280082"," 1.4345399856"
"Jun-2016"," 0.07336468287"," 0.39582041448"," 1.3651405401"
"Jun-2016"," 0.00226285675"," 0.36585373370"," 1.2935867729"
"Jul-2016","-0.07229530636"," 0.36644825012"," 1.2245969053"
"Jul-2016","-0.13795976590"," 0.37876745234"," 1.1864639136"
"Jul-2016","-0.17785719341"," 0.39847081271"," 1.1702253683"
"Jul-2016","-0.19100160485"," 0.44596512927"," 1.2021688796"
"Jul-2016","-0.18347927607"," 0.50762972263"," 1.2694099052"
"Jul-2016","-0.15099092639"," 0.57953162448"," 1.3606457323"
"Jul-2016","-0.09587131578"," 0.66750602079"," 1.4588193087"
"Jul-2016","-0.03848833695"," 0.76277121414"," 1.5432654496"
"Jul-2016"," 0.02247732687"," 0.83224243929"," 1.6180829779"
"Jul-2016"," 0.07802440756"," 0.89141951724"," 1.7212646534"
"Jul-2016"," 0.13060231014"," 0.99910191261"," 1.8579906189"
"Jul-2016"," 0.20608071522"," 1.11068615593"," 1.9894487154"
"Jul-2016"," 0.28864524763"," 1.17061763852"," 2.0564189749"
"Jul-2016"," 0.34096208969"," 1.18784076446"," 2.0528144128"
"Jul-2016"," 0.36453211923"," 1.18236692703"," 1.9935511497"
"Jul-2016"," 0.37763481822"," 1.17318900276"," 1.9027531824"
"Jul-2016"," 0.39589331557"," 1.16343458840"," 1.8176414671"
"Jul-2016"," 0.41496093175"," 1.15308595121"," 1.7710193288"
"Jul-2016"," 0.45171675500"," 1.16709868850"," 1.7633166741"
"Jul-2016"," 0.50824347297"," 1.16367533085"," 1.7509590566"
"Jul-2016"," 0.53601849911"," 1.13755166292"," 1.7205997688"
"Jul-2016"," 0.54037159876"," 1.11079431388"," 1.6671044381"
"Jul-2016"," 0.51894992555"," 1.07893351848"," 1.6036065430"
"Jul-2016"," 0.48162494929"," 1.03993218455"," 1.5526301939"
"Jul-2016"," 0.43793491714"," 1.01956736962"," 1.5263356044"
"Jul-2016"," 0.40427711469"," 1.02592232443"," 1.5615162993"
"Jul-2016"," 0.39307855057"," 1.02415104717"," 1.6698046745"
"Jul-2016"," 0.42503681828"," 1.04924292819"," 1.8310926587"
"Jul-2016"," 0.47028488568"," 1.09010619946"," 1.9749881053"
"Jul-2016"," 0.50394301831"," 1.10689898359"," 2.0599314286"
"Jul-2016"," 0.50828214044"," 1.11288695295"," 2.0761834047"
"Aug-2016"," 0.49841709074"," 1.14523234530"," 2.0427119898"
"Aug-2016"," 0.50202402544"," 1.18943929434"," 1.9570283505"
"Aug-2016"," 0.52687804273"," 1.19769863936"," 1.8845000198"
"Aug-2016"," 0.56459622396"," 1.19411010890"," 1.8587676160"
"Aug-2016"," 0.59770336336"," 1.15386407779"," 1.9166414221"
"Aug-2016"," 0.61440349528"," 1.14167792981"," 2.0468216467"
"Aug-2016"," 0.62327041777"," 1.12854290426"," 2.1987589260"
"Aug-2016"," 0.62010269279"," 1.10097143472"," 2.3649975937"
"Aug-2016"," 0.60447086920"," 1.10163870233"," 2.5176168402"
"Aug-2016"," 0.58192897638"," 1.13415355387"," 2.5982651537"
"Aug-2016"," 0.56913580065"," 1.11391233964"," 2.5687599987"
"Aug-2016"," 0.56349970378"," 1.07356549029"," 2.4935830042"
"Aug-2016"," 0.55287531870"," 1.05714315594"," 2.3810436041"
"Aug-2016"," 0.56691476855"," 1.06179570931"," 2.2432772602"
"Aug-2016"," 0.60565220837"," 1.02018325927"," 2.0962856735"
"Aug-2016"," 0.64927235291"," 0.96204906588"," 1.9556286683"
"Aug-2016"," 0.67985616417"," 0.87308562911"," 1.8170743311"
"Aug-2016"," 0.69817926629"," 0.79402205038"," 1.7021730205"
"Aug-2016"," 0.68949295102"," 0.69265010182"," 1.6121320867"
"Aug-2016"," 0.64334874462"," 0.60225389517"," 1.5372839637"
"Aug-2016"," 0.57201451007"," 0.52137500093"," 1.4695344755"
"Aug-2016"," 0.49273572283"," 0.46895374332"," 1.4041750578"
"Aug-2016"," 0.42548197121"," 0.43704861607"," 1.3483415944"
"Aug-2016"," 0.36324805810"," 0.40889384518"," 1.2950142905"
"Aug-2016"," 0.32242495903"," 0.43026302587"," 1.2637662989"
"Aug-2016"," 0.32343838449"," 0.48237994979"," 1.2791087555"
"Aug-2016"," 0.35043613562"," 0.54488784634"," 1.3377393110"
"Aug-2016"," 0.38122792215"," 0.58234555142"," 1.4002277064"
"Aug-2016"," 0.42722219118"," 0.61188494371"," 1.4581610381"
"Aug-2016"," 0.50212194148"," 0.71312289854"," 1.4728151975"
"Aug-2016"," 0.59488221492"," 0.79436349364"," 1.4049980685"
"Sep-2016"," 0.67801755123"," 0.82824793485"," 1.3329379892"
"Sep-2016"," 0.72928534532"," 0.92262426011"," 1.2901618424"
"Sep-2016"," 0.78613930609"," 0.75803604501"," 1.1447666928"
"Sep-2016"," 0.80437832295"," 0.51858133158"," 1.0838373636"
"Sep-2016"," 0.75788170687"," 0.39902710392"," 1.0672776562"
"Sep-2016"," 0.71864819338"," 0.37219788445"," 1.0683339811"
"Sep-2016"," 0.68477727955"," 0.40059063806"," 1.0748918544"
"Sep-2016"," 0.62881773352"," 0.43067792493"," 1.0895309600"
"Sep-2016"," 0.57443834466"," 0.49080200148"," 1.0889376928"
"Sep-2016"," 0.52309772804"," 0.51575149215"," 1.0512822445"
"Sep-2016"," 0.47940006512"," 0.47238690682"," 0.9712207872"
"Sep-2016"," 0.43252906419"," 0.40110993714"," 0.9041483159"
"Sep-2016"," 0.39856210534"," 0.38078140974"," 0.8371369120"
"Sep-2016"," 0.41154876521"," 0.31540368702"," 0.7651348569"
"Sep-2016"," 0.40163701369"," 0.15609642181"," 0.6853935878"
"Sep-2016"," 0.32290613802","-0.00464807583"," 0.6319948695"
"Sep-2016"," 0.19993210916","-0.10077389409"," 0.5999797409"
"Sep-2016"," 0.08801738279","-0.14861247235"," 0.5822368668"
"Sep-2016","-0.01337465323","-0.17003502740"," 0.5719758714"
"Sep-2016","-0.09416730529","-0.18189752358"," 0.5658113049"
"Sep-2016","-0.14026158149","-0.20569203767"," 0.5735818439"
"Sep-2016","-0.16773966781","-0.21635017570"," 0.6161280444"
"Sep-2016","-0.22629705208","-0.22742849738"," 0.6611115056"
"Sep-2016","-0.24059620504","-0.23267862049"," 0.6984002651"
"Sep-2016","-0.25044823107","-0.24398629340"," 0.7225038519"
"Sep-2016","-0.25163367912","-0.25893845470"," 0.7413190379"
"Sep-2016","-0.26076074496","-0.27158847229"," 0.7607747221"
"Sep-2016","-0.27611536601","-0.25127550506"," 0.7988605234"
"Sep-2016","-0.31346129021","-0.23534481377"," 0.7972875395"
"Sep-2016","-0.34947439704","-0.23247205173"," 0.7699100476"
"Oct-2016","-0.35196566125","-0.25534628375"," 0.7063895108"
"Oct-2016","-0.36166268720","-0.30662847726"," 0.6281140228"
"Oct-2016","-0.36676066777","-0.36717725873"," 0.5335026468"
"Oct-2016","-0.37280299329","-0.43341948171"," 0.4206579905"
"Oct-2016","-0.39905637710","-0.48555431452"," 0.2932525005"
"Oct-2016","-0.38885377571","-0.57828948087"," 0.1912086679"
"Oct-2016","-0.35182526235","-0.68327814437"," 0.1345273610"
"Oct-2016","-0.35493164765","-0.84300987963"," 0.1602541652"
"Oct-2016","-0.37590659042","-0.86414876961"," 0.2173735753"
"Oct-2016","-0.36879980864","-0.74541382961"," 0.2898544722"
"Oct-2016","-0.33426769560","-0.58481207463"," 0.3690613504"
"Oct-2016","-0.24630765581","-0.46354763608"," 0.4195879508"
"Oct-2016","-0.15927391124","-0.39279906673"," 0.4543818717"
"Oct-2016","-0.08602053708","-0.31334936059"," 0.5100059204"
"Oct-2016","-0.04379645730","-0.16710583767"," 0.6010477518"
"Oct-2016"," 0.01460765114"," 0.00335766757"," 0.6780761653"
"Oct-2016"," 0.09693691359"," 0.12790606801"," 0.7363963521"
"Oct-2016"," 0.19526016789"," 0.19174204085"," 0.8113589410"
"Oct-2016"," 0.28924184207"," 0.25642660146"," 0.8914831700"
"Oct-2016"," 0.37983871777"," 0.31920048906"," 0.9485262153"
"Oct-2016"," 0.43560415598"," 0.32240758952"," 0.9767552025"
"Oct-2016"," 0.51622750024"," 0.20949955631"," 0.9712722786"
"Oct-2016"," 0.53201685529"," 0.13329388406"," 0.9885029976"
"Oct-2016"," 0.47656336164"," 0.20366055368"," 1.0945059894"
"Oct-2016"," 0.44753006492"," 0.31848706936"," 1.1746281489"
"Oct-2016"," 0.46287232265"," 0.41919180902"," 1.2570268057"
"Oct-2016"," 0.49757157898"," 0.57820988971"," 1.3772551863"
"Oct-2016"," 0.58138007427"," 0.75183663332"," 1.4984077751"
"Oct-2016"," 0.74425101703"," 0.87890484389"," 1.5291038468"
"Oct-2016"," 0.90482949924"," 0.91443678551"," 1.4791707976"
"Oct-2016"," 0.98444092219"," 0.92061083117"," 1.3839082924"
"Nov-2016"," 1.00434924420"," 0.86454009416"," 1.2679870539"
"Nov-2016"," 0.99067210936"," 0.87695929258"," 1.1883475909"
"Nov-2016"," 1.00673118291"," 0.86558198052"," 1.1237863512"
"Nov-2016"," 1.00184646045"," 0.77214231955"," 1.0459170733"
"Nov-2016"," 0.95445682371"," 0.61062779837"," 0.9782594500"
"Nov-2016"," 0.89760510082"," 0.55491112892"," 0.9711772488"
"Nov-2016"," 0.86476808347"," 0.58124524098"," 1.0120808768"
"Nov-2016"," 0.82149059003"," 0.70310484184"," 1.0889478369"
"Nov-2016"," 0.78874360114"," 0.78484412612"," 1.1773511080"
"Nov-2016"," 0.87438916854"," 0.81967433286"," 1.1987900033"
"Nov-2016"," 0.96860501209"," 0.76732559157"," 1.2025446169"
"Nov-2016"," 0.91916376110"," 0.70810247896"," 1.2400122777"
"Nov-2016"," 0.83290189866"," 0.67759753330"," 1.2813880930"
"Nov-2016"," 0.77511452550"," 0.67021760283"," 1.3050569038"
"Nov-2016"," 0.73450655556"," 0.63992967768"," 1.2896965531"
"Nov-2016"," 0.68042318936"," 0.61183297857"," 1.2728736267"
"Nov-2016"," 0.64741785475"," 0.55938253827"," 1.2298908650"
"Nov-2016"," 0.63556832693"," 0.57408103924"," 1.2315103494"
"Nov-2016"," 0.60354827930"," 0.61631924349"," 1.2169674910"
"Nov-2016"," 0.64377793896"," 0.47566423362"," 1.1077323066"
"Nov-2016"," 0.69042159418"," 0.27584682521"," 1.0229110371"
"Nov-2016"," 0.62140447345"," 0.29784598779"," 1.0012586289"
"Nov-2016"," 0.56351305763"," 0.38896618332"," 0.9716485028"
"Nov-2016"," 0.52744246319"," 0.43963647998"," 0.9353683098"
"Nov-2016"," 0.55632358467"," 0.39544509113"," 0.8785371138"
"Nov-2016"," 0.60156438817"," 0.38200209140"," 0.8612602595"
"Nov-2016"," 0.62536730305"," 0.39267866678"," 0.8222699700"
"Nov-2016"," 0.60579932089"," 0.44897470349"," 0.8223496620"
"Nov-2016"," 0.47569136230"," 0.61413805817"," 0.8490455114"
"Nov-2016"," 0.39818251103"," 0.73372769259"," 0.8086490881"
"Dec-2016"," 0.40423786023"," 0.75213210064"," 0.7664693329"
"Dec-2016"," 0.52187045748"," 0.66148340800"," 0.6907478846"
"Dec-2016"," 0.62933431490"," 0.58842083396"," 0.6461206839"
"Dec-2016"," 0.64450502697"," 0.64926443684"," 0.6847910286"
"Dec-2016"," 0.60900853820"," 0.76978844556"," 0.7345898105"
"Dec-2016"," 0.51840384830"," 0.85249228501"," 0.7329652540"
"Dec-2016"," 0.39828094067"," 0.78036807806"," 0.6393103038"
"Dec-2016"," 0.38981345985"," 0.65641812812"," 0.5710506488"
"Dec-2016"," 0.42624721308"," 0.55989731610"," 0.5163131128"
"Dec-2016"," 0.49062959257"," 0.47571026827"," 0.4750838999"
"Dec-2016"," 0.43829048185"," 0.54299273352"," 0.5283612137"
"Dec-2016"," 0.34975329142"," 0.73554283195"," 0.6145832610"
"Dec-2016"," 0.32233460040"," 0.87354509489"," 0.6295197104"
"Dec-2016"," 0.35567869734"," 0.95164646715"," 0.6706865574"
"Dec-2016"," 0.38022847421"," 1.01160032117"," 0.7331744659"
"Dec-2016"," 0.44129810733"," 1.00228488011"," 0.7714780001"
"Dec-2016"," 0.48525936213"," 1.10844437397"," 0.8624026468"
"Dec-2016"," 0.49979018978"," 1.27642282995"," 0.9444547408"
"Dec-2016"," 0.56163544703"," 1.32732523757"," 0.9545007220"
"Dec-2016"," 0.67898765004"," 1.24936425926"," 0.9264412223"
"Dec-2016"," 0.70214550773"," 1.16617552928"," 0.8881382967"
"Dec-2016"," 0.66428186488"," 1.13382309082"," 0.8607265178"
"Dec-2016"," 0.62701723777"," 1.11870681362"," 0.8529822317"
"Dec-2016"," 0.63626173681"," 1.11702396517"," 0.8554224140"
"Dec-2016"," 0.65420308013"," 1.19299400341"," 0.8743339284"
"Dec-2016"," 0.68661189367"," 1.25684424464"," 0.9172886518"
"Dec-2016"," 0.73131997377"," 1.29195218596"," 0.9667343787"
"Dec-2016"," 0.79527106778"," 1.29311250586"," 0.9844342823"
"Dec-2016"," 0.85386227693"," 1.27215352682"," 1.0137087605"
"Dec-2016"," 0.89971974233"," 1.21096061251"," 1.0432650417"
"Dec-2016"," 0.82865276483"," 1.10676007532"," 1.0967245559"
"Jan-2017"," 0.87228382036"," 1.23704220445"," 1.1448017643"
"Jan-2017"," 0.83467448772"," 1.36993878975"," 1.1785377777"
"Jan-2017"," 0.86783031000"," 1.45009674843"," 1.2105677167"
"Jan-2017"," 0.89351065204"," 1.48310629635"," 1.2211561635"
"Jan-2017"," 0.93137080968"," 1.42915755725"," 1.2204779699"
"Jan-2017"," 0.94806569545"," 1.37997164331"," 1.2425229952"
"Jan-2017"," 0.90189045234"," 1.35754865658"," 1.2829446164"
"Jan-2017"," 0.90805769510"," 1.16796303719"," 1.1362014383"
"Jan-2017"," 0.92183579094"," 0.95002741067"," 1.0854020429"
"Jan-2017"," 0.83650095746"," 1.07032823351"," 1.1505162575"
"Jan-2017"," 0.77772154702"," 1.22679467909"," 1.1512233415"
"Jan-2017"," 0.83483363338"," 1.31204034780"," 1.0925861720"
"Jan-2017"," 0.90854577113"," 1.33577596806"," 1.0665163351"
"Jan-2017"," 0.95663039526"," 1.31826072170"," 1.0783843986"
"Jan-2017"," 0.99155486949"," 1.31831756041"," 1.1286494437"
"Jan-2017"," 1.04498092523"," 1.32764445140"," 1.1747029447"
"Jan-2017"," 1.08483352194"," 1.35629004330"," 1.2436407122"
"Jan-2017"," 1.10021932645"," 1.36275867552"," 1.3027464171"
"Jan-2017"," 1.09633262115"," 1.31707550551"," 1.3202255447"
"Jan-2017"," 1.06527049244"," 1.26064242176"," 1.3444006270"
"Jan-2017"," 1.01205134807"," 1.25044404309"," 1.3781301077"
"Jan-2017"," 0.93312045807"," 1.24731063330"," 1.3949994940"
"Jan-2017"," 0.67452189808"," 1.16567862621"," 1.3607519747"
"Jan-2017"," 0.52622665046"," 0.78856914102"," 1.1603822825"
"Jan-2017"," 0.46346393940"," 0.51919748068"," 1.1515162218"
"Jan-2017"," 0.32626530437"," 0.55309630772"," 1.1862921267"
"Jan-2017"," 0.27155610466"," 0.53547807057"," 1.1614475747"
"Jan-2017"," 0.30218089464"," 0.45020075304"," 1.0983230634"
"Jan-2017"," 0.23799728214"," 0.38749433204"," 1.0789168824"
"Jan-2017"," 0.07720994418"," 0.31647818626"," 1.0695643516"
"Jan-2017","-0.01546969253"," 0.30900941596"," 1.0885277631"
"Feb-2017","-0.08639197534"," 0.41310410292"," 1.1203777053"
"Feb-2017","-0.12037680048"," 0.50003326597"," 1.1021557459"
"Feb-2017","-0.11804618607"," 0.52999742189"," 1.0586108796"
"Feb-2017","-0.10252794361"," 0.50917854321"," 1.0059768638"
"Feb-2017","-0.07168527302"," 0.49764099062"," 0.9733860374"
"Feb-2017","-0.07712117215"," 0.54280638821"," 0.9442112148"
"Feb-2017","-0.05956331190"," 0.57589679036"," 0.9261098079"
"Feb-2017","-0.05414953468"," 0.65849758030"," 0.9275473884"
"Feb-2017","-0.06370920670"," 0.66585848624"," 0.8949778241"
"Feb-2017"," 0.01491549850"," 0.57912097766"," 0.8266751176"
"Feb-2017"," 0.05616540729"," 0.54059913224"," 0.8308240118"
"Feb-2017"," 0.02517690821"," 0.59686322654"," 0.8455201272"
"Feb-2017"," 0.01407321515"," 0.60351852223"," 0.8612521171"
"Feb-2017"," 0.02973295710"," 0.61334328036"," 0.8923107387"
"Feb-2017","-0.01710216451"," 0.64773251739"," 0.9326210183"
"Feb-2017","-0.11860040770"," 0.60835004706"," 0.9446641689"
"Feb-2017","-0.15161124527"," 0.57364120975"," 0.9472127713"
"Feb-2017","-0.17681356336"," 0.66179586931"," 0.9833788636"
"Feb-2017","-0.20291389146"," 0.76964302646"," 0.9880839383"
"Feb-2017","-0.17425963875"," 0.79414479489"," 0.9346417626"
"Feb-2017","-0.14637704805"," 0.80160869163"," 0.9049845274"
"Feb-2017","-0.17725244292"," 0.84702698622"," 0.8844650929"
"Feb-2017","-0.13955642028"," 0.84682030002"," 0.7688082501"
"Feb-2017","-0.06030745909"," 0.74787450690"," 0.6913553265"
"Feb-2017","-0.02787047039"," 0.71083540010"," 0.6926115306"
"Feb-2017"," 0.00539192592"," 0.69832037444"," 0.6796099253"
"Feb-2017"," 0.05746601399"," 0.70905079393"," 0.6650487669"
"Feb-2017"," 0.08039021592"," 0.78785953797"," 0.6620776833"
"Mar-2017"," 0.10585542884"," 0.80158479354"," 0.6208498906"
"Mar-2017"," 0.12220216055"," 0.79894349655"," 0.5751076104"
"Mar-2017"," 0.20617673522"," 0.71741911895"," 0.4971376626"
"Mar-2017"," 0.31006242008"," 0.61750319247"," 0.4469469940"
"Mar-2017"," 0.34790768304"," 0.64593405385"," 0.4878670149"
"Mar-2017"," 0.35258633792"," 0.77752188098"," 0.5569098752"
"Mar-2017"," 0.38854026957"," 0.94418764471"," 0.5994170005"
"Mar-2017"," 0.43322021119"," 1.02930413454"," 0.6115863437"
"Mar-2017"," 0.47915717605"," 1.00281119118"," 0.5684685032"
"Mar-2017"," 0.50039075802"," 0.95786081771"," 0.5539681282"
"Mar-2017"," 0.49178064043"," 0.92570725599"," 0.5530281764"
"Mar-2017"," 0.49228496854"," 0.90583707873"," 0.5659687953"
"Mar-2017"," 0.51243039484"," 0.93320368232"," 0.5787866302"
"Mar-2017"," 0.49275649900"," 0.94839552916"," 0.5812450719"
"Mar-2017"," 0.48439573895"," 0.80557313261"," 0.5339506235"
"Mar-2017"," 0.46606064037"," 0.65204973414"," 0.5346286954"
"Mar-2017"," 0.42210514534"," 0.62247681406"," 0.5697479982"
"Mar-2017"," 0.38873324010"," 0.66921525805"," 0.6168888650"
"Mar-2017"," 0.37544322028"," 0.71757319412"," 0.6380773229"
"Mar-2017"," 0.37283470629"," 0.70600604782"," 0.6222788283"
"Mar-2017"," 0.37264045174"," 0.72764861798"," 0.6570929968"
"Mar-2017"," 0.36064249069"," 0.80071682893"," 0.6790901013"
"Mar-2017"," 0.37048739956"," 0.82503363669"," 0.6490732377"
"Mar-2017"," 0.42031741646"," 0.83824769622"," 0.6096425728"
"Mar-2017"," 0.47443035191"," 0.89009310963"," 0.6009430376"
"Mar-2017"," 0.50750858242"," 0.92416022152"," 0.5734000752"
"Mar-2017"," 0.55213569560"," 0.88433642918"," 0.5226040476"
"Mar-2017"," 0.59450875891"," 0.81049948649"," 0.4796623898"
"Mar-2017"," 0.62198046180"," 0.73098542578"," 0.4509548447"
"Mar-2017"," 0.60977657991"," 0.68324009118"," 0.4565991814"
"Mar-2017"," 0.56899306549"," 0.68817308015"," 0.4895846942"
"Apr-2017"," 0.57193894773"," 0.66569830443"," 0.4943549751"
"Apr-2017"," 0.60302532616"," 0.62402302649"," 0.5274898495"
"Apr-2017"," 0.58413145682"," 0.65548436558"," 0.5888171923"
"Apr-2017"," 0.52357532342"," 0.68857623567"," 0.6207233734"
"Apr-2017"," 0.52363596606"," 0.64445213727"," 0.6085096397"
"Apr-2017"," 0.49909448032"," 0.56753557017"," 0.6130082618"
"Apr-2017"," 0.49460098177"," 0.36651703309"," 0.5675668149"
"Apr-2017"," 0.47025840976"," 0.12125637508"," 0.5544010782"
"Apr-2017"," 0.40991120548"," 0.03891570442"," 0.5629967379"
"Apr-2017"," 0.35581778720"," 0.07308921273"," 0.5543582295"
"Apr-2017"," 0.32633049612"," 0.15768387862"," 0.5058970479"
"Apr-2017"," 0.32491366687"," 0.18939318243"," 0.4243513878"
"Apr-2017"," 0.34442449160"," 0.18273377651"," 0.3521698228"
"Apr-2017"," 0.39111217052"," 0.18528776032"," 0.3072939701"
"Apr-2017"," 0.44420562725"," 0.21939967379"," 0.2774458636"
"Apr-2017"," 0.50487713942"," 0.28039089290"," 0.2814701884"
"Apr-2017"," 0.56039586151"," 0.36764758312"," 0.2724196675"
"Apr-2017"," 0.61074697221"," 0.37859555158"," 0.2374029012"
"Apr-2017"," 0.65104358457"," 0.36892950732"," 0.1998912962"
"Apr-2017"," 0.67821941154"," 0.37611484742"," 0.1853589470"
"Apr-2017"," 0.68730160989"," 0.37949633937"," 0.1875620821"
"Apr-2017"," 0.70036582484"," 0.39488723911"," 0.2037109131"
"Apr-2017"," 0.70113183713"," 0.39924796566"," 0.2049096611"
"Apr-2017"," 0.68732574955"," 0.35550600185"," 0.1793237786"
"Apr-2017"," 0.68634556198"," 0.22314357121"," 0.1302925801"
"Apr-2017"," 0.65837433690"," 0.16039822039"," 0.1315673682"
"Apr-2017"," 0.60902047295"," 0.22375552677"," 0.1465020322"
"Apr-2017"," 0.59323166820"," 0.27798135456"," 0.1262042258"
"Apr-2017"," 0.62642036150"," 0.29481471261"," 0.1069508960"
"Apr-2017"," 0.67476483550"," 0.35504958940"," 0.1104256949"
"May-2017"," 0.65106845796"," 0.43091710659"," 0.1188471601"
"May-2017"," 0.67542394359"," 0.38885523150"," 0.0797134738"
"May-2017"," 0.72643210794"," 0.23768048114","-0.0071858744"
"May-2017"," 0.67975411423"," 0.12951207961","-0.0642498977"
"May-2017"," 0.51911366867"," 0.06210801007","-0.0871661790"
"May-2017"," 0.39422255464","-0.17020957046","-0.1817335703"
"May-2017"," 0.29434221893","-0.35066676458","-0.2459546582"
"May-2017"," 0.18169350751","-0.36836679544","-0.2874752095"
"May-2017"," 0.10522185449","-0.36542439424","-0.3503161731"
"May-2017"," 0.06626521335","-0.38347808164","-0.4119846822"
"May-2017"," 0.03677707849","-0.39268325090","-0.4578523028"
"May-2017"," 0.00586829898","-0.38119308347","-0.4865012961"
"May-2017","-0.05769806463","-0.34443476457","-0.5046609301"
"May-2017","-0.09589947928","-0.32692891304","-0.5432359203"
"May-2017","-0.07878086545","-0.35835466923","-0.6183311534"
"May-2017","-0.05234192177","-0.39521609635","-0.6673491241"
"May-2017","-0.01358514820","-0.37760191072","-0.6947666649"
"May-2017"," 0.01495735769","-0.29517598200","-0.6960993961"
"May-2017"," 0.06684595926","-0.22765676711","-0.7197301057"
"May-2017"," 0.14166283495","-0.18654388702","-0.7415663654"
"May-2017"," 0.18468201936","-0.15819857729","-0.7604228177"
"May-2017"," 0.20413737424","-0.19290447872","-0.7937111519"
"May-2017"," 0.20244381937","-0.25068677712","-0.8203938545"
"May-2017"," 0.12702679066","-0.27730150093","-0.8310533100"
"May-2017"," 0.03699059341","-0.34305442957","-0.8378324868"
"May-2017"," 0.00006061976","-0.47492187025","-0.9168822939"
"May-2017","-0.02547466421","-0.57226842889","-0.9487651029"
"May-2017","-0.06906703713","-0.62357228922","-0.9542385725"
"May-2017","-0.10731295240","-0.66232548227","-0.9532545953"
"May-2017","-0.14634325986","-0.67838646807","-0.9384215346"
"May-2017","-0.18703094938","-0.65452067073","-0.9035453248"
"Jun-2017","-0.21326587992","-0.60070762817","-0.8838105969"
"Jun-2017","-0.19904193410","-0.56073968395","-0.8994913793"
"Jun-2017","-0.18224029088","-0.54938779663","-0.9189882485"
"Jun-2017","-0.15698195264","-0.54130483949","-0.9480233667"
"Jun-2017","-0.10842579804","-0.54776924403","-0.9809635151"
"Jun-2017","-0.07314594254","-0.53173591426","-0.9996300292"
"Jun-2017","-0.05216546012","-0.50938203823","-1.0354432287"
"Jun-2017","-0.00438577345","-0.56910125644","-1.1534157249"
"Jun-2017"," 0.02829411600","-0.67575826512","-1.3042234795"
"Jun-2017"," 0.00692541796","-0.73895773840","-1.3693191102"
"Jun-2017","-0.01589782296","-0.70885342340","-1.3746389982"
"Jun-2017","-0.01666339502","-0.65403325535","-1.3650017428"
"Jun-2017"," 0.00035884360","-0.59096624913","-1.3507961147"
"Jun-2017"," 0.03998229698","-0.53406142761","-1.3262762549"
"Jun-2017"," 0.07170929354","-0.50005009751","-1.3043678097"
"Jun-2017"," 0.07999356242","-0.50527121409","-1.2923621517"
"Jun-2017"," 0.07181682142","-0.53259700890","-1.2733740291"
"Jun-2017"," 0.05635320503","-0.54191438763","-1.2330261758"
"Jun-2017"," 0.05136968607","-0.47892148312","-1.1300523325"
"Jun-2017"," 0.10879756907","-0.30695480550","-1.0121895143"
"Jun-2017"," 0.32446554234","-0.05218435095","-0.9160775831"
"Jun-2017"," 0.41889398365"," 0.14156041722","-0.8868565034"
"Jun-2017"," 0.36210869985"," 0.13613384751","-0.9022510195"
"Jun-2017"," 0.36429359584"," 0.06981194464","-0.9370965535"
"Jun-2017"," 0.37018345263","-0.07089503037","-1.0304300982"
"Jun-2017"," 0.35777951974","-0.21867548832","-1.1097634124"
"Jun-2017"," 0.32678445379","-0.33106974191","-1.1824993318"
"Jun-2017"," 0.28593622453","-0.45209608030","-1.2639754441"
"Jun-2017"," 0.22594509857","-0.53582706797","-1.3375595722"
"Jun-2017"," 0.14439608275","-0.59209544866","-1.3816193933"
"Jul-2017"," 0.07755332900","-0.63764110188","-1.3807401843"
"Jul-2017"," 0.02310529986","-0.63940668353","-1.3657346334"
"Jul-2017","-0.02491028044","-0.64025791360","-1.3456523688"
"Jul-2017","-0.08049169961","-0.64425435572","-1.3215770232"
"Jul-2017","-0.12276196760","-0.64260562224","-1.2928592123"
"Jul-2017","-0.15085700932","-0.63895332439","-1.2629634692"
"Jul-2017","-0.16726203573","-0.63448279580","-1.2300660883"
"Jul-2017","-0.18346554369","-0.64051509700","-1.2126970444"
"Jul-2017","-0.20467685701","-0.64908259236","-1.2101159404"
"Jul-2017","-0.21808031122","-0.64325069457","-1.2030528506"
"Jul-2017","-0.21751134164","-0.61735913759","-1.1800825215"
"Jul-2017","-0.19378810965","-0.54621950855","-1.1510901303"
"Jul-2017","-0.14538229597","-0.49552114484","-1.1344302804"
"Jul-2017","-0.09252473287","-0.43771917602","-1.0927353724"
"Jul-2017","-0.04826235600","-0.35789919625","-1.0627144511"
"Jul-2017","-0.00587758973","-0.35476196981","-1.0615945836"
"Jul-2017"," 0.00343092711","-0.40933593467","-1.0602746340"
"Jul-2017","-0.02324996347","-0.45836912395","-1.0484680437"
"Jul-2017","-0.06290258254","-0.50499700257","-1.0350243993"
"Jul-2017","-0.10820230442","-0.55390083682","-0.9954087467"
"Jul-2017","-0.15213666807","-0.58322714268","-0.9433983087"
"Jul-2017","-0.19170776994","-0.60241390497","-0.8896992440"
"Jul-2017","-0.23428558012","-0.60283620246","-0.8274844551"
"Jul-2017","-0.28255587419","-0.61166569607","-0.7693484039"
"Jul-2017","-0.32083363326","-0.63469858324","-0.7269910053"
"Jul-2017","-0.33348982193","-0.65012230616","-0.6952457502"
"Jul-2017","-0.32578934393","-0.65078176432","-0.6649698875"
"Jul-2017","-0.30650491105","-0.63524953115","-0.6385813637"
"Jul-2017","-0.29444612393","-0.63543860205","-0.6282103657"
"Jul-2017","-0.30484928994","-0.67801777981","-0.6253044071"
"Jul-2017","-0.30664266853","-0.69120095385","-0.6501674619"
"Aug-2017","-0.25576973029","-0.68573809662","-0.6996975471"
"Aug-2017","-0.19253926748","-0.71093801815","-0.7124422633"
"Aug-2017","-0.19194443398","-0.71459959339","-0.6923593494"
"Aug-2017","-0.23537964231","-0.70960911983","-0.6512798228"
"Aug-2017","-0.28609956152","-0.68060775756","-0.6134408881"
"Aug-2017","-0.29936522156","-0.65271903644","-0.6163706650"
"Aug-2017","-0.26973411974","-0.59983003386","-0.5984217847"
"Aug-2017","-0.22178615249","-0.55061235366","-0.6085314303"
"Aug-2017","-0.15368039563","-0.55872560912","-0.6404343246"
"Aug-2017","-0.09036562743","-0.58988284939","-0.6943750622"
"Aug-2017","-0.05114733880","-0.66688778658","-0.7675869021"
"Aug-2017","-0.03995629539","-0.77759942659","-0.8286675000"
"Aug-2017","-0.05312022401","-0.86293734076","-0.8658350579"
"Aug-2017","-0.05634026381","-0.89784129690","-0.8994405371"
"Aug-2017","-0.05117125834","-0.94616500056","-0.9378395070"
"Aug-2017","-0.06455115986","-1.03016039390","-0.9821616950"
"Aug-2017","-0.09588487809","-1.10482108680","-1.0122008756"
"Aug-2017","-0.13822829878","-1.16648256813","-1.0420254073"
"Aug-2017","-0.18789660197","-1.23403437132","-1.0881613189"
"Aug-2017","-0.23274629162","-1.30712002142","-1.1359856136"
"Aug-2017","-0.25941595615","-1.36497283974","-1.1396527445"
"Aug-2017","-0.28189313414","-1.35216087882","-1.1445285240"
"Aug-2017","-0.29209214027","-1.38785605557","-1.2055709395"
"Aug-2017","-0.28403609756","-1.45437401673","-1.2527851278"
"Aug-2017","-0.22253778371","-1.49648591928","-1.3149794256"
"Aug-2017","-0.15766615423","-1.55722218626","-1.3821185234"
"Aug-2017","-0.24062473540","-1.63897397740","-1.4438889197"
"Aug-2017","-0.31008323036","-1.71372186604","-1.4985207542"
"Aug-2017","-0.37432275295","-1.79231394187","-1.5334353898"
"Aug-2017","-0.49364659383","-1.80331475623","-1.5179891794"
"Aug-2017","-0.73602352278","-1.76231937020","-1.4739046878"
"Sep-2017","-0.89874948084","-1.73697512063","-1.4308469004"
"Sep-2017","-0.94058244678","-1.71809803533","-1.4261409331"
"Sep-2017","-0.92621289259","-1.68893443614","-1.4311767864"
"Sep-2017","-0.87423543653","-1.65199779168","-1.4255987109"
"Sep-2017","-0.82126887810","-1.62352711972","-1.4059310557"
"Sep-2017","-0.80586003453","-1.58589261573","-1.3873401353"
"Sep-2017","-0.78879945861","-1.57585741347","-1.3811553618"
"Sep-2017","-0.71210156049","-1.58726467155","-1.3971653404"
"Sep-2017","-0.64242331392","-1.60397049481","-1.4169390623"
"Sep-2017","-0.59184526107","-1.67402966000","-1.5249298097"
"Sep-2017","-0.49751906479","-2.00071152866","-1.8184319095"
"Sep-2017","-0.52118770740","-2.80304140986","-1.9112810128"
"Sep-2017","-0.83425436401","-3.03716320827","-1.8293767387"
"Sep-2017","-1.17961544592","-2.90341879852","-1.7337480316"
"Sep-2017","-1.32450623113","-2.71351839370","-1.6610300875"
"Sep-2017","-1.37911524025","-2.51057192061","-1.5876088329"
"Sep-2017","-1.38604478998","-2.33574845214","-1.5260352320"
"Sep-2017","-1.34549005202","-2.17442593775","-1.4637230598"
"Sep-2017","-1.30005396675","-2.07374110337","-1.4036474171"
"Sep-2017","-1.27585421494","-1.98221223285","-1.3537301521"
"Sep-2017","-1.27147026201","-1.88260175570","-1.3267285192"
"Sep-2017","-1.24944117186","-1.79871340467","-1.3159184036"
"Sep-2017","-1.21716028384","-1.73256178305","-1.3171849547"
"Sep-2017","-1.17748297481","-1.65416371040","-1.3191984358"
"Sep-2017","-1.10230286695","-1.58602020923","-1.3146366769"
"Sep-2017","-1.04579181409","-1.57445934573","-1.3001874282"
"Sep-2017","-1.00567467166","-1.60289390632","-1.2551609154"
"Sep-2017","-0.98065167676","-1.61556523842","-1.1578960876"
"Sep-2017","-0.95975575652","-1.54107852598","-1.0240689797"
"Sep-2017","-0.92215992448","-1.43695224891","-0.9121211426"
"Oct-2017","-0.88014774541","-1.36110633983","-0.8241272872"
"Oct-2017","-0.77986679407","-1.23138414925","-0.7198819425"
"Oct-2017","-0.57595160655","-1.10230098308","-0.6315082921"
"Oct-2017","-0.25889761383","-1.07614425710","-0.5774482193"
"Oct-2017"," 0.07023864532","-1.09537441175","-0.5239235925"
"Oct-2017"," 0.24796189877","-1.08954151576","-0.4789422412"
"Oct-2017"," 0.36224906207","-0.92291585620","-0.3601722163"
"Oct-2017"," 0.38533329013","-0.60199013954","-0.1967707708"
"Oct-2017"," 0.32615920726","-0.63848716480","-0.1817655039"
"Oct-2017"," 0.28209834886","-0.79430278371","-0.1625644771"
"Oct-2017"," 0.27131775303","-0.82829990414","-0.0859901944"
"Oct-2017"," 0.29267918716","-0.79550191599","-0.0619215033"
"Oct-2017"," 0.29616479990","-0.81707185239","-0.0758125023"
"Oct-2017"," 0.30731490127","-0.81690145371","-0.0691165881"
"Oct-2017"," 0.33282017576","-0.67276800901","-0.0470965985"
"Oct-2017"," 0.34602130439","-0.65999791379","-0.0499977690"
"Oct-2017"," 0.39834915238","-0.76443739092","-0.0894574460"
"Oct-2017"," 0.44228259888","-0.78814306517","-0.1365034452"
"Oct-2017"," 0.44979971818","-0.80813320263","-0.1671882367"
"Oct-2017"," 0.50322940588","-0.86048082828","-0.1969801855"
"Oct-2017"," 0.51381189508","-0.86479728171","-0.1861427214"
"Oct-2017"," 0.45462717315","-0.81039659269","-0.1493614101"
"Oct-2017"," 0.37981979924","-0.75678207458","-0.1067172583"
"Oct-2017"," 0.31778846851","-0.90451344456","-0.1682999483"
"Oct-2017"," 0.23818852841","-1.26477360050","-0.2904807831"
"Oct-2017"," 0.11238663749","-1.70397332345","-0.4383697164"
"Oct-2017","-0.06071144987","-1.91065876167","-0.4418665483"
"Oct-2017","-0.27908922832","-1.78398061258","-0.3907985777"
"Oct-2017","-0.42381785959","-1.76222947345","-0.4393668404"
"Oct-2017","-0.43824684577","-2.14095856815","-0.6826852507"
"Oct-2017","-0.52481804804","-2.35101440068","-0.7187366742"
"Nov-2017","-0.64580917631","-2.20589684782","-0.6925031521"
"Nov-2017","-0.76486307856","-1.99852599823","-0.6785393997"
"Nov-2017","-0.81004621101","-1.84976753875","-0.6827438025"
"Nov-2017","-0.81370380966","-1.77301514626","-0.6799429367"
"Nov-2017","-0.79663941835","-1.71702649656","-0.6600690724"
"Nov-2017","-0.78174224017","-1.63444332191","-0.6347665348"
"Nov-2017","-0.76987495612","-1.53839871020","-0.6208087066"
"Nov-2017","-0.75524232367","-1.46583922915","-0.6196217663"
"Nov-2017","-0.74251870538","-1.40522397929","-0.6010812012"
"Nov-2017","-0.68907940584","-1.37034562406","-0.5975410338"
"Nov-2017","-0.60351616275","-1.31054255702","-0.5919146319"
"Nov-2017","-0.55209806442","-1.16535225296","-0.5448895701"
"Nov-2017","-0.48945839959","-1.04049352963","-0.5040368654"
"Nov-2017","-0.35149063392","-1.01919064119","-0.4883461418"
"Nov-2017","-0.28336902852","-1.04667015887","-0.5010009407"
"Nov-2017","-0.28602428100","-1.07939762709","-0.4927249012"
"Nov-2017","-0.31016339017","-1.07451689685","-0.4552652745"
"Nov-2017","-0.34661423927","-0.99394926498","-0.3902171994"
"Nov-2017","-0.43934013755","-0.90437481214","-0.3239163285"
"Nov-2017","-0.37975017751","-0.94020198621","-0.3275354575"
"Nov-2017","-0.32647090410","-0.93170383642","-0.2722625974"
"Nov-2017","-0.32994580441","-0.78600327580","-0.2091595915"
"Nov-2017","-0.26347163906","-0.76772058949","-0.1961380633"
"Nov-2017","-0.24721306480","-0.77183364490","-0.2227501224"
"Nov-2017","-0.29330664396","-0.84975381442","-0.2623256449"
"Nov-2017","-0.36254399322","-0.90659052345","-0.2623006904"
"Nov-2017","-0.38754398574","-0.84722120384","-0.2367931610"
"Nov-2017","-0.39000010438","-0.72079712612","-0.2036383636"
"Nov-2017","-0.38572551364","-0.59102026939","-0.1973094628"
"Nov-2017","-0.35877927025","-0.53182493024","-0.2190861564"
"Dec-2017","-0.34906309400","-0.56208602142","-0.2443302235"
"Dec-2017","-0.35139271788","-0.59445278700","-0.2656386657"
"Dec-2017","-0.36145965292","-0.60011469713","-0.2957276336"
"Dec-2017","-0.35621595392","-0.62594043160","-0.3523886117"
"Dec-2017","-0.34443748767","-0.63831606151","-0.3918313683"
"Dec-2017","-0.36098243607","-0.61779587963","-0.4205621231"
"Dec-2017","-0.28872906014","-0.65940410199","-0.4531903608"
"Dec-2017","-0.17603034514","-0.71611210188","-0.4942807213"
"Dec-2017","-0.22073141813","-0.77929824625","-0.5200304918"
"Dec-2017","-0.35045112442","-1.01436534043","-0.6480606551"
"Dec-2017","-0.47420884843","-1.14900578184","-0.6340914250"
"Dec-2017","-0.65257800286","-1.04192330491","-0.5314658488"
"Dec-2017","-0.79601824401","-0.97770983618","-0.4960957839"
"Dec-2017","-0.83412335683","-0.88538457789","-0.4322837464"
"Dec-2017","-0.90443525111","-0.69046997756","-0.3524834793"
"Dec-2017","-0.92438176368","-0.58078354808","-0.3185207250"
"Dec-2017","-0.86362084673","-0.50208360789","-0.2872698119"
"Dec-2017","-0.85197793678","-0.41673870631","-0.2310445430"
"Dec-2017","-0.82776552816","-0.39383071163","-0.1841015672"
"Dec-2017","-0.77693598995","-0.39160484216","-0.1449827724"
"Dec-2017","-0.77250610563","-0.40824202447","-0.1197680015"
"Dec-2017","-0.76131432850","-0.44670902759","-0.1267954247"
"Dec-2017","-0.75639596460","-0.44119332445","-0.0938240731"
"Dec-2017","-0.79178529235","-0.41014042548","-0.0561755634"
"Dec-2017","-0.77583862598","-0.46732820746","-0.0774333663"
"Dec-2017","-0.67188532806","-0.52119844104","-0.1057156303"
"Dec-2017","-0.66448010231","-0.47937190637","-0.0889575044"
"Dec-2017","-0.66330826492","-0.50219294019","-0.1086146098"
"Dec-2017","-0.59039592765","-0.57434292420","-0.1397514627"
"Dec-2017","-0.53106501037","-0.64233141072","-0.1659070780"
"Dec-2017","-0.56886478218","-0.67656340182","-0.1735849406"
"Jan-2018","-0.68835649305","-0.74943774261","-0.1991399233"
"Jan-2018","-0.69003610708","-0.85108607525","-0.3224348638"
"Jan-2018","-0.72749517217","-0.92686704259","-0.3540191118"
"Jan-2018","-0.89035444865","-0.95869237252","-0.3582094346"
"Jan-2018","-0.98911027244","-1.05097623486","-0.3355846540"
"Jan-2018","-1.05130507783","-0.98238589221","-0.2753601365"
"Jan-2018","-1.06208328904","-0.83217681267","-0.2512116317"
"Jan-2018","-1.00977084934","-0.64553412295","-0.1707658755"
"Jan-2018","-1.00200969202","-0.49145977657","-0.1163932429"
"Jan-2018","-0.88957126712","-0.46652396712","-0.1585118089"
"Jan-2018","-0.77905678775","-0.49999309825","-0.1909749413"
"Jan-2018","-0.78392037883","-0.54833905591","-0.1855814884"
"Jan-2018","-0.87492949975","-0.61728475790","-0.2193908640"
"Jan-2018","-0.85063902244","-0.77497006489","-0.3263407867"
"Jan-2018","-0.88432701782","-0.85270151582","-0.3553912833"
"Jan-2018","-0.93475792147","-0.82722403585","-0.3188394720"
"Jan-2018","-0.99690514458","-0.76556807399","-0.2462662637"
"Jan-2018","-1.00540912838","-0.82201988868","-0.3144545449"
"Jan-2018","-1.00179221497","-0.88779683284","-0.3349540565"
"Jan-2018","-1.03477806909","-0.76442067198","-0.2884548240"
"Jan-2018","-1.05431688556","-0.63850262315","-0.2624568478"
"Jan-2018","-1.01238963553","-0.55864118870","-0.2643926657"
"Jan-2018","-0.96615096162","-0.50018839322","-0.2677904912"
"Jan-2018","-0.91287271543","-0.52243833897","-0.2990432302"
"Jan-2018","-0.87396853586","-0.60441666289","-0.3305641791"
"Jan-2018","-0.85240231817","-0.62946021926","-0.3176705476"
"Jan-2018","-0.86603652991","-0.50602868764","-0.2026771692"
"Jan-2018","-0.87253758233","-0.38689787310","-0.1176176352"
"Jan-2018","-0.85638114305","-0.33540500059","-0.1108633722"
"Jan-2018","-0.81483469799","-0.44971092539","-0.2286551412"
"Jan-2018","-0.79135110164","-0.62868984342","-0.2660845790"
"Feb-2018","-0.84552644067","-0.56074069774","-0.1621605181"
"Feb-2018","-0.86488659431","-0.45969357534","-0.1089350203"
"Feb-2018","-0.79573406403","-0.43710230377","-0.1117629505"
"Feb-2018","-0.75777518325","-0.33686249062","-0.0519018351"
"Feb-2018","-0.76168547791","-0.18687671438","-0.0066741446"
"Feb-2018","-0.69085879988","-0.19129275297","-0.0038852083"
"Feb-2018","-0.61168482572","-0.17203934612"," 0.0159464971"
"Feb-2018","-0.57607134398","-0.16530466414"," 0.0156272828"
"Feb-2018","-0.51625341458","-0.22823515177","-0.0375899780"
"Feb-2018","-0.46834778345","-0.26755367855","-0.0831641502"
"Feb-2018","-0.44381334150","-0.28919249078","-0.1357241142"
"Feb-2018","-0.41194359810","-0.35275278415","-0.2123733008"
"Feb-2018","-0.35858493530","-0.42573626549","-0.2871175888"
"Feb-2018","-0.31958019827","-0.47508059971","-0.3402043559"
"Feb-2018","-0.31980523272","-0.51196709929","-0.3925757209"
"Feb-2018","-0.31579276641","-0.56781987630","-0.4443476105"
"Feb-2018","-0.31885571499","-0.59275116449","-0.4767943095"
"Feb-2018","-0.31985105405","-0.58550446442","-0.5037308984"
"Feb-2018","-0.30948655552","-0.56706200732","-0.5206536833"
"Feb-2018","-0.28815432378","-0.50569000411","-0.5267106006"
"Feb-2018","-0.26112039986","-0.45451003807","-0.5330019277"
"Feb-2018","-0.22024410549","-0.45784966432","-0.5451283816"
"Feb-2018","-0.17540039573","-0.47609036750","-0.5468600192"
"Feb-2018","-0.13767194230","-0.46432663444","-0.5318442024"
"Feb-2018","-0.11709328616","-0.43234159245","-0.5141608945"
"Feb-2018","-0.11174730544","-0.41366379492","-0.5192462104"
"Feb-2018","-0.09749881641","-0.41398592006","-0.5329316494"
"Feb-2018","-0.08610001785","-0.38646958641","-0.5373341460"
"Mar-2018","-0.08465050100","-0.33177783390","-0.5365675770"
"Mar-2018","-0.08749259738","-0.29583598422","-0.5508080603"
"Mar-2018","-0.04976975698","-0.29878537283","-0.5918290758"
"Mar-2018","-0.03969988703","-0.29715507670","-0.6163788404"
"Mar-2018","-0.06469349612","-0.26598433136","-0.6480685465"
"Mar-2018","-0.09451478030","-0.21780019960","-0.6876175726"
"Mar-2018","-0.12302804712","-0.19317242305","-0.7332996780"
"Mar-2018","-0.13350539306","-0.21607983056","-0.7844164619"
"Mar-2018","-0.12220274959","-0.24900006890","-0.7886705707"
"Mar-2018","-0.13094611223","-0.17157993906","-0.7050260973"
"Mar-2018","-0.13713008399","-0.01377854724","-0.6090450656"
"Mar-2018","-0.11286792860"," 0.05737006561","-0.5549309045"
"Mar-2018","-0.04011363639","-0.00799890817","-0.5566976812"
"Mar-2018","-0.01444378666","-0.04217147700","-0.4648502464"
"Mar-2018","-0.01668470280","-0.01137358887","-0.4181213516"
"Mar-2018","-0.01968205608"," 0.01629188766","-0.3411217879"
"Mar-2018","-0.02087854674"," 0.08935223044","-0.2959410848"
"Mar-2018","-0.00431712614"," 0.12033343513","-0.2807639770"
"Mar-2018"," 0.01263493137"," 0.14129640697","-0.2827633375"
"Mar-2018"," 0.02733631416"," 0.14551168985","-0.2899505911"
"Mar-2018"," 0.04618682015"," 0.08315763359","-0.3227542810"
"Mar-2018"," 0.08367666515","-0.05778738286","-0.3893360622"
"Mar-2018"," 0.10109419987","-0.16116970704","-0.3992729741"
"Mar-2018"," 0.08962166162","-0.17986347577","-0.3592461611"
"Mar-2018"," 0.06156888264","-0.11394466971","-0.3054830668"
"Mar-2018"," 0.06072102296","-0.05625720035","-0.3215064356"
"Mar-2018"," 0.08703218787","-0.03395693356","-0.3518060761"
"Mar-2018"," 0.12102512071"," 0.01152477612","-0.3023205032"
"Mar-2018"," 0.15122200038"," 0.08178199600","-0.2142694756"
"Mar-2018"," 0.16578199374"," 0.14808287794","-0.1663669902"
"Mar-2018"," 0.21813632931"," 0.09241095135","-0.1963315104"
"Apr-2018"," 0.25764510096"," 0.00086746013","-0.2099593715"
"Apr-2018"," 0.24334778232","-0.01385270766","-0.1752377577"
"Apr-2018"," 0.21914036305","-0.00962744278","-0.1374129031"
"Apr-2018"," 0.20410473035","-0.01657779476","-0.1035249717"
"Apr-2018"," 0.20315205759","-0.06032598264","-0.1111806795"
"Apr-2018"," 0.19625218718","-0.11512777206","-0.1064463898"
"Apr-2018"," 0.14623576661","-0.07760976394","-0.0539987413"
"Apr-2018"," 0.08429883002","-0.05312555209","-0.0175979552"
"Apr-2018"," 0.07671545505","-0.06334759398"," 0.0238666412"
"Apr-2018"," 0.05730357358","-0.03839551974"," 0.1043573561"
"Apr-2018"," 0.03537316988","-0.04115742282"," 0.1532911713"
"Apr-2018"," 0.02822511588","-0.09734142622"," 0.1511869209"
"Apr-2018"," 0.01749628459","-0.07568353074"," 0.1972261389"
"Apr-2018"," 0.01010536654"," 0.02091977961"," 0.2342541547"
"Apr-2018","-0.02030223988"," 0.11938408783"," 0.2528799301"
"Apr-2018","-0.04785938542"," 0.05717159988"," 0.2006801221"
"Apr-2018","-0.02720864048","-0.23333272636"," 0.1034738460"
"Apr-2018","-0.04917459331","-0.33677975742"," 0.1271302810"
"Apr-2018","-0.10359209936","-0.30600829224"," 0.1532208119"
"Apr-2018","-0.10992831973","-0.32371830512"," 0.1386174946"
"Apr-2018","-0.07504108222","-0.35676719387"," 0.1138621295"
"Apr-2018","-0.06999622357","-0.34544349104"," 0.1174335407"
"Apr-2018","-0.10252797328","-0.32046000284"," 0.1333106317"
"Apr-2018","-0.10623480509","-0.37173567869"," 0.1348600002"
"Apr-2018","-0.09153463295","-0.46257549734"," 0.1287885971"
"Apr-2018","-0.09297200659","-0.51958918143"," 0.1415387911"
"Apr-2018","-0.12583921686","-0.52963712542"," 0.1883033119"
"Apr-2018","-0.14339073035","-0.53306899713"," 0.2134518622"
"Apr-2018","-0.15286903190","-0.56821011394"," 0.2198581827"
"Apr-2018","-0.16881379059","-0.59362664496"," 0.2114585475"
"May-2018","-0.17424869918","-0.56588148855"," 0.1926349622"
"May-2018","-0.18042221531","-0.50234350790"," 0.1644624978"
"May-2018","-0.16540067020","-0.49887757994"," 0.1101227727"
"May-2018","-0.14137055636","-0.50782691631"," 0.0797293602"
"May-2018","-0.12994108796","-0.51381611874"," 0.0635001474"
"May-2018","-0.13040506102","-0.55190615442"," 0.0270743664"
"May-2018","-0.13217782185","-0.62110352034","-0.0244836045"
"May-2018","-0.14954946186","-0.70650620010","-0.0803905923"
"May-2018","-0.17827785781","-0.76905942670","-0.1094413730"
"May-2018","-0.19353236164","-0.77228596271","-0.1068743895"
"May-2018","-0.19608591939","-0.74320638851","-0.1024309919"
"May-2018","-0.19463155994","-0.71111864931","-0.0995460519"
"May-2018","-0.19844742376","-0.67813106180","-0.1054389189"
"May-2018","-0.20881837910","-0.65405840211","-0.1253024363"
"May-2018","-0.22753021046","-0.63960563459","-0.1748076481"
"May-2018","-0.24412508906","-0.64306915513","-0.2240144207"
"May-2018","-0.25339607569","-0.67116491476","-0.2619124751"
"May-2018","-0.25989951273","-0.73833975051","-0.2929741400"
"May-2018","-0.26668877361","-0.79063911023","-0.3242586909"
"May-2018","-0.26734634087","-0.81740714589","-0.3384491435"
"May-2018","-0.28312124147","-0.77705401374","-0.3402116597"
"May-2018","-0.29095397398","-0.71595504771","-0.3453136119"
"May-2018","-0.27310397983","-0.67291000394","-0.3360395963"
"May-2018","-0.25221125131","-0.65317534706","-0.3458045861"
"May-2018","-0.24309387069","-0.69861166797","-0.3717960295"
"May-2018","-0.26172968780","-0.71875036115","-0.3800384312"
"May-2018","-0.27985094128","-0.61413608151","-0.3444252327"
"May-2018","-0.25236595791","-0.42808538335","-0.4549783379"
"May-2018","-0.17845831827","-0.48478345996","-0.5657918623"
"May-2018","-0.15215823266","-0.63747629698","-0.6049226677"
"May-2018","-0.16280602367","-0.73213663960","-0.6314659904"
"Jun-2018","-0.15599379709","-0.87053595143","-0.6516287180"
"Jun-2018","-0.18257123198","-1.00338415337","-0.6614593198"
"Jun-2018","-0.25235660288","-1.11017086939","-0.6730773922"
"Jun-2018","-0.33570824227","-1.20407980199","-0.6936177642"
"Jun-2018","-0.41857679498","-1.27608246336","-0.7257906538"
"Jun-2018","-0.49968414309","-1.33219101454","-0.7634217156"
"Jun-2018","-0.54854736296","-1.38196933107","-0.7964484134"
"Jun-2018","-0.57714647599","-1.41870375187","-0.8201592208"
"Jun-2018","-0.60890715068","-1.43607813454","-0.8252025401"
"Jun-2018","-0.63742716780","-1.44300535176","-0.8286188684"
"Jun-2018","-0.65559666392","-1.46650704082","-0.8344435671"
"Jun-2018","-0.66834042305","-1.48658026379","-0.8199537014"
"Jun-2018","-0.68012321829","-1.47389301921","-0.7984745138"
"Jun-2018","-0.69417884685","-1.44419908201","-0.7790215076"
"Jun-2018","-0.70880406864","-1.41068186111","-0.7730875773"
"Jun-2018","-0.72476551965","-1.37956754346","-0.7763413972"
"Jun-2018","-0.72942531771","-1.33671045495","-0.7840345976"
"Jun-2018","-0.73668192680","-1.28563800096","-0.7875262762"
"Jun-2018","-0.75055768188","-1.25697309095","-0.8117687559"
"Jun-2018","-0.77519260791","-1.25722962845","-0.8511377446"
"Jun-2018","-0.81787647851","-1.27501174663","-0.8823345288"
"Jun-2018","-0.87444898112","-1.29214115917","-0.9107716729"
"Jun-2018","-0.93595096360","-1.28960966422","-0.9231694610"
"Jun-2018","-0.98250084836","-1.24553013253","-0.9311770067"
"Jun-2018","-0.98478652192","-1.19970410243","-0.9439872131"
"Jun-2018","-0.95937696228","-1.12964828416","-0.9464179006"
"Jun-2018","-0.92126077017","-1.07223367582","-0.9565787129"
"Jun-2018","-0.89365270389","-1.08747220320","-0.9527069959"
"Jun-2018","-0.88716816035","-1.11042582152","-0.9340500172"
"Jun-2018","-0.89225605216","-1.09797233198","-0.9024364324"
"Jul-2018","-0.89083742527","-1.03922025253","-0.8624203316"
"Jul-2018","-0.86780980435","-0.99666714541","-0.8288198026"
"Jul-2018","-0.82723958472","-0.97270828057","-0.7895654421"
"Jul-2018","-0.78019527719","-0.96530339509","-0.7561115968"
"Jul-2018","-0.72076959891","-0.94952701384","-0.7202099408"
"Jul-2018","-0.67170497063","-0.92147734758","-0.6954613925"
"Jul-2018","-0.64498174394","-0.92098875784","-0.6582590607"
"Jul-2018","-0.64731723764","-0.91118243706","-0.6182311115"
"Jul-2018","-0.64883609181","-0.88666980586","-0.5727959946"
"Jul-2018","-0.61402534547","-0.87909786861","-0.5503247956"
"Jul-2018","-0.58716707609","-0.91073612405","-0.5366861006"
"Jul-2018","-0.57830580331","-0.87882489016","-0.5236240366"
"Jul-2018","-0.56091567334","-0.82320287359","-0.5100158144"
"Jul-2018","-0.52711860926","-0.82384142827","-0.5004024992"
"Jul-2018","-0.50780897282","-0.85008634819","-0.4743357055"
"Jul-2018","-0.51037812229","-0.84220567343","-0.4470245965"
"Jul-2018","-0.52169668767","-0.81330231095","-0.4219075742"
"Jul-2018","-0.54107977031","-0.77596327429","-0.3939242769"
"Jul-2018","-0.57149390691","-0.76120341336","-0.3783984556"
"Jul-2018","-0.60234692307","-0.74547001344","-0.3636698385"
"Jul-2018","-0.62539633573","-0.70538075851","-0.3588531788"
"Jul-2018","-0.65106915706","-0.69220821237","-0.3556137636"
"Jul-2018","-0.72689872448","-0.74324085578","-0.3496699732"
"Jul-2018","-0.83454663763","-0.74513538143","-0.3593030897"
"Jul-2018","-0.87295272578","-0.70087834622","-0.3555858064"
"Jul-2018","-0.87221426498","-0.63898269882","-0.3327396817"
"Jul-2018","-0.87380432747","-0.60593615877","-0.3032391119"
"Jul-2018","-0.86783343040","-0.58072326063","-0.2541019684"
"Jul-2018","-0.86482668540","-0.52993770118","-0.1868721419"
"Jul-2018","-0.85996111325","-0.46398530862","-0.1091711749"
"Jul-2018","-0.84758139339","-0.38740918658","-0.0317839444"
"Aug-2018","-0.83126650548","-0.28278927005"," 0.0551053814"
"Aug-2018","-0.79601541213","-0.15997151424"," 0.1346874694"
"Aug-2018","-0.73907322055","-0.06080218295"," 0.2416942396"
"Aug-2018","-0.66352074560"," 0.03891580626"," 0.3842956243"
"Aug-2018","-0.55597096860"," 0.13646464727"," 0.5426223038"
"Aug-2018","-0.41716183674"," 0.19901464439"," 0.7296781149"
"Aug-2018","-0.31337832354"," 0.27521591282"," 0.9279113796"
"Aug-2018","-0.24398608424"," 0.37062408370"," 1.1049646669"
"Aug-2018","-0.20215873132"," 0.49092302758"," 1.2489180160"
"Aug-2018","-0.18833419047"," 0.57530789524"," 1.3880385966"
"Aug-2018","-0.20084462402"," 0.62545953871"," 1.5297047364"
"Aug-2018","-0.22249250566"," 0.66621077667"," 1.6660586977"
"Aug-2018","-0.23347726136"," 0.73355454316"," 1.7865045677"
"Aug-2018","-0.22989101779"," 0.79889468657"," 1.8791526556"
"Aug-2018","-0.22684549525"," 0.84399831316"," 1.9346016172"
"Aug-2018","-0.24004864164"," 0.87279158000"," 1.9523858792"
"Aug-2018","-0.24846351415"," 0.91749023081"," 1.9661206185"
"Aug-2018","-0.23541114892"," 0.93121624972"," 1.9714868852"
"Aug-2018","-0.23006381079"," 0.91543352696"," 1.9860340448"
"Aug-2018","-0.23940266729"," 0.90341589869"," 2.0058128793"
"Aug-2018","-0.25112441634"," 0.90297663179"," 2.0348098150"
"Aug-2018","-0.28317421665"," 0.87790107428"," 2.0736329704"
"Aug-2018","-0.30565770470"," 0.84219427144"," 2.1723370424"
"Aug-2018","-0.30116218839"," 0.83171023130"," 2.2719290473"
"Aug-2018","-0.30064076441"," 0.82756529219"," 2.3347510617"
"Aug-2018","-0.29369881468"," 0.84202081944"," 2.3550312579"
"Aug-2018","-0.27158615288"," 0.84549802119"," 2.3316545970"
"Aug-2018","-0.24340196318"," 0.80990295807"," 2.2957181671"
"Aug-2018","-0.21053269848"," 0.73554471990"," 2.2538192005"
"Aug-2018","-0.19321513423"," 0.68952609584"," 2.2031954601"
"Aug-2018","-0.16848236554"," 0.69916201794"," 2.1778477205"
"Sep-2018","-0.14059970146"," 0.73675823800"," 2.1412217355"
"Sep-2018","-0.12118217027"," 0.70109341829"," 2.0880672870"
"Sep-2018","-0.08739618549"," 0.68676571941"," 2.0179255778"
"Sep-2018","-0.00170087132"," 0.73789201751"," 1.8905228469"
"Sep-2018"," 0.10390966191"," 0.76831974944"," 1.7138606348"
"Sep-2018"," 0.14070829821"," 0.56717356014"," 1.5853146239"
"Sep-2018"," 0.11139365339"," 0.39713599287"," 1.5017153932"
"Sep-2018"," 0.07241378975"," 0.26998510782"," 1.4188896295"
"Sep-2018"," 0.01356562897"," 0.15907494337"," 1.3328598331"
"Sep-2018","-0.08530399607"," 0.04416810192"," 1.2594747321"
"Sep-2018","-0.21184786968","-0.03947792128"," 1.2065490938"
"Sep-2018","-0.32343161123","-0.07538823958"," 1.1387825229"
"Sep-2018","-0.38827473537","-0.10647959862"," 1.0587577061"
"Sep-2018","-0.45864719892","-0.12654072575"," 0.9793349210"
"Sep-2018","-0.56982375798","-0.16637590933"," 0.8910530543"
"Sep-2018","-0.71450887917","-0.22998681732"," 0.7941401860"
"Sep-2018","-0.86485948305","-0.26606271945"," 0.7172456746"
"Sep-2018","-0.96153452689","-0.22351630614"," 0.6661213840"
"Sep-2018","-0.99293123568","-0.19119293293"," 0.6283748824"
"Sep-2018","-0.98827382224","-0.15107079610"," 0.6076735439"
"Sep-2018","-0.96994316271","-0.10535310011"," 0.5990933844"
"Sep-2018","-0.96655205417","-0.04544357793"," 0.6135041262"
"Sep-2018","-0.99360035916"," 0.01905326229"," 0.6179163611"
"Sep-2018","-1.02273648790"," 0.07765790167"," 0.5931502433"
"Sep-2018","-1.00874997654"," 0.12428343157"," 0.5459762662"
"Sep-2018","-0.99225701279"," 0.13743900830"," 0.4813630481"
"Sep-2018","-0.96822216641"," 0.11321309549"," 0.3997249144"
"Sep-2018","-0.97026570965"," 0.08564485542"," 0.3375391782"
"Sep-2018","-0.95636735574"," 0.13199640867"," 0.3123147501"
"Sep-2018","-0.90041562392"," 0.22414392857"," 0.3149369175"
"Oct-2018","-0.83692527456"," 0.35086177080"," 0.3524764796"
"Oct-2018","-0.73830896920"," 0.47441050289"," 0.4250647011"
"Oct-2018","-0.62783913719"," 0.57404863607"," 0.5512147985"
"Oct-2018","-0.54811886566"," 0.71151557000"," 0.7870857390"
"Oct-2018","-0.48771457732"," 0.86197026556"," 1.0609502102"
"Oct-2018","-0.40906863070"," 1.07420904494"," 1.3692874401"
"Oct-2018","-0.33470149374"," 1.26643149877"," 1.6349225752"
"Oct-2018","-0.24555684968"," 1.49609427725"," 1.8695974051"
"Oct-2018","-0.07607153017"," 1.85015860327"," 2.1136782862"
"Oct-2018"," 0.20327987305"," 2.39778590755"," 2.4598373276"
"Oct-2018"," 0.59759178199"," 2.51497845177"," 2.5460097094"
"Oct-2018"," 0.95374923488"," 2.18974685087"," 2.5783401571"
"Oct-2018"," 1.05634605269"," 1.98774373588"," 2.5921414416"
"Oct-2018"," 1.04541144731"," 1.82676671626"," 2.5806481010"
"Oct-2018"," 1.01624248423"," 1.76465898063"," 2.5811527088"
"Oct-2018"," 0.99168944227"," 1.70691872409"," 2.5945152815"
"Oct-2018"," 0.95779952488"," 1.66081319788"," 2.6248239300"
"Oct-2018"," 0.94262653826"," 1.62576432653"," 2.5861816236"
"Oct-2018"," 1.01671254724"," 1.57090751865"," 2.4758813498"
"Oct-2018"," 0.94081437622"," 1.53159468748"," 2.3318789844"
"Oct-2018"," 0.77106667549"," 1.43636601652"," 2.1473841514"
"Oct-2018"," 0.79431764330"," 1.31878376312"," 1.9747694332"
"Oct-2018"," 0.73406109114"," 1.29825283590"," 1.8888381562"
"Oct-2018"," 0.64542326988"," 1.28706612139"," 1.7992940396"
"Oct-2018"," 0.62383049123"," 1.26590245256"," 1.7206340499"
"Oct-2018"," 0.47991483086"," 1.23580770854"," 1.6615181602"
"Oct-2018"," 0.32767627082"," 1.05094639552"," 1.5714590076"
"Oct-2018"," 0.23322563423"," 0.87526265446"," 1.4550436300"
"Oct-2018"," 0.09853451549"," 0.79199524280"," 1.3891444247"
"Oct-2018","-0.04134945489"," 0.78548539078"," 1.3387962791"
"Oct-2018","-0.11971970312"," 0.79613360553"," 1.2728873761"
"Nov-2018","-0.20390702231"," 0.88993937117"," 1.2448785157"
"Nov-2018","-0.37300441969"," 0.96397049320"," 1.2034496670"
"Nov-2018","-0.41055197241"," 0.85009925532"," 1.0868197621"
"Nov-2018","-0.33542399595"," 0.74500396052"," 0.9979673510"
"Nov-2018","-0.30353517562"," 0.75941961847"," 0.9777817383"
"Nov-2018","-0.30042853352"," 0.76762095043"," 0.9486289892"
"Nov-2018","-0.30350069039"," 0.75626172341"," 0.8948912958"
"Nov-2018","-0.29927239791"," 0.70916345754"," 0.8297190569"
"Nov-2018","-0.30785140543"," 0.66647306850"," 0.7762310300"
"Nov-2018","-0.29887812903"," 0.58295317086"," 0.7373403150"
"Nov-2018","-0.15899657996"," 0.50463043298"," 0.6739000383"
"Nov-2018","-0.12523462478"," 0.50356635135"," 0.6546328720"
"Nov-2018","-0.29857275134"," 0.55441139180"," 0.6702530739"
"Nov-2018","-0.43460813360"," 0.52465245414"," 0.6201456680"
"Nov-2018","-0.46391977014"," 0.42913313071"," 0.5447644526"
"Nov-2018","-0.41976033534"," 0.24032528560"," 0.3896224103"
"Nov-2018","-0.41805324319"," 0.13985999659"," 0.3695630713"
"Nov-2018","-0.43711913511"," 0.21409140459"," 0.4000563828"
"Nov-2018","-0.40674597723"," 0.28944326319"," 0.4037272467"
"Nov-2018","-0.36069231289"," 0.37149504291"," 0.4060359616"
"Nov-2018","-0.30569391419"," 0.40968237377"," 0.3963931067"
"Nov-2018","-0.20059999902"," 0.42628867058"," 0.4345448041"
"Nov-2018","-0.11490189668"," 0.53655123785"," 0.5243979910"
"Nov-2018","-0.10838059336"," 0.65362282366"," 0.6081399694"
"Nov-2018","-0.05537144200"," 0.67596613051"," 0.6409813548"
"Nov-2018","-0.03203026231"," 0.62142751369"," 0.6766925453"
"Nov-2018"," 0.01012822217"," 0.57456723054"," 0.7113884336"
"Nov-2018"," 0.06480759583"," 0.47872936374"," 0.6885976145"
"Nov-2018"," 0.06932310624"," 0.42560830893"," 0.7443484238"
"Nov-2018"," 0.05047524166"," 0.56135957123"," 0.8164651883"
"Dec-2018"," 0.06334032276"," 0.73907582447"," 0.8762516026"
"Dec-2018"," 0.06229520024"," 0.91655045449"," 0.9403445504"
"Dec-2018"," 0.14487822260"," 0.96687208563"," 0.9807951837"
"Dec-2018"," 0.26496433376"," 0.92615719391"," 1.0183624189"
"Dec-2018"," 0.37994842883"," 0.80853049123"," 1.0102393524"
"Dec-2018"," 0.44290091870"," 0.66776955468"," 0.9822624662"
"Dec-2018"," 0.42836510169"," 0.70868725723"," 1.0437164885"
"Dec-2018"," 0.42023957491"," 0.83450707140"," 1.0152544306"
"Dec-2018"," 0.36681575704"," 0.92405492514"," 0.9608107893"
"Dec-2018"," 0.35117333108"," 0.85239265011"," 0.8415110397"
"Dec-2018"," 0.39726639662"," 0.63179658463"," 0.7306688278"
"Dec-2018"," 0.40953491997"," 0.57198641275"," 0.7460210633"
"Dec-2018"," 0.40270460699"," 0.69238106643"," 0.8586941221"
"Dec-2018"," 0.36821934250"," 0.92860448771"," 0.9439358440"
"Dec-2018"," 0.27715445824"," 1.06756461202"," 0.9751684977"
"Dec-2018"," 0.28599845171"," 0.96312736616"," 0.9160653085"
"Dec-2018"," 0.33164680456"," 0.83160224950"," 0.8501836728"
"Dec-2018"," 0.36568919068"," 0.74814394669"," 0.8091116934"
"Dec-2018"," 0.38146456820"," 0.73719674157"," 0.8118629748"
"Dec-2018"," 0.36255452016"," 0.83359401162"," 0.8332879524"
"Dec-2018"," 0.21889628835"," 0.85013771539"," 0.8045227889"
"Dec-2018"," 0.14370686214"," 0.51502304971"," 0.5101589685"
"Dec-2018"," 0.10623668106"," 0.24716460247"," 0.4419566073"
"Dec-2018","-0.00047939721"," 0.26417123636"," 0.4796479657"
"Dec-2018","-0.01500362132"," 0.26872578994"," 0.4575921065"
"Dec-2018"," 0.04022821303"," 0.32894052657"," 0.4412244471"
"Dec-2018"," 0.11673985423"," 0.44053528035"," 0.4554518242"
"Dec-2018"," 0.15086683922"," 0.58043506354"," 0.4528645525"
"Dec-2018"," 0.19640271153"," 0.54766655166"," 0.3474629433"
"Dec-2018"," 0.23653148355"," 0.42547719237"," 0.2664476570"
"Dec-2018"," 0.21683579599"," 0.38217878185"," 0.2457839735"
"Jan-2019"," 0.15184277819"," 0.32387969363"," 0.1645886709"
"Jan-2019"," 0.15424306010"," 0.25426126329"," 0.1121332722"
"Jan-2019"," 0.14247160096"," 0.23004204429"," 0.1025330631"
"Jan-2019"," 0.08053708567"," 0.25601392705"," 0.0794451438"
"Jan-2019"," 0.01241559033"," 0.19578515689"," 0.0582196802"
"Jan-2019"," 0.02387440787"," 0.09561492418"," 0.0335288721"
"Jan-2019"," 0.03328502298"," 0.08662395698"," 0.0791445540"
"Jan-2019"," 0.01550678746"," 0.18352285209"," 0.1297930864"
"Jan-2019"," 0.02885147003"," 0.22134396083"," 0.1223712609"
"Jan-2019"," 0.09156843312"," 0.12236299583"," 0.0577959817"
"Jan-2019"," 0.11050559242"," 0.03346450081"," 0.0177111444"
"Jan-2019"," 0.09565775747"," 0.08163260265"," 0.0185090789"
"Jan-2019"," 0.05184710040"," 0.14457724124"," 0.0186117372"
"Jan-2019"," 0.05460977070"," 0.12249487572","-0.0117716530"
"Jan-2019"," 0.07053548914"," 0.05236301806","-0.0309468732"
"Jan-2019"," 0.06728004694","-0.00031982677","-0.0368540637"
"Jan-2019"," 0.05603588161"," 0.03617725721"," 0.0138783808"
"Jan-2019"," 0.03110093410"," 0.13257376393"," 0.0808133387"
"Jan-2019"," 0.03855924508"," 0.22780278720"," 0.1255187706"
"Jan-2019","-0.09857533548"," 0.29156225090"," 0.1712253030"
"Jan-2019","-0.11229454963"," 0.15418210169"," 0.0334570519"
"Jan-2019","-0.05681768674"," 0.11301584724"," 0.0633443958"
"Jan-2019","-0.03739615673"," 0.29006066391"," 0.1829155202"
"Jan-2019","-0.07713227408"," 0.41655308900"," 0.2709668318"
"Jan-2019","-0.01142911037"," 0.33098230054"," 0.1500327874"
"Jan-2019"," 0.08069630470"," 0.12103726826"," 0.0637598979"
"Jan-2019"," 0.07187322248"," 0.03534822241"," 0.0586484914"
"Jan-2019"," 0.02327297082","-0.04354830454","-0.0017310278"
"Jan-2019","-0.04484162747","-0.17030096635"," 0.0079181975"
"Jan-2019","-0.09708194168","-0.17008594224"," 0.0137273960"
"Jan-2019","-0.09827263589","-0.20231636538","-0.0580398841"
"Feb-2019","-0.09460667274","-0.15932457854","-0.0768839199"
"Feb-2019","-0.08136761035","-0.14850567153","-0.0799883376"
"Feb-2019","-0.06841594932","-0.16078494574","-0.0755105718"
"Feb-2019","-0.05155388358","-0.17761413483","-0.0690281706"
"Feb-2019","-0.02978988944","-0.17396218928","-0.0319444029"
"Feb-2019","-0.00145345113","-0.15584297296"," 0.0130892919"
"Feb-2019"," 0.04483075063","-0.13850399706"," 0.0628494451"
"Feb-2019"," 0.07388492192","-0.09666043427"," 0.1163414486"
"Feb-2019"," 0.14206240072","-0.08664490243"," 0.1296668127"
"Feb-2019"," 0.22253092832","-0.06441292428"," 0.1244627703"
"Feb-2019"," 0.23976998364","-0.01259029333"," 0.1572747379"
"Feb-2019"," 0.26274749093"," 0.02568628838"," 0.1747707453"
"Feb-2019"," 0.27749968440"," 0.03586429202"," 0.1578373294"
"Feb-2019"," 0.33044991738"," 0.03277051666"," 0.1353953860"
"Feb-2019"," 0.30900458142"," 0.08168656419"," 0.1691672284"
"Feb-2019"," 0.27901468650"," 0.10532142492"," 0.1574427647"
"Feb-2019"," 0.28057521643"," 0.14034205307"," 0.1239087810"
"Feb-2019"," 0.28216582922"," 0.21543285290"," 0.0910256019"
"Feb-2019"," 0.32752421266"," 0.24204458212"," 0.0325034664"
"Feb-2019"," 0.36234189274"," 0.25810192743"," 0.0120989442"
"Feb-2019"," 0.35712163635"," 0.27337274953","-0.0065341350"
"Feb-2019"," 0.37745438347"," 0.25695763746","-0.0487912288"
"Feb-2019"," 0.40150757306"," 0.25301509816","-0.0775643858"
"Feb-2019"," 0.40885351356"," 0.26383517953","-0.0849945701"
"Feb-2019"," 0.42924815066"," 0.23518042767","-0.1507309019"
"Feb-2019"," 0.48125748721"," 0.21584669505","-0.1894724987"
"Feb-2019"," 0.47100723017"," 0.28043695508","-0.2048665278"
"Feb-2019"," 0.44780318429"," 0.29134540654","-0.2553393646"
"Mar-2019"," 0.45283986187"," 0.27175995126","-0.2803931284"
"Mar-2019"," 0.45989121048"," 0.29921281111","-0.2745041161"
"Mar-2019"," 0.47973393718"," 0.35995312962","-0.2823241177"
"Mar-2019"," 0.49151324722"," 0.41684227352","-0.2714996381"
"Mar-2019"," 0.53683186259"," 0.44584087606","-0.2924637898"
"Mar-2019"," 0.58027073956"," 0.41505085610","-0.3382298882"
"Mar-2019"," 0.59422592072"," 0.41297735899","-0.3039590781"
"Mar-2019"," 0.56254522241"," 0.54992881049","-0.2596103937"
"Mar-2019"," 0.56723044416"," 0.62915198385","-0.2814177225"
"Mar-2019"," 0.61300393436"," 0.67592184179","-0.3092145713"
"Mar-2019"," 0.65199421694"," 0.69250294872","-0.3502956804"
"Mar-2019"," 0.68167040636"," 0.65975299163","-0.3661065102"
"Mar-2019"," 0.72347196873"," 0.61940532022","-0.3674046297"
"Mar-2019"," 0.75322897831"," 0.64231495901","-0.2877262134"
"Mar-2019"," 0.76041782760"," 0.68915686353","-0.2302744423"
"Mar-2019"," 0.78581267598"," 0.67111433249","-0.2329613290"
"Mar-2019"," 0.82993329656"," 0.62236416238","-0.2623038132"
"Mar-2019"," 0.84288334339"," 0.57390617140","-0.2653882673"
"Mar-2019"," 0.84405213580"," 0.52046404837","-0.2367347700"
"Mar-2019"," 0.82927051983"," 0.50910617185","-0.1521067252"
"Mar-2019"," 0.78408118737"," 0.51452452108","-0.1177625529"
"Mar-2019"," 0.74940166832"," 0.46811906501","-0.1174013420"
"Mar-2019"," 0.71416917498"," 0.43958168978","-0.0477830275"
"Mar-2019"," 0.68563250223"," 0.48351190244"," 0.0279380557"
"Mar-2019"," 0.66851796059"," 0.52392886069"," 0.1145392892"
"Mar-2019"," 0.66291224006"," 0.54571687452"," 0.1680124246"
"Mar-2019"," 0.67036629543"," 0.46421739321"," 0.1799816451"
"Mar-2019"," 0.66728181192"," 0.37555136146"," 0.1848390029"
"Mar-2019"," 0.63368098346"," 0.37739286505"," 0.3219919131"
"Mar-2019"," 0.59412363900"," 0.48943469518"," 0.4509305816"
"Mar-2019"," 0.58213547322"," 0.57557404684"," 0.5129956031"
"Apr-2019"," 0.60260432693"," 0.58658243578"," 0.5321844570"
"Apr-2019"," 0.60885781944"," 0.61923087002"," 0.5681473428"
"Apr-2019"," 0.59848814813"," 0.61519191631"," 0.5613399653"
"Apr-2019"," 0.59812803430"," 0.59621824045"," 0.5755469731"
"Apr-2019"," 0.58261969718"," 0.65953867213"," 0.6034382431"
"Apr-2019"," 0.56732516847"," 0.68666018816"," 0.6003727382"
"Apr-2019"," 0.55965128813"," 0.69160961808"," 0.5991658344"
"Apr-2019"," 0.53830750016"," 0.73157398052"," 0.6127604228"
"Apr-2019"," 0.49703895468"," 0.77730447697"," 0.5993251778"
"Apr-2019"," 0.48346967789"," 0.72443725865"," 0.5432143748"
"Apr-2019"," 0.48088669764"," 0.60290700521"," 0.5007961929"
"Apr-2019"," 0.44713215311"," 0.52042282856"," 0.5357171989"
"Apr-2019"," 0.40702201779"," 0.48938349337"," 0.5832480859"
"Apr-2019"," 0.34508519125"," 0.51806132127"," 0.6002403375"
"Apr-2019"," 0.28904203689"," 0.44527319362"," 0.5364145852"
"Apr-2019"," 0.30063615391"," 0.24743257432"," 0.4423985052"
"Apr-2019"," 0.24275071798"," 0.19701300211"," 0.4533449168"
"Apr-2019"," 0.17616862120"," 0.22817100571"," 0.4484802147"
"Apr-2019"," 0.10783830680"," 0.23883319526"," 0.4272015555"
"Apr-2019"," 0.05556027896"," 0.08982189749"," 0.3249861253"
"Apr-2019"," 0.04844395871","-0.20421547101"," 0.2288756955"
"Apr-2019"," 0.00957969396","-0.31152835608"," 0.2288250562"
"Apr-2019","-0.03935517448","-0.32424636873"," 0.2345443374"
"Apr-2019","-0.07142636296","-0.30406610344"," 0.2254190343"
"Apr-2019","-0.09745977504","-0.26598604977"," 0.2075937090"
"Apr-2019","-0.13442614162","-0.23914068294"," 0.1961772606"
"Apr-2019","-0.13602464198","-0.30835190624"," 0.1203852500"
"Apr-2019","-0.13153987479","-0.39848347234"," 0.1145287800"
"Apr-2019","-0.14170340516","-0.40541773569"," 0.1357393114"
"Apr-2019","-0.15151863472","-0.40553006259"," 0.1661404740"
"May-2019","-0.15646201875","-0.37349875107"," 0.2307606306"
"May-2019","-0.15484983435","-0.32926590754"," 0.2911108131"
"May-2019","-0.15151955188","-0.32583292019"," 0.3171324047"
"May-2019","-0.15927146423","-0.33942688305"," 0.3538225815"
"May-2019","-0.19698597681","-0.28207709902"," 0.4227952447"
"May-2019","-0.21038091976","-0.22747806171"," 0.4647436739"
"May-2019","-0.19210286855","-0.19413711126"," 0.5052460421"
"May-2019","-0.17995882221","-0.14146436587"," 0.5581103695"
"May-2019","-0.17903957077","-0.04920446035"," 0.6135544620"
"May-2019","-0.16558468222"," 0.03002323427"," 0.6494536834"
"May-2019","-0.12943733980"," 0.06034292569"," 0.6724358202"
"May-2019","-0.12391155897"," 0.10563791317"," 0.6909417736"
"May-2019","-0.11636545740"," 0.14446373998"," 0.6736886564"
"May-2019","-0.08453794007"," 0.13276289355"," 0.6278293946"
"May-2019","-0.01985887756"," 0.17046398337"," 0.6401668457"
"May-2019","-0.01925160738"," 0.12947335347"," 0.5895768649"
"May-2019","-0.04907098386"," 0.12951662839"," 0.5458125616"
"May-2019","-0.06372573822"," 0.17522733698"," 0.5124919691"
"May-2019","-0.06163486951"," 0.20505667713"," 0.4768689917"
"May-2019","-0.06652729612"," 0.21039411341"," 0.4511482333"
"May-2019","-0.06542571321"," 0.18793918427"," 0.4358308124"
"May-2019","-0.07375118093"," 0.18886921346"," 0.4389183097"
"May-2019","-0.08393866752"," 0.21935613280"," 0.4683552963"
"May-2019","-0.08419602270"," 0.28295412291"," 0.5165565050"
"May-2019","-0.08081107747"," 0.33746543602"," 0.5495422207"
"May-2019","-0.08237912812"," 0.38004179534"," 0.5809683020"
"May-2019","-0.09630063115"," 0.45660617384"," 0.6197402499"
"May-2019","-0.10678047176"," 0.51822854920"," 0.6409735447"
"May-2019","-0.10467536872"," 0.58693926307"," 0.6547438289"
"May-2019","-0.09205685701"," 0.69147580050"," 0.6800935568"
"May-2019","-0.07031971733"," 0.77782025299"," 0.6988800959"
"Jun-2019","-0.02949665495"," 0.81184955070"," 0.6984866673"
"Jun-2019"," 0.00920666651"," 0.80811111403"," 0.6819462337"
"Jun-2019"," 0.03648286751"," 0.79198084137"," 0.6643762150"
"Jun-2019"," 0.05994580940"," 0.77537771532"," 0.6378678286"
"Jun-2019"," 0.07789790184"," 0.75610522522"," 0.6170699184"
"Jun-2019"," 0.06780495613"," 0.75018848040"," 0.5897988583"
"Jun-2019"," 0.03541386213"," 0.74272335059"," 0.5648210129"
"Jun-2019"," 0.00245519264"," 0.72318005460"," 0.5501552892"
"Jun-2019","-0.02600645640"," 0.70826652952"," 0.5556313150"
"Jun-2019","-0.02712095293"," 0.70421095871"," 0.5550349640"
"Jun-2019","-0.01693819889"," 0.66384173792"," 0.5474936410"
"Jun-2019","-0.00637812509"," 0.62397701936"," 0.5399646532"
"Jun-2019","-0.03897928549"," 0.60725992231"," 0.5273122077"
"Jun-2019","-0.06326855215"," 0.62202594859"," 0.5106143377"
"Jun-2019","-0.06303181473"," 0.66041256722"," 0.5005041241"
"Jun-2019","-0.06596181175"," 0.71092309310"," 0.5088127464"
"Jun-2019","-0.05860831385"," 0.77310082019"," 0.5217230549"
"Jun-2019","-0.06642424398"," 0.83239292606"," 0.5258249616"
"Jun-2019","-0.07732179609"," 0.83980145203"," 0.5401917998"
"Jun-2019","-0.08328484227"," 0.85630587369"," 0.5541144888"
"Jun-2019","-0.09831621934"," 0.87062341440"," 0.5526305700"
"Jun-2019","-0.09646872829"," 0.87404119387"," 0.5449000394"
"Jun-2019","-0.07892726687"," 0.89075459172"," 0.5322839909"
"Jun-2019","-0.06865400745"," 0.89951015978"," 0.5139445629"
"Jun-2019","-0.07244331032"," 0.88315206256"," 0.5171825174"
"Jun-2019","-0.07371166966"," 0.87634192837"," 0.5447378556"
"Jun-2019","-0.05964991447"," 0.90991140800"," 0.5849443003"
"Jun-2019","-0.04807571817"," 0.98744333628"," 0.6432070309"
"Jun-2019","-0.02949797566"," 1.09248531543"," 0.7062029963"
"Jun-2019"," 0.00562108330"," 1.19870329209"," 0.7308081476"
"Jul-2019"," 0.04719581358"," 1.24032819027"," 0.7260889118"
"Jul-2019"," 0.08975850896"," 1.26512630678"," 0.7268405892"
"Jul-2019"," 0.05884943596"," 1.15930109263"," 0.6398654849"
"Jul-2019"," 0.06690712956"," 1.16162537291"," 0.6517544047"
"Jul-2019"," 0.08181835863"," 1.19262031754"," 0.6586836736"
"Jul-2019"," 0.10484066003"," 1.23040296621"," 0.6515822797"
"Jul-2019"," 0.13118011016"," 1.23240876184"," 0.6329889653"
"Jul-2019"," 0.13991360416"," 1.19549754213"," 0.6181773289"
"Jul-2019"," 0.13288507450"," 1.13410492902"," 0.6049566518"
"Jul-2019"," 0.12542713038"," 1.09618200384"," 0.6014481746"
"Jul-2019"," 0.13597429055"," 1.13822221210"," 0.6299674046"
"Jul-2019"," 0.17907642294"," 1.26498691103"," 0.6735122709"
"Jul-2019"," 0.20379704844"," 1.34945521650"," 0.7050513169"
"Jul-2019"," 0.13809670958"," 1.40368215992"," 0.7339612569"
"Jul-2019"," 0.18278402517"," 1.43179506511"," 0.7440937064"
"Jul-2019"," 0.28219653574"," 1.42286440096"," 0.7285923121"
"Jul-2019"," 0.36673736520"," 1.41212082871"," 0.7075037533"
"Jul-2019"," 0.42816164587"," 1.40758265737"," 0.6961707299"
"Jul-2019"," 0.47544107662"," 1.40176044799"," 0.6864667264"
"Jul-2019"," 0.51372837416"," 1.40561585026"," 0.6876873045"
"Jul-2019"," 0.54848999740"," 1.42387516695"," 0.6963322239"
"Jul-2019"," 0.57897204055"," 1.44981898265"," 0.7117674381"
"Jul-2019"," 0.60348854285"," 1.46869407155"," 0.7339160548"
"Jul-2019"," 0.60349782451"," 1.45330939588"," 0.7560029955"
"Jul-2019"," 0.61395121422"," 1.43208242939"," 0.7571962251"
"Jul-2019"," 0.61703833915"," 1.41716250409"," 0.7566443052"
"Jul-2019"," 0.58863597535"," 1.38882711765"," 0.7513946144"
"Jul-2019"," 0.55515900022"," 1.36133503439"," 0.7514312143"
"Jul-2019"," 0.53810887993"," 1.36191909907"," 0.7614567450"
"Jul-2019"," 0.53413306334"," 1.37671471906"," 0.7716630434"
"Jul-2019"," 0.54367380516"," 1.41287077081"," 0.7801817703"
"Aug-2019"," 0.56894509371"," 1.45332237249"," 0.7691110326"
"Aug-2019"," 0.59837658475"," 1.49041121315"," 0.7593416200"
"Aug-2019"," 0.61825225585"," 1.51097067716"," 0.7547584368"
"Aug-2019"," 0.63681935931"," 1.48812245706"," 0.7715762505"
"Aug-2019"," 0.63627005365"," 1.47778497623"," 0.8057529641"
"Aug-2019"," 0.61678285497"," 1.49538072451"," 0.8502968208"
"Aug-2019"," 0.58484626893"," 1.55500898905"," 0.8745698951"
"Aug-2019"," 0.54917089722"," 1.62138679114"," 0.8761753401"
"Aug-2019"," 0.51054439710"," 1.67472521876"," 0.8654436993"
"Aug-2019"," 0.48215351615"," 1.68794286007"," 0.8387319440"
"Aug-2019"," 0.46793606383"," 1.66697378159"," 0.7901125551"
"Aug-2019"," 0.46250001796"," 1.61922909288"," 0.7164933690"
"Aug-2019"," 0.46114962780"," 1.57450889268"," 0.6285876454"
"Aug-2019"," 0.45467777776"," 1.51307611668"," 0.5500674007"
"Aug-2019"," 0.44660467587"," 1.44418584418"," 0.4712581305"
"Aug-2019"," 0.43533251881"," 1.34842871418"," 0.3763664934"
"Aug-2019"," 0.41817189904"," 1.25175400313"," 0.2791111604"
"Aug-2019"," 0.40404029292"," 1.17156052026"," 0.1774200582"
"Aug-2019"," 0.39112737274"," 1.03368050751"," 0.0553563268"
"Aug-2019"," 0.36133818918"," 0.90094328197","-0.0624250952"
"Aug-2019"," 0.32265280737"," 0.82358574517","-0.1739864828"
"Aug-2019"," 0.29389840076"," 0.72878072220","-0.2692595379"
"Aug-2019"," 0.25070429553"," 0.59922804954","-0.3435261202"
"Aug-2019"," 0.17976168844"," 0.46668547308","-0.4083082577"
"Aug-2019"," 0.09258472012"," 0.33865282476","-0.4741018427"
"Aug-2019","-0.01178669284"," 0.24258871878","-0.5400907218"
"Aug-2019","-0.10425494244"," 0.15501225212","-0.6108379118"
"Aug-2019","-0.17048220823"," 0.00100149698","-0.6615504332"
"Aug-2019","-0.21944936071","-0.21992503155","-0.6960272091"
"Aug-2019","-0.24952759652","-0.35703607768","-0.7053542174"
"Aug-2019","-0.25252722436","-0.35581163809","-0.6944265520"
"Sep-2019","-0.21628137893","-0.27641765503","-0.7098585201"
"Sep-2019","-0.11799594832","-0.27597762480","-0.7789285666"
"Sep-2019"," 0.00845815364","-0.38941006553","-0.8557680565"
"Sep-2019"," 0.11509289814","-0.51790893215","-0.8819086992"
"Sep-2019"," 0.11619514140","-0.60812522786","-0.8814961592"
"Sep-2019","-0.00834007775","-0.62613129523","-0.8776465157"
"Sep-2019","-0.15266420464","-0.58627514945","-0.8565812072"
"Sep-2019","-0.25789455658","-0.50268167856","-0.8048273741"
"Sep-2019","-0.30969793561","-0.39735415538","-0.7088387546"
"Sep-2019","-0.30818638204","-0.25074546727","-0.5823268376"
"Sep-2019","-0.25148844859","-0.09300073800","-0.4666483676"
"Sep-2019","-0.11982564646"," 0.02418916393","-0.3956388513"
"Sep-2019"," 0.02385749543"," 0.07867558074","-0.3376508227"
"Sep-2019"," 0.14087574202"," 0.14707162661","-0.2874671332"
"Sep-2019"," 0.29707280266"," 0.22282699305","-0.2392037209"
"Sep-2019"," 0.46593434310"," 0.20684627430","-0.2342894344"
"Sep-2019"," 0.54738236123"," 0.07972832986","-0.2198051683"
"Sep-2019"," 0.48636827135","-0.01541120767","-0.1578732779"
"Sep-2019"," 0.36910125419","-0.05961469237","-0.0789549384"
"Sep-2019"," 0.30971398658"," 0.01073530143"," 0.0495132876"
"Sep-2019"," 0.37900339387"," 0.14577825248"," 0.2337735080"
"Sep-2019"," 0.51638942310"," 0.30785018050"," 0.4360287440"
"Sep-2019"," 0.61325615345"," 0.42338946998"," 0.6512844896"
"Sep-2019"," 0.63514293700"," 0.50561252915"," 0.8480927930"
"Sep-2019"," 0.64911007793"," 0.55261784495"," 1.0050257144"
"Sep-2019"," 0.61360555484"," 0.62880237884"," 1.1496947092"
"Sep-2019"," 0.57823009455"," 0.72170166108"," 1.2722572054"
"Sep-2019"," 0.54006312844"," 0.82718830915"," 1.3851309955"
"Sep-2019"," 0.54024116760"," 1.00629053429"," 1.4814668677"
"Sep-2019"," 0.58293868554"," 1.13247733390"," 1.5211370549"
"Oct-2019"," 0.61791334677"," 1.22014892319"," 1.5557213987"
"Oct-2019"," 0.64010000507"," 1.30483354455"," 1.5893950057"
"Oct-2019"," 0.65319470642"," 1.38274637437"," 1.6040997639"
"Oct-2019"," 0.67006642069"," 1.45914916184"," 1.5757672258"
"Oct-2019"," 0.66539697410"," 1.47402998118"," 1.4818978294"
"Oct-2019"," 0.65220773186"," 1.46853711922"," 1.3817909508"
"Oct-2019"," 0.66295028387"," 1.47647815575"," 1.2990892696"
"Oct-2019"," 0.70082625336"," 1.40352326991"," 1.1801863571"
"Oct-2019"," 0.71896801455"," 1.26830903942"," 1.0455949119"
"Oct-2019"," 0.66630184447"," 1.17105795572"," 0.9615587954"
"Oct-2019"," 0.61669323007"," 1.12750224436"," 0.9313086987"
"Oct-2019"," 0.60120727166"," 1.08245962543"," 0.9547935768"
"Oct-2019"," 0.60876914839"," 1.05673529638"," 0.9975177046"
"Oct-2019"," 0.56222927902"," 1.09857944634"," 1.0415187306"
"Oct-2019"," 0.50390419312"," 1.17268889774"," 1.0761924642"
"Oct-2019"," 0.47814776345"," 1.25640144807"," 1.1194647384"
"Oct-2019"," 0.53002282773"," 1.23794859794"," 1.1038141853"
"Oct-2019"," 0.67164496365"," 1.21342715909"," 1.0921651937"
"Oct-2019"," 0.80727929006"," 1.38842607595"," 1.1711756416"
"Oct-2019"," 0.91603212458"," 1.37970926156"," 1.0955583934"
"Oct-2019"," 0.98600676068"," 1.18979376630"," 0.9594115745"
"Oct-2019"," 0.93139830186"," 1.06698170610"," 0.8876612553"
"Oct-2019"," 0.92090921627"," 0.84778206427"," 0.7679304223"
"Oct-2019"," 0.90158483188"," 0.67896095100"," 0.6801886273"
"Oct-2019"," 0.78456365038"," 0.72483724342"," 0.6759339910"
"Oct-2019"," 0.52726925567"," 0.89392663773"," 0.6638337900"
"Oct-2019"," 0.31756469544"," 0.85068864770"," 0.5420813606"
"Oct-2019"," 0.35813561211"," 0.68023083807"," 0.4103368760"
"Oct-2019"," 0.41496352552"," 0.63221182040"," 0.3679227517"
"Oct-2019"," 0.41466284368"," 0.64604957903"," 0.3512094627"
"Oct-2019"," 0.30775995819"," 0.62205976997"," 0.3138150017"
"Nov-2019"," 0.28541030217"," 0.44562655656"," 0.2284143826"
"Nov-2019"," 0.36523377258"," 0.30849672078"," 0.1229468774"
"Nov-2019"," 0.35668374733"," 0.19923135572"," 0.0216192990"
"Nov-2019"," 0.33402618225"," 0.14987545412","-0.0029520928"
"Nov-2019"," 0.24377478250"," 0.20395936129"," 0.0058279865"
"Nov-2019"," 0.24740684740"," 0.20194910311","-0.0051703223"
"Nov-2019"," 0.30167841490"," 0.19230666335"," 0.0027672696"
"Nov-2019"," 0.25679178203"," 0.18730650137"," 0.0471670802"
"Nov-2019"," 0.26532049247"," 0.11102637511"," 0.0096522291"
"Nov-2019"," 0.26844026831"," 0.03790796056"," 0.0132767548"
"Nov-2019"," 0.19271566072"," 0.10184216805"," 0.1505007548"
"Nov-2019"," 0.06921276053"," 0.20283391970"," 0.2245767092"
"Nov-2019"," 0.09868541373"," 0.06403984897"," 0.1403729311"
"Nov-2019"," 0.14117756113"," 0.01571984452"," 0.1310869049"
"Nov-2019"," 0.10178119665"," 0.07761402397"," 0.1637673238"
"Nov-2019"," 0.10603634359","-0.08324855491"," 0.0332070203"
"Nov-2019"," 0.06648442871","-0.34443884729","-0.0577547945"
"Nov-2019","-0.08978461067","-0.37426877461"," 0.0736631720"
"Nov-2019","-0.23554552422","-0.28383011508"," 0.2093882400"
"Nov-2019","-0.28139242394","-0.17281772316"," 0.2862870931"
"Nov-2019","-0.24604895420","-0.01138405622"," 0.4111220695"
"Nov-2019","-0.17569226580"," 0.19980050610"," 0.5733915964"
"Nov-2019","-0.09582102968"," 0.38456505240"," 0.6931544847"
"Nov-2019","-0.00373450220"," 0.43238771818"," 0.7293491833"
"Nov-2019"," 0.09901184943"," 0.34912535624"," 0.6485104043"
"Nov-2019"," 0.16637111117"," 0.26199297132"," 0.6212273742"
"Nov-2019"," 0.17626573013"," 0.27458855762"," 0.6151058999"
"Nov-2019"," 0.16932777922"," 0.26003843621"," 0.5899905411"
"Nov-2019"," 0.17178760318"," 0.16488709642"," 0.5150248278"
"Nov-2019"," 0.14465524961"," 0.07101709365"," 0.4607380549"
"Dec-2019"," 0.01930628915"," 0.05848774088"," 0.4225630666"
"Dec-2019","-0.12481364117","-0.07348175112"," 0.3431451507"
"Dec-2019","-0.19418071359","-0.35720700482"," 0.1238632949"
"Dec-2019","-0.27469110039","-0.54188981612"," 0.0644211712"
"Dec-2019","-0.38727561059","-0.59642361810","-0.0103797614"
"Dec-2019","-0.44768125632","-0.55717572867","-0.0338146900"
"Dec-2019","-0.51525087796","-0.45393051025","-0.0554335009"
"Dec-2019","-0.49688492610","-0.42751965419","-0.1015759859"
"Dec-2019","-0.43209345643","-0.39043650914","-0.0905107261"
"Dec-2019","-0.39370934344","-0.37989257697","-0.0778566981"
"Dec-2019","-0.30914055894","-0.35434475324","-0.0779230810"
"Dec-2019","-0.11217986790","-0.38859882219","-0.1666167573"
"Dec-2019"," 0.00037943873","-0.37208336162","-0.1493636402"
"Dec-2019","-0.01439399618","-0.37554359396","-0.1365053507"
"Dec-2019","-0.02806313338","-0.46913063628","-0.2133785190"
"Dec-2019","-0.04623119872","-0.42561802370","-0.1544604392"
"Dec-2019","-0.09248704188","-0.29302142698","-0.1036263509"
"Dec-2019","-0.15143843822","-0.37119760555","-0.1863110712"
"Dec-2019","-0.09559533487","-0.60545504178","-0.4434958100"
"Dec-2019","-0.12679107549","-0.68833415348","-0.4276331237"
"Dec-2019","-0.21506683855","-0.51709939163","-0.3089105325"
"Dec-2019","-0.21573460463","-0.27443182340","-0.1898303417"
"Dec-2019","-0.20737556885","-0.18821743055","-0.2485497596"
"Dec-2019","-0.20777464364","-0.44032010645","-0.5382475804"
"Dec-2019","-0.18459070191","-0.73632733537","-0.6475781192"
"Dec-2019","-0.22259720165","-0.70755344536","-0.5446939498"
"Dec-2019","-0.23836263716","-0.56936592817","-0.4489536983"
"Dec-2019","-0.19682888559","-0.43902667359","-0.3799930863"
"Dec-2019","-0.14641408728","-0.35593723519","-0.3668900401"
"Dec-2019","-0.15132034466","-0.30428735162","-0.3282946400"
"Dec-2019","-0.14365772704","-0.30148052952","-0.3252978309"
"Jan-2020","-0.13283731944","-0.40372820902","-0.3270236044"
"Jan-2020","-0.13426874988","-0.33859046543","-0.2118322944"
"Jan-2020","-0.18096992940","-0.15139489012","-0.0793182382"
"Jan-2020","-0.21492870719","-0.00474991449"," 0.0167653301"
"Jan-2020","-0.18717506922","-0.10498602842","-0.0237125706"
"Jan-2020","-0.15137489033","-0.24776203800"," 0.0264117151"
"Jan-2020","-0.18256468776","-0.15881668629"," 0.1671808734"
"Jan-2020","-0.19875454836","-0.12283661140"," 0.2471298530"
"Jan-2020","-0.11638335335","-0.03717604363"," 0.3542839966"
"Jan-2020","-0.05320513198"," 0.19385174455"," 0.5803658856"
"Jan-2020"," 0.03757935803"," 0.41210896776"," 0.7993145687"
"Jan-2020"," 0.08724714761"," 0.51184269330"," 0.9254997241"
"Jan-2020"," 0.19170620441"," 0.46406036657"," 0.9868572153"
"Jan-2020"," 0.24495788964"," 0.46113006120"," 1.0875184078"
"Jan-2020"," 0.26755550912"," 0.46145430018"," 1.1657020308"
"Jan-2020"," 0.32089318730"," 0.43804984758"," 1.1988835275"
"Jan-2020"," 0.36502664812"," 0.39768872983"," 1.1896961425"
"Jan-2020"," 0.37865700778"," 0.43199605571"," 1.1798382734"
"Jan-2020"," 0.36172553134"," 0.50259325091"," 1.2304755662"
"Jan-2020"," 0.40267901392"," 0.40821451824"," 1.1086599188"
"Jan-2020"," 0.41071641993"," 0.16813522494"," 0.9563324976"
"Jan-2020"," 0.35458331049","-0.08530034208"," 0.7816041152"
"Jan-2020"," 0.26123022130","-0.23485783163"," 0.7430958326"
"Jan-2020"," 0.12012140167","-0.09294726179"," 0.8032540077"
"Jan-2020"," 0.08469883602","-0.00201061770"," 0.7567293338"
"Jan-2020"," 0.14937756835"," 0.00787256451"," 0.6537079756"
"Jan-2020"," 0.15614767892"," 0.05125259259"," 0.6308009863"
"Jan-2020"," 0.16498800376"," 0.10115967697"," 0.5903072609"
"Jan-2020"," 0.19854392804"," 0.06302307818"," 0.5291785393"
"Jan-2020"," 0.16893674577"," 0.02175811932"," 0.5083519416"
"Jan-2020"," 0.18336830000","-0.04702669625"," 0.4908913168"
"Feb-2020"," 0.13557914823","-0.04645079333"," 0.5332097215"
"Feb-2020"," 0.07333045050","-0.11067060358"," 0.4804115742"
"Feb-2020"," 0.04357032257","-0.21308702207"," 0.4773225350"
"Feb-2020"," 0.00576662532","-0.09224769946"," 0.5544302347"
"Feb-2020","-0.00044996066"," 0.05612204904"," 0.6158989051"
"Feb-2020","-0.00854081877"," 0.17777167550"," 0.6449554071"
"Feb-2020","-0.06801308880"," 0.19001842012"," 0.6750466878"
"Feb-2020","-0.03932937690"," 0.04539292134"," 0.6570524025"
"Feb-2020"," 0.00018834623"," 0.05518949499"," 0.7547132964"
"Feb-2020"," 0.03062548521"," 0.15587245040"," 0.8919796987"
"Feb-2020"," 0.05582578555"," 0.24780899771"," 1.0145649583"
"Feb-2020"," 0.10136136437"," 0.27935600588"," 1.0580567101"
"Feb-2020"," 0.12657964105"," 0.34121201885"," 1.1114834667"
"Feb-2020"," 0.14218127172"," 0.37356234348"," 1.1468416833"
"Feb-2020"," 0.20757597607"," 0.26341979513"," 1.1305716507"
"Feb-2020"," 0.24006660031"," 0.18682605779"," 1.1479762394"
"Feb-2020"," 0.20538022091"," 0.19826314444"," 1.1762956308"
"Feb-2020"," 0.19599506616"," 0.19149264468"," 1.1655839536"
"Feb-2020"," 0.19646975165"," 0.20781140106"," 1.1721288424"
"Feb-2020"," 0.19585771223"," 0.20706709586"," 1.1471689724"
"Feb-2020"," 0.17583602920"," 0.12415938866"," 1.1177058951"
"Feb-2020"," 0.18874384997","-0.04475332418"," 1.0248043671"
"Feb-2020"," 0.14665672056","-0.11936316758"," 1.0879255106"
"Feb-2020"," 0.09414925590"," 0.03665526217"," 1.1974614471"
"Feb-2020"," 0.07945678791"," 0.24862006490"," 1.2627830882"
"Feb-2020"," 0.10596374820"," 0.35639447086"," 1.2623870222"
"Feb-2020"," 0.12323765561"," 0.29376033132"," 1.2365647012"
"Feb-2020"," 0.16535310693"," 0.15039045121"," 1.2366492624"
"Feb-2020"," 0.15874815859"," 0.06594686588"," 1.2873358555"
"Mar-2020"," 0.16362396625"," 0.03027000905"," 1.3395589949"
"Mar-2020"," 0.17804297372"," 0.19097346304"," 1.4616895962"
"Mar-2020"," 0.18030656207"," 0.43274276833"," 1.5346968499"
"Mar-2020"," 0.22021356472"," 0.55241331570"," 1.5316568270"
"Mar-2020"," 0.25563429605"," 0.57619232832"," 1.5110321779"
"Mar-2020"," 0.25247933794"," 0.49177117314"," 1.4628608334"
"Mar-2020"," 0.28967987389"," 0.22909097858"," 1.3664289169"
"Mar-2020"," 0.30017622338"," 0.03013067202"," 1.3497821732"
"Mar-2020"," 0.26332637286"," 0.09182069013"," 1.3862556315"
"Mar-2020"," 0.24520295488"," 0.18438610369"," 1.3870122187"
"Mar-2020"," 0.24979565349"," 0.23466199376"," 1.3311245047"
"Mar-2020"," 0.25747742142"," 0.20991654700"," 1.2500087107"
"Mar-2020"," 0.25025265613"," 0.15680118780"," 1.1807960788"
"Mar-2020"," 0.24338220822"," 0.10686744560"," 1.1108320130"
"Mar-2020"," 0.23703134997"," 0.05714960828"," 1.0493353449"
"Mar-2020"," 0.23564720831","-0.00368007852"," 0.9857929374"
"Mar-2020"," 0.22467356859","-0.05157807907"," 0.9391126531"
"Mar-2020"," 0.20499009760","-0.04217726253"," 0.9003852986"
"Mar-2020"," 0.20532952028","-0.03614249518"," 0.8452262958"
"Mar-2020"," 0.22291731664","-0.01934800823"," 0.7958696341"
"Mar-2020"," 0.23895925764","-0.01124837528"," 0.7474556834"
"Mar-2020"," 0.25547848886","-0.07205205015"," 0.6702517365"
"Mar-2020"," 0.26947079666","-0.18600813507"," 0.5847734948"
"Mar-2020"," 0.26769400033","-0.27494121479"," 0.5139166269"
"Mar-2020"," 0.25169362504","-0.34263928371"," 0.4624359946"
"Mar-2020"," 0.23309687897","-0.42780873688"," 0.4173495505"
"Mar-2020"," 0.23610439438","-0.51908676551"," 0.3793006736"
"Mar-2020"," 0.23416815890","-0.55663254709"," 0.3789442101"
"Mar-2020"," 0.21559019627","-0.53736311032"," 0.3963866567"
"Mar-2020"," 0.21828481327","-0.53548778535"," 0.3714166831"
"Mar-2020"," 0.23419677430","-0.56129537606"," 0.3383636512"
"Apr-2020"," 0.21598299769","-0.63080547230"," 0.3009415172"
"Apr-2020"," 0.24663746698","-0.76470601234"," 0.2519335688"
"Apr-2020"," 0.25271559844","-0.81460704879"," 0.2579712124"
"Apr-2020"," 0.24846995329","-0.76903385699"," 0.2974530441"
"Apr-2020"," 0.26273106244","-0.68804087431"," 0.3462397700"
"Apr-2020"," 0.29296510545","-0.59689748530"," 0.3943101604"
"Apr-2020"," 0.30682222382","-0.53546553135"," 0.4372935714"
"Apr-2020"," 0.31892646541","-0.49313760650"," 0.4971884463"
"Apr-2020"," 0.32481599202","-0.44069562155"," 0.5577197212"
"Apr-2020"," 0.33750053929","-0.39487205759"," 0.6082683952"
"Apr-2020"," 0.39797100991","-0.39394285045"," 0.6432603694"
"Apr-2020"," 0.44127234952","-0.35943617808"," 0.7102753440"
"Apr-2020"," 0.41914053741","-0.22949696699"," 0.8022621181"
"Apr-2020"," 0.44778004218","-0.15379268493"," 0.8798971890"
"Apr-2020"," 0.51648422781","-0.11240888151"," 0.9749641973"
"Apr-2020"," 0.56525235650","-0.07518123226"," 1.0577249577"
"Apr-2020"," 0.59716040051","-0.03949486317"," 1.1277972001"
"Apr-2020"," 0.59200551931"," 0.03743415207"," 1.1784226041"
"Apr-2020"," 0.57597319016"," 0.07451794302"," 1.2162727378"
"Apr-2020"," 0.53442230604"," 0.15640272969"," 1.2651501113"
"Apr-2020"," 0.51549505207"," 0.20775702850"," 1.2787012425"
"Apr-2020"," 0.54740991975"," 0.20303389649"," 1.3074369476"
"Apr-2020"," 0.56545365485"," 0.27196045651"," 1.3770246269"
"Apr-2020"," 0.56248799863"," 0.39915262009"," 1.4359599922"
"Apr-2020"," 0.60714134260"," 0.41868904611"," 1.4504053862"
"Apr-2020"," 0.65156213140"," 0.38452857313"," 1.4693812141"
"Apr-2020"," 0.68517880839"," 0.30231631801"," 1.4793680350"
"Apr-2020"," 0.69750555307"," 0.22135674569"," 1.4903203302"
"Apr-2020"," 0.66701844719"," 0.24044104565"," 1.5023943188"
"Apr-2020"," 0.61663325481"," 0.25153181548"," 1.4698243488"
"May-2020"," 0.60207355494"," 0.16173511625"," 1.3650264349"
"May-2020"," 0.58313511162"," 0.04950392163"," 1.2926822398"
"May-2020"," 0.54616049060"," 0.01757947627"," 1.2650137341"
"May-2020"," 0.51049197924"," 0.03008933477"," 1.2490898180"
"May-2020"," 0.49898202085"," 0.05352655183"," 1.2158241254"
"May-2020"," 0.48613179775"," 0.06170087367"," 1.1824594263"
"May-2020"," 0.48471654602"," 0.02030685337"," 1.1313314028"
"May-2020"," 0.48304863496","-0.04737735818"," 1.1066177096"
"May-2020"," 0.41989591065","-0.00033651819"," 1.1123554937"
"May-2020"," 0.40328547701"," 0.02113571201"," 1.0873069643"
"May-2020"," 0.39900255846"," 0.05913532247"," 1.0930185766"
"May-2020"," 0.39291188025"," 0.08592813698"," 1.0864521823"
"May-2020"," 0.39213533895"," 0.15263563879"," 1.1262862169"
"May-2020"," 0.40066922218"," 0.30500687913"," 1.1708204165"
"May-2020"," 0.43496892680"," 0.43080813851"," 1.2101550371"
"May-2020"," 0.48493996627"," 0.45321033918"," 1.2307253138"
"May-2020"," 0.50964228524"," 0.42690705390"," 1.2395517314"
"May-2020"," 0.48021868178"," 0.41975183596"," 1.2591004166"
"May-2020"," 0.42905030786"," 0.43439790204"," 1.2799253507"
"May-2020"," 0.39957809490"," 0.42305558571"," 1.2600780233"
"May-2020"," 0.37290883392"," 0.38455376301"," 1.2482943587"
"May-2020"," 0.35615235167"," 0.40105061008"," 1.2443549197"
"May-2020"," 0.34394465440"," 0.43807908898"," 1.2404829593"
"May-2020"," 0.35547728499"," 0.46705173831"," 1.2077790060"
"May-2020"," 0.38620820877"," 0.51251524551"," 1.1567656107"
"May-2020"," 0.41769461584"," 0.59126339291"," 1.0490594255"
"May-2020"," 0.46041322847"," 0.46697088408"," 0.9476946791"
"May-2020"," 0.47234155871"," 0.36056154653"," 0.8926580546"
"May-2020"," 0.46366470853"," 0.33156071272"," 0.8454824139"
"May-2020"," 0.44956898172"," 0.33100395176"," 0.8097641226"
"May-2020"," 0.44472747585"," 0.31249878419"," 0.7645777794"
"Jun-2020"," 0.43825170037"," 0.27935019283"," 0.7092258359"
"Jun-2020"," 0.42489116927"," 0.27309629114"," 0.6531094334"
"Jun-2020"," 0.40895829698"," 0.29297392555"," 0.6102234869"
"Jun-2020"," 0.40011866919"," 0.29011942470"," 0.5739612287"
"Jun-2020"," 0.39832595095"," 0.30336636612"," 0.5623138601"
"Jun-2020"," 0.41666237025"," 0.34802685045"," 0.5942296577"
"Jun-2020"," 0.48866356377"," 0.56430346791"," 0.7271775566"
"Jun-2020"," 0.54225261725"," 0.76509282992"," 0.8248505016"
"Jun-2020"," 0.54469622582"," 0.70740025212"," 0.8646055341"
"Jun-2020"," 0.57224819857"," 0.64094787860"," 0.9029872590"
"Jun-2020"," 0.55360977673"," 0.57700163398"," 0.9052920379"
"Jun-2020"," 0.54012843727"," 0.50326433517"," 0.8813382592"
"Jun-2020"," 0.52103770865"," 0.48657207569"," 0.8712645237"
"Jun-2020"," 0.48267039804"," 0.51057721006"," 0.8748109804"
"Jun-2020"," 0.46844865341"," 0.51871060568"," 0.8938826498"
"Jun-2020"," 0.46454551260"," 0.49215407108"," 0.9188990427"
"Jun-2020"," 0.43101413153"," 0.47911052766"," 0.9736199424"
"Jun-2020"," 0.39814446327"," 0.50194301143"," 1.0252102121"
"Jun-2020"," 0.38278191795"," 0.51624622503"," 1.0341919154"
"Jun-2020"," 0.36732075956"," 0.52820754305"," 1.0188169977"
"Jun-2020"," 0.33925304921"," 0.54192604609"," 1.0165978755"
"Jun-2020"," 0.32315050227"," 0.56497760549"," 1.0305600454"
"Jun-2020"," 0.31261750304"," 0.59104055935"," 1.0490691232"
"Jun-2020"," 0.31532939935"," 0.58867253440"," 1.0832250616"
"Jun-2020"," 0.32902348331"," 0.58477861333"," 1.1280042208"
"Jun-2020"," 0.35544478083"," 0.58793421840"," 1.1801574066"
"Jun-2020"," 0.38406979446"," 0.61139509868"," 1.2448099432"
"Jun-2020"," 0.40626254270"," 0.64872280283"," 1.2998815851"
"Jun-2020"," 0.42840462700"," 0.65924442228"," 1.3299178037"
"Jun-2020"," 0.43667433137"," 0.64500010250"," 1.3277654702"
"Jul-2020"," 0.42436424233"," 0.61271794909"," 1.3119614979"
"Jul-2020"," 0.38910287678"," 0.58644625391"," 1.2873485965"
"Jul-2020"," 0.33994396442"," 0.53838689720"," 1.2516835413"
"Jul-2020"," 0.27590860171"," 0.48452294641"," 1.2062249713"
"Jul-2020"," 0.20193712772"," 0.42701033828"," 1.1509657042"
"Jul-2020"," 0.12861694760"," 0.37969240960"," 1.1095621752"
"Jul-2020"," 0.06302974964"," 0.33279437099"," 1.0716310104"
"Jul-2020"," 0.00221923266"," 0.29995545662"," 1.0351046811"
"Jul-2020","-0.03322534484"," 0.25561298720"," 0.9960278016"
"Jul-2020","-0.05727860780"," 0.20048032370"," 0.9730991851"
"Jul-2020","-0.09623444184"," 0.16246832381"," 0.9456331150"
"Jul-2020","-0.13882967806"," 0.12800551354"," 0.9038956018"
"Jul-2020","-0.17559181138"," 0.11608382994"," 0.8541380860"
"Jul-2020","-0.20906295337"," 0.08673280395"," 0.8098500633"
"Jul-2020","-0.22267687752"," 0.06234524139"," 0.7827232929"
"Jul-2020","-0.22260321120"," 0.04706167755"," 0.7616789217"
"Jul-2020","-0.20767037383"," 0.04176199673"," 0.7506793145"
"Jul-2020","-0.17791633585"," 0.06181560800"," 0.7489639074"
"Jul-2020","-0.13543413046"," 0.11231104343"," 0.7553008829"
"Jul-2020","-0.06755755362"," 0.14063274866"," 0.7360714121"
"Jul-2020","-0.00636975357"," 0.14040040284"," 0.7362337582"
"Jul-2020"," 0.03263945921"," 0.25014701793"," 0.7560350719"
"Jul-2020"," 0.12166069017"," 0.43614187559"," 0.7250378829"
"Jul-2020"," 0.29191646103"," 0.48812251579"," 0.6735781475"
"Jul-2020"," 0.53750315759"," 0.47345448930"," 0.6272611841"
"Jul-2020"," 0.68874212295"," 0.38084809080"," 0.5613779659"
"Jul-2020"," 0.69167912708"," 0.29974225276"," 0.4821847214"
"Jul-2020"," 0.61301652482"," 0.17557633922"," 0.3955088678"
"Jul-2020"," 0.47172254887"," 0.07802509079"," 0.3243522622"
"Jul-2020"," 0.34745602100"," 0.00996091719"," 0.2414721261"
"Jul-2020"," 0.26448052740","-0.08491527159"," 0.1428722948"
"Aug-2020"," 0.18328993782","-0.15416648162"," 0.0549978150"
"Aug-2020"," 0.10221421340","-0.20220875149","-0.0476070266"
"Aug-2020"," 0.04342067870","-0.31305491369","-0.1695157562"
"Aug-2020","-0.01468784732","-0.41341134013","-0.2581432930"
"Aug-2020","-0.08716042456","-0.45452157793","-0.3193151067"
"Aug-2020","-0.15879548769","-0.45160348584","-0.3874023121"
"Aug-2020","-0.20229409013","-0.44230595367","-0.4600750136"
"Aug-2020","-0.22704410144","-0.46816063596","-0.5165194761"
"Aug-2020","-0.25468437839","-0.48858698700","-0.5459427479"
"Aug-2020","-0.26125051251","-0.48431386722","-0.5695050457"
"Aug-2020","-0.24406674362","-0.46872538252","-0.5860632112"
"Aug-2020","-0.23214718143","-0.45178850522","-0.5941338531"
"Aug-2020","-0.22857304437","-0.42518458545","-0.5888407861"
"Aug-2020","-0.22590766644","-0.39466396217","-0.5851757652"
"Aug-2020","-0.23791589969","-0.40335711334","-0.5993030404"
"Aug-2020","-0.25555956945","-0.43562323683","-0.6238241175"
"Aug-2020","-0.27449988378","-0.46034860215","-0.6586592639"
"Aug-2020","-0.29266097871","-0.47110885021","-0.6878097002"
"Aug-2020","-0.32078551630","-0.47918523097","-0.7026619535"
"Aug-2020","-0.34968399046","-0.45661838595","-0.7025543855"
"Aug-2020","-0.37018901697","-0.42253066416","-0.7070525612"
"Aug-2020","-0.37536624020","-0.38013333502","-0.7187574266"
"Aug-2020","-0.34316617235","-0.29727530296","-0.7097180236"
"Aug-2020","-0.25587492585","-0.15113547545","-0.6793311034"
"Aug-2020","-0.10691506719"," 0.03620207919","-0.6057378050"
"Aug-2020"," 0.09281834622"," 0.31333052000","-0.4889471364"
"Aug-2020"," 0.39253716523"," 0.32431735956","-0.5653367154"
"Aug-2020"," 0.37231693534"," 0.14029594410","-0.6605715476"
"Aug-2020"," 0.30796878428","-0.02712046633","-0.7270104593"
"Aug-2020"," 0.22982401073","-0.13624514385","-0.7474279254"
"Aug-2020"," 0.11516455372","-0.21246261836","-0.7848064399"
"Sep-2020","-0.01398908122","-0.28567004890","-0.8155523799"
"Sep-2020","-0.14034446004","-0.30222608338","-0.8100354125"
"Sep-2020","-0.24042968936","-0.26279370304","-0.7875870174"
"Sep-2020","-0.28593269065","-0.21096038547","-0.7674466880"
"Sep-2020","-0.27444877961","-0.18372736458","-0.7794912182"
"Sep-2020","-0.28152012232","-0.17178160674","-0.7854138683"
"Sep-2020","-0.32781111106","-0.15707470914","-0.7977589477"
"Sep-2020","-0.36041960874","-0.13596083289","-0.7986123095"
"Sep-2020","-0.34912841143","-0.08852470554","-0.7990368602"
"Sep-2020","-0.27398741128","-0.04084037859","-0.7879894540"
"Sep-2020","-0.18465504286","-0.00268275888","-0.7758392629"
"Sep-2020","-0.11630227637","-0.01225033361","-0.7700074227"
"Sep-2020","-0.04919556389"," 0.01814580821","-0.7887109831"
"Sep-2020"," 0.09687439600"," 0.47099562811","-0.8060327961"
"Sep-2020"," 0.42127561325"," 1.07399228682","-0.8217153233"
"Sep-2020"," 0.85033802944"," 0.83106289650","-0.8184466931"
"Sep-2020"," 0.99829330407"," 0.28718888446","-0.7922867360"
"Sep-2020"," 0.95624165042"," 0.05099975430","-0.7973450686"
"Sep-2020"," 0.96410002674","-0.07137803000","-0.7731316416"
"Sep-2020"," 1.09071015601","-0.07818898624","-0.7328710275"
"Sep-2020"," 1.08560127957","-0.07227300474","-0.7030361083"
"Sep-2020"," 0.87866346183","-0.04765562122","-0.6364906430"
"Sep-2020"," 0.72553360540"," 0.02024020881","-0.5061446234"
"Sep-2020"," 0.55650954415"," 0.17608131119","-0.3529502473"
"Sep-2020"," 0.47568912048"," 0.30958251235","-0.2117345865"
"Sep-2020"," 0.53147935871"," 0.40744032575","-0.0951655461"
"Sep-2020"," 0.56661492655"," 0.48220306995"," 0.0411250349"
"Sep-2020"," 0.56213801025"," 0.56570194667"," 0.1749615159"
"Sep-2020"," 0.54407050236"," 0.57470929611"," 0.2459058665"
"Sep-2020"," 0.54836119843"," 0.51193141570"," 0.2387422284"
"Oct-2020"," 0.44203960915"," 0.41172231190"," 0.2138269924"
"Oct-2020"," 0.26017460647"," 0.34098190430"," 0.2145309520"
"Oct-2020"," 0.17436853602"," 0.28664727266"," 0.2044760440"
"Oct-2020"," 0.10709629444"," 0.28509653898"," 0.2178782599"
"Oct-2020"," 0.10756441307"," 0.35335383499"," 0.2556704099"
"Oct-2020"," 0.15464225198"," 0.42606774351"," 0.2855950841"
"Oct-2020"," 0.20392013837"," 0.49182965594"," 0.3222769833"
"Oct-2020"," 0.24510423174"," 0.58898044986"," 0.3911215874"
"Oct-2020"," 0.41077181641"," 0.74351966405"," 0.4464761684"
"Oct-2020"," 0.36100702795"," 0.90680193942"," 0.5189892018"
"Oct-2020"," 0.11145005445"," 0.98171740829"," 0.5236836049"
"Oct-2020"," 0.06940548128"," 0.82346330323"," 0.4665730405"
"Oct-2020"," 0.04630624848"," 0.63267890387"," 0.4142047593"
"Oct-2020","-0.01298251612"," 0.45280266240"," 0.3720347831"
"Oct-2020","-0.10528362242"," 0.39860255295"," 0.3540254439"
"Oct-2020","-0.22655716269"," 0.42655140096"," 0.3184087559"
"Oct-2020","-0.24310423890"," 0.37776823152"," 0.2475201572"
"Oct-2020","-0.22136438442"," 0.35624538669"," 0.2252055830"
"Oct-2020","-0.23629171883"," 0.41727160154"," 0.2498715990"
"Oct-2020","-0.20027586052"," 0.50703741527"," 0.3177433032"
"Oct-2020","-0.07431805235"," 0.66910159257"," 0.3738319515"
"Oct-2020"," 0.11892615835"," 0.80401935753"," 0.3974539777"
"Oct-2020"," 0.28453607198"," 0.87732337864"," 0.4233428034"
"Oct-2020"," 0.36510049787"," 0.88671697292"," 0.4517830313"
"Oct-2020"," 0.41820507058"," 0.80990856377"," 0.4294286112"
"Oct-2020"," 0.48340075114"," 0.64078705089"," 0.3285970384"
"Oct-2020"," 0.54721981076"," 0.55096592511"," 0.2877573182"
"Oct-2020"," 0.54877300341"," 0.58600181986"," 0.2823256017"
"Oct-2020"," 0.41597981954"," 0.62957913931"," 0.2935308907"
"Oct-2020"," 0.24481070375"," 0.36315222889"," 0.1528939302"
"Oct-2020"," 0.25824306685"," 0.08974572507","-0.0036167128"
"Nov-2020"," 0.19230408288","-0.00173617131","-0.0411423167"
"Nov-2020"," 0.15639333114","-0.12280977742","-0.1435237042"
"Nov-2020"," 0.24516777261","-0.35565264624","-0.2541967938"
"Nov-2020"," 0.17944659587","-0.36959110567","-0.1792302690"
"Nov-2020"," 0.06535247648","-0.22533922743","-0.0996491954"
"Nov-2020"," 0.06470525479","-0.07205545577","-0.0094180801"
"Nov-2020"," 0.16984378064"," 0.05829154954"," 0.0655408569"
"Nov-2020"," 0.27855391218"," 0.14610799532"," 0.1368615940"
"Nov-2020"," 0.36090841488"," 0.12429361725"," 0.1005940202"
"Nov-2020"," 0.40904436331"," 0.05601389109"," 0.1408448149"
"Nov-2020"," 0.39286209678"," 0.24627858034"," 0.1905104251"
"Nov-2020"," 0.39992316730"," 0.31841875849","-0.0729158941"
"Nov-2020"," 0.40510787455","-0.04776653890","-0.4985676743"
"Nov-2020"," 0.33998758457","-0.36747192621","-0.6368654470"
"Nov-2020"," 0.23575139772","-0.47733856022","-0.6265433842"
"Nov-2020"," 0.17054214319","-0.52627310382","-0.6206712517"
"Nov-2020"," 0.19496043595","-0.65890293474","-0.6848761497"
"Nov-2020"," 0.21836145119","-0.81594710348","-0.7670498916"
"Nov-2020"," 0.17344796386","-0.79824384314","-0.7029319893"
"Nov-2020"," 0.08700593445","-0.59753333896","-0.5355683821"
"Nov-2020"," 0.09652253661","-0.42117863107","-0.3977158945"
"Nov-2020"," 0.16144222530","-0.27662294760","-0.2702536381"
"Nov-2020"," 0.20470196251","-0.18595616993","-0.2014082631"
"Nov-2020"," 0.28219412146","-0.22655849987","-0.2033251724"
"Nov-2020"," 0.29635614062","-0.20669395950","-0.1001393987"
"Nov-2020"," 0.21618675402","-0.06992001152"," 0.0242373892"
"Nov-2020"," 0.20595583072"," 0.00569026355"," 0.0598238479"
"Nov-2020"," 0.24654633793","-0.00854149065"," 0.0565412594"
"Nov-2020"," 0.27171171280","-0.04344585781"," 0.0509626970"
"Nov-2020"," 0.11633738165","-0.09483544594"," 0.0804229745"
"Dec-2020"," 0.01055999861","-0.37156343224","-0.0684271727"
"Dec-2020"," 0.00362501930","-0.62212911438","-0.1209715148"
"Dec-2020","-0.05622922965","-0.51633578391","-0.0176248963"
"Dec-2020","-0.23064777106","-0.29651496784"," 0.0543616180"
"Dec-2020","-0.29970836519","-0.22724849122"," 0.0209938352"
"Dec-2020","-0.24406997202","-0.31800798410","-0.1207953727"
"Dec-2020","-0.31053922140","-0.40458924495","-0.1589546173"
"Dec-2020","-0.41020750964","-0.62205759625","-0.3154624200"
"Dec-2020","-0.49815973523","-0.89448515905","-0.3721388577"
"Dec-2020","-0.63027337668","-0.90402490161","-0.2951941533"
"Dec-2020","-0.74043562980","-0.77976486365","-0.2444690126"
"Dec-2020","-0.77741964254","-0.65769023868","-0.2228975542"
"Dec-2020","-0.77830206082","-0.57218756273","-0.2199024899"
"Dec-2020","-0.79980532462","-0.54858352877","-0.2104342758"
"Dec-2020","-0.81196008340","-0.58581417261","-0.2581464174"
"Dec-2020","-0.81373053298","-0.61655845150","-0.3003755946"
"Dec-2020","-0.84596163754","-0.65355498799","-0.3092883181"
"Dec-2020","-0.80873109211","-0.79275550244","-0.3779295940"
"Dec-2020","-0.75179744846","-0.83815788454","-0.3505446360"
"Dec-2020","-0.77366291721","-0.69163439577","-0.2809828444"
"Dec-2020","-0.82326764285","-0.65115437474","-0.2932163794"
"Dec-2020","-0.77892440912","-0.75851646521","-0.3934213311"
"Dec-2020","-0.75031990319","-0.74294177916","-0.3265768179"
"Dec-2020","-0.78064918412","-0.54460534785","-0.2360692557"
"Dec-2020","-0.86194858560","-0.59769469512","-0.2572721182"
"Dec-2020","-0.89016073035","-0.87522934478","-0.3574827911"
"Dec-2020","-0.88560027909","-0.87190715768","-0.3093854580"
"Dec-2020","-0.90976646283","-0.74846159253","-0.2825387051"
"Dec-2020","-0.86894761939","-0.65231087798","-0.2742922052"
"Dec-2020","-0.77575851846","-0.50843297259","-0.2311649510"
"Dec-2020","-0.83423229787","-0.34856023847","-0.1218481956"
"Jan-2021","-0.71636892795","-0.22586413883","-0.1700827165"
"Jan-2021","-0.69191904818","-0.21159057765","-0.2312926314"
"Jan-2021","-0.58900305858","-0.33508699230","-0.2894202833"
"Jan-2021","-0.50898867207","-0.46767572085","-0.3396996924"
"Jan-2021","-0.49820110583","-0.56980107585","-0.3446426664"
"Jan-2021","-0.51554247956","-0.67177529156","-0.3378035582"
"Jan-2021","-0.55147924196","-0.64351817578","-0.3034651072"
"Jan-2021","-0.68310594466","-0.57455292080","-0.2848271994"
"Jan-2021","-0.71429266043","-0.72364460307","-0.4117097411"
"Jan-2021","-0.69892186067","-0.83288753798","-0.4565170603"
"Jan-2021","-0.76143249938","-0.74853003276","-0.4174912259"
"Jan-2021","-0.90951254450","-0.68545727221","-0.4151038741"
"Jan-2021","-0.92022519709","-0.72822293730","-0.4872186097"
"Jan-2021","-0.90607998031","-0.72616952163","-0.4745390998"
"Jan-2021","-0.96648100356","-0.63602591840","-0.4265075409"
"Jan-2021","-1.04893727437","-0.63433349898","-0.4355172419"
"Jan-2021","-1.10584600794","-0.72926946235","-0.4936190467"
"Jan-2021","-1.08859458930","-0.67866234590","-0.4586960524"
"Jan-2021","-1.04921986980","-0.60041905303","-0.4776771147"
"Jan-2021","-0.97553642083","-0.55690256509","-0.4564371654"
"Jan-2021","-0.92264195120","-0.49091511807","-0.4261221870"
"Jan-2021","-0.89354397633","-0.46925393441","-0.4159398692"
"Jan-2021","-0.85312369408","-0.47170058232","-0.4332206594"
"Jan-2021","-0.79166144297","-0.45855487016","-0.4348475694"
"Jan-2021","-0.73327182567","-0.43118004610","-0.4025936488"
"Jan-2021","-0.70387511334","-0.38754048591","-0.3717276838"
"Jan-2021","-0.67022853693","-0.36892598604","-0.3862189291"
"Jan-2021","-0.61281565867","-0.41022758472","-0.4064894275"
"Jan-2021","-0.51529979894","-0.51499723131","-0.4427793183"
"Jan-2021","-0.48635623718","-0.48309527482","-0.3913898612"
"Jan-2021","-0.51061347660","-0.34048854828","-0.3449055608"
"Feb-2021","-0.54311088783","-0.29111209550","-0.3656215473"
"Feb-2021","-0.49594936720","-0.56293140194","-0.5613467454"
"Feb-2021","-0.46366359989","-0.88464510975","-0.6260173385"
"Feb-2021","-0.52223239363","-0.86559615783","-0.5383902935"
"Feb-2021","-0.57097432822","-0.65143237833","-0.4402177315"
"Feb-2021","-0.52652653822","-0.48120309787","-0.4125069452"
"Feb-2021","-0.43881262757","-0.40360798937","-0.4110974841"
"Feb-2021","-0.36050551665","-0.40750925015","-0.4371955216"
"Feb-2021","-0.31743089907","-0.40774212443","-0.4154517354"
"Feb-2021","-0.29059665929","-0.40216840824","-0.3768805188"
"Feb-2021","-0.24453198903","-0.39074259537","-0.3246688219"
"Feb-2021","-0.20970220244","-0.34469590427","-0.2766819781"
"Feb-2021","-0.20054564073","-0.29297203644","-0.2297494711"
"Feb-2021","-0.19357474542","-0.24947422071","-0.1680272794"
"Feb-2021","-0.19865449285","-0.25071510125","-0.1481236726"
"Feb-2021","-0.26133924528","-0.32291417323","-0.1234548975"
"Feb-2021","-0.25882956448","-0.39361935023","-0.1187558281"
"Feb-2021","-0.26795806109","-0.31158195633","-0.0631150214"
"Feb-2021","-0.33047115779","-0.26851348422","-0.0419707917"
"Feb-2021","-0.31179509569","-0.36394655139","-0.1114664844"
"Feb-2021","-0.27646336560","-0.43584240532","-0.1192267170"
"Feb-2021","-0.28987147898","-0.32604071305","-0.0369749873"
"Feb-2021","-0.27290786524","-0.24554483417","-0.0258346206"
"Feb-2021","-0.19475091181","-0.26119737986","-0.0736121713"
"Feb-2021","-0.16364806118","-0.24643252792","-0.0827454274"
"Feb-2021","-0.17086743356","-0.26412504293","-0.0845327358"
"Feb-2021","-0.16178116302","-0.26131199675","-0.0618128848"
"Feb-2021","-0.14869108415","-0.21134954161","-0.0278939530"
"Mar-2021","-0.14039170047","-0.17343424972","-0.0092755624"
"Mar-2021","-0.15238390175","-0.20012413216","-0.0284757777"
"Mar-2021","-0.17131471430","-0.28108270628","-0.0183823627"
"Mar-2021","-0.19310314159","-0.36840756772"," 0.0142868977"
"Mar-2021","-0.23529526751","-0.39859743436"," 0.0926338813"
"Mar-2021","-0.28231870048","-0.31545556108"," 0.2146055449"
"Mar-2021","-0.30712979466","-0.19250586667"," 0.2744262056"
"Mar-2021","-0.30446672798","-0.19231221579"," 0.2722854364"
"Mar-2021","-0.33033229972","-0.09958145326"," 0.3164208513"
"Mar-2021","-0.35176692324"," 0.06979530533"," 0.3718494842"
"Mar-2021","-0.32320277236"," 0.22056096967"," 0.4064176786"
"Mar-2021","-0.27080265214"," 0.30976685170"," 0.4136473751"
"Mar-2021","-0.22854467411"," 0.33499425310"," 0.4087472903"
"Mar-2021","-0.19602737885"," 0.34446024626"," 0.4061509295"
"Mar-2021","-0.17690150464"," 0.35206794258"," 0.3878128000"
"Mar-2021","-0.16331898406"," 0.34178777019"," 0.3692156714"
"Mar-2021","-0.13861358343"," 0.33262834199"," 0.3512655738"
"Mar-2021","-0.13623373585"," 0.32052516208"," 0.3402554573"
"Mar-2021","-0.14881189251"," 0.21402539931"," 0.3287664583"
"Mar-2021","-0.12399188352"," 0.04922433266"," 0.3104787246"
"Mar-2021","-0.12015951081","-0.01599943232"," 0.3325521128"
"Mar-2021","-0.12713447831","-0.04734909040"," 0.3597941607"
"Mar-2021","-0.13442271109","-0.02988199253"," 0.3664463741"
"Mar-2021","-0.18169421758"," 0.03669586066"," 0.3723870807"
"Mar-2021","-0.19204605930"," 0.14065913747"," 0.3801842783"
"Mar-2021","-0.21291567538"," 0.23428287834"," 0.3772418010"
"Mar-2021","-0.17821348413"," 0.21698077713"," 0.3560689245"
"Mar-2021","-0.13627746605"," 0.15451222141"," 0.3627393161"
"Mar-2021","-0.12236506125"," 0.07531012770"," 0.3558470934"
"Mar-2021","-0.09603753420","-0.04355205349"," 0.3541335123"
"Mar-2021","-0.11354627134","-0.09921429167"," 0.3841169410"
"Apr-2021","-0.14413664947","-0.15598218358"," 0.3968490380"
"Apr-2021","-0.11418101965","-0.30814996719"," 0.3598018296"
"Apr-2021","-0.14373830840","-0.39425173954"," 0.3832134674"
"Apr-2021","-0.22096632518","-0.28315262162"," 0.4452275249"
"Apr-2021","-0.25769738510","-0.17289569125"," 0.4774880189"
"Apr-2021","-0.24315056217","-0.05375554060"," 0.5013234363"
"Apr-2021","-0.20399885937"," 0.07152982533"," 0.5120137299"
"Apr-2021","-0.16612967687"," 0.16183325806"," 0.5213743354"
"Apr-2021","-0.12274582952"," 0.23473200980"," 0.5271366277"
"Apr-2021","-0.07155008754"," 0.28922018814"," 0.5604523104"
"Apr-2021","-0.03661739556"," 0.35063047527"," 0.6011136569"
"Apr-2021"," 0.01080104001"," 0.30826409035"," 0.6383538465"
"Apr-2021"," 0.05092805108"," 0.26111098217"," 0.7085329266"
"Apr-2021"," 0.06852619301"," 0.26186098298"," 0.7998649196"
"Apr-2021"," 0.05628441406"," 0.35447155043"," 0.8800360955"
"Apr-2021"," 0.03717035288"," 0.45980083514"," 0.9318058750"
"Apr-2021"," 0.02883204492"," 0.51994546288"," 0.9494514064"
"Apr-2021"," 0.02667356315"," 0.54176189606"," 0.9419448167"
"Apr-2021"," 0.03778862899"," 0.53407035092"," 0.8968222191"
"Apr-2021"," 0.04730468086"," 0.51824182837"," 0.8463652882"
"Apr-2021"," 0.03100556812"," 0.49140127640"," 0.8213836287"
"Apr-2021"," 0.03837729917"," 0.41855783670"," 0.7935523305"
"Apr-2021"," 0.06450283083"," 0.39462257636"," 0.7860005794"
"Apr-2021"," 0.05216405301"," 0.48640992206"," 0.7827790177"
"Apr-2021","-0.00113081213"," 0.55838005384"," 0.7646135813"
"Apr-2021"," 0.01252621856"," 0.51958059127"," 0.7198756071"
"Apr-2021"," 0.01931511258"," 0.52234460819"," 0.7188692317"
"Apr-2021"," 0.01326721072"," 0.60808491456"," 0.7386041220"
"Apr-2021"," 0.03365931645"," 0.69989885937"," 0.7517724962"
"Apr-2021"," 0.05747477809"," 0.75360374399"," 0.7435375605"
"May-2021"," 0.08239816939"," 0.74408144058"," 0.7231486602"
"May-2021"," 0.09028516110"," 0.73456295382"," 0.7128360516"
"May-2021"," 0.06638667812"," 0.76233711677"," 0.7043725086"
"May-2021"," 0.05855002016"," 0.78100170281"," 0.6632455076"
"May-2021"," 0.04798437003"," 0.76757179713"," 0.6094795325"
"May-2021"," 0.04858819169"," 0.72335286968"," 0.5260313677"
"May-2021"," 0.05385173805"," 0.63503444654"," 0.4282410352"
"May-2021"," 0.03697283324"," 0.51817929405"," 0.3176015834"
"May-2021"," 0.01045508714"," 0.44637556815"," 0.2433668942"
"May-2021","-0.03267345947"," 0.42928103391"," 0.1777871062"
"May-2021","-0.06598120017"," 0.35995536987"," 0.0960538209"
"May-2021","-0.08906553829"," 0.26161765695"," 0.0294583249"
"May-2021","-0.11627966588"," 0.16741959855","-0.0363142010"
"May-2021","-0.12225111325"," 0.04996000636","-0.1203074283"
"May-2021","-0.12814335466","-0.07003143308","-0.1845967657"
"May-2021","-0.14456995268","-0.10214941188","-0.2158164756"
"May-2021","-0.15835909114","-0.06262002994","-0.2131248009"
"May-2021","-0.15990006721","-0.00221587010","-0.1974372422"
"May-2021","-0.12018577828"," 0.08358926058","-0.1770891617"
"May-2021","-0.03394761526"," 0.22058064009","-0.1212140263"
"May-2021"," 0.05886930200"," 0.37069577136","-0.0650839902"
"May-2021"," 0.20475300498"," 0.45929433651","-0.0160841572"
"May-2021"," 0.30016823741"," 0.46876514452"," 0.0114018766"
"May-2021"," 0.33759967764"," 0.43961205580"," 0.0152292841"
"May-2021"," 0.32498828308"," 0.37325844539","-0.0015416639"
"May-2021"," 0.27946752558"," 0.31355613787","-0.0130807341"
"May-2021"," 0.20943595217"," 0.24212027818","-0.0239288698"
"May-2021"," 0.14332666987"," 0.17055987830","-0.0444770324"
"May-2021"," 0.07620550295"," 0.09689544813","-0.0690670082"
"May-2021"," 0.02180597324"," 0.01535433599","-0.1022485454"
"May-2021"," 0.02502256452","-0.06295196093","-0.1203439876"
"Jun-2021"," 0.01796193425","-0.10785418592","-0.1112544728"
"Jun-2021","-0.01802710629","-0.13293232700","-0.0996607462"
"Jun-2021","-0.04274112823","-0.20690825442","-0.1062052699"
"Jun-2021","-0.05210379421","-0.28610435893","-0.1106519542"
"Jun-2021","-0.05254755306","-0.35152471068","-0.1176485799"
"Jun-2021","-0.04465869033","-0.40279099170","-0.0992469889"
"Jun-2021","-0.04429681556","-0.40429774585","-0.0774488303"
"Jun-2021","-0.00489241675","-0.43258580585","-0.0627377828"
"Jun-2021"," 0.04545814366","-0.47147622210","-0.0424548679"
"Jun-2021"," 0.08234479066","-0.51941450297","-0.0148876003"
"Jun-2021"," 0.08960745300","-0.58522937875"," 0.0136844602"
"Jun-2021"," 0.06891697668","-0.64759059856"," 0.0337781268"
"Jun-2021"," 0.03868748279","-0.74877324135"," 0.0394702625"
"Jun-2021","-0.00232088266","-0.84200398484"," 0.0442583159"
"Jun-2021","-0.03270757783","-0.89560112253"," 0.0375719777"
"Jun-2021","-0.04851890803","-0.96494792493"," 0.0301832625"
"Jun-2021","-0.05740388023","-1.03171719773"," 0.0041347687"
"Jun-2021","-0.03409637866","-1.05920035589","-0.0082640744"
"Jun-2021","-0.02986320689","-1.01286377565","-0.0122793100"
"Jun-2021","-0.09496900574","-1.04169920178","-0.0365936911"
"Jun-2021","-0.15359473680","-1.14725255312","-0.0670392848"
"Jun-2021","-0.14627631111","-1.18685133935","-0.0632850364"
"Jun-2021","-0.12890555156","-1.21406328060","-0.0645073593"
"Jun-2021","-0.10658388727","-1.30176557922","-0.0562779420"
"Jun-2021","-0.08513352528","-1.34149019742","-0.0371109993"
"Jun-2021","-0.06454478038","-1.29570967352","-0.0103764807"
"Jun-2021","-0.00085841551","-1.23512114019","-0.0099951845"
"Jun-2021"," 0.06237307452","-1.21043176880","-0.0195913359"
"Jun-2021"," 0.10044472933","-1.18986114844","-0.0131127489"
"Jun-2021"," 0.13749962022","-1.15823234655","-0.0166591650"
"Jul-2021"," 0.16133225110","-1.16264098672","-0.0452223393"
"Jul-2021"," 0.15141198834","-1.24268315415","-0.0858664814"
"Jul-2021"," 0.08988069340","-1.41403887441","-0.1206304974"
"Jul-2021","-0.00975270606","-1.56078249573","-0.1500396487"
"Jul-2021","-0.12398047405","-1.62368186299","-0.1816902391"
"Jul-2021","-0.20984781081","-1.61026945517","-0.1861336773"
"Jul-2021","-0.24207605383","-1.47725690247","-0.2594286581"
"Jul-2021","-0.21112104945","-1.52930530287","-0.4922154286"
"Jul-2021","-0.18435302864","-1.64965580087","-0.6027641515"
"Jul-2021","-0.19874800651","-1.73464892488","-0.6527942188"
"Jul-2021","-0.22765719310","-1.82664988547","-0.6748056063"
"Jul-2021","-0.26303191967","-1.82076367383","-0.6733059844"
"Jul-2021","-0.26164539339","-1.74187395813","-0.6609229661"
"Jul-2021","-0.21635440288","-1.68173320576","-0.6607738479"
"Jul-2021","-0.17156539256","-1.68915353398","-0.6876251453"
"Jul-2021","-0.17655705591","-1.71548071737","-0.7055434716"
"Jul-2021","-0.19430660266","-1.70413663950","-0.6933988801"
"Jul-2021","-0.19992941906","-1.68719559325","-0.6920553962"
"Jul-2021","-0.21517166963","-1.68251556001","-0.6796535098"
"Jul-2021","-0.27140115428","-1.66707668793","-0.6578776277"
"Jul-2021","-0.35005458493","-1.63467615969","-0.6381322281"
"Jul-2021","-0.41370675806","-1.62856065555","-0.6459022396"
"Jul-2021","-0.45007755741","-1.67001726889","-0.6561646146"
"Jul-2021","-0.49031154607","-1.71522095039","-0.6608835259"
"Jul-2021","-0.53451786610","-1.69985670847","-0.6847701507"
"Jul-2021","-0.55908081339","-1.66031611145","-0.7002642006"
"Jul-2021","-0.56156191547","-1.61329306292","-0.7158564860"
"Jul-2021","-0.55619150160","-1.56927494991","-0.7493235186"
"Jul-2021","-0.54998621503","-1.55299565181","-0.7861355868"
"Jul-2021","-0.57566659376","-1.55451338616","-0.8063424615"
"Jul-2021","-0.63020685255","-1.52279656649","-0.8129734129"
"Aug-2021","-0.66912552325","-1.45577157823","-0.8169446637"
"Aug-2021","-0.69097965590","-1.39343278857","-0.8351499056"
"Aug-2021","-0.70287632576","-1.34510051213","-0.8521993699"
"Aug-2021","-0.69571356051","-1.31922762737","-0.8720961599"
"Aug-2021","-0.65370725127","-1.25062002173","-0.9071976903"
"Aug-2021","-0.55195374402","-1.18727557452","-0.9416493494"
"Aug-2021","-0.46917987894","-1.13400678605","-0.9614327284"
"Aug-2021","-0.43240138349","-1.10129622851","-0.9830003726"
"Aug-2021","-0.46437535298","-1.06865225681","-1.0055515476"
"Aug-2021","-0.52690418816","-0.99452160833","-1.0056047432"
"Aug-2021","-0.56843030895","-0.87534969143","-0.9805686301"
"Aug-2021","-0.57515812009","-0.76042200521","-0.9338393296"
"Aug-2021","-0.56067924039","-0.66773915630","-0.8791567746"
"Aug-2021","-0.52731096710","-0.57055706586","-0.8072768950"
"Aug-2021","-0.47976552317","-0.41123670661","-0.6635543443"
"Aug-2021","-0.40215527065","-0.01414994312","-0.5529866722"
"Aug-2021","-0.23810676742"," 0.21016805936","-0.6368879535"
"Aug-2021","-0.08349411956"," 0.10017882285","-0.6548715266"
"Aug-2021","-0.03205364253"," 0.06533898641","-0.5668563279"
"Aug-2021","-0.01349666452"," 0.06293032884","-0.5198659184"
"Aug-2021"," 0.00949338952"," 0.00050457831","-0.5039378229"
"Aug-2021","-0.01787239969","-0.03807856837","-0.4816890636"
"Aug-2021","-0.08409067732","-0.01434112786","-0.4570408607"
"Aug-2021","-0.15336621714"," 0.02607389271","-0.4630614216"
"Aug-2021","-0.19473576032"," 0.08154758844","-0.4593076196"
"Aug-2021","-0.20448748570"," 0.15134140847","-0.4968570418"
"Aug-2021","-0.15672232684"," 0.24443839311","-0.5082548251"
"Aug-2021","-0.05908910728"," 0.33995278426","-0.5184526025"
"Aug-2021"," 0.08617100005"," 0.64742663483","-0.3836691500"
"Aug-2021"," 0.20677409613"," 0.78434467597","-0.4635063011"
"Aug-2021"," 0.19149846093"," 0.54052389269","-0.5249567121"
"Sep-2021"," 0.11463191537"," 0.36886195978","-0.5518948835"
"Sep-2021"," 0.03353872822"," 0.21870719409","-0.5880410934"
"Sep-2021","-0.08138809937"," 0.12235349255","-0.6192226614"
"Sep-2021","-0.18893457459"," 0.11847284168","-0.6459672024"
"Sep-2021","-0.27428012050"," 0.12076735210","-0.6882105002"
"Sep-2021","-0.33998130315"," 0.08259969167","-0.7128217380"
"Sep-2021","-0.40497385104"," 0.05075187287","-0.7211680152"
"Sep-2021","-0.45995247577"," 0.05154233016","-0.7232133488"
"Sep-2021","-0.50295320691"," 0.02649090561","-0.7090295101"
"Sep-2021","-0.51643436293","-0.04361088860","-0.7426175821"
"Sep-2021","-0.48725696198","-0.05034445495","-0.7708034772"
"Sep-2021","-0.44486518860","-0.01813358479","-0.7922104795"
"Sep-2021","-0.39242159499"," 0.02930935381","-0.7779803026"
"Sep-2021","-0.31047471502"," 0.09824407560","-0.7901119503"
"Sep-2021","-0.35705574653"," 0.13563137818","-0.8191582270"
"Sep-2021","-0.43253275753"," 0.16348105205","-0.8673253921"
"Sep-2021","-0.46747436431"," 0.08300701615","-0.9416744256"
"Sep-2021","-0.46022828422"," 0.03358517461","-0.9998647274"
"Sep-2021","-0.43089023347","-0.02143639506","-1.0317677435"
"Sep-2021","-0.42624492654","-0.07232529761","-1.0402773001"
"Sep-2021","-0.44510548461","-0.11807399653","-1.0286757422"
"Sep-2021","-0.45358602579","-0.16365775752","-1.0194014832"
"Sep-2021","-0.43312594013","-0.21493554721","-1.0368541144"
"Sep-2021","-0.40372343136","-0.22213075188","-1.0761191465"
"Sep-2021","-0.40364367510","-0.21500489278","-1.1028944849"
"Sep-2021","-0.41413250388","-0.20704424455","-1.1432620584"
"Sep-2021","-0.42494263226","-0.20737271120","-1.1521953947"
"Sep-2021","-0.48073063262","-0.16622101873","-1.1314796922"
"Sep-2021","-0.55480669958","-0.08507255166","-1.0827580508"
"Sep-2021","-0.61398914695","-0.01119350839","-1.0473673732"
"Oct-2021","-0.63797685129"," 0.06990158431","-1.0297859120"
"Oct-2021","-0.62473448713"," 0.14077440026","-1.0166153873"
"Oct-2021","-0.60909136413"," 0.19836480931","-1.0006653400"
"Oct-2021","-0.60769056684"," 0.20281173340","-1.0069254638"
"Oct-2021","-0.61948106622"," 0.16266816462","-0.9978964890"
"Oct-2021","-0.61972844270"," 0.13535117746","-0.9239065971"
"Oct-2021","-0.61316869202"," 0.09220132265","-0.8309408366"
"Oct-2021","-0.60152027911"," 0.01657437176","-0.7251869027"
"Oct-2021","-0.59492571302","-0.06054036747","-0.6272694850"
"Oct-2021","-0.59156776899","-0.14529727029","-0.5613004883"
"Oct-2021","-0.59076242886","-0.19863634381","-0.4831823150"
"Oct-2021","-0.58746875943","-0.19685097431","-0.4270173020"
"Oct-2021","-0.55034277028","-0.20657391600","-0.3903736663"
"Oct-2021","-0.51139489719","-0.19044475898","-0.3393628679"
"Oct-2021","-0.50036175210","-0.18183093538","-0.2878951389"
"Oct-2021","-0.52817992147","-0.22150423433","-0.2462229942"
"Oct-2021","-0.49851668235","-0.34862429261","-0.2287783160"
"Oct-2021","-0.46005538116","-0.42410679802","-0.2077177143"
"Oct-2021","-0.47968228170","-0.39442636589","-0.1174996646"
"Oct-2021","-0.43540148825","-0.24269526561"," 0.0023412522"
"Oct-2021","-0.38530938362","-0.10173586333"," 0.1099537466"
"Oct-2021","-0.31285511289","-0.05155738587"," 0.2102340892"
"Oct-2021","-0.21544124139","-0.02034829790"," 0.2798474534"
"Oct-2021","-0.10834212028","-0.00734497609"," 0.3261978517"
"Oct-2021","-0.05205368057"," 0.04849682072"," 0.3873891826"
"Oct-2021","-0.03459916595","-0.01171727002"," 0.3603776490"
"Oct-2021","-0.02454745577","-0.16070237971"," 0.3094393201"
"Oct-2021","-0.13739999690","-0.19813824181"," 0.3170279551"
"Oct-2021","-0.50321782600","-0.38409317145"," 0.3014933288"
"Oct-2021","-0.84875518613","-0.66189222679"," 0.2046597468"
"Oct-2021","-0.96404788730","-0.81650900701"," 0.0525728218"
"Nov-2021","-0.98211183661","-0.89670524961"," 0.0184740961"
"Nov-2021","-0.96589358072","-0.88092282044"," 0.0136848660"
"Nov-2021","-0.89807328083","-0.81983483461","-0.0137890354"
"Nov-2021","-0.80447681398","-0.70864787505","-0.0410237390"
"Nov-2021","-0.67814627186","-0.61843586573","-0.0955672793"
"Nov-2021","-0.52713190072","-0.58122935485","-0.2735468036"
"Nov-2021","-0.40536045246","-0.77332597672","-0.4440069161"
"Nov-2021","-0.38579562533","-0.89902248378","-0.4432096308"
"Nov-2021","-0.42917118155","-0.81529842479","-0.3779493006"
"Nov-2021","-0.45409978231","-0.63703926797","-0.2782714767"
"Nov-2021","-0.45937415116","-0.32653488097","-0.1597562714"
"Nov-2021","-0.42139186445","-0.06673449458","-0.0595332632"
"Nov-2021","-0.29653923446"," 0.05625048916"," 0.0258619592"
"Nov-2021","-0.16742133209"," 0.07961894782"," 0.1089429078"
"Nov-2021","-0.08914962355"," 0.08787612029"," 0.1803625295"
"Nov-2021","-0.06646230579"," 0.14630889305"," 0.2701929531"
"Nov-2021","-0.08351789236"," 0.34191577471"," 0.3882897348"
"Nov-2021","-0.10980289986"," 0.54024803707"," 0.4518126655"
"Nov-2021","-0.05858353183"," 0.61782823128"," 0.4324443423"
"Nov-2021"," 0.04972668113"," 0.58726186693"," 0.3456559705"
"Nov-2021"," 0.08732317353"," 0.56547015389"," 0.3117179272"
"Nov-2021"," 0.08501292007"," 0.59453769097"," 0.3198474454"
"Nov-2021"," 0.08524991429"," 0.53123422869"," 0.2252960818"
"Nov-2021"," 0.15255319257"," 0.44735063380"," 0.1319191204"
"Nov-2021"," 0.16711325930"," 0.52558641080"," 0.1959034452"
"Nov-2021"," 0.19514087140"," 0.55961541492"," 0.2156829695"
"Nov-2021"," 0.30852804362"," 0.50883907414"," 0.1906772887"
"Nov-2021"," 0.36121226341"," 0.52398975989"," 0.2174248729"
"Nov-2021"," 0.36481978511"," 0.53958863763"," 0.2323663537"
"Nov-2021"," 0.37837137904"," 0.48759584286"," 0.2211906855"
"Dec-2021"," 0.41524247100"," 0.47791488431"," 0.2349563034"
"Dec-2021"," 0.41771671272"," 0.50583137889"," 0.2680094164"
"Dec-2021"," 0.43287854668"," 0.49779386923"," 0.2388912384"
"Dec-2021"," 0.44547574359"," 0.47246030627"," 0.2329804772"
"Dec-2021"," 0.44762468689"," 0.47871743743"," 0.2310972463"
"Dec-2021"," 0.44898890783"," 0.50387255739"," 0.2370243597"
"Dec-2021"," 0.41512624845"," 0.51177020156"," 0.2284476087"
"Dec-2021"," 0.38642932944"," 0.47407281095"," 0.2161850210"
"Dec-2021"," 0.34491227019"," 0.44645477829"," 0.2022427336"
"Dec-2021"," 0.30706407232"," 0.44066985464"," 0.1807557552"
"Dec-2021"," 0.25846844315"," 0.47582471138"," 0.1855647460"
"Dec-2021"," 0.23794767816"," 0.48810216534"," 0.1771306209"
"Dec-2021"," 0.31304942385"," 0.41354264299"," 0.1043439810"
"Dec-2021"," 0.35217783077"," 0.35158375666"," 0.0598386312"
"Dec-2021"," 0.36120962199"," 0.32462976214"," 0.0114785659"
"Dec-2021"," 0.37007903915"," 0.32890429115","-0.0162165579"
"Dec-2021"," 0.38452284664"," 0.32398545314","-0.0529972606"
"Dec-2021"," 0.42070445416"," 0.30102936868","-0.0969762535"
"Dec-2021"," 0.41422442305"," 0.25274494714","-0.1376025420"
"Dec-2021"," 0.46245590290"," 0.09164544246","-0.2708009594"
"Dec-2021"," 0.51033486301","-0.07573573737","-0.3745566284"
"Dec-2021"," 0.45327494472","-0.26586132446","-0.5132486007"
"Dec-2021"," 0.36752881987","-0.58807565913","-0.6062281976"
"Dec-2021"," 0.22404162011","-0.65615269189","-0.5381705318"
"Dec-2021"," 0.07550189424","-0.57111259375","-0.4878161781"
"Dec-2021","-0.00729024068","-0.50181012319","-0.4548650335"
"Dec-2021","-0.01595641511","-0.45228129805","-0.4525013783"
"Dec-2021"," 0.01643570611","-0.44688578999","-0.4307854275"
"Dec-2021"," 0.07553935107","-0.42046001964","-0.3925395929"
"Dec-2021"," 0.13945742731","-0.42899844975","-0.3886743681"
"Dec-2021"," 0.19831486975","-0.50762469927","-0.3865907710"
"Jan-2022"," 0.23505290712","-0.61156785152","-0.4163168027"
"Jan-2022"," 0.21524378516","-0.60978265817","-0.3693954541"
"Jan-2022"," 0.10171947913","-0.68495906837","-0.3751647255"
"Jan-2022"," 0.15740703210","-0.89929089785","-0.4793624741"
"Jan-2022"," 0.15688832291","-0.90488862957","-0.4360083168"
"Jan-2022"," 0.11544166489","-0.85142577919","-0.4497620052"
"Jan-2022"," 0.10737410265","-0.85489434945","-0.4184202822"
"Jan-2022"," 0.18840561994","-0.78992847248","-0.4377128088"
"Jan-2022"," 0.24869331886","-0.68235270840","-0.3812995089"
"Jan-2022"," 0.25941158446","-0.60406085601","-0.3376752346"
"Jan-2022"," 0.39880252614","-0.70325619923","-0.4097894428"
"Jan-2022"," 0.51984064970","-0.77829374214","-0.4373747264"
"Jan-2022"," 0.45951307265","-0.72431282576","-0.3842897040"
"Jan-2022"," 0.33946118992","-0.72094178555","-0.4152676192"
"Jan-2022"," 0.27104202103","-0.70820668607","-0.3833806308"
"Jan-2022"," 0.04278576564","-0.54897287666","-0.2402186834"
"Jan-2022","-0.15374257602","-0.66782566303","-0.3261051640"
"Jan-2022","-0.17074291285","-0.80054468609","-0.3407741339"
"Jan-2022","-0.16998676921","-0.67072608110","-0.2159068993"
"Jan-2022","-0.17269664776","-0.49670857139","-0.1155696686"
"Jan-2022","-0.10497774911","-0.40521346353","-0.0436781030"
"Jan-2022"," 0.03606675924","-0.41005397216","-0.0369946458"
"Jan-2022"," 0.11960803070","-0.45398835378","-0.0574797121"
"Jan-2022"," 0.10993481424","-0.48404716258","-0.0436864617"
"Jan-2022"," 0.06140210227","-0.41233814828"," 0.0265072665"
"Jan-2022"," 0.05223108611","-0.25493333561"," 0.0763511693"
"Jan-2022"," 0.17414263978","-0.24004887578","-0.0204416335"
"Jan-2022"," 0.23175406490","-0.32626596963","-0.0765523553"
"Jan-2022"," 0.18514306058","-0.52202727877","-0.1697881109"
"Jan-2022"," 0.15814120058","-0.82291465076","-0.2797211685"
"Jan-2022"," 0.07894459090","-0.80503465023","-0.1572876239"
"Feb-2022"," 0.04441328496","-0.61909610282","-0.0818364954"
"Feb-2022"," 0.06815111815","-0.35479917591"," 0.0361627812"
"Feb-2022"," 0.14374189371","-0.07733862795"," 0.1843348565"
"Feb-2022"," 0.16354947484"," 0.08767987024"," 0.2606940438"
"Feb-2022"," 0.17966820049"," 0.08518548486"," 0.2689875311"
"Feb-2022"," 0.25938469332"," 0.03319351215"," 0.2628184201"
"Feb-2022"," 0.28547643680"," 0.00471403254"," 0.3040383004"
"Feb-2022"," 0.25881884210","-0.03087997367"," 0.3780976591"
"Feb-2022"," 0.23409454796","-0.03413175828"," 0.4240844119"
"Feb-2022"," 0.19415166599","-0.02463810910"," 0.4260709097"
"Feb-2022"," 0.15157484635","-0.00011162053"," 0.4297109762"
"Feb-2022"," 0.12627156725"," 0.05942909596"," 0.3928025796"
"Feb-2022"," 0.07747544683"," 0.09372544164"," 0.3529866420"
"Feb-2022"," 0.03411229061"," 0.01902652354"," 0.2529725616"
"Feb-2022"," 0.02465482695","-0.08785102872"," 0.1938203967"
"Feb-2022"," 0.02984162533","-0.01029044621"," 0.2048164332"
"Feb-2022"," 0.07011395128"," 0.09083617992"," 0.2477927433"
"Feb-2022"," 0.09947570146"," 0.15924778597"," 0.2397952606"
"Feb-2022"," 0.12244429394"," 0.10137071726"," 0.1789820610"
"Feb-2022"," 0.14515666853","-0.01030013463"," 0.1294498253"
"Feb-2022"," 0.11281297337","-0.04123918004"," 0.1466944620"
"Feb-2022"," 0.08019908278","-0.03479544411"," 0.1551152781"
"Feb-2022"," 0.08227531361","-0.03006878904"," 0.1665274660"
"Feb-2022"," 0.09084643355","-0.02581551583"," 0.1618543249"
"Feb-2022"," 0.08336460658","-0.01049648652"," 0.1406123062"
"Feb-2022"," 0.07520455789","-0.02558863075"," 0.1095299068"
"Feb-2022"," 0.07260440840","-0.04752367363"," 0.0871997513"
"Feb-2022"," 0.01948273982","-0.04952019188"," 0.0768961913"
"Mar-2022"," 0.01492500335","-0.10962066392"," 0.0268536264"
"Mar-2022"," 0.01851630965","-0.20088965003","-0.0139101754"
"Mar-2022","-0.00408277729","-0.23236367214","-0.0196292538"
"Mar-2022","-0.03160242931","-0.22822988939","-0.0264396745"
"Mar-2022","-0.03690478989","-0.21966996861","-0.0424789086"
"Mar-2022","-0.03696583608","-0.19841963249","-0.0260207233"
"Mar-2022","-0.04364015844","-0.14675148773","-0.0014096073"
"Mar-2022","-0.07873005169","-0.14810604568","-0.0175069874"
"Mar-2022","-0.11465250640","-0.23234969733","-0.0517966655"
"Mar-2022","-0.13149512834","-0.30150173322","-0.0785691636"
"Mar-2022","-0.13958103379","-0.39324098915","-0.1173163600"
"Mar-2022","-0.21239861005","-0.51780806181","-0.1493547794"
"Mar-2022","-0.24922160613","-0.79800021454","-0.2914736704"
"Mar-2022","-0.27632042831","-0.97107366154","-0.2814912724"
"Mar-2022","-0.35540624503","-0.87315830483","-0.2656683104"
"Mar-2022","-0.41981995471","-0.79369662029","-0.2946374919"
"Mar-2022","-0.42058424274","-0.83507971910","-0.3756340319"
"Mar-2022","-0.42301431402","-0.88906785776","-0.4285715591"
"Mar-2022","-0.48348948051","-0.88344552333","-0.4580690451"
"Mar-2022","-0.48938975624","-0.93591522302","-0.5175169307"
"Mar-2022","-0.46670148463","-1.00935863988","-0.5819161490"
"Mar-2022","-0.48605778619","-0.95695194426","-0.5570080138"
"Mar-2022","-0.56250449245","-0.79844476603","-0.5303936824"
"Mar-2022","-0.57595644609","-0.80361544413","-0.5764511599"
"Mar-2022","-0.55565216762","-0.91837008937","-0.6383138269"
"Mar-2022","-0.57178934654","-1.08278761220","-0.6533637278"
"Mar-2022","-0.60960518700","-1.15573222244","-0.6175760103"
"Mar-2022","-0.65807578888","-1.16075622380","-0.5738254623"
"Mar-2022","-0.69113424542","-1.08250606096","-0.5464079621"
"Mar-2022","-0.70411415498","-0.94750268563","-0.5016079872"
"Mar-2022","-0.72710230133","-0.69134326458","-0.4284545368"
"Apr-2022","-0.69599666254","-0.56341507500","-0.4691640880"
"Apr-2022","-0.60531959034","-0.61192262369","-0.5276557100"
"Apr-2022","-0.55993875481","-0.64370532459","-0.5380503235"
"Apr-2022","-0.53295145932","-0.70429074588","-0.5494681515"
"Apr-2022","-0.54053123902","-0.73176239538","-0.5440335947"
"Apr-2022","-0.56927247521","-0.67791054044","-0.5335308046"
"Apr-2022","-0.58972720465","-0.66251893609","-0.5611820248"
"Apr-2022","-0.58759645781","-0.78799008473","-0.6250377225"
"Apr-2022","-0.63163739549","-0.99050780138","-0.6635113123"
"Apr-2022","-0.68790756537","-1.06951436526","-0.6725019830"
"Apr-2022","-0.72735367663","-0.99469337312","-0.5989998191"
"Apr-2022","-0.73773901304","-0.82499777757","-0.5487189087"
"Apr-2022","-0.70538196403","-0.68170182301","-0.5203105738"
"Apr-2022","-0.64909987107","-0.55229935015","-0.4941620999"
"Apr-2022","-0.58136721501","-0.51841802098","-0.4975364316"
"Apr-2022","-0.53373563139","-0.53712952244","-0.4936018212"
"Apr-2022","-0.51886211595","-0.53166631291","-0.4768400435"
"Apr-2022","-0.51509203676","-0.54300557592","-0.4649174453"
"Apr-2022","-0.48203269975","-0.61912446346","-0.4903256438"
"Apr-2022","-0.42078308310","-0.71267539441","-0.4962186325"
"Apr-2022","-0.43195024365","-0.60985587911","-0.4340220219"
"Apr-2022","-0.42579884942","-0.49668561278","-0.3914221794"
"Apr-2022","-0.36557652569","-0.42066355068","-0.3469623564"
"Apr-2022","-0.30366482935","-0.28202883971","-0.2862229246"
"Apr-2022","-0.24716327826","-0.16027575271","-0.2614941776"
"Apr-2022","-0.19461769642","-0.09834088191","-0.2526499065"
"Apr-2022","-0.14089304996","-0.06952277749","-0.2609900973"
"Apr-2022","-0.09928970427","-0.06484738295","-0.2766883681"
"Apr-2022","-0.08546901550","-0.01594924431","-0.2832236810"
"Apr-2022","-0.07543197989"," 0.06330399250","-0.2756246989"
"May-2022","-0.05056185727"," 0.12260044347","-0.2590419036"
"May-2022","-0.01969548725"," 0.15488359509","-0.2428392277"
"May-2022"," 0.01536839534"," 0.20835337414","-0.2266286395"
"May-2022"," 0.04496387464"," 0.26375449483","-0.2175209465"
"May-2022"," 0.07802647674"," 0.28599927343","-0.2159318132"
"May-2022"," 0.09384939985"," 0.30564831995","-0.2059324137"
"May-2022"," 0.08032121185"," 0.30394239545","-0.1902648591"
"May-2022"," 0.07972678191"," 0.26539483169","-0.2102030776"
"May-2022"," 0.09564600685"," 0.22549312100","-0.2291000656"
"May-2022"," 0.12385994923"," 0.19581527244","-0.2373336217"
"May-2022"," 0.15496492767"," 0.15733946167","-0.2163519816"
"May-2022"," 0.16959117669"," 0.10821502513","-0.1942936067"
"May-2022"," 0.16122084149"," 0.12159713463","-0.1333372131"
"May-2022"," 0.15404721706"," 0.20816976399","-0.0768363899"
"May-2022"," 0.17561376492"," 0.27503686043","-0.0322807660"
"May-2022"," 0.20805027670"," 0.31737629394"," 0.0228489407"
"May-2022"," 0.23934943632"," 0.35645419571"," 0.0839781491"
"May-2022"," 0.27911952529"," 0.38989355698"," 0.1326069517"
"May-2022"," 0.32614130737"," 0.40790109229"," 0.1798198010"
"May-2022"," 0.36247156823"," 0.46441855334"," 0.2329660125"
"May-2022"," 0.39735638445"," 0.57138535646"," 0.2774961139"
"May-2022"," 0.44617488358"," 0.66413831426"," 0.3102522889"
"May-2022"," 0.50057566062"," 0.71010732189"," 0.3479416590"
"May-2022"," 0.56156395996"," 0.69700018724"," 0.3589502337"
"May-2022"," 0.62461708066"," 0.72675759823"," 0.3850493668"
"May-2022"," 0.67471843026"," 0.76857826113"," 0.3891768367"
"May-2022"," 0.72260311345"," 0.73614796303"," 0.3441876947"
"May-2022"," 0.75867040611"," 0.61753092812"," 0.2620860976"
"May-2022"," 0.75929609288"," 0.50028412877"," 0.1821503865"
"May-2022"," 0.74227422112"," 0.41841748586"," 0.1679869578"
"May-2022"," 0.73642182116"," 0.42024213749"," 0.1601390396"
"Jun-2022"," 0.73568321361"," 0.36466715377"," 0.1203958149"
"Jun-2022"," 0.71409366337"," 0.28192550014"," 0.0686364635"
"Jun-2022"," 0.67072228940"," 0.22558248929"," 0.0635461161"
"Jun-2022"," 0.60696504639"," 0.25471643606"," 0.0415970945"
"Jun-2022"," 0.56237124447"," 0.19437281414","-0.1374877709"
"Jun-2022"," 0.52175777156"," 0.01210558910","-0.2364325826"
"Jun-2022"," 0.44494544852","-0.04234254379","-0.2736356854"
"Jun-2022"," 0.37201348402","-0.08755820370","-0.3098288421"
"Jun-2022"," 0.32001071434","-0.10433965532","-0.3288689430"
"Jun-2022"," 0.26855853433","-0.09760620641","-0.3519112951"
"Jun-2022"," 0.22082492579","-0.12072617189","-0.3830769572"
"Jun-2022"," 0.18595287645","-0.14493053532","-0.4172256730"
"Jun-2022"," 0.16400181830","-0.15493549798","-0.4424367920"
"Jun-2022"," 0.16004665617","-0.14197733006","-0.4426071317"
"Jun-2022"," 0.17437779968","-0.13553923103","-0.4562242400"
"Jun-2022"," 0.17958338151","-0.14264765099","-0.4764702303"
"Jun-2022"," 0.17728314344","-0.13582759351","-0.5013698445"
"Jun-2022"," 0.16949869024","-0.15492639674","-0.5312094299"
"Jun-2022"," 0.14232876979","-0.21007984629","-0.5501266250"
"Jun-2022"," 0.10289604907","-0.21309564459","-0.5648710263"
"Jun-2022"," 0.07002329916","-0.20067122030","-0.5740958227"
"Jun-2022"," 0.05712384289","-0.21161748594","-0.5883969271"
"Jun-2022"," 0.04545591281","-0.20478045906","-0.5815248709"
"Jun-2022"," 0.01727282370","-0.15511458687","-0.5829310454"
"Jun-2022","-0.00696801689","-0.13444355929","-0.5929293087"
"Jun-2022","-0.00539013429","-0.11553288749","-0.6080954204"
"Jun-2022"," 0.00415831168","-0.10857554810","-0.6297262825"
"Jun-2022"," 0.03818283152","-0.08237090850","-0.6483487713"
"Jun-2022"," 0.08742880073","-0.01005252221","-0.6534768142"
"Jun-2022"," 0.11479121479"," 0.00629764812","-0.6556038686"
"Jul-2022"," 0.13572191375","-0.04430148273","-0.6369652304"
"Jul-2022"," 0.13712124359","-0.06348683580","-0.5968543836"
"Jul-2022"," 0.14514430521","-0.03486009227","-0.5673333633"
"Jul-2022"," 0.15794291052","-0.03562060354","-0.5556881453"
"Jul-2022"," 0.16063503285","-0.04721399664","-0.5476849819"
"Jul-2022"," 0.14836805034","-0.06393062395","-0.5443045232"
"Jul-2022"," 0.12355989106","-0.08302426002","-0.5534845233"
"Jul-2022"," 0.08074262867","-0.06584699258","-0.5585440732"
"Jul-2022"," 0.04975409290","-0.04268105116","-0.5625509501"
"Jul-2022"," 0.03967508804","-0.07391315646","-0.5890611219"
"Jul-2022"," 0.02017871775","-0.15695233254","-0.6082337858"
"Jul-2022","-0.00685946180","-0.18300688977","-0.6101018006"
"Jul-2022","-0.02510728340","-0.21116835448","-0.5818446939"
"Jul-2022","-0.03508859235","-0.22982542466","-0.5578596714"
"Jul-2022","-0.05190843204","-0.20822119714","-0.5319736455"
"Jul-2022","-0.06338555609","-0.16532271268","-0.5027330079"
"Jul-2022","-0.06035305723","-0.10669722852","-0.4826252613"
"Jul-2022","-0.03874831881","-0.05964846165","-0.4821601749"
"Jul-2022","-0.01878360978","-0.06881704981","-0.4666745243"
"Jul-2022","-0.03422382024","-0.07738800951","-0.4241572142"
"Jul-2022","-0.05044031518","-0.04561141525","-0.3673999483"
"Jul-2022","-0.04345217726"," 0.01584431936","-0.3231891831"
"Jul-2022","-0.01140542192"," 0.06506546391","-0.2951301297"
"Jul-2022"," 0.02498273010"," 0.10852434982","-0.2747437451"
"Jul-2022"," 0.06144696975"," 0.12969970347","-0.2522587502"
"Jul-2022"," 0.11239236365"," 0.14060328137","-0.2354248276"
"Jul-2022"," 0.16824650961"," 0.18938380851","-0.2033948480"
"Jul-2022"," 0.24767611470"," 0.25206181016","-0.2004043689"
"Jul-2022"," 0.32765972130"," 0.20350041736","-0.2024527862"
"Jul-2022"," 0.38325038544"," 0.14940365101","-0.1788161119"
"Jul-2022"," 0.44225472028"," 0.13469358267","-0.1628658211"
"Aug-2022"," 0.49542184332"," 0.13466504588","-0.1566190064"
"Aug-2022"," 0.50702891065"," 0.07598002201","-0.1686955513"
"Aug-2022"," 0.48849060603","-0.02293611869","-0.1844809802"
"Aug-2022"," 0.44510019181","-0.08775649327","-0.1951063921"
"Aug-2022"," 0.39921803645","-0.10111094675","-0.1863081346"
"Aug-2022"," 0.36432287467","-0.06899226334","-0.1648543478"
"Aug-2022"," 0.35709084548","-0.01834903552","-0.1377023794"
"Aug-2022"," 0.37156429559"," 0.01789779375","-0.1261279265"
"Aug-2022"," 0.38590017165"," 0.03297860547","-0.1269508155"
"Aug-2022"," 0.38913756413"," 0.04073779337","-0.1056854654"
"Aug-2022"," 0.39445518625"," 0.05503454803","-0.0793384512"
"Aug-2022"," 0.39854938990"," 0.02443641743","-0.0559148029"
"Aug-2022"," 0.39009126411"," 0.00307498747","-0.0467669798"
"Aug-2022"," 0.38223927123","-0.03223588212","-0.0466291419"
"Aug-2022"," 0.37011896099","-0.07927877723","-0.0543953392"
"Aug-2022"," 0.36233105927","-0.12979681897","-0.0654428672"
"Aug-2022"," 0.33721282644","-0.19734233938","-0.0810822211"
"Aug-2022"," 0.28887425896","-0.24154142025","-0.1432374033"
"Aug-2022"," 0.23678465254","-0.25850031668","-0.2076429109"
"Aug-2022"," 0.20827633838","-0.24840122959","-0.2666373149"
"Aug-2022"," 0.19368897696","-0.22937453167","-0.3011501226"
"Aug-2022"," 0.18005560901","-0.19696678116","-0.3403423200"
"Aug-2022"," 0.16789050466","-0.15716788511","-0.3813824470"
"Aug-2022"," 0.15828677227","-0.13627114680","-0.4223675118"
"Aug-2022"," 0.14374405821","-0.14416937815","-0.4380107611"
"Aug-2022"," 0.12105894163","-0.17466616206","-0.4540340893"
"Aug-2022"," 0.09467411041","-0.22812002863","-0.4990453048"
"Aug-2022"," 0.07160294271","-0.28530088192","-0.5393964855"
"Aug-2022"," 0.04867327450","-0.34402589253","-0.5737165959"
"Aug-2022"," 0.01407930817","-0.37035184284","-0.6078087888"
"Aug-2022"," 0.00402279208","-0.34150766777","-0.6335609127"
"Sep-2022"," 0.02037763148","-0.30972643481","-0.6593341363"
"Sep-2022"," 0.00910514424","-0.30154729813","-0.6834653150"
"Sep-2022","-0.02996830644","-0.28998173721","-0.6901722659"
"Sep-2022","-0.05909845529","-0.24764476984","-0.6752652344"
"Sep-2022","-0.06907851690","-0.21380477790","-0.6731320530"
"Sep-2022","-0.06787303807","-0.19731233465","-0.6783676638"
"Sep-2022","-0.06779790430","-0.18893385147","-0.6857364561"
"Sep-2022","-0.07386862511","-0.20882428634","-0.7102264517"
"Sep-2022","-0.09959698966","-0.21374124538","-0.7249346589"
"Sep-2022","-0.12620160919","-0.16335402661","-0.7162806504"
"Sep-2022","-0.14829288281","-0.08600958384","-0.6863543938"
"Sep-2022","-0.14258748530","-0.09660794729","-0.6899443889"
"Sep-2022","-0.14550941131","-0.20234273623","-0.6872927225"
"Sep-2022","-0.14390500443","-0.25594322083","-0.6915723539"
"Sep-2022","-0.10133001911","-0.26398296176","-0.6896082542"
"Sep-2022","-0.09103236322","-0.23585232384","-0.7031898582"
"Sep-2022","-0.07281062565","-0.20080944169","-0.7133301795"
"Sep-2022","-0.02807913962","-0.16043904655","-0.7060544289"
"Sep-2022"," 0.00495139855","-0.22298463985","-0.7264137491"
"Sep-2022"," 0.00398291394","-0.27432114721","-0.7484581251"
"Sep-2022","-0.02626382256","-0.27458273443","-0.7661717436"
"Sep-2022","-0.06676004569","-0.33510215706","-0.8139531491"
"Sep-2022","-0.15285788318","-0.44204377029","-0.8633320466"
"Sep-2022","-0.27018271812","-0.51553874127","-0.9296627006"
"Sep-2022","-0.35035221477","-0.50883335940","-1.0131803728"
"Sep-2022","-0.39032283167","-0.53643500983","-1.1189256233"
"Sep-2022","-0.39316566178","-0.58848992789","-1.1941485097"
"Sep-2022","-0.29934738888","-0.59120544402","-1.3125516836"
"Sep-2022","-0.11148202994","-0.89082721533","-1.6749883453"
"Sep-2022","-0.07562469362","-1.45675564328","-1.7810076082"
"Oct-2022","-0.30283237796","-1.51377279170","-1.7245128715"
"Oct-2022","-0.55576993101","-1.45005390191","-1.6710940679"
"Oct-2022","-0.72898603856","-1.40587226019","-1.6639976243"
"Oct-2022","-0.86293851306","-1.31378780306","-1.6287601631"
"Oct-2022","-0.96357752378","-1.20433835810","-1.5210360025"
"Oct-2022","-1.00558511705","-1.07477082987","-1.3616607888"
"Oct-2022","-1.02671417944","-0.94969490987","-1.2113019307"
"Oct-2022","-1.05014560771","-0.84862647295","-1.0411478046"
"Oct-2022","-1.02018062286","-0.76923454501","-0.8990266414"
"Oct-2022","-0.89768124280","-0.67892371385","-0.7763447694"
"Oct-2022","-0.75806864182","-0.55717567657","-0.6831813615"
"Oct-2022","-0.66816495589","-0.40659561878","-0.5990120732"
"Oct-2022","-0.65834400324","-0.31713049824","-0.5446960447"
"Oct-2022","-0.63200143476","-0.35663416184","-0.5648434750"
"Oct-2022","-0.60031578379","-0.38878144076","-0.5913335209"
"Oct-2022","-0.61893421153","-0.35539439694","-0.6045973713"
"Oct-2022","-0.65995002433","-0.31768543895","-0.6025688363"
"Oct-2022","-0.69616655731","-0.37101828840","-0.6578618629"
"Oct-2022","-0.64599818163","-0.59349050090","-0.8159999840"
"Oct-2022","-0.63133355862","-0.79970373161","-0.9211506688"
"Oct-2022","-0.76897114659","-0.85732972357","-0.9449121561"
"Oct-2022","-0.89443904440","-0.88456168754","-0.9652119507"
"Oct-2022","-0.95622222824","-0.81787168360","-0.9387364717"
"Oct-2022","-0.94408661977","-0.68612713900","-0.9038119355"
"Oct-2022","-0.91543856707","-0.55057293320","-0.8621046923"
"Oct-2022","-0.90106879276","-0.48094675212","-0.8481488929"
"Oct-2022","-0.73291929891","-0.49804152124","-0.8743407836"
"Oct-2022","-0.56608831472","-0.47327969224","-0.8775875026"
"Oct-2022","-0.47753890771","-0.36761524707","-0.8387458445"
"Oct-2022","-0.47439891765","-0.25147750709","-0.7671346616"
"Oct-2022","-0.41056723791","-0.24030224253","-0.7214509332"
"Nov-2022","-0.28563870373","-0.25593488292","-0.7003485378"
"Nov-2022","-0.16708164557","-0.21008736215","-0.6561108704"
"Nov-2022","-0.14928547039","-0.14668190729","-0.5981873989"
"Nov-2022","-0.14103146780","-0.10308521100","-0.5610647590"
"Nov-2022","-0.10361481220","-0.08181403011","-0.5158981360"
"Nov-2022","-0.07112807671","-0.07511440257","-0.4550432645"
"Nov-2022","-0.06077894979","-0.04796605257","-0.4252635698"
"Nov-2022"," 0.00551702966","-0.04751163651","-0.4244649455"
"Nov-2022"," 0.09681799098","-0.11649832343","-0.4486404741"
"Nov-2022"," 0.17947757789","-0.25959035152","-0.4976515062"
"Nov-2022"," 0.15807369758","-0.52252003747","-0.3653939333"
"Nov-2022","-0.02288793888","-0.44444138895","-0.2729720587"
"Nov-2022","-0.14935205622","-0.32827704986","-0.2337569761"
"Nov-2022","-0.08120256915","-0.24155797864","-0.2234384028"
"Nov-2022","-0.05329275713","-0.14328573592","-0.1570481422"
"Nov-2022","-0.05717561035","-0.09805827376","-0.1026401675"
"Nov-2022"," 0.05895379784","-0.19713424395","-0.1537513925"
"Nov-2022"," 0.13969644631","-0.31885491880","-0.2024825693"
"Nov-2022"," 0.15969068790","-0.33310734162","-0.1757792134"
"Nov-2022"," 0.20220803888","-0.27652834445","-0.1505558403"
"Nov-2022"," 0.23419073974","-0.25970009485","-0.1521993865"
"Nov-2022"," 0.23394827923","-0.18069652558","-0.0931549519"
"Nov-2022"," 0.24007993617","-0.09857105518","-0.1104341191"
"Nov-2022"," 0.27633605380","-0.09121883945","-0.1494655935"
"Nov-2022"," 0.26191433153","-0.07388638121","-0.1499310046"
"Nov-2022"," 0.24605824390","-0.15333391479","-0.1835904504"
"Nov-2022"," 0.18376533905","-0.19590804283","-0.1593014297"
"Nov-2022"," 0.14477780795","-0.19188353367","-0.1488376741"
"Nov-2022"," 0.17930537187","-0.20419310620","-0.1532731593"
"Nov-2022"," 0.18703009959","-0.15889483053","-0.0937204243"
"Dec-2022"," 0.21465302386","-0.22061420747","-0.1115396225"
"Dec-2022"," 0.28330269348","-0.29385639888","-0.1091219601"
"Dec-2022"," 0.24933991688","-0.23107352747"," 0.0132660171"
"Dec-2022"," 0.21622411948","-0.19846067614"," 0.0993178465"
"Dec-2022"," 0.24121926940","-0.18209077667"," 0.1505334744"
"Dec-2022"," 0.26259314022","-0.12670198669"," 0.2127115011"
"Dec-2022"," 0.26706334290","-0.05498674832"," 0.2884408213"
"Dec-2022"," 0.30092079282"," 0.00745338804"," 0.3614109071"
"Dec-2022"," 0.34139995677"," 0.07645986281"," 0.4425002452"
"Dec-2022"," 0.37997051010"," 0.16634223113"," 0.4898148195"
"Dec-2022"," 0.41766044279"," 0.25506627594"," 0.5202580192"
"Dec-2022"," 0.43693863898"," 0.33263008792"," 0.5406945156"
"Dec-2022"," 0.50095565848"," 0.37011128007"," 0.5405430440"
"Dec-2022"," 0.56495932413"," 0.47446373760"," 0.5745083140"
"Dec-2022"," 0.56928046992"," 0.59622111100"," 0.6517296276"
"Dec-2022"," 0.63421516334"," 0.60266196975"," 0.5929384302"
"Dec-2022"," 0.70206807745"," 0.55035127752"," 0.5279633113"
"Dec-2022"," 0.72932839323"," 0.52514166757"," 0.5338547988"
"Dec-2022"," 0.77910734264"," 0.46963356328"," 0.4907566784"
"Dec-2022"," 0.75628204728"," 0.54604363174"," 0.5972482909"
"Dec-2022"," 0.71547351272"," 0.72026242563"," 0.7038058806"
"Dec-2022"," 0.76651509840"," 0.77087071643"," 0.7025951626"
"Dec-2022"," 0.71060306128"," 0.76210375715"," 0.7460510449"
"Dec-2022"," 0.61360125156"," 0.60561993114"," 0.7004606827"
"Dec-2022"," 0.54801900626"," 0.49448705056"," 0.7480981638"
"Dec-2022"," 0.48442659530"," 0.59098877934"," 0.8993089230"
"Dec-2022"," 0.42471450620"," 0.75509668389"," 1.0539888409"
"Dec-2022"," 0.41743478467"," 0.88314172163"," 1.1444407323"
"Dec-2022"," 0.43518378112"," 0.99394777966"," 1.2389642605"
"Dec-2022"," 0.48476411030"," 1.09817281985"," 1.3399794414"
"Dec-2022"," 0.50890732834"," 1.19301959109"," 1.4259245549"
"Jan-2023"," 0.51301467275"," 1.13972553842"," 1.4113321332"
"Jan-2023"," 0.54162677276"," 1.11481527115"," 1.4319095919"
"Jan-2023"," 0.57023538757"," 1.15169701460"," 1.4950637240"
"Jan-2023"," 0.56721360114"," 1.24383883888"," 1.5665829608"
"Jan-2023"," 0.59615125639"," 1.24919289227"," 1.5657829163"
"Jan-2023"," 0.65436422862"," 1.15375254410"," 1.5187492117"
"Jan-2023"," 0.68550240826"," 1.07352265627"," 1.5123975070"
"Jan-2023"," 0.65885251770"," 1.10472440454"," 1.5604162032"
"Jan-2023"," 0.63620452777"," 1.15653752323"," 1.5712934321"
"Jan-2023"," 0.65805473498"," 1.12651870116"," 1.5337744016"
"Jan-2023"," 0.63850891141"," 1.11321891383"," 1.5235604342"
"Jan-2023"," 0.59141658136"," 1.13063210888"," 1.5100536124"
"Jan-2023"," 0.52096674616"," 1.16388175335"," 1.5029228818"
"Jan-2023"," 0.52228753038"," 1.01420682846"," 1.3627893525"
"Jan-2023"," 0.54538635964"," 0.79242026221"," 1.2718064786"
"Jan-2023"," 0.52120843624"," 0.83545508910"," 1.3173806102"
"Jan-2023"," 0.49934685625"," 0.99596970706"," 1.3554151230"
"Jan-2023"," 0.53808007714"," 1.12546765485"," 1.3820576144"
"Jan-2023"," 0.60718961094"," 1.21280255701"," 1.4122534199"
"Jan-2023"," 0.67864061834"," 1.24428215730"," 1.4249972840"
"Jan-2023"," 0.75875901082"," 1.22917368955"," 1.4344971882"
"Jan-2023"," 0.76913667978"," 1.23980945615"," 1.4647125921"
"Jan-2023"," 0.75814785188"," 1.19312162680"," 1.4691252734"
"Jan-2023"," 0.80314160907"," 1.08394334004"," 1.4097423912"
"Jan-2023"," 0.79151076895"," 1.14594649950"," 1.4503303756"
"Jan-2023"," 0.70787136133"," 1.13324404703"," 1.3879322220"
"Jan-2023"," 0.70954947122"," 0.88539611229"," 1.2379227265"
"Jan-2023"," 0.69138136919"," 0.72891669011"," 1.1817048831"
"Jan-2023"," 0.65051974939"," 0.79362649932"," 1.1698146243"
"Jan-2023"," 0.61679635162"," 0.88030482048"," 1.1510193207"
"Jan-2023"," 0.61488168775"," 0.87846501970"," 1.0993815361"
"Feb-2023"," 0.61923409037"," 0.85623826743"," 1.0529590335"
"Feb-2023"," 0.61645017863"," 0.83400223777"," 1.0084494232"
"Feb-2023"," 0.57775544179"," 0.81616181295"," 0.9835892493"
"Feb-2023"," 0.59645890864"," 0.73071151316"," 0.9075277303"
"Feb-2023"," 0.62717082886"," 0.72829463511"," 0.9319590931"
"Feb-2023"," 0.60896134455"," 0.84158897187"," 0.9423041222"
"Feb-2023"," 0.64245259070"," 0.83207941020"," 0.9231515841"
"Feb-2023"," 0.68225734832"," 0.91275026774"," 0.9612073589"
"Feb-2023"," 0.70662739846"," 0.98418841742"," 0.9929857650"
"Feb-2023"," 0.74846282239"," 0.97747334714"," 0.9869809883"
"Feb-2023"," 0.79397059291"," 0.94699676211"," 0.9327927753"
"Feb-2023"," 0.76870242271"," 0.80331520861"," 0.8749996757"
"Feb-2023"," 0.74125977546"," 0.47830503204"," 0.7755785785"
"Feb-2023"," 0.67486881489"," 0.39039692798"," 0.7855315586"
"Feb-2023"," 0.60318385824"," 0.47157733746"," 0.7913888402"
"Feb-2023"," 0.60470359288"," 0.54501840561"," 0.7528652197"
"Feb-2023"," 0.59804985161"," 0.60757544885"," 0.7147410736"
"Feb-2023"," 0.58765380277"," 0.55042518747"," 0.6412373679"
"Feb-2023"," 0.60830520806"," 0.47885063664"," 0.6088368448"
"Feb-2023"," 0.56061213801"," 0.50748160783"," 0.6046465221"
"Feb-2023"," 0.50860261803"," 0.49893249111"," 0.5895538131"
"Feb-2023"," 0.47936644544"," 0.50598078417"," 0.5834007298"
"Feb-2023"," 0.46199234744"," 0.58626158021"," 0.5850474410"
"Feb-2023"," 0.45173420282"," 0.63520751504"," 0.5578693820"
"Feb-2023"," 0.46755136616"," 0.62224799661"," 0.5276345014"
"Feb-2023"," 0.47525448558"," 0.60871374962"," 0.5020621715"
"Feb-2023"," 0.47944972360"," 0.60966855767"," 0.4780917159"
"Feb-2023"," 0.45027353330"," 0.64546267369"," 0.4718601172"
"Mar-2023"," 0.43900515494"," 0.66307685933"," 0.4345944863"
"Mar-2023"," 0.45700442610"," 0.66950391943"," 0.4141771013"
"Mar-2023"," 0.47326241337"," 0.74314920764"," 0.4003422195"
"Mar-2023"," 0.43986383711"," 0.78779413179"," 0.3708889618"
"Mar-2023"," 0.48913038740"," 0.70676333493"," 0.2848135981"
"Mar-2023"," 0.55443968578"," 0.61055713218"," 0.2404454371"
"Mar-2023"," 0.54798933398"," 0.55738693068"," 0.2211085605"
"Mar-2023"," 0.52163066017"," 0.49226515829"," 0.1969248354"
"Mar-2023"," 0.51435101201"," 0.45420230890"," 0.1675453455"
"Mar-2023"," 0.51112822072"," 0.50718825435"," 0.1707334317"
"Mar-2023"," 0.51157377721"," 0.54458201588"," 0.1263502980"
"Mar-2023"," 0.52651754712"," 0.53004821798"," 0.0672502737"
"Mar-2023"," 0.52583734435"," 0.53001791967"," 0.0551248342"
"Mar-2023"," 0.58916572320"," 0.50538650262"," 0.0201670254"
"Mar-2023"," 0.65924550255"," 0.44894020739"," 0.0000587107"
"Mar-2023"," 0.66742125302"," 0.47464862395"," 0.0289700303"
"Mar-2023"," 0.65300928934"," 0.58882854063"," 0.0850275971"
"Mar-2023"," 0.64411070648"," 0.69506160773"," 0.0985804730"
"Mar-2023"," 0.71044524335"," 0.61966359704"," 0.0566367913"
"Mar-2023"," 0.73605217589"," 0.45024890684"," 0.0272485774"
"Mar-2023"," 0.70685797256"," 0.37230231436"," 0.0774427356"
"Mar-2023"," 0.63650055044"," 0.46491399745"," 0.1638507445"
"Mar-2023"," 0.59104652551"," 0.57838748183"," 0.2126285435"
"Mar-2023"," 0.59275919400"," 0.65292921272"," 0.2330922667"
"Mar-2023"," 0.59161556846"," 0.72375423249"," 0.2317319030"
"Mar-2023"," 0.58825923863"," 0.73347241804"," 0.1976371132"
"Mar-2023"," 0.58710798232"," 0.69667722445"," 0.1703355397"
"Mar-2023"," 0.58748838373"," 0.63265464686"," 0.1307146528"
"Mar-2023"," 0.59000976749"," 0.52199232969"," 0.0948647722"
"Mar-2023"," 0.60568719229"," 0.43898116194"," 0.0726373967"
"Mar-2023"," 0.56423055557"," 0.41472295442"," 0.0716586539"
"Apr-2023"," 0.50610632777"," 0.45549609406"," 0.0950212348"
"Apr-2023"," 0.47003059723"," 0.45272368051"," 0.0689633679"
"Apr-2023"," 0.46831224236"," 0.38011980891"," 0.0323507325"
"Apr-2023"," 0.45484924611"," 0.32605662907"," 0.0224901854"
"Apr-2023"," 0.45286025556"," 0.29600398562"," 0.0132383651"
"Apr-2023"," 0.44827515104"," 0.29739113188"," 0.0160190238"
"Apr-2023"," 0.43522597752"," 0.31949487063","-0.0007499765"
"Apr-2023"," 0.43192453057"," 0.29956157187","-0.0389058533"
"Apr-2023"," 0.42750458827"," 0.23238908482","-0.0888816294"
"Apr-2023"," 0.45086018572"," 0.15250281280","-0.1538942408"
"Apr-2023"," 0.45261739151"," 0.12865310411","-0.1944578794"
"Apr-2023"," 0.45552016722"," 0.16979892481","-0.2017521734"
"Apr-2023"," 0.49418471114"," 0.32888118391","-0.2167214084"
"Apr-2023"," 0.50737729185"," 0.27715678762","-0.2912994144"
"Apr-2023"," 0.49578563281"," 0.21235385218","-0.3111905643"
"Apr-2023"," 0.45563892114"," 0.20117606276","-0.2992954769"
"Apr-2023"," 0.42688902695"," 0.13915751928","-0.3056157349"
"Apr-2023"," 0.41606833288"," 0.03723156949","-0.3915126031"
"Apr-2023"," 0.36870408314","-0.02695894064","-0.3632367907"
"Apr-2023"," 0.30086312880"," 0.06000275201","-0.3045689049"
"Apr-2023"," 0.25952531937"," 0.13271648437","-0.2733183976"
"Apr-2023"," 0.23511502424"," 0.17766867809","-0.2569352380"
"Apr-2023"," 0.25197301779"," 0.14883495477","-0.2788734256"
"Apr-2023"," 0.27739325317"," 0.11992983077","-0.2841021791"
"Apr-2023"," 0.30953649377"," 0.13688913822","-0.2946686741"
"Apr-2023"," 0.31029282085"," 0.11810012943","-0.3174547457"
"Apr-2023"," 0.28145344851"," 0.07306925403","-0.3242202484"
"Apr-2023"," 0.23194678565"," 0.07588641044","-0.2983124735"
"Apr-2023"," 0.18179422181"," 0.06020738309","-0.3000139223"
"Apr-2023"," 0.08327696976"," 0.04903669851","-0.2736981113"
"May-2023"," 0.00640029875","-0.11385903844","-0.3527039741"
"May-2023","-0.09835052509","-0.22150373707","-0.3151452599"
"May-2023","-0.20070407530","-0.17866021235","-0.2791185070"
"May-2023","-0.25657696802","-0.14937130965","-0.2562456830"
"May-2023","-0.29610624737","-0.07536132598","-0.2264125898"
"May-2023","-0.33067548706"," 0.00614825477","-0.2053502027"
"May-2023","-0.32677029182"," 0.07129239859","-0.2056745702"
"May-2023","-0.31739742702"," 0.14743629985","-0.1820731974"
"May-2023","-0.30924937479"," 0.19143626910","-0.1814405710"
"May-2023","-0.27347370242"," 0.17701573759","-0.1972262028"
"May-2023","-0.24049342463"," 0.18123289943","-0.1921561436"
"May-2023","-0.22386838980"," 0.23855121079","-0.1625697954"
"May-2023","-0.18995671737"," 0.31151901452","-0.1214951785"
"May-2023","-0.15146456289"," 0.37969140478","-0.0902429264"
"May-2023","-0.13575877950"," 0.38853845497","-0.0871982777"
"May-2023","-0.14973743996"," 0.39177156737","-0.0627990921"
"May-2023","-0.18188247820"," 0.42525925328","-0.0299566922"
"May-2023","-0.20651784447"," 0.45977984174","-0.0036024960"
"May-2023","-0.21416424669"," 0.50883874936"," 0.0162970126"
"May-2023","-0.20788114825"," 0.54561315690"," 0.0243423348"
"May-2023","-0.19827352709"," 0.55183206286"," 0.0207667848"
"May-2023","-0.19401911389"," 0.55567442981"," 0.0118633533"
"May-2023","-0.19521024833"," 0.57109392506"," 0.0115593551"
"May-2023","-0.18114680557"," 0.59201444402"," 0.0176523854"
"May-2023","-0.11965058285"," 0.60130410802"," 0.0172897949"
"May-2023","-0.03705171195"," 0.59896497216"," 0.0353819098"
"May-2023"," 0.02571430088"," 0.59331539274"," 0.0625217865"
"May-2023"," 0.07214477136"," 0.59804545343"," 0.1321861146"
"May-2023"," 0.10454643105"," 0.62577416890"," 0.1974511111"
"May-2023"," 0.10864679801"," 0.64920316548"," 0.2543026358"
"May-2023"," 0.10746751328"," 0.70768179674"," 0.3146671013"
"Jun-2023"," 0.12406906881"," 0.81822051321"," 0.3639767755"
"Jun-2023"," 0.18668033835"," 0.87330432361"," 0.3873699510"
"Jun-2023"," 0.28050000533"," 0.82734923207"," 0.4334542900"
"Jun-2023"," 0.31255494174"," 0.78419015859"," 0.4708332508"
"Jun-2023"," 0.30704218458"," 0.75439411136"," 0.4766724759"
"Jun-2023"," 0.29675553462"," 0.73848085922"," 0.4994205275"
"Jun-2023"," 0.28332445555"," 0.77062778583"," 0.5186705300"
"Jun-2023"," 0.26293961372"," 0.79034001256"," 0.5192441988"
"Jun-2023"," 0.25755540576"," 0.77948399598"," 0.5251527283"
"Jun-2023"," 0.27259221242"," 0.77409723685"," 0.5295643141"
"Jun-2023"," 0.29667445765"," 0.75716623132"," 0.5561947948"
"Jun-2023"," 0.31600328109"," 0.76319747561"," 0.5882485927"
"Jun-2023"," 0.34049402952"," 0.78344168443"," 0.6134569526"
"Jun-2023"," 0.35391656065"," 0.82235705569"," 0.6529738422"
"Jun-2023"," 0.33609037599"," 0.86674080364"," 0.6881519808"
"Jun-2023"," 0.31721125459"," 0.87881544676"," 0.7076186612"
"Jun-2023"," 0.31474515725"," 0.83849361114"," 0.6991166924"
"Jun-2023"," 0.29160964159"," 0.77509355829"," 0.6955178921"
"Jun-2023"," 0.24877025729"," 0.72193204701"," 0.6799509264"
"Jun-2023"," 0.18531578724"," 0.67366553435"," 0.6898806563"
"Jun-2023"," 0.10973488032"," 0.64736536110"," 0.6965634237"
"Jun-2023"," 0.06362603962"," 0.67466314758"," 0.6877616766"
"Jun-2023"," 0.04083827446"," 0.69340142431"," 0.6551674419"
"Jun-2023"," 0.03843116887"," 0.65643348332"," 0.6363781030"
"Jun-2023"," 0.04517937766"," 0.61972002473"," 0.6113988780"
"Jun-2023"," 0.03771490335"," 0.58801453756"," 0.5815878989"
"Jun-2023"," 0.01879850856"," 0.57508931026"," 0.5658581002"
"Jun-2023"," 0.00209067250"," 0.57076575199"," 0.5486737194"
"Jun-2023"," 0.01476406709"," 0.54791095552"," 0.5283437766"
"Jun-2023"," 0.04440613814"," 0.53004939234"," 0.5052409657"
"Jul-2023"," 0.08390217960"," 0.52976220421"," 0.4868530083"
"Jul-2023"," 0.12520216535"," 0.54671657937"," 0.4751491168"
"Jul-2023"," 0.15361744276"," 0.58016234087"," 0.4648798033"
"Jul-2023"," 0.16939546170"," 0.57215295697"," 0.4517732269"
"Jul-2023"," 0.18243986598"," 0.54554639491"," 0.4439183702"
"Jul-2023"," 0.20251907331"," 0.53217227101"," 0.4280410358"
"Jul-2023"," 0.23333067050"," 0.52841152162"," 0.4064617056"
"Jul-2023"," 0.25842491042"," 0.51686069884"," 0.3890121988"
"Jul-2023"," 0.25685157693"," 0.50213524646"," 0.3700792601"
"Jul-2023"," 0.24088759457"," 0.50341552656"," 0.3609402016"
"Jul-2023"," 0.22808128510"," 0.50996900581"," 0.3648629636"
"Jul-2023"," 0.23294861820"," 0.53574165951"," 0.3402329390"
"Jul-2023"," 0.24312810715"," 0.54535338993"," 0.3044634402"
"Jul-2023"," 0.24946517131"," 0.54112237071"," 0.2672230883"
"Jul-2023"," 0.25351091221"," 0.53097184695"," 0.2287156173"
"Jul-2023"," 0.24964273355"," 0.53769184951"," 0.1919773575"
"Jul-2023"," 0.22606510993"," 0.52177272560"," 0.1494470630"
"Jul-2023"," 0.20015298313"," 0.51780617078"," 0.1019229929"
"Jul-2023"," 0.17132601079"," 0.54703277403"," 0.0495752028"
"Jul-2023"," 0.15269573333"," 0.60657525205"," 0.0009360126"
"Jul-2023"," 0.15510874543"," 0.66450475565","-0.0656251558"
"Jul-2023"," 0.16178937785"," 0.69017535803","-0.1213347801"
"Jul-2023"," 0.16676596308"," 0.71132334925","-0.1563569836"
"Jul-2023"," 0.16871349798"," 0.71766397694","-0.1658655712"
"Jul-2023"," 0.17840538782"," 0.72178384361","-0.1620130469"
"Jul-2023"," 0.18583027749"," 0.73060053676","-0.1544960291"
"Jul-2023"," 0.18965061706"," 0.73124707703","-0.1386240102"
"Jul-2023"," 0.19736000985"," 0.73578489608","-0.1233948834"
"Jul-2023"," 0.20122026424"," 0.73614806487","-0.1203858203"
"Jul-2023"," 0.20489939781"," 0.71384286579","-0.1259853201"
"Jul-2023"," 0.19700312443"," 0.66753693617","-0.1284224591"
"Aug-2023"," 0.18144034467"," 0.62778589502","-0.1385826628"
"Aug-2023"," 0.13512862811"," 0.61756038879","-0.1998655340"
"Aug-2023"," 0.11684577098"," 0.58709096732","-0.2265452339"
"Aug-2023"," 0.07893355532"," 0.56665903809","-0.2625825773"
"Aug-2023"," 0.04178504071"," 0.53519306031","-0.3247095589"
"Aug-2023"," 0.00645404435"," 0.49462343611","-0.3817478162"
"Aug-2023","-0.02821256108"," 0.49922149948","-0.4250015470"
"Aug-2023","-0.05421966901"," 0.51881200448","-0.4569640075"
"Aug-2023","-0.06282321973"," 0.54223066675","-0.4677853627"
"Aug-2023","-0.06010640745"," 0.56060254521","-0.4670699606"
"Aug-2023","-0.06259506693"," 0.55788644191","-0.4532896540"
"Aug-2023","-0.05435438151"," 0.54558197782","-0.4357081522"
"Aug-2023","-0.03523991678"," 0.52395120991","-0.4215697997"
"Aug-2023","-0.01897451885"," 0.50836983004","-0.4267733146"
"Aug-2023","-0.02424011965"," 0.48584443970","-0.4384387397"
"Aug-2023","-0.06644321481"," 0.43022447825","-0.4410236579"
"Aug-2023","-0.09661107552"," 0.36948022566","-0.4448233924"
"Aug-2023","-0.11933225485"," 0.30664644604","-0.4552093631"
"Aug-2023","-0.13634686269"," 0.25748906888","-0.4673836971"
"Aug-2023","-0.14869176715"," 0.23230100832","-0.4729806406"
"Aug-2023","-0.10902498712"," 0.33601414785","-0.4564540030"
"Aug-2023"," 0.09575530270"," 0.44543899011","-0.4545342533"
"Aug-2023"," 0.28542640356"," 0.38119786535","-0.4399742310"
"Aug-2023"," 0.31268701282"," 0.34130173283","-0.4434653821"
"Aug-2023"," 0.32208856640"," 0.33490326824","-0.4580802637"
"Aug-2023"," 0.35126897563"," 0.27055903525","-0.4687555439"
"Aug-2023"," 0.34505360030"," 0.18781127497","-0.4957207798"
"Aug-2023"," 0.28430211176"," 0.13944881765","-0.5211458987"
"Aug-2023"," 0.25660731880"," 0.10640198401","-0.5085909176"
"Aug-2023"," 0.27779533625"," 0.33817155252","-0.3245968378"
"Aug-2023"," 0.37711392961"," 0.51449279133","-0.5949719432"
"Sep-2023"," 0.45369384423"," 0.22481626681","-0.7295847720"
"Sep-2023"," 0.40674950717","-0.03175411923","-0.7603748998"
"Sep-2023"," 0.32668823543","-0.19120847221","-0.7472161422"
"Sep-2023"," 0.24613444860","-0.23055066221","-0.7012157151"
"Sep-2023"," 0.21964473093","-0.16296204303","-0.6341172749"
"Sep-2023"," 0.22313470935","-0.05576277666","-0.5968764767"
"Sep-2023"," 0.22215294427","-0.03935065918","-0.5936174630"
"Sep-2023"," 0.16214043013","-0.06302151385","-0.5893386027"
"Sep-2023"," 0.06352599577","-0.06203047700","-0.5674098693"
"Sep-2023","-0.03524798779","-0.05537870437","-0.5576926785"
"Sep-2023","-0.10181618042","-0.06841942934","-0.5532667288"
"Sep-2023","-0.15409494199","-0.09968318346","-0.5486726305"
"Sep-2023","-0.24907239546","-0.16424026801","-0.5331703841"
"Sep-2023","-0.36601015206","-0.22030161019","-0.5232885344"
"Sep-2023","-0.44897126459","-0.27264260075","-0.5108532942"
"Sep-2023","-0.53075698115","-0.29663563927","-0.4953540505"
"Sep-2023","-0.62548661791","-0.30557041366","-0.5002239870"
"Sep-2023","-0.70267501337","-0.31587818335","-0.5203593255"
"Sep-2023","-0.73577631963","-0.32366678881","-0.5584445994"
"Sep-2023","-0.75218666558","-0.25403373777","-0.5634472612"
"Sep-2023","-0.78401330244","-0.17393379215","-0.5893985340"
"Sep-2023","-0.77699508166","-0.22970007803","-0.6490503564"
"Sep-2023","-0.75104348028","-0.31910953422","-0.6827238823"
"Sep-2023","-0.76257794519","-0.36716853862","-0.6755436484"
"Sep-2023","-0.76866403760","-0.32728420836","-0.6570614322"
"Sep-2023","-0.74932604256","-0.25040985927","-0.6572008121"
"Sep-2023","-0.68187480798","-0.26660020010","-0.6959943060"
"Sep-2023","-0.59058800761","-0.33796782986","-0.7243925373"
"Sep-2023","-0.46553488637","-0.33833769247","-0.7310835823"
"Sep-2023","-0.32010752569","-0.31493917036","-0.6956915657"
"Oct-2023","-0.17627591389","-0.25419362599","-0.6760747933"
"Oct-2023","-0.01003260934","-0.22847657792","-0.6935075826"
"Oct-2023"," 0.13548558690","-0.25470065307","-0.6846784465"
"Oct-2023"," 0.17786209874","-0.27064784403","-0.5948317112"
"Oct-2023"," 0.15743238943","-0.18644447269","-0.4986003638"
"Oct-2023"," 0.10693691769","-0.11402697098","-0.4315559713"
"Oct-2023"," 0.09941800075","-0.14904436965","-0.3986185010"
"Oct-2023"," 0.15390289974","-0.27062347620","-0.3913307803"
"Oct-2023"," 0.10308836627","-0.36024208473","-0.3839914060"
"Oct-2023","-0.03726893220","-0.35870620661","-0.3358447725"
"Oct-2023","-0.10261480694","-0.27845946681","-0.2853921022"
"Oct-2023","-0.04785270542","-0.01809609539","-0.1645430247"
"Oct-2023","-0.01908384436","-0.00593290602","-0.1845479913"
"Oct-2023"," 0.02726595270","-0.17744123350","-0.2721151050"
"Oct-2023","-0.06133874074","-0.38695627628","-0.3120422219"
"Oct-2023","-0.19783468423","-0.65561721793","-0.3826067776"
"Oct-2023","-0.28929350719","-0.88451602079","-0.4559128764"
"Oct-2023","-0.45741779748","-0.90048258858","-0.4214915278"
"Oct-2023","-0.63995240056","-0.81030768883","-0.3718685634"
"Oct-2023","-0.76016889522","-0.69218764028","-0.3066315646"
"Oct-2023","-0.86588402142","-0.61316240419","-0.2721630663"
"Oct-2023","-0.91387990112","-0.54928644462","-0.2523150085"
"Oct-2023","-0.88795137550","-0.46485307617","-0.2200228244"
"Oct-2023","-0.80507255059","-0.35855612424","-0.1829210408"
"Oct-2023","-0.71303114740","-0.25593090571","-0.2817814942"
"Oct-2023","-0.51975127751","-0.04905281482","-0.2555482156"
"Oct-2023","-0.33765749835"," 0.11983511917","-0.2393386824"
"Oct-2023","-0.19448143606"," 0.23127339036","-0.2455272295"
"Oct-2023","-0.09160033524"," 0.34115810941","-0.2294596324"
"Oct-2023","-0.05480180900"," 0.46996248407","-0.2035652883"
"Oct-2023","-0.04709109550"," 0.53810950830","-0.2252262581"
"Nov-2023"," 0.03211475916"," 0.46496449465","-0.2902135093"
"Nov-2023"," 0.16029286570"," 0.36892322983","-0.3356433513"
"Nov-2023"," 0.15451886460"," 0.44329209591","-0.2437596412"
"Nov-2023"," 0.14474384335"," 0.58073272432","-0.1635419648"
"Nov-2023"," 0.21271855635"," 0.61740848618","-0.1256596135"
"Nov-2023"," 0.26523431214"," 0.61867097482","-0.0896636580"
"Nov-2023"," 0.25092609764"," 0.66761826015","-0.0219066631"
"Nov-2023"," 0.29099209921"," 0.80519476125"," 0.3392893353"
"Nov-2023"," 0.32495781072"," 0.86612197810"," 0.4156247042"
"Nov-2023"," 0.39389587223"," 0.93108092639"," 0.4710706632"
"Nov-2023"," 0.43046041253"," 0.95829991376"," 0.4681902678"
"Nov-2023"," 0.45928290912"," 0.89355000038"," 0.4009647423"
"Nov-2023"," 0.55036199103"," 0.79213383741"," 0.2891075123"
"Nov-2023"," 0.66236733283"," 0.69531943703"," 0.1831696457"
"Nov-2023"," 0.64255204756"," 0.70730858722"," 0.0984072525"
"Nov-2023"," 0.62592103284"," 0.82284294442"," 0.0269285515"
"Nov-2023"," 0.68387136704"," 0.71591354446","-0.0957506424"
"Nov-2023"," 0.62087698129"," 0.47916037235","-0.2083062325"
"Nov-2023"," 0.48353857102"," 0.21970771200","-0.2978311971"
"Nov-2023"," 0.34067852549"," 0.11646854151","-0.2591493287"
"Nov-2023"," 0.16778991754"," 0.17386606301","-0.2027851668"
"Nov-2023"," 0.03834913805"," 0.22928802847","-0.1359074621"
"Nov-2023"," 0.04622776527"," 0.15609075608","-0.1902065298"
"Nov-2023"," 0.05361347384"," 0.02996566874","-0.2486618359"
"Nov-2023"," 0.03444599725","-0.04773360490","-0.2604352753"
"Nov-2023"," 0.04493005680","-0.08134718150","-0.2431851608"
"Nov-2023","-0.01627568291","-0.10537961959","-0.2436640027"
"Nov-2023","-0.04302473684","-0.29919837202","-0.2736761595"
"Nov-2023","-0.07780092458","-0.38377771260","-0.2708581705"
"Nov-2023","-0.12033276669","-0.35789695967","-0.2431152072"
"Dec-2023","-0.12113715297","-0.21085035517","-0.1622539488"
"Dec-2023","-0.15427907109","-0.04780177612","-0.1346171739"
"Dec-2023","-0.14390294297","-0.00133032138","-0.1392768030"
"Dec-2023","-0.09993776273","-0.02778774056","-0.1860317072"
"Dec-2023","-0.06334457034","-0.11421774469","-0.2332421219"
"Dec-2023","-0.04340895364","-0.20742406163","-0.2436175833"
"Dec-2023","-0.04776197992","-0.31691126206","-0.2375441108"
"Dec-2023","-0.10342374234","-0.20715871648","-0.1078450815"
"Dec-2023","-0.15877128562"," 0.00292465464","-0.0518463099"
"Dec-2023","-0.15793674311"," 0.14160757282","-0.0493541087"
"Dec-2023","-0.13060151368"," 0.08982633782","-0.1080789638"
"Dec-2023","-0.06553163083","-0.07838945498","-0.2103985129"
"Dec-2023","-0.00540685627","-0.09442125810","-0.1387463480"
"Dec-2023"," 0.08779167306"," 0.02394452390","-0.0428299544"
"Dec-2023"," 0.25520817240"," 0.18792207522"," 0.0558022974"
"Dec-2023"," 0.36523116390"," 0.42384081050"," 0.2528416833"
"Dec-2023"," 0.37402849226"," 0.63035808132"," 0.3974339887"
"Dec-2023"," 0.39764716798"," 0.52746481662"," 0.1539476327"
"Dec-2023"," 0.39896252261"," 0.24542411417"," 0.1122193303"
"Dec-2023"," 0.35527891058"," 0.25538521473"," 0.1759827979"
"Dec-2023"," 0.35349209886"," 0.37175060312"," 0.2789571687"
"Dec-2023"," 0.41205667367"," 0.48464378076"," 0.3578948631"
"Dec-2023"," 0.46723644999"," 0.58722578309"," 0.4250219503"
"Dec-2023"," 0.51406852663"," 0.67097591272"," 0.4681229515"
"Dec-2023"," 0.53781178941"," 0.79353730718"," 0.5618562142"
"Dec-2023"," 0.56718652657"," 0.84469143745"," 0.5593942829"
"Dec-2023"," 0.63480472102"," 0.70343210531"," 0.4593764289"
"Dec-2023"," 0.63017269457"," 0.55813399561"," 0.4275744074"
"Dec-2023"," 0.55156713968"," 0.43935366685"," 0.4192772276"
"Dec-2023"," 0.46653269454"," 0.27541886200"," 0.3781580579"
"Dec-2023"," 0.39336736777"," 0.18329471173"," 0.3663158415"
"Jan-2024"," 0.31569156366"," 0.13449608394"," 0.3344701403"
"Jan-2024"," 0.26578443192"," 0.07908474638"," 0.3233891368"
"Jan-2024"," 0.25826841321"," 0.07048906654"," 0.3051281430"
"Jan-2024"," 0.19477215734"," 0.13767353199"," 0.3224116924"
"Jan-2024"," 0.20010089545"," 0.09509899292"," 0.2310429778"
"Jan-2024"," 0.15699322341"," 0.10299141121"," 0.2607244371"
"Jan-2024"," 0.11605041658"," 0.04749798635"," 0.2077185792"
"Jan-2024"," 0.15315707199","-0.10431250023"," 0.1592220150"
"Jan-2024"," 0.11350669079"," 0.04806637340"," 0.2556693506"
"Jan-2024","-0.04908466482"," 0.08616680210"," 0.2102996427"
"Jan-2024","-0.02115841728","-0.09251811655"," 0.0869437971"
"Jan-2024"," 0.02739436217","-0.14478594489"," 0.0500965086"
"Jan-2024","-0.05641017099","-0.22632271192"," 0.0164531716"
"Jan-2024","-0.04495502210","-0.40858365416","-0.0973378070"
"Jan-2024","-0.05105105653","-0.39799356991","-0.0846952215"
"Jan-2024","-0.14083903351","-0.32241341701","-0.1153060016"
"Jan-2024","-0.18666183026","-0.42207926492","-0.2160944417"
"Jan-2024","-0.17449393774","-0.51178753534","-0.2714415160"
"Jan-2024","-0.19781281210","-0.45110352708","-0.2953649031"
"Jan-2024","-0.20939676698","-0.48683440417","-0.3757820529"
"Jan-2024","-0.19592111392","-0.59096972376","-0.4536103892"
"Jan-2024","-0.19001922399","-0.58357763874","-0.4448112796"
"Jan-2024","-0.20443056400","-0.46268687945","-0.3920746866"
"Jan-2024","-0.18046582535","-0.34918661981","-0.3754266444"
"Jan-2024","-0.16740300449","-0.31643472504","-0.4233760361"
"Jan-2024","-0.16993238589","-0.33568460883","-0.5062223721"
"Jan-2024","-0.16583902604","-0.43522421375","-0.5824692440"
"Jan-2024","-0.20073591208","-0.52492913726","-0.6365326034"
"Jan-2024","-0.20838935810","-0.69981578594","-0.7587420852"
"Jan-2024","-0.20807528572","-0.89427978686","-0.8050207850"
"Jan-2024","-0.27889660753","-0.88930281835","-0.7839671624"
"Feb-2024","-0.35161912930","-0.88149548196","-0.8163018301"
"Feb-2024","-0.36768873185","-0.85553939426","-0.8073550630"
"Feb-2024","-0.37390894978","-0.77039196021","-0.8291127263"
"Feb-2024","-0.39339669876","-0.68365586086","-0.8306831945"
"Feb-2024","-0.46379840138","-0.61026669913","-0.8602290881"
"Feb-2024","-0.46098370975","-0.69920253858","-0.9784501147"
"Feb-2024","-0.38409423519","-0.89840740425","-1.0837378260"
"Feb-2024","-0.37544196490","-0.87850035229","-0.9667079597"
"Feb-2024","-0.39518927025","-0.69861782802","-0.8373390598"
"Feb-2024","-0.36141678607","-0.55393202619","-0.7239996152"
"Feb-2024","-0.30880491188","-0.39475787394","-0.6253667547"
"Feb-2024","-0.28091336969","-0.28409138781","-0.5650769904"
"Feb-2024","-0.29643473048","-0.27369636366","-0.4957560602"
"Feb-2024","-0.25621692054","-0.33989660351","-0.4455347158"
"Feb-2024","-0.22791416035","-0.34275351179","-0.3531137745"
"Feb-2024","-0.22869224247","-0.28698605155","-0.2893710414"
"Feb-2024","-0.23916074699","-0.22404534705","-0.2700806654"
"Feb-2024","-0.23490670064","-0.20015588649","-0.3164665275"
"Feb-2024","-0.22868626259","-0.25593638205","-0.3879637719"
"Feb-2024","-0.25686604992","-0.35279558402","-0.4288379008"
"Feb-2024","-0.28940344934","-0.39971857765","-0.4345721954"
"Feb-2024","-0.29752585777","-0.42057098411","-0.4347934178"
"Feb-2024","-0.30609488658","-0.36698564868","-0.4174922176"
"Feb-2024","-0.31874648944","-0.34327609906","-0.4512649527"
"Feb-2024","-0.29827679195","-0.43338253401","-0.5147021862"
"Feb-2024","-0.29737511330","-0.48258371454","-0.4956904888"
"Feb-2024","-0.30308663744","-0.45973114934","-0.4672664103"
"Feb-2024","-0.29890332250","-0.42062165746","-0.4297615816"
"Feb-2024","-0.27675287370","-0.42353528701","-0.4329705645"
"Mar-2024","-0.23290497992","-0.46507169766","-0.4445437189"
"Mar-2024","-0.25918807972","-0.45433910562","-0.4045740780"
"Mar-2024","-0.27416901297","-0.44336917675","-0.3820104054"
"Mar-2024","-0.26156825748","-0.44456355290","-0.3705300898"
"Mar-2024","-0.23908818126","-0.45134567876","-0.3613280567"
"Mar-2024","-0.23373104787","-0.45209573828","-0.3470113304"
"Mar-2024","-0.23059098444","-0.48565265233","-0.3649271004"
"Mar-2024","-0.21423992374","-0.51705956014","-0.4026741296"
"Mar-2024","-0.23668180940","-0.49946733491","-0.4217298524"
"Mar-2024","-0.27145289773","-0.52654222912","-0.4670020958"
"Mar-2024","-0.25460719413","-0.65433748189","-0.5544813210"
"Mar-2024","-0.26657551256","-0.72524435408","-0.5635310304"
"Mar-2024","-0.30534985891","-0.67693944008","-0.5725975383"
"Mar-2024","-0.31671666692","-0.65600435913","-0.6155562382"
"Mar-2024","-0.31374792905","-0.63228013010","-0.6365542306"
"Mar-2024","-0.33308361284","-0.60542965483","-0.6362936491"
"Mar-2024","-0.34128607102","-0.58619080997","-0.6426212109"
"Mar-2024","-0.36137874226","-0.55224923646","-0.6306786897"
"Mar-2024","-0.34607203366","-0.56042737494","-0.6486745169"
"Mar-2024","-0.32189829252","-0.56536206672","-0.6499616808"
"Mar-2024","-0.33630787158","-0.46439315625","-0.6178549713"
"Mar-2024","-0.32830436382","-0.36556468104","-0.5942909287"
"Mar-2024","-0.33750693029","-0.25154459386","-0.5727332257"
"Mar-2024","-0.31309370025","-0.32035095881","-0.6389771680"
"Mar-2024","-0.25540050111","-0.35270374958","-0.6444972598"
"Mar-2024","-0.26635198225","-0.16101316042","-0.5820416095"
"Mar-2024","-0.26012897614","-0.06152628396","-0.5557451941"
"Mar-2024","-0.20362947950","-0.02723633851","-0.5703809724"
"Mar-2024","-0.16798719893","-0.08037618298","-0.6469926666"
"Mar-2024","-0.15473933180","-0.13369188687","-0.5892325961"
"Mar-2024","-0.15868811050","-0.02633220381","-0.4881130933"
"Apr-2024","-0.12817194899"," 0.11470441220","-0.4206644790"
"Apr-2024","-0.06770155173"," 0.22284568617","-0.3890232211"
"Apr-2024","-0.02602905216"," 0.25394174263","-0.3823093722"
"Apr-2024","-0.00717062190"," 0.16348182731","-0.4089577472"
"Apr-2024"," 0.00038347731","-0.00776890575","-0.4302071508"
"Apr-2024","-0.01988723308","-0.12219432101","-0.4045251835"
"Apr-2024","-0.03197922141","-0.15155638593","-0.3883864560"
"Apr-2024","-0.04660616747","-0.13021744484","-0.3566029779"
"Apr-2024","-0.06659068716","-0.02205350585","-0.2848105404"
"Apr-2024","-0.07649568837"," 0.13481286578","-0.2331036136"
"Apr-2024","-0.10133378376"," 0.24380278625","-0.2103543042"
"Apr-2024","-0.13335313435"," 0.16597227860","-0.2937823025"
"Apr-2024","-0.12526466085","-0.04352796732","-0.3426497754"
"Apr-2024","-0.13520014847","-0.10848010436","-0.2940339572"
"Apr-2024","-0.15658297078","-0.02650183916","-0.2216325494"
"Apr-2024","-0.15653267371"," 0.06599240858","-0.1843141286"
"Apr-2024","-0.13984978440"," 0.12761854187","-0.1317669867"
"Apr-2024","-0.11763788586"," 0.16898138308","-0.1047940413"
"Apr-2024","-0.08998869411"," 0.14919611157","-0.1080183622"
"Apr-2024","-0.07655783516"," 0.10476914742","-0.1064258204"
"Apr-2024","-0.08169213528"," 0.08363665766","-0.1067978247"
"Apr-2024","-0.08798301125"," 0.04472116897","-0.1407898751"
"Apr-2024","-0.07708333133","-0.02257527108","-0.2153745356"
"Apr-2024","-0.11714335302","-0.02275864636","-0.2043787831"
"Apr-2024","-0.14645840139"," 0.02727109923","-0.2421324262"
"Apr-2024","-0.13438985568"," 0.04191505148","-0.2863275695"
"Apr-2024","-0.09924291505"," 0.08648927955","-0.2905437394"
"Apr-2024","-0.03781456219"," 0.20279941461","-0.2448438616"
"Apr-2024"," 0.03092212760"," 0.32865586861","-0.1904755706"
"Apr-2024"," 0.08940962425"," 0.40531008515","-0.1508187736"
"May-2024"," 0.12503748706"," 0.41426546944","-0.1579003257"
"May-2024"," 0.15006143582"," 0.34579878622","-0.1660532159"
"May-2024"," 0.16825378757"," 0.29520863917","-0.1448287262"
"May-2024"," 0.17604403722"," 0.29085677899","-0.1070940728"
"May-2024"," 0.18956551161"," 0.29677346510","-0.0800596542"
"May-2024"," 0.21622974655"," 0.30572479788","-0.0562615670"
"May-2024"," 0.23981687195"," 0.30571000102","-0.0489895494"
"May-2024"," 0.24998186977"," 0.27929456498","-0.0640288193"
"May-2024"," 0.25040772565"," 0.22749031266","-0.0785999595"
"May-2024"," 0.23102732111"," 0.19009766676","-0.1173734493"
"May-2024"," 0.21260035976"," 0.08037800308","-0.1864314041"
"May-2024"," 0.21326390690","-0.05259890799","-0.2597479715"
"May-2024"," 0.19449224001","-0.11865951722","-0.2779926131"
"May-2024"," 0.13369815854","-0.10294919335","-0.2692678394"
"May-2024"," 0.08233215491","-0.09065353691","-0.2910139790"
"May-2024"," 0.07907689616","-0.11922402891","-0.3348840650"
"May-2024"," 0.09281676476","-0.14885431615","-0.3746466852"
"May-2024"," 0.07109774817","-0.15140947432","-0.3643774122"
"May-2024"," 0.06149951874","-0.16160450608","-0.3577434176"
"May-2024"," 0.06497155751","-0.21168885910","-0.3642768640"
"May-2024"," 0.06263155137","-0.24561581191","-0.3783395415"
"May-2024"," 0.05267287794","-0.25727156317","-0.3767006210"
"May-2024"," 0.04713223911","-0.24301086116","-0.3580810537"
"May-2024"," 0.05023631316","-0.22154479632","-0.3470057309"
"May-2024"," 0.04738497180","-0.23075883195","-0.3273362498"
"May-2024"," 0.04744165231","-0.24936376085","-0.2986136509"
"May-2024"," 0.03723905092","-0.23400938349","-0.2355145404"
"May-2024"," 0.01658753556","-0.20710418336","-0.1748651476"
"May-2024"," 0.03151354926","-0.21274237156","-0.1543466058"
"May-2024"," 0.03942504750","-0.22425866835","-0.1456495863"
"May-2024"," 0.04653509437","-0.20297545033","-0.1198196370"
"Jun-2024"," 0.04421548588","-0.10727005060","-0.0725758279"
"Jun-2024"," 0.05507161902","-0.00494393988","-0.0111918404"
"Jun-2024"," 0.10304783481"," 0.02538555738","-0.0108113557"
"Jun-2024"," 0.15253861245"," 0.03072358084","-0.0302059724"
"Jun-2024"," 0.18464413942"," 0.02236729294","-0.0428522503"
"Jun-2024"," 0.18245638189","-0.01868369872","-0.0461459973"
"Jun-2024"," 0.15221804658","-0.07991624746","-0.0539559360"
"Jun-2024"," 0.14938831352","-0.15083075295","-0.0820826302"
"Jun-2024"," 0.14083799478","-0.20802922155","-0.1161719016"
"Jun-2024"," 0.11774598920","-0.26228581740","-0.1523227371"
"Jun-2024"," 0.08714632940","-0.29071045470","-0.1518510773"
"Jun-2024"," 0.06126186416","-0.23548331447","-0.1889085109"
"Jun-2024"," 0.06741322170","-0.23286462378","-0.2565587898"
"Jun-2024"," 0.09141383966","-0.24756858549","-0.2932873924"
"Jun-2024"," 0.11773439629","-0.25048773450","-0.3196848430"
"Jun-2024"," 0.15468227291","-0.20030039068","-0.2692377723"
"Jun-2024"," 0.19242074172","-0.12786498008","-0.1817215820"
"Jun-2024"," 0.29009684770"," 0.04303362311","-0.1009379868"
"Jun-2024"," 0.50614551588"," 0.29622410257","-0.0237157805"
"Jun-2024"," 0.78456156233"," 0.44873526712","-0.0328696088"
"Jun-2024"," 0.95093055453"," 0.41112841916","-0.0526593584"
"Jun-2024"," 0.98533155033"," 0.31531086867","-0.0605044767"
"Jun-2024"," 0.94631070797"," 0.24062980075","-0.0636741412"
"Jun-2024"," 0.83476251555"," 0.18635511985","-0.1084896162"
"Jun-2024"," 0.71977159681"," 0.11427412911","-0.1630925603"
"Jun-2024"," 0.60105876813"," 0.00320525079","-0.1912685548"
"Jun-2024"," 0.47067922003","-0.08726188681","-0.1893906394"
"Jun-2024"," 0.32872576912","-0.10615799663","-0.1733126142"
"Jun-2024"," 0.22167921964","-0.05999463351","-0.1649618330"
"Jun-2024"," 0.18444779374","-0.02398126571","-0.1558918355"
"Jul-2024"," 0.18623574274","-0.02060617398","-0.1613518742"
"Jul-2024"," 0.17308813958","-0.00359584088","-0.1896939478"
"Jul-2024"," 0.16968217304"," 0.00361527628","-0.2379685592"
"Jul-2024"," 0.16265155225","-0.06223712008","-0.2777470043"
"Jul-2024"," 0.15954193855","-0.12423546469","-0.2995695898"
"Jul-2024"," 0.15629548453","-0.19811127847","-0.3303506690"
"Jul-2024"," 0.17781345958","-0.25348280546","-0.3594750958"
"Jul-2024"," 0.23179934998","-0.28734869189","-0.3666005515"
"Jul-2024"," 0.11767815602","-0.28949423558","-0.3710891917"
"Jul-2024"," 0.02011291638","-0.34944785473","-0.3222824617"
"Jul-2024","-0.04680896996","-0.32662241709","-0.2364526663"
"Jul-2024","-0.07534490899","-0.28044466814","-0.1562603096"
"Jul-2024","-0.09414823625","-0.23360611053","-0.0848257557"
"Jul-2024","-0.11865208173","-0.18486463064"," 0.0073150057"
"Jul-2024","-0.12690402988","-0.12232578988"," 0.1143835332"
"Jul-2024","-0.11600471683","-0.09518571906"," 0.1807530999"
"Jul-2024","-0.09214453446","-0.10533929614"," 0.2203216027"
"Jul-2024","-0.08292314785","-0.12959080986"," 0.2289434341"
"Jul-2024","-0.08390212477","-0.17822530616"," 0.2229600818"
"Jul-2024","-0.08935229491","-0.20709238111"," 0.2020715645"
"Jul-2024","-0.09602878176","-0.24450499101"," 0.1725826401"
"Jul-2024","-0.09195050002","-0.29383634863"," 0.1543410418"
"Jul-2024","-0.06763859785","-0.31847539897"," 0.1324277680"
"Jul-2024","-0.05019853767","-0.32203844596"," 0.1321976188"
"Jul-2024","-0.04366347695","-0.29777841818"," 0.1291511036"
"Jul-2024","-0.02764097975","-0.25839952963"," 0.1076939084"
"Jul-2024","-0.00503451884","-0.23817035252"," 0.0919514904"
"Jul-2024","-0.00248297885","-0.22504947794"," 0.0947985321"
"Jul-2024","-0.00388252880","-0.21546816327"," 0.1141891723"
"Jul-2024","-0.00523401955","-0.22324132598"," 0.1474945081"
"Jul-2024","-0.01713336753","-0.20579777390"," 0.2081417097"
"Aug-2024","-0.01975266732","-0.13549316886"," 0.2744152727"
"Aug-2024","-0.01090603243","-0.08870522587"," 0.3236888340"
"Aug-2024","-0.01802290297","-0.04217082580"," 0.3754363371"
"Aug-2024","-0.03725619499"," 0.08231374854"," 0.4565671444"
"Aug-2024","-0.01339117001"," 0.41272712518"," 0.2582461535"
"Aug-2024"," 0.09034149582"," 0.21779032958","-0.1020943325"
"Aug-2024"," 0.06445787436","-0.16206285622","-0.2138664333"
"Aug-2024","-0.07978829390","-0.38541783018","-0.2381020961"
"Aug-2024","-0.21573346428","-0.48718618174","-0.2172518423"
"Aug-2024","-0.32260087401","-0.48230462945","-0.1834893325"
"Aug-2024","-0.37859736325","-0.45771173120","-0.1577545347"
"Aug-2024","-0.41415592543","-0.44886661869","-0.1288226835"
"Aug-2024","-0.45747153605","-0.43254404566","-0.1150737019"
"Aug-2024","-0.48195744187","-0.43210014007","-0.1263400988"
"Aug-2024","-0.49804193910","-0.45245233070","-0.1691599058"
"Aug-2024","-0.50774615558","-0.45625195118","-0.2355401035"
"Aug-2024","-0.49816230722","-0.44196787954","-0.2898646937"
"Aug-2024","-0.47415398512","-0.44742275116","-0.3401609420"
"Aug-2024","-0.47116235492","-0.48466320086","-0.4085244726"
"Aug-2024","-0.51701600493","-0.56300701838","-0.4855029772"
"Aug-2024","-0.57061419333","-0.62431531291","-0.5785706654"
"Aug-2024","-0.61838335100","-0.66344793955","-0.6487867106"
"Aug-2024","-0.66215167195","-0.64893974256","-0.6973305463"
"Aug-2024","-0.66466656222","-0.62345556878","-0.7220443206"
"Aug-2024","-0.61012058036","-0.63921433473","-0.7447265979"
"Aug-2024","-0.57947161403","-0.63590377372","-0.7874815638"
"Aug-2024","-0.59380793033","-0.61286066967","-0.8353098350"
"Aug-2024","-0.60933083196","-0.61103695753","-0.8780764869"
"Aug-2024","-0.60324206144","-0.58534192860","-0.8815452805"
"Aug-2024","-0.56716669777","-0.47840330996","-0.8660703014"
"Aug-2024","-0.52491723098","-0.39127215812","-0.8714489034"
"Sep-2024","-0.48083025185","-0.37658046841","-0.9078749685"
"Sep-2024","-0.45259510472","-0.36404606592","-0.9480011937"
"Sep-2024","-0.41893117563","-0.30385334841","-0.9887425162"
"Sep-2024","-0.36691376807","-0.20917010589","-1.0236292352"
"Sep-2024","-0.30669265499","-0.15122674492","-1.0246830850"
"Sep-2024","-0.25934036502","-0.10931859270","-0.9798180256"
"Sep-2024","-0.21624047050","-0.07123936108","-0.9467622751"
"Sep-2024","-0.11087584629","-0.05116602067","-0.9377202753"
"Sep-2024","-0.01856057903"," 0.01690836980","-0.9241145689"
"Sep-2024"," 0.02159743206"," 0.09302819682","-0.9445903838"
"Sep-2024"," 0.10520705031"," 0.10845485562","-0.9705005121"
"Sep-2024"," 0.04528401433"," 0.08334512443","-0.9602686505"
"Sep-2024","-0.20667287422","-0.00824751348","-0.9424758675"
"Sep-2024","-0.30039183700","-0.12279782123","-0.9208000467"
"Sep-2024","-0.33425148810","-0.20950978762","-0.9232356439"
"Sep-2024","-0.37081657869","-0.26885920194","-0.9183521549"
"Sep-2024","-0.40419391353","-0.23909180893","-0.8827842397"
"Sep-2024","-0.38934978390","-0.20715403466","-0.8149436169"
"Sep-2024","-0.33873482452","-0.17192648545","-0.7342034385"
"Sep-2024","-0.28025532550","-0.17314722582","-0.6893446279"
"Sep-2024","-0.21709555741","-0.18800708295","-0.6420194226"
"Sep-2024","-0.15788372422","-0.16568972931","-0.5770272211"
"Sep-2024","-0.11251877391","-0.14681534503","-0.5189052905"
"Sep-2024","-0.06134467691","-0.13313236618","-0.4518246633"
"Sep-2024","-0.04136382586","-0.06558602372","-0.3648888775"
"Sep-2024","-0.00023094673"," 0.11579755908","-0.1087751522"
"Sep-2024"," 0.13136813110"," 0.69259850328"," 0.1024416612"
"Sep-2024"," 0.28921901522"," 0.60769333834","-0.3497602584"
"Sep-2024"," 0.27057402652"," 0.36791186107","-0.4780701960"
"Sep-2024"," 0.16504288268"," 0.14182023262","-0.5048156702"
"Oct-2024"," 0.12469333183","-0.03695804713","-0.5087123011"
"Oct-2024"," 0.12340670265","-0.14860682117","-0.5416177566"
"Oct-2024"," 0.16740911960","-0.25871959965","-0.5789364615"
"Oct-2024"," 0.15300240208","-0.30661196331","-0.5889496976"
"Oct-2024"," 0.09714011173","-0.28630457426","-0.5929296317"
"Oct-2024"," 0.15572156229","-0.25264273174","-0.6264584622"
"Oct-2024"," 0.27286857819","-0.17449902404","-0.7096751388"
"Oct-2024"," 0.41031400272","-0.16014543067","-0.8940607401"
"Oct-2024"," 0.45915854921","-0.28896524809","-0.9584654768"
"Oct-2024"," 0.45745420854","-0.23619097984","-1.0407164356"
"Oct-2024"," 0.44118011593","-0.59104975595","-1.2367211237"
"Oct-2024"," 0.31324586397","-0.63659852120","-1.1493339663"
"Oct-2024"," 0.16059722321","-0.50849453092","-0.9758804531"
"Oct-2024"," 0.04752404999","-0.35228738258","-0.8210282885"
"Oct-2024","-0.05070198531","-0.26519357518","-0.6651992880"
"Oct-2024","-0.10663907925","-0.17845542071","-0.5149130616"
"Oct-2024"," 0.14763418939","-0.17800399925","-0.4729115179"
"Oct-2024"," 0.28280846818","-0.20332470304","-0.3078837306"
"Oct-2024"," 0.32533865940","-0.06255701395","-0.0994692842"
"Oct-2024"," 0.44859649435"," 0.07723590308"," 0.0325080277"
"Oct-2024"," 0.51794544368"," 0.09046663842"," 0.0490795022"
"Oct-2024"," 0.47446852290"," 0.07756049436"," 0.0673601756"
"Oct-2024"," 0.37219997511"," 0.07979417328"," 0.1018307839"
"Oct-2024"," 0.30217628928"," 0.09069722272"," 0.1535739859"
"Oct-2024"," 0.27477495093"," 0.13859228738"," 0.2118473476"
"Oct-2024"," 0.26824678725"," 0.22528370259"," 0.2701449739"
"Oct-2024"," 0.31259614760"," 0.28253660246"," 0.3019096246"
"Oct-2024"," 0.36317709868"," 0.31588089982"," 0.3421505592"
"Oct-2024"," 0.42707848261"," 0.40876062908"," 0.3651044142"
"Oct-2024"," 0.56207710686"," 0.47553577365"," 0.3828494794"
"Oct-2024"," 0.67357588268"," 0.57200391592"," 0.4131777262"
"Nov-2024"," 0.71273598666"," 0.63681166621"," 0.4530073380"
"Nov-2024"," 0.75803453457"," 0.61828994025"," 0.4407072172"
"Nov-2024"," 0.83145307096"," 0.61011368074"," 0.4382042226"
"Nov-2024"," 0.88869293610"," 0.63844771667"," 0.4522064820"
"Nov-2024"," 0.97447618760"," 0.65773453388"," 0.4968364418"
"Nov-2024"," 0.98306865903"," 0.67718640646"," 0.5590726550"
"Nov-2024"," 0.96752216804"," 0.68850734956"," 0.6147938842"
"Nov-2024"," 1.00309441425"," 0.80465078515"," 0.7519073947"
"Nov-2024"," 1.13277934182"," 0.87614747635"," 0.7119749218"
"Nov-2024"," 1.26165001446"," 0.86202793162"," 0.6668658361"
"Nov-2024"," 1.25685755832"," 0.85248648625"," 0.6090228275"
"Nov-2024"," 1.20269476604"," 0.72335564134"," 0.5046212637"
"Nov-2024"," 1.16975726461"," 0.66531621826"," 0.4429956033"
"Nov-2024"," 1.07014066752"," 0.68204881678"," 0.4106813050"
"Nov-2024"," 1.06411980355"," 0.60771735387"," 0.3480896833"
"Nov-2024"," 1.10717064833"," 0.51324531881"," 0.2263759232"
"Nov-2024"," 1.09712653224"," 0.50750273060"," 0.2212713740"
"Nov-2024"," 1.09518134528"," 0.57448573572"," 0.2556098250"
"Nov-2024"," 1.08500629538"," 0.68153169026"," 0.3227739989"
"Nov-2024"," 1.04253634326"," 0.75104360674"," 0.3604548074"
"Nov-2024"," 1.03598396654"," 0.49765507258"," 0.1734609158"
"Nov-2024"," 0.98428521716"," 0.12086935662"," 0.0342920494"
"Nov-2024"," 0.77875725826","-0.09336799612"," 0.0449917972"
"Nov-2024"," 0.59540605231","-0.06951135874"," 0.0600871436"
"Nov-2024"," 0.46829108132"," 0.00367822163"," 0.0339637053"
"Nov-2024"," 0.37404423775"," 0.08319557052","-0.0044120954"
"Nov-2024"," 0.28748536211"," 0.15042730369","-0.0398205050"
"Nov-2024"," 0.18803858643"," 0.19104942149","-0.0825466211"
"Nov-2024"," 0.13281790475"," 0.15112645500","-0.1568303265"
"Nov-2024"," 0.24348063392"," 0.02686060399","-0.3057543633"
"Dec-2024"," 0.27278654737","-0.04743762472","-0.3859060625"
"Dec-2024"," 0.20482019887","-0.08685591283","-0.4618136347"
"Dec-2024"," 0.17779397909","-0.18303310905","-0.4954327476"
"Dec-2024"," 0.19946952229","-0.22693678132","-0.5001587191"
"Dec-2024"," 0.09274313513","-0.15977075322","-0.4627257917"
"Dec-2024","-0.01284821111","-0.11833762695","-0.4772585061"
"Dec-2024"," 0.07663625919","-0.17081566455","-0.5633573635"
"Dec-2024"," 0.09108157082","-0.21208467492","-0.5734365767"
"Dec-2024","-0.01966359271","-0.15938063301","-0.5285616978"
"Dec-2024","-0.16159682941","-0.09065347819","-0.5153932019"
"Dec-2024","-0.28455567010","-0.08735524790","-0.5082920109"
"Dec-2024","-0.24736305842","-0.29175310438","-0.6933381146"
"Dec-2024","-0.14355074639","-0.45604491268","-0.7309046600"
"Dec-2024","-0.08764978856","-0.36477504580","-0.6288404986"
"Dec-2024","-0.06638572017","-0.26390701229","-0.5470064215"
"Dec-2024","-0.01076765128","-0.14568414910","-0.5076048905"
"Dec-2024"," 0.07037271460","-0.08306633307","-0.4799342343"
"Dec-2024"," 0.13193977878"," 0.00406423160","-0.4275521571"
"Dec-2024"," 0.17100420460"," 0.07709304298","-0.4244302510"
"Dec-2024"," 0.23588555598"," 0.03385340885","-0.4372048315"
"Dec-2024"," 0.28092473095","-0.08129740451","-0.4380580310"
"Dec-2024"," 0.30937937289","-0.13463688906","-0.4376114879"
"Dec-2024"," 0.29273335343","-0.10899012605","-0.4131911620"
"Dec-2024"," 0.27514981269","-0.06524786866","-0.3922483941"
"Dec-2024"," 0.29055605153","-0.00332990855","-0.3637628830"
"Dec-2024"," 0.28094435819"," 0.09513897965","-0.3193352370"
"Dec-2024"," 0.28422636134"," 0.15647346227","-0.3104604930"
"Dec-2024"," 0.30814847038"," 0.14496714748","-0.3177788488"
"Dec-2024"," 0.31588383715"," 0.17357797852","-0.3045793119"
"Dec-2024"," 0.31947261209"," 0.22229238956","-0.3532178123"
"Dec-2024"," 0.18418298774"," 0.17132194590","-0.3960124495"
"Jan-2025"," 0.27361178320"," 0.04447739778","-0.4992592896"
"Jan-2025"," 0.31343330652","-0.04680433006","-0.5206279878"
"Jan-2025"," 0.28982651720","-0.06360222264","-0.4891724886"
"Jan-2025"," 0.23654089704","-0.02923048347","-0.4785037005"
"Jan-2025"," 0.20790117215"," 0.00048606003","-0.4547086160"
"Jan-2025"," 0.08422221387"," 0.14181896541","-0.3876202793"
"Jan-2025","-0.00008492314"," 0.06226532900","-0.4715427820"
"Jan-2025"," 0.05073115116","-0.12556474946","-0.5494991368"
"Jan-2025"," 0.04005771635","-0.26317372144","-0.5427273448"
"Jan-2025"," 0.01259929394","-0.28578284318","-0.5017141606"
"Jan-2025","-0.23532627148","-0.19284140165","-0.4185127001"
"Jan-2025","-0.29156386382","-0.25987437551","-0.4546503077"
"Jan-2025","-0.26346423630","-0.24976454309","-0.3981922927"
"Jan-2025","-0.20201522899","-0.17511582860","-0.3582315786"
"Jan-2025","-0.08271075855","-0.21998417348","-0.3649579250"
"Jan-2025","-0.01898447886","-0.19523332469","-0.3160067836"
"Jan-2025"," 0.00641172692","-0.08827433103","-0.2732776649"
"Jan-2025"," 0.02343191110","-0.01767226226","-0.2732334772"
"Jan-2025"," 0.00938420681","-0.02668671653","-0.3031329128"
"Jan-2025"," 0.03953020242","-0.14364527083","-0.3608041210"
"Jan-2025"," 0.05943804751","-0.25261898522","-0.3802779429"
"Jan-2025"," 0.00544900208","-0.33175607848","-0.4127621750"
"Jan-2025","-0.05207485258","-0.43279979526","-0.4727081762"
"Jan-2025","-0.15295977232","-0.45941340344","-0.4775192770"
"Jan-2025","-0.26314854972","-0.42874258036","-0.5146681291"
"Jan-2025","-0.33415117578","-0.35576649744","-0.4947178595"
"Jan-2025","-0.37772722325","-0.22475862474","-0.4937380616"
"Jan-2025","-0.40837230082","-0.16606220964","-0.5151226252"
"Jan-2025","-0.40804271009","-0.16095553380","-0.5347992883"
"Jan-2025","-0.39823955036","-0.15096877362","-0.5284558206"
"Jan-2025","-0.39696777918","-0.09875690322","-0.4744114103"
"Feb-2025","-0.38729214142","-0.09560388173","-0.4573656791"
"Feb-2025","-0.32958463458","-0.18161100120","-0.4734452056"
"Feb-2025","-0.29176982134","-0.23070819274","-0.4600870557"
"Feb-2025","-0.26961841869","-0.21972775341","-0.4496451708"
"Feb-2025","-0.23091377652","-0.18408659692","-0.4580693546"
"Feb-2025","-0.19074442933","-0.13581315558","-0.4887612875"
"Feb-2025","-0.14152197610","-0.09304596384","-0.5348857160"
"Feb-2025","-0.07435528134","-0.07855086088","-0.5644558337"
"Feb-2025","-0.01062694722","-0.06433249431","-0.5770806873"
"Feb-2025"," 0.05617453431","-0.06562592716","-0.6070512533"
"Feb-2025"," 0.13795221654","-0.08424970443","-0.6373245597"
"Feb-2025"," 0.21268750165","-0.08827274565","-0.6610128066"
"Feb-2025"," 0.24918663007","-0.03395432009","-0.7004056137"
"Feb-2025"," 0.29953638338","-0.04313629588","-0.7729162126"
"Feb-2025"," 0.35698558119","-0.11404851138","-0.8306557108"
"Feb-2025"," 0.31848722671","-0.15475441930","-0.8566849308"
"Feb-2025"," 0.24017138443","-0.22026466780","-0.9395952963"
"Feb-2025"," 0.19454174164","-0.30415301883","-0.9847693448"
"Feb-2025"," 0.11330833903","-0.30625969142","-0.9926282997"
"Feb-2025"," 0.04773031267","-0.31541354144","-0.9957554401"
"Feb-2025"," 0.04014807498","-0.41970551978","-1.0226556321"
"Feb-2025"," 0.03177748297","-0.43091407726","-0.9683492607"
"Feb-2025","-0.03528902120","-0.33382000461","-0.9144566467"
"Feb-2025","-0.11002526015","-0.23247524233","-0.8759503929"
"Feb-2025","-0.10575892386","-0.12629825060","-0.8823560642"
"Feb-2025","-0.06561518378","-0.18355244227","-0.9419154131"
"Feb-2025","-0.06395505024","-0.20949267620","-0.8866305829"
"Feb-2025","-0.10035762003","-0.15421321852","-0.8435795312"
"Mar-2025","-0.10154005979","-0.12897618742","-0.7996456185"
"Mar-2025","-0.09406619377","-0.08941087027","-0.7542474667"
"Mar-2025","-0.05734577290","-0.06757341615","-0.7088574707"
"Mar-2025","-0.05354949962"," 0.01548026319","-0.6239490025"
"Mar-2025","-0.08873074204"," 0.15676372829","-0.5394197612"
"Mar-2025","-0.09274577641"," 0.11388062786","-0.5348319929"
"Mar-2025","-0.07364653654"," 0.05881149688","-0.4713758914"
"Mar-2025","-0.08777883970"," 0.04943880610","-0.4203990554"
"Mar-2025","-0.11820977868","-0.02518231109","-0.3938650653"
"Mar-2025","-0.12979696196","-0.15343174504","-0.4373297932"
"Mar-2025","-0.16992276239","-0.22502684706","-0.4038756639"
"Mar-2025","-0.24403089327","-0.16160765226","-0.3719571070"
"Mar-2025","-0.29685143978","-0.09966309304","-0.3767848847"
"Mar-2025","-0.28831715300","-0.06106403388","-0.3820164379"
"Mar-2025","-0.30294787776"," 0.02270042287","-0.3615069039"
"Mar-2025","-0.30177695753","-0.05138959298","-0.4392298228"
"Mar-2025","-0.25500500992","-0.31318414892","-0.5439564845"
"Mar-2025","-0.28142414294","-0.40630573626","-0.4555925319"
"Mar-2025","-0.38385686243","-0.31478590826","-0.4011026335"
"Mar-2025","-0.42861784433","-0.35329266324","-0.4466153325"
"Mar-2025","-0.42243801814","-0.39422563239","-0.4653151193"
"Mar-2025","-0.46663083757","-0.30793079634","-0.4544988361"
"Mar-2025","-0.50478463326","-0.24036296321","-0.4537369740"
"Mar-2025","-0.50714701811","-0.22634282750","-0.4825331379"
"Mar-2025","-0.48372652239","-0.27189311941","-0.5173783878"
"Mar-2025","-0.48182257095","-0.32523876932","-0.5255591134"
"Mar-2025","-0.50388904456","-0.34191112351","-0.5183554671"
"Mar-2025","-0.51420838211","-0.31643405456","-0.4882950649"
"Mar-2025","-0.50692308425","-0.20446626742","-0.4320511309"
"Mar-2025","-0.50582553684","-0.09394939392","-0.3986127451"
"Mar-2025","-0.48453894300","-0.08354632545","-0.4410462244"
"Apr-2025","-0.47522140131","-0.12971509059","-0.4808760391"
"Apr-2025","-0.47095337745","-0.14149579306","-0.4837126121"
"Apr-2025","-0.45536667815","-0.09270575365","-0.4572881782"
"Apr-2025","-0.42923289204","-0.04077766576","-0.4550158603"
"Apr-2025","-0.38380671210","-0.01133956146","-0.4503873939"
"Apr-2025","-0.36686764158"," 0.03975690806","-0.4395511877"
"Apr-2025","-0.38442649236"," 0.04336158588","-0.4642498676"
"Apr-2025","-0.35492654447","-0.07004748522","-0.5204959116"
"Apr-2025","-0.31559353742","-0.26917619406","-0.6092738245"
"Apr-2025","-0.34801023854","-0.42591873013","-0.6229537451"
"Apr-2025","-0.43390784159","-0.44981881858","-0.5727826749"
"Apr-2025","-0.50375675335","-0.44850595018","-0.5704065627"
"Apr-2025","-0.53076037430","-0.46966310136","-0.6000193262"
"Apr-2025","-0.57088368005","-0.44273500133","-0.5897610088"
"Apr-2025","-0.61761087023","-0.37282245417","-0.6044714883"
"Apr-2025","-0.63699853868","-0.34463039756","-0.6744628620"
"Apr-2025","-0.63259594905","-0.36485892878","-0.7385123119"
"Apr-2025","-0.62214428361","-0.35944692105","-0.7452114722"
"Apr-2025","-0.59991301464","-0.32881303138","-0.7432942788"
"Apr-2025","-0.54588251356","-0.30605453188","-0.7060788408"
"Apr-2025","-0.48856674423","-0.26948440312","-0.6542609782"
"Apr-2025","-0.44891056658","-0.27474339259","-0.6143512280"
"Apr-2025","-0.41332621385","-0.30098643355","-0.5822559205"
"Apr-2025","-0.38885512934","-0.31720554604","-0.5375847350"
"Apr-2025","-0.37586923988","-0.29775825344","-0.4984682125"
"Apr-2025","-0.36587564098","-0.27353263422","-0.4695131921"
"Apr-2025","-0.34216668000","-0.27136348602","-0.4697951574"
"Apr-2025","-0.32328121186","-0.27629124912","-0.4840968298"
"Apr-2025","-0.30983340379","-0.27393819717","-0.4824815247"
"Apr-2025","-0.28810147358","-0.26225197144","-0.4795958949"
"May-2025","-0.25207640698","-0.26178358058","-0.4572298699"
"May-2025","-0.22290979183","-0.25243872197","-0.4352345913"
"May-2025","-0.19366066895","-0.26470290574","-0.4293813268"
"May-2025","-0.17085452389","-0.30346155953","-0.4343346884"
"May-2025","-0.14935727667","-0.36053584026","-0.4657363427"
"May-2025","-0.13960213945","-0.39295427738","-0.4793920798"
"May-2025","-0.15640635072","-0.37258999091","-0.4663021397"
"May-2025","-0.18454794750","-0.34172393157","-0.4511861399"
"May-2025","-0.19496765908","-0.33876990427","-0.4535489025"
"May-2025","-0.21334685473","-0.31421781479","-0.4502575089"
"May-2025","-0.23752507161","-0.25755144573","-0.4553131229"
"May-2025","-0.24558280190","-0.19327685190","-0.4535784015"
"May-2025","-0.23980425168","-0.19046286624","-0.5000569806"
"May-2025","-0.20500821659","-0.24861966594","-0.5247436499"
"May-2025","-0.17927581652","-0.25717301034","-0.5154819290"
"May-2025","-0.15490466580","-0.25227736581","-0.4986482093"
"May-2025","-0.12407887096","-0.24144894654","-0.4871377454"
"May-2025","-0.10802665777","-0.22367962882","-0.4865409480"
"May-2025","-0.08501693981","-0.21552908764","-0.4874283940"
"May-2025","-0.06880407682","-0.19095433314","-0.4771549417"
"May-2025","-0.08268430764","-0.15839843795","-0.4785639564"
"May-2025","-0.11099400156","-0.17642088755","-0.5164946749"
"May-2025","-0.12810157278","-0.19681946514","-0.5458139088"
"May-2025","-0.14957559751","-0.20839389242","-0.5746184314"
"May-2025","-0.17181288305","-0.20880814559","-0.6028460391"
"May-2025","-0.19227920540","-0.18632943580","-0.6219385241"
"May-2025","-0.21416800670","-0.14560832001","-0.6453895209"
"May-2025","-0.22589239717","-0.11534347090","-0.6701529201"
"May-2025","-0.21022073214","-0.08685324596","-0.6804729542"
"May-2025","-0.19003564784","-0.05305570690","-0.6830578725"
"May-2025","-0.17149826037","-0.08164686751","-0.7029877728"
"Jun-2025","-0.14120181378","-0.11960637381","-0.7280955032"
"Jun-2025","-0.12356140911","-0.12891564950","-0.7157760274"
"Jun-2025","-0.09337480163","-0.07786257234","-0.6793165680"
"Jun-2025","-0.04560802858"," 0.04268738958","-0.6381173816"
"Jun-2025","-0.00243927366"," 0.13478905098","-0.6029964557"
"Jun-2025"," 0.05304514663"," 0.16342507190","-0.5321414137"
"Jun-2025"," 0.09480162141"," 0.18077778775","-0.4317025798"
"Jun-2025"," 0.10755231427"," 0.20159061850","-0.2925188623"
"Jun-2025"," 0.10167779240"," 0.25561985953","-0.0994447220"
"Jun-2025"," 0.09229817730"," 0.35484280005"," 0.1124614842"
"Jun-2025"," 0.10877874104"," 0.45191731972"," 0.3250002355"
"Jun-2025"," 0.15987506284"," 0.54510167625"," 0.5248480343"
"Jun-2025"," 0.21051830745"," 0.66855463982"," 0.7204588070"
"Jun-2025"," 0.26307515202"," 0.78556445465"," 0.8851299280"
"Jun-2025"," 0.34256719738"," 0.85456259152"," 1.0059183438"
"Jun-2025"," 0.41243610324"," 0.88803894492"," 1.0961375297"
"Jun-2025"," 0.45485249320"," 0.90312322099"," 1.1653335658"
"Jun-2025"," 0.47840091444"," 0.91630040582"," 1.1800016835"
"Jun-2025"," 0.49933865719"," 0.89216732565"," 1.1394432388"
"Jun-2025"," 0.51131746793"," 0.82240028088"," 1.0681854762"
"Jun-2025"," 0.49209360432"," 0.73840171678"," 0.9835282976"
"Jun-2025"," 0.47767478028"," 0.67886804641"," 0.9129428045"
"Jun-2025"," 0.47367511752"," 0.64559890767"," 0.8614991778"
"Jun-2025"," 0.47948107249"," 0.63370071115"," 0.8392980147"
"Jun-2025"," 0.49468447215"," 0.60535610603"," 0.8383970567"
"Jun-2025"," 0.49685920600"," 0.58247289020"," 0.8503635180"
"Jun-2025"," 0.48406023381"," 0.60679187052"," 0.8641711730"
"Jun-2025"," 0.48439231922"," 0.63579646226"," 0.8827292671"
"Jun-2025"," 0.50166982190"," 0.66343187535"," 0.9273016491"
"Jun-2025"," 0.50721145126"," 0.69512268309"," 0.9708726871"
"Jul-2025"," 0.51549084085"," 0.73117286688"," 1.0053305138"
"Jul-2025"," 0.52500758976"," 0.76017381812"," 0.9973102678"
"Jul-2025"," 0.53234421192"," 0.72568828411"," 0.9461619966"
"Jul-2025"," 0.53745881144"," 0.63798586805"," 0.8824243762"
"Jul-2025"," 0.53273448197"," 0.54215945120"," 0.8210595813"
"Jul-2025"," 0.52255587350"," 0.45173917030"," 0.7517687182"
"Jul-2025"," 0.50014964703"," 0.38360858702"," 0.6977502768"
"Jul-2025"," 0.45820889640"," 0.34560257634"," 0.6654376421"
"Jul-2025"," 0.41186203425"," 0.30413128358"," 0.6372761740"
"Jul-2025"," 0.37292351620"," 0.24305304488"," 0.6024506847"
"Jul-2025"," 0.34865596790"," 0.18879815185"," 0.5781335040"
"Jul-2025"," 0.34162017433"," 0.18289937463"," 0.5667115777"
"Jul-2025"," 0.35002000541"," 0.19258861237"," 0.5366128309"
"Jul-2025"," 0.37458342962"," 0.17351106495"," 0.4906983041"
"Jul-2025"," 0.39905770586"," 0.11514323394"," 0.4348531952"
"Jul-2025"," 0.41761684836"," 0.07945122794"," 0.3821364035"
"Jul-2025"," 0.42938056667"," 0.13695285587"," 0.3276754362"
"Jul-2025"," 0.45538844500"," 0.18078313105"," 0.2814863695"
"Jul-2025"," 0.49589791193"," 0.15888784004"," 0.2721947844"
"Jul-2025"," 0.53830989952"," 0.14867178735"," 0.2666586649"
"Jul-2025"," 0.56574950180"," 0.13736593469"," 0.2565171263"
"Jul-2025"," 0.57083328473"," 0.11958205499"," 0.2445439294"
"Jul-2025"," 0.55814283096"," 0.09706241897"," 0.2160186535"
"Jul-2025"," 0.54512671190"," 0.09427462139"," 0.2021515540"
"Jul-2025"," 0.55050383939"," 0.14555382031"," 0.1911596968"
"Jul-2025"," 0.55118782086"," 0.14333928335"," 0.1828361018"
"Jul-2025"," 0.57700812157"," 0.11367077090"," 0.1449035980"
"Jul-2025"," 0.60769931396"," 0.00436001708"," 0.0623119194"
"Jul-2025"," 0.58147608639","-0.09868127486","-0.0171814280"
"Jul-2025"," 0.53000277501","-0.12936695352","-0.0919386598"
"Jul-2025"," 0.47268528142","-0.15072908809","-0.1486114862"
"Aug-2025"," 0.41470974366","-0.20373194423","-0.2039689887"
"Aug-2025"," 0.33164022278","-0.25588310055","-0.2512872149"
"Aug-2025"," 0.23249431236","-0.27817937454","-0.2928394157"
"Aug-2025"," 0.16151072655","-0.27862797755","-0.3272244078"
"Aug-2025"," 0.11182833577","-0.26317102043","-0.3523180988"
"Aug-2025"," 0.07376610937","-0.25785243251","-0.3807883532"
"Aug-2025"," 0.04677745648","-0.23442396439","-0.3831872287"
"Aug-2025"," 0.04294464353","-0.17667854069","-0.3727455872"
"Aug-2025"," 0.07472843066","-0.07912218382","-0.3678816560"
"Aug-2025"," 0.14293423137","-0.00056005400","-0.3798856099"
"Aug-2025"," 0.20141640849"," 0.02057865983","-0.3746187958"
"Aug-2025"," 0.23011710620"," 0.07205691165","-0.3067918879"
"Aug-2025"," 0.23636718687"," 0.11761530660","-0.2441501949"
"Aug-2025"," 0.24597642223"," 0.07759780466","-0.2066443112"
"Aug-2025"," 0.24058733497"," 0.04178184566","-0.1781618839"
"Aug-2025"," 0.22161059103"," 0.01008258257","-0.1257130586"
"Aug-2025"," 0.20101051003","-0.00961379039","-0.0647550825"
"Aug-2025"," 0.18375058014","-0.00099937961","-0.0218212559"
"Aug-2025"," 0.17538607807"," 0.02668981886"," 0.0044905380"
"Aug-2025"," 0.18012709985"," 0.04414047578"," 0.0337924865"
"Aug-2025"," 0.16054580052"," 0.02681430033"," 0.0539170723"
"Aug-2025"," 0.11064252086"," 0.02327415323"," 0.0758873152"
"Aug-2025"," 0.05310340465"," 0.04042540875"," 0.0897510468"
"Aug-2025"," 0.00949367906"," 0.03762428226"," 0.0949487999"
"Aug-2025","-0.03013373645"," 0.02930557367"," 0.1053602120"
"Aug-2025","-0.05641206702"," 0.01286668094"," 0.1293079854"
"Aug-2025","-0.06273276904"," 0.00436900089"," 0.1346800952"
"Aug-2025","-0.04057883502","-0.00238558639"," 0.1464904591"
"Aug-2025","-0.03370589244","-0.03679461127"," 0.1510447925"
"Aug-2025","-0.04387980505","-0.03516173156"," 0.1604895129"
"Aug-2025","-0.04012520753","-0.00582926035"," 0.1797673102"
"Sep-2025","-0.01997860727","-0.00122790879"," 0.1531036380"
"Sep-2025","-0.00364460575","-0.03610215378"," 0.1157188342"
"Sep-2025"," 0.00526490966","-0.07747797160"," 0.1315127841"
"Sep-2025","-0.00815219189","-0.04131058734"," 0.1429182769"
"Sep-2025","-0.04228596386"," 0.01751970405"," 0.1086126928"
"Sep-2025","-0.06352838727"," 0.07983060281"," 0.0769019682"
"Sep-2025","-0.08549558744"," 0.14431663898"," 0.0574712791"
"Sep-2025","-0.07204091900"," 0.17474395988"," 0.0250703502"
"Sep-2025","-0.02469677342"," 0.22748470034","-0.0263537998"
"Sep-2025"," 0.02372389826"," 0.27209762336","-0.1024771977"
"Sep-2025"," 0.09716514353"," 0.19032921512","-0.1705123436"
"Sep-2025"," 0.16259803844"," 0.09898371988","-0.2233957014"
"Sep-2025"," 0.15944487797"," 0.03782145620","-0.2476007696"
"Sep-2025"," 0.08636902936"," 0.03648028587","-0.2471657097"
"Sep-2025"," 0.04982914233"," 0.08291656872","-0.2199021562"
"Sep-2025"," 0.05583988085"," 0.14940364440","-0.1894380191"
"Sep-2025"," 0.08171051532"," 0.19023632376","-0.1578571389"
"Sep-2025"," 0.10539119108"," 0.24959988904","-0.1142738468"
"Sep-2025"," 0.14151010152"," 0.27031266488","-0.0787116528"
"Sep-2025"," 0.15100285752"," 0.22599638354","-0.0815651867"
"Sep-2025"," 0.12395103062"," 0.15354641095","-0.1123918332"
"Sep-2025"," 0.08258677028"," 0.10405434307","-0.1453422473"
"Sep-2025"," 0.03201913637"," 0.06049046996","-0.1918998287"
"Sep-2025","-0.03276947176","-0.00659658287","-0.2741795561"
"Sep-2025","-0.09184699598","-0.09793021714","-0.3715748370"
"Sep-2025","-0.16680302324","-0.22902546173","-0.4780779731"
"Sep-2025","-0.21103197879","-0.34795370030","-0.5835225527"
"Sep-2025","-0.24135997569","-0.48945189593","-0.7010392950"
"Sep-2025","-0.25756931679","-0.58286155217","-0.7822334420"
"Sep-2025","-0.30154355857","-0.66947499030","-0.8963269986"
"Oct-2025","-0.39616915266","-0.81806704390","-1.0094486698"
"Oct-2025","-0.48785517458","-0.85728563321","-1.0525411094"
"Oct-2025","-0.49851587920","-0.76896744494","-1.1138659366"
"Oct-2025","-0.34702575866","-0.62499570871","-1.1260552433"
"Oct-2025","-0.14890863853","-0.43073774809","-1.0820979181"
"Oct-2025","-0.07239586004","-0.28604660296","-1.0502416460"
"Oct-2025","-0.05744750432","-0.29574817141","-1.0588312192"
"Oct-2025","-0.01663328337","-0.36464167339","-1.0132582238"
"Oct-2025"," 0.03148784375","-0.41225131146","-0.9494992196"
"Oct-2025"," 0.06469682463","-0.43815108892","-0.9344317491"
"Oct-2025"," 0.08763408692","-0.47954240820","-0.9858838968"
"Oct-2025"," 0.09303671147","-0.55981985734","-1.0401425503"
"Oct-2025","-0.01596415989","-0.59878825065","-1.0016055397"
"Oct-2025","-0.13496273903","-0.56554160078","-0.9311267219"
"Oct-2025","-0.22784708592","-0.47156120878","-0.8040726233"
"Oct-2025","-0.27329476410","-0.32913685933","-0.6557341037"
"Oct-2025","-0.23957099947","-0.19087183482","-0.5324599383"
"Oct-2025","-0.18347776816","-0.02339793979","-0.4038063594"
"Oct-2025","-0.14030938011"," 0.15950672429","-0.2703821344"
"Oct-2025","-0.03347179644"," 0.24532947027","-0.2015820020"
"Oct-2025"," 0.10146761594"," 0.27005501174","-0.1872309481"
"Oct-2025"," 0.11789777255"," 0.23436893623","-0.1662822155"
"Oct-2025"," 0.12834448533"," 0.16500645621","-0.1760419709"
"Oct-2025"," 0.13703700061"," 0.10940029342","-0.1829819114"
"Oct-2025"," 0.13874321229"," 0.17462435199","-0.1240829837"
"Oct-2025"," 0.11716995081"," 0.32464306884","-0.0450400746"
"Oct-2025"," 0.10756188942"," 0.42366008649"," 0.0280590846"
"Oct-2025"," 0.16116183876"," 0.41740929684"," 0.0372746296"
"Oct-2025"," 0.16343415847"," 0.39255140574"," 0.0131448305"
"Oct-2025","-0.02216401687"," 0.26333583122"," 0.0185749240"
"Oct-2025","-0.12739499247"," 0.08831912291","-0.0338942301"
"Nov-2025","-0.17763564039"," 0.09202068488"," 0.0420182924"
"Nov-2025","-0.19865339620"," 0.20478803055"," 0.1032146548"
"Nov-2025","-0.12585489688"," 0.26524820705"," 0.1150503789"
"Nov-2025","-0.05382497789"," 0.23993895321"," 0.0842632538"
"Nov-2025","-0.02576423796"," 0.26863146053"," 0.1554296384"
"Nov-2025","-0.03091666118"," 0.31177890791"," 0.1674049047"
"Nov-2025","-0.02946219166"," 0.28077738690"," 0.1077902502"
"Nov-2025","-0.09618776900"," 0.23859696084"," 0.0279490415"
"Nov-2025","-0.17651120185"," 0.14774739505","-0.0604793870"
"Nov-2025","-0.23871818712","-0.03705132493","-0.1721177481"
"Nov-2025","-0.26397315022","-0.45621058936","-0.4597207727"
"Nov-2025","-0.42144935601","-0.69497413709","-0.4450035981"
"Nov-2025","-0.67395320229","-0.57496737234","-0.3341428834"
"Nov-2025","-0.83266287864","-0.43888582313","-0.3147578021"
"Nov-2025","-0.89437760563","-0.29569614756","-0.3346821435"
"Nov-2025","-0.94720831428","-0.17580781635","-0.3444105739"
"Nov-2025","-0.99073600905","-0.10409445694","-0.3778601181"
"Nov-2025","-0.98031527025","-0.03390118060","-0.4246082056"
"Nov-2025","-0.91938647627"," 0.00918050299","-0.4374621940"
"Nov-2025","-0.81795276448"," 0.01694926188","-0.4230902432"
"Nov-2025","-0.69867845027"," 0.00677589693","-0.4266164523"
"Nov-2025","-0.64538226442"," 0.00409837114","-0.4085888944"
"Nov-2025","-0.61485476680"," 0.00453499574","-0.3842593378"
"Nov-2025","-0.56447276614","-0.02663586703","-0.3943425275"
"Nov-2025","-0.53992724489","-0.03917473206","-0.3671504697"
"Nov-2025","-0.53803639050","-0.03146721571","-0.3338254138"
"Nov-2025","-0.40056814702","-0.10770083757","-0.3827513572"
"Nov-2025","-0.25877875775","-0.26528103993","-0.5374249858"
"Nov-2025","-0.16820891994","-0.39723479559","-0.5859048731"
"Nov-2025","-0.23675403328","-0.27793446314","-0.4562048700"
"Dec-2025","-0.27288039107","-0.16626801508","-0.3903593878"
"Dec-2025","-0.19628400425","-0.09999120738","-0.3560850881"
"Dec-2025","-0.16201566652","-0.15280082367","-0.4108039995"
"Dec-2025","-0.14946568502","-0.25156095151","-0.4498434675"
"Dec-2025","-0.22235050747","-0.21917997626","-0.4035018743"
"Dec-2025","-0.23300200381","-0.22207088207","-0.3732340457"
"Dec-2025","-0.19010087628","-0.22491769091","-0.3824588827"
"Dec-2025","-0.16536689693","-0.20032244395","-0.4008916769"
"Dec-2025","-0.09571102907","-0.35009395941","-0.4835458026"
"Dec-2025","-0.06397097215","-0.46045176673","-0.4634802960"
"Dec-2025","-0.13873362532","-0.48812434811","-0.4379780820"
"Dec-2025","-0.17977856712","-0.53657000837","-0.4256172184"
"Dec-2025","-0.22284005096","-0.47716586919","-0.3916584812"
"Dec-2025","-0.23356990948","-0.42555908439","-0.3518390135"
"Dec-2025","-0.17054063495","-0.51068620213","-0.4568503590"
"Dec-2025","-0.09258296211","-0.61369925087","-0.4632952271"
"Dec-2025","-0.11965966239","-0.55947999946","-0.3844970342"
"Dec-2025","-0.14318860314","-0.47384057005","-0.3296415833"
"Dec-2025","-0.17449788821","-0.40040942518","-0.2887657095"
"Dec-2025","-0.09649043191","-0.49942168671","-0.3684689180"
"Dec-2025","-0.07634992159","-0.57115495140","-0.3571116705"
"Dec-2025","-0.10053217398","-0.59391121963","-0.3511050679"
"Dec-2025","-0.08689469715","-0.59543899471","-0.3128204829"
"Dec-2025","-0.05872602580","-0.53751236827","-0.2532615803"
"Dec-2025","-0.03519825901","-0.53583139879","-0.2742274768"
"Dec-2025","-0.03170725337","-0.53481288207","-0.2889601921"
"Dec-2025","-0.08629707549","-0.53049795531","-0.3064033284"
"Dec-2025","-0.13305493552","-0.57593950210","-0.3395724899"
"Dec-2025","-0.16407582870","-0.63461677523","-0.3635254977"
"Dec-2025","-0.16648572245","-0.78658638670","-0.4302012131"
"Dec-2025","-0.17117780456","-1.01253856068","-0.5592264717"
