"indicator","Cobia_SEDAR28U_RecDev"
"unit","log recruitment deviations"
"extent","Value"
"2000"," 0.00403645"
"2001"," 0.05271900"
"2002","-0.26179200"
"2003"," 0.02787450"
"2004"," 0.11012400"
"2005"," 0.03400720"
"2006","-0.07914610"
"2007"," 0.01172720"
"2008"," 0.21078300"
"2009","-0.15113800"
"2010"," 0.15453100"
"2011","-0.38175200"
"2012","-0.01259980"
"2013","-0.13279000"
"2014","-0.16608600"
