"indicator","Gag Grouper_SEDAR72_RecDev"
"unit","log recruitment deviations"
"extent","Value"
"2000"," 0.5032350"
"2001"," 0.2800760"
"2002"," 0.5959390"
"2003"," 0.2196790"
"2004"," 0.1825200"
"2005"," 0.4756280"
"2006"," 0.4498320"
"2007"," 0.5543170"
"2008"," 0.0561590"
"2009","-0.1530620"
"2010"," 0.3545460"
"2011","-1.1506300"
"2012","-0.3407220"
"2013","-0.0130048"
"2014"," 0.0138566"
"2015","-0.2082500"
"2016"," 0.0704171"
"2017"," 0.0227715"
"2018","-0.6685410"
"2019","-0.3407220"
