"indicator","Gray Triggerfish SEDAR43 Biomass"
"unit","Million pounds"
"extent","Area 1"
"2000","19.1924737334"
"2001","20.4272813954"
"2002","20.932646438"
"2003","20.3862093248"
"2004","18.9875543044"
"2005","17.0891560224"
"2006","15.9185468948"
"2007","15.3548916994"
"2008","15.035728862"
"2009","14.9718169282"
"2010","14.7967260078"
"2011","14.4526509644"
"2012","13.3923610216"
"2013","12.7464073616"
