"indicator","Gray Triggerfish_SEDAR43_RecDev"
"unit","log recruitment deviations"
"extent","Value"
"2000"," 0.324207"
"2001"," 0.234045"
"2002"," 0.107477"
"2003","-0.110691"
"2004","-0.227799"
"2005","-0.329523"
"2006","-0.347969"
"2007","-0.289010"
"2008","-0.303315"
"2009","-0.387766"
"2010","-0.537619"
"2011","-0.732120"
"2012","-0.772056"
"2013","-0.120254"
