"indicator","Greater Amberjack_SEDAR70_RecDev"
"unit","log recruitment deviations"
"extent","Value"
"2000"," 0.93620100"
"2001"," 0.24889300"
"2002","-0.15055500"
"2003"," 0.04326900"
"2004","-0.50417300"
"2005","-0.20502400"
"2006"," 0.42040100"
"2007"," 0.38433100"
"2008"," 0.45063400"
"2009"," 0.00889819"
"2010","-0.46748800"
"2011"," 0.05253660"
"2012"," 0.05722010"
"2013","-0.19357400"
"2014"," 0.18762800"
"2015","-0.59875500"
"2016","-0.66004700"
"2017","-0.48830200"
"2018","-0.19108600"
