"indicator","Hogfish_SEDAR37U_RecDev"
"unit","log recruitment deviations"
"extent","Value"
"2000","-0.6187920"
"2001","-1.6640200"
"2002"," 0.3864810"
"2003","-0.8670430"
"2004","-0.4971200"
"2005"," 0.6964760"
"2006"," 1.7999900"
"2007"," 0.9107700"
"2008"," 0.9925490"
"2009","-0.4435540"
"2010","-0.4955060"
"2011"," 0.6456110"
"2012"," 0.7121790"
"2013","-0.0787146"
"2014","-0.6687660"
"2015","-0.6807690"
"2016","-0.3979340"
