"indicator","King Mackerel_SEDAR38U_RecDev"
"unit","log recruitment deviations"
"extent","Value"
"2000"," 0.3448290"
"2001"," 0.7660220"
"2002"," 0.3965800"
"2003"," 0.6902760"
"2004"," 0.5561780"
"2005"," 0.0414793"
"2006","-0.1982810"
"2007"," 0.5118940"
"2008","-0.5628550"
"2009","-0.8908300"
"2010","-0.3365460"
"2011","-0.5663170"
"2012","-0.3132160"
"2013"," 0.3477860"
"2014","-1.1489900"
"2015"," 0.6149890"
"2016","-0.8345070"
