"indicator","Red Snapper_SEDAR74_RecDev"
"unit","log recruitment deviations"
"extent","Value"
"2000"," 0.2634490"
"2001"," 0.0976755"
"2002"," 0.1015770"
"2003"," 0.4169310"
"2004"," 0.4826930"
"2005"," 0.8551970"
"2006"," 0.7279920"
"2007"," 0.6905880"
"2008","-0.9082440"
"2009"," 0.6729760"
"2010","-0.0305485"
"2011"," 0.2439260"
"2012"," 0.6298950"
"2013"," 0.0889789"
"2014"," 0.5173510"
"2015"," 0.8804190"
"2016"," 0.7550260"
