"indicator","Scamp Grouper_SEDAR68OA_RecDev"
"unit","log recruitment deviations"
"extent","Value"
"2000"," 0.9925540"
"2001"," 0.0620691"
"2002"," 0.9528810"
"2003"," 0.0488044"
"2004","-0.0296052"
"2005","-0.1796680"
"2006"," 0.3142740"
"2007"," 0.6931280"
"2008"," 0.0659425"
"2009","-0.3093260"
"2010","-0.2629600"
"2011","-0.3702520"
"2012","-0.3834770"
"2013","-0.8985040"
"2014","-0.7335910"
"2015"," 0.2608750"
"2016","-1.0004000"
"2017","-1.0808700"
