"indicator","Vermilion Snapper_SEDAR67_RecDev"
"unit","log recruitment deviations"
"extent","Value"
"2000"," 0.1605290"
"2001","-0.1815180"
"2002"," 0.0142167"
"2003"," 0.1121180"
"2004"," 0.3574920"
"2005"," 0.3372110"
"2006"," 0.4359340"
"2007"," 0.2438550"
"2008","-0.1675700"
"2009"," 0.2850600"
"2010"," 0.0613783"
"2011"," 0.1690760"
"2012"," 0.3332590"
"2013","-0.0214526"
"2014"," 0.1995240"
"2015"," 0.4630190"
"2016","-0.1046900"
