"indicator","Yellowedge Grouper_SEDAR85_RecDev"
"unit","log recruitment deviations"
"extent","Value"
"2000","-0.2755990"
"2001"," 0.9553920"
"2002","-0.0499739"
"2003"," 0.2034930"
"2004"," 0.1165880"
"2005","-1.1602000"
"2006","-0.7365720"
"2007","-0.6977280"
"2008","-1.0240800"
"2009","-0.6851500"
"2010","-0.5465300"
"2011","-1.1258300"
"2012","-1.3070700"
